time,v_train,Ptraction,Pregen,Fregen,Fmechanical,Pdc,Usc,SOCsc,Esc_kJ,Eregen_kJ,traction_command,service_brake_request
0,0,0,-0,-0,0,0,667.83231428256,0.35,26760,0,0.00333333333333333,0
0.01,0,0,-0,-0,0,0,667.83231428256,0.35,26760,0,0.00666666666666667,0
0.02,0,0,-0,-0,0,0,667.83231428256,0.35,26760,0,0.01,0
0.03,0,0,-0,-0,0,0,667.83231428256,0.35,26760,0,0.0133333333333333,0
0.04,0,0,-0,-0,0,0,667.83231428256,0.35,26760,0,0.0166666666666667,0
0.05,0,0,-0,-0,0,0,667.83231428256,0.35,26760,0,0.02,0
0.06,0,0,-0,-0,0,0,667.83231428256,0.35,26760,0,0.0233333333333333,0
0.07,0,0,-0,-0,0,0,667.83231428256,0.35,26760,0,0.0266666666666667,0
0.08,0,0,-0,-0,0,0,667.83231428256,0.35,26760,0,0.03,0
0.09,0,0,-0,-0,0,0,667.83231428256,0.35,26760,0,0.0333333333333333,0
0.1,0,0,-0,-0,0,0,667.83231428256,0.35,26760,0,0.0366666666666667,0
0.11,0,0,-0,-0,0,0,667.83231428256,0.35,26760,0,0.04,0
0.12,0,0,-0,-0,0,0,667.83231428256,0.35,26760,0,0.0433333333333333,0
0.13,0,0,-0,-0,0,0,667.83231428256,0.35,26760,0,0.0466666666666667,0
0.14,0,0,-0,-0,0,0,667.83231428256,0.35,26760,0,0.05,0
0.15,0,0,-0,-0,0,0,667.83231428256,0.35,26760,0,0.0533333333333333,0
0.16,0,0,-0,-0,0,0,667.83231428256,0.35,26760,0,0.0566666666666667,0
0.17,0,0,-0,-0,0,0,667.83231428256,0.35,26760,0,0.06,0
0.18,0,0,-0,-0,0,0,667.83231428256,0.35,26760,0,0.0633333333333333,0
0.19,0,0,-0,-0,0,0,667.83231428256,0.35,26760,0,0.0666666666666667,0
0.2,0,0,-0,-0,0,0,667.83231428256,0.35,26760,0,0.07,0
0.21,0,0,-0,-0,0,0,667.83231428256,0.35,26760,0,0.0733333333333333,0
0.22,0,0,-0,-0,0,0,667.83231428256,0.35,26760,0,0.0766666666666667,0
0.23,0,0,-0,-0,0,0,667.83231428256,0.35,26760,0,0.08,0
0.24,0,0,-0,-0,0,0,667.83231428256,0.35,26760,0,0.0833333333333333,0
0.25,0,0,-0,-0,0,0,667.83231428256,0.35,26760,0,0.0866666666666667,0
0.26,0,0,-0,-0,0,0,667.83231428256,0.35,26760,0,0.09,0
0.27,0,0,-0,-0,0,0,667.83231428256,0.35,26760,0,0.0933333333333333,0
0.28,0,0,-0,-0,0,0,667.83231428256,0.35,26760,0,0.0966666666666667,0
0.29,0,0,-0,-0,0,0,667.83231428256,0.35,26760,0,0.1,0
0.3,0,0,-0,-0,0,0,667.83231428256,0.35,26760,0,0.103333333333333,0
0.31,0,0,-0,-0,0,0,667.83231428256,0.35,26760,0,0.106666666666667,0
0.32,0,0,-0,-0,0,0,667.83231428256,0.35,26760,0,0.11,0
0.33,0,0,-0,-0,0,0,667.83231428256,0.35,26760,0,0.113333333333333,0
0.34,0,0,-0,-0,0,0,667.83231428256,0.35,26760,0,0.116666666666667,0
0.35,0,0,-0,-0,0,0,667.83231428256,0.35,26760,0,0.12,0
0.36,0,0,-0,-0,0,0,667.83231428256,0.35,26760,0,0.123333333333333,0
0.37,0,0,-0,-0,0,0,667.83231428256,0.35,26760,0,0.126666666666667,0
0.38,0,0,-0,-0,0,0,667.83231428256,0.35,26760,0,0.13,0
0.39,0,0,-0,-0,0,0,667.83231428256,0.35,26760,0,0.133333333333333,0
0.4,0,0,-0,-0,0,0,667.83231428256,0.35,26760,0,0.136666666666667,0
0.41,0,0,-0,-0,0,0,667.83231428256,0.35,26760,0,0.14,0
0.42,0,0,-0,-0,0,0,667.83231428256,0.35,26760,0,0.143333333333333,0
0.43,0,0,-0,-0,0,0,667.83231428256,0.35,26760,0,0.146666666666667,0
0.44,0,0,-0,-0,0,0,667.83231428256,0.35,26760,0,0.15,0
0.45,0,0,-0,-0,0,0,667.83231428256,0.35,26760,0,0.153333333333333,0
0.46,0,0,-0,-0,0,0,667.83231428256,0.35,26760,0,0.156666666666667,0
0.47,0,0,-0,-0,0,0,667.83231428256,0.35,26760,0,0.16,0
0.48,0,0,-0,-0,0,0,667.83231428256,0.35,26760,0,0.163333333333333,0
0.49,0,0,-0,-0,0,0,667.83231428256,0.35,26760,0,0.166666666666667,0
0.5,0,0,-0,-0,0,0,667.83231428256,0.35,26760,0,0.17,0
0.51,0,0,-0,-0,0,0,667.83231428256,0.35,26760,0,0.173333333333333,0
0.52,0,0,-0,-0,0,0,667.83231428256,0.35,26760,0,0.176666666666667,0
0.53,0,0,-0,-0,0,0,667.83231428256,0.35,26760,0,0.18,0
0.54,0,0,-0,-0,0,0,667.83231428256,0.35,26760,0,0.183333333333333,0
0.55,0,0,-0,-0,0,0,667.83231428256,0.35,26760,0,0.186666666666667,0
0.56,0,0,-0,-0,0,0,667.83231428256,0.35,26760,0,0.19,0
0.57,0,0,-0,-0,0,0,667.83231428256,0.35,26760,0,0.193333333333333,0
0.58,0,0,-0,-0,0,0,667.83231428256,0.35,26760,0,0.196666666666667,0
0.59,0,0,-0,-0,0,0,667.83231428256,0.35,26760,0,0.2,0
0.6,0,0,-0,-0,0,0,667.83231428256,0.35,26760,0,0.203333333333333,0
0.61,0,0,-0,-0,0,0,667.83231428256,0.35,26760,0,0.206666666666667,0
0.62,0,0,-0,-0,0,0,667.83231428256,0.35,26760,0,0.21,0
0.63,0,0,-0,-0,0,0,667.83231428256,0.35,26760,0,0.213333333333333,0
0.64,0,0,-0,-0,0,0,667.83231428256,0.35,26760,0,0.216666666666667,0
0.65,0,0,-0,-0,0,0,667.83231428256,0.35,26760,0,0.22,0
0.66,0,0,-0,-0,0,0,667.83231428256,0.35,26760,0,0.223333333333333,0
0.67,0,0,-0,-0,0,0,667.83231428256,0.35,26760,0,0.226666666666667,0
0.68,0,0,-0,-0,0,0,667.83231428256,0.35,26760,0,0.23,0
0.69,0,0,-0,-0,0,0,667.83231428256,0.35,26760,0,0.233333333333333,0
0.7,0,0,-0,-0,0,0,667.83231428256,0.35,26760,0,0.236666666666667,0
0.71,0,0,-0,-0,0,0,667.83231428256,0.35,26760,0,0.24,0
0.72,0,0,-0,-0,0,0,667.83231428256,0.35,26760,0,0.243333333333333,0
0.73,0,0,-0,-0,0,0,667.83231428256,0.35,26760,0,0.246666666666667,0
0.74,0,0,-0,-0,0,0,667.83231428256,0.35,26760,0,0.25,0
0.75,0,0,-0,-0,0,0,667.83231428256,0.35,26760,0,0.253333333333333,0
0.76,0,0,-0,-0,0,0,667.83231428256,0.35,26760,0,0.256666666666667,0
0.77,0,0,-0,-0,0,0,667.83231428256,0.35,26760,0,0.26,0
0.78,0,0,-0,-0,0,0,667.83231428256,0.35,26760,0,0.263333333333333,0
0.79,0,0,-0,-0,0,0,667.83231428256,0.35,26760,0,0.266666666666667,0
0.8,0,0,-0,-0,0,0,667.83231428256,0.35,26760,0,0.27,0
0.81,0,0,-0,-0,0,0,667.83231428256,0.35,26760,0,0.273333333333333,0
0.82,0,0,-0,-0,0,0,667.83231428256,0.35,26760,0,0.276666666666667,0
0.83,0,0,-0,-0,0,0,667.83231428256,0.35,26760,0,0.28,0
0.84,0,0,-0,-0,0,0,667.83231428256,0.35,26760,0,0.283333333333333,0
0.85,0,0,-0,-0,0,0,667.83231428256,0.35,26760,0,0.286666666666667,0
0.86,0,0,-0,-0,0,0,667.83231428256,0.35,26760,0,0.29,0
0.87,0,0,-0,-0,0,0,667.83231428256,0.35,26760,0,0.293333333333333,0
0.88,0,0,-0,-0,0,0,667.83231428256,0.35,26760,0,0.296666666666667,0
0.89,0,0,-0,-0,0,0,667.83231428256,0.35,26760,0,0.3,0
0.9,0,0,-0,-0,0,0,667.83231428256,0.35,26760,0,0.303333333333333,0
0.91,0,0,-0,0,0,0,667.83231428256,0.35,26760,0,0.306666666666667,0
0.92,0,0,-0,0,0,0,667.83231428256,0.35,26760,0,0.31,0
0.93,0,0,-0,0,0,0,667.83231428256,0.35,26760,0,0.313333333333333,0
0.94,0,0,-0,0,0,0,667.83231428256,0.35,26760,0,0.316666666666667,0
0.95,0,0,-0,0,0,0,667.83231428256,0.35,26760,0,0.32,0
0.96,7.13901288779773e-05,0,-0,0,0,0,667.83231428256,0.35,26760,0,0.323333333333333,0
0.97,0.000224088831710986,0,-0,0,0,0,667.83231428256,0.35,26760,0,0.326666666666667,0
0.98,0.000455243391965895,0.482913892084057,-0,0,0,0,667.83231428256,0.35,26760,0,0.33,0
0.99,0.000762140221665287,1.65621893517731,0,0,0,0.524222635783822,667.83231428256,0.35,26760,0,0.333333333333333,0
1,0.00114219593456473,3.64041588305954,0,0,0,1.79789289532925,667.83231428256,0.35,26760,0,0.336666666666667,0
1.01,0.00159295069859425,6.54118011255199,0,0,0,3.95181923910067,667.83231428256,0.35,26760,0,0.34,0
1.02,0.00211206443699688,10.4509752916041,0,0,0,7.10071657897524,667.83231428256,0.35,26760,0,0.343333333333333,0
1.03,0.00269731136667267,15.45051386808,0,0,0,11.3449579804647,667.83231428256,0.35,26760,0,0.346666666666667,0
1.04,0.00334657441590505,21.6100944570455,0,0,0,16.7721600825879,667.83231428256,0.35,26760,0,0.35,0
1.05,0.00405783991480639,28.9907914862726,0,0,0,23.4586348860676,667.83231428256,0.35,26760,0,0.353333333333333,0
1.06,0.00482919254502827,37.645520048804,0,0,0,31.4706811618243,667.83231428256,0.35,26760,0,0.356666666666667,0
1.07,0.00565881053605624,47.6199911239676,0,0,0,40.8657403916674,667.83231428256,0.35,26760,0,0.36,0
1.08,0.00654496109611628,58.9535679255875,0,0,0,51.6934336994872,667.83231428256,0.35,26760,0,0.363333333333333,0
1.09,0.00748599606624626,71.6800331027456,0,0,0,63.9964914520055,667.83231428256,0.35,26760,0,0.366666666666667,0
1.1,0.00848034778663235,85.8282755837013,0,0,0,77.8115860863499,667.83231428256,0.35,26760,0,0.37,0
1.11,0.0095265251648429,101.422905006383,0,0,0,93.170077707014,667.83231428256,0.35,26760,0,0.373333333333333,0
1.12,0.0106231099360986,118.484800912867,0,0,0,110.098681075101,667.83231428256,0.35,26760,0,0.376666666666667,0
1.13,0.0117687531061993,137.031603192467,0,0,0,128.620061781227,667.83231428256,0.35,26760,0,0.38,0
1.14,0.0129621715681864,157.078149631448,0,0,0,148.75336864141,667.83231428256,0.35,26760,0,0.383333333333333,0
1.15,0.0142021448842547,178.636865860537,0,0,0,170.514708675041,667.83231428256,0.35,26760,0,0.386666666666667,0
1.16,0.0154875122248427,201.718112478828,0,0,0,193.917570408747,667.83231428256,0.35,26760,0,0.39,0
1.17,0.0168171694572247,226.330493669002,0,0,0,218.973200693474,667.83231428256,0.35,26760,0,0.393333333333333,0
1.18,0.0181900663763021,252.481131199541,0,0,0,245.690939718848,667.83231428256,0.35,26760,0,0.396666666666667,0
1.19,0.0196052040706492,280.175907330424,0,0,0,274.078518453692,667.83231428256,0.35,26760,0,0.4,0
1.2,0.0210616324172062,309.419679795982,0,0,0,304.14232233003,667.83231428256,0.35,26760,0,0.403333333333333,0
1.21,0.0225584476983383,340.216471728549,0,0,0,335.887624615699,667.83231428256,0.35,26760,0,0.406666666666667,0
1.22,0.0240947903352808,372.569639106325,0,0,0,369.318792584183,667.83231428256,0.35,26760,0,0.41,0
1.23,0.0256698427322891,406.482018055433,0,0,0,404.439469286067,667.83231428256,0.35,26760,0,0.413333333333333,0
1.24,0.0272828272260841,441.956054107176,0,0,0,441.252733451404,667.83231428256,0.35,26760,0,0.416666666666667,0
1.25,0.0289330041354516,478.99391530441,0,0,0,479.761239803708,667.83231428256,0.35,26760,0,0.42,0
1.26,0.0306196699061027,517.597590863887,0,0,0,519.967341841522,667.83231428256,0.35,26760,0,0.423333333333333,0
1.27,0.0323421553461439,557.768976932311,0,0,0,561.87319894039,667.83231428256,0.35,26760,0,0.426666666666667,0
1.28,0.0340998239477296,599.509950821075,0,0,0,605.480869444541,667.83231428256,0.35,26760,0,0.43,0
1.29,0.0358920702906893,642.822434966608,0,0,0,650.79239125171,667.83231428256,0.35,26760,0,0.433333333333333,0
1.3,0.0377183185241245,687.708451738556,0,0,0,697.80985124469,667.83231428256,0.35,26760,0,0.436666666666667,0
1.31,0.0395780209221679,734.170170105403,0,0,0,746.535444787838,667.83231428256,0.35,26760,0,0.44,0
1.32,0.0414706565102818,782.209945065419,0,0,0,796.971526384502,667.83231428256,0.35,26760,0,0.443333333333333,0
1.33,0.0433957297586514,831.830350658964,0,0,0,849.120652480915,667.83231428256,0.35,26760,0,0.446666666666667,0
1.34,0.045352769339395,883.034207295302,0,0,0,902.985617302393,667.83231428256,0.35,26760,0,0.45,0
1.35,0.0473413269444745,935.824604052179,0,0,0,958.569482517696,667.83231428256,0.35,26760,0,0.453333333333333,0
1.36,0.0493609761613421,990.204916538949,0,0,0,1015.87560144613,667.83231428256,0.35,26760,0,0.456666666666667,0
1.37,0.0514113114035019,1046.17882085304,0,0,0,1074.90763844871,667.83231428256,0.35,26760,0,0.46,0
1.38,0.0534919468933059,1103.75030410463,0,0,0,1135.66958407842,667.83231428256,0.35,26760,0,0.463333333333333,0
1.39,0.0556025156944309,1162.92367193477,0,0,0,1198.16576650525,667.83231428256,0.35,26760,0,0.466666666666667,0
1.4,0.0577426687916128,1223.70355340762,0,0,0,1262.40085967735,667.83231428256,0.35,26760,0,0.47,0
1.41,0.0599120742153271,1286.09490361704,0,0,0,1328.37988863181,667.83231428256,0.35,26760,0,0.473333333333333,0
1.42,0.0621104162092222,1350.10300431157,0,0,0,1396.10823232418,667.83231428256,0.35,26760,0,0.476666666666667,0
1.43,0.0643373944382172,1415.73346280922,0,0,0,1465.59162430696,667.83231428256,0.35,26760,0,0.48,0
1.44,0.0665927232352771,1482.99220944377,0,0,0,1536.83615155148,667.83231428256,0.35,26760,0,0.483333333333333,0
1.45,0.0688761308849774,1551.88549375818,0,0,0,1609.84825167582,667.83231428256,0.35,26760,0,0.486666666666667,0
1.46,0.0711873589420605,1622.41987963657,0,0,0,1684.63470881261,667.83231428256,0.35,26760,0,0.49,0
1.47,0.0735261615832753,1694.60223954491,0,0,0,1761.20264832454,667.83231428256,0.35,26760,0,0.493333333333333,0
1.48,0.0758923049908738,1768.43974803128,0,0,0,1839.55953055245,667.83231428256,0.35,26760,0,0.496666666666667,0
1.49,0.0782855667662195,1843.9398746192,0,0,0,1919.71314375953,667.83231428256,0.35,26760,0,0.5,0
1.5,0.0807057353720353,1921.11037621217,0,0,0,2001.67159641685,667.83231428256,0.35,26760,0,0.503333333333333,0
1.51,0.0831526096018941,1999.95928911319,0,0,0,2085.44330895806,667.83231428256,0.35,26760,0,0.506666666666667,0
1.52,0.0856259980756197,2080.49492075111,0,0,0,2171.03700511636,667.83231428256,0.35,26760,0,0.51,0
1.53,0.0881257187593333,2162.72584119388,0,0,0,2258.46170294303,667.83231428256,0.35,26760,0,0.513333333333333,0
1.54,0.0906515985089422,2246.66087451902,0,0,0,2347.72670559475,667.83231428256,0.35,26760,0,0.516666666666667,0
1.55,0.0932034726359249,2332.30909010267,0,0,0,2438.84159196593,667.83231428256,0.35,26760,0,0.52,0
1.56,0.095781184494324,2419.6797938804,0,0,0,2531.8162072326,667.83231428256,0.35,26760,0,0.523333333333333,0
1.57,0.0983845850879115,2508.78251962581,0,0,0,2626.66065336561,667.83231428256,0.35,26760,0,0.526666666666667,0
1.58,0.10101353269654,2599.62702028662,0,0,0,2723.38527966328,667.83231428256,0.35,26760,0,0.53,0
1.59,0.103667892520745,2692.22325941217,0,0,0,2822.0006733463,667.83231428256,0.35,26760,0,0.533333333333333,0
1.6,0.106347536343704,2786.58140270122,0,0,0,2922.51765025203,667.83231428256,0.35,26760,0,0.536666666666667,0
1.61,0.109052342209705,2882.71180969435,0,0,0,3024.94724565917,667.83231428256,0.35,26760,0,0.54,0
1.62,0.111782194118323,2980.62502563122,0,0,0,3129.30070526959,667.83231428256,0.35,26760,0,0.543333333333333,0
1.63,0.114536981733532,3080.33177348966,0,0,0,3235.58947636911,667.83231428256,0.35,26760,0,0.546666666666667,0
1.64,0.117316600107019,3181.84294621993,0,0,0,3343.82519918548,667.83231428256,0.35,26760,0,0.55,0
1.65,0.12012094941502,3285.16959918522,0,0,0,3454.01969845846,667.83231428256,0.35,26760,0,0.553333333333333,0
1.66,0.122949934708004,3390.32294281663,0,0,0,3566.18497523363,667.83231428256,0.35,26760,0,0.556666666666667,0
1.67,0.125803465672585,3497.3143354889,0,0,0,3680.33319888909,667.83231428256,0.35,26760,0,0.56,0
1.68,0.128681456405062,3606.15527662127,0,0,0,3796.47669940176,667.83231428256,0.35,26760,0,0.563333333333333,0
1.69,0.131583825196021,3716.85740000609,0,0,0,3914.62795985809,667.83231428256,0.35,26760,0,0.566666666666667,0
1.7,0.13451049432545,3829.43246736648,0,0,0,4034.79960921199,667.83231428256,0.35,26760,0,0.57,0
1.71,0.137461389867875,3943.89236214305,0,0,0,4157.00441529145,667.83231428256,0.35,26760,0,0.573333333333333,0
1.72,0.140436441507,4060.24908350855,0,0,0,4281.25527805368,667.83231428256,0.35,26760,0,0.576666666666667,0
1.73,0.143435582359405,4178.5147406085,0,0,0,4407.56522308787,667.83231428256,0.35,26760,0,0.58,0
1.74,0.146458748806859,4298.70154702502,0,0,0,4535.94739536311,667.83231428256,0.35,26760,0,0.583333333333333,0
1.75,0.149505880336816,4420.82181546032,0,0,0,4666.41505321864,667.83231428256,0.35,26760,0,0.586666666666667,0
1.76,0.152576919390704,4544.88795263595,0,0,0,4798.98156259262,667.83231428256,0.35,26760,0,0.59,0
1.77,0.155671811219628,4670.91245440317,0,0,0,4933.66039148496,667.83231428256,0.35,26760,0,0.593333333333333,0
1.78,0.158790503747113,4798.9079010597,0,0,0,5070.46510464956,667.83231428256,0.35,26760,0,0.596666666666667,0
1.79,0.161932947438559,4928.88695286756,0,0,0,5209.40935851031,667.83231428256,0.35,26760,0,0.6,0
1.8,0.165099095177061,5060.86234576665,0,0,0,5350.50689629566,667.83231428256,0.35,26760,0,0.603333333333333,0
1.81,0.168288902145307,5194.8468872784,0,0,0,5493.77154338542,667.83231428256,0.35,26760,0,0.606666666666667,0
1.82,0.171502325713237,5330.85345259374,0,0,0,5639.21720286409,667.83231428256,0.35,26760,0,0.61,0
1.83,0.174739325331184,5468.89498083959,0,0,0,5786.85785127414,667.83231428256,0.35,26760,0,0.613333333333333,0
1.84,0.177999862428247,5608.98447151794,0,0,0,5936.70753456316,667.83231428256,0.35,26760,0,0.616666666666667,0
1.85,0.181283900315617,5751.13498111168,0,0,0,6088.78036421835,667.83231428256,0.35,26760,0,0.62,0
1.86,0.184591404094627,5895.35961985111,0,0,0,6243.09051358193,667.83231428256,0.35,26760,0,0.623333333333333,0
1.87,0.187922340569296,6041.67154863554,0,0,0,6399.6522143412,667.83231428256,0.35,26760,0,0.626666666666667,0
1.88,0.191276678163138,6190.08397610391,0,0,0,6558.47975318664,667.83231428256,0.35,26760,0,0.63,0
1.89,0.194654386840046,6340.61015584894,0,0,0,6719.58746863212,667.83231428256,0.35,26760,0,0.633333333333333,0
1.9,0.198055438029022,6493.26338376896,0,0,0,6882.9897479906,667.83231428256,0.35,26760,0,0.636666666666667,0
1.91,0.201479804552603,6648.05699555215,0,0,0,7048.70102449952,667.83231428256,0.35,26760,0,0.64,0
1.92,0.204927460558767,6805.00436428753,0,0,0,7216.73577458983,667.83231428256,0.35,26760,0,0.643333333333333,0
1.93,0.208398381456172,6964.11889819764,0,0,0,7387.10851529259,667.83231428256,0.35,26760,0,0.646666666666667,0
1.94,0.21189254385256,7125.41403848766,0,0,0,7559.83380177773,667.83231428256,0.35,26760,0,0.65,0
1.95,0.215409925496161,7288.90325730596,0,0,0,7734.92622501917,667.83231428256,0.35,26760,0,0.653333333333333,0
1.96,0.218950505219967,7454.60005581127,0,0,0,7912.40040958093,667.83231428256,0.35,26760,0,0.656666666666667,0
1.97,0.222514262888725,7622.51796234182,0,0,0,8092.27101151897,667.83231428256,0.35,26760,0,0.66,0
1.98,0.226101179348514,7792.67053068163,0,0,0,8274.55271639363,667.83231428256,0.35,26760,0,0.663333333333333,0
1.99,0.229711236378796,7965.07133841995,0,0,0,8459.26023738779,667.83231428256,0.35,26760,0,0.666666666666667,0
2,0.233344416646795,8139.73398539919,0,0,0,8646.40831352579,667.83231428256,0.35,26760,0,0.67,0
2.01,0.237000703664115,8316.67209224744,0,0,0,8836.0117079887,667.83231428256,0.35,26760,0,0.673333333333333,0
2.02,0.240680081745468,8495.89929899164,0,0,0,9028.08520652132,667.83231428256,0.35,26760,0,0.676666666666667,0
2.03,0.244382535969429,8677.42926374744,0,0,0,9222.64361592666,667.83231428256,0.35,26760,0,0.68,0
2.04,0.248108052141094,8861.27566148221,0,0,0,9419.70176264377,667.83231428256,0.35,26760,0,0.683333333333333,0
2.05,0.251856616756572,9047.45218284755,0,0,0,9619.27449140491,667.83231428256,0.35,26760,0,0.686666666666667,0
2.06,0.255628216969209,9235.97253307807,0,0,0,9821.37666396825,667.83231428256,0.35,26760,0,0.69,0
2.07,0.259422840557455,9426.85043095301,0,0,0,10026.0231579223,667.83231428256,0.35,26760,0,0.693333333333333,0
2.08,0.26324047589431,9620.09960781771,0,0,0,10233.2288655591,667.83231428256,0.35,26760,0,0.696666666666667,0
2.09,0.267081111918257,9815.73380666187,0,0,0,10443.0086928112,667.83231428256,0.35,26760,0,0.7,0
2.1,0.270944738105614,10013.7667812518,0,0,0,10655.3775582521,667.83231428256,0.35,26760,0,0.703333333333333,0
2.11,0.274831344444238,10214.2122953137,0,0,0,10870.3503921535,667.83231428256,0.35,26760,0,0.706666666666667,0
2.12,0.278740921408512,10417.0841217658,0,0,0,11087.9421355989,667.83231428256,0.35,26760,0,0.71,0
2.13,0.282673459935556,10622.3960419966,0,0,0,11308.1677396503,667.83231428256,0.35,26760,0,0.713333333333333,0
2.14,0.286628951402595,10830.1618451862,0,0,0,11531.0421645643,667.83231428256,0.35,26760,0,0.716666666666667,0
2.15,0.290607387605438,11040.3953276696,0,0,0,11756.5803790558,667.83231428256,0.35,26760,0,0.72,0
2.16,0.294608760738005,11253.1102923395,0,0,0,11984.7973596066,667.83231428256,0.35,26760,0,0.723333333333333,0
2.17,0.29863306337285,11468.3205480849,0,0,0,12215.708089817,667.83231428256,0.35,26760,0,0.726666666666667,0
2.18,0.302680288442645,11686.0399092667,0,0,0,12449.3275597969,667.83231428256,0.35,26760,0,0.73,0
2.19,0.306750429222557,11906.2821952248,0,0,0,12685.6707655956,667.83231428256,0.35,26760,0,0.733333333333333,0
2.2,0.310843479313496,12129.0612298177,0,0,0,12924.7527086678,667.83231428256,0.35,26760,0,0.736666666666667,0
2.21,0.314959432626171,12354.3908409915,0,0,0,13166.5883953731,667.83231428256,0.35,26760,0,0.74,0
2.22,0.319098283365932,12582.2848603772,0,0,0,13411.1928365084,667.83231428256,0.35,26760,0,0.743333333333333,0
2.23,0.323260026018351,12812.7571229139,0,0,0,13658.5810468706,667.83231428256,0.35,26760,0,0.746666666666667,0
2.24,0.327444655335503,13045.8214664976,0,0,0,13908.7680448479,667.83231428256,0.35,26760,0,0.75,0
2.25,0.331652166322922,13281.4917316539,0,0,0,14161.7688520382,667.83231428256,0.35,26760,0,0.753333333333333,0
2.26,0.33588255422719,13519.7817612321,0,0,0,14417.5984928939,667.83231428256,0.35,26760,0,0.756666666666667,0
2.27,0.340135814524136,13760.7054001213,0,0,0,14676.2719943901,667.83231428256,0.35,26760,0,0.76,0
2.28,0.344411942907607,14004.2764949853,0,0,0,14937.8043857156,667.83231428256,0.35,26760,0,0.763333333333333,0
2.29,0.348710935278789,14250.5088940175,0,0,0,15202.2106979867,667.83231428256,0.35,26760,0,0.766666666666667,0
2.3,0.353032787736052,14499.4164467119,0,0,0,15469.505963979,667.83231428256,0.35,26760,0,0.77,0
2.31,0.357377496565287,14751.0130036519,0,0,0,15739.7052178809,667.83231428256,0.35,26760,0,0.773333333333333,0
2.32,0.361745058230716,15005.312416314,0,0,0,16012.8234950628,667.83231428256,0.35,26760,0,0.776666666666667,0
2.33,0.366135469366154,15262.3285368862,0,0,0,16288.8758318649,667.83231428256,0.35,26760,0,0.78,0
2.34,0.370548726766689,15522.0752181007,0,0,0,16567.8772653997,667.83231428256,0.35,26760,0,0.783333333333333,0
2.35,0.374984827380779,15784.5663130785,0,0,0,16849.8428333702,667.83231428256,0.35,26760,0,0.786666666666667,0
2.36,0.37944376830273,16049.8156751875,0,0,0,17134.787573902,667.83231428256,0.35,26760,0,0.79,0
2.37,0.383925546765536,16317.8371579109,0,0,0,17422.7265253881,667.83231428256,0.35,26760,0,0.793333333333333,0
2.38,0.38843016013408,16588.6446147265,0,0,0,17713.674726347,667.83231428256,0.35,26760,0,0.796666666666667,0
2.39,0.392957605898655,16862.2518989968,0,0,0,18007.6472152914,667.83231428256,0.35,26760,0,0.8,0
2.4,0.397507881668811,17138.6728638675,0,0,0,18304.6590306088,667.83231428256,0.35,26760,0,0.803333333333333,0
2.41,0.402080985167496,17417.9213621753,0,0,0,18604.725210451,667.83231428256,0.35,26760,0,0.806666666666667,0
2.42,0.406676914225485,17700.011246364,0,0,0,18907.8607926349,667.83231428256,0.35,26760,0,0.81,0
2.43,0.411295666776082,17984.9563684079,0,0,0,19214.0808145506,667.83231428256,0.35,26760,0,0.813333333333333,0
2.44,0.415937240850081,18272.7705797431,0,0,0,19523.4003130785,667.83231428256,0.35,26760,0,0.816666666666667,0
2.45,0.42060163457097,18563.4677312046,0,0,0,19835.8343245149,667.83231428256,0.35,26760,0,0.82,0
2.46,0.42528884615037,18857.0616729704,0,0,0,20151.3978845034,667.83231428256,0.35,26760,0,0.823333333333333,0
2.47,0.4299988738837,19153.5662545113,0,0,0,20470.1060279748,667.83231428256,0.35,26760,0,0.826666666666667,0
2.48,0.434731716146051,19452.9953245459,0,0,0,20791.9737890917,667.83231428256,0.35,26760,0,0.83,0
2.49,0.439487371388257,19755.3627310009,0,0,0,21117.0162012005,667.83231428256,0.35,26760,0,0.833333333333333,0
2.5,0.44426583813317,20060.6823209761,0,0,0,21445.2482967877,667.83231428256,0.35,26760,0,0.836666666666667,0
2.51,0.449067114972102,20368.9679407138,0,0,0,21776.6851074426,667.83231428256,0.35,26760,0,0.84,0
2.52,0.45389120056145,20680.233435572,0,0,0,22111.341663823,667.83231428256,0.35,26760,0,0.843333333333333,0
2.53,0.458738093619484,20994.4926500018,0,0,0,22449.2329956274,667.83231428256,0.35,26760,0,0.846666666666667,0
2.54,0.463607792923292,21311.7594275283,0,0,0,22790.3741315695,667.83231428256,0.35,26760,0,0.85,0
2.55,0.468500297305869,21632.0476107339,0,0,0,23134.7800993576,667.83231428256,0.35,26760,0,0.853333333333333,0
2.56,0.473415605653358,21955.371041246,0,0,0,23482.4659256773,667.83231428256,0.35,26760,0,0.856666666666667,0
2.57,0.478353716902414,22281.7435597263,0,0,0,23833.4466361768,667.83231428256,0.35,26760,0,0.86,0
2.58,0.483314630037707,22611.1790058629,0,0,0,24187.7372554562,667.83231428256,0.35,26760,0,0.863333333333333,0
2.59,0.488298344089539,22943.6912183652,0,0,0,24545.3528070591,667.83231428256,0.35,26760,0,0.866666666666667,0
2.6,0.493304858131581,23279.2940349607,0,0,0,24906.3083134664,667.83231428256,0.35,26760,0,0.87,0
2.61,0.498334171278723,23618.0012923933,0,0,0,25270.6187960928,667.83231428256,0.35,26760,0,0.873333333333333,0
2.62,0.503386282685021,23959.8268264242,0,0,0,25638.2992752858,667.83231428256,0.35,26760,0,0.876666666666667,0
2.63,0.508461191541751,24304.7844718338,0,0,0,26009.3647703259,667.83231428256,0.35,26760,0,0.88,0
2.64,0.513558897075556,24652.8880624257,0,0,0,26383.8302994288,667.83231428256,0.35,26760,0,0.883333333333333,0
2.65,0.518679398546682,25004.1514310313,0,0,0,26761.71087975,667.83231428256,0.35,26760,0,0.886666666666667,0
2.66,0.523822695247304,25358.5884095165,0,0,0,27143.0215273896,667.83231428256,0.35,26760,0,0.89,0
2.67,0.528988786499926,25716.2128287887,0,0,0,27527.7772573996,667.83231428256,0.35,26760,0,0.893333333333333,0
2.68,0.534177671655866,26077.0385188056,0,0,0,27915.9930837915,667.83231428256,0.35,26760,0,0.896666666666667,0
2.69,0.539389350093814,26441.079308584,0,0,0,28307.6840195458,667.83231428256,0.35,26760,0,0.9,0
2.7,0.544623821218457,26808.3490262104,0,0,0,28702.8650766218,667.83231428256,0.35,26760,0,0.903333333333333,0
2.71,0.549881084459172,27178.8614988515,0,0,0,29101.5512659688,667.83231428256,0.35,26760,0,0.906666666666667,0
2.72,0.555161139268787,27552.6305527655,0,0,0,29503.7575975374,667.83231428256,0.35,26760,0,0.91,0
2.73,0.560463985122394,27929.6700133146,0,0,0,29909.4990802925,667.83231428256,0.35,26760,0,0.913333333333333,0
2.74,0.565789621516229,28309.9937049769,0,0,0,30318.790722226,667.83231428256,0.35,26760,0,0.916666666666667,0
2.75,0.571138047966601,28693.6154513597,0,0,0,30731.6475303701,667.83231428256,0.35,26760,0,0.92,0
2.76,0.576509264008872,29080.5490752125,0,0,0,31148.0845108117,667.83231428256,0.35,26760,0,0.923333333333333,0
2.77,0.581903269196493,29470.8083984404,0,0,0,31568.1166687066,667.83231428256,0.35,26760,0,0.926666666666667,0
2.78,0.587320063100081,29864.4072421182,0,0,0,31991.759008294,667.83231428256,0.35,26760,0,0.93,0
2.79,0.592759645306541,30261.359426504,0,0,0,32419.0265329116,667.83231428256,0.35,26760,0,0.933333333333333,0
2.8,0.598222015418238,30661.6787710534,0,0,0,32849.9342450108,667.83231428256,0.35,26760,0,0.936666666666667,0
2.81,0.603707173052198,31065.3790944337,0,0,0,33284.4971461717,667.83231428256,0.35,26760,0,0.94,0
2.82,0.609215117839359,31472.4742145382,0,0,0,33722.7302371187,667.83231428256,0.35,26760,0,0.943333333333333,0
2.83,0.61474584942385,31882.9779485002,0,0,0,34164.6485177358,667.83231428256,0.35,26760,0,0.946666666666667,0
2.84,0.620299367462309,32296.9041127076,0,0,0,34610.2669870823,667.83231428256,0.35,26760,0,0.95,0
2.85,0.625875671623234,32714.2665228167,0,0,0,35059.6006434082,667.83231428256,0.35,26760,0,0.953333333333333,0
2.86,0.631474761586366,33135.0789937667,0,0,0,35512.6644841692,667.83231428256,0.35,26760,0,0.956666666666667,0
2.87,0.6370966370421,33559.3553397937,0,0,0,35969.4735060429,667.83231428256,0.35,26760,0,0.96,0
2.88,0.642741297690924,33987.1093744445,0,0,0,36430.0427049432,667.83231428256,0.35,26760,0,0.963333333333333,0
2.89,0.648408743242893,34418.3549105906,0,0,0,36894.3870760362,667.83231428256,0.35,26760,0,0.966666666666667,0
2.9,0.654098973417114,34853.1057604417,0,0,0,37362.5216137544,667.83231428256,0.35,26760,0,0.97,0
2.91,0.659811987941271,35291.3757355592,0,0,0,37834.4613118125,667.83231428256,0.35,26760,0,0.973333333333333,0
2.92,0.665547786551164,35733.17864687,0,0,0,38310.2211632211,667.83231428256,0.35,26760,0,0.976666666666667,0
2.93,0.671306368990274,36178.5283046787,0,0,0,38789.8161603017,667.83231428256,0.35,26760,0,0.98,0
2.94,0.677087735009346,36627.4385186815,0,0,0,39273.2612947012,667.83231428256,0.35,26760,0,0.983333333333333,0
2.95,0.682891884365997,37079.9230979783,0,0,0,39760.571557405,667.83231428256,0.35,26760,0,0.986666666666667,0
2.96,0.68871881682434,37535.9958510854,0,0,0,40251.7619387519,667.83231428256,0.35,26760,0,0.99,0
2.97,0.694568532154622,37995.6705859477,0,0,0,40746.847428447,667.83231428256,0.35,26760,0,0.993333333333333,0
2.98,0.70044103013289,38458.9611099508,0,0,0,41245.843015575,667.83231428256,0.35,26760,0,0.996666666666667,0
2.99,0.706336310540665,38925.8812299327,0,0,0,41748.7636886136,667.83231428256,0.35,26760,0,1,0
3,0.712254373164632,39396.4447521954,0,0,0,42255.6244354459,667.83231428256,0.35,26760,0,1,0
3.01,0.71819521779635,39870.665482516,0,0,0,42766.4402433732,667.83231428256,0.35,26760,0,1,0
3.02,0.72415884423197,40348.5572261579,0,0,0,43281.2260991272,667.83231428256,0.35,26760,0,1,0
3.03,0.730145252271971,40823.0522838585,0,0,0,43799.9969888818,667.83231428256,0.35,26760,0,1,0
3.04,0.736154441720911,41294.3362901879,0,0,0,44315.0806381443,667.83231428256,0.35,26760,0,1,0
3.05,0.742185299637728,41762.5879224308,0,0,0,44826.6785607771,667.83231428256,0.35,26760,0,1,0
3.06,0.748236767355994,42227.9791475261,0,0,0,45334.9847182271,667.83231428256,0.35,26760,0,1,0
3.07,0.75430783783692,42690.6116749767,0,0,0,45840.1857875881,667.83231428256,0.35,26760,0,1,0
3.08,0.760397553151454,43150.5836450435,0,0,0,46342.3921786547,667.83231428256,0.35,26760,0,1,0
3.09,0.766505002118555,43607.9895840323,0,0,0,46841.7104266647,667.83231428256,0.35,26760,0,1,0
3.1,0.77262931805703,44062.9205805709,0,0,0,47338.2431437607,667.83231428256,0.35,26760,0,1,0
3.11,0.778769676612076,44515.4644497537,0,0,0,47832.0892103461,667.83231428256,0.35,26760,0,1,0
3.12,0.78492529368799,44965.7058845271,0,0,0,48323.3439532715,667.83231428256,0.35,26760,0,1,0
3.13,0.791095423481839,45413.7265937019,0,0,0,48812.0993101684,667.83231428256,0.35,26760,0,1,0
3.14,0.797279356613168,45859.6054298857,0,0,0,49298.4439792682,667.83231428256,0.35,26760,0,1,0
3.15,0.803476418345062,46303.4185083705,0,0,0,49782.463558278,667.83231428256,0.35,26760,0,1,0
3.16,0.809685966892088,46745.239317902,0,0,0,50264.2406734374,667.83231428256,0.35,26760,0,1,0
3.17,0.815907391810883,47185.1388241569,0,0,0,50743.8550997633,667.83231428256,0.35,26760,0,1,0
3.18,0.822140112469347,47623.1855666632,0,0,0,51221.3838733792,667.83231428256,0.35,26760,0,1,0
3.19,0.828383576590608,48059.4457498136,0,0,0,51696.9013967251,667.83231428256,0.35,26760,0,1,0
3.2,0.834637258868099,48493.9833285552,0,0,0,52170.4795373574,667.83231428256,0.35,26760,0,1,0
3.21,0.840900659648274,48926.860089267,0,0,0,52642.1877209674,667.83231428256,0.35,26760,0,1,0
3.22,0.847173303677671,49358.1357262849,0,0,0,53112.0930191783,667.83231428256,0.35,26760,0,1,0
3.23,0.853454738911166,49787.8679144783,0,0,0,53580.260232615,667.83231428256,0.35,26760,0,1,0
3.24,0.859744535378431,50216.1123782393,0,0,0,54046.7519696899,667.83231428256,0.35,26760,0,1,0
3.25,0.866042284105763,50642.9229572029,0,0,0,54511.6287214929,667.83231428256,0.35,26760,0,1,0
3.26,0.872347596090568,51068.3516689817,0,0,0,54974.9489331338,667.83231428256,0.35,26760,0,1,0
3.27,0.878660101325935,51492.4487691663,0,0,0,55436.7690718429,667.83231428256,0.35,26760,0,1,0
3.28,0.884979447872855,51915.2628088136,0,0,0,55897.1436921041,667.83231428256,0.35,26760,0,1,0
3.29,0.891305300977745,52336.8406896197,0,0,0,56356.1254980607,667.83231428256,0.35,26760,0,1,0
3.3,0.897637342233082,52757.2277169548,0,0,0,56813.7654034083,667.83231428256,0.35,26760,0,1,0
3.31,0.903975268779036,53176.4676509112,0,0,0,57270.1125889652,667.83231428256,0.35,26760,0,1,0
3.32,0.910318792544085,53594.6027555069,0,0,0,57725.2145580886,667.83231428256,0.35,26760,0,1,0
3.33,0.916667639522728,54011.6738461626,0,0,0,58179.1171900856,667.83231428256,0.35,26760,0,1,0
3.34,0.923021549088479,54427.7203355645,0,0,0,58631.8647917527,667.83231428256,0.35,26760,0,1,0
3.35,0.929380273340406,54842.7802780074,0,0,0,59083.5001471608,667.83231428256,0.35,26760,0,1,0
3.36,0.935743576481594,55256.890412304,0,0,0,59534.0645657918,667.83231428256,0.35,26760,0,1,0
3.37,0.942111234227961,55670.0862033401,0,0,0,59983.5979291186,667.83231428256,0.35,26760,0,1,0
3.38,0.94848303324595,56082.4018823399,0,0,0,60432.1387357144,667.83231428256,0.35,26760,0,1,0
3.39,0.954858770617687,56493.8704859079,0,0,0,60879.724144963,667.83231428256,0.35,26760,0,1,0
3.4,0.961238253332257,56904.5238938983,0,0,0,61326.3900194398,667.83231428256,0.35,26760,0,1,0
3.41,0.967621297801834,57314.3928661644,0,0,0,61772.1709660207,667.83231428256,0.35,26760,0,1,0
3.42,0.974007729401434,57723.5070782327,0,0,0,62217.1003757755,667.83231428256,0.35,26760,0,1,0
3.43,0.980397382031158,58131.8951559409,0,0,0,62661.2104626929,667.83231428256,0.35,26760,0,1,0
3.44,0.986790097699809,58539.584709079,0,0,0,63104.5323012819,667.83231428256,0.35,26760,0,1,0
3.45,0.993185726128848,58946.6023640662,0,0,0,63547.0958630906,667.83231428256,0.35,26760,0,1,0
3.46,0.999584124375695,59352.9737956953,0,0,0,63988.9300521778,667.83231428256,0.35,26760,0,1,0
3.47,1.00598515647543,59758.7237579729,0,0,0,64430.0627395737,667.83231428256,0.35,26760,0,1,0
3.48,1.01238869309997,60163.8761140834,0,0,0,64870.5207967574,667.83231428256,0.35,26760,0,1,0
3.49,1.01879461123396,60568.4538655001,0,0,0,65310.3301281844,667.83231428256,0.35,26760,0,1,0
3.5,1.0252027938664,60972.4791802677,0,0,0,65749.5157028877,667.83231428256,0.35,26760,0,1,0
3.51,1.0316131296974,61375.9734204783,0,0,0,66188.1015851799,667.83231428256,0.35,26760,0,1,0
3.52,1.03802551285925,61778.9571689613,0,0,0,66626.1109644793,667.83231428256,0.35,26760,0,1,0
3.53,1.04443984265107,62181.4502552071,0,0,0,67063.5661842828,667.83231428256,0.35,26760,0,1,0
3.54,1.0508560232865,62583.4717805441,0,0,0,67500.4887703074,667.83231428256,0.35,26760,0,1,0
3.55,1.05727396365362,62985.0401425857,0,0,0,67936.8994578203,667.83231428256,0.35,26760,0,1,0
3.56,1.06369357708668,63386.1730589673,0,0,0,68372.8182181782,667.83231428256,0.35,26760,0,1,0
3.57,1.0701147811489,63786.8875903874,0,0,0,68808.2642845933,667.83231428256,0.35,26760,0,1,0
3.58,1.07653749742596,64187.2001629712,0,0,0,69243.2561771466,667.83231428256,0.35,26760,0,1,0
3.59,1.08296165132951,64587.1265899723,0,0,0,69677.8117270639,667.83231428256,0.35,26760,0,1,0
3.6,1.0893871719103,64986.6820928273,0,0,0,70111.9481002739,667.83231428256,0.35,26760,0,1,0
3.61,1.09581399168048,65385.8813215794,0,0,0,70545.6818202641,667.83231428256,0.35,26760,0,1,0
3.62,1.10224204644446,65784.738374686,0,0,0,70979.0287902512,667.83231428256,0.35,26760,0,1,0
3.63,1.10867127513822,66183.2668182237,0,0,0,71412.0043146831,667.83231428256,0.35,26760,0,1,0
3.64,1.11510161967623,66581.4797045067,0,0,0,71844.6231200865,667.83231428256,0.35,26760,0,1,0
3.65,1.1215330248061,66979.3895901318,0,0,0,72276.8993752786,667.83231428256,0.35,26760,0,1,0
3.66,1.12796543797011,67377.008553464,0,0,0,72708.846710955,667.83231428256,0.35,26760,0,1,0
3.67,1.13439880917365,67774.3482115768,0,0,0,73140.4782386713,667.83231428256,0.35,26760,0,1,0
3.68,1.14083309086002,68171.41973666,0,0,0,73571.8065692323,667.83231428256,0.35,26760,0,1,0
3.69,1.14726823779132,68568.2338719089,0,0,0,74002.8438305037,667.83231428256,0.35,26760,0,1,0
3.7,1.15370420693528,68964.8009469081,0,0,0,74433.6016846601,667.83231428256,0.35,26760,0,1,0
3.71,1.16014095735746,69361.130892522,0,0,0,74864.091344885,667.83231428256,0.35,26760,0,1,0
3.72,1.1665784501188,69757.2332553057,0,0,0,75294.323591535,667.83231428256,0.35,26760,0,1,0
3.73,1.17301664817818,70153.1172114478,0,0,0,75724.308787783,667.83231428256,0.35,26760,0,1,0
3.74,1.17945551629974,70548.7915802589,0,0,0,76154.0568947545,667.83231428256,0.35,26760,0,1,0
3.75,1.18589502096464,70944.2648372162,0,0,0,76583.577486169,667.83231428256,0.35,26760,0,1,0
3.76,1.19233513028727,71339.5451265773,0,0,0,77012.8797625013,667.83231428256,0.35,26760,0,1,0
3.77,1.19877581393544,71734.6402735749,0,0,0,77441.9725646736,667.83231428256,0.35,26760,0,1,0
3.78,1.20521704305453,72129.5577962038,0,0,0,77870.8643872937,667.83231428256,0.35,26760,0,1,0
3.79,1.21165879019528,72524.3049166107,0,0,0,78299.56339145,667.83231428256,0.35,26760,0,1,0
3.8,1.21810102924521,72918.8885721003,0,0,0,78728.0774170763,667.83231428256,0.35,26760,0,1,0
3.81,1.2245437353633,73313.3154257655,0,0,0,79156.4139948982,667.83231428256,0.35,26760,0,1,0
3.82,1.23098688491786,73707.5918767559,0,0,0,79584.5803579739,667.83231428256,0.35,26760,0,1,0
3.83,1.23743045542753,74101.7240701915,0,0,0,80012.5834528396,667.83231428256,0.35,26760,0,1,0
3.84,1.24387442550504,74495.7179067357,0,0,0,80440.429950273,667.83231428256,0.35,26760,0,1,0
3.85,1.2503187748038,74889.5790518349,0,0,0,80868.1262556836,667.83231428256,0.35,26760,0,1,0
3.86,1.25676348396704,75283.3129446359,0,0,0,81295.6785191434,667.83231428256,0.35,26760,0,1,0
3.87,1.26320853457952,75676.9248065905,0,0,0,81723.0926450672,667.83231428256,0.35,26760,0,1,0
3.88,1.2696539091215,76070.4196497575,0,0,0,82150.3743015529,667.83231428256,0.35,26760,0,1,0
3.89,1.27609959092502,76463.8022848101,0,0,0,82577.5289293937,667.83231428256,0.35,26760,0,1,0
3.9,1.28254556413227,76857.0773287593,0,0,0,83004.5617507709,667.83231428256,0.35,26760,0,1,0
3.91,1.28899181365608,77250.2492124007,0,0,0,83431.4777776371,667.83231428256,0.35,26760,0,1,0
3.92,1.29543832514221,77643.3221874951,0,0,0,83858.281819801,667.83231428256,0.35,26760,0,1,0
3.93,1.30188508493361,78036.3003336898,0,0,0,84284.9784927216,667.83231428256,0.35,26760,0,1,0
3.94,1.30833208003633,78429.1875651897,0,0,0,84711.5722250215,667.83231428256,0.35,26760,0,1,0
3.95,1.31477929808716,78821.987637186,0,0,0,85138.0672657292,667.83231428256,0.35,26760,0,1,0
3.96,1.32122672732279,79214.7041520507,0,0,0,85564.467691257,667.83231428256,0.35,26760,0,1,0
3.97,1.32767435655055,79607.3405653045,0,0,0,85990.7774121262,667.83231428256,0.35,26760,0,1,0
3.98,1.33412217512051,79999.9001913648,0,0,0,86417.0001794447,667.83231428256,0.35,26760,0,1,0
3.99,1.340570172899,80392.3862090821,0,0,0,86843.1395911472,667.83231428256,0.35,26760,0,1,0
4,1.34701834024334,80784.8016670719,0,0,0,87269.1990980049,667.83231428256,0.35,26760,0,1,0
4.01,1.35346666797792,81177.1494888472,0,0,0,87695.1820094137,667.83231428256,0.35,26760,0,1,0
4.02,1.35991514737136,81569.4324777613,0,0,0,88121.0914989657,667.83231428256,0.35,26760,0,1,0
4.03,1.36636377011483,81961.6533217644,0,0,0,88546.9306098147,667.83231428256,0.35,26760,0,1,0
4.04,1.37281252830136,82353.8145979825,0,0,0,88972.7022598398,667.83231428256,0.35,26760,0,1,0
4.05,1.37926141440628,82745.9187771234,0,0,0,89398.4092466158,667.83231428256,0.35,26760,0,1,0
4.06,1.38571042126851,83137.9682277165,0,0,0,89824.0542521965,667.83231428256,0.35,26760,0,1,0
4.07,1.39215954207282,83529.965220192,0,0,0,90249.6398477166,667.83231428256,0.35,26760,0,1,0
4.08,1.39860877033291,83921.9119308048,0,0,0,90675.1684978203,667.83231428256,0.35,26760,0,1,0
4.09,1.40505809987536,84313.8104454088,0,0,0,91100.6425649205,667.83231428256,0.35,26760,0,1,0
4.1,1.41150752482438,84705.6627630878,0,0,0,91526.0643132966,667.83231428256,0.35,26760,0,1,0
4.11,1.41795703958721,85097.4707996453,0,0,0,91951.4359130349,667.83231428256,0.35,26760,0,1,0
4.12,1.42440663884035,85489.2363909623,0,0,0,92376.7594438182,667.83231428256,0.35,26760,0,1,0
4.13,1.43085631751639,85880.9612962238,0,0,0,92802.0368985696,667.83231428256,0.35,26760,0,1,0
4.14,1.43730607079148,86272.6472010217,0,0,0,93227.2701869559,667.83231428256,0.35,26760,0,1,0
4.15,1.44375589407349,86664.2957203371,0,0,0,93652.4611387556,667.83231428256,0.35,26760,0,1,0
4.16,1.45020578299063,87055.9084014062,0,0,0,94077.6115070963,667.83231428256,0.35,26760,0,1,0
4.17,1.45665573338072,87447.4867264756,0,0,0,94502.7229715656,667.83231428256,0.35,26760,0,1,0
4.18,1.46310574128096,87839.0321154488,0,0,0,94927.7971412024,667.83231428256,0.35,26760,0,1,0
4.19,1.46955580291817,88230.5459284298,0,0,0,95352.8355573695,667.83231428256,0.35,26760,0,1,0
4.2,1.47600591469954,88622.0294681668,0,0,0,95777.8396965152,667.83231428256,0.35,26760,0,1,0
4.21,1.48245607320383,89013.4839823994,0,0,0,96202.8109728254,667.83231428256,0.35,26760,0,1,0
4.22,1.48890627517297,89404.9106661139,0,0,0,96627.7507407723,667.83231428256,0.35,26760,0,1,0
4.23,1.49535651750409,89796.3106637084,0,0,0,97052.6602975617,667.83231428256,0.35,26760,0,1,0
4.24,1.50180679724198,90187.6850710736,0,0,0,97477.5408854846,667.83231428256,0.35,26760,0,1,0
4.25,1.50825711157182,90579.0349375894,0,0,0,97902.3936941745,667.83231428256,0.35,26760,0,1,0
4.26,1.51470745781236,90970.3612680438,0,0,0,98327.2198627762,667.83231428256,0.35,26760,0,1,0
4.27,1.52115783340939,91361.6650244734,0,0,0,98752.0204820276,667.83231428256,0.35,26760,0,1,0
4.28,1.52760823592954,91752.9471279322,0,0,0,99176.7965962586,667.83231428256,0.35,26760,0,1,0
4.29,1.53405866305435,92144.2084601884,0,0,0,99601.5492053107,667.83231428256,0.35,26760,0,1,0
4.3,1.54050911257469,92535.4498653536,0,0,0,100026.279266379,667.83231428256,0.35,26760,0,1,0
4.31,1.54695958238542,92926.6721514466,0,0,0,100450.987695781,667.83231428256,0.35,26760,0,1,0
4.32,1.55341007048028,93317.8760918941,0,0,0,100875.675370654,667.83231428256,0.35,26760,0,1,0
4.33,1.55986057494709,93709.062426971,0,0,0,101300.343130584,667.83231428256,0.35,26760,0,1,0
4.34,1.56631109396315,94100.231865182,0,0,0,101724.99177917,667.83231428256,0.35,26760,0,1,0
4.35,1.57276162579085,94491.3850845885,0,0,0,102149.622085521,667.83231428256,0.35,26760,0,1,0
4.36,1.57921216877353,94882.5227340801,0,0,0,102574.234785702,667.83231428256,0.35,26760,0,1,0
4.37,1.58566272133155,95273.6454345959,0,0,0,102998.830584108,667.83231428256,0.35,26760,0,1,0
4.38,1.59211328195847,95664.753780295,0,0,0,103423.410154794,667.83231428256,0.35,26760,0,1,0
4.39,1.59856384921754,96055.84833968,0,0,0,103847.974142743,667.83231428256,0.35,26760,0,1,0
4.4,1.60501442173823,96446.9296566745,0,0,0,104272.523165089,667.83231428256,0.35,26760,0,1,0
4.41,1.61146499821305,96837.9982516562,0,0,0,104697.057812282,667.83231428256,0.35,26760,0,1,0
4.42,1.61791557739446,97229.0546224481,0,0,0,105121.578649214,667.83231428256,0.35,26760,0,1,0
4.43,1.62436615809192,97620.0992452688,0,0,0,105546.086216292,667.83231428256,0.35,26760,0,1,0
4.44,1.63081673916912,98011.132575644,0,0,0,105970.58103047,667.83231428256,0.35,26760,0,1,0
4.45,1.63726731954133,98402.1550492802,0,0,0,106395.06358624,667.83231428256,0.35,26760,0,1,0
4.46,1.64371789817289,98793.1670829025,0,0,0,106819.534356579,667.83231428256,0.35,26760,0,1,0
4.47,1.65016847407479,99184.1690750582,0,0,0,107243.993793859,667.83231428256,0.35,26760,0,1,0
4.48,1.65661904630243,99575.1614068865,0,0,0,107668.442330719,667.83231428256,0.35,26760,0,1,0
4.49,1.66306961395339,99966.1444428569,0,0,0,108092.880380902,667.83231428256,0.35,26760,0,1,0
4.5,1.66952017616546,100357.118531477,0,0,0,108517.308340053,667.83231428256,0.35,26760,0,1,0
4.51,1.67597073211457,100748.08400597,0,0,0,108941.726586493,667.83231428256,0.35,26760,0,1,0
4.52,1.68242128101301,101139.041184926,0,0,0,109366.135481948,667.83231428256,0.35,26760,0,1,0
4.53,1.68887182210763,101529.990372925,0,0,0,109790.535372261,667.83231428256,0.35,26760,0,1,0
4.54,1.69532235467812,101920.931861132,0,0,0,110214.926588065,667.83231428256,0.35,26760,0,1,0
4.55,1.70177287803546,102311.865927871,0,0,0,110639.309445432,667.83231428256,0.35,26760,0,1,0
4.56,1.70822339152035,102702.792839173,0,0,0,111063.684246494,667.83231428256,0.35,26760,0,1,0
4.57,1.71467389450178,103093.712849301,0,0,0,111488.05128004,667.83231428256,0.35,26760,0,1,0
4.58,1.72112438637563,103484.626201256,0,0,0,111912.410822081,667.83231428256,0.35,26760,0,1,0
4.59,1.72757486656339,103875.533127252,0,0,0,112336.763136404,667.83231428256,0.35,26760,0,1,0
4.6,1.73402533451087,104266.433849187,0,0,0,112761.108475089,667.83231428256,0.35,26760,0,1,0
4.61,1.74047578968703,104657.32857908,0,0,0,113185.447079013,667.83231428256,0.35,26760,0,1,0
4.62,1.74692623158285,105048.217519496,0,0,0,113609.779178332,667.83231428256,0.35,26760,0,1,0
4.63,1.75337665971027,105439.100863954,0,0,0,114034.104992939,667.83231428256,0.35,26760,0,1,0
4.64,1.75982707360113,105829.978797313,0,0,0,114458.424732907,667.83231428256,0.35,26760,0,1,0
4.65,1.76627747280623,106220.851496148,0,0,0,114882.738598907,667.83231428256,0.35,26760,0,1,0
4.66,1.77272785689438,106611.719129103,0,0,0,115307.046782618,667.83231428256,0.35,26760,0,1,0
4.67,1.77917822545154,107002.581857236,0,0,0,115731.349467111,667.83231428256,0.35,26760,0,1,0
4.68,1.78562857807998,107393.439834347,0,0,0,116155.646827222,667.83231428256,0.35,26760,0,1,0
4.69,1.79207891439747,107784.293207285,0,0,0,116579.939029903,667.83231428256,0.35,26760,0,1,0
4.7,1.79852923403653,108175.142116258,0,0,0,117004.226234569,667.83231428256,0.35,26760,0,1,0
4.71,1.80497953664373,108565.98669511,0,0,0,117428.508593419,667.83231428256,0.35,26760,0,1,0
4.72,1.81142982187896,108956.827071604,0,0,0,117852.786251747,667.83231428256,0.35,26760,0,1,0
4.73,1.81788008941482,109347.663367684,0,0,0,118277.059348246,667.83231428256,0.35,26760,0,1,0
4.74,1.82433033893597,109738.495699722,0,0,0,118701.328015288,667.83231428256,0.35,26760,0,1,0
4.75,1.83078057013857,110129.324178767,0,0,0,119125.592379203,667.83231428256,0.35,26760,0,1,0
4.76,1.8372307827297,110520.14891077,0,0,0,119549.852560537,667.83231428256,0.35,26760,0,1,0
4.77,1.84368097642681,110910.969996809,0,0,0,119974.108674305,667.83231428256,0.35,26760,0,1,0
4.78,1.85013115095727,111301.787533299,0,0,0,120398.360830231,667.83231428256,0.35,26760,0,1,0
4.79,1.85658130605781,111692.601612197,0,0,0,120822.609132978,667.83231428256,0.35,26760,0,1,0
4.8,1.86303144147414,112083.412321193,0,0,0,121246.853682368,667.83231428256,0.35,26760,0,1,0
4.81,1.86948155696043,112474.219743898,0,0,0,121671.094573593,667.83231428256,0.35,26760,0,1,0
4.82,1.87593165227898,112865.023960019,0,0,0,122095.331897414,667.83231428256,0.35,26760,0,1,0
4.83,1.88238172719976,113255.825045535,0,0,0,122519.56574036,667.83231428256,0.35,26760,0,1,0
4.84,1.88883178150007,113646.623072852,0,0,0,122943.796184905,667.83231428256,0.35,26760,0,1,0
4.85,1.89528181496416,114037.418110966,0,0,0,123368.023309652,667.83231428256,0.35,26760,0,1,0
4.86,1.90173182738291,114428.210225607,0,0,0,123792.247189498,667.83231428256,0.35,26760,0,1,0
4.87,1.90818181855349,114818.999479385,0,0,0,124216.467895796,667.83231428256,0.35,26760,0,1,0
4.88,1.91463178827906,115209.785931926,0,0,0,124640.68549651,667.83231428256,0.35,26760,0,1,0
4.89,1.9210817363685,115600.569639998,0,0,0,125064.900056367,667.83231428256,0.35,26760,0,1,0
4.9,1.92753166263607,115991.350657645,0,0,0,125489.111636993,667.83231428256,0.35,26760,0,1,0
4.91,1.93398156690122,116382.129036299,0,0,0,125913.320297053,667.83231428256,0.35,26760,0,1,0
4.92,1.94043144898828,116772.904824896,0,0,0,126337.526092378,667.83231428256,0.35,26760,0,1,0
4.93,1.94688130872626,117163.678069988,0,0,0,126761.729076092,667.83231428256,0.35,26760,0,1,0
4.94,1.95333114594859,117554.448815847,0,0,0,127185.929298728,667.83231428256,0.35,26760,0,1,0
4.95,1.95978096049293,117945.217104563,0,0,0,127610.126808345,667.83231428256,0.35,26760,0,1,0
4.96,1.96623075220096,118335.982976141,0,0,0,128034.321650633,667.83231428256,0.35,26760,0,1,0
4.97,1.97268052091816,118726.746468593,0,0,0,128458.513869019,667.83231428256,0.35,26760,0,1,0
4.98,1.97913026649364,119117.507618028,0,0,0,128882.703504769,667.83231428256,0.35,26760,0,1,0
4.99,1.98557998877999,119508.266458731,0,0,0,129306.890597078,667.83231428256,0.35,26760,0,1,0
5,1.99202968763306,119899.023023246,0,0,0,129731.075183164,667.83231428256,0.35,26760,0,1,0
5.01,1.99847936291182,120289.777342455,0,0,0,130155.257298357,667.83231428256,0.35,26760,0,1,0
5.02,2.00492901447825,120680.529445645,0,0,0,130579.436976178,667.83231428256,0.35,26760,0,1,0
5.03,2.01137864219711,121071.279360586,0,0,0,131003.614248421,667.83231428256,0.35,26760,0,1,0
5.04,2.01782824593588,121462.027113592,0,0,0,131427.78914523,667.83231428256,0.35,26760,0,1,0
5.05,2.02427782556459,121852.772729589,0,0,0,131851.961695172,667.83231428256,0.35,26760,0,1,0
5.06,2.03072738095569,122243.516232173,0,0,0,132276.131925303,667.83231428256,0.35,26760,0,1,0
5.07,2.03717691198397,122634.257643673,0,0,0,132700.299861239,667.83231428256,0.35,26760,0,1,0
5.08,2.0436264185264,123024.996985203,0,0,0,133124.465527218,667.83231428256,0.35,26760,0,1,0
5.09,2.05007590046204,123415.73427672,0,0,0,133548.628946161,667.83231428256,0.35,26760,0,1,0
5.1,2.05652535767196,123806.469537069,0,0,0,133972.79013973,667.83231428256,0.35,26760,0,1,0
5.11,2.06297479003912,124197.202784039,0,0,0,134396.949128386,667.83231428256,0.35,26760,0,1,0
5.12,2.06942419744828,124587.934034407,0,0,0,134821.105931437,667.83231428256,0.35,26760,0,1,0
5.13,2.07587357978589,124978.663303981,0,0,0,135245.260567094,667.83231428256,0.35,26760,0,1,0
5.14,2.08232293694008,125369.390607647,0,0,0,135669.41305252,667.83231428256,0.35,26760,0,1,0
5.15,2.08877226880048,125760.115959404,0,0,0,136093.563403872,667.83231428256,0.35,26760,0,1,0
5.16,2.09522157525823,126150.839372412,0,0,0,136517.711636349,667.83231428256,0.35,26760,0,1,0
5.17,2.10167085620586,126541.560859022,0,0,0,136941.857764234,667.83231428256,0.35,26760,0,1,0
5.18,2.10812011153723,126932.280430812,0,0,0,137366.001800935,667.83231428256,0.35,26760,0,1,0
5.19,2.11456934114747,127322.998098629,0,0,0,137790.143759023,667.83231428256,0.35,26760,0,1,0
5.2,2.12101854493294,127713.713872611,0,0,0,138214.28365027,667.83231428256,0.35,26760,0,1,0
5.21,2.12746772279111,128104.427762227,0,0,0,138638.421485683,667.83231428256,0.35,26760,0,1,0
5.22,2.13391687462058,128495.139776304,0,0,0,139062.55727554,667.83231428256,0.35,26760,0,1,0
5.23,2.14036600032096,128885.849923052,0,0,0,139486.691029422,667.83231428256,0.35,26760,0,1,0
5.24,2.14681509979287,129276.558210099,0,0,0,139910.822756245,667.83231428256,0.35,26760,0,1,0
5.25,2.15326417293786,129667.264644509,0,0,0,140334.952464285,667.83231428256,0.35,26760,0,1,0
5.26,2.15971321965837,130057.969232813,0,0,0,140759.080161213,667.83231428256,0.35,26760,0,1,0
5.27,2.16616223985771,130448.67198103,0,0,0,141183.205854118,667.83231428256,0.35,26760,0,1,0
5.28,2.17261123343997,130839.372894691,0,0,0,141607.329549533,667.83231428256,0.35,26760,0,1,0
5.29,2.17906020031004,131230.071978859,0,0,0,142031.451253464,667.83231428256,0.35,26760,0,1,0
5.3,2.18550914037352,131620.769238152,0,0,0,142455.570971405,667.83231428256,0.35,26760,0,1,0
5.31,2.19195805353672,132011.464676763,0,0,0,142879.688708372,667.83231428256,0.35,26760,0,1,0
5.32,2.19840693970661,132402.158298477,0,0,0,143303.804468913,667.83231428256,0.35,26760,0,1,0
5.33,2.20485579879079,132792.850106691,0,0,0,143727.91825714,667.83231428256,0.35,26760,0,1,0
5.34,2.21130463069745,133183.540104431,0,0,0,144152.030076738,667.83231428256,0.35,26760,0,1,0
5.35,2.21775343533537,133574.228294366,0,0,0,144576.139930993,667.83231428256,0.35,26760,0,1,0
5.36,2.22420221261385,133964.914678831,0,0,0,145000.247822803,667.83231428256,0.35,26760,0,1,0
5.37,2.23065096244272,134355.599259832,0,0,0,145424.353754701,667.83231428256,0.35,26760,0,1,0
5.38,2.23709968473231,134746.28203907,0,0,0,145848.457728867,667.83231428256,0.35,26760,0,1,0
5.39,2.2435483793934,135136.96301795,0,0,0,146272.559747145,667.83231428256,0.35,26760,0,1,0
5.4,2.24999704633722,135527.642197593,0,0,0,146696.659811062,667.83231428256,0.35,26760,0,1,0
5.41,2.25644568547542,135918.319578854,0,0,0,147120.757921834,667.83231428256,0.35,26760,0,1,0
5.42,2.26289429672006,136308.995162328,0,0,0,147544.854080389,667.83231428256,0.35,26760,0,1,0
5.43,2.26934287998359,136699.668948365,0,0,0,147968.948287373,667.83231428256,0.35,26760,0,1,0
5.44,2.27579143517879,137090.340937082,0,0,0,148393.040543167,667.83231428256,0.35,26760,0,1,0
5.45,2.28223996221882,137481.011128371,0,0,0,148817.130847897,667.83231428256,0.35,26760,0,1,0
5.46,2.28868846101716,137871.679521909,0,0,0,149241.219201445,667.83231428256,0.35,26760,0,1,0
5.47,2.29513693148761,138262.34611717,0,0,0,149665.305603462,667.83231428256,0.35,26760,0,1,0
5.48,2.30158537354424,138653.010913432,0,0,0,150089.390053376,667.83231428256,0.35,26760,0,1,0
5.49,2.30803378710144,139043.673909787,0,0,0,150513.472550404,667.83231428256,0.35,26760,0,1,0
5.5,2.31448217207385,139434.33510515,0,0,0,150937.55309356,667.83231428256,0.35,26760,0,1,0
5.51,2.32093052837636,139824.994498264,0,0,0,151361.631681665,667.83231428256,0.35,26760,0,1,0
5.52,2.32737885592414,140215.652087712,0,0,0,151785.708313357,667.83231428256,0.35,26760,0,1,0
5.53,2.33382715463254,140606.30787192,0,0,0,152209.782987095,667.83231428256,0.35,26760,0,1,0
5.54,2.34027542441718,140996.961849167,0,0,0,152633.855701172,667.83231428256,0.35,26760,0,1,0
5.55,2.34672366519386,141387.61401759,0,0,0,153057.92645372,667.83231428256,0.35,26760,0,1,0
5.56,2.35317187687859,141778.264375194,0,0,0,153481.995242717,667.83231428256,0.35,26760,0,1,0
5.57,2.35962005938757,142168.91291985,0,0,0,153906.062065994,667.83231428256,0.35,26760,0,1,0
5.58,2.36606821263718,142559.559649311,0,0,0,154330.126921244,667.83231428256,0.35,26760,0,1,0
5.59,2.37251633654399,142950.204561209,0,0,0,154754.189806026,667.83231428256,0.35,26760,0,1,0
5.6,2.37896443102469,143340.847653066,0,0,0,155178.250717769,667.83231428256,0.35,26760,0,1,0
5.61,2.38541249599618,143731.488922295,0,0,0,155602.309653784,667.83231428256,0.35,26760,0,1,0
5.62,2.39186053137547,144122.12836621,0,0,0,156026.366611263,667.83231428256,0.35,26760,0,1,0
5.63,2.39830853707974,144512.765982024,0,0,0,156450.421587288,667.83231428256,0.35,26760,0,1,0
5.64,2.40475651302627,144903.401766858,0,0,0,156874.474578836,667.83231428256,0.35,26760,0,1,0
5.65,2.41120445913249,145294.035717744,0,0,0,157298.525582781,667.83231428256,0.35,26760,0,1,0
5.66,2.41765237531597,145684.667831631,0,0,0,157722.574595901,667.83231428256,0.35,26760,0,1,0
5.67,2.42410026149436,146075.298105383,0,0,0,158146.621614883,667.83231428256,0.35,26760,0,1,0
5.68,2.43054811758543,146465.926535789,0,0,0,158570.666636325,667.83231428256,0.35,26760,0,1,0
5.69,2.43699594350708,146856.553119566,0,0,0,158994.709656741,667.83231428256,0.35,26760,0,1,0
5.7,2.44344373917728,147247.177853355,0,0,0,159418.750672564,667.83231428256,0.35,26760,0,1,0
5.71,2.44989150451411,147637.800733736,0,0,0,159842.789680151,667.83231428256,0.35,26760,0,1,0
5.72,2.45633923943574,148028.42175722,0,0,0,160266.826675788,667.83231428256,0.35,26760,0,1,0
5.73,2.46278694386042,148419.040920258,0,0,0,160690.861655688,667.83231428256,0.35,26760,0,1,0
5.74,2.46923461770649,148809.658219244,0,0,0,161114.894615999,667.83231428256,0.35,26760,0,1,0
5.75,2.47568226089237,149200.273650513,0,0,0,161538.925552805,667.83231428256,0.35,26760,0,1,0
5.76,2.48212987333654,149590.887210351,0,0,0,161962.954462129,667.83231428256,0.35,26760,0,1,0
5.77,2.48857745495756,149981.498894987,0,0,0,162386.981339938,667.83231428256,0.35,26760,0,1,0
5.78,2.49502500567407,150372.108700608,0,0,0,162811.00618214,667.83231428256,0.35,26760,0,1,0
5.79,2.50147252540475,150762.71662335,0,0,0,163235.028984594,667.83231428256,0.35,26760,0,1,0
5.8,2.50792001406836,151153.322659305,0,0,0,163659.049743106,667.83231428256,0.35,26760,0,1,0
5.81,2.51436747158371,151543.926804526,0,0,0,164083.068453436,667.83231428256,0.35,26760,0,1,0
5.82,2.52081489786968,151934.529055021,0,0,0,164507.085111296,667.83231428256,0.35,26760,0,1,0
5.83,2.52726229284517,152325.129406764,0,0,0,164931.099712355,667.83231428256,0.35,26760,0,1,0
5.84,2.53370965642916,152715.727855689,0,0,0,165355.112252241,667.83231428256,0.35,26760,0,1,0
5.85,2.54015698854068,153106.324397697,0,0,0,165779.122726541,667.83231428256,0.35,26760,0,1,0
5.86,2.54660428909878,153496.919028653,0,0,0,166203.131130804,667.83231428256,0.35,26760,0,1,0
5.87,2.55305155802257,153887.511744393,0,0,0,166627.137460544,667.83231428256,0.35,26760,0,1,0
5.88,2.55949879523122,154278.10254072,0,0,0,167051.141711239,667.83231428256,0.35,26760,0,1,0
5.89,2.5659460006439,154668.69141341,0,0,0,167475.143878333,667.83231428256,0.35,26760,0,1,0
5.9,2.57239317417984,155059.278358209,0,0,0,167899.14395724,667.83231428256,0.35,26760,0,1,0
5.91,2.57884031575832,155449.863370839,0,0,0,168323.141943345,667.83231428256,0.35,26760,0,1,0
5.92,2.58528742529862,155840.446446994,0,0,0,168747.137832001,667.83231428256,0.35,26760,0,1,0
5.93,2.59173450272008,156231.027582347,0,0,0,169171.131618535,667.83231428256,0.35,26760,0,1,0
5.94,2.59818154794206,156621.606772545,0,0,0,169595.123298249,667.83231428256,0.35,26760,0,1,0
5.95,2.60462856088396,157012.184013214,0,0,0,170019.112866418,667.83231428256,0.35,26760,0,1,0
5.96,2.61107554146519,157402.75929996,0,0,0,170443.100318295,667.83231428256,0.35,26760,0,1,0
5.97,2.6175224896052,157793.332628368,0,0,0,170867.08564911,667.83231428256,0.35,26760,0,1,0
5.98,2.62396940522347,158183.903994004,0,0,0,171291.068854068,667.83231428256,0.35,26760,0,1,0
5.99,2.6304162882395,158574.473392416,0,0,0,171715.049928358,667.83231428256,0.35,26760,0,1,0
6,2.6368631385728,158965.040819135,0,0,0,172139.028867147,667.83231428256,0.35,26760,0,1,0
6.01,2.64330995614292,159355.606269674,0,0,0,172563.005665583,667.83231428256,0.35,26760,0,1,0
6.02,2.64975674086944,159746.169739533,0,0,0,172986.980318796,667.83231428256,0.35,26760,0,1,0
6.03,2.65620349267193,160136.731224194,0,0,0,173410.952821899,667.83231428256,0.35,26760,0,1,0
6.04,2.66265021147,160527.290719125,0,0,0,173834.923169989,667.83231428256,0.35,26760,0,1,0
6.05,2.66909689718327,160917.848219782,0,0,0,174258.891358147,667.83231428256,0.35,26760,0,1,0
6.06,2.6755435497314,161308.403721606,0,0,0,174682.857381439,667.83231428256,0.35,26760,0,1,0
6.07,2.68199016903403,161698.957220028,0,0,0,175106.821234918,667.83231428256,0.35,26760,0,1,0
6.08,2.68843675501085,162089.508710463,0,0,0,175530.782913621,667.83231428256,0.35,26760,0,1,0
6.09,2.69488330758155,162480.058188319,0,0,0,175954.742412574,667.83231428256,0.35,26760,0,1,0
6.1,2.70132982666583,162870.605648991,0,0,0,176378.699726791,667.83231428256,0.35,26760,0,1,0
6.11,2.70777631218342,163261.151087863,0,0,0,176802.654851271,667.83231428256,0.35,26760,0,1,0
6.12,2.71422276405405,163651.694500311,0,0,0,177226.607781007,667.83231428256,0.35,26760,0,1,0
6.13,2.72066918219747,164042.2358817,0,0,0,177650.558510976,667.83231428256,0.35,26760,0,1,0
6.14,2.72711556653344,164432.775227387,0,0,0,178074.507036148,667.83231428256,0.35,26760,0,1,0
6.15,2.73356191698174,164823.312532719,0,0,0,178498.453351484,667.83231428256,0.35,26760,0,1,0
6.16,2.74000823346214,165213.847793037,0,0,0,178922.397451931,667.83231428256,0.35,26760,0,1,0
6.17,2.74645451589444,165604.381003674,0,0,0,179346.339332433,667.83231428256,0.35,26760,0,1,0
6.18,2.75290076419846,165994.912159952,0,0,0,179770.278987922,667.83231428256,0.35,26760,0,1,0
6.19,2.75934697829399,166385.441257191,0,0,0,180194.216413322,667.83231428256,0.35,26760,0,1,0
6.2,2.76579315810088,166775.968290702,0,0,0,180618.151603551,667.83231428256,0.35,26760,0,1,0
6.21,2.77223930353896,167166.493255787,0,0,0,181042.084553519,667.83231428256,0.35,26760,0,1,0
6.22,2.77868541452807,167557.016147747,0,0,0,181466.015258128,667.83231428256,0.35,26760,0,1,0
6.23,2.78513149098806,167947.536961873,0,0,0,181889.943712274,667.83231428256,0.35,26760,0,1,0
6.24,2.7915775328388,168338.055693453,0,0,0,182313.869910848,667.83231428256,0.35,26760,0,1,0
6.25,2.79802354000015,168728.572337767,0,0,0,182737.793848733,667.83231428256,0.35,26760,0,1,0
6.26,2.80446951239199,169119.086890093,0,0,0,183161.715520807,667.83231428256,0.35,26760,0,1,0
6.27,2.81091544993421,169509.599345702,0,0,0,183585.634921942,667.83231428256,0.35,26760,0,1,0
6.28,2.8173613525467,169900.109699861,0,0,0,184009.552047006,667.83231428256,0.35,26760,0,1,0
6.29,2.82380722014935,170290.617947834,0,0,0,184433.466890861,667.83231428256,0.35,26760,0,1,0
6.3,2.83025305266208,170681.124084878,0,0,0,184857.379448365,667.83231428256,0.35,26760,0,1,0
6.31,2.83669885000478,171071.628106248,0,0,0,185281.28971437,667.83231428256,0.35,26760,0,1,0
6.32,2.84314461209739,171462.130007195,0,0,0,185705.197683726,667.83231428256,0.35,26760,0,1,0
6.33,2.84959033885983,171852.629782966,0,0,0,186129.103351276,667.83231428256,0.35,26760,0,1,0
6.34,2.85603603021201,172243.127428805,0,0,0,186553.006711861,667.83231428256,0.35,26760,0,1,0
6.35,2.86248168607389,172633.622939953,0,0,0,186976.907760319,667.83231428256,0.35,26760,0,1,0
6.36,2.86892730636539,173024.116311646,0,0,0,187400.806491482,667.83231428256,0.35,26760,0,1,0
6.37,2.87537289100646,173414.607539119,0,0,0,187824.70290018,667.83231428256,0.35,26760,0,1,0
6.38,2.88181843991707,173805.096617604,0,0,0,188248.596981241,667.83231428256,0.35,26760,0,1,0
6.39,2.88826395301715,174195.583542329,0,0,0,188672.488729487,667.83231428256,0.35,26760,0,1,0
6.4,2.89470943022667,174586.068308521,0,0,0,189096.37813974,667.83231428256,0.35,26760,0,1,0
6.41,2.9011548714656,174976.550911403,0,0,0,189520.265206818,667.83231428256,0.35,26760,0,1,0
6.42,2.9076002766539,175367.031346197,0,0,0,189944.149925535,667.83231428256,0.35,26760,0,1,0
6.43,2.91404564571155,175757.509608123,0,0,0,190368.032290705,667.83231428256,0.35,26760,0,1,0
6.44,2.92049097855853,176147.985692397,0,0,0,190791.912297137,667.83231428256,0.35,26760,0,1,0
6.45,2.92693627511481,176538.459594234,0,0,0,191215.78993964,667.83231428256,0.35,26760,0,1,0
6.46,2.93338153530039,176928.931308849,0,0,0,191639.66521302,667.83231428256,0.35,26760,0,1,0
6.47,2.93982675903525,177319.400831452,0,0,0,192063.538112081,667.83231428256,0.35,26760,0,1,0
6.48,2.94627194623939,177709.868157253,0,0,0,192487.408631624,667.83231428256,0.35,26760,0,1,0
6.49,2.95271709683281,178100.33328146,0,0,0,192911.276766449,667.83231428256,0.35,26760,0,1,0
6.5,2.9591622107355,178490.79619928,0,0,0,193335.142511355,667.83231428256,0.35,26760,0,1,0
6.51,2.96560728786747,178881.256905918,0,0,0,193759.005861138,667.83231428256,0.35,26760,0,1,0
6.52,2.97205232814872,179271.715396578,0,0,0,194182.866810593,667.83231428256,0.35,26760,0,1,0
6.53,2.97849733149928,179662.171666461,0,0,0,194606.725354514,667.83231428256,0.35,26760,0,1,0
6.54,2.98494229783915,180052.625710769,0,0,0,195030.581487691,667.83231428256,0.35,26760,0,1,0
6.55,2.99138722708836,180443.077524702,0,0,0,195454.435204917,667.83231428256,0.35,26760,0,1,0
6.56,2.99783211916692,180833.527103458,0,0,0,195878.286500979,667.83231428256,0.35,26760,0,1,0
6.57,3.00427697399485,181223.974442235,0,0,0,196302.135370667,667.83231428256,0.35,26760,0,1,0
6.58,3.01072179149219,181614.41953623,0,0,0,196725.981808766,667.83231428256,0.35,26760,0,1,0
6.59,3.01716657157896,182004.862380637,0,0,0,197149.825810063,667.83231428256,0.35,26760,0,1,0
6.6,3.0236113141752,182395.302970653,0,0,0,197573.667369341,667.83231428256,0.35,26760,0,1,0
6.61,3.03005601920094,182785.74130147,0,0,0,197997.506481386,667.83231428256,0.35,26760,0,1,0
6.62,3.03650068657623,183176.177368282,0,0,0,198421.343140979,667.83231428256,0.35,26760,0,1,0
6.63,3.0429453162211,183566.61116628,0,0,0,198845.177342902,667.83231428256,0.35,26760,0,1,0
6.64,3.0493899080556,183957.042690656,0,0,0,199269.009081936,667.83231428256,0.35,26760,0,1,0
6.65,3.05583446199978,184347.471936601,0,0,0,199692.838352862,667.83231428256,0.35,26760,0,1,0
6.66,3.06227897797368,184737.898899305,0,0,0,200116.665150457,667.83231428256,0.35,26760,0,1,0
6.67,3.06872345589736,185128.323573957,0,0,0,200540.489469502,667.83231428256,0.35,26760,0,1,0
6.68,3.07516789569087,185518.745955747,0,0,0,200964.311304774,667.83231428256,0.35,26760,0,1,0
6.69,3.08161229727428,185909.166039861,0,0,0,201388.130651049,667.83231428256,0.35,26760,0,1,0
6.7,3.08805666056763,186299.583821489,0,0,0,201811.947503106,667.83231428256,0.35,26760,0,1,0
6.71,3.094500985491,186689.999295816,0,0,0,202235.761855719,667.83231428256,0.35,26760,0,1,0
6.72,3.10094527196445,187080.412458031,0,0,0,202659.573703665,667.83231428256,0.35,26760,0,1,0
6.73,3.10738951990805,187470.823303318,0,0,0,203083.383041718,667.83231428256,0.35,26760,0,1,0
6.74,3.11383372924186,187861.231826865,0,0,0,203507.189864653,667.83231428256,0.35,26760,0,1,0
6.75,3.12027789988597,188251.638023856,0,0,0,203930.994167244,667.83231428256,0.35,26760,0,1,0
6.76,3.12672203176044,188642.041889477,0,0,0,204354.795944264,667.83231428256,0.35,26760,0,1,0
6.77,3.13316612478535,189032.443418912,0,0,0,204778.595190487,667.83231428256,0.35,26760,0,1,0
6.78,3.13961017888079,189422.842607345,0,0,0,205202.391900686,667.83231428256,0.35,26760,0,1,0
6.79,3.14605419396683,189813.239449962,0,0,0,205626.186069632,667.83231428256,0.35,26760,0,1,0
6.8,3.15249816996357,190203.633941945,0,0,0,206049.977692099,667.83231428256,0.35,26760,0,1,0
6.81,3.15894210679107,190594.026078478,0,0,0,206473.766762858,667.83231428256,0.35,26760,0,1,0
6.82,3.16538600436945,190984.415854745,0,0,0,206897.553276681,667.83231428256,0.35,26760,0,1,0
6.83,3.17182986261878,191374.803265928,0,0,0,207321.337228338,667.83231428256,0.35,26760,0,1,0
6.84,3.17827368145916,191765.188307211,0,0,0,207745.118612601,667.83231428256,0.35,26760,0,1,0
6.85,3.18471746081069,192155.570973775,0,0,0,208168.897424241,667.83231428256,0.35,26760,0,1,0
6.86,3.19116120059346,192545.951260804,0,0,0,208592.673658028,667.83231428256,0.35,26760,0,1,0
6.87,3.19760490072758,192936.32916348,0,0,0,209016.447308732,667.83231428256,0.35,26760,0,1,0
6.88,3.20404856113315,193326.704676985,0,0,0,209440.218371125,667.83231428256,0.35,26760,0,1,0
6.89,3.21049218173028,193717.0777965,0,0,0,209863.986839975,667.83231428256,0.35,26760,0,1,0
6.9,3.21693576243906,194107.448517208,0,0,0,210287.752710052,667.83231428256,0.35,26760,0,1,0
6.91,3.22337930317961,194497.816834291,0,0,0,210711.515976127,667.83231428256,0.35,26760,0,1,0
6.92,3.22982280387205,194888.18274293,0,0,0,211135.276632969,667.83231428256,0.35,26760,0,1,0
6.93,3.23626626443648,195278.546238306,0,0,0,211559.034675347,667.83231428256,0.35,26760,0,1,0
6.94,3.24270968479302,195668.907315602,0,0,0,211982.790098031,667.83231428256,0.35,26760,0,1,0
6.95,3.2491530648618,196059.265969998,0,0,0,212406.54289579,667.83231428256,0.35,26760,0,1,0
6.96,3.25559640456292,196449.622196675,0,0,0,212830.293063393,667.83231428256,0.35,26760,0,1,0
6.97,3.26203970381652,196839.975990816,0,0,0,213254.040595609,667.83231428256,0.35,26760,0,1,0
6.98,3.26848296254271,197230.3273476,0,0,0,213677.785487208,667.83231428256,0.35,26760,0,1,0
6.99,3.27492618066163,197620.67626221,0,0,0,214101.527732958,667.83231428256,0.35,26760,0,1,0
7,3.2813693580934,198011.022729826,0,0,0,214525.267327627,667.83231428256,0.35,26760,0,1,0
7.01,3.28781249475816,198401.36674563,0,0,0,214949.004265986,667.83231428256,0.35,26760,0,1,0
7.02,3.29425559057603,198791.708304802,0,0,0,215372.738542803,667.83231428256,0.35,26760,0,1,0
7.03,3.30069864546716,199182.047402524,0,0,0,215796.470152846,667.83231428256,0.35,26760,0,1,0
7.04,3.30714165935168,199572.384033976,0,0,0,216220.199090885,667.83231428256,0.35,26760,0,1,0
7.05,3.31358463214973,199962.718194339,0,0,0,216643.925351689,667.83231428256,0.35,26760,0,1,0
7.06,3.32002756378146,200353.049878796,0,0,0,217067.648930025,667.83231428256,0.35,26760,0,1,0
7.07,3.326470454167,200743.379082525,0,0,0,217491.369820664,667.83231428256,0.35,26760,0,1,0
7.08,3.33291330322651,201133.70580071,0,0,0,217915.088018373,667.83231428256,0.35,26760,0,1,0
7.09,3.33935611088013,201524.03002853,0,0,0,218338.803517922,667.83231428256,0.35,26760,0,1,0
7.1,3.34579887704801,201914.351761168,0,0,0,218762.51631408,667.83231428256,0.35,26760,0,1,0
7.11,3.35224160165031,202304.670993803,0,0,0,219186.226401615,667.83231428256,0.35,26760,0,1,0
7.12,3.35868428460717,202694.987721617,0,0,0,219609.933775296,667.83231428256,0.35,26760,0,1,0
7.13,3.36512692583877,203085.301939792,0,0,0,220033.638429893,667.83231428256,0.35,26760,0,1,0
7.14,3.37156952526525,203475.613643509,0,0,0,220457.340360174,667.83231428256,0.35,26760,0,1,0
7.15,3.37801208280678,203865.922827949,0,0,0,220881.039560909,667.83231428256,0.35,26760,0,1,0
7.16,3.38445459838352,204256.229488293,0,0,0,221304.736026866,667.83231428256,0.35,26760,0,1,0
7.17,3.39089707191564,204646.533619723,0,0,0,221728.429752815,667.83231428256,0.35,26760,0,1,0
7.18,3.3973395033233,205036.83521742,0,0,0,222152.120733524,667.83231428256,0.35,26760,0,1,0
7.19,3.40378189252668,205427.134276566,0,0,0,222575.808963764,667.83231428256,0.35,26760,0,1,0
7.2,3.41022423944594,205817.430792342,0,0,0,222999.494438304,667.83231428256,0.35,26760,0,1,0
7.21,3.41666654400127,206207.72475993,0,0,0,223423.177151913,667.83231428256,0.35,26760,0,1,0
7.22,3.42310880611283,206598.016174512,0,0,0,223846.85709936,667.83231428256,0.35,26760,0,1,0
7.23,3.4295510257008,206988.30503127,0,0,0,224270.534275415,667.83231428256,0.35,26760,0,1,0
7.24,3.43599320268538,207378.591325385,0,0,0,224694.208674848,667.83231428256,0.35,26760,0,1,0
7.25,3.44243533698673,207768.87505204,0,0,0,225117.880292429,667.83231428256,0.35,26760,0,1,0
7.26,3.44887742852505,208159.156206416,0,0,0,225541.549122927,667.83231428256,0.35,26760,0,1,0
7.27,3.45531947722052,208549.434783696,0,0,0,225965.215161112,667.83231428256,0.35,26760,0,1,0
7.28,3.46176148299332,208939.710779062,0,0,0,226388.878401754,667.83231428256,0.35,26760,0,1,0
7.29,3.46820344576367,209329.984187696,0,0,0,226812.538839624,667.83231428256,0.35,26760,0,1,0
7.3,3.47464536545173,209720.255004781,0,0,0,227236.196469492,667.83231428256,0.35,26760,0,1,0
7.31,3.48108724197772,210110.523225498,0,0,0,227659.851286128,667.83231428256,0.35,26760,0,1,0
7.32,3.48752907526183,210500.788845032,0,0,0,228083.503284301,667.83231428256,0.35,26760,0,1,0
7.33,3.49397086522425,210891.051858564,0,0,0,228507.152458784,667.83231428256,0.35,26760,0,1,0
7.34,3.5004126117852,211281.312261277,0,0,0,228930.798804346,667.83231428256,0.35,26760,0,1,0
7.35,3.50685431486488,211671.570048354,0,0,0,229354.442315758,667.83231428256,0.35,26760,0,1,0
7.36,3.51329597438349,212061.825214978,0,0,0,229778.082987792,667.83231428256,0.35,26760,0,1,0
7.37,3.51973759026124,212452.077756332,0,0,0,230201.720815217,667.83231428256,0.35,26760,0,1,0
7.38,3.52617916241834,212842.327667599,0,0,0,230625.355792805,667.83231428256,0.35,26760,0,1,0
7.39,3.53262069077501,213232.574943963,0,0,0,231048.987915327,667.83231428256,0.35,26760,0,1,0
7.4,3.53906217525146,213622.819580607,0,0,0,231472.617177555,667.83231428256,0.35,26760,0,1,0
7.41,3.54550361576792,214013.061572715,0,0,0,231896.243574259,667.83231428256,0.35,26760,0,1,0
7.42,3.55194501224459,214403.30091547,0,0,0,232319.867100212,667.83231428256,0.35,26760,0,1,0
7.43,3.5583863646017,214793.537604055,0,0,0,232743.487750184,667.83231428256,0.35,26760,0,1,0
7.44,3.56482767275948,215183.771633655,0,0,0,233167.105518948,667.83231428256,0.35,26760,0,1,0
7.45,3.57126893663815,215574.002999454,0,0,0,233590.720401276,667.83231428256,0.35,26760,0,1,0
7.46,3.57771015615794,215964.231696636,0,0,0,234014.332391939,667.83231428256,0.35,26760,0,1,0
7.47,3.58415133123908,216354.457720385,0,0,0,234437.94148571,667.83231428256,0.35,26760,0,1,0
7.48,3.59059246180181,216744.681065884,0,0,0,234861.547677361,667.83231428256,0.35,26760,0,1,0
7.49,3.59703354776636,217134.90172832,0,0,0,235285.150961663,667.83231428256,0.35,26760,0,1,0
7.5,3.60347458905296,217525.119702876,0,0,0,235708.751333391,667.83231428256,0.35,26760,0,1,0
7.51,3.60991558558186,217915.334984736,0,0,0,236132.348787316,667.83231428256,0.35,26760,0,1,0
7.52,3.61635653727331,218305.547569086,0,0,0,236555.943318211,667.83231428256,0.35,26760,0,1,0
7.53,3.62279744404753,218695.757451111,0,0,0,236979.534920849,667.83231428256,0.35,26760,0,1,0
7.54,3.62923830582479,219085.964625995,0,0,0,237403.123590003,667.83231428256,0.35,26760,0,1,0
7.55,3.63567912252533,219476.169088924,0,0,0,237826.709320446,667.83231428256,0.35,26760,0,1,0
7.56,3.64211989406939,219866.370835083,0,0,0,238250.292106952,667.83231428256,0.35,26760,0,1,0
7.57,3.64856062037724,220256.569859657,0,0,0,238673.871944293,667.83231428256,0.35,26760,0,1,0
7.58,3.65500130136913,220646.766157832,0,0,0,239097.448827244,667.83231428256,0.35,26760,0,1,0
7.59,3.66144193696532,221036.959724794,0,0,0,239521.022750578,667.83231428256,0.35,26760,0,1,0
7.6,3.66788252708606,221427.150555728,0,0,0,239944.593709068,667.83231428256,0.35,26760,0,1,0
7.61,3.67432307165162,221817.33864582,0,0,0,240368.16169749,667.83231428256,0.35,26760,0,1,0
7.62,3.68076357058226,222207.523990256,0,0,0,240791.726710616,667.83231428256,0.35,26760,0,1,0
7.63,3.68720402379826,222597.706584222,0,0,0,241215.288743222,667.83231428256,0.35,26760,0,1,0
7.64,3.69364443121987,222987.886422905,0,0,0,241638.847790081,667.83231428256,0.35,26760,0,1,0
7.65,3.70008479276738,223378.063501491,0,0,0,242062.403845967,667.83231428256,0.35,26760,0,1,0
7.66,3.70652510836105,223768.237815167,0,0,0,242485.956905657,667.83231428256,0.35,26760,0,1,0
7.67,3.71296537792116,224158.409359119,0,0,0,242909.506963924,667.83231428256,0.35,26760,0,1,0
7.68,3.71940560136798,224548.578128533,0,0,0,243333.054015544,667.83231428256,0.35,26760,0,1,0
7.69,3.72584577862181,224938.744118598,0,0,0,243756.59805529,667.83231428256,0.35,26760,0,1,0
7.7,3.73228590960292,225328.9073245,0,0,0,244180.13907794,667.83231428256,0.35,26760,0,1,0
7.71,3.7387259942316,225719.067741426,0,0,0,244603.677078267,667.83231428256,0.35,26760,0,1,0
7.72,3.74516603242813,226109.225364563,0,0,0,245027.212051048,667.83231428256,0.35,26760,0,1,0
7.73,3.75160602411281,226499.3801891,0,0,0,245450.743991059,667.83231428256,0.35,26760,0,1,0
7.74,3.75804596920592,226889.532210222,0,0,0,245874.272893074,667.83231428256,0.35,26760,0,1,0
7.75,3.76448586762776,227279.68142312,0,0,0,246297.79875187,667.83231428256,0.35,26760,0,1,0
7.76,3.77092571929863,227669.827822979,0,0,0,246721.321562223,667.83231428256,0.35,26760,0,1,0
7.77,3.77736552413883,228059.971404988,0,0,0,247144.841318909,667.83231428256,0.35,26760,0,1,0
7.78,3.78380528206866,228450.112164336,0,0,0,247568.358016705,667.83231428256,0.35,26760,0,1,0
7.79,3.79024499300841,228840.25009621,0,0,0,247991.871650387,667.83231428256,0.35,26760,0,1,0
7.8,3.79668465687841,229230.385195799,0,0,0,248415.382214731,667.83231428256,0.35,26760,0,1,0
7.81,3.80312427359895,229620.517458292,0,0,0,248838.889704515,667.83231428256,0.35,26760,0,1,0
7.82,3.80956384309034,230010.646878877,0,0,0,249262.394114516,667.83231428256,0.35,26760,0,1,0
7.83,3.81600336527291,230400.773452742,0,0,0,249685.89543951,667.83231428256,0.35,26760,0,1,0
7.84,3.82244284006696,230790.897175078,0,0,0,250109.393674275,667.83231428256,0.35,26760,0,1,0
7.85,3.82888226739282,231181.018041072,0,0,0,250532.888813589,667.83231428256,0.35,26760,0,1,0
7.86,3.83532164717079,231571.136045915,0,0,0,250956.380852228,667.83231428256,0.35,26760,0,1,0
7.87,3.84176097932122,231961.251184795,0,0,0,251379.869784971,667.83231428256,0.35,26760,0,1,0
7.88,3.84820026376441,232351.363452903,0,0,0,251803.355606595,667.83231428256,0.35,26760,0,1,0
7.89,3.8546395004207,232741.472845427,0,0,0,252226.838311879,667.83231428256,0.35,26760,0,1,0
7.9,3.86107868921041,233131.579357558,0,0,0,252650.3178956,667.83231428256,0.35,26760,0,1,0
7.91,3.86751783005389,233521.682984485,0,0,0,253073.794352538,667.83231428256,0.35,26760,0,1,0
7.92,3.87395692287146,233911.783721398,0,0,0,253497.267677469,667.83231428256,0.35,26760,0,1,0
7.93,3.88039596758345,234301.881563489,0,0,0,253920.737865174,667.83231428256,0.35,26760,0,1,0
7.94,3.88683496411022,234691.976505946,0,0,0,254344.204910431,667.83231428256,0.35,26760,0,1,0
7.95,3.8932739123721,235082.068543961,0,0,0,254767.668808018,667.83231428256,0.35,26760,0,1,0
7.96,3.89971281228943,235472.157672724,0,0,0,255191.129552715,667.83231428256,0.35,26760,0,1,0
7.97,3.90615166378256,235862.243887426,0,0,0,255614.587139301,667.83231428256,0.35,26760,0,1,0
7.98,3.91259046677185,236252.327183258,0,0,0,256038.041562555,667.83231428256,0.35,26760,0,1,0
7.99,3.91902922117763,236642.407555411,0,0,0,256461.492817258,667.83231428256,0.35,26760,0,1,0
8,3.92546792692026,237032.484999076,0,0,0,256884.940898188,667.83231428256,0.35,26760,0,1,0
8.01,3.93190658392011,237422.559509444,0,0,0,257308.385800126,667.83231428256,0.35,26760,0,1,0
8.02,3.93834519209753,237812.631081707,0,0,0,257731.827517851,667.83231428256,0.35,26760,0,1,0
8.03,3.94478375137287,238202.699711057,0,0,0,258155.266046144,667.83231428256,0.35,26760,0,1,0
8.04,3.9512222616665,238592.765392686,0,0,0,258578.701379784,667.83231428256,0.35,26760,0,1,0
8.05,3.9576607228988,238982.828121784,0,0,0,259002.133513554,667.83231428256,0.35,26760,0,1,0
8.06,3.96409913499012,239372.887893545,0,0,0,259425.562442232,667.83231428256,0.35,26760,0,1,0
8.07,3.97053749786083,239762.944703161,0,0,0,259848.988160601,667.83231428256,0.35,26760,0,1,0
8.08,3.97697581143132,240152.998545823,0,0,0,260272.41066344,667.83231428256,0.35,26760,0,1,0
8.09,3.98341407562195,240543.049416725,0,0,0,260695.829945531,667.83231428256,0.35,26760,0,1,0
8.1,3.9898522903531,240933.097311059,0,0,0,261119.246001655,667.83231428256,0.35,26760,0,1,0
8.11,3.99629045554515,241323.142224018,0,0,0,261542.658826595,667.83231428256,0.35,26760,0,1,0
8.12,4.00272857111849,241713.184150794,0,0,0,261966.06841513,667.83231428256,0.35,26760,0,1,0
8.13,4.0091666369935,242103.223086582,0,0,0,262389.474762043,667.83231428256,0.35,26760,0,1,0
8.14,4.01560465309057,242493.259026573,0,0,0,262812.877862116,667.83231428256,0.35,26760,0,1,0
8.15,4.02204261933009,242883.291965962,0,0,0,263236.277710132,667.83231428256,0.35,26760,0,1,0
8.16,4.02848053563245,243273.321899942,0,0,0,263659.674300871,667.83231428256,0.35,26760,0,1,0
8.17,4.03491840191805,243663.348823707,0,0,0,264083.067629117,667.83231428256,0.35,26760,0,1,0
8.18,4.04135621810728,244053.37273245,0,0,0,264506.457689652,667.83231428256,0.35,26760,0,1,0
8.19,4.04779398412054,244443.393621366,0,0,0,264929.844477258,667.83231428256,0.35,26760,0,1,0
8.2,4.05423169987824,244833.411485649,0,0,0,265353.22798672,667.83231428256,0.35,26760,0,1,0
8.21,4.06066936530079,245223.426320492,0,0,0,265776.608212819,667.83231428256,0.35,26760,0,1,0
8.22,4.06710698030858,245613.43812109,0,0,0,266199.985150339,667.83231428256,0.35,26760,0,1,0
8.23,4.07354454482203,246003.446882639,0,0,0,266623.358794063,667.83231428256,0.35,26760,0,1,0
8.24,4.07998205876155,246393.452600332,0,0,0,267046.729138774,667.83231428256,0.35,26760,0,1,0
8.25,4.08641952204756,246783.455269365,0,0,0,267470.096179258,667.83231428256,0.35,26760,0,1,0
8.26,4.09285693460048,247173.454884932,0,0,0,267893.459910296,667.83231428256,0.35,26760,0,1,0
8.27,4.09929429634071,247563.451442228,0,0,0,268316.820326673,667.83231428256,0.35,26760,0,1,0
8.28,4.1057316071887,247953.44493645,0,0,0,268740.177423174,667.83231428256,0.35,26760,0,1,0
8.29,4.11216886706486,248343.435362792,0,0,0,269163.531194583,667.83231428256,0.35,26760,0,1,0
8.3,4.11860607588962,248733.42271645,0,0,0,269586.881635684,667.83231428256,0.35,26760,0,1,0
8.31,4.12504323358341,249123.40699262,0,0,0,270010.228741261,667.83231428256,0.35,26760,0,1,0
8.32,4.13148034006666,249513.388186498,0,0,0,270433.572506101,667.83231428256,0.35,26760,0,1,0
8.33,4.13791739525981,249903.366293279,0,0,0,270856.912924987,667.83231428256,0.35,26760,0,1,0
8.34,4.14435439908329,250293.341308161,0,0,0,271280.249992704,667.83231428256,0.35,26760,0,1,0
8.35,4.15079135145756,250683.313226339,0,0,0,271703.583704039,667.83231428256,0.35,26760,0,1,0
8.36,4.15722825230304,251073.28204301,0,0,0,272126.914053776,667.83231428256,0.35,26760,0,1,0
8.37,4.16366510154019,251463.24775337,0,0,0,272550.241036702,667.83231428256,0.35,26760,0,1,0
8.38,4.17010189908944,251853.210352617,0,0,0,272973.564647601,667.83231428256,0.35,26760,0,1,0
8.39,4.17653864487127,252243.169835948,0,0,0,273396.884881261,667.83231428256,0.35,26760,0,1,0
8.4,4.18297533880611,252633.126198559,0,0,0,273820.201732466,667.83231428256,0.35,26760,0,1,0
8.41,4.18941198081442,253023.079435648,0,0,0,274243.515196004,667.83231428256,0.35,26760,0,1,0
8.42,4.19584857081666,253413.029542413,0,0,0,274666.825266661,667.83231428256,0.35,26760,0,1,0
8.43,4.2022851087333,253802.97651405,0,0,0,275090.131939224,667.83231428256,0.35,26760,0,1,0
8.44,4.20872159448479,254192.920345758,0,0,0,275513.435208478,667.83231428256,0.35,26760,0,1,0
8.45,4.2151580279916,254582.861032735,0,0,0,275936.735069212,667.83231428256,0.35,26760,0,1,0
8.46,4.2215944091742,254972.798570179,0,0,0,276360.031516213,667.83231428256,0.35,26760,0,1,0
8.47,4.22803073795307,255362.732953288,0,0,0,276783.324544267,667.83231428256,0.35,26760,0,1,0
8.48,4.23446701424867,255752.66417726,0,0,0,277206.614148163,667.83231428256,0.35,26760,0,1,0
8.49,4.24090323798148,256142.592237293,0,0,0,277629.900322687,667.83231428256,0.35,26760,0,1,0
8.5,4.24733940907198,256532.517128588,0,0,0,278053.183062629,667.83231428256,0.35,26760,0,1,0
8.51,4.25377552744065,256922.438846342,0,0,0,278476.462362774,667.83231428256,0.35,26760,0,1,0
8.52,4.26021159300798,257312.357385754,0,0,0,278899.738217913,667.83231428256,0.35,26760,0,1,0
8.53,4.26664760569445,257702.272742024,0,0,0,279323.010622833,667.83231428256,0.35,26760,0,1,0
8.54,4.27308356542056,258092.184910351,0,0,0,279746.279572323,667.83231428256,0.35,26760,0,1,0
8.55,4.27951947210679,258482.093885934,0,0,0,280169.545061171,667.83231428256,0.35,26760,0,1,0
8.56,4.28595532567364,258871.999663973,0,0,0,280592.807084166,667.83231428256,0.35,26760,0,1,0
8.57,4.2923911260416,259261.902239668,0,0,0,281016.065636098,667.83231428256,0.35,26760,0,1,0
8.58,4.29882687313119,259651.801608219,0,0,0,281439.320711754,667.83231428256,0.35,26760,0,1,0
8.59,4.3052625668629,260041.697764826,0,0,0,281862.572305926,667.83231428256,0.35,26760,0,1,0
8.6,4.31169820715723,260431.590704689,0,0,0,282285.820413402,667.83231428256,0.35,26760,0,1,0
8.61,4.31813379393469,260821.480423008,0,0,0,282709.065028972,667.83231428256,0.35,26760,0,1,0
8.62,4.3245693271158,261211.366914985,0,0,0,283132.306147425,667.83231428256,0.35,26760,0,1,0
8.63,4.33100480662107,261601.250175819,0,0,0,283555.543763553,667.83231428256,0.35,26760,0,1,0
8.64,4.33744023237101,261991.130200713,0,0,0,283978.777872144,667.83231428256,0.35,26760,0,1,0
8.65,4.34387560428614,262381.006984866,0,0,0,284402.00846799,667.83231428256,0.35,26760,0,1,0
8.66,4.35031092228699,262770.88052348,0,0,0,284825.235545881,667.83231428256,0.35,26760,0,1,0
8.67,4.35674618629407,263160.750811757,0,0,0,285248.459100608,667.83231428256,0.35,26760,0,1,0
8.68,4.36318139622792,263550.617844898,0,0,0,285671.679126962,667.83231428256,0.35,26760,0,1,0
8.69,4.36961655200906,263940.481618105,0,0,0,286094.895619733,667.83231428256,0.35,26760,0,1,0
8.7,4.37605165355803,264330.342126579,0,0,0,286518.108573713,667.83231428256,0.35,26760,0,1,0
8.71,4.38248670079536,264720.199365522,0,0,0,286941.317983694,667.83231428256,0.35,26760,0,1,0
8.72,4.38892169364158,265110.053330138,0,0,0,287364.523844466,667.83231428256,0.35,26760,0,1,0
8.73,4.39535663201724,265499.904015628,0,0,0,287787.726150823,667.83231428256,0.35,26760,0,1,0
8.74,4.40179151584289,265889.751417194,0,0,0,288210.924897555,667.83231428256,0.35,26760,0,1,0
8.75,4.40822634503906,266279.59553004,0,0,0,288634.120079455,667.83231428256,0.35,26760,0,1,0
8.76,4.4146611195263,266669.436349368,0,0,0,289057.311691316,667.83231428256,0.35,26760,0,1,0
8.77,4.42109583922517,267059.273870381,0,0,0,289480.499727929,667.83231428256,0.35,26760,0,1,0
8.78,4.42753050405621,267449.108088283,0,0,0,289903.684184087,667.83231428256,0.35,26760,0,1,0
8.79,4.43396511394,267838.938998276,0,0,0,290326.865054584,667.83231428256,0.35,26760,0,1,0
8.8,4.44039966879707,268228.766595564,0,0,0,290750.042334212,667.83231428256,0.35,26760,0,1,0
8.81,4.44683416854801,268618.590875351,0,0,0,291173.216017764,667.83231428256,0.35,26760,0,1,0
8.82,4.45326861311336,269008.411832841,0,0,0,291596.386100034,667.83231428256,0.35,26760,0,1,0
8.83,4.4597030024137,269398.229463237,0,0,0,292019.552575815,667.83231428256,0.35,26760,0,1,0
8.84,4.4661373363696,269788.043761744,0,0,0,292442.715439901,667.83231428256,0.35,26760,0,1,0
8.85,4.47257161490163,270177.854723566,0,0,0,292865.874687086,667.83231428256,0.35,26760,0,1,0
8.86,4.47900583793037,270567.662343907,0,0,0,293289.030312164,667.83231428256,0.35,26760,0,1,0
8.87,4.48544000537639,270957.466617973,0,0,0,293712.18230993,667.83231428256,0.35,26760,0,1,0
8.88,4.49187411716028,271347.267540967,0,0,0,294135.330675177,667.83231428256,0.35,26760,0,1,0
8.89,4.49830817320262,271737.065108096,0,0,0,294558.4754027,667.83231428256,0.35,26760,0,1,0
8.9,4.50474217342399,272126.859314563,0,0,0,294981.616487294,667.83231428256,0.35,26760,0,1,0
8.91,4.51117611774499,272516.650155575,0,0,0,295404.753923755,667.83231428256,0.35,26760,0,1,0
8.92,4.51761000608621,272906.437626336,0,0,0,295827.887706876,667.83231428256,0.35,26760,0,1,0
8.93,4.52404383836823,273296.221722053,0,0,0,296251.017831455,667.83231428256,0.35,26760,0,1,0
8.94,4.53047761451167,273686.002437931,0,0,0,296674.144292285,667.83231428256,0.35,26760,0,1,0
8.95,4.53691133443712,274075.779769176,0,0,0,297097.267084163,667.83231428256,0.35,26760,0,1,0
8.96,4.54334499806518,274465.553710994,0,0,0,297520.386201885,667.83231428256,0.35,26760,0,1,0
8.97,4.54977860531647,274855.324258593,0,0,0,297943.501640246,667.83231428256,0.35,26760,0,1,0
8.98,4.55621215611158,275245.091407177,0,0,0,298366.613394043,667.83231428256,0.35,26760,0,1,0
8.99,4.56264565037113,275634.855151954,0,0,0,298789.721458073,667.83231428256,0.35,26760,0,1,0
9,4.56907908801573,276024.61548813,0,0,0,299212.825827132,667.83231428256,0.35,26760,0,1,0
9.01,4.57551246896601,276414.372410912,0,0,0,299635.926496016,667.83231428256,0.35,26760,0,1,0
9.02,4.58194579314257,276804.125915509,0,0,0,300059.023459523,667.83231428256,0.35,26760,0,1,0
9.03,4.58837906046606,277193.875997126,0,0,0,300482.11671245,667.83231428256,0.35,26760,0,1,0
9.04,4.59481227085708,277583.622650971,0,0,0,300905.206249594,667.83231428256,0.35,26760,0,1,0
9.05,4.60124542423627,277973.365872253,0,0,0,301328.292065752,667.83231428256,0.35,26760,0,1,0
9.06,4.60767852052426,278363.105656178,0,0,0,301751.374155724,667.83231428256,0.35,26760,0,1,0
9.07,4.61411155964168,278752.841997955,0,0,0,302174.452514305,667.83231428256,0.35,26760,0,1,0
9.08,4.62054454150918,279142.574892792,0,0,0,302597.527136295,667.83231428256,0.35,26760,0,1,0
9.09,4.62697746604739,279532.304335897,0,0,0,303020.598016491,667.83231428256,0.35,26760,0,1,0
9.1,4.63341033317695,279922.030322479,0,0,0,303443.665149693,667.83231428256,0.35,26760,0,1,0
9.11,4.6398431428185,280311.752847746,0,0,0,303866.728530698,667.83231428256,0.35,26760,0,1,0
9.12,4.64627589489271,280701.471906907,0,0,0,304289.788154305,667.83231428256,0.35,26760,0,1,0
9.13,4.65270858932021,281091.187495172,0,0,0,304712.844015314,667.83231428256,0.35,26760,0,1,0
9.14,4.65914122602167,281480.899607749,0,0,0,305135.896108524,667.83231428256,0.35,26760,0,1,0
9.15,4.66557380491773,281870.608239848,0,0,0,305558.944428733,667.83231428256,0.35,26760,0,1,0
9.16,4.67200632592907,282260.313386678,0,0,0,305981.988970742,667.83231428256,0.35,26760,0,1,0
9.17,4.67843878897633,282650.015043449,0,0,0,306405.029729351,667.83231428256,0.35,26760,0,1,0
9.18,4.6848711939802,283039.713205371,0,0,0,306828.066699358,667.83231428256,0.35,26760,0,1,0
9.19,4.69130354086133,283429.407867653,0,0,0,307251.099875565,667.83231428256,0.35,26760,0,1,0
9.2,4.69773582954039,283819.099025507,0,0,0,307674.129252772,667.83231428256,0.35,26760,0,1,0
9.21,4.70416805993807,284208.786674142,0,0,0,308097.154825778,667.83231428256,0.35,26760,0,1,0
9.22,4.71060023197503,284598.470808769,0,0,0,308520.176589385,667.83231428256,0.35,26760,0,1,0
9.23,4.71703234557197,284988.151424598,0,0,0,308943.194538394,667.83231428256,0.35,26760,0,1,0
9.24,4.72346440064955,285377.828516841,0,0,0,309366.208667606,667.83231428256,0.35,26760,0,1,0
9.25,4.72989639712847,285767.502080709,0,0,0,309789.218971821,667.83231428256,0.35,26760,0,1,0
9.26,4.73632833492941,286157.172111413,0,0,0,310212.225445842,667.83231428256,0.35,26760,0,1,0
9.27,4.74276021397307,286546.838604164,0,0,0,310635.228084469,667.83231428256,0.35,26760,0,1,0
9.28,4.74919203418015,286936.501554174,0,0,0,311058.226882506,667.83231428256,0.35,26760,0,1,0
9.29,4.75562379547133,287326.160956655,0,0,0,311481.221834752,667.83231428256,0.35,26760,0,1,0
9.3,4.76205549776732,287715.816806818,0,0,0,311904.212936012,667.83231428256,0.35,26760,0,1,0
9.31,4.76848714098882,288105.469099876,0,0,0,312327.200181087,667.83231428256,0.35,26760,0,1,0
9.32,4.77491872505654,288495.11783104,0,0,0,312750.18356478,667.83231428256,0.35,26760,0,1,0
9.33,4.78135024989119,288884.762995525,0,0,0,313173.163081894,667.83231428256,0.35,26760,0,1,0
9.34,4.78778171541347,289274.404588541,0,0,0,313596.138727231,667.83231428256,0.35,26760,0,1,0
9.35,4.79421312154411,289664.042605303,0,0,0,314019.110495594,667.83231428256,0.35,26760,0,1,0
9.36,4.80064446820383,290053.677041022,0,0,0,314442.078381788,667.83231428256,0.35,26760,0,1,0
9.37,4.80707575531333,290443.307890913,0,0,0,314865.042380615,667.83231428256,0.35,26760,0,1,0
9.38,4.81350698279335,290832.935150188,0,0,0,315288.002486879,667.83231428256,0.35,26760,0,1,0
9.39,4.81993815056462,291222.558814061,0,0,0,315710.958695384,667.83231428256,0.35,26760,0,1,0
9.4,4.82636925854785,291612.178877745,0,0,0,316133.911000934,667.83231428256,0.35,26760,0,1,0
9.41,4.8328003066638,292001.795336456,0,0,0,316556.859398334,667.83231428256,0.35,26760,0,1,0
9.42,4.83923129483318,292391.408185405,0,0,0,316979.803882388,667.83231428256,0.35,26760,0,1,0
9.43,4.84566222297674,292781.017419809,0,0,0,317402.7444479,667.83231428256,0.35,26760,0,1,0
9.44,4.85209309101523,293170.623034881,0,0,0,317825.681089676,667.83231428256,0.35,26760,0,1,0
9.45,4.85852389886938,293560.225025836,0,0,0,318248.61380252,667.83231428256,0.35,26760,0,1,0
9.46,4.86495464645994,293949.823387888,0,0,0,318671.542581238,667.83231428256,0.35,26760,0,1,0
9.47,4.87138533370767,294339.418116254,0,0,0,319094.467420635,667.83231428256,0.35,26760,0,1,0
9.48,4.87781596053332,294729.009206147,0,0,0,319517.388315516,667.83231428256,0.35,26760,0,1,0
9.49,4.88424652685763,295118.596652782,0,0,0,319940.305260689,667.83231428256,0.35,26760,0,1,0
9.5,4.89067703260139,295508.180451377,0,0,0,320363.218250958,667.83231428256,0.35,26760,0,1,0
9.51,4.89710747768533,295897.760597145,0,0,0,320786.12728113,667.83231428256,0.35,26760,0,1,0
9.52,4.90353786203024,296287.337085304,0,0,0,321209.032346011,667.83231428256,0.35,26760,0,1,0
9.53,4.90996818555688,296676.909911069,0,0,0,321631.933440408,667.83231428256,0.35,26760,0,1,0
9.54,4.91639844818602,297066.479069656,0,0,0,322054.830559128,667.83231428256,0.35,26760,0,1,0
9.55,4.92282864983844,297456.044556281,0,0,0,322477.723696978,667.83231428256,0.35,26760,0,1,0
9.56,4.92925879043491,297845.606366162,0,0,0,322900.612848764,667.83231428256,0.35,26760,0,1,0
9.57,4.93568886989621,298235.164494515,0,0,0,323323.498009295,667.83231428256,0.35,26760,0,1,0
9.58,4.94211888814313,298624.718936557,0,0,0,323746.379173377,667.83231428256,0.35,26760,0,1,0
9.59,4.94854884509646,299014.269687505,0,0,0,324169.256335819,667.83231428256,0.35,26760,0,1,0
9.6,4.95497874067697,299403.816742576,0,0,0,324592.129491429,667.83231428256,0.35,26760,0,1,0
9.61,4.96140857480548,299793.360096988,0,0,0,325014.998635015,667.83231428256,0.35,26760,0,1,0
9.62,4.96783834740276,300182.899745958,0,0,0,325437.863761385,667.83231428256,0.35,26760,0,1,0
9.63,4.97426805838963,300572.435684705,0,0,0,325860.724865348,667.83231428256,0.35,26760,0,1,0
9.64,4.98069770768688,300961.967908446,0,0,0,326283.581941712,667.83231428256,0.35,26760,0,1,0
9.65,4.98712729521532,301351.4964124,0,0,0,326706.434985287,667.83231428256,0.35,26760,0,1,0
9.66,4.99355682089575,301741.021191784,0,0,0,327129.283990881,667.83231428256,0.35,26760,0,1,0
9.67,4.99998628464899,302130.542241818,0,0,0,327552.128953305,667.83231428256,0.35,26760,0,1,0
9.68,5.00641568639585,302520.059557721,0,0,0,327974.969867367,667.83231428256,0.35,26760,0,1,0
9.69,5.01284502605715,302909.57313471,0,0,0,328397.806727878,667.83231428256,0.35,26760,0,1,0
9.7,5.01927430355371,303299.082968006,0,0,0,328820.639529647,667.83231428256,0.35,26760,0,1,0
9.71,5.02570351880635,303688.589052828,0,0,0,329243.468267484,667.83231428256,0.35,26760,0,1,0
9.72,5.03213267173589,304078.091384395,0,0,0,329666.292936201,667.83231428256,0.35,26760,0,1,0
9.73,5.03856176226318,304467.589957926,0,0,0,330089.113530607,667.83231428256,0.35,26760,0,1,0
9.74,5.04499079030903,304857.084768643,0,0,0,330511.930045513,667.83231428256,0.35,26760,0,1,0
9.75,5.05141975579429,305246.575811764,0,0,0,330934.74247573,667.83231428256,0.35,26760,0,1,0
9.76,5.05784865863979,305636.06308251,0,0,0,331357.55081607,667.83231428256,0.35,26760,0,1,0
9.77,5.06427749876638,306025.546576102,0,0,0,331780.355061344,667.83231428256,0.35,26760,0,1,0
9.78,5.0707062760949,306415.026287759,0,0,0,332203.155206363,667.83231428256,0.35,26760,0,1,0
9.79,5.0771349905462,306804.502212704,0,0,0,332625.951245939,667.83231428256,0.35,26760,0,1,0
9.8,5.08356364204112,307193.974346156,0,0,0,333048.743174885,667.83231428256,0.35,26760,0,1,0
9.81,5.08999223050054,307583.442683337,0,0,0,333471.530988011,667.83231428256,0.35,26760,0,1,0
9.82,5.09642075584529,307972.907219469,0,0,0,333894.314680132,667.83231428256,0.35,26760,0,1,0
9.83,5.10284921799625,308362.367949772,0,0,0,334317.094246058,667.83231428256,0.35,26760,0,1,0
9.84,5.10927761687428,308751.824869469,0,0,0,334739.869680604,667.83231428256,0.35,26760,0,1,0
9.85,5.11570595240023,309141.277973782,0,0,0,335162.640978582,667.83231428256,0.35,26760,0,1,0
9.86,5.122134224495,309530.727257932,0,0,0,335585.408134805,667.83231428256,0.35,26760,0,1,0
9.87,5.12856243307943,309920.172717143,0,0,0,336008.171144086,667.83231428256,0.35,26760,0,1,0
9.88,5.13499057807442,310309.614346635,0,0,0,336430.93000124,667.83231428256,0.35,26760,0,1,0
9.89,5.14141865940084,310699.052141633,0,0,0,336853.68470108,667.83231428256,0.35,26760,0,1,0
9.9,5.14784667697958,311088.486097359,0,0,0,337276.43523842,667.83231428256,0.35,26760,0,1,0
9.91,5.15427463073151,311477.916209035,0,0,0,337699.181608075,667.83231428256,0.35,26760,0,1,0
9.92,5.16070252057753,311867.342471886,0,0,0,338121.923804858,667.83231428256,0.35,26760,0,1,0
9.93,5.16713034643854,312256.764881135,0,0,0,338544.661823585,667.83231428256,0.35,26760,0,1,0
9.94,5.17355810823542,312646.183432005,0,0,0,338967.39565907,667.83231428256,0.35,26760,0,1,0
9.95,5.17998580588907,313035.59811972,0,0,0,339390.125306128,667.83231428256,0.35,26760,0,1,0
9.96,5.1864134393204,313425.008939504,0,0,0,339812.850759575,667.83231428256,0.35,26760,0,1,0
9.97,5.19284100845031,313814.415886582,0,0,0,340235.572014225,667.83231428256,0.35,26760,0,1,0
9.98,5.19926851319971,314203.818956177,0,0,0,340658.289064895,667.83231428256,0.35,26760,0,1,0
9.99,5.20569595348951,314593.218143514,0,0,0,341081.001906401,667.83231428256,0.35,26760,0,1,0
10,5.21212332924062,314982.613443819,0,0,0,341503.710533559,667.83231428256,0.35,26760,0,1,0
10.01,5.21855064037397,315372.004852315,0,0,0,341926.414941184,667.83231428256,0.35,26760,0,1,0
10.02,5.22497788681046,315761.392364228,0,0,0,342349.115124094,667.83231428256,0.35,26760,0,1,0
10.03,5.23140506847103,316150.775974784,0,0,0,342771.811077104,667.83231428256,0.35,26760,0,1,0
10.04,5.23783218527661,316540.155679208,0,0,0,343194.502795033,667.83231428256,0.35,26760,0,1,0
10.05,5.24425923714811,316929.531472726,0,0,0,343617.190272697,667.83231428256,0.35,26760,0,1,0
10.06,5.25068622400649,317318.903350563,0,0,0,344039.873504913,667.83231428256,0.35,26760,0,1,0
10.07,5.25711314577266,317708.271307946,0,0,0,344462.552486499,667.83231428256,0.35,26760,0,1,0
10.08,5.26354000236758,318097.635340101,0,0,0,344885.227212273,667.83231428256,0.35,26760,0,1,0
10.09,5.26996679371219,318486.995442254,0,0,0,345307.897677053,667.83231428256,0.35,26760,0,1,0
10.1,5.27639351972743,318876.351609633,0,0,0,345730.563875656,667.83231428256,0.35,26760,0,1,0
10.11,5.28282018033425,319265.703837464,0,0,0,346153.225802902,667.83231428256,0.35,26760,0,1,0
10.12,5.2892467754536,319655.052120974,0,0,0,346575.883453608,667.83231428256,0.35,26760,0,1,0
10.13,5.29567330500645,320044.39645539,0,0,0,346998.536822594,667.83231428256,0.35,26760,0,1,0
10.14,5.30209976891375,320433.736835941,0,0,0,347421.185904679,667.83231428256,0.35,26760,0,1,0
10.15,5.30852616709646,320823.073257852,0,0,0,347843.830694681,667.83231428256,0.35,26760,0,1,0
10.16,5.31495249947555,321212.405716354,0,0,0,348266.471187421,667.83231428256,0.35,26760,0,1,0
10.17,5.32137876597199,321601.734206672,0,0,0,348689.107377718,667.83231428256,0.35,26760,0,1,0
10.18,5.32780496650675,321991.058724037,0,0,0,349111.739260391,667.83231428256,0.35,26760,0,1,0
10.19,5.3342311010008,322380.379263675,0,0,0,349534.366830261,667.83231428256,0.35,26760,0,1,0
10.2,5.34065716937513,322769.695820817,0,0,0,349956.990082149,667.83231428256,0.35,26760,0,1,0
10.21,5.34708317155072,323159.008390689,0,0,0,350379.609010873,667.83231428256,0.35,26760,0,1,0
10.22,5.35350910744855,323548.316968523,0,0,0,350802.223611256,667.83231428256,0.35,26760,0,1,0
10.23,5.35993497698961,323937.621549546,0,0,0,351224.833878119,667.83231428256,0.35,26760,0,1,0
10.24,5.36636078009489,324326.922128989,0,0,0,351647.439806281,667.83231428256,0.35,26760,0,1,0
10.25,5.37278651668539,324716.21870208,0,0,0,352070.041390566,667.83231428256,0.35,26760,0,1,0
10.26,5.37921218668211,325105.511264051,0,0,0,352492.638625793,667.83231428256,0.35,26760,0,1,0
10.27,5.38563779000605,325494.79981013,0,0,0,352915.231506785,667.83231428256,0.35,26760,0,1,0
10.28,5.39206332657822,325884.084335548,0,0,0,353337.820028365,667.83231428256,0.35,26760,0,1,0
10.29,5.39848879631961,326273.364835535,0,0,0,353760.404185354,667.83231428256,0.35,26760,0,1,0
10.3,5.40491419915125,326662.641305322,0,0,0,354182.983972574,667.83231428256,0.35,26760,0,1,0
10.31,5.41133953499415,327051.91374014,0,0,0,354605.559384848,667.83231428256,0.35,26760,0,1,0
10.32,5.41776480376933,327441.18213522,0,0,0,355028.130417,667.83231428256,0.35,26760,0,1,0
10.33,5.4241900053978,327830.446485792,0,0,0,355450.697063851,667.83231428256,0.35,26760,0,1,0
10.34,5.4306151398006,328219.706787089,0,0,0,355873.259320226,667.83231428256,0.35,26760,0,1,0
10.35,5.43704020689876,328608.963034342,0,0,0,356295.817180948,667.83231428256,0.35,26760,0,1,0
10.36,5.4434652066133,328998.215222783,0,0,0,356718.370640841,667.83231428256,0.35,26760,0,1,0
10.37,5.44989013886526,329387.463347644,0,0,0,357140.919694728,667.83231428256,0.35,26760,0,1,0
10.38,5.45631500357567,329776.707404156,0,0,0,357563.464337433,667.83231428256,0.35,26760,0,1,0
10.39,5.46273980066559,330165.947387553,0,0,0,357986.004563782,667.83231428256,0.35,26760,0,1,0
10.4,5.46916453005605,330555.183293067,0,0,0,358408.540368599,667.83231428256,0.35,26760,0,1,0
10.41,5.47558919166811,330944.41511593,0,0,0,358831.071746707,667.83231428256,0.35,26760,0,1,0
10.42,5.48201378542281,331333.642851377,0,0,0,359253.598692933,667.83231428256,0.35,26760,0,1,0
10.43,5.48843831124121,331722.866494639,0,0,0,359676.121202102,667.83231428256,0.35,26760,0,1,0
10.44,5.49486276904437,332112.086040951,0,0,0,360098.639269039,667.83231428256,0.35,26760,0,1,0
10.45,5.50128715875335,332501.301485545,0,0,0,360521.15288857,667.83231428256,0.35,26760,0,1,0
10.46,5.50771148028921,332890.512823657,0,0,0,360943.66205552,667.83231428256,0.35,26760,0,1,0
10.47,5.51413573357303,333279.720050519,0,0,0,361366.166764716,667.83231428256,0.35,26760,0,1,0
10.48,5.52055991852588,333668.923161366,0,0,0,361788.667010984,667.83231428256,0.35,26760,0,1,0
10.49,5.52698403506882,334058.122151433,0,0,0,362211.162789151,667.83231428256,0.35,26760,0,1,0
10.5,5.53340808312295,334447.317015953,0,0,0,362633.654094043,667.83231428256,0.35,26760,0,1,0
10.51,5.53983206260934,334836.507750163,0,0,0,363056.140920488,667.83231428256,0.35,26760,0,1,0
10.52,5.54625597344908,335225.694349296,0,0,0,363478.623263312,667.83231428256,0.35,26760,0,1,0
10.53,5.55267981556325,335614.876808589,0,0,0,363901.101117343,667.83231428256,0.35,26760,0,1,0
10.54,5.55910358887296,336004.055123276,0,0,0,364323.574477409,667.83231428256,0.35,26760,0,1,0
10.55,5.56552729329929,336393.229288593,0,0,0,364746.043338337,667.83231428256,0.35,26760,0,1,0
10.56,5.57195092876334,336782.399299777,0,0,0,365168.507694956,667.83231428256,0.35,26760,0,1,0
10.57,5.57837449518622,337171.565152062,0,0,0,365590.967542094,667.83231428256,0.35,26760,0,1,0
10.58,5.58479799248903,337560.726840686,0,0,0,366013.422874579,667.83231428256,0.35,26760,0,1,0
10.59,5.59122142059288,337949.884360884,0,0,0,366435.87368724,667.83231428256,0.35,26760,0,1,0
10.6,5.59764477941889,338339.037707894,0,0,0,366858.319974907,667.83231428256,0.35,26760,0,1,0
10.61,5.60406806888817,338728.186876952,0,0,0,367280.761732408,667.83231428256,0.35,26760,0,1,0
10.62,5.61049128892184,339117.331863296,0,0,0,367703.198954573,667.83231428256,0.35,26760,0,1,0
10.63,5.61691443944102,339506.472662162,0,0,0,368125.631636231,667.83231428256,0.35,26760,0,1,0
10.64,5.62333752036684,339895.609268788,0,0,0,368548.059772213,667.83231428256,0.35,26760,0,1,0
10.65,5.62976053162043,340284.741678413,0,0,0,368970.483357347,667.83231428256,0.35,26760,0,1,0
10.66,5.63618347312292,340673.869886272,0,0,0,369392.902386466,667.83231428256,0.35,26760,0,1,0
10.67,5.64260634479546,341062.993887606,0,0,0,369815.316854399,667.83231428256,0.35,26760,0,1,0
10.68,5.64902914655917,341452.113677652,0,0,0,370237.726755977,667.83231428256,0.35,26760,0,1,0
10.69,5.65545187833521,341841.229251648,0,0,0,370660.132086031,667.83231428256,0.35,26760,0,1,0
10.7,5.66187454004472,342230.340604834,0,0,0,371082.532839392,667.83231428256,0.35,26760,0,1,0
10.71,5.66829713160885,342619.447732448,0,0,0,371504.929010892,667.83231428256,0.35,26760,0,1,0
10.72,5.67471965294876,343008.550629729,0,0,0,371927.320595362,667.83231428256,0.35,26760,0,1,0
10.73,5.6811421039856,343397.649291917,0,0,0,372349.707587635,667.83231428256,0.35,26760,0,1,0
10.74,5.68756448464054,343786.743714252,0,0,0,372772.089982542,667.83231428256,0.35,26760,0,1,0
10.75,5.69398679483473,344175.833891972,0,0,0,373194.467774915,667.83231428256,0.35,26760,0,1,0
10.76,5.70040903448935,344564.919820319,0,0,0,373616.840959588,667.83231428256,0.35,26760,0,1,0
10.77,5.70683120352558,344954.001494532,0,0,0,374039.209531393,667.83231428256,0.35,26760,0,1,0
10.78,5.71325330186457,345343.078909851,0,0,0,374461.573485163,667.83231428256,0.35,26760,0,1,0
10.79,5.71967532942752,345732.152061518,0,0,0,374883.932815731,667.83231428256,0.35,26760,0,1,0
10.8,5.7260972861356,346121.220944773,0,0,0,375306.287517931,667.83231428256,0.35,26760,0,1,0
10.81,5.73251917191,346510.285554856,0,0,0,375728.637586597,667.83231428256,0.35,26760,0,1,0
10.82,5.73894098667191,346899.345887011,0,0,0,376150.983016562,667.83231428256,0.35,26760,0,1,0
10.83,5.74536273034252,347288.401936476,0,0,0,376573.32380266,667.83231428256,0.35,26760,0,1,0
10.84,5.75178440284303,347677.453698495,0,0,0,376995.659939727,667.83231428256,0.35,26760,0,1,0
10.85,5.75820600409464,348066.50116831,0,0,0,377417.991422596,667.83231428256,0.35,26760,0,1,0
10.86,5.76462753401855,348455.544341161,0,0,0,377840.318246103,667.83231428256,0.35,26760,0,1,0
10.87,5.77104899253596,348844.583212293,0,0,0,378262.640405082,667.83231428256,0.35,26760,0,1,0
10.88,5.77747037956809,349233.617776946,0,0,0,378684.957894369,667.83231428256,0.35,26760,0,1,0
10.89,5.78389169503615,349622.648030364,0,0,0,379107.270708799,667.83231428256,0.35,26760,0,1,0
10.9,5.79031293886136,350011.67396779,0,0,0,379529.578843209,667.83231428256,0.35,26760,0,1,0
10.91,5.79673411096494,350400.695584466,0,0,0,379951.882292433,667.83231428256,0.35,26760,0,1,0
10.92,5.80315521126811,350789.712875637,0,0,0,380374.181051309,667.83231428256,0.35,26760,0,1,0
10.93,5.8095762396921,351178.725836545,0,0,0,380796.475114673,667.83231428256,0.35,26760,0,1,0
10.94,5.81599719615814,351567.734462435,0,0,0,381218.764477362,667.83231428256,0.35,26760,0,1,0
10.95,5.82241808058747,351956.738748551,0,0,0,381641.049134211,667.83231428256,0.35,26760,0,1,0
10.96,5.82883889290132,352345.738690136,0,0,0,382063.32908006,667.83231428256,0.35,26760,0,1,0
10.97,5.83525963302095,352734.734282435,0,0,0,382485.604309744,667.83231428256,0.35,26760,0,1,0
10.98,5.84168030086758,353123.725520693,0,0,0,382907.874818102,667.83231428256,0.35,26760,0,1,0
10.99,5.84810089636248,353512.712400155,0,0,0,383330.140599971,667.83231428256,0.35,26760,0,1,0
11,5.8545214194269,353901.694916065,0,0,0,383752.40165019,667.83231428256,0.35,26760,0,1,0
11.01,5.86094186998209,354290.673063669,0,0,0,384174.657963597,667.83231428256,0.35,26760,0,1,0
11.02,5.8673622479493,354679.646838212,0,0,0,384596.909535029,667.83231428256,0.35,26760,0,1,0
11.03,5.87378255324982,355068.616234941,0,0,0,385019.156359327,667.83231428256,0.35,26760,0,1,0
11.04,5.88020278580489,355457.5812491,0,0,0,385441.39843133,667.83231428256,0.35,26760,0,1,0
11.05,5.8866229455358,355846.541875937,0,0,0,385863.635745875,667.83231428256,0.35,26760,0,1,0
11.06,5.89304303236382,356235.498110697,0,0,0,386285.868297804,667.83231428256,0.35,26760,0,1,0
11.07,5.89946304621022,356624.449948627,0,0,0,386708.096081955,667.83231428256,0.35,26760,0,1,0
11.08,5.90588298699629,357013.397384973,0,0,0,387130.319093168,667.83231428256,0.35,26760,0,1,0
11.09,5.91230285464331,357402.340414984,0,0,0,387552.537326284,667.83231428256,0.35,26760,0,1,0
11.1,5.91872264907258,357791.279033905,0,0,0,387974.750776144,667.83231428256,0.35,26760,0,1,0
11.11,5.92514237020537,358180.213236985,0,0,0,388396.959437587,667.83231428256,0.35,26760,0,1,0
11.12,5.931562017963,358569.143019471,0,0,0,388819.163305455,667.83231428256,0.35,26760,0,1,0
11.13,5.93798159226675,358958.06837661,0,0,0,389241.362374588,667.83231428256,0.35,26760,0,1,0
11.14,5.94440109303794,359346.989303652,0,0,0,389663.556639829,667.83231428256,0.35,26760,0,1,0
11.15,5.95082052019787,359735.905795844,0,0,0,390085.746096018,667.83231428256,0.35,26760,0,1,0
11.16,5.95723987366784,360124.817848434,0,0,0,390507.930737998,667.83231428256,0.35,26760,0,1,0
11.17,5.96365915336918,360513.725456673,0,0,0,390930.110560611,667.83231428256,0.35,26760,0,1,0
11.18,5.9700783592232,360902.628615807,0,0,0,391352.285558698,667.83231428256,0.35,26760,0,1,0
11.19,5.97649749115123,361291.527321088,0,0,0,391774.455727103,667.83231428256,0.35,26760,0,1,0
11.2,5.98291654907458,361680.421567763,0,0,0,392196.621060668,667.83231428256,0.35,26760,0,1,0
11.21,5.98933553291459,362069.311351083,0,0,0,392618.781554237,667.83231428256,0.35,26760,0,1,0
11.22,5.99575444259259,362458.196666297,0,0,0,393040.937202652,667.83231428256,0.35,26760,0,1,0
11.23,6.00217327802992,362847.077508656,0,0,0,393463.088000757,667.83231428256,0.35,26760,0,1,0
11.24,6.00859203914791,363235.953873409,0,0,0,393885.233943395,667.83231428256,0.35,26760,0,1,0
11.25,6.01501072586791,363624.825755808,0,0,0,394307.375025412,667.83231428256,0.35,26760,0,1,0
11.26,6.02142933811126,364013.693151103,0,0,0,394729.51124165,667.83231428256,0.35,26760,0,1,0
11.27,6.02784787579932,364402.556054544,0,0,0,395151.642586955,667.83231428256,0.35,26760,0,1,0
11.28,6.03426633885345,364791.414461384,0,0,0,395573.769056171,667.83231428256,0.35,26760,0,1,0
11.29,6.04068472719499,365180.268366873,0,0,0,395995.890644142,667.83231428256,0.35,26760,0,1,0
11.3,6.04710304074531,365569.117766263,0,0,0,396418.007345715,667.83231428256,0.35,26760,0,1,0
11.31,6.05352127942578,365957.962654805,0,0,0,396840.119155734,667.83231428256,0.35,26760,0,1,0
11.32,6.05993944315777,366346.803027753,0,0,0,397262.226069046,667.83231428256,0.35,26760,0,1,0
11.33,6.06635753186264,366735.638880357,0,0,0,397684.328080496,667.83231428256,0.35,26760,0,1,0
11.34,6.07277554546179,367124.470207871,0,0,0,398106.42518493,667.83231428256,0.35,26760,0,1,0
11.35,6.07919348387657,367513.297005548,0,0,0,398528.517377194,667.83231428256,0.35,26760,0,1,0
11.36,6.08561134702839,367902.119268639,0,0,0,398950.604652136,667.83231428256,0.35,26760,0,1,0
11.37,6.09202913483863,368290.936992399,0,0,0,399372.687004602,667.83231428256,0.35,26760,0,1,0
11.38,6.09844684722867,368679.75017208,0,0,0,399794.764429439,667.83231428256,0.35,26760,0,1,0
11.39,6.10486448411992,369068.558802937,0,0,0,400216.836921494,667.83231428256,0.35,26760,0,1,0
11.4,6.11128204543377,369457.362880223,0,0,0,400638.904475615,667.83231428256,0.35,26760,0,1,0
11.41,6.11769953109163,369846.162399191,0,0,0,401060.967086651,667.83231428256,0.35,26760,0,1,0
11.42,6.12411694101491,370234.957355098,0,0,0,401483.024749448,667.83231428256,0.35,26760,0,1,0
11.43,6.130534275125,370623.747743196,0,0,0,401905.077458856,667.83231428256,0.35,26760,0,1,0
11.44,6.13695153334333,371012.53355874,0,0,0,402327.125209722,667.83231428256,0.35,26760,0,1,0
11.45,6.14336871559132,371401.314796986,0,0,0,402749.167996896,667.83231428256,0.35,26760,0,1,0
11.46,6.14978582179038,371790.091453189,0,0,0,403171.205815226,667.83231428256,0.35,26760,0,1,0
11.47,6.15620285186195,372178.863522604,0,0,0,403593.238659563,667.83231428256,0.35,26760,0,1,0
11.48,6.16261980572744,372567.631000486,0,0,0,404015.266524755,667.83231428256,0.35,26760,0,1,0
11.49,6.1690366833083,372956.393882092,0,0,0,404437.289405652,667.83231428256,0.35,26760,0,1,0
11.5,6.17545348452595,373345.152162678,0,0,0,404859.307297104,667.83231428256,0.35,26760,0,1,0
11.51,6.18187020930185,373733.905837499,0,0,0,405281.320193962,667.83231428256,0.35,26760,0,1,0
11.52,6.18828685755743,374122.654901813,0,0,0,405703.328091076,667.83231428256,0.35,26760,0,1,0
11.53,6.19470342921414,374511.399350876,0,0,0,406125.330983297,667.83231428256,0.35,26760,0,1,0
11.54,6.20111992419343,374900.139179944,0,0,0,406547.328865475,667.83231428256,0.35,26760,0,1,0
11.55,6.20753634241676,375288.874384276,0,0,0,406969.321732463,667.83231428256,0.35,26760,0,1,0
11.56,6.21395268380559,375677.604959129,0,0,0,407391.30957911,667.83231428256,0.35,26760,0,1,0
11.57,6.22036894828138,376066.33089976,0,0,0,407813.292400271,667.83231428256,0.35,26760,0,1,0
11.58,6.2267851357656,376455.052201427,0,0,0,408235.270190795,667.83231428256,0.35,26760,0,1,0
11.59,6.23320124617971,376843.768859389,0,0,0,408657.242945536,667.83231428256,0.35,26760,0,1,0
11.6,6.2396172794452,377232.480868903,0,0,0,409079.210659345,667.83231428256,0.35,26760,0,1,0
11.61,6.24603323548353,377621.188225229,0,0,0,409501.173327077,667.83231428256,0.35,26760,0,1,0
11.62,6.2524491142162,378009.890923624,0,0,0,409923.130943583,667.83231428256,0.35,26760,0,1,0
11.63,6.25886491556469,378398.588959348,0,0,0,410345.083503717,667.83231428256,0.35,26760,0,1,0
11.64,6.26528063945048,378787.282327661,0,0,0,410767.031002332,667.83231428256,0.35,26760,0,1,0
11.65,6.27169628579508,379175.971023821,0,0,0,411188.973434282,667.83231428256,0.35,26760,0,1,0
11.66,6.27811185451997,379564.655043089,0,0,0,411610.910794421,667.83231428256,0.35,26760,0,1,0
11.67,6.28452734554666,379953.334380724,0,0,0,412032.843077604,667.83231428256,0.35,26760,0,1,0
11.68,6.29094275879666,380342.009031986,0,0,0,412454.770278684,667.83231428256,0.35,26760,0,1,0
11.69,6.29735809419147,380730.678992137,0,0,0,412876.692392517,667.83231428256,0.35,26760,0,1,0
11.7,6.3037733516526,381119.344256436,0,0,0,413298.609413957,667.83231428256,0.35,26760,0,1,0
11.71,6.31018853110158,381508.004820144,0,0,0,413720.521337859,667.83231428256,0.35,26760,0,1,0
11.72,6.31660363245992,381896.660678523,0,0,0,414142.42815908,667.83231428256,0.35,26760,0,1,0
11.73,6.32301865564914,382285.311826834,0,0,0,414564.329872474,667.83231428256,0.35,26760,0,1,0
11.74,6.32943360059078,382673.958260338,0,0,0,414986.226472899,667.83231428256,0.35,26760,0,1,0
11.75,6.33584846720637,383062.599974297,0,0,0,415408.117955209,667.83231428256,0.35,26760,0,1,0
11.76,6.34226325541744,383451.236963974,0,0,0,415830.004314261,667.83231428256,0.35,26760,0,1,0
11.77,6.34867796514553,383839.86922463,0,0,0,416251.885544913,667.83231428256,0.35,26760,0,1,0
11.78,6.35509259631219,384228.496751527,0,0,0,416673.761642021,667.83231428256,0.35,26760,0,1,0
11.79,6.36150714883896,384617.119539929,0,0,0,417095.632600442,667.83231428256,0.35,26760,0,1,0
11.8,6.36792162264739,385005.737585099,0,0,0,417517.498415034,667.83231428256,0.35,26760,0,1,0
11.81,6.37433601765904,385394.3508823,0,0,0,417939.359080655,667.83231428256,0.35,26760,0,1,0
11.82,6.38075033379547,385782.959426794,0,0,0,418361.214592162,667.83231428256,0.35,26760,0,1,0
11.83,6.38716457097824,386171.563213847,0,0,0,418783.064944414,667.83231428256,0.35,26760,0,1,0
11.84,6.39357872912892,386560.162238721,0,0,0,419204.91013227,667.83231428256,0.35,26760,0,1,0
11.85,6.39999280816908,386948.75649668,0,0,0,419626.750150587,667.83231428256,0.35,26760,0,1,0
11.86,6.40640680802029,387337.34598299,0,0,0,420048.584994225,667.83231428256,0.35,26760,0,1,0
11.87,6.41282072860413,387725.930692914,0,0,0,420470.414658044,667.83231428256,0.35,26760,0,1,0
11.88,6.41923456984219,388114.510621718,0,0,0,420892.239136902,667.83231428256,0.35,26760,0,1,0
11.89,6.42564833165604,388503.085764667,0,0,0,421314.05842566,667.83231428256,0.35,26760,0,1,0
11.9,6.43206201396729,388891.656117025,0,0,0,421735.872519178,667.83231428256,0.35,26760,0,1,0
11.91,6.43847561669752,389280.221674058,0,0,0,422157.681412315,667.83231428256,0.35,26760,0,1,0
11.92,6.44488913976834,389668.782431033,0,0,0,422579.485099933,667.83231428256,0.35,26760,0,1,0
11.93,6.45130258310134,390057.338383215,0,0,0,423001.283576892,667.83231428256,0.35,26760,0,1,0
11.94,6.45771594661813,390445.889525869,0,0,0,423423.076838053,667.83231428256,0.35,26760,0,1,0
11.95,6.46412923024032,390834.435854264,0,0,0,423844.864878278,667.83231428256,0.35,26760,0,1,0
11.96,6.47054243388953,391222.977363665,0,0,0,424266.647692427,667.83231428256,0.35,26760,0,1,0
11.97,6.47695555748736,391611.514049339,0,0,0,424688.425275364,667.83231428256,0.35,26760,0,1,0
11.98,6.48336860095546,392000.045906554,0,0,0,425110.197621949,667.83231428256,0.35,26760,0,1,0
11.99,6.48978156421543,392388.572930577,0,0,0,425531.964727046,667.83231428256,0.35,26760,0,1,0
12,6.49619444718892,392777.095116676,0,0,0,425953.726585516,667.83231428256,0.35,26760,0,1,0
12.01,6.50260724979754,393165.612460118,0,0,0,426375.483192223,667.83231428256,0.35,26760,0,1,0
12.02,6.50901997196295,393554.124956171,0,0,0,426797.23454203,667.83231428256,0.35,26760,0,1,0
12.03,6.51543261360678,393942.632600104,0,0,0,427218.980629799,667.83231428256,0.35,26760,0,1,0
12.04,6.52184517465068,394331.135387186,0,0,0,427640.721450396,667.83231428256,0.35,26760,0,1,0
12.05,6.52825765501629,394719.633312686,0,0,0,428062.456998683,667.83231428256,0.35,26760,0,1,0
12.06,6.53467005462528,395108.126371872,0,0,0,428484.187269524,667.83231428256,0.35,26760,0,1,0
12.07,6.5410823733993,395496.614560013,0,0,0,428905.912257785,667.83231428256,0.35,26760,0,1,0
12.08,6.54749461126,395885.09787238,0,0,0,429327.631958329,667.83231428256,0.35,26760,0,1,0
12.09,6.55390676812906,396273.576304242,0,0,0,429749.346366022,667.83231428256,0.35,26760,0,1,0
12.1,6.56031884392815,396662.049850869,0,0,0,430171.055475729,667.83231428256,0.35,26760,0,1,0
12.11,6.56673083857894,397050.518507531,0,0,0,430592.759282315,667.83231428256,0.35,26760,0,1,0
12.12,6.5731427520031,397438.982269499,0,0,0,431014.457780646,667.83231428256,0.35,26760,0,1,0
12.13,6.57955458412231,397827.441132044,0,0,0,431436.150965588,667.83231428256,0.35,26760,0,1,0
12.14,6.58596633485827,398215.895090437,0,0,0,431857.838832006,667.83231428256,0.35,26760,0,1,0
12.15,6.59237800413267,398604.344139948,0,0,0,432279.521374769,667.83231428256,0.35,26760,0,1,0
12.16,6.59878959186718,398992.78827585,0,0,0,432701.198588741,667.83231428256,0.35,26760,0,1,0
12.17,6.60520109798353,399381.227493414,0,0,0,433122.870468791,667.83231428256,0.35,26760,0,1,0
12.18,6.61161252240339,399769.661787911,0,0,0,433544.537009785,667.83231428256,0.35,26760,0,1,0
12.19,6.61802386504849,400158.091154615,0,0,0,433966.198206591,667.83231428256,0.35,26760,0,1,0
12.2,6.62443512584053,400546.515588798,0,0,0,434387.854054077,667.83231428256,0.35,26760,0,1,0
12.21,6.63084630470122,400934.935085732,0,0,0,434809.50454711,667.83231428256,0.35,26760,0,1,0
12.22,6.63725740155228,401323.34964069,0,0,0,435231.14968056,667.83231428256,0.35,26760,0,1,0
12.23,6.64366841631543,401711.759248945,0,0,0,435652.789449294,667.83231428256,0.35,26760,0,1,0
12.24,6.65007934891241,402100.163905772,0,0,0,436074.423848182,667.83231428256,0.35,26760,0,1,0
12.25,6.65649019926493,402488.563606442,0,0,0,436496.052872093,667.83231428256,0.35,26760,0,1,0
12.26,6.66290096729473,402876.958346231,0,0,0,436917.676515895,667.83231428256,0.35,26760,0,1,0
12.27,6.66931165292356,403265.348120413,0,0,0,437339.294774459,667.83231428256,0.35,26760,0,1,0
12.28,6.67572225607315,403653.732924261,0,0,0,437760.907642654,667.83231428256,0.35,26760,0,1,0
12.29,6.68213277666524,404042.112753051,0,0,0,438182.515115351,667.83231428256,0.35,26760,0,1,0
12.3,6.6885432146216,404430.487602057,0,0,0,438604.11718742,667.83231428256,0.35,26760,0,1,0
12.31,6.69495356986396,404818.857466555,0,0,0,439025.713853731,667.83231428256,0.35,26760,0,1,0
12.32,6.7013638423141,405207.222341819,0,0,0,439447.305109157,667.83231428256,0.35,26760,0,1,0
12.33,6.70777403189377,405595.582223126,0,0,0,439868.890948566,667.83231428256,0.35,26760,0,1,0
12.34,6.71418413852475,405983.937105751,0,0,0,440290.471366833,667.83231428256,0.35,26760,0,1,0
12.35,6.72059416212879,406372.286984971,0,0,0,440712.046358827,667.83231428256,0.35,26760,0,1,0
12.36,6.72700410262768,406760.631856061,0,0,0,441133.615919421,667.83231428256,0.35,26760,0,1,0
12.37,6.73341395994319,407148.971714298,0,0,0,441555.180043488,667.83231428256,0.35,26760,0,1,0
12.38,6.73982373399711,407537.306554959,0,0,0,441976.738725899,667.83231428256,0.35,26760,0,1,0
12.39,6.74623342471122,407925.636373322,0,0,0,442398.291961528,667.83231428256,0.35,26760,0,1,0
12.4,6.75264303200732,408313.961164663,0,0,0,442819.839745248,667.83231428256,0.35,26760,0,1,0
12.41,6.7590525558072,408702.28092426,0,0,0,443241.382071931,667.83231428256,0.35,26760,0,1,0
12.42,6.76546199603266,409090.595647391,0,0,0,443662.918936453,667.83231428256,0.35,26760,0,1,0
12.43,6.77187135260549,409478.905329334,0,0,0,444084.450333685,667.83231428256,0.35,26760,0,1,0
12.44,6.77828062544753,409867.209965367,0,0,0,444505.976258504,667.83231428256,0.35,26760,0,1,0
12.45,6.78468981448056,410255.509550769,0,0,0,444927.496705783,667.83231428256,0.35,26760,0,1,0
12.46,6.79109891962641,410643.804080818,0,0,0,445349.011670396,667.83231428256,0.35,26760,0,1,0
12.47,6.79750794080689,411032.093550794,0,0,0,445770.521147219,667.83231428256,0.35,26760,0,1,0
12.48,6.80391687794384,411420.377955976,0,0,0,446192.025131127,667.83231428256,0.35,26760,0,1,0
12.49,6.81032573095908,411808.657291644,0,0,0,446613.523616995,667.83231428256,0.35,26760,0,1,0
12.5,6.81673449977444,412196.931553076,0,0,0,447035.0165997,667.83231428256,0.35,26760,0,1,0
12.51,6.82314318431176,412585.200735555,0,0,0,447456.504074117,667.83231428256,0.35,26760,0,1,0
12.52,6.82955178449288,412973.464834358,0,0,0,447877.986035122,667.83231428256,0.35,26760,0,1,0
12.53,6.83596030023965,413361.723844768,0,0,0,448299.462477593,667.83231428256,0.35,26760,0,1,0
12.54,6.8423687314739,413749.977762065,0,0,0,448720.933396405,667.83231428256,0.35,26760,0,1,0
12.55,6.84877707811751,414138.22658153,0,0,0,449142.398786436,667.83231428256,0.35,26760,0,1,0
12.56,6.85518534009231,414526.470298444,0,0,0,449563.858642564,667.83231428256,0.35,26760,0,1,0
12.57,6.86159351732018,414914.708908089,0,0,0,449985.312959665,667.83231428256,0.35,26760,0,1,0
12.58,6.86800160972299,415302.942405746,0,0,0,450406.761732619,667.83231428256,0.35,26760,0,1,0
12.59,6.87440961722259,415691.170786698,0,0,0,450828.204956303,667.83231428256,0.35,26760,0,1,0
12.6,6.88081753974087,416079.394046227,0,0,0,451249.642625595,667.83231428256,0.35,26760,0,1,0
12.61,6.8872253771997,416467.612179616,0,0,0,451671.074735375,667.83231428256,0.35,26760,0,1,0
12.62,6.89363312952096,416855.825182147,0,0,0,452092.501280521,667.83231428256,0.35,26760,0,1,0
12.63,6.90004079662655,417244.033049103,0,0,0,452513.922255913,667.83231428256,0.35,26760,0,1,0
12.64,6.90644837843835,417632.235775768,0,0,0,452935.33765643,667.83231428256,0.35,26760,0,1,0
12.65,6.91285587487826,418020.433357425,0,0,0,453356.747476952,667.83231428256,0.35,26760,0,1,0
12.66,6.91926328586818,418408.625789358,0,0,0,453778.151712359,667.83231428256,0.35,26760,0,1,0
12.67,6.92567061133,418796.813066851,0,0,0,454199.550357531,667.83231428256,0.35,26760,0,1,0
12.68,6.93207785118564,419184.995185189,0,0,0,454620.94340735,667.83231428256,0.35,26760,0,1,0
12.69,6.93848500535702,419573.172139655,0,0,0,455042.330856696,667.83231428256,0.35,26760,0,1,0
12.7,6.94489207376604,419961.343925535,0,0,0,455463.71270045,667.83231428256,0.35,26760,0,1,0
12.71,6.95129905633462,420349.510538114,0,0,0,455885.088933495,667.83231428256,0.35,26760,0,1,0
12.72,6.9577059529847,420737.671972677,0,0,0,456306.45955071,667.83231428256,0.35,26760,0,1,0
12.73,6.96411276363819,421125.82822451,0,0,0,456727.824546979,667.83231428256,0.35,26760,0,1,0
12.74,6.97051948821704,421513.979288898,0,0,0,457149.183917184,667.83231428256,0.35,26760,0,1,0
12.75,6.97692612664317,421902.125161128,0,0,0,457570.537656208,667.83231428256,0.35,26760,0,1,0
12.76,6.98333267883854,422290.265836486,0,0,0,457991.885758932,667.83231428256,0.35,26760,0,1,0
12.77,6.98973914472509,422678.401310259,0,0,0,458413.228220241,667.83231428256,0.35,26760,0,1,0
12.78,6.99614552422476,423066.531577733,0,0,0,458834.565035018,667.83231428256,0.35,26760,0,1,0
12.79,7.00255181725951,423454.656634195,0,0,0,459255.896198147,667.83231428256,0.35,26760,0,1,0
12.8,7.0089580237513,423842.776474933,0,0,0,459677.221704511,667.83231428256,0.35,26760,0,1,0
12.81,7.01536414362209,424230.891095235,0,0,0,460098.541548994,667.83231428256,0.35,26760,0,1,0
12.82,7.02177017679386,424619.000490388,0,0,0,460519.855726482,667.83231428256,0.35,26760,0,1,0
12.83,7.02817612318856,425007.104655681,0,0,0,460941.164231859,667.83231428256,0.35,26760,0,1,0
12.84,7.03458198272818,425395.203586402,0,0,0,461362.46706001,667.83231428256,0.35,26760,0,1,0
12.85,7.0409877553347,425783.297277839,0,0,0,461783.76420582,667.83231428256,0.35,26760,0,1,0
12.86,7.0473934409301,426171.385725281,0,0,0,462205.055664176,667.83231428256,0.35,26760,0,1,0
12.87,7.05379903943636,426559.468924018,0,0,0,462626.341429962,667.83231428256,0.35,26760,0,1,0
12.88,7.06020455077549,426947.546869339,0,0,0,463047.621498065,667.83231428256,0.35,26760,0,1,0
12.89,7.06660997486947,427335.619556533,0,0,0,463468.895863373,667.83231428256,0.35,26760,0,1,0
12.9,7.07301531164031,427723.686980892,0,0,0,463890.16452077,667.83231428256,0.35,26760,0,1,0
12.91,7.07942056101002,428111.749137704,0,0,0,464311.427465145,667.83231428256,0.35,26760,0,1,0
12.92,7.08582572290061,428499.80602226,0,0,0,464732.684691385,667.83231428256,0.35,26760,0,1,0
12.93,7.09223079723408,428887.857629851,0,0,0,465153.936194377,667.83231428256,0.35,26760,0,1,0
12.94,7.09863578393246,429275.903955767,0,0,0,465575.181969008,667.83231428256,0.35,26760,0,1,0
12.95,7.10504068291777,429663.944995301,0,0,0,465996.422010169,667.83231428256,0.35,26760,0,1,0
12.96,7.11144549411204,430051.980743743,0,0,0,466417.656312745,667.83231428256,0.35,26760,0,1,0
12.97,7.1178502174373,430440.011196386,0,0,0,466838.884871628,667.83231428256,0.35,26760,0,1,0
12.98,7.12425485281558,430828.036348521,0,0,0,467260.107681704,667.83231428256,0.35,26760,0,1,0
12.99,7.13065940016893,431216.05619544,0,0,0,467681.324737865,667.83231428256,0.35,26760,0,1,0
13,7.13706385941938,431604.070732437,0,0,0,468102.536034998,667.83231428256,0.35,26760,0,1,0
13.01,7.143468230489,431992.079954803,0,0,0,468523.741567995,667.83231428256,0.35,26760,0,1,0
13.02,7.14987251329983,432380.083857832,0,0,0,468944.941331745,667.83231428256,0.35,26760,0,1,0
13.03,7.15627670777392,432768.082436818,0,0,0,469366.135321138,667.83231428256,0.35,26760,0,1,0
13.04,7.16268081383335,433156.075687052,0,0,0,469787.323531066,667.83231428256,0.35,26760,0,1,0
13.05,7.16908483140017,433544.063603831,0,0,0,470208.505956418,667.83231428256,0.35,26760,0,1,0
13.06,7.17548876039647,433932.046182447,0,0,0,470629.682592087,667.83231428256,0.35,26760,0,1,0
13.07,7.1818926007443,434320.023418195,0,0,0,471050.853432965,667.83231428256,0.35,26760,0,1,0
13.08,7.18829635236576,434707.995306369,0,0,0,471472.018473942,667.83231428256,0.35,26760,0,1,0
13.09,7.19470001518292,435095.961842266,0,0,0,471893.17770991,667.83231428256,0.35,26760,0,1,0
13.1,7.20110358911787,435483.923021178,0,0,0,472314.331135764,667.83231428256,0.35,26760,0,1,0
13.11,7.20750707409271,435871.878838402,0,0,0,472735.478746394,667.83231428256,0.35,26760,0,1,0
13.12,7.21391047002954,436259.829289234,0,0,0,473156.620536694,667.83231428256,0.35,26760,0,1,0
13.13,7.22031377685044,436647.77436897,0,0,0,473577.756501557,667.83231428256,0.35,26760,0,1,0
13.14,7.22671699447754,437035.714072905,0,0,0,473998.886635877,667.83231428256,0.35,26760,0,1,0
13.15,7.23312012283293,437423.648396336,0,0,0,474420.010934547,667.83231428256,0.35,26760,0,1,0
13.16,7.23952316183874,437811.57733456,0,0,0,474841.129392462,667.83231428256,0.35,26760,0,1,0
13.17,7.24592611141708,438199.500882874,0,0,0,475262.242004516,667.83231428256,0.35,26760,0,1,0
13.18,7.25232897149008,438587.419036575,0,0,0,475683.348765603,667.83231428256,0.35,26760,0,1,0
13.19,7.25873174197986,438975.33179096,0,0,0,476104.449670619,667.83231428256,0.35,26760,0,1,0
13.2,7.26513442280855,439363.239141327,0,0,0,476525.544714459,667.83231428256,0.35,26760,0,1,0
13.21,7.2715370138983,439751.141082975,0,0,0,476946.633892018,667.83231428256,0.35,26760,0,1,0
13.22,7.27793951517124,440139.037611201,0,0,0,477367.717198193,667.83231428256,0.35,26760,0,1,0
13.23,7.28434192654951,440526.928721305,0,0,0,477788.794627878,667.83231428256,0.35,26760,0,1,0
13.24,7.29074424795527,440914.814408584,0,0,0,478209.866175971,667.83231428256,0.35,26760,0,1,0
13.25,7.29714647931067,441302.694668339,0,0,0,478630.931837369,667.83231428256,0.35,26760,0,1,0
13.26,7.30354862053787,441690.569495868,0,0,0,479051.991606968,667.83231428256,0.35,26760,0,1,0
13.27,7.30995067155904,442078.43888647,0,0,0,479473.045479665,667.83231428256,0.35,26760,0,1,0
13.28,7.31635263229633,442466.302835447,0,0,0,479894.093450359,667.83231428256,0.35,26760,0,1,0
13.29,7.32275450267192,442854.161338098,0,0,0,480315.135513946,667.83231428256,0.35,26760,0,1,0
13.3,7.329156282608,443242.014389723,0,0,0,480736.171665325,667.83231428256,0.35,26760,0,1,0
13.31,7.33555797202673,443629.861985623,0,0,0,481157.201899395,667.83231428256,0.35,26760,0,1,0
13.32,7.3419595708503,444017.7041211,0,0,0,481578.226211054,667.83231428256,0.35,26760,0,1,0
13.33,7.34836107900091,444405.540791453,0,0,0,481999.244595202,667.83231428256,0.35,26760,0,1,0
13.34,7.35476249640074,444793.371991986,0,0,0,482420.257046736,667.83231428256,0.35,26760,0,1,0
13.35,7.361163822972,445181.197717999,0,0,0,482841.263560558,667.83231428256,0.35,26760,0,1,0
13.36,7.36756505863689,445569.017964794,0,0,0,483262.264131566,667.83231428256,0.35,26760,0,1,0
13.37,7.37396620331761,445956.832727675,0,0,0,483683.258754662,667.83231428256,0.35,26760,0,1,0
13.38,7.38036725693638,446344.642001943,0,0,0,484104.247424745,667.83231428256,0.35,26760,0,1,0
13.39,7.38676821941541,446732.445782901,0,0,0,484525.230136716,667.83231428256,0.35,26760,0,1,0
13.4,7.39316909067693,447120.244065852,0,0,0,484946.206885476,667.83231428256,0.35,26760,0,1,0
13.41,7.39956987064317,447508.0368461,0,0,0,485367.177665927,667.83231428256,0.35,26760,0,1,0
13.42,7.40597055923634,447895.824118948,0,0,0,485788.14247297,667.83231428256,0.35,26760,0,1,0
13.43,7.41237115637869,448283.605879701,0,0,0,486209.101301507,667.83231428256,0.35,26760,0,1,0
13.44,7.41877166199245,448671.382123662,0,0,0,486630.05414644,667.83231428256,0.35,26760,0,1,0
13.45,7.42517207599987,449059.152846136,0,0,0,487051.001002673,667.83231428256,0.35,26760,0,1,0
13.46,7.43157239832319,449446.918042427,0,0,0,487471.941865106,667.83231428256,0.35,26760,0,1,0
13.47,7.43797262888467,449834.677707841,0,0,0,487892.876728645,667.83231428256,0.35,26760,0,1,0
13.48,7.44437276760656,450222.431837683,0,0,0,488313.805588191,667.83231428256,0.35,26760,0,1,0
13.49,7.45077281441113,450610.180427258,0,0,0,488734.728438649,667.83231428256,0.35,26760,0,1,0
13.5,7.45717276922065,450997.923471872,0,0,0,489155.645274922,667.83231428256,0.35,26760,0,1,0
13.51,7.46357263195737,451385.660966832,0,0,0,489576.556091915,667.83231428256,0.35,26760,0,1,0
13.52,7.46997240254358,451773.392907443,0,0,0,489997.460884533,667.83231428256,0.35,26760,0,1,0
13.53,7.47637208090156,452161.119289012,0,0,0,490418.35964768,667.83231428256,0.35,26760,0,1,0
13.54,7.48277166695359,452548.840106846,0,0,0,490839.252376262,667.83231428256,0.35,26760,0,1,0
13.55,7.48917116062196,452936.555356252,0,0,0,491260.139065182,667.83231428256,0.35,26760,0,1,0
13.56,7.49557056182897,453324.265032538,0,0,0,491681.019709349,667.83231428256,0.35,26760,0,1,0
13.57,7.5019698704969,453711.969131011,0,0,0,492101.894303667,667.83231428256,0.35,26760,0,1,0
13.58,7.50836908654806,454099.66764698,0,0,0,492522.762843043,667.83231428256,0.35,26760,0,1,0
13.59,7.51476820990477,454487.360575752,0,0,0,492943.625322384,667.83231428256,0.35,26760,0,1,0
13.6,7.52116724048932,454875.047912636,0,0,0,493364.481736596,667.83231428256,0.35,26760,0,1,0
13.61,7.52756617822405,455262.729652941,0,0,0,493785.332080586,667.83231428256,0.35,26760,0,1,0
13.62,7.53396502303125,455650.405791976,0,0,0,494206.176349263,667.83231428256,0.35,26760,0,1,0
13.63,7.54036377483328,456038.07632505,0,0,0,494627.014537533,667.83231428256,0.35,26760,0,1,0
13.64,7.54676243355244,456425.741247473,0,0,0,495047.846640306,667.83231428256,0.35,26760,0,1,0
13.65,7.55316099911108,456813.400554554,0,0,0,495468.672652489,667.83231428256,0.35,26760,0,1,0
13.66,7.55955947143153,457201.054241605,0,0,0,495889.492568991,667.83231428256,0.35,26760,0,1,0
13.67,7.56595785043615,457588.702303935,0,0,0,496310.306384721,667.83231428256,0.35,26760,0,1,0
13.68,7.57235613604727,457976.344736855,0,0,0,496731.114094589,667.83231428256,0.35,26760,0,1,0
13.69,7.57875432818725,458363.981535676,0,0,0,497151.915693503,667.83231428256,0.35,26760,0,1,0
13.7,7.58515242677844,458751.61269571,0,0,0,497572.711176375,667.83231428256,0.35,26760,0,1,0
13.71,7.59155043174321,459139.238212267,0,0,0,497993.500538113,667.83231428256,0.35,26760,0,1,0
13.72,7.59794834300393,459526.85808066,0,0,0,498414.283773629,667.83231428256,0.35,26760,0,1,0
13.73,7.60434616048296,459914.472296201,0,0,0,498835.060877833,667.83231428256,0.35,26760,0,1,0
13.74,7.61074388410268,460302.080854202,0,0,0,499255.831845637,667.83231428256,0.35,26760,0,1,0
13.75,7.61714151378547,460689.683749976,0,0,0,499676.596671952,667.83231428256,0.35,26760,0,1,0
13.76,7.62353904945372,461077.280978835,0,0,0,500097.355351689,667.83231428256,0.35,26760,0,1,0
13.77,7.62993649102982,461464.872536094,0,0,0,500518.107879761,667.83231428256,0.35,26760,0,1,0
13.78,7.63633383843615,461852.458417065,0,0,0,500938.854251079,667.83231428256,0.35,26760,0,1,0
13.79,7.64273109159512,462240.038617062,0,0,0,501359.594460557,667.83231428256,0.35,26760,0,1,0
13.8,7.64912825042913,462627.613131399,0,0,0,501780.328503107,667.83231428256,0.35,26760,0,1,0
13.81,7.65552531486059,463015.181955391,0,0,0,502201.056373642,667.83231428256,0.35,26760,0,1,0
13.82,7.66192228481192,463402.745084352,0,0,0,502621.778067077,667.83231428256,0.35,26760,0,1,0
13.83,7.66831916020552,463790.302513597,0,0,0,503042.493578324,667.83231428256,0.35,26760,0,1,0
13.84,7.67471594096382,464177.854238441,0,0,0,503463.202902298,667.83231428256,0.35,26760,0,1,0
13.85,7.68111262700925,464565.4002542,0,0,0,503883.906033914,667.83231428256,0.35,26760,0,1,0
13.86,7.68750921826424,464952.940556189,0,0,0,504304.602968085,667.83231428256,0.35,26760,0,1,0
13.87,7.69390571465122,465340.475139724,0,0,0,504725.293699727,667.83231428256,0.35,26760,0,1,0
13.88,7.70030211609264,465728.004000122,0,0,0,505145.978223756,667.83231428256,0.35,26760,0,1,0
13.89,7.70669842251094,466115.527132699,0,0,0,505566.656535087,667.83231428256,0.35,26760,0,1,0
13.9,7.71309463382857,466503.044532771,0,0,0,505987.328628635,667.83231428256,0.35,26760,0,1,0
13.91,7.71949074996798,466890.556195657,0,0,0,506407.994499317,667.83231428256,0.35,26760,0,1,0
13.92,7.72588677085164,467278.062116673,0,0,0,506828.654142051,667.83231428256,0.35,26760,0,1,0
13.93,7.732282696402,467665.562291137,0,0,0,507249.307551751,667.83231428256,0.35,26760,0,1,0
13.94,7.73867852654154,468053.056714367,0,0,0,507669.954723336,667.83231428256,0.35,26760,0,1,0
13.95,7.74507426119274,468440.545381682,0,0,0,508090.595651723,667.83231428256,0.35,26760,0,1,0
13.96,7.75146990027805,468828.028288399,0,0,0,508511.23033183,667.83231428256,0.35,26760,0,1,0
13.97,7.75786544371998,469215.505429837,0,0,0,508931.858758574,667.83231428256,0.35,26760,0,1,0
13.98,7.76426089144101,469602.976801317,0,0,0,509352.480926875,667.83231428256,0.35,26760,0,1,0
13.99,7.77065624336362,469990.442398156,0,0,0,509773.096831651,667.83231428256,0.35,26760,0,1,0
14,7.77705149941032,470377.902215675,0,0,0,510193.70646782,667.83231428256,0.35,26760,0,1,0
14.01,7.78344665950361,470765.356249193,0,0,0,510614.309830303,667.83231428256,0.35,26760,0,1,0
14.02,7.78984172356599,471152.804494031,0,0,0,511034.906914018,667.83231428256,0.35,26760,0,1,0
14.03,7.79623669151998,471540.24694551,0,0,0,511455.497713885,667.83231428256,0.35,26760,0,1,0
14.04,7.80263156328809,471927.683598949,0,0,0,511876.082224826,667.83231428256,0.35,26760,0,1,0
14.05,7.80902633879283,472315.11444967,0,0,0,512296.66044176,667.83231428256,0.35,26760,0,1,0
14.06,7.81542101795675,472702.539492995,0,0,0,512717.232359607,667.83231428256,0.35,26760,0,1,0
14.07,7.82181560070236,473089.958724245,0,0,0,513137.79797329,667.83231428256,0.35,26760,0,1,0
14.08,7.8282100869522,473477.372138741,0,0,0,513558.35727773,667.83231428256,0.35,26760,0,1,0
14.09,7.83460447662881,473864.779731807,0,0,0,513978.910267848,667.83231428256,0.35,26760,0,1,0
14.1,7.84099876965473,474252.181498764,0,0,0,514399.456938566,667.83231428256,0.35,26760,0,1,0
14.11,7.84739296595252,474639.577434936,0,0,0,514819.997284807,667.83231428256,0.35,26760,0,1,0
14.12,7.85378706544472,475026.967535645,0,0,0,515240.531301494,667.83231428256,0.35,26760,0,1,0
14.13,7.86018106805389,475414.351796215,0,0,0,515661.058983549,667.83231428256,0.35,26760,0,1,0
14.14,7.86657497370261,475801.730211969,0,0,0,516081.580325895,667.83231428256,0.35,26760,0,1,0
14.15,7.87296878231342,476189.102778231,0,0,0,516502.095323457,667.83231428256,0.35,26760,0,1,0
14.16,7.87936249380892,476576.469490326,0,0,0,516922.603971158,667.83231428256,0.35,26760,0,1,0
14.17,7.88575610811167,476963.830343577,0,0,0,517343.106263923,667.83231428256,0.35,26760,0,1,0
14.18,7.89214962514426,477351.185333311,0,0,0,517763.602196675,667.83231428256,0.35,26760,0,1,0
14.19,7.89854304482927,477738.53445485,0,0,0,518184.091764341,667.83231428256,0.35,26760,0,1,0
14.2,7.90493636708929,478125.877703522,0,0,0,518604.574961844,667.83231428256,0.35,26760,0,1,0
14.21,7.91132959184693,478513.215074652,0,0,0,519025.05178411,667.83231428256,0.35,26760,0,1,0
14.22,7.91772271902478,478900.546563565,0,0,0,519445.522226066,667.83231428256,0.35,26760,0,1,0
14.23,7.92411574854545,479287.872165588,0,0,0,519865.986282637,667.83231428256,0.35,26760,0,1,0
14.24,7.93050868033156,479675.191876047,0,0,0,520286.443948749,667.83231428256,0.35,26760,0,1,0
14.25,7.9369015143057,480062.505690269,0,0,0,520706.89521933,667.83231428256,0.35,26760,0,1,0
14.26,7.94329425039052,480449.813603581,0,0,0,521127.340089306,667.83231428256,0.35,26760,0,1,0
14.27,7.94968688850862,480837.11561131,0,0,0,521547.778553605,667.83231428256,0.35,26760,0,1,0
14.28,7.95607942858265,481224.411708784,0,0,0,521968.210607154,667.83231428256,0.35,26760,0,1,0
14.29,7.96247187053523,481611.701891332,0,0,0,522388.636244881,667.83231428256,0.35,26760,0,1,0
14.3,7.96886421428901,481998.98615428,0,0,0,522809.055461715,667.83231428256,0.35,26760,0,1,0
14.31,7.97525645976663,482386.264492958,0,0,0,523229.468252584,667.83231428256,0.35,26760,0,1,0
14.32,7.98164860689074,482773.536902695,0,0,0,523649.874612417,667.83231428256,0.35,26760,0,1,0
14.33,7.98804065558399,483160.803378819,0,0,0,524070.274536143,667.83231428256,0.35,26760,0,1,0
14.34,7.99443260576904,483548.06391666,0,0,0,524490.668018692,667.83231428256,0.35,26760,0,1,0
14.35,8.00082445736857,483935.318511548,0,0,0,524911.055054994,667.83231428256,0.35,26760,0,1,0
14.36,8.00721621030523,484322.567158812,0,0,0,525331.435639978,667.83231428256,0.35,26760,0,1,0
14.37,8.01360786450169,484709.809853783,0,0,0,525751.809768575,667.83231428256,0.35,26760,0,1,0
14.38,8.01999941988065,485097.046591791,0,0,0,526172.177435717,667.83231428256,0.35,26760,0,1,0
14.39,8.02639087636477,485484.277368167,0,0,0,526592.538636334,667.83231428256,0.35,26760,0,1,0
14.4,8.03278223387676,485871.502178242,0,0,0,527012.893365357,667.83231428256,0.35,26760,0,1,0
14.41,8.0391734923393,486258.721017348,0,0,0,527433.241617718,667.83231428256,0.35,26760,0,1,0
14.42,8.04556465167508,486645.933880816,0,0,0,527853.58338835,667.83231428256,0.35,26760,0,1,0
14.43,8.05195571180682,487033.140763979,0,0,0,528273.918672184,667.83231428256,0.35,26760,0,1,0
14.44,8.05834667265722,487420.341662168,0,0,0,528694.247464154,667.83231428256,0.35,26760,0,1,0
14.45,8.06473753414899,487807.536570716,0,0,0,529114.569759192,667.83231428256,0.35,26760,0,1,0
14.46,8.07112829620484,488194.725484957,0,0,0,529534.885552232,667.83231428256,0.35,26760,0,1,0
14.47,8.07751895874751,488581.908400222,0,0,0,529955.194838207,667.83231428256,0.35,26760,0,1,0
14.48,8.08390952169972,488969.085311846,0,0,0,530375.497612052,667.83231428256,0.35,26760,0,1,0
14.49,8.0902999849842,489356.256215163,0,0,0,530795.7938687,667.83231428256,0.35,26760,0,1,0
14.5,8.09669034852369,489743.421105506,0,0,0,531216.083603086,667.83231428256,0.35,26760,0,1,0
14.51,8.10308061224092,490130.579978209,0,0,0,531636.366810145,667.83231428256,0.35,26760,0,1,0
14.52,8.10947077605865,490517.732828608,0,0,0,532056.643484812,667.83231428256,0.35,26760,0,1,0
14.53,8.11586083989963,490904.879652037,0,0,0,532476.913622024,667.83231428256,0.35,26760,0,1,0
14.54,8.12225080368661,491292.020443832,0,0,0,532897.177216715,667.83231428256,0.35,26760,0,1,0
14.55,8.12864066734236,491679.155199328,0,0,0,533317.434263821,667.83231428256,0.35,26760,0,1,0
14.56,8.13503043078963,492066.28391386,0,0,0,533737.68475828,667.83231428256,0.35,26760,0,1,0
14.57,8.14142009395121,492453.406582766,0,0,0,534157.928695029,667.83231428256,0.35,26760,0,1,0
14.58,8.14780965674987,492840.523201381,0,0,0,534578.166069003,667.83231428256,0.35,26760,0,1,0
14.59,8.15419911910839,493227.633765041,0,0,0,534998.396875142,667.83231428256,0.35,26760,0,1,0
14.6,8.16058848094955,493614.738269085,0,0,0,535418.621108382,667.83231428256,0.35,26760,0,1,0
14.61,8.16697774219615,494001.836708849,0,0,0,535838.838763662,667.83231428256,0.35,26760,0,1,0
14.62,8.17336690277098,494388.929079671,0,0,0,536259.04983592,667.83231428256,0.35,26760,0,1,0
14.63,8.17975596259684,494776.015376888,0,0,0,536679.254320094,667.83231428256,0.35,26760,0,1,0
14.64,8.18614492159654,495163.095595839,0,0,0,537099.452211125,667.83231428256,0.35,26760,0,1,0
14.65,8.19253377969289,495550.169731863,0,0,0,537519.643503951,667.83231428256,0.35,26760,0,1,0
14.66,8.19892253680871,495937.237780298,0,0,0,537939.828193512,667.83231428256,0.35,26760,0,1,0
14.67,8.20531119286681,496324.299736483,0,0,0,538360.006274748,667.83231428256,0.35,26760,0,1,0
14.68,8.21169974779002,496711.355595757,0,0,0,538780.177742599,667.83231428256,0.35,26760,0,1,0
14.69,8.21808820150117,497098.40535346,0,0,0,539200.342592007,667.83231428256,0.35,26760,0,1,0
14.7,8.2244765539231,497485.449004933,0,0,0,539620.500817912,667.83231428256,0.35,26760,0,1,0
14.71,8.23086480497864,497872.486545515,0,0,0,540040.652415255,667.83231428256,0.35,26760,0,1,0
14.72,8.23725295459065,498259.517970547,0,0,0,540460.797378979,667.83231428256,0.35,26760,0,1,0
14.73,8.24364100268197,498646.54327537,0,0,0,540880.935704024,667.83231428256,0.35,26760,0,1,0
14.74,8.25002894917546,499033.562455324,0,0,0,541301.067385334,667.83231428256,0.35,26760,0,1,0
14.75,8.25641679399397,499420.575505752,0,0,0,541721.192417851,667.83231428256,0.35,26760,0,1,0
14.76,8.26280453706038,499807.582421995,0,0,0,542141.310796518,667.83231428256,0.35,26760,0,1,0
14.77,8.26919217829756,500194.583199395,0,0,0,542561.422516278,667.83231428256,0.35,26760,0,1,0
14.78,8.27557971762837,500581.577833295,0,0,0,542981.527572075,667.83231428256,0.35,26760,0,1,0
14.79,8.2819671549757,500968.566319036,0,0,0,543401.625958852,667.83231428256,0.35,26760,0,1,0
14.8,8.28835449026244,501355.548651963,0,0,0,543821.717671555,667.83231428256,0.35,26760,0,1,0
14.81,8.29474172341147,501742.524827418,0,0,0,544241.802705127,667.83231428256,0.35,26760,0,1,0
14.82,8.30112885434569,502129.494840745,0,0,0,544661.881054514,667.83231428256,0.35,26760,0,1,0
14.83,8.307515882988,502516.458687287,0,0,0,545081.95271466,667.83231428256,0.35,26760,0,1,0
14.84,8.31390280926131,502903.41636239,0,0,0,545502.017680512,667.83231428256,0.35,26760,0,1,0
14.85,8.32028963308852,503290.367861396,0,0,0,545922.075947014,667.83231428256,0.35,26760,0,1,0
14.86,8.32667635439256,503677.313179652,0,0,0,546342.127509114,667.83231428256,0.35,26760,0,1,0
14.87,8.33306297309634,504064.252312502,0,0,0,546762.172361759,667.83231428256,0.35,26760,0,1,0
14.88,8.33944948912278,504451.185255291,0,0,0,547182.210499893,667.83231428256,0.35,26760,0,1,0
14.89,8.34583590239482,504838.112003365,0,0,0,547602.241918466,667.83231428256,0.35,26760,0,1,0
14.9,8.3522222128354,505225.03255207,0,0,0,548022.266612424,667.83231428256,0.35,26760,0,1,0
14.91,8.35860842036745,505611.946896753,0,0,0,548442.284576715,667.83231428256,0.35,26760,0,1,0
14.92,8.36499452491392,505998.855032759,0,0,0,548862.295806288,667.83231428256,0.35,26760,0,1,0
14.93,8.37138052639776,506385.756955436,0,0,0,549282.300296091,667.83231428256,0.35,26760,0,1,0
14.94,8.37776642474192,506772.652660131,0,0,0,549702.298041073,667.83231428256,0.35,26760,0,1,0
14.95,8.38415221986937,507159.542142191,0,0,0,550122.289036182,667.83231428256,0.35,26760,0,1,0
14.96,8.39053791170308,507546.425396965,0,0,0,550542.273276369,667.83231428256,0.35,26760,0,1,0
14.97,8.396923500166,507933.302419799,0,0,0,550962.250756583,667.83231428256,0.35,26760,0,1,0
14.98,8.40330898518113,508320.173206043,0,0,0,551382.221471775,667.83231428256,0.35,26760,0,1,0
14.99,8.40969436667143,508707.037751046,0,0,0,551802.185416895,667.83231428256,0.35,26760,0,1,0
15,8.4160796445599,509093.896050155,0,0,0,552222.142586893,667.83231428256,0.35,26760,0,1,0
15.01,8.42246481876953,509480.748098721,0,0,0,552642.092976721,667.83231428256,0.35,26760,0,1,0
15.02,8.42884988922331,509867.593892094,0,0,0,553062.03658133,667.83231428256,0.35,26760,0,1,0
15.03,8.43523485584425,510254.433425622,0,0,0,553481.973395673,667.83231428256,0.35,26760,0,1,0
15.04,8.44161971855535,510641.266694656,0,0,0,553901.9034147,667.83231428256,0.35,26760,0,1,0
15.05,8.44800447727962,511028.093694548,0,0,0,554321.826633366,667.83231428256,0.35,26760,0,1,0
15.06,8.45438913194008,511414.914420647,0,0,0,554741.743046622,667.83231428256,0.35,26760,0,1,0
15.07,8.46077368245975,511801.728868304,0,0,0,555161.652649421,667.83231428256,0.35,26760,0,1,0
15.08,8.46715812876166,512188.537032872,0,0,0,555581.555436718,667.83231428256,0.35,26760,0,1,0
15.09,8.47354247076884,512575.338909701,0,0,0,556001.451403465,667.83231428256,0.35,26760,0,1,0
15.1,8.47992670840432,512962.134494145,0,0,0,556421.340544617,667.83231428256,0.35,26760,0,1,0
15.11,8.48631084159115,513348.923781555,0,0,0,556841.222855129,667.83231428256,0.35,26760,0,1,0
15.12,8.49269487025238,513735.706767283,0,0,0,557261.098329955,667.83231428256,0.35,26760,0,1,0
15.13,8.49907879431106,514122.483446684,0,0,0,557680.966964051,667.83231428256,0.35,26760,0,1,0
15.14,8.50546261369025,514509.25381511,0,0,0,558100.828752371,667.83231428256,0.35,26760,0,1,0
15.15,8.511846328313,514896.017867914,0,0,0,558520.683689872,667.83231428256,0.35,26760,0,1,0
15.16,8.51822993810239,515282.775600451,0,0,0,558940.531771509,667.83231428256,0.35,26760,0,1,0
15.17,8.52461344298149,515669.527008075,0,0,0,559360.37299224,667.83231428256,0.35,26760,0,1,0
15.18,8.53099684287337,516056.27208614,0,0,0,559780.20734702,667.83231428256,0.35,26760,0,1,0
15.19,8.53738013770113,516443.010830002,0,0,0,560200.034830808,667.83231428256,0.35,26760,0,1,0
15.2,8.54376332738785,516829.743235014,0,0,0,560619.85543856,667.83231428256,0.35,26760,0,1,0
15.21,8.55014641185661,517216.469296534,0,0,0,561039.669165235,667.83231428256,0.35,26760,0,1,0
15.22,8.55652939103054,517603.189009916,0,0,0,561459.47600579,667.83231428256,0.35,26760,0,1,0
15.23,8.56291226483271,517989.902370516,0,0,0,561879.275955184,667.83231428256,0.35,26760,0,1,0
15.24,8.56929503318625,518376.609373691,0,0,0,562299.069008376,667.83231428256,0.35,26760,0,1,0
15.25,8.57567769601426,518763.310014798,0,0,0,562718.855160325,667.83231428256,0.35,26760,0,1,0
15.26,8.58206025323988,519150.004289193,0,0,0,563138.63440599,667.83231428256,0.35,26760,0,1,0
15.27,8.58844270478621,519536.692192234,0,0,0,563558.406740331,667.83231428256,0.35,26760,0,1,0
15.28,8.5948250505764,519923.373719279,0,0,0,563978.172158309,667.83231428256,0.35,26760,0,1,0
15.29,8.60120729053357,520310.048865684,0,0,0,564397.930654884,667.83231428256,0.35,26760,0,1,0
15.3,8.60758942458087,520696.71762681,0,0,0,564817.682225016,667.83231428256,0.35,26760,0,1,0
15.31,8.61397145264144,521083.379998013,0,0,0,565237.426863667,667.83231428256,0.35,26760,0,1,0
15.32,8.62035337463843,521470.035974653,0,0,0,565657.164565798,667.83231428256,0.35,26760,0,1,0
15.33,8.626735190495,521856.68555209,0,0,0,566076.895326372,667.83231428256,0.35,26760,0,1,0
15.34,8.6331169001343,522243.328725682,0,0,0,566496.619140349,667.83231428256,0.35,26760,0,1,0
15.35,8.63949850347952,522629.965490789,0,0,0,566916.336002694,667.83231428256,0.35,26760,0,1,0
15.36,8.6458800004538,523016.595842771,0,0,0,567336.045908368,667.83231428256,0.35,26760,0,1,0
15.37,8.65226139098034,523403.21977699,0,0,0,567755.748852335,667.83231428256,0.35,26760,0,1,0
15.38,8.65864267498232,523789.837288805,0,0,0,568175.444829559,667.83231428256,0.35,26760,0,1,0
15.39,8.66502385238291,524176.448373578,0,0,0,568595.133835003,667.83231428256,0.35,26760,0,1,0
15.4,8.67140492310531,524563.053026669,0,0,0,569014.815863632,667.83231428256,0.35,26760,0,1,0
15.41,8.67778588707273,524949.651243441,0,0,0,569434.490910409,667.83231428256,0.35,26760,0,1,0
15.42,8.68416674420835,525336.243019256,0,0,0,569854.158970301,667.83231428256,0.35,26760,0,1,0
15.43,8.6905474944354,525722.828349475,0,0,0,570273.820038271,667.83231428256,0.35,26760,0,1,0
15.44,8.69692813767708,526109.407229462,0,0,0,570693.474109287,667.83231428256,0.35,26760,0,1,0
15.45,8.70330867385661,526495.979654579,0,0,0,571113.121178313,667.83231428256,0.35,26760,0,1,0
15.46,8.70968910289721,526882.54562019,0,0,0,571532.761240316,667.83231428256,0.35,26760,0,1,0
15.47,8.71606942472212,527269.105121658,0,0,0,571952.394290263,667.83231428256,0.35,26760,0,1,0
15.48,8.72244963925457,527655.658154347,0,0,0,572372.02032312,667.83231428256,0.35,26760,0,1,0
15.49,8.72882974641779,528042.204713621,0,0,0,572791.639333855,667.83231428256,0.35,26760,0,1,0
15.5,8.73520974613503,528428.744794845,0,0,0,573211.251317435,667.83231428256,0.35,26760,0,1,0
15.51,8.74158963832955,528815.278393383,0,0,0,573630.856268829,667.83231428256,0.35,26760,0,1,0
15.52,8.74796942292458,529201.805504601,0,0,0,574050.454183004,667.83231428256,0.35,26760,0,1,0
15.53,8.75434909984341,529588.326123863,0,0,0,574470.045054929,667.83231428256,0.35,26760,0,1,0
15.54,8.76072866900928,529974.840246537,0,0,0,574889.628879574,667.83231428256,0.35,26760,0,1,0
15.55,8.76710813034548,530361.347867987,0,0,0,575309.205651907,667.83231428256,0.35,26760,0,1,0
15.56,8.77348748377528,530747.848983581,0,0,0,575728.775366899,667.83231428256,0.35,26760,0,1,0
15.57,8.77986672922195,531134.343588684,0,0,0,576148.338019519,667.83231428256,0.35,26760,0,1,0
15.58,8.7862458666088,531520.831678664,0,0,0,576567.893604737,667.83231428256,0.35,26760,0,1,0
15.59,8.7926248958591,531907.313248889,0,0,0,576987.442117525,667.83231428256,0.35,26760,0,1,0
15.6,8.79900381689615,532293.788294726,0,0,0,577406.983552854,667.83231428256,0.35,26760,0,1,0
15.61,8.80538262964326,532680.256811542,0,0,0,577826.517905694,667.83231428256,0.35,26760,0,1,0
15.62,8.81176133402374,533066.718794706,0,0,0,578246.045171018,667.83231428256,0.35,26760,0,1,0
15.63,8.8181399299609,533453.174239588,0,0,0,578665.565343798,667.83231428256,0.35,26760,0,1,0
15.64,8.82451841737806,533839.623141555,0,0,0,579085.078419005,667.83231428256,0.35,26760,0,1,0
15.65,8.83089679619853,534226.065495977,0,0,0,579504.584391614,667.83231428256,0.35,26760,0,1,0
15.66,8.83727506634566,534612.501298224,0,0,0,579924.083256597,667.83231428256,0.35,26760,0,1,0
15.67,8.84365322774277,534998.930543665,0,0,0,580343.575008927,667.83231428256,0.35,26760,0,1,0
15.68,8.8500312803132,535385.35322767,0,0,0,580763.059643579,667.83231428256,0.35,26760,0,1,0
15.69,8.85640922398031,535771.769345611,0,0,0,581182.537155526,667.83231428256,0.35,26760,0,1,0
15.7,8.86278705866743,536158.178892858,0,0,0,581602.007539743,667.83231428256,0.35,26760,0,1,0
15.71,8.86916478429793,536544.581864782,0,0,0,582021.470791205,667.83231428256,0.35,26760,0,1,0
15.72,8.87554240079516,536930.978256754,0,0,0,582440.926904887,667.83231428256,0.35,26760,0,1,0
15.73,8.8819199080825,537317.368064147,0,0,0,582860.375875764,667.83231428256,0.35,26760,0,1,0
15.74,8.88829730608331,537703.751282332,0,0,0,583279.817698814,667.83231428256,0.35,26760,0,1,0
15.75,8.89467459472097,538090.127906683,0,0,0,583699.25236901,667.83231428256,0.35,26760,0,1,0
15.76,8.90105177391887,538476.497932571,0,0,0,584118.679881332,667.83231428256,0.35,26760,0,1,0
15.77,8.90742884360039,538862.86135537,0,0,0,584538.100230754,667.83231428256,0.35,26760,0,1,0
15.78,8.91380580368893,539249.218170453,0,0,0,584957.513412255,667.83231428256,0.35,26760,0,1,0
15.79,8.92018265410787,539635.568373194,0,0,0,585376.919420813,667.83231428256,0.35,26760,0,1,0
15.8,8.92655939478064,540021.911958967,0,0,0,585796.318251405,667.83231428256,0.35,26760,0,1,0
15.81,8.93293602563063,540408.248923147,0,0,0,586215.709899009,667.83231428256,0.35,26760,0,1,0
15.82,8.93931254658126,540794.579261107,0,0,0,586635.094358605,667.83231428256,0.35,26760,0,1,0
15.83,8.94568895755595,541180.902968224,0,0,0,587054.471625171,667.83231428256,0.35,26760,0,1,0
15.84,8.95206525847813,541567.220039872,0,0,0,587473.841693687,667.83231428256,0.35,26760,0,1,0
15.85,8.95844144927122,541953.530471428,0,0,0,587893.204559132,667.83231428256,0.35,26760,0,1,0
15.86,8.96481752985867,542339.834258266,0,0,0,588312.560216487,667.83231428256,0.35,26760,0,1,0
15.87,8.97119350016392,542726.131395764,0,0,0,588731.908660732,667.83231428256,0.35,26760,0,1,0
15.88,8.9775693601104,543112.421879298,0,0,0,589151.249886847,667.83231428256,0.35,26760,0,1,0
15.89,8.98394510962158,543498.705704245,0,0,0,589570.583889815,667.83231428256,0.35,26760,0,1,0
15.9,8.99032074862091,543884.982865982,0,0,0,589989.910664616,667.83231428256,0.35,26760,0,1,0
15.91,8.99669627703185,544271.253359887,0,0,0,590409.230206233,667.83231428256,0.35,26760,0,1,0
15.92,9.00307169477788,544657.517181337,0,0,0,590828.542509647,667.83231428256,0.35,26760,0,1,0
15.93,9.00944700178246,545043.774325712,0,0,0,591247.847569841,667.83231428256,0.35,26760,0,1,0
15.94,9.01582219796908,545430.02478839,0,0,0,591667.145381798,667.83231428256,0.35,26760,0,1,0
15.95,9.02219728326122,545816.268564749,0,0,0,592086.435940501,667.83231428256,0.35,26760,0,1,0
15.96,9.02857225758238,546202.505650169,0,0,0,592505.719240934,667.83231428256,0.35,26760,0,1,0
15.97,9.03494712085604,546588.736040029,0,0,0,592924.995278082,667.83231428256,0.35,26760,0,1,0
15.98,9.0413218730057,546974.959729709,0,0,0,593344.264046927,667.83231428256,0.35,26760,0,1,0
15.99,9.04769651395489,547361.17671459,0,0,0,593763.525542455,667.83231428256,0.35,26760,0,1,0
16,9.0540710436271,547747.386990052,0,0,0,594182.77975965,667.83231428256,0.35,26760,0,1,0
16.01,9.06044546194585,548133.590551475,0,0,0,594602.0266935,667.83231428256,0.35,26760,0,1,0
16.02,9.06681976883467,548519.787394242,0,0,0,595021.266338988,667.83231428256,0.35,26760,0,1,0
16.03,9.07319396421708,548905.977513733,0,0,0,595440.498691101,667.83231428256,0.35,26760,0,1,0
16.04,9.07956804801662,549292.16090533,0,0,0,595859.723744825,667.83231428256,0.35,26760,0,1,0
16.05,9.08594202015683,549678.337564416,0,0,0,596278.941495148,667.83231428256,0.35,26760,0,1,0
16.06,9.09231588056125,550064.507486373,0,0,0,596698.151937057,667.83231428256,0.35,26760,0,1,0
16.07,9.09868962915344,550450.670666584,0,0,0,597117.355065538,667.83231428256,0.35,26760,0,1,0
16.08,9.10506326585694,550836.827100432,0,0,0,597536.55087558,667.83231428256,0.35,26760,0,1,0
16.09,9.11143679059532,551222.9767833,0,0,0,597955.739362171,667.83231428256,0.35,26760,0,1,0
16.1,9.11781020329214,551609.119710573,0,0,0,598374.9205203,667.83231428256,0.35,26760,0,1,0
16.11,9.12418350387099,551995.255877634,0,0,0,598794.094344955,667.83231428256,0.35,26760,0,1,0
16.12,9.13055669225542,552381.385279867,0,0,0,599213.260831126,667.83231428256,0.35,26760,0,1,0
16.13,9.13692976836904,552767.507912659,0,0,0,599632.419973803,667.83231428256,0.35,26760,0,1,0
16.14,9.14330273213542,553153.623771393,0,0,0,600051.571767976,667.83231428256,0.35,26760,0,1,0
16.15,9.14967558347816,553539.732851456,0,0,0,600470.716208634,667.83231428256,0.35,26760,0,1,0
16.16,9.15604832232086,553925.835148233,0,0,0,600889.853290769,667.83231428256,0.35,26760,0,1,0
16.17,9.16242094858713,554311.930657109,0,0,0,601308.983009371,667.83231428256,0.35,26760,0,1,0
16.18,9.16879346220057,554698.019373472,0,0,0,601728.105359432,667.83231428256,0.35,26760,0,1,0
16.19,9.1751658630848,555084.101292709,0,0,0,602147.220335945,667.83231428256,0.35,26760,0,1,0
16.2,9.18153815116344,555470.176410206,0,0,0,602566.3279339,667.83231428256,0.35,26760,0,1,0
16.21,9.18791032636012,555856.244721351,0,0,0,602985.428148292,667.83231428256,0.35,26760,0,1,0
16.22,9.19428238859848,556242.306221532,0,0,0,603404.520974111,667.83231428256,0.35,26760,0,1,0
16.23,9.20065433780214,556628.360906136,0,0,0,603823.606406353,667.83231428256,0.35,26760,0,1,0
16.24,9.20702617389475,557014.408770553,0,0,0,604242.684440009,667.83231428256,0.35,26760,0,1,0
16.25,9.21339789679997,557400.44981017,0,0,0,604661.755070075,667.83231428256,0.35,26760,0,1,0
16.26,9.21976950644144,557786.484020378,0,0,0,605080.818291544,667.83231428256,0.35,26760,0,1,0
16.27,9.22614100274283,558172.511396565,0,0,0,605499.874099412,667.83231428256,0.35,26760,0,1,0
16.28,9.23251238562781,558558.531934121,0,0,0,605918.922488673,667.83231428256,0.35,26760,0,1,0
16.29,9.23888365502003,558944.545628437,0,0,0,606337.963454322,667.83231428256,0.35,26760,0,1,0
16.3,9.24525481084319,559330.552474902,0,0,0,606756.996991356,667.83231428256,0.35,26760,0,1,0
16.31,9.25162585302095,559716.552468908,0,0,0,607176.02309477,667.83231428256,0.35,26760,0,1,0
16.32,9.25799678147702,560102.545605845,0,0,0,607595.041759561,667.83231428256,0.35,26760,0,1,0
16.33,9.26436759613508,560488.531881106,0,0,0,608014.052980727,667.83231428256,0.35,26760,0,1,0
16.34,9.27073829691883,560874.511290081,0,0,0,608433.056753263,667.83231428256,0.35,26760,0,1,0
16.35,9.27710888375198,561260.483828162,0,0,0,608852.053072168,667.83231428256,0.35,26760,0,1,0
16.36,9.28347935655824,561646.449490743,0,0,0,609271.041932439,667.83231428256,0.35,26760,0,1,0
16.37,9.28984971526132,562032.408273216,0,0,0,609690.023329075,667.83231428256,0.35,26760,0,1,0
16.38,9.29621995978494,562418.360170975,0,0,0,610108.997257074,667.83231428256,0.35,26760,0,1,0
16.39,9.30259009005283,562804.305179411,0,0,0,610527.963711436,667.83231428256,0.35,26760,0,1,0
16.4,9.30896010598872,563190.24329392,0,0,0,610946.922687159,667.83231428256,0.35,26760,0,1,0
16.41,9.31533000751636,563576.174509895,0,0,0,611365.874179244,667.83231428256,0.35,26760,0,1,0
16.42,9.32169979455948,563962.098822731,0,0,0,611784.818182691,667.83231428256,0.35,26760,0,1,0
16.43,9.32806946704183,564348.016227823,0,0,0,612203.7546925,667.83231428256,0.35,26760,0,1,0
16.44,9.33443902488718,564733.926720565,0,0,0,612622.683703672,667.83231428256,0.35,26760,0,1,0
16.45,9.34080846801927,565119.830296353,0,0,0,613041.605211208,667.83231428256,0.35,26760,0,1,0
16.46,9.34717779636187,565505.726950584,0,0,0,613460.51921011,667.83231428256,0.35,26760,0,1,0
16.47,9.35354700983876,565891.616678652,0,0,0,613879.42569538,667.83231428256,0.35,26760,0,1,0
16.48,9.35991610837371,566277.499475954,0,0,0,614298.324662019,667.83231428256,0.35,26760,0,1,0
16.49,9.36628509189051,566663.375337888,0,0,0,614717.216105031,667.83231428256,0.35,26760,0,1,0
16.5,9.37265396031295,567049.24425985,0,0,0,615136.100019418,667.83231428256,0.35,26760,0,1,0
16.51,9.37902271356481,567435.106237238,0,0,0,615554.976400185,667.83231428256,0.35,26760,0,1,0
16.52,9.38539135156989,567820.96126545,0,0,0,615973.845242334,667.83231428256,0.35,26760,0,1,0
16.53,9.39175987425202,568206.809339883,0,0,0,616392.70654087,667.83231428256,0.35,26760,0,1,0
16.54,9.39812828153498,568592.650455936,0,0,0,616811.560290797,667.83231428256,0.35,26760,0,1,0
16.55,9.40449657334261,568978.484609008,0,0,0,617230.406487121,667.83231428256,0.35,26760,0,1,0
16.56,9.41086474959871,569364.311794498,0,0,0,617649.245124846,667.83231428256,0.35,26760,0,1,0
16.57,9.41723281022713,569750.132007806,0,0,0,618068.076198978,667.83231428256,0.35,26760,0,1,0
16.58,9.42360075515169,570135.945244332,0,0,0,618486.899704523,667.83231428256,0.35,26760,0,1,0
16.59,9.42996858429624,570521.751499475,0,0,0,618905.715636487,667.83231428256,0.35,26760,0,1,0
16.6,9.4363362975846,570907.550768636,0,0,0,619324.523989877,667.83231428256,0.35,26760,0,1,0
16.61,9.44270389494065,571293.343047216,0,0,0,619743.3247597,667.83231428256,0.35,26760,0,1,0
16.62,9.44907137628824,571679.128330616,0,0,0,620162.117940964,667.83231428256,0.35,26760,0,1,0
16.63,9.45543874155121,572064.906614238,0,0,0,620580.903528676,667.83231428256,0.35,26760,0,1,0
16.64,9.46180599065345,572450.677893483,0,0,0,620999.681517844,667.83231428256,0.35,26760,0,1,0
16.65,9.46817312351883,572836.442163754,0,0,0,621418.451903477,667.83231428256,0.35,26760,0,1,0
16.66,9.47454014007122,573222.199420453,0,0,0,621837.214680584,667.83231428256,0.35,26760,0,1,0
16.67,9.48090704023451,573607.949658983,0,0,0,622255.969844174,667.83231428256,0.35,26760,0,1,0
16.68,9.48727382393259,573993.692874748,0,0,0,622674.717389257,667.83231428256,0.35,26760,0,1,0
16.69,9.49364049108935,574379.42906315,0,0,0,623093.457310842,667.83231428256,0.35,26760,0,1,0
16.7,9.5000070416287,574765.158219595,0,0,0,623512.189603941,667.83231428256,0.35,26760,0,1,0
16.71,9.50637347547454,575150.880339485,0,0,0,623930.914263563,667.83231428256,0.35,26760,0,1,0
16.72,9.51273979255079,575536.595418226,0,0,0,624349.631284721,667.83231428256,0.35,26760,0,1,0
16.73,9.51910599278136,575922.303451222,0,0,0,624768.340662425,667.83231428256,0.35,26760,0,1,0
16.74,9.52547207609018,576308.00443388,0,0,0,625187.042391687,667.83231428256,0.35,26760,0,1,0
16.75,9.53183804240118,576693.698361603,0,0,0,625605.73646752,667.83231428256,0.35,26760,0,1,0
16.76,9.5382038916383,577079.385229799,0,0,0,626024.422884936,667.83231428256,0.35,26760,0,1,0
16.77,9.54456962372547,577465.065033874,0,0,0,626443.101638949,667.83231428256,0.35,26760,0,1,0
16.78,9.55093523858664,577850.737769234,0,0,0,626861.77272457,667.83231428256,0.35,26760,0,1,0
16.79,9.55730073614578,578236.403431287,0,0,0,627280.436136815,667.83231428256,0.35,26760,0,1,0
16.8,9.56366611632682,578622.062015439,0,0,0,627699.091870698,667.83231428256,0.35,26760,0,1,0
16.81,9.57003137905374,579007.713517098,0,0,0,628117.739921232,667.83231428256,0.35,26760,0,1,0
16.82,9.57639652425051,579393.357931673,0,0,0,628536.380283433,667.83231428256,0.35,26760,0,1,0
16.83,9.58276155184111,579778.995254571,0,0,0,628955.012952315,667.83231428256,0.35,26760,0,1,0
16.84,9.58912646174951,580164.625481202,0,0,0,629373.637922895,667.83231428256,0.35,26760,0,1,0
16.85,9.5954912538997,580550.248606975,0,0,0,629792.255190189,667.83231428256,0.35,26760,0,1,0
16.86,9.60185592821568,580935.864627298,0,0,0,630210.864749213,667.83231428256,0.35,26760,0,1,0
16.87,9.60822048462144,581321.473537582,0,0,0,630629.466594982,667.83231428256,0.35,26760,0,1,0
16.88,9.61458492304099,581707.075333236,0,0,0,631048.060722516,667.83231428256,0.35,26760,0,1,0
16.89,9.62094924339834,582092.670009671,0,0,0,631466.64712683,667.83231428256,0.35,26760,0,1,0
16.9,9.62731344561751,582478.257562299,0,0,0,631885.225802943,667.83231428256,0.35,26760,0,1,0
16.91,9.63367752962251,582863.837986529,0,0,0,632303.796745874,667.83231428256,0.35,26760,0,1,0
16.92,9.64004149533737,583249.411277774,0,0,0,632722.359950639,667.83231428256,0.35,26760,0,1,0
16.93,9.64640534268614,583634.977431445,0,0,0,633140.91541226,667.83231428256,0.35,26760,0,1,0
16.94,9.65276907159284,584020.536442954,0,0,0,633559.463125754,667.83231428256,0.35,26760,0,1,0
16.95,9.65913268198152,584406.088307714,0,0,0,633978.003086142,667.83231428256,0.35,26760,0,1,0
16.96,9.66549617377623,584791.633021139,0,0,0,634396.535288444,667.83231428256,0.35,26760,0,1,0
16.97,9.67185954690103,585177.17057864,0,0,0,634815.05972768,667.83231428256,0.35,26760,0,1,0
16.98,9.67822280127998,585562.700975631,0,0,0,635233.576398871,667.83231428256,0.35,26760,0,1,0
16.99,9.68458593683715,585948.224207527,0,0,0,635652.085297038,667.83231428256,0.35,26760,0,1,0
17,9.69094895349661,586333.740269742,0,0,0,636070.586417203,667.83231428256,0.35,26760,0,1,0
17.01,9.69731185118244,586719.24915769,0,0,0,636489.079754388,667.83231428256,0.35,26760,0,1,0
17.02,9.70367462981872,587104.750866786,0,0,0,636907.565303615,667.83231428256,0.35,26760,0,1,0
17.03,9.71003728932956,587490.245392446,0,0,0,637326.043059907,667.83231428256,0.35,26760,0,1,0
17.04,9.71639982963904,587875.732730085,0,0,0,637744.513018287,667.83231428256,0.35,26760,0,1,0
17.05,9.72276225067127,588261.212875118,0,0,0,638162.975173778,667.83231428256,0.35,26760,0,1,0
17.06,9.72912455235035,588646.685822963,0,0,0,638581.429521405,667.83231428256,0.35,26760,0,1,0
17.07,9.73548673460041,589032.151569037,0,0,0,638999.876056191,667.83231428256,0.35,26760,0,1,0
17.08,9.74184879734555,589417.610108755,0,0,0,639418.314773162,667.83231428256,0.35,26760,0,1,0
17.09,9.74821074050991,589803.061437536,0,0,0,639836.745667342,667.83231428256,0.35,26760,0,1,0
17.1,9.75457256401762,590188.505550797,0,0,0,640255.168733756,667.83231428256,0.35,26760,0,1,0
17.11,9.76093426779282,590573.942443956,0,0,0,640673.58396743,667.83231428256,0.35,26760,0,1,0
17.12,9.76729585175964,590959.372112433,0,0,0,641091.991363392,667.83231428256,0.35,26760,0,1,0
17.13,9.77365731584225,591344.794551644,0,0,0,641510.390916666,667.83231428256,0.35,26760,0,1,0
17.14,9.78001865996479,591730.20975701,0,0,0,641928.78262228,667.83231428256,0.35,26760,0,1,0
17.15,9.78637988405142,592115.617723951,0,0,0,642347.166475261,667.83231428256,0.35,26760,0,1,0
17.16,9.79274098802632,592501.018447885,0,0,0,642765.542470637,667.83231428256,0.35,26760,0,1,0
17.17,9.79910197181365,592886.411924234,0,0,0,643183.910603436,667.83231428256,0.35,26760,0,1,0
17.18,9.80546283533759,593271.798148417,0,0,0,643602.270868687,667.83231428256,0.35,26760,0,1,0
17.19,9.81182357852234,593657.177115856,0,0,0,644020.623261417,667.83231428256,0.35,26760,0,1,0
17.2,9.81818420129207,594042.548821972,0,0,0,644438.967776657,667.83231428256,0.35,26760,0,1,0
17.21,9.82454470357099,594427.913262186,0,0,0,644857.304409435,667.83231428256,0.35,26760,0,1,0
17.22,9.83090508528329,594813.27043192,0,0,0,645275.633154783,667.83231428256,0.35,26760,0,1,0
17.23,9.83726534635319,595198.620326597,0,0,0,645693.954007729,667.83231428256,0.35,26760,0,1,0
17.24,9.8436254867049,595583.962941639,0,0,0,646112.266963306,667.83231428256,0.35,26760,0,1,0
17.25,9.84998550626263,595969.29827247,0,0,0,646530.572016543,667.83231428256,0.35,26760,0,1,0
17.26,9.85634540495062,596354.626314513,0,0,0,646948.869162473,667.83231428256,0.35,26760,0,1,0
17.27,9.8627051826931,596739.94706319,0,0,0,647367.158396128,667.83231428256,0.35,26760,0,1,0
17.28,9.8690648394143,597125.260513927,0,0,0,647785.439712538,667.83231428256,0.35,26760,0,1,0
17.29,9.87542437503846,597510.566662148,0,0,0,648203.713106738,667.83231428256,0.35,26760,0,1,0
17.3,9.88178378948984,597895.865503278,0,0,0,648621.97857376,667.83231428256,0.35,26760,0,1,0
17.31,9.88814308269269,598281.157032741,0,0,0,649040.236108638,667.83231428256,0.35,26760,0,1,0
17.32,9.89450225457128,598666.441245963,0,0,0,649458.485706406,667.83231428256,0.35,26760,0,1,0
17.33,9.90086130504986,599051.718138371,0,0,0,649876.727362097,667.83231428256,0.35,26760,0,1,0
17.34,9.90722023405271,599436.98770539,0,0,0,650294.961070746,667.83231428256,0.35,26760,0,1,0
17.35,9.91357904150411,599822.249942446,0,0,0,650713.186827388,667.83231428256,0.35,26760,0,1,0
17.36,9.91993772732835,600207.504844967,0,0,0,651131.404627058,667.83231428256,0.35,26760,0,1,0
17.37,9.92629629144971,600592.752408381,0,0,0,651549.614464793,667.83231428256,0.35,26760,0,1,0
17.38,9.93265473379249,600977.992628113,0,0,0,651967.816335628,667.83231428256,0.35,26760,0,1,0
17.39,9.939013054281,601363.225499593,0,0,0,652386.0102346,667.83231428256,0.35,26760,0,1,0
17.4,9.94537125283955,601748.451018249,0,0,0,652804.196156745,667.83231428256,0.35,26760,0,1,0
17.41,9.95172932939244,602133.66917951,0,0,0,653222.374097101,667.83231428256,0.35,26760,0,1,0
17.42,9.95808728386399,602518.879978804,0,0,0,653640.544050705,667.83231428256,0.35,26760,0,1,0
17.43,9.96444511617854,602904.083411561,0,0,0,654058.706012596,667.83231428256,0.35,26760,0,1,0
17.44,9.97080282626041,603289.27947321,0,0,0,654476.859977812,667.83231428256,0.35,26760,0,1,0
17.45,9.97716041403395,603674.468159183,0,0,0,654895.005941392,667.83231428256,0.35,26760,0,1,0
17.46,9.9835178794235,604059.649464908,0,0,0,655313.143898375,667.83231428256,0.35,26760,0,1,0
17.47,9.9898752223534,604444.823385818,0,0,0,655731.2738438,667.83231428256,0.35,26760,0,1,0
17.48,9.99623244274802,604829.989917343,0,0,0,656149.395772707,667.83231428256,0.35,26760,0,1,0
17.49,10.0025895405317,605215.149054915,0,0,0,656567.509680138,667.83231428256,0.35,26760,0,1,0
17.5,10.0089465156289,605600.300793965,0,0,0,656985.615561132,667.83231428256,0.35,26760,0,1,0
17.51,10.0153033679638,605985.445129926,0,0,0,657403.713410731,667.83231428256,0.35,26760,0,1,0
17.52,10.021660097461,606370.582058231,0,0,0,657821.803223976,667.83231428256,0.35,26760,0,1,0
17.53,10.0280167040447,606755.711574313,0,0,0,658239.884995909,667.83231428256,0.35,26760,0,1,0
17.54,10.0343731876394,607140.833673604,0,0,0,658657.958721573,667.83231428256,0.35,26760,0,1,0
17.55,10.0407295481695,607525.948351539,0,0,0,659076.02439601,667.83231428256,0.35,26760,0,1,0
17.56,10.0470857855594,607911.055603551,0,0,0,659494.082014263,667.83231428256,0.35,26760,0,1,0
17.57,10.0534418997334,608296.155425076,0,0,0,659912.131571376,667.83231428256,0.35,26760,0,1,0
17.58,10.0597978906161,608681.247811547,0,0,0,660330.173062392,667.83231428256,0.35,26760,0,1,0
17.59,10.0661537581317,609066.3327584,0,0,0,660748.206482356,667.83231428256,0.35,26760,0,1,0
17.6,10.0725095022049,609451.41026107,0,0,0,661166.231826313,667.83231428256,0.35,26760,0,1,0
17.61,10.0788651227599,609836.480314994,0,0,0,661584.249089308,667.83231428256,0.35,26760,0,1,0
17.62,10.0852206197212,610221.542915607,0,0,0,662002.258266385,667.83231428256,0.35,26760,0,1,0
17.63,10.0915759930134,610606.598058346,0,0,0,662420.259352591,667.83231428256,0.35,26760,0,1,0
17.64,10.0979312425607,610991.645738648,0,0,0,662838.252342972,667.83231428256,0.35,26760,0,1,0
17.65,10.1042863682877,611376.68595195,0,0,0,663256.237232575,667.83231428256,0.35,26760,0,1,0
17.66,10.1106413701189,611761.71869369,0,0,0,663674.214016446,667.83231428256,0.35,26760,0,1,0
17.67,10.1169962479787,612146.743959306,0,0,0,664092.182689633,667.83231428256,0.35,26760,0,1,0
17.68,10.1233510017915,612531.761744237,0,0,0,664510.143247185,667.83231428256,0.35,26760,0,1,0
17.69,10.129705631482,612916.77204392,0,0,0,664928.095684148,667.83231428256,0.35,26760,0,1,0
17.7,10.1360601369745,613301.774853796,0,0,0,665346.039995571,667.83231428256,0.35,26760,0,1,0
17.71,10.1424145181936,613686.770169303,0,0,0,665763.976176504,667.83231428256,0.35,26760,0,1,0
17.72,10.1487687750637,614071.757985882,0,0,0,666181.904221996,667.83231428256,0.35,26760,0,1,0
17.73,10.1551229075094,614456.738298972,0,0,0,666599.824127097,667.83231428256,0.35,26760,0,1,0
17.74,10.1614769154551,614841.711104014,0,0,0,667017.735886856,667.83231428256,0.35,26760,0,1,0
17.75,10.1678307988255,615226.67639645,0,0,0,667435.639496325,667.83231428256,0.35,26760,0,1,0
17.76,10.174184557545,615611.63417172,0,0,0,667853.534950554,667.83231428256,0.35,26760,0,1,0
17.77,10.1805381915381,615996.584425266,0,0,0,668271.422244594,667.83231428256,0.35,26760,0,1,0
17.78,10.1868917007294,616381.52715253,0,0,0,668689.301373497,667.83231428256,0.35,26760,0,1,0
17.79,10.1932450850434,616766.462348954,0,0,0,669107.172332316,667.83231428256,0.35,26760,0,1,0
17.8,10.1995983444047,617151.390009982,0,0,0,669525.035116103,667.83231428256,0.35,26760,0,1,0
17.81,10.2059514787379,617536.310131056,0,0,0,669942.889719911,667.83231428256,0.35,26760,0,1,0
17.82,10.2123044879674,617921.22270762,0,0,0,670360.736138793,667.83231428256,0.35,26760,0,1,0
17.83,10.2186573720179,618306.127735117,0,0,0,670778.574367803,667.83231428256,0.35,26760,0,1,0
17.84,10.2250101308139,618691.025208992,0,0,0,671196.404401994,667.83231428256,0.35,26760,0,1,0
17.85,10.23136276428,619075.91512469,0,0,0,671614.226236422,667.83231428256,0.35,26760,0,1,0
17.86,10.2377152723408,619460.797477654,0,0,0,672032.039866142,667.83231428256,0.35,26760,0,1,0
17.87,10.244067654921,619845.672263332,0,0,0,672449.845286208,667.83231428256,0.35,26760,0,1,0
17.88,10.250419911945,620230.539477167,0,0,0,672867.642491676,667.83231428256,0.35,26760,0,1,0
17.89,10.2567720433374,620615.399114607,0,0,0,673285.431477602,667.83231428256,0.35,26760,0,1,0
17.9,10.263124049023,621000.251171098,0,0,0,673703.212239044,667.83231428256,0.35,26760,0,1,0
17.91,10.2694759289263,621385.095642086,0,0,0,674120.984771057,667.83231428256,0.35,26760,0,1,0
17.92,10.2758276829719,621769.932523018,0,0,0,674538.749068699,667.83231428256,0.35,26760,0,1,0
17.93,10.2821793110845,622154.761809343,0,0,0,674956.505127028,667.83231428256,0.35,26760,0,1,0
17.94,10.2885308131887,622539.583496507,0,0,0,675374.252941102,667.83231428256,0.35,26760,0,1,0
17.95,10.2948821892092,622924.39757996,0,0,0,675791.992505979,667.83231428256,0.35,26760,0,1,0
17.96,10.3012334390705,623309.20405515,0,0,0,676209.723816718,667.83231428256,0.35,26760,0,1,0
17.97,10.3075845626973,623694.002917525,0,0,0,676627.446868378,667.83231428256,0.35,26760,0,1,0
17.98,10.3139355600144,624078.794162536,0,0,0,677045.16165602,667.83231428256,0.35,26760,0,1,0
17.99,10.3202864309463,624463.577785631,0,0,0,677462.868174703,667.83231428256,0.35,26760,0,1,0
18,10.3266371754177,624848.353782261,0,0,0,677880.566419487,667.83231428256,0.35,26760,0,1,0
18.01,10.3329877933534,625233.122147877,0,0,0,678298.256385434,667.83231428256,0.35,26760,0,1,0
18.02,10.3393382846779,625617.882877928,0,0,0,678715.938067604,667.83231428256,0.35,26760,0,1,0
18.03,10.345688649316,626002.635967867,0,0,0,679133.61146106,667.83231428256,0.35,26760,0,1,0
18.04,10.3520388871924,626387.381413145,0,0,0,679551.276560863,667.83231428256,0.35,26760,0,1,0
18.05,10.3583889982318,626772.119209214,0,0,0,679968.933362077,667.83231428256,0.35,26760,0,1,0
18.06,10.3647389823588,627156.849351526,0,0,0,680386.581859763,667.83231428256,0.35,26760,0,1,0
18.07,10.3710888394983,627541.571835533,0,0,0,680804.222048986,667.83231428256,0.35,26760,0,1,0
18.08,10.3774385695749,627926.286656689,0,0,0,681221.853924808,667.83231428256,0.35,26760,0,1,0
18.09,10.3837881725133,628310.993810448,0,0,0,681639.477482294,667.83231428256,0.35,26760,0,1,0
18.1,10.3901376482383,628695.693292262,0,0,0,682057.092716509,667.83231428256,0.35,26760,0,1,0
18.11,10.3964869966746,629080.385097587,0,0,0,682474.699622517,667.83231428256,0.35,26760,0,1,0
18.12,10.402836217747,629465.069221876,0,0,0,682892.298195383,667.83231428256,0.35,26760,0,1,0
18.13,10.4091853113802,629849.745660585,0,0,0,683309.888430174,667.83231428256,0.35,26760,0,1,0
18.14,10.415534277499,630234.414409169,0,0,0,683727.470321955,667.83231428256,0.35,26760,0,1,0
18.15,10.4218831160281,630619.075463083,0,0,0,684145.043865794,667.83231428256,0.35,26760,0,1,0
18.16,10.4282318268923,631003.728817783,0,0,0,684562.609056755,667.83231428256,0.35,26760,0,1,0
18.17,10.4345804100164,631388.374468727,0,0,0,684980.165889908,667.83231428256,0.35,26760,0,1,0
18.18,10.4409288653251,631773.01241137,0,0,0,685397.71436032,667.83231428256,0.35,26760,0,1,0
18.19,10.4472771927433,632157.642641169,0,0,0,685815.254463059,667.83231428256,0.35,26760,0,1,0
18.2,10.4536253921958,632542.265153583,0,0,0,686232.786193193,667.83231428256,0.35,26760,0,1,0
18.21,10.4599734636073,632926.879944069,0,0,0,686650.309545791,667.83231428256,0.35,26760,0,1,0
18.22,10.4663214069026,633311.487008085,0,0,0,687067.824515923,667.83231428256,0.35,26760,0,1,0
18.23,10.4726692220066,633696.08634109,0,0,0,687485.331098659,667.83231428256,0.35,26760,0,1,0
18.24,10.4790169088441,634080.677938543,0,0,0,687902.829289068,667.83231428256,0.35,26760,0,1,0
18.25,10.4853644673399,634465.261795903,0,0,0,688320.319082222,667.83231428256,0.35,26760,0,1,0
18.26,10.4917118974189,634849.83790863,0,0,0,688737.80047319,667.83231428256,0.35,26760,0,1,0
18.27,10.4980591990058,635234.406272184,0,0,0,689155.273457045,667.83231428256,0.35,26760,0,1,0
18.28,10.5044063720256,635618.966882026,0,0,0,689572.738028858,667.83231428256,0.35,26760,0,1,0
18.29,10.510753416403,636003.519733617,0,0,0,689990.194183702,667.83231428256,0.35,26760,0,1,0
18.3,10.517100332063,636388.064822417,0,0,0,690407.641916648,667.83231428256,0.35,26760,0,1,0
18.31,10.5234471189304,636772.602143888,0,0,0,690825.081222771,667.83231428256,0.35,26760,0,1,0
18.32,10.52979377693,637157.131693493,0,0,0,691242.512097143,667.83231428256,0.35,26760,0,1,0
18.33,10.5361403059868,637541.653466693,0,0,0,691659.934534838,667.83231428256,0.35,26760,0,1,0
18.34,10.5424867060256,637926.167458952,0,0,0,692077.348530931,667.83231428256,0.35,26760,0,1,0
18.35,10.5488329769713,638310.673665732,0,0,0,692494.754080495,667.83231428256,0.35,26760,0,1,0
18.36,10.5551791187488,638695.172082498,0,0,0,692912.151178607,667.83231428256,0.35,26760,0,1,0
18.37,10.5615251312831,639079.662704712,0,0,0,693329.539820341,667.83231428256,0.35,26760,0,1,0
18.38,10.5678710144989,639464.145527839,0,0,0,693746.920000773,667.83231428256,0.35,26760,0,1,0
18.39,10.5742167683213,639848.620547344,0,0,0,694164.29171498,667.83231428256,0.35,26760,0,1,0
18.4,10.5805623926751,640233.087758692,0,0,0,694581.654958038,667.83231428256,0.35,26760,0,1,0
18.41,10.5869078874853,640617.547157348,0,0,0,694999.009725024,667.83231428256,0.35,26760,0,1,0
18.42,10.5932532526768,641001.998738778,0,0,0,695416.356011016,667.83231428256,0.35,26760,0,1,0
18.43,10.5995984881745,641386.442498448,0,0,0,695833.693811092,667.83231428256,0.35,26760,0,1,0
18.44,10.6059435939035,641770.878431824,0,0,0,696251.02312033,667.83231428256,0.35,26760,0,1,0
18.45,10.6122885697885,642155.306534374,0,0,0,696668.343933809,667.83231428256,0.35,26760,0,1,0
18.46,10.6186334157547,642539.726801565,0,0,0,697085.656246607,667.83231428256,0.35,26760,0,1,0
18.47,10.6249781317269,642924.139228864,0,0,0,697502.960053804,667.83231428256,0.35,26760,0,1,0
18.48,10.6313227176302,643308.543811739,0,0,0,697920.255350482,667.83231428256,0.35,26760,0,1,0
18.49,10.6376671733895,643692.940545659,0,0,0,698337.542131718,667.83231428256,0.35,26760,0,1,0
18.5,10.6440114989297,644077.329426092,0,0,0,698754.820392595,667.83231428256,0.35,26760,0,1,0
18.51,10.650355694176,644461.710448508,0,0,0,699172.090128194,667.83231428256,0.35,26760,0,1,0
18.52,10.6566997590532,644846.083608377,0,0,0,699589.351333596,667.83231428256,0.35,26760,0,1,0
18.53,10.6630436934864,645230.448901167,0,0,0,700006.604003883,667.83231428256,0.35,26760,0,1,0
18.54,10.6693874974005,645614.80632235,0,0,0,700423.848134137,667.83231428256,0.35,26760,0,1,0
18.55,10.6757311707207,645999.155867396,0,0,0,700841.083719442,667.83231428256,0.35,26760,0,1,0
18.56,10.6820747133719,646383.497531777,0,0,0,701258.310754881,667.83231428256,0.35,26760,0,1,0
18.57,10.6884181252791,646767.831310963,0,0,0,701675.529235537,667.83231428256,0.35,26760,0,1,0
18.58,10.6947614063674,647152.157200426,0,0,0,702092.739156494,667.83231428256,0.35,26760,0,1,0
18.59,10.7011045565618,647536.475195639,0,0,0,702509.940512837,667.83231428256,0.35,26760,0,1,0
18.6,10.7074475757874,647920.785292074,0,0,0,702927.133299651,667.83231428256,0.35,26760,0,1,0
18.61,10.7137904639692,648305.087485205,0,0,0,703344.317512022,667.83231428256,0.35,26760,0,1,0
18.62,10.7201332210323,648689.381770504,0,0,0,703761.493145033,667.83231428256,0.35,26760,0,1,0
18.63,10.7264758469017,649073.668143445,0,0,0,704178.660193773,667.83231428256,0.35,26760,0,1,0
18.64,10.7328183415026,649457.946599503,0,0,0,704595.818653328,667.83231428256,0.35,26760,0,1,0
18.65,10.7391607047599,649842.217134151,0,0,0,705012.968518783,667.83231428256,0.35,26760,0,1,0
18.66,10.7455029365988,650226.479742866,0,0,0,705430.109785227,667.83231428256,0.35,26760,0,1,0
18.67,10.7518450369443,650610.734421121,0,0,0,705847.242447749,667.83231428256,0.35,26760,0,1,0
18.68,10.7581870057217,650994.981164393,0,0,0,706264.366501434,667.83231428256,0.35,26760,0,1,0
18.69,10.7645288428558,651379.219968158,0,0,0,706681.481941374,667.83231428256,0.35,26760,0,1,0
18.7,10.770870548272,651763.450827892,0,0,0,707098.588762656,667.83231428256,0.35,26760,0,1,0
18.71,10.7772121218953,652147.673739072,0,0,0,707515.686960369,667.83231428256,0.35,26760,0,1,0
18.72,10.7835535636507,652531.888697175,0,0,0,707932.776529605,667.83231428256,0.35,26760,0,1,0
18.73,10.7898948734635,652916.095697679,0,0,0,708349.857465453,667.83231428256,0.35,26760,0,1,0
18.74,10.7962360512588,653300.294736061,0,0,0,708766.929763004,667.83231428256,0.35,26760,0,1,0
18.75,10.8025770969617,653684.4858078,0,0,0,709183.993417348,667.83231428256,0.35,26760,0,1,0
18.76,10.8089180104974,654068.668908375,0,0,0,709601.048423578,667.83231428256,0.35,26760,0,1,0
18.77,10.815258791791,654452.844033264,0,0,0,710018.094776786,667.83231428256,0.35,26760,0,1,0
18.78,10.8215994407676,654837.011177948,0,0,0,710435.132472063,667.83231428256,0.35,26760,0,1,0
18.79,10.8279399573526,655221.170337906,0,0,0,710852.161504503,667.83231428256,0.35,26760,0,1,0
18.8,10.8342803414709,655605.321508618,0,0,0,711269.181869198,667.83231428256,0.35,26760,0,1,0
18.81,10.8406205930479,655989.464685565,0,0,0,711686.193561244,667.83231428256,0.35,26760,0,1,0
18.82,10.8469607120086,656373.599864228,0,0,0,712103.196575732,667.83231428256,0.35,26760,0,1,0
18.83,10.8533006982783,656757.727040088,0,0,0,712520.190907759,667.83231428256,0.35,26760,0,1,0
18.84,10.8596405517822,657141.846208628,0,0,0,712937.176552419,667.83231428256,0.35,26760,0,1,0
18.85,10.8659802724455,657525.957365329,0,0,0,713354.153504806,667.83231428256,0.35,26760,0,1,0
18.86,10.8723198601934,657910.060505674,0,0,0,713771.121760018,667.83231428256,0.35,26760,0,1,0
18.87,10.8786593149512,658294.155625145,0,0,0,714188.08131315,667.83231428256,0.35,26760,0,1,0
18.88,10.8849986366439,658678.242719227,0,0,0,714605.032159298,667.83231428256,0.35,26760,0,1,0
18.89,10.891337825197,659062.321783404,0,0,0,715021.97429356,667.83231428256,0.35,26760,0,1,0
18.9,10.8976768805355,659446.392813158,0,0,0,715438.907711033,667.83231428256,0.35,26760,0,1,0
18.91,10.9040158025848,659830.455803975,0,0,0,715855.832406815,667.83231428256,0.35,26760,0,1,0
18.92,10.9103545912702,660214.510751339,0,0,0,716272.748376004,667.83231428256,0.35,26760,0,1,0
18.93,10.9166932465167,660598.557650736,0,0,0,716689.655613698,667.83231428256,0.35,26760,0,1,0
18.94,10.9230317682499,660982.596497652,0,0,0,717106.554114998,667.83231428256,0.35,26760,0,1,0
18.95,10.9293701563948,661366.627287571,0,0,0,717523.443875002,667.83231428256,0.35,26760,0,1,0
18.96,10.9357084108768,661750.650015982,0,0,0,717940.32488881,667.83231428256,0.35,26760,0,1,0
18.97,10.9420465316212,662134.664678371,0,0,0,718357.197151522,667.83231428256,0.35,26760,0,1,0
18.98,10.9483845185532,662518.671270225,0,0,0,718774.06065824,667.83231428256,0.35,26760,0,1,0
18.99,10.9547223715982,662902.669787031,0,0,0,719190.915404065,667.83231428256,0.35,26760,0,1,0
19,10.9610600906814,663286.660224278,0,0,0,719607.761384098,667.83231428256,0.35,26760,0,1,0
19.01,10.9673976757282,663670.642577455,0,0,0,720024.598593442,667.83231428256,0.35,26760,0,1,0
19.02,10.9737351266639,664054.616842049,0,0,0,720441.427027198,667.83231428256,0.35,26760,0,1,0
19.03,10.9800724434138,664438.583013549,0,0,0,720858.24668047,667.83231428256,0.35,26760,0,1,0
19.04,10.9864096259032,664822.541087447,0,0,0,721275.05754836,667.83231428256,0.35,26760,0,1,0
19.05,10.9927466740574,665206.491059231,0,0,0,721691.859625974,667.83231428256,0.35,26760,0,1,0
19.06,10.9990835878019,665590.432924392,0,0,0,722108.652908414,667.83231428256,0.35,26760,0,1,0
19.07,11.0054203670619,665974.36667842,0,0,0,722525.437390786,667.83231428256,0.35,26760,0,1,0
19.08,11.0117570117629,666358.292316807,0,0,0,722942.213068194,667.83231428256,0.35,26760,0,1,0
19.09,11.0180935218301,666742.209835045,0,0,0,723358.979935744,667.83231428256,0.35,26760,0,1,0
19.1,11.0244298971889,667126.119228625,0,0,0,723775.737988542,667.83231428256,0.35,26760,0,1,0
19.11,11.0307661377648,667510.020493038,0,0,0,724192.487221694,667.83231428256,0.35,26760,0,1,0
19.12,11.037102243483,667893.91362378,0,0,0,724609.227630307,667.83231428256,0.35,26760,0,1,0
19.13,11.0434382142691,668277.798616341,0,0,0,725025.959209487,667.83231428256,0.35,26760,0,1,0
19.14,11.0497740500483,668661.675466216,0,0,0,725442.681954343,667.83231428256,0.35,26760,0,1,0
19.15,11.0561097507461,669045.544168899,0,0,0,725859.395859983,667.83231428256,0.35,26760,0,1,0
19.16,11.0624453162879,669429.404719884,0,0,0,726276.100921514,667.83231428256,0.35,26760,0,1,0
19.17,11.0687807465991,669813.257114665,0,0,0,726692.797134047,667.83231428256,0.35,26760,0,1,0
19.18,11.0751160416051,670197.101348737,0,0,0,727109.484492689,667.83231428256,0.35,26760,0,1,0
19.19,11.0814512012313,670580.937417597,0,0,0,727526.16299255,667.83231428256,0.35,26760,0,1,0
19.2,11.0877862254032,670964.76531674,0,0,0,727942.832628742,667.83231428256,0.35,26760,0,1,0
19.21,11.0941211140463,671348.585041661,0,0,0,728359.493396374,667.83231428256,0.35,26760,0,1,0
19.22,11.1004558670859,671732.396587859,0,0,0,728776.145290557,667.83231428256,0.35,26760,0,1,0
19.23,11.1067904844475,672116.199950829,0,0,0,729192.788306403,667.83231428256,0.35,26760,0,1,0
19.24,11.1131249660566,672499.995126069,0,0,0,729609.422439024,667.83231428256,0.35,26760,0,1,0
19.25,11.1194593118387,672883.782109077,0,0,0,730026.047683531,667.83231428256,0.35,26760,0,1,0
19.26,11.1257935217192,673267.560895351,0,0,0,730442.664035038,667.83231428256,0.35,26760,0,1,0
19.27,11.1321275956235,673651.33148039,0,0,0,730859.271488657,667.83231428256,0.35,26760,0,1,0
19.28,11.1384615334773,674035.093859693,0,0,0,731275.870039503,667.83231428256,0.35,26760,0,1,0
19.29,11.1447953352059,674418.848028759,0,0,0,731692.459682689,667.83231428256,0.35,26760,0,1,0
19.3,11.1511290007349,674802.593983087,0,0,0,732109.040413329,667.83231428256,0.35,26760,0,1,0
19.31,11.1574625299898,675186.331718179,0,0,0,732525.612226539,667.83231428256,0.35,26760,0,1,0
19.32,11.1637959228961,675570.061229535,0,0,0,732942.175117433,667.83231428256,0.35,26760,0,1,0
19.33,11.1701291793793,675953.782512655,0,0,0,733358.729081128,667.83231428256,0.35,26760,0,1,0
19.34,11.1764622993649,676337.495563041,0,0,0,733775.274112739,667.83231428256,0.35,26760,0,1,0
19.35,11.1827952827785,676721.200376195,0,0,0,734191.810207383,667.83231428256,0.35,26760,0,1,0
19.36,11.1891281295457,677104.896947619,0,0,0,734608.337360177,667.83231428256,0.35,26760,0,1,0
19.37,11.1954608395918,677488.585272816,0,0,0,735024.855566239,667.83231428256,0.35,26760,0,1,0
19.38,11.2017934128426,677872.265347288,0,0,0,735441.364820686,667.83231428256,0.35,26760,0,1,0
19.39,11.2081258492235,678255.937166538,0,0,0,735857.865118636,667.83231428256,0.35,26760,0,1,0
19.4,11.2144581486602,678639.600726072,0,0,0,736274.356455209,667.83231428256,0.35,26760,0,1,0
19.41,11.2207903110782,679023.256021392,0,0,0,736690.838825523,667.83231428256,0.35,26760,0,1,0
19.42,11.227122336403,679406.903048003,0,0,0,737107.312224698,667.83231428256,0.35,26760,0,1,0
19.43,11.2334542245604,679790.54180141,0,0,0,737523.776647854,667.83231428256,0.35,26760,0,1,0
19.44,11.2397859754757,680174.172277119,0,0,0,737940.232090111,667.83231428256,0.35,26760,0,1,0
19.45,11.2461175890748,680557.794470636,0,0,0,738356.678546591,667.83231428256,0.35,26760,0,1,0
19.46,11.2524490652831,680941.408377465,0,0,0,738773.116012414,667.83231428256,0.35,26760,0,1,0
19.47,11.2587804040262,681325.013993115,0,0,0,739189.544482702,667.83231428256,0.35,26760,0,1,0
19.48,11.2651116052299,681708.611313092,0,0,0,739605.963952578,667.83231428256,0.35,26760,0,1,0
19.49,11.2714426688197,682092.200332903,0,0,0,740022.374417165,667.83231428256,0.35,26760,0,1,0
19.5,11.2777735947212,682475.781048056,0,0,0,740438.775871584,667.83231428256,0.35,26760,0,1,0
19.51,11.2841043828602,682859.353454059,0,0,0,740855.16831096,667.83231428256,0.35,26760,0,1,0
19.52,11.2904350331621,683242.917546421,0,0,0,741271.551730416,667.83231428256,0.35,26760,0,1,0
19.53,11.2967655455527,683626.47332065,0,0,0,741687.926125077,667.83231428256,0.35,26760,0,1,0
19.54,11.3030959199577,684010.020772257,0,0,0,742104.291490068,667.83231428256,0.35,26760,0,1,0
19.55,11.3094261563027,684393.55989675,0,0,0,742520.647820513,667.83231428256,0.35,26760,0,1,0
19.56,11.3157562545134,684777.09068964,0,0,0,742936.995111539,667.83231428256,0.35,26760,0,1,0
19.57,11.3220862145154,685160.613146438,0,0,0,743353.333358272,667.83231428256,0.35,26760,0,1,0
19.58,11.3284160362345,685544.127262653,0,0,0,743769.662555838,667.83231428256,0.35,26760,0,1,0
19.59,11.3347457195963,685927.633033799,0,0,0,744185.982699363,667.83231428256,0.35,26760,0,1,0
19.6,11.3410752645265,686311.130455386,0,0,0,744602.293783976,667.83231428256,0.35,26760,0,1,0
19.61,11.3474046709509,686694.619522926,0,0,0,745018.595804804,667.83231428256,0.35,26760,0,1,0
19.62,11.3537339387951,687078.100231933,0,0,0,745434.888756976,667.83231428256,0.35,26760,0,1,0
19.63,11.3600630679849,687461.572577919,0,0,0,745851.17263562,667.83231428256,0.35,26760,0,1,0
19.64,11.366392058446,687845.036556397,0,0,0,746267.447435865,667.83231428256,0.35,26760,0,1,0
19.65,11.3727209101042,688228.492162882,0,0,0,746683.713152841,667.83231428256,0.35,26760,0,1,0
19.66,11.379049622885,688611.939392886,0,0,0,747099.969781678,667.83231428256,0.35,26760,0,1,0
19.67,11.3853781967144,688995.378241926,0,0,0,747516.217317506,667.83231428256,0.35,26760,0,1,0
19.68,11.3917066315181,689378.808705516,0,0,0,747932.455755456,667.83231428256,0.35,26760,0,1,0
19.69,11.3980349272218,689762.230779171,0,0,0,748348.68509066,667.83231428256,0.35,26760,0,1,0
19.7,11.4043630837513,690145.644458407,0,0,0,748764.905318249,667.83231428256,0.35,26760,0,1,0
19.71,11.4106911010323,690529.049738741,0,0,0,749181.116433356,667.83231428256,0.35,26760,0,1,0
19.72,11.4170189789907,690912.446615688,0,0,0,749597.318431112,667.83231428256,0.35,26760,0,1,0
19.73,11.4233467175522,691295.835084766,0,0,0,750013.511306652,667.83231428256,0.35,26760,0,1,0
19.74,11.4296743166426,691679.215141492,0,0,0,750429.695055109,667.83231428256,0.35,26760,0,1,0
19.75,11.4360017761877,692062.586781385,0,0,0,750845.869671616,667.83231428256,0.35,26760,0,1,0
19.76,11.4423290961134,692445.949999961,0,0,0,751262.035151308,667.83231428256,0.35,26760,0,1,0
19.77,11.4486562763454,692829.304792741,0,0,0,751678.19148932,667.83231428256,0.35,26760,0,1,0
19.78,11.4549833168096,693212.651155242,0,0,0,752094.338680787,667.83231428256,0.35,26760,0,1,0
19.79,11.4613102174317,693595.989082985,0,0,0,752510.476720845,667.83231428256,0.35,26760,0,1,0
19.8,11.4676369781377,693979.318571488,0,0,0,752926.60560463,667.83231428256,0.35,26760,0,1,0
19.81,11.4739635988533,694362.639616273,0,0,0,753342.725327278,667.83231428256,0.35,26760,0,1,0
19.82,11.4802900795044,694745.95221286,0,0,0,753758.835883927,667.83231428256,0.35,26760,0,1,0
19.83,11.4866164200168,695129.25635677,0,0,0,754174.937269714,667.83231428256,0.35,26760,0,1,0
19.84,11.4929426203165,695512.552043525,0,0,0,754591.029479777,667.83231428256,0.35,26760,0,1,0
19.85,11.4992686803293,695895.839268646,0,0,0,755007.112509254,667.83231428256,0.35,26760,0,1,0
19.86,11.505594599981,696279.118027655,0,0,0,755423.186353285,667.83231428256,0.35,26760,0,1,0
19.87,11.5119203791976,696662.388316076,0,0,0,755839.251007007,667.83231428256,0.35,26760,0,1,0
19.88,11.5182460179049,697045.650129431,0,0,0,756255.306465562,667.83231428256,0.35,26760,0,1,0
19.89,11.5245715160288,697428.903463244,0,0,0,756671.352724089,667.83231428256,0.35,26760,0,1,0
19.9,11.5308968734952,697812.148313039,0,0,0,757087.389777729,667.83231428256,0.35,26760,0,1,0
19.91,11.53722209023,698195.384674339,0,0,0,757503.417621623,667.83231428256,0.35,26760,0,1,0
19.92,11.5435471661592,698578.612542671,0,0,0,757919.436250911,667.83231428256,0.35,26760,0,1,0
19.93,11.5498721012087,698961.831913558,0,0,0,758335.445660737,667.83231428256,0.35,26760,0,1,0
19.94,11.5561968953044,699345.042782527,0,0,0,758751.445846242,667.83231428256,0.35,26760,0,1,0
19.95,11.5625215483721,699728.245145103,0,0,0,759167.43680257,667.83231428256,0.35,26760,0,1,0
19.96,11.568846060338,700111.438996813,0,0,0,759583.418524862,667.83231428256,0.35,26760,0,1,0
19.97,11.5751704311278,700494.624333183,0,0,0,759999.391008264,667.83231428256,0.35,26760,0,1,0
19.98,11.5814946606677,700877.801149741,0,0,0,760415.354247919,667.83231428256,0.35,26760,0,1,0
19.99,11.5878187488834,701260.969442014,0,0,0,760831.308238972,667.83231428256,0.35,26760,0,0,0
20,11.5941426957011,701644.129205531,0,0,0,761247.252976568,667.83231428256,0.35,26760,0,0,0
20.01,11.6004665010467,702027.280435818,0,0,0,761663.188455852,667.83231428256,0.35,26760,0,0,0
20.02,11.6067901648461,575085.000221312,0,0,0,762079.11467197,667.83231428256,0.35,26760,0,0,0
20.03,11.6131136870253,471096.585944878,0,0,0,624278.115741763,667.83231428256,0.35,26760,0,0,0
20.04,11.6181977263388,385911.516637241,0,0,0,511394.47019635,667.83231428256,0.35,26760,0,0,0
20.05,11.6222669649474,316129.764242791,0,0,0,418922.619015676,667.83231428256,0.35,26760,0,0,0
20.06,11.6255053570672,258938.469550747,0,0,0,343171.693706895,667.83231428256,0.35,26760,0,0,0
20.07,11.6280635116859,212075.140845925,0,0,0,281088.221396816,667.83231428256,0.35,26760,0,0,0
20.08,11.6300647370224,173680.820173907,0,0,0,230216.175473215,667.83231428256,0.35,26760,0,0,0
20.09,11.6316099893137,142229.118865606,0,0,0,188537.581604328,667.83231428256,0.35,26760,0,0,0
20.1,11.6327819245398,116467.394544582,0,0,0,154395.482919677,667.83231428256,0.35,26760,0,0,0
20.11,11.6336482156958,95368.1072393845,0,0,0,126430.085263332,667.83231428256,0.35,26760,0,0,0
20.12,11.6342642687454,78088.6692396797,0,0,0,103525.952278967,667.83231428256,0.35,26760,0,0,0
20.13,11.6346754462561,63938.3560966597,0,0,0,84768.4207986102,667.83231428256,0.35,26760,0,0,0
20.14,11.6349188879574,52351.0705111695,0,0,0,69407.6813902081,667.83231428256,0.35,26760,0,0,0
20.15,11.6350250012886,42862.9461903356,0,0,0,56829.2124524202,667.83231428256,0.35,26760,0,0,0
20.16,11.635018681755,35093.9464971473,0,0,0,46529.4682917234,667.83231428256,0.35,26760,0,0,0
20.17,11.6349203120729,28732.7552915158,0,0,0,38095.9037094521,667.83231428256,0.35,26760,0,0,0
20.18,11.6347465801986,23524.3776006167,0,0,0,31190.572396348,667.83231428256,0.35,26760,0,0,0
20.19,11.6345111490752,19259.9685515178,0,0,0,25536.6669568136,667.83231428256,0.35,26760,0,0,0
20.2,11.6342252049743,15768.4930988119,0,0,0,20907.4778023423,667.83231428256,0.35,26760,0,0,0
20.21,11.6338979064401,12909.8889905569,0,0,0,17117.3394472557,667.83231428256,0.35,26760,0,0,0
20.22,11.6335367518546,10569.4633608348,0,0,0,14014.2086306523,667.83231428256,0.35,26760,0,0,0
20.23,11.6331478803732,8653.30125217197,0,0,0,11473.5815901377,667.83231428256,0.35,26760,0,0,0
20.24,11.6327363183115,7084.50391759186,0,0,0,9393.50982650019,667.83231428256,0.35,26760,0,0,0
20.25,11.6323061808681,5800.1073423367,0,0,0,7690.51662786785,667.83231428256,0.35,26760,0,0,0
20.26,11.6318608372828,4748.5582500273,0,0,0,6296.25199993129,667.83231428256,0.35,26760,0,0,0
20.27,11.6314030460555,3887.64691533182,0,0,0,5154.75276815817,667.83231428256,0.35,26760,0,0,0
20.28,11.6309350656549,3182.81422777948,0,0,0,4220.19856201891,667.83231428256,0.35,26760,0,0,0
20.29,11.6304587451585,2605.7653313528,0,0,0,3455.07406402462,667.83231428256,0.35,26760,0,0,0
20.3,11.6299755984628,2133.33437559002,0,0,0,2828.66405921928,667.83231428256,0.35,26760,0,0,0
20.31,11.6294868650414,1746.55493047886,0,0,0,2315.82107641123,667.83231428256,0.35,26760,0,0,0
20.32,11.6289935596891,1429.89883091383,0,0,0,1895.95628579989,667.83231428256,0.35,26760,0,0,0
20.33,11.6284965132496,1170.6529495428,0,0,0,1552.2132337319,667.83231428256,0.35,26760,0,0,0
20.34,11.62799640596,958.408914982001,0,0,0,1270.79130432349,667.83231428256,0.35,26760,0,0,0
20.35,11.6274937947513,784.645313976561,0,0,0,1040.39178786583,667.83231428256,0.35,26760,0,0,0
20.36,11.6269891355997,642.385620514714,0,0,0,851.764344308034,667.83231428256,0.35,26760,0,0,0
20.37,11.626482801827,525.918129460859,0,0,0,697.335671422834,667.83231428256,0.35,26760,0,0,0
20.38,11.6259750990829,430.566657826935,0,0,0,570.905481394767,667.83231428256,0.35,26760,0,0,0
20.39,11.6254662776123,352.502812501888,0,0,0,467.39758774092,667.83231428256,0.35,26760,0,0,0
20.4,11.624956542298,288.592290405534,0,0,0,382.656114309475,667.83231428256,0.35,26760,0,0,0
20.41,11.6244460608839,236.269042272155,0,0,0,313.278647856637,667.83231428256,0.35,26760,0,0,0
20.42,11.6239349707068,193.432249221015,0,0,0,256.479637724875,667.83231428256,0.35,26760,0,0,0
20.43,11.6234233842086,158.361976691657,0,0,0,209.978559727546,667.83231428256,0.35,26760,0,0,0
20.44,11.6229113934487,129.650119878776,0,0,0,171.908355071273,667.83231428256,0.35,26760,0,0,0
20.45,11.6223990737988,106.143868531404,0,0,0,140.740468821946,667.83231428256,0.35,26760,0,0,0
20.46,11.6218864869678,86.8994214864977,0,0,0,115.22347864894,667.83231428256,0.35,26760,0,0,0
20.47,11.6213736834789,71.1440927377594,0,0,0,94.3328500721859,667.83231428256,0.35,26760,0,0,0
20.48,11.6208607046964,58.2452876981433,0,0,0,77.2298010613975,667.83231428256,0.35,26760,0,0,0
20.49,11.6203475844866,47.6851041125538,0,0,0,63.2276245094912,667.83231428256,0.35,26760,0,0,0
20.5,11.6198343505769,39.0395378812805,0,0,0,51.764116492134,667.83231428256,0.35,26760,0,0,0
20.51,11.6193210256681,31.9614589257812,0,0,0,42.3790033448551,667.83231428256,0.35,26760,0,0,0
20.52,11.6188076283461,26.1666735857208,0,0,0,34.6954612741871,667.83231428256,0.35,26760,0,0,0
20.53,11.6182941738277,21.4225139544954,0,0,0,28.4049865237959,667.83231428256,0.35,26760,0,0,0
20.54,11.617780674571,17.5384960136881,0,0,0,23.2550086349277,667.83231428256,0.35,26760,0,0,0
20.55,11.6172671407758,14.3586714874204,0,0,0,19.0387494720887,667.83231428256,0.35,26760,0,0,0
20.56,11.6167535807928,11.7553663396306,0,0,0,15.5869208504346,667.83231428256,0.35,26760,0,0,0
20.57,11.616240001459,9.62405451083588,0,0,0,12.7609274203546,667.83231428256,0.35,26760,0,0,0
20.58,11.6157264083718,7.87916107093135,0,0,0,10.4473019006034,667.83231428256,0.35,26760,0,0,0
20.59,11.6152128061137,6.45062628095392,0,0,0,8.55314923027719,667.83231428256,0.35,26760,0,0,0
20.6,11.6146991984366,5.28109260761812,0,0,0,7.00241671836074,667.83231428256,0.35,26760,0,0,0
20.61,11.6141855884121,4.32360174639804,0,0,0,5.73284043380169,667.83231428256,0.35,26760,0,0,0
20.62,11.6136719785548,3.53970918616694,0,0,0,4.6934452305667,667.83231428256,0.35,26760,0,0,0
20.63,11.6131583709235,2.89794061306399,0,0,0,3.84249803101058,667.83231428256,0.35,26760,0,0,0
20.64,11.6126447672034,2.37252817642826,0,0,0,3.14583218960485,667.83231428256,0.35,26760,0,0,0
20.65,11.6121311687744,1.94237587638638,0,0,0,2.5754756583025,667.83231428256,0.35,26760,0,0,0
20.66,11.6116175767658,1.59021253216001,0,0,0,2.10852787275986,667.83231428256,0.35,26760,0,0,0
20.67,11.6111039921024,1.30189832173419,0,0,0,1.72624026504561,667.83231428256,0.35,26760,0,0,0
20.68,11.6105904155409,1.0658570495942,0,0,0,1.41326348429678,667.83231428256,0.35,26760,0,0,0
20.69,11.610076847701,0.872611347368888,0,0,0,1.15703110029765,667.83231428256,0.35,26760,0,0,0
20.7,11.6095632890896,0.714402145098567,0,0,0,0.947255044907608,667.83231428256,0.35,26760,0,0,0
20.71,11.6090497401218,0.584877134413977,0,0,0,0.775512532673217,667.83231428256,0.35,26760,0,0,0
20.72,11.6085362011373,0.478835715023896,0,0,0,0.634907874960896,667.83231428256,0.35,26760,0,0,0
20.73,11.6080226724141,0.392020183784378,0,0,0,0.519795609014217,667.83231428256,0.35,26760,0,0,0
20.74,11.6075091541795,0.320944782320789,0,0,0,0.425553825211005,667.83231428256,0.35,26760,0,0,0
20.75,11.6069956466196,0.262755739242923,0,0,0,0.348398591316532,667.83231428256,0.35,26760,0,0,0
20.76,11.6064821498866,0.215116687466053,0,0,0,0.28523202262584,667.83231428256,0.35,26760,0,0,0
20.77,11.605968664105,0.176114855993969,0,0,0,0.233517897813779,667.83231428256,0.35,26760,0,0,0
20.78,11.6054551893765,0.144184269641546,0,0,0,0.191179826306957,667.83231428256,0.35,26760,0,0,0
20.79,11.6049417257843,0.118042873065191,0,0,0,0.156517878464553,667.83231428256,0.35,26760,0,0,0
20.8,11.6044282733965,0.0966410545486112,0,0,0,0.128140331160651,667.83231428256,0.35,26760,0,0,0
20.81,11.6039148322684,0.0791195027063559,0,0,0,0.104907788263799,667.83231428256,0.35,26760,0,0,0
20.82,11.6034014024454,0.0647747039964437,0,0,0,0.0858874323777203,667.83231428256,0.35,26760,0,0,0
20.83,11.6028879839644,0.0530306957218401,0,0,0,0.0703155709904947,667.83231428256,0.35,26760,0,0,0
20.84,11.6023745768557,0.0434159403666417,0,0,0,0.0575669732108555,667.83231428256,0.35,26760,0,0,0
20.85,11.6018611811436,0.035544392741118,0,0,0,0.047129765921235,667.83231428256,0.35,26760,0,0,0
20.86,11.6013477968481,0.029099999756545,0,0,0,0.0385848813950478,667.83231428256,0.35,26760,0,0,0
20.87,11.6008344239854,0.023824010475358,0,0,0,0.0315892311729755,667.83231428256,0.35,26760,0,0,0
20.88,11.6003210625686,0.0195045869184048,0,0,0,0.0258619306072058,667.83231428256,0.35,26760,0,0,0
20.89,11.5998077126083,0.0159682984895025,0,0,0,0.0211730209709127,667.83231428256,0.35,26760,0,0,0
20.9,11.599294374113,0.0130731585072167,0,0,0,0.017334236310793,667.83231428256,0.35,26760,0,0,0
20.91,11.5987810470897,0.0107029232514192,0,0,0,0.0141914443196013,667.83231428256,0.35,26760,0,0,0
20.92,11.5982677315436,0.00876242462381288,0,0,0,0.0116184577197343,667.83231428256,0.35,26760,0,0,0
20.93,11.5977544274793,0.00717374902257478,0,0,0,0.00951196767674,667.83231428256,0.35,26760,0,0,0
20.94,11.5972411349,0.00587310900788397,0,0,0,0.00778739581260831,667.83231428256,0.35,26760,0,0,0
20.95,11.5967278538085,0.00480828215156756,0,0,0,0.00637549827169342,667.83231428256,0.35,26760,0,0,0
20.96,11.5962145842068,0.00393651423729,0,0,0,0.00521958548802384,667.83231428256,0.35,26760,0,0,0
20.97,11.5957013260964,0.00322280262199868,0,0,0,0.00427324602397959,667.83231428256,0.35,26760,0,0,0
20.98,11.5951880794785,0.00263849083331544,0,0,0,0.00349848308944711,667.83231428256,0.35,26760,0,0,0
20.99,11.5946748443537,0.00216011797409814,0,0,0,0.00286418892022953,667.83231428256,0.35,26760,0,0,0
21,11.5941616207226,0.0017684767362415,0,0,0,0.00234489575998496,667.83231428256,0.35,26760,0,0,0
21.01,11.5936484085855,0.00144784220172308,0,0,0,0.00191975329596342,667.83231428256,0.35,26760,0,0,0
21.02,11.5931352079424,0.00118534046623435,0,0,0,0.00157169149123218,667.83231428256,0.35,26760,0,0,0
21.03,11.5926220187932,0.000970431734798444,0,0,0,0.00128673519999387,667.83231428256,0.35,26760,0,0,0
21.04,11.5921088411379,0.000794487134978184,0,0,0,0.00105344304689367,667.83231428256,0.35,26760,0,0,0
21.05,11.5915956749759,0.000650442256163281,0,0,0,0.000862448040575536,667.83231428256,0.35,26760,0,0,0
21.06,11.591082520307,0.000532513504079305,0,0,0,0.000706081476512463,667.83231428256,0.35,26760,0,0,0
21.07,11.5905693771308,0.000435965881775468,0,0,0,0.000578065028310144,667.83231428256,0.35,26760,0,0,0
21.08,11.5900562454466,0.000356922873189536,0,0,0,0.000473258664541324,667.83231428256,0.35,26760,0,0,0
21.09,11.589543125254,0.000292210795862492,0,0,0,0.000387454269636925,667.83231428256,0.35,26760,0,0,0
21.1,11.5890300165523,0.000239231373357657,0,0,0,0.000317206682438659,667.83231428256,0.35,26760,0,0,0
21.11,11.5885169193409,0.000195857410997533,0,0,0,0.000259695368386514,667.83231428256,0.35,26760,0,0,0
21.12,11.5880038336192,0.000160347386160544,0,0,0,0.000212611171295628,667.83231428256,0.35,26760,0,0,0
21.13,11.5874907593864,0.000131275523824493,0,0,0,0.000174063597655823,667.83231428256,0.35,26760,0,0,0
21.14,11.586977696642,0.000107474549796799,0,0,0,0.00014250491079515,667.83231428256,0.35,26760,0,0,0
21.15,11.5864646453852,8.79888230975544e-05,0,0,0,0.000116667987187146,667.83231428256,0.35,26760,0,0,0
21.16,11.5859516056152,7.20359656981848e-05,0,0,0,9.55154397498419e-05,667.83231428256,0.35,26760,0,0,0
21.17,11.5854385773314,5.89754489986469e-05,0,0,0,7.81979653692845e-05,667.83231428256,0.35,26760,0,0,0
21.18,11.5849255605331,4.82828757483897e-05,0,0,0,6.4020244245166e-05,667.83231428256,0.35,26760,0,0,0
21.19,11.5844125552194,3.95289247959441e-05,0,0,0,5.2413021871895e-05,667.83231428256,0.35,26760,0,0,0
21.2,11.5838995613897,3.23621132707829e-05,0,0,0,4.29102527094486e-05,667.83231428256,0.35,26760,0,0,0
21.21,11.5833865790432,2.64946840760762e-05,0,0,0,3.51303878319398e-05,667.83231428256,0.35,26760,0,0,0
21.22,11.5828736081791,2.16910520563603e-05,0,0,0,2.87610552280463e-05,667.83231428256,0.35,26760,0,0,0
21.23,11.5823606487967,1.77583449383447e-05,0,0,0,2.35465176469391e-05,667.83231428256,0.35,26760,0,0,0
21.24,11.5818477008953,1.45386592510108e-05,0,0,0,1.9277404405498e-05,667.83231428256,0.35,26760,0,0,0
21.25,11.581334764474,1.19027202898598e-05,0,0,0,1.57823048751746e-05,667.83231428256,0.35,26760,0,0,0
21.26,11.5808218395322,9.74469156441273e-06,0,0,0,1.29208861157836e-05,667.83231428256,0.35,26760,0,0,0
21.27,11.5803089260691,7.97792532134867e-06,0,0,0,1.05782583200312e-05,667.83231428256,0.35,26760,0,0,0
21.28,11.5797960240838,6.53148352110944e-06,0,0,0,8.66036183385657e-06,667.83231428256,0.35,26760,0,0,0
21.29,11.5792831335757,5.34728958053375e-06,0,0,0,7.09019053529032e-06,667.83231428256,0.35,26760,0,0,0
21.3,11.578770254544,4.37779652018106e-06,0,0,0,5.80469993544697e-06,667.83231428256,0.35,26760,0,0,0
21.31,11.5782573869879,3.5840778893432e-06,0,0,0,4.75227585777362e-06,667.83231428256,0.35,26760,0,0,0
21.32,11.5777445309067,2.93426481683009e-06,0,0,0,3.89066205964307e-06,667.83231428256,0.35,26760,0,0,0
21.33,11.5772316862996,2.40226643302818e-06,0,0,0,3.18526358752724e-06,667.83231428256,0.35,26760,0,0,0
21.34,11.5767188531658,1.96672228646518e-06,0,0,0,2.60775774319168e-06,667.83231428256,0.35,26760,0,0,0
21.35,11.5762060315045,1.61014469300425e-06,0,0,0,2.13495688934561e-06,667.83231428256,0.35,26760,0,0,0
21.36,11.5756932213151,1.31821658183956e-06,0,0,0,1.74787743487218e-06,667.83231428256,0.35,26760,0,0,0
21.37,11.5751804225967,1.07921664586968e-06,0,0,0,1.43097761814976e-06,667.83231428256,0.35,26760,0,0,0
21.38,11.5746676353486,8.8354871546633e-07,0,0,0,1.17153348444385e-06,667.83231428256,0.35,26760,0,0,0
21.39,11.57415485957,7.23356459364723e-07,0,0,0,9.59128002025977e-07,667.83231428256,0.35,26760,0,0,0
21.4,11.5736420952601,5.92207942399751e-07,0,0,0,7.85232804347289e-07,667.83231428256,0.35,26760,0,0,0
21.41,11.5731293424182,4.84837374658336e-07,0,0,0,6.42865764654527e-07,667.83231428256,0.35,26760,0,0,0
21.42,11.5726166010436,3.96933682930006e-07,0,0,0,5.26310654210091e-07,667.83231428256,0.35,26760,0,0,0
21.43,11.5721038711354,3.24967415315842e-07,0,0,0,4.30887628017809e-07,667.83231428256,0.35,26760,0,0,0
21.44,11.5715911526929,2.66049028983578e-07,0,0,0,3.52765322748417e-07,667.83231428256,0.35,26760,0,0,0
21.45,11.5710784457153,2.17812871132008e-07,0,0,0,2.8880702234431e-07,667.83231428256,0.35,26760,0,0,0
21.46,11.5705657502019,1.78322194844653e-07,0,0,0,2.36444714646122e-07,667.83231428256,0.35,26760,0,0,0
21.47,11.5700530661518,1.45991396091653e-07,0,0,0,1.93575982245607e-07,667.83231428256,0.35,26760,0,0,0
21.48,11.5695403935644,1.19522349591029e-07,0,0,0,1.58479587594065e-07,667.83231428256,0.35,26760,0,0,0
21.49,11.5690277324389,9.78522873286119e-08,0,0,0,1.29746362995038e-07,667.83231428256,0.35,26760,0,0,0
21.5,11.5685150827745,8.01111269891397e-08,0,0,0,1.06222630621593e-07,667.83231428256,0.35,26760,0,0,0
21.51,11.5680024445704,6.55865369776596e-08,0,0,0,8.69638807958529e-08,667.83231428256,0.35,26760,0,0,0
21.52,11.5674898178259,5.36953353448621e-08,0,0,0,7.11968486513891e-08,667.83231428256,0.35,26760,0,0,0
21.53,11.5669772025402,4.39600742447154e-08,0,0,0,5.82884665054951e-08,667.83231428256,0.35,26760,0,0,0
21.54,11.5664645987126,3.59898697588668e-08,0,0,0,4.77204453372942e-08,667.83231428256,0.35,26760,0,0,0
21.55,11.5659520063422,2.94647073794524e-08,0,0,0,3.90684647838328e-08,667.83231428256,0.35,26760,0,0,0
21.56,11.5654394254284,2.41225929943191e-08,0,0,0,3.19851361044859e-08,667.83231428256,0.35,26760,0,0,0
21.57,11.5649268559703,1.97490334694073e-08,0,0,0,2.6186054053755e-08,667.83231428256,0.35,26760,0,0,0
21.58,11.5644142979673,1.61684244595055e-08,0,0,0,2.14383776263649e-08,667.83231428256,0.35,26760,0,0,0
21.59,11.5639017514184,1.32369996563703e-08,0,0,0,1.75514811761892e-08,667.83231428256,0.35,26760,0,0,0
21.6,11.563389216323,1.08370583770212e-08,0,0,0,1.43693005388301e-08,667.83231428256,0.35,26760,0,0,0
21.61,11.5628766926804,8.87223972209337e-09,0,0,0,1.17640668443564e-08,667.83231428256,0.35,26760,0,0,0
21.62,11.5623641804896,7.26365355533466e-09,0,0,0,9.63117642433063e-09,667.83231428256,0.35,26760,0,0,0
21.63,11.5618516797501,5.9467129578506e-09,0,0,0,7.88499083297292e-09,667.83231428256,0.35,26760,0,0,0
21.64,11.5613391904609,4.86854097586241e-09,0,0,0,6.45539834764503e-09,667.83231428256,0.35,26760,0,0,0
21.65,11.5608267126214,3.98584753939824e-09,0,0,0,5.28499888825707e-09,667.83231428256,0.35,26760,0,0,0
21.66,11.5603142462308,3.26319130733648e-09,0,0,0,4.32679932631159e-09,667.83231428256,0.35,26760,0,0,0
21.67,11.5598017912883,2.67155664953163e-09,0,0,0,3.54232664713035e-09,667.83231428256,0.35,26760,0,0,0
21.68,11.5592893477932,2.18718862993227e-09,0,0,0,2.9000832061785e-09,667.83231428256,0.35,26760,0,0,0
21.69,11.5587769157447,1.79063921368857e-09,0,0,0,2.37428205594037e-09,667.83231428256,0.35,26760,0,0,0
21.7,11.558264495142,1.46598640217538e-09,0,0,0,1.94381156501147e-09,667.83231428256,0.35,26760,0,0,0
21.71,11.5577520859844,1.20019494314586e-09,0,0,0,1.5913877574635e-09,667.83231428256,0.35,26760,0,0,0
21.72,11.5572396882711,9.82592947663612e-10,0,0,0,1.30286033776147e-09,667.83231428256,0.35,26760,0,0,0
21.73,11.5567273020013,8.04443399274809e-10,0,0,0,1.06664453719454e-09,667.83231428256,0.35,26760,0,0,0
21.74,11.5562149271743,6.58593350933744e-10,0,0,0,8.73255969686072e-10,667.83231428256,0.35,26760,0,0,0
21.75,11.5557025637893,5.39186724463221e-10,0,0,0,7.14929820813877e-10,667.83231428256,0.35,26760,0,0,0
21.76,11.5551902118456,4.41429181059269e-10,0,0,0,5.85309079964417e-10,667.83231428256,0.35,26760,0,0,0
21.77,11.5546778713424,3.61395622072353e-10,0,0,0,4.79189297719571e-10,667.83231428256,0.35,26760,0,0,0
21.78,11.5541655422789,2.95872590960598e-10,0,0,0,3.92309620139333e-10,667.83231428256,0.35,26760,0,0,0
21.79,11.5536532246544,2.42229248639826e-10,0,0,0,3.21181709683672e-10,667.83231428256,0.35,26760,0,0,0
21.8,11.5531409184681,1.98311741715752e-10,0,0,0,2.62949683716702e-10,667.83231428256,0.35,26760,0,0,0
21.81,11.5526286237192,1.62356722339607e-10,0,0,0,2.15275446934164e-10,667.83231428256,0.35,26760,0,0,0
21.82,11.552116340407,1.32920547392045e-10,0,0,0,1.76244813655674e-10,667.83231428256,0.35,26760,0,0,0
21.83,11.5516040685307,1.0882131424651e-10,0,0,0,1.442906506644e-10,667.83231428256,0.35,26760,0,0,0
21.84,11.5510918080896,8.90914057692438e-11,0,0,0,1.18129954674891e-10,667.83231428256,0.35,26760,0,0,0
21.85,11.5505795590829,7.29386391732872e-11,0,0,0,9.67123380039555e-11,667.83231428256,0.35,26760,0,0,0
21.86,11.5500673215098,5.9714458800153e-11,0,0,0,7.91778540743456e-11,667.83231428256,0.35,26760,0,0,0
21.87,11.5495550953696,4.88878957261682e-11,0,0,0,6.48224693879212e-11,667.83231428256,0.35,26760,0,0,0
21.88,11.5490428806615,4.0024248636276e-11,0,0,0,5.30697956211118e-11,667.83231428256,0.35,26760,0,0,0
21.89,11.5485306773847,3.27676299734032e-11,0,0,0,4.34479468478897e-11,667.83231428256,0.35,26760,0,0,0
21.9,11.5480184855385,2.68266765675548e-11,0,0,0,3.55705926762953e-11,667.83231428256,0.35,26760,0,0,0
21.91,11.5475063051221,2.19628510069567e-11,0,0,0,2.91214465561819e-11,667.83231428256,0.35,26760,0,0,0
21.92,11.5469941361348,1.79808640353819e-11,0,0,0,2.38415664426365e-11,667.83231428256,0.35,26760,0,0,0
21.93,11.5464819785758,1.47208334218757e-11,0,0,0,1.95189579194332e-11,667.83231428256,0.35,26760,0,0,0
21.94,11.5459698324443,1.20518644708266e-11,0,0,0,1.59800623337773e-11,667.83231428256,0.35,26760,0,0,0
21.95,11.5454576977396,9.86679442111841e-12,0,0,0,1.30827881793602e-11,667.83231428256,0.35,26760,0,0,0
21.96,11.5449455744609,8.07788971483107e-12,0,0,0,1.07108059282658e-11,667.83231428256,0.35,26760,0,0,0
21.97,11.5444334626075,6.6133233749661e-12,0,0,0,8.76887724145795e-12,667.83231428256,0.35,26760,0,0,0
21.98,11.5439213621785,5.41429105411057e-12,0,0,0,7.17903101928583e-12,667.83231428256,0.35,26760,0,0,0
21.99,11.5434092731733,4.4326499594617e-12,0,0,0,5.87743275522207e-12,667.83231428256,0.35,26760,0,0,0
22,11.542897195591,3.62898585383202e-12,0,0,0,4.81182149311952e-12,667.83231428256,0.35,26760,0,0,0
22.01,11.542385129431,2.97103052008844e-12,0,0,0,3.93941147832394e-12,667.83231428256,0.35,26760,0,0,0
22.02,11.5418730746923,2.43236614806309e-12,0,0,0,3.225174251073e-12,667.83231428256,0.35,26760,0,0,0
22.03,11.5413610313744,1.99136462330183e-12,0,0,0,2.64043220588699e-12,667.83231428256,0.35,26760,0,0,0
22.04,11.5408489994764,1.63031912864564e-12,0,0,0,2.16170714644141e-12,667.83231428256,0.35,26760,0,0,0
22.05,11.5403369789975,1.33473319126232e-12,0,0,0,1.76977760382722e-12,667.83231428256,0.35,26760,0,0,0
22.06,11.539824969937,1.09273862939551e-12,0,0,0,1.4489070682396e-12,667.83231428256,0.35,26760,0,0,0
22.07,11.5393129722942,8.94619028597749e-13,0,0,0,1.18621214654311e-12,667.83231428256,0.35,26760,0,0,0
22.08,11.5388009860682,7.32419614366848e-13,0,0,0,9.71145276376194e-13,667.83231428256,0.35,26760,0,0,0
22.09,11.5382890112584,5.99627857038612e-13,0,0,0,7.95071227059106e-13,667.83231428256,0.35,26760,0,0,0
22.1,11.5377770478639,4.90911984785453e-13,0,0,0,6.50920383237747e-13,667.83231428256,0.35,26760,0,0,0
22.11,11.537265095884,4.01906905660078e-13,0,0,0,5.329048901275e-13,667.83231428256,0.35,26760,0,0,0
22.12,11.5367531553179,3.2903894316135e-13,0,0,0,4.36286263200258e-13,667.83231428256,0.35,26760,0,0,0
22.13,11.5362412261649,2.69382348215363e-13,0,0,0,3.57185131525564e-13,667.83231428256,0.35,26760,0,0,0
22.14,11.5357293084242,2.20541826331317e-13,0,0,0,2.92425475700568e-13,667.83231428256,0.35,26760,0,0,0
22.15,11.535217402095,1.80556363236583e-13,0,0,0,2.39407106308421e-13,667.83231428256,0.35,26760,0,0,0
22.16,11.5347055071766,1.47820487458465e-13,0,0,0,1.96001262740538e-13,667.83231428256,0.35,26760,0,0,0
22.17,11.5341936236683,1.21019808437396e-13,0,0,0,1.6046514053242e-13,667.83231428256,0.35,26760,0,0,0
22.18,11.5336817515692,9.90782419384487e-14,0,0,0,1.31371915368428e-13,667.83231428256,0.35,26760,0,0,0
22.19,11.5331698908786,8.11148037890795e-14,0,0,0,1.0755345412337e-13,667.83231428256,0.35,26760,0,0,0
22.2,11.5326580415958,6.64082371523923e-14,0,0,0,8.80534127106812e-14,667.83231428256,0.35,26760,0,0,0
22.21,11.53214620372,5.43680530724315e-14,0,0,0,7.20888375514463e-14,667.83231428256,0.35,26760,0,0,0
22.22,11.5316343772503,4.45108215296425e-14,0,0,0,5.90187289105857e-14,667.83231428256,0.35,26760,0,0,0
22.23,11.5311225621862,3.64407610598326e-14,0,0,0,4.83183038749919e-14,667.83231428256,0.35,26760,0,0,0
22.24,11.5306107585267,2.98338475831784e-14,0,0,0,3.95579255968656e-14,667.83231428256,0.35,26760,0,0,0
22.25,11.5300989662712,2.44248043909367e-14,0,0,0,3.23858527824342e-14,667.83231428256,0.35,26760,0,0,0
22.26,11.5295871854188,1.99964509199496e-14,0,0,0,2.65141167943299e-14,667.83231428256,0.35,26760,0,0,0
22.27,11.5290754159689,1.63709826536023e-14,0,0,0,2.17069593138837e-14,667.83231428256,0.35,26760,0,0,0
22.28,11.5285636579207,1.34028320252666e-14,0,0,0,1.77713663195856e-14,667.83231428256,0.35,26760,0,0,0
22.29,11.5280519112733,1.09728236796893e-14,0,0,0,1.45493183079316e-14,667.83231428256,0.35,26760,0,0,0
22.3,11.5275401760261,8.98338941802779e-15,0,0,0,1.19114455923679e-14,667.83231428256,0.35,26760,0,0,0
22.31,11.5270284521783,7.35465069999256e-15,0,0,0,9.75183393185822e-15,667.83231428256,0.35,26760,0,0,0
22.32,11.526516739729,6.02121141016704e-15,0,0,0,7.98377192791203e-15,667.83231428256,0.35,26760,0,0,0
22.33,11.5260050386777,4.92953211365547e-15,0,0,0,6.53626944221346e-15,667.83231428256,0.35,26760,0,0,0
22.34,11.5254933490234,4.035780373808e-15,0,0,0,5.35120724452396e-15,667.83231428256,0.35,26760,0,0,0
22.35,11.5249816707655,3.30407081931796e-15,0,0,0,4.38100344529743e-15,667.83231428256,0.35,26760,0,0,0
22.36,11.5244700039032,2.70502429696054e-15,0,0,0,3.58670301706248e-15,667.83231428256,0.35,26760,0,0,0
22.37,11.5239583484357,2.21458825796912e-15,0,0,0,2.9364136962229e-15,667.83231428256,0.35,26760,0,0,0
22.38,11.5234467043622,1.81307101493611e-15,0,0,0,2.40402546457786e-15,667.83231428256,0.35,26760,0,0,0
22.39,11.5229350716821,1.48435109332088e-15,0,0,0,1.96816219597928e-15,667.83231428256,0.35,26760,0,0,0
22.4,11.5224234503945,1.21522993193719e-15,0,0,0,1.61132337529405e-15,667.83231428256,0.35,26760,0,0,0
22.41,11.5219118404987,9.9490194245148e-16,0,0,0,1.31918142850324e-15,667.83231428256,0.35,26760,0,0,0
22.42,11.5214002419939,8.14520650049412e-16,0,0,0,1.08000645077234e-15,667.83231428256,0.35,26760,0,0,0
22.43,11.5208886548794,6.66843495219334e-16,0,0,0,8.84195234530409e-16,667.83231428256,0.35,26760,0,0,0
22.44,11.5203770791543,5.45941034953821e-16,0,0,0,7.23885687385296e-16,667.83231428256,0.35,26760,0,0,0
22.45,11.5198655148181,4.46958867395729e-16,0,0,0,5.9264115822169e-16,667.83231428256,0.35,26760,0,0,0
22.46,11.5193539618698,3.65922720874351e-16,0,0,0,4.85191996738742e-16,667.83231428256,0.35,26760,0,0,0
22.47,11.5188424203087,2.99578881387029e-16,0,0,0,3.97223969685574e-16,667.83231428256,0.35,26760,0,0,0
22.48,11.5183308901341,2.45263551469009e-16,0,0,0,3.25205038414057e-16,667.83231428256,0.35,26760,0,0,0
22.49,11.5178193713452,2.00795895029447e-16,0,0,0,2.66243542628103e-16,667.83231428256,0.35,26760,0,0,0
22.5,11.5173078639413,1.64390473755791e-16,0,0,0,2.17972096210863e-16,667.83231428256,0.35,26760,0,0,0
22.51,11.5167963679216,1.34585559286986e-16,0,0,0,1.7845253338666e-16,667.83231428256,0.35,26760,0,0,0
22.52,11.5162848832852,1.10184442790026e-16,0,0,0,1.46098088674539e-16,667.83231428256,0.35,26760,0,0,0
22.53,11.5157734100316,9.02073854380961e-17,0,0,0,1.19609686050832e-16,667.83231428256,0.35,26760,0,0,0
22.54,11.5152619481599,7.3852280535435e-17,0,0,0,9.79237792423969e-17,667.83231428256,0.35,26760,0,0,0
22.55,11.5147504976693,6.04624478187506e-17,0,0,0,8.01696488660823e-17,667.83231428256,0.35,26760,0,0,0
22.56,11.5142390585592,4.9500266831745e-17,0,0,0,6.56344418353784e-17,667.83231428256,0.35,26760,0,0,0
22.57,11.5137276308286,4.05255907161944e-17,0,0,0,5.37345493180037e-17,667.83231428256,0.35,26760,0,0,0
22.58,11.513216214477,3.31780737033604e-17,0,0,0,4.39921740297377e-17,667.83231428256,0.35,26760,0,0,0
22.59,11.5127048095035,2.71627027300036e-17,0,0,0,3.60161460088585e-17,667.83231428256,0.35,26760,0,0,0
22.6,11.5121934159073,2.22379522533065e-17,0,0,0,2.94862165979197e-17,667.83231428256,0.35,26760,0,0,0
22.61,11.5116820336877,1.82060866640886e-17,0,0,0,2.41402000144448e-17,667.83231428256,0.35,26760,0,0,0
22.62,11.511170662844,1.49052209267403e-17,0,0,0,1.9763446226757e-17,667.83231428256,0.35,26760,0,0,0
22.63,11.5106593033754,1.22028206695466e-17,0,0,0,1.61802224562965e-17,667.83231428256,0.35,26760,0,0,0
22.64,11.5101479552811,9.99038074499581e-18,0,0,0,1.32466572617744e-17,667.83231428256,0.35,26760,0,0,0
22.65,11.5096366185604,8.17906859688002e-18,0,0,0,1.08449639003428e-17,667.83231428256,0.35,26760,0,0,0
22.66,11.5091252932124,6.69615750931809e-18,0,0,0,8.87871102570562e-18,667.83231428256,0.35,26760,0,0,0
22.67,11.5086139792366,5.48210652769359e-18,0,0,0,7.26895083512602e-18,667.83231428256,0.35,26760,0,0,0
22.68,11.508102676632,4.48816980627161e-18,0,0,0,5.95104920505166e-18,667.83231428256,0.35,26760,0,0,0
22.69,11.507591385398,3.67443939447622e-18,0,0,0,4.87209054089406e-18,667.83231428256,0.35,26760,0,0,0
22.7,11.5070801055338,3.00824287697457e-18,0,0,0,3.98875314207146e-18,667.83231428256,0.35,26760,0,0,0
22.71,11.5065688370385,2.46283153058677e-18,0,0,0,3.26556977526549e-18,667.83231428256,0.35,26760,0,0,0
22.72,11.5060575799116,2.01630632569527e-18,0,0,0,2.67350361548715e-18,667.83231428256,0.35,26760,0,0,0
22.73,11.5055463341521,1.65073864961484e-18,0,0,0,2.18878237700312e-18,667.83231428256,0.35,26760,0,0,0
22.74,11.5050350997594,1.35145044774143e-18,0,0,0,1.79194382285588e-18,667.83231428256,0.35,26760,0,0,0
22.75,11.5045238767327,1.10642487914436e-18,0,0,0,1.46705432885522e-18,667.83231428256,0.35,26760,0,0,0
22.76,11.5040126650712,9.05823823602171e-19,0,0,0,1.20106912629653e-18,667.83231428256,0.35,26760,0,0,0
22.77,11.5035014647742,7.41592867317203e-19,0,0,0,9.83308536259413e-19,667.83231428256,0.35,26760,0,0,0
22.78,11.5029902758409,6.07137906934374e-19,0,0,0,8.05029165563616e-19,667.83231428256,0.35,26760,0,0,0
22.79,11.5024790982706,4.97060387064423e-19,0,0,0,6.59072847301752e-19,667.83231428256,0.35,26760,0,0,0
22.8,11.5019679320625,4.06940540728759e-19,0,0,0,5.39579230421649e-19,667.83231428256,0.35,26760,0,0,0
22.81,11.5014567772158,3.33159929527238e-19,0,0,0,4.41750478428961e-19,667.83231428256,0.35,26760,0,0,0
22.82,11.5009456337298,2.72756158268858e-19,0,0,0,3.61658629534562e-19,667.83231428256,0.35,26760,0,0,0
22.83,11.5004345016038,2.23303930654896e-19,0,0,0,2.96087883487688e-19,667.83231428256,0.35,26760,0,0,0
22.84,11.4999233808369,1.82817670234016e-19,0,0,0,2.42405482690942e-19,667.83231428256,0.35,26760,0,0,0
22.85,11.4994122714284,1.4967179672463e-19,0,0,0,1.98456003293547e-19,667.83231428256,0.35,26760,0,0,0
22.86,11.4989011733776,1.22535456687424e-19,0,0,0,1.62474811902551e-19,667.83231428256,0.35,26760,0,0,0
22.87,11.4983900866837,1.00319087893296e-19,0,0,0,1.33017213077968e-19,667.83231428256,0.35,26760,0,0,0
22.88,11.4978790113459,8.21306718713588e-20,0,0,0,1.08900442784733e-19,667.83231428256,0.35,26760,0,0,0
22.89,11.4973679473636,6.72399181156014e-20,0,0,0,8.91561787574455e-20,667.83231428256,0.35,26760,0,0,0
22.9,11.4968568947358,5.50489418959995e-20,0,0,0,7.29916610026068e-20,667.83231428256,0.35,26760,0,0,0
22.91,11.4963458534619,4.50682583471447e-20,0,0,0,5.97578613721228e-20,667.83231428256,0.35,26760,0,0,0
22.92,11.4958348235412,3.68971289634427e-20,0,0,0,4.89234241718896e-20,667.83231428256,0.35,26760,0,0,0
22.93,11.4953238049728,3.02074713851387e-20,0,0,0,4.00533314844145e-20,667.83231428256,0.35,26760,0,0,0
22.94,11.494812797756,2.47306864305382e-20,0,0,0,3.27914365882964e-20,667.83231428256,0.35,26760,0,0,0
22.95,11.49430180189,2.02468734613086e-20,0,0,0,2.6846164166889e-20,667.83231428256,0.35,26760,0,0,0
22.96,11.4937908173742,1.65760010626617e-20,0,0,0,2.19788031494882e-20,667.83231428256,0.35,26760,0,0,0
22.97,11.4932798442077,1.35706785288481e-20,0,0,0,1.79939221262068e-20,667.83231428256,0.35,26760,0,0,0
22.98,11.4927688823897,1.11102379189671e-20,0,0,0,1.47315225020062e-20,667.83231428256,0.35,26760,0,0,0
22.99,11.4922579319196,9.09588906933263e-21,0,0,0,1.20606143280147e-20,667.83231428256,0.35,26760,0,0,0
23,11.4917469927965,7.44675302934137e-21,0,0,0,9.87395687074754e-21,667.83231428256,0.35,26760,0,0,0
23.01,11.4912360650198,6.09661465772668e-21,0,0,0,8.08375274570275e-21,667.83231428256,0.35,26760,0,0,0
23.02,11.4907251485886,4.99126399137793e-21,0,0,0,6.61812272875237e-21,667.83231428256,0.35,26760,0,0,0
23.03,11.4902142435021,4.08631963894962e-21,0,0,0,5.41821970405768e-21,667.83231428256,0.35,26760,0,0,0
23.04,11.4897033497598,3.34544680545583e-21,0,0,0,4.43586586946333e-21,667.83231428256,0.35,26760,0,0,0
23.05,11.4891924673607,2.73889839903355e-21,0,0,0,3.63161832984784e-21,667.83231428256,0.35,26760,0,0,0
23.06,11.4886815963041,2.24232064326059e-21,0,0,0,2.97318540928523e-21,667.83231428256,0.35,26760,0,0,0
23.07,11.4881707365893,1.83577523868345e-21,0,0,0,2.43413009472492e-21,667.83231428256,0.35,26760,0,0,0
23.08,11.4876598882155,1.50293881196515e-21,0,0,0,1.99280855263076e-21,667.83231428256,0.35,26760,0,0,0
23.09,11.487149051182,1.23044750941009e-21,0,0,0,1.63150109852925e-21,667.83231428256,0.35,26760,0,0,0
23.1,11.4866382254879,1.00736041937378e-21,0,0,0,1.33570072667183e-21,667.83231428256,0.35,26760,0,0,0
23.11,11.4861274111326,8.2472027921165e-22,0,0,0,1.09353063327592e-21,667.83231428256,0.35,26760,0,0,0
23.12,11.4856166081153,6.75193828532711e-22,0,0,0,8.9526734608299e-22,667.83231428256,0.35,26760,0,0,0
23.13,11.4851058164353,5.5277736843439e-22,0,0,0,7.32950313213972e-22,667.83231428256,0.35,26760,0,0,0
23.14,11.4845950360917,4.52555704507219e-22,0,0,0,6.00062275764644e-22,667.83231428256,0.35,26760,0,0,0
23.15,11.4840842670838,3.70504794831199e-22,0,0,0,4.91267590650476e-22,667.83231428256,0.35,26760,0,0,0
23.16,11.4835735094109,3.03330179002749e-22,0,0,0,4.02197996994354e-22,667.83231428256,0.35,26760,0,0,0
23.17,11.4830627630722,2.48334700889851e-22,0,0,0,3.29277224275672e-22,667.83231428256,0.35,26760,0,0,0
23.18,11.482552028067,2.03310213997445e-22,0,0,0,2.69577400010694e-22,667.83231428256,0.35,26760,0,0,0
23.19,11.4820413043944,1.66448921260706e-22,0,0,0,2.20701491530009e-22,667.83231428256,0.35,26760,0,0,0
23.2,11.4815305920539,1.3627078943381e-22,0,0,0,1.80687061724605e-22,667.83231428256,0.35,26760,0,0,0
23.21,11.4810198910444,1.11564123659403e-22,0,0,0,1.47927474417944e-22,667.83231428256,0.35,26760,0,0,0
23.22,11.4805092013655,9.13369162038586e-23,0,0,0,1.21107385648505e-22,667.83231428256,0.35,26760,0,0,0
23.23,11.4799985230162,7.47770159413157e-23,0,0,0,9.91499307466984e-23,667.83231428256,0.35,26760,0,0,0
23.24,11.4794878559958,6.12195193350107e-23,0,0,0,8.11734866927005e-23,667.83231428256,0.35,26760,0,0,0
23.25,11.4789772003036,5.01200736177241e-23,0,0,0,6.64562737027906e-23,667.83231428256,0.35,26760,0,0,0
23.26,11.4784665559388,4.1033020256297e-23,0,0,0,5.44073747478551e-23,667.83231428256,0.35,26760,0,0,0
23.27,11.4779559229007,3.3593501129414e-23,0,0,0,4.45430093967619e-23,667.83231428256,0.35,26760,0,0,0
23.28,11.4774453011884,2.75028089563809e-23,0,0,0,3.64671093458684e-23,667.83231428256,0.35,26760,0,0,0
23.29,11.4769346908013,2.25163937758876e-23,0,0,0,2.98554157146991e-23,667.83231428256,0.35,26760,0,0,0
23.3,11.4764240917386,1.84340439179057e-23,0,0,0,2.44424595917147e-23,667.83231428256,0.35,26760,0,0,0
23.31,11.4759135039996,1.50918472208418e-23,0,0,0,2.00109030806619e-23,667.83231428256,0.35,26760,0,0,0
23.32,11.4754029275834,1.23556097254337e-23,0,0,0,1.63828128754253e-23,667.83231428256,0.35,26760,0,0,0
23.33,11.4748923624893,1.01154675966276e-23,0,0,0,1.34125159850561e-23,667.83231428256,0.35,26760,0,0,0
23.34,11.4743818087166,8.28147593446602e-24,0,0,0,1.09807507562176e-23,667.83231428256,0.35,26760,0,0,0
23.35,11.4738712662646,6.77999735849139e-24,0,0,0,8.98987834831309e-24,667.83231428256,0.35,26760,0,0,0
23.36,11.4733607351323,5.55074536221119e-24,0,0,0,7.35996239523598e-24,667.83231428256,0.35,26760,0,0,0
23.37,11.4728502153192,4.54436372411277e-24,0,0,0,6.02555944660355e-24,667.83231428256,0.35,26760,0,0,0
23.38,11.4723397068245,3.72044478514738e-24,0,0,0,4.93309132013978e-24,667.83231428256,0.35,26760,0,0,0
23.39,11.4718292096474,3.04590702371265e-24,0,0,0,4.03869386142789e-24,667.83231428256,0.35,26760,0,0,0
23.4,11.471318723787,2.4936667854667e-24,0,0,0,3.3064557356846e-24,667.83231428256,0.35,26760,0,0,0
23.41,11.4708082492428,2.04155083604016e-24,0,0,0,2.70697653654657e-24,667.83231428256,0.35,26760,0,0,0
23.42,11.470297786014,1.67140607409361e-24,0,0,0,2.21618631788989e-24,667.83231428256,0.35,26760,0,0,0
23.43,11.4697873340997,1.36837065843492e-24,0,0,0,1.81437915120887e-24,667.83231428256,0.35,26760,0,0,0
23.44,11.4692768934992,1.12027728391494e-24,0,0,0,1.48542190451034e-24,667.83231428256,0.35,26760,0,0,0
23.45,11.4687664642118,9.17164646780512e-25,0,0,0,1.2161064740718e-24,667.83231428256,0.35,26760,0,0,0
23.46,11.4682560462367,7.50877484124375e-25,0,0,0,9.95619460248059e-25,667.83231428256,0.35,26760,0,0,0
23.47,11.4677456395732,6.1473912844712e-25,0,0,0,8.15107994055987e-25,667.83231428256,0.35,26760,0,0,0
23.48,11.4672352442205,5.03283429931089e-25,0,0,0,6.6732428185749e-25,667.83231428256,0.35,26760,0,0,0
23.49,11.4667248601778,4.12035282724143e-25,0,0,0,5.46334596104092e-25,667.83231428256,0.35,26760,0,0,0
23.5,11.4662144874445,3.3733094305122e-25,0,0,0,4.47281027707493e-25,667.83231428256,0.35,26760,0,0,0
23.51,11.4657041260197,2.76170924670105e-25,0,0,0,3.66186434054733e-25,667.83231428256,0.35,26760,0,0,0
23.52,11.4651937759026,2.26099565214461e-25,0,0,0,2.99794751053088e-25,667.83231428256,0.35,26760,0,0,0
23.53,11.4646834370927,1.8510642784128e-25,0,0,0,2.45440257505929e-25,667.83231428256,0.35,26760,0,0,0
23.54,11.464173109589,1.51545579318402e-25,0,0,0,2.00940542598002e-25,667.83231428256,0.35,26760,0,0,0
23.55,11.4636627933908,1.24069503452292e-25,0,0,0,1.64508878982199e-25,667.83231428256,0.35,26760,0,0,0
23.56,11.4631524884975,1.0157499638598e-25,0,0,0,1.34682483122332e-25,667.83231428256,0.35,26760,0,0,0
23.57,11.4626421949081,8.3158871386226e-26,0,0,0,1.10263782442445e-25,667.83231428256,0.35,26760,0,0,0
23.58,11.462131912622,6.80816946039408e-26,0,0,0,9.02723310749306e-26,667.83231428256,0.35,26760,0,0,0
23.59,11.4616216416385,5.57380957468992e-26,0,0,0,7.39054435561667e-26,667.83231428256,0.35,26760,0,0,0
23.6,11.4611113819567,4.56324615958849e-26,0,0,0,6.05059658563821e-26,667.83231428256,0.35,26760,0,0,0
23.61,11.4606011335759,3.7359036424242e-26,0,0,0,4.95358897046081e-26,667.83231428256,0.35,26760,0,0,0
23.62,11.4600908964954,3.05856303242621e-26,0,0,0,4.05547507861941e-26,667.83231428256,0.35,26760,0,0,0
23.63,11.4595806707144,2.50402813064423e-26,0,0,0,3.32019434696723e-26,667.83231428256,0.35,26760,0,0,0
23.64,11.4590704562321,2.05003356358421e-26,0,0,0,2.7182241973993e-26,667.83231428256,0.35,26760,0,0,0
23.65,11.4585602530478,1.6783507965438e-26,0,0,0,2.22539466303105e-26,667.83231428256,0.35,26760,0,0,0
23.66,11.4580500611608,1.37405623180513e-26,0,0,0,1.82191792937885e-26,667.83231428256,0.35,26760,0,0,0
23.67,11.4575398805703,1.1249320047806e-26,0,0,0,1.49159382523354e-26,667.83231428256,0.35,26760,0,0,0
23.68,11.4570297112755,9.20975419219963e-27,0,0,0,1.2211593625495e-26,667.83231428256,0.35,26760,0,0,0
23.69,11.4565195532757,7.53997324600445e-27,0,0,0,9.99756208445466e-27,667.83231428256,0.35,26760,0,0,0
23.7,11.4560094065701,6.17293309977197e-27,0,0,0,8.18494707555846e-27,667.83231428256,0.35,26760,0,0,0
23.71,11.455499271158,5.05374512256591e-27,0,0,0,6.70096949606163e-27,667.83231428256,0.35,26760,0,0,0
23.72,11.4549891470386,4.13747230459011e-27,0,0,0,5.48604550864732e-27,667.83231428256,0.35,26760,0,0,0
23.73,11.4544790342112,3.38732497168135e-27,0,0,0,4.49139416477433e-27,667.83231428256,0.35,26760,0,0,0
23.74,11.453968932675,2.77318362701893e-27,0,0,0,3.67707877950646e-27,667.83231428256,0.35,26760,0,0,0
23.75,11.4534588424293,2.27038961002854e-27,0,0,0,3.01040341621682e-27,667.83231428256,0.35,26760,0,0,0
23.76,11.4529487634733,1.85875501570192e-27,0,0,0,2.46460009772964e-27,667.83231428256,0.35,26760,0,0,0
23.77,11.4524386958063,1.52175212117315e-27,0,0,0,2.01775403354529e-27,667.83231428256,0.35,26760,0,0,0
23.78,11.4519286394275,1.24584977386602e-27,0,0,0,1.65192370948018e-27,667.83231428256,0.35,26760,0,0,0
23.79,11.4514185943361,1.01997009624451e-27,0,0,0,1.35242051005864e-27,667.83231428256,0.35,26760,0,0,0
23.8,11.4509085605314,8.35043693082329e-28,0,0,0,1.10721894946213e-27,667.83231428256,0.35,26760,0,0,0
23.81,11.4503985380127,6.83645502184888e-28,0,0,0,9.06473830962146e-28,667.83231428256,0.35,26760,0,0,0
23.82,11.4498885267792,5.59696667447371e-28,0,0,0,7.42124948094755e-28,667.83231428256,0.35,26760,0,0,0
23.83,11.4493785268302,4.58220464023854e-28,0,0,0,6.07573455761367e-28,667.83231428256,0.35,26760,0,0,0
23.84,11.4488685381648,3.75142475652415e-28,0,0,0,4.97416917090592e-28,667.83231428256,0.35,26760,0,0,0
23.85,11.4483585607824,3.07127000968641e-28,0,0,0,4.07232387812001e-28,667.83231428256,0.35,26760,0,0,0
23.86,11.4478485946822,2.51443120285841e-28,0,0,0,3.33398828667652e-28,667.83231428256,0.35,26760,0,0,0
23.87,11.4473386398634,2.05855045230601e-28,0,0,0,2.72951715464439e-28,667.83231428256,0.35,26760,0,0,0
23.88,11.4468286963253,1.68532348613848e-28,0,0,0,2.2346400915176e-28,667.83231428256,0.35,26760,0,0,0
23.89,11.4463187640671,1.37976470137566e-28,0,0,0,1.82948706701963e-28,667.83231428256,0.35,26760,0,0,0
23.9,11.4458088430881,1.12960547035533e-28,0,0,0,1.49779060071174e-28,667.83231428256,0.35,26760,0,0,0
23.91,11.4452989333876,9.24801537616938e-29,0,0,0,1.22623259916992e-28,667.83231428256,0.35,26760,0,0,0
23.92,11.4447890349647,7.57129728536993e-29,0,0,0,1.0039096153028e-28,667.83231428256,0.35,26760,0,0,0
23.93,11.4442791478187,6.19857776987246e-29,0,0,0,8.21895059202121e-29,667.83231428256,0.35,26760,0,0,0
23.94,11.443769271949,5.07474015120219e-29,0,0,0,6.72880782660927e-29,667.83231428256,0.35,26760,0,0,0
23.95,11.4432594073546,4.15466071937519e-29,0,0,0,5.50883646461375e-29,667.83231428256,0.35,26760,0,0,0
23.96,11.4427495540349,3.40139695069394e-29,0,0,0,4.51005288685973e-29,667.83231428256,0.35,26760,0,0,0
23.97,11.4422397119892,2.78470421198742e-29,0,0,0,3.69235448403597e-29,667.83231428256,0.35,26760,0,0,0
23.98,11.4417298812166,2.27982139483147e-29,0,0,0,3.02290947892686e-29,667.83231428256,0.35,26760,0,0,0
23.99,11.4412200617164,1.8664767212113e-29,0,0,0,2.47483868305631e-29,667.83231428256,0.35,26760,0,0,0
24,11.4407102534879,1.5280738022888e-29,0,0,0,2.02613625837093e-29,667.83231428256,0.35,26760,0,0,0
24.01,11.4402004565303,1.25102526935905e-29,0,0,0,1.65878615098654e-29,667.83231428256,0.35,26760,0,0,0
24.02,11.4396906708429,1.02420722131683e-29,0,0,0,1.35803872053739e-29,667.83231428256,0.35,26760,0,0,0
24.03,11.4391808964249,8.38512583910866e-30,0,0,0,1.11181852075209e-29,667.83231428256,0.35,26760,0,0,0
24.04,11.4386711332755,6.86485447514597e-30,0,0,0,9.10239452790779e-30,667.83231428256,0.35,26760,0,0,0
24.05,11.4381613813941,5.6202170154649e-30,0,0,0,7.45207824049715e-30,667.83231428256,0.35,26760,0,0,0
24.06,11.4376516407798,4.60123945579157e-30,0,0,0,6.10097374670528e-30,667.83231428256,0.35,26760,0,0,0
24.07,11.4371419114319,3.76700836463893e-30,0,0,0,4.99483223598738e-30,667.83231428256,0.35,26760,0,0,0
24.08,11.4366321933497,3.08402814967463e-30,0,0,0,4.08924051741091e-30,667.83231428256,0.35,26760,0,0,0
24.09,11.4361224865324,2.52487616107939e-30,0,0,0,3.34783776560425e-30,667.83231428256,0.35,26760,0,0,0
24.1,11.4356127909792,2.06710163234944e-30,0,0,0,2.7408555808504e-30,667.83231428256,0.35,26760,0,0,0
24.11,11.4351031066895,1.69232424942232e-30,0,0,0,2.24392274462596e-30,667.83231428256,0.35,26760,0,0,0
24.12,11.4345934336624,1.38549615437124e-30,0,0,0,1.83708667978976e-30,667.83231428256,0.35,26760,0,0,0
24.13,11.4340837718971,1.13429775204729e-30,0,0,0,1.50401232563096e-30,667.83231428256,0.35,26760,0,0,0
24.14,11.4335741213931,9.28643060431033e-31,0,0,0,1.23132626144952e-30,667.83231428256,0.35,26760,0,0,0
24.15,11.4330644821494,7.60274743793044e-31,0,0,0,1.00807974428032e-30,667.83231428256,0.35,26760,0,0,0
24.16,11.4325548541654,6.22432568657937e-31,0,0,0,8.25309100947725e-31,667.83231428256,0.35,26760,0,0,0
24.17,11.4320452374403,5.0958197059795e-31,0,0,0,6.75675823553992e-31,667.83231428256,0.35,26760,0,0,0
24.18,11.4315356319733,4.17191833419255e-31,0,0,0,5.53171917713797e-31,667.83231428256,0.35,26760,0,0,0
24.19,11.4310260377638,3.41552558252892e-31,0,0,0,4.52878672838966e-31,667.83231428256,0.35,26760,0,0,0
24.2,11.4305164548108,2.79627117760301e-31,0,0,0,3.70769168750425e-31,667.83231428256,0.35,26760,0,0,0
24.21,11.4300068831138,2.28929115063616e-31,0,0,0,3.03546588971234e-31,667.83231428256,0.35,26760,0,0,0
24.22,11.4294973226719,1.87422951289695e-31,0,0,0,2.48511848744698e-31,667.83231428256,0.35,26760,0,0,0
24.23,11.4289877734844,1.53442093309783e-31,0,0,0,2.03455222850298e-31,667.83231428256,0.35,26760,0,0,0
24.24,11.4284782355506,1.25622160005823e-31,0,0,0,1.66567621916829e-31,667.83231428256,0.35,26760,0,0,0
24.25,11.4279687088696,1.02846140379757e-31,0,0,0,1.36367954847832e-31,667.83231428256,0.35,26760,0,0,0
24.26,11.4274591934408,8.41995439332767e-32,0,0,0,1.11643660855143e-31,667.83231428256,0.35,26760,0,0,0
24.27,11.4269496892634,6.89336825405594e-32,0,0,0,9.14020233752461e-32,667.83231428256,0.35,26760,0,0,0
24.28,11.4264401963367,5.64356095277773e-32,0,0,0,7.48303110514105e-32,667.83231428256,0.35,26760,0,0,0
24.29,11.4259307146598,4.62035089696839e-32,0,0,0,6.12631453840397e-32,667.83231428256,0.35,26760,0,0,0
24.3,11.4254212442321,3.78265470477247e-32,0,0,0,5.01557848129439e-32,667.83231428256,0.35,26760,0,0,0
24.31,11.4249117850527,3.09683764723714e-32,0,0,0,4.10622525485505e-32,667.83231428256,0.35,26760,0,0,0
24.32,11.4244023371211,2.53536316482165e-32,0,0,0,3.36174299526394e-32,667.83231428256,0.35,26760,0,0,0
24.33,11.4238929004363,2.07568723430393e-32,0,0,0,2.75223964917678e-32,667.83231428256,0.35,26760,0,0,0
24.34,11.4233834749976,1.69935319330477e-32,0,0,0,2.2532427641163e-32,667.83231428256,0.35,26760,0,0,0
24.35,11.4228740608044,1.39125067831527e-32,0,0,0,1.84471688374378e-32,667.83231428256,0.35,26760,0,0,0
24.36,11.4223646578558,1.1390089215091e-32,0,0,0,1.51025909500138e-32,667.83231428256,0.35,26760,0,0,0
24.37,11.421855266151,9.32500046321975e-33,0,0,0,1.2364404271701e-32,667.83231428256,0.35,26760,0,0,0
24.38,11.4213458856895,7.63432418391459e-33,0,0,0,1.01226665905555e-32,667.83231428256,0.35,26760,0,0,0
24.39,11.4208365164703,6.25017724304065e-33,0,0,0,8.28736884923425e-33,667.83231428256,0.35,26760,0,0,0
24.4,11.4203271584928,5.1169841087556e-33,0,0,0,6.78482114963163e-33,667.83231428256,0.35,26760,0,0,0
24.41,11.4198178117562,4.18924541253696e-33,0,0,0,5.55469399560964e-33,667.83231428256,0.35,26760,0,0,0
24.42,11.4193084762597,3.42971108290109e-33,0,0,0,4.54759597539835e-33,667.83231428256,0.35,26760,0,0,0
24.43,11.4187991520026,2.80788470046455e-33,0,0,0,3.72309062407847e-33,667.83231428256,0.35,26760,0,0,0
24.44,11.4182898389842,2.29879902201849e-33,0,0,0,3.04807284027849e-33,667.83231428256,0.35,26760,0,0,0
24.45,11.4177805372036,1.88201350911854e-33,0,0,0,2.49543966784465e-33,667.83231428256,0.35,26760,0,0,0
24.46,11.4172712466603,1.54079361049755e-33,0,0,0,2.04300207242569e-33,667.83231428256,0.35,26760,0,0,0
24.47,11.4167619673533,1.26143884529034e-33,0,0,0,1.67259401921141e-33,667.83231428256,0.35,26760,0,0,0
24.48,11.416252699282,1.03273270862906e-33,0,0,0,1.36934307999386e-33,667.83231428256,0.35,26760,0,0,0
24.49,11.4157434424456,8.45492312514239e-34,0,0,0,1.12107328335764e-33,667.83231428256,0.35,26760,0,0,0
24.5,11.4152341968433,6.92199679383362e-34,0,0,0,9.17816231561267e-34,667.83231428256,0.35,26760,0,0,0
24.51,11.4147249624744,5.66699884274154e-34,0,0,0,7.51410854736607e-34,667.83231428256,0.35,26760,0,0,0
24.52,11.4142157393382,4.63953925548451e-34,0,0,0,6.1517573195197e-34,667.83231428256,0.35,26760,0,0,0
24.53,11.4137065274339,3.79836401574299e-34,0,0,0,5.036408223496e-34,667.83231428256,0.35,26760,0,0,0
24.54,11.4131973267608,3.10969869788683e-34,0,0,0,4.1232783496993e-34,667.83231428256,0.35,26760,0,0,0
24.55,11.4126881373181,2.5458923741454e-34,0,0,0,3.37570418789279e-34,667.83231428256,0.35,26760,0,0,0
24.56,11.412178959105,2.0843073892057e-34,0,0,0,2.76366953337538e-34,667.83231428256,0.35,26760,0,0,0
24.57,11.4116697921209,1.706410425061e-34,0,0,0,2.26260029223372e-34,667.83231428256,0.35,26760,0,0,0
24.58,11.4111606363649,1.39702836103052e-34,0,0,0,1.85237779533326e-34,667.83231428256,0.35,26760,0,0,0
24.59,11.4106514918363,1.14373905063847e-34,0,0,0,1.51653100415818e-34,667.83231428256,0.35,26760,0,0,0
24.6,11.4101423585344,9.36372554150144e-35,0,0,0,1.24157517437958e-34,667.83231428256,0.35,26760,0,0,0
24.61,11.4096332364584,7.66602800519358e-35,0,0,0,1.01647042352382e-34,667.83231428256,0.35,26760,0,0,0
24.62,11.4091241256076,6.27613283374896e-35,0,0,0,8.32178463438296e-35,667.83231428256,0.35,26760,0,0,0
24.63,11.4086150259812,5.1382336824891e-35,0,0,0,6.81299699712218e-35,667.83231428256,0.35,26760,0,0,0
24.64,11.4081059375785,4.20664221880433e-35,0,0,0,5.57776127061344e-35,667.83231428256,0.35,26760,0,0,0
24.65,11.4075968603987,3.44395366826299e-35,0,0,0,4.56648091489832e-35,667.83231428256,0.35,26760,0,0,0
24.66,11.4070877944411,2.81954495777485e-35,0,0,0,3.73855152872665e-35,667.83231428256,0.35,26760,0,0,0
24.67,11.4065787397049,2.30834515404878e-35,0,0,0,3.06073052298616e-35,667.83231428256,0.35,26760,0,0,0
24.68,11.4060696961894,1.88982882864054e-35,0,0,0,2.50580238172903e-35,667.83231428256,0.35,26760,0,0,0
24.69,11.4055606638938,1.54719193171666e-35,0,0,0,2.05148591906268e-35,667.83231428256,0.35,26760,0,0,0
24.7,11.4050516428175,1.26667708465339e-35,0,0,0,1.67953965666159e-35,667.83231428256,0.35,26760,0,0,0
24.71,11.4045426329595,1.03702120097565e-35,0,0,0,1.37502940149087e-35,667.83231428256,0.35,26760,0,0,0
24.72,11.4040336343193,8.49003256803277e-36,0,0,0,1.12572861590931e-35,667.83231428256,0.35,26760,0,0,0
24.73,11.4035246468959,6.95074053122209e-36,0,0,0,9.21627504128611e-36,667.83231428256,0.35,26760,0,0,0
24.74,11.4030156706888,5.69053104290397e-36,0,0,0,7.54531104127452e-36,667.83231428256,0.35,26760,0,0,0
24.75,11.4025067056971,4.65880482405281e-36,0,0,0,6.17730247818494e-36,667.83231428256,0.35,26760,0,0,0
24.76,11.4019977519202,3.8141365371852e-36,0,0,0,5.05732178034391e-36,667.83231428256,0.35,26760,0,0,0
24.77,11.4014888093571,3.12261149780502e-36,0,0,0,4.14040006207686e-36,667.83231428256,0.35,26760,0,0,0
24.78,11.4009798780073,2.55646394965801e-36,0,0,0,3.38972155645356e-36,667.83231428256,0.35,26760,0,0,0
24.79,11.4004709578699,2.09296222853889e-36,0,0,0,2.77514540779202e-36,667.83231428256,0.35,26760,0,0,0
24.8,11.3999620489443,1.71349605233289e-36,0,0,0,2.2719954717096e-36,667.83231428256,0.35,26760,0,0,0
24.81,11.3994531512296,1.40282929063997e-36,0,0,0,1.86006953140783e-36,667.83231428256,0.35,26760,0,0,0
24.82,11.3989442647251,1.14848821157888e-36,0,0,0,1.52282814876245e-36,667.83231428256,0.35,26760,0,0,0
24.83,11.3984353894301,9.40260642977104e-37,0,0,0,1.24673058139262e-36,667.83231428256,0.35,26760,0,0,0
24.84,11.3979265253437,7.69785938528562e-37,0,0,0,1.02069110179885e-36,667.83231428256,0.35,26760,0,0,0
24.85,11.3974176724654,6.3021928545452e-37,0,0,0,8.35633888980202e-37,667.83231428256,0.35,26760,0,0,0
24.86,11.3969088307943,5.15956875124232e-37,0,0,0,6.84128620771298e-37,667.83231428256,0.35,26760,0,0,0
24.87,11.3964000003297,4.22410901829418e-37,0,0,0,5.60092135393218e-37,667.83231428256,0.35,26760,0,0,0
24.88,11.3958911810708,3.45825355580687e-37,0,0,0,4.58544183488295e-37,667.83231428256,0.35,26760,0,0,0
24.89,11.3953823730168,2.83125212734229e-37,0,0,0,3.75407463721979e-37,667.83231428256,0.35,26760,0,0,0
24.9,11.3948735761672,2.31792969229306e-37,0,0,0,3.07343913085355e-37,667.83231428256,0.35,26760,0,0,0
24.91,11.3943647905209,1.89767559063321e-37,0,0,0,2.51620678711796e-37,667.83231428256,0.35,26760,0,0,0
24.92,11.3938560160775,1.55361599431602e-37,0,0,0,2.06000389777812e-37,667.83231428256,0.35,26760,0,0,0
24.93,11.393347252836,1.27193639801738e-37,0,0,0,1.68651323742512e-37,667.83231428256,0.35,26760,0,0,0
24.94,11.3928385007958,1.04132694622437e-37,0,0,0,1.38073859967149e-37,667.83231428256,0.35,26760,0,0,0
24.95,11.3923297599561,8.52528325730137e-38,0,0,0,1.13040267718668e-37,667.83231428256,0.35,26760,0,0,0
24.96,11.3918210303161,6.97959990445646e-38,0,0,0,9.25454109563761e-38,667.83231428256,0.35,26760,0,0,0
24.97,11.3913123118752,5.71415791203411e-38,0,0,0,7.57663906258842e-38,667.83231428256,0.35,26760,0,0,0
24.98,11.3908036046325,4.67814789638607e-38,0,0,0,6.20295040385813e-38,667.83231428256,0.35,26760,0,0,0
24.99,11.3902949085873,3.82997250955239e-38,0,0,0,5.07831947067528e-38,667.83231428256,0.35,26760,0,0,0
25,11.3897862237389,3.13557624384312e-38,0,0,0,4.15759065300954e-38,667.83231428256,0.35,26760,0,0,0
25.01,11.3892775500865,2.56707805251546e-38,0,0,0,3.40379531463648e-38,667.83231428256,0.35,26760,0,0,0
25.02,11.3887688876294,2.10165188423674e-38,0,0,0,2.78666744736806e-38,667.83231428256,0.35,26760,0,0,0
25.03,11.3882602363668,1.72061018312998e-38,0,0,0,2.28142844576285e-38,667.83231428256,0.35,26760,0,0,0
25.04,11.387751596298,1.40865355556757e-38,0,0,0,1.86779220921622e-38,667.83231428256,0.35,26760,0,0,0
25.05,11.3872429674222,1.15325647672019e-38,0,0,0,1.52915062480197e-38,667.83231428256,0.35,26760,0,0,0
25.06,11.3867343497388,9.4416437206612e-39,0,0,0,1.25190672679135e-38,667.83231428256,0.35,26760,0,0,0
25.07,11.3862257432468,7.72981880936011e-39,0,0,0,1.02492875821333e-38,667.83231428256,0.35,26760,0,0,0
25.08,11.3857171479457,6.32835770262208e-39,0,0,0,8.39103214216252e-39,667.83231428256,0.35,26760,0,0,0
25.09,11.3852085638346,5.18098964018423e-39,0,0,0,6.86968921257282e-39,667.83231428256,0.35,26760,0,0,0
25.1,11.3846999909128,4.24164607721192e-39,0,0,0,5.62417459854997e-39,667.83231428256,0.35,26760,0,0,0
25.11,11.3841914291796,3.47261096346659e-39,0,0,0,4.60447902432905e-39,667.83231428256,0.35,26760,0,0,0
25.12,11.3836828786342,2.84300638758234e-39,0,0,0,3.76966018613394e-39,667.83231428256,0.35,26760,0,0,0
25.13,11.3831743392759,2.32755278281437e-39,0,0,0,3.0861988575579e-39,667.83231428256,0.35,26760,0,0,0
25.14,11.3826658111038,1.90555391467368e-39,0,0,0,2.52665304256879e-39,667.83231428256,0.35,26760,0,0,0
25.15,11.3821572941174,1.56006589618963e-39,0,0,0,2.06855613837785e-39,667.83231428256,0.35,26760,0,0,0
25.16,11.3816487883158,1.27721686552497e-39,0,0,0,1.6935148677699e-39,667.83231428256,0.35,26760,0,0,0
25.17,11.3811402936983,1.04565000998543e-39,0,0,0,1.38647076153383e-39,667.83231428256,0.35,26760,0,0,0
25.18,11.3806318102641,8.5606757300782e-40,0,0,0,1.13509553841232e-39,667.83231428256,0.35,26760,0,0,0
25.19,11.3801233380125,7.00857535326785e-40,0,0,0,9.29296106174359e-40,667.83231428256,0.35,26760,0,0,0
25.2,11.3796148769427,5.73787981012576e-40,0,0,0,7.60809308865377e-40,667.83231428256,0.35,26760,0,0,0
25.21,11.3791064270541,4.69756876719969e-40,0,0,0,6.22870148732713e-40,667.83231428256,0.35,26760,0,0,0
25.22,11.3785979883458,3.8458721741186e-40,0,0,0,5.09940161441565e-40,667.83231428256,0.35,26760,0,0,0
25.23,11.3780895608171,3.14859313352447e-40,0,0,0,4.17485038441011e-40,667.83231428256,0.35,26760,0,0,0
25.24,11.3775811444673,2.57773484442377e-40,0,0,0,3.41792567686113e-40,667.83231428256,0.35,26760,0,0,0
25.25,11.3770727392956,2.1103764886828e-40,0,0,0,2.79823582764196e-40,667.83231428256,0.35,26760,0,0,0
25.26,11.3765643453013,1.72775292583043e-40,0,0,0,2.29089935810117e-40,667.83231428256,0.35,26760,0,0,0
25.27,11.3760559624836,1.41450124453905e-40,0,0,0,1.87554594640733e-40,667.83231428256,0.35,26760,0,0,0
25.28,11.3755475908418,1.15804391869931e-40,0,0,0,1.53549852859211e-40,667.83231428256,0.35,26760,0,0,0
25.29,11.3750392303752,9.48083800882697e-41,0,0,0,1.25710368942608e-40,667.83231428256,0.35,26760,0,0,0
25.3,11.3745308810829,7.76190676424208e-41,0,0,0,1.02918345731947e-40,667.83231428256,0.35,26760,0,0,0
25.31,11.3740225429643,6.35462777652761e-41,0,0,0,8.42586491993278e-41,667.83231428256,0.35,26760,0,0,0
25.32,11.3735142160186,5.2024966755933e-41,0,0,0,6.89820644434174e-41,667.83231428256,0.35,26760,0,0,0
25.33,11.373005900245,4.25925366267128e-41,0,0,0,5.64752135865534e-41,667.83231428256,0.35,26760,0,0,0
25.34,11.3724975956429,3.48702610991957e-41,0,0,0,4.62359277319939e-41,667.83231428256,0.35,26760,0,0,0
25.35,11.3719893022114,2.85480791751919e-41,0,0,0,3.78530841285234e-41,667.83231428256,0.35,26760,0,0,0
25.36,11.3714810199499,2.33721457217407e-41,0,0,0,3.09900989743725e-41,667.83231428256,0.35,26760,0,0,0
25.37,11.3709727488576,1.91346392074704e-41,0,0,0,2.53714130717984e-41,667.83231428256,0.35,26760,0,0,0
25.38,11.3704644889336,1.56654173556543e-41,0,0,0,2.07714277111055e-41,667.83231428256,0.35,26760,0,0,0
25.39,11.3699562401774,1.28251856759221e-41,0,0,0,1.70054465432634e-41,667.83231428256,0.35,26760,0,0,0
25.4,11.3694480025881,1.0499904580929e-41,0,0,0,1.39222597437278e-41,667.83231428256,0.35,26760,0,0,0
25.41,11.3689397761651,8.5962105253254e-42,0,0,0,1.13980727105178e-41,667.83231428256,0.35,26760,0,0,0
25.42,11.3684315609074,7.03766731888729e-42,0,0,0,9.33153552466935e-42,667.83231428256,0.35,26760,0,0,0
25.43,11.3679233568145,5.76169709840056e-42,0,0,0,7.63967359844473e-42,667.83231428256,0.35,26760,0,0,0
25.44,11.3674151638856,4.71706773221423e-42,0,0,0,6.25455612071272e-42,667.83231428256,0.35,26760,0,0,0
25.45,11.3669069821199,3.86183577298075e-42,0,0,0,5.12056853258167e-42,667.83231428256,0.35,26760,0,0,0
25.46,11.3663988115167,3.16166236504604e-42,0,0,0,4.19217951908461e-42,667.83231428256,0.35,26760,0,0,0
25.47,11.3658906520752,2.58843448764043e-42,0,0,0,3.43211285827837e-42,667.83231428256,0.35,26760,0,0,0
25.48,11.3653825037947,2.11913617471205e-42,0,0,0,2.80985072475079e-42,667.83231428256,0.35,26760,0,0,0
25.49,11.3648743666744,1.73492438918197e-42,0,0,0,2.30040835292233e-42,667.83231428256,0.35,26760,0,0,0
25.5,11.3643662407137,1.42037244658268e-42,0,0,0,1.88333086103123e-42,667.83231428256,0.35,26760,0,0,0
25.51,11.3638581259117,1.16285061040082e-42,0,0,0,1.54187195677669e-42,667.83231428256,0.35,26760,0,0,0
25.52,11.3633500222677,9.52018989095101e-43,0,0,0,1.262321548416e-42,667.83231428256,0.35,26760,0,0,0
25.53,11.362841929781,7.7941237384164e-43,0,0,0,1.0334552638896e-42,667.83231428256,0.35,26760,0,0,0
25.54,11.3623338484509,6.38100347616867e-43,0,0,0,8.46083775338298e-43,667.83231428256,0.35,26760,0,0,0
25.55,11.3618257782765,5.22409018486041e-43,0,0,0,6.9268383371349e-43,667.83231428256,0.35,26760,0,0,0
25.56,11.3613177192572,4.27693204269663e-43,0,0,0,5.67096198964439e-43,667.83231428256,0.35,26760,0,0,0
25.57,11.3608096713921,3.50149921458876e-43,0,0,0,4.64278337244532e-43,667.83231428256,0.35,26760,0,0,0
25.58,11.3603016346806,2.86665689678734e-43,0,0,0,3.80101955556748e-43,667.83231428256,0.35,26760,0,0,0
25.59,11.3597936091219,2.34691520743314e-43,0,0,0,3.11187244549212e-43,667.83231428256,0.35,26760,0,0,0
25.6,11.3592855947153,1.92140572924737e-43,0,0,0,2.54767174059178e-43,667.83231428256,0.35,26760,0,0,0
25.61,11.3587775914601,1.57304361100616e-43,0,0,0,2.08576392666888e-43,667.83231428256,0.35,26760,0,0,0
25.62,11.3582695993553,1.28784158490927e-43,0,0,0,1.70760270408832e-43,667.83231428256,0.35,26760,0,0,0
25.63,11.3577616184005,1.05434835660519e-43,0,0,0,1.39800432578079e-43,667.83231428256,0.35,26760,0,0,0
25.64,11.3572536485947,8.63188818384211e-44,0,0,0,1.14453794681414e-43,667.83231428256,0.35,26760,0,0,0
25.65,11.3567456899373,7.06687624404956e-44,0,0,0,9.37026507147428e-44,667.83231428256,0.35,26760,0,0,0
25.66,11.3562377424274,5.78561013931124e-44,0,0,0,7.67138107256792e-44,667.83231428256,0.35,26760,0,0,0
25.67,11.3557298060645,4.73664508815805e-44,0,0,0,6.28051469747203e-44,667.83231428256,0.35,26760,0,0,0
25.68,11.3552218808476,3.87786354906078e-44,0,0,0,5.14182054728403e-44,667.83231428256,0.35,26760,0,0,0
25.69,11.3547139667762,3.17478413728018e-44,0,0,0,4.20957832073467e-44,667.83231428256,0.35,26760,0,0,0
25.7,11.3542060638494,2.59917714497582e-44,0,0,0,3.44635707477223e-44,667.83231428256,0.35,26760,0,0,0
25.71,11.3536981720664,2.12793107561211e-44,0,0,0,2.82151231543185e-44,667.83231428256,0.35,26760,0,0,0
25.72,11.3531902914266,1.74212468230287e-44,0,0,0,2.30995557491544e-44,667.83231428256,0.35,26760,0,0,0
25.73,11.3526824219292,1.42626725103008e-44,0,0,0,1.89114707154024e-44,667.83231428256,0.35,26760,0,0,0
25.74,11.3521745635735,1.16767662495763e-44,0,0,0,1.54827100632879e-44,667.83231428256,0.35,26760,0,0,0
25.75,11.3516667163587,9.55969996574883e-45,0,0,0,1.26756038314983e-44,667.83231428256,0.35,26760,0,0,0
25.76,11.3511588802841,7.82647022203217e-45,0,0,0,1.03774424291672e-44,667.83231428256,0.35,26760,0,0,0
25.77,11.3506510553489,6.40748520281448e-45,0,0,0,8.49595117458986e-45,667.83231428256,0.35,26760,0,0,0
25.78,11.3501432415524,5.24577049649175e-45,0,0,0,6.95558532654633e-45,667.83231428256,0.35,26760,0,0,0
25.79,11.3496354388938,4.29468148622538e-45,0,0,0,5.69449684812391e-45,667.83231428256,0.35,26760,0,0,0
25.8,11.3491276473725,3.51603049764452e-45,0,0,0,4.66205111400931e-45,667.83231428256,0.35,26760,0,0,0
25.81,11.3486198669876,2.87855350563316e-45,0,0,0,3.81679385328324e-45,667.83231428256,0.35,26760,0,0,0
25.82,11.3481120977384,2.35665483615347e-45,0,0,0,3.12478669738728e-45,667.83231428256,0.35,26760,0,0,0
25.83,11.3476043396243,1.92937946097883e-45,0,0,0,2.558244502989e-45,667.83231428256,0.35,26760,0,0,0
25.84,11.3470965926443,1.57957162141029e-45,0,0,0,2.09441973619066e-45,667.83231428256,0.35,26760,0,0,0
25.85,11.3465888567978,1.29318599844111e-45,0,0,0,1.71468912441412e-45,667.83231428256,0.35,26760,0,0,0
25.86,11.3460811320841,1.05872377180572e-45,0,0,0,1.40380590364862e-45,667.83231428256,0.35,26760,0,0,0
25.87,11.3455734185024,8.66770924826913e-46,0,0,0,1.14928763765275e-45,667.83231428256,0.35,26760,0,0,0
25.88,11.345065716052,7.09620257299719e-46,0,0,0,9.40915029121703e-46,667.83231428256,0.35,26760,0,0,0
25.89,11.3445580247321,5.80961929654477e-46,0,0,0,7.7032159932666e-46,667.83231428256,0.35,26760,0,0,0
25.9,11.344050344542,4.75630113276992e-46,0,0,0,6.30657761240205e-46,667.83231428256,0.35,26760,0,0,0
25.91,11.3435426754809,3.89395574610781e-46,0,0,0,5.16315798173026e-46,667.83231428256,0.35,26760,0,0,0
25.92,11.3430350175481,3.18795864977641e-46,0,0,0,4.22704705395984e-46,667.83231428256,0.35,26760,0,0,0
25.93,11.3425273707429,2.60996297979469e-46,0,0,0,3.4606585429618e-46,667.83231428256,0.35,26760,0,0,0
25.94,11.3420197350645,2.1367613251244e-46,0,0,0,2.8332207770242e-46,667.83231428256,0.35,26760,0,0,0
25.95,11.3415121105121,1.74935391468292e-46,0,0,0,2.31954116926227e-46,667.83231428256,0.35,26760,0,0,0
25.96,11.3410044970851,1.43218574751697e-46,0,0,0,1.89899469678997e-46,667.83231428256,0.35,26760,0,0,0
25.97,11.3404968947827,1.17252203575161e-46,0,0,0,1.55469577455164e-46,667.83231428256,0.35,26760,0,0,0
25.98,11.3399893036042,9.59936883397415e-47,0,0,0,1.2728202732866e-46,667.83231428256,0.35,26760,0,0,0
25.99,11.3394817235487,7.85894670690701e-47,0,0,0,1.04205045961508e-46,667.83231428256,0.35,26760,0,0,0
26,11.3389741546156,6.43407335910021e-47,0,0,0,8.53120571744139e-47,667.83231428256,0.35,26760,0,0,0
26.01,11.3384665968041,5.26753794011167e-47,0,0,0,6.98444784965285e-47,667.83231428256,0.35,26760,0,0,0
26.02,11.3379590501135,4.31250226311033e-47,0,0,0,5.71812629191454e-47,667.83231428256,0.35,26760,0,0,0
26.03,11.3374515145431,3.53062018000661e-47,0,0,0,4.68139629082754e-47,667.83231428256,0.35,26760,0,0,0
26.04,11.336943990092,2.8904979249165e-47,0,0,0,3.83263154581698e-47,667.83231428256,0.35,26760,0,0,0
26.05,11.3364364767596,2.36643360639915e-47,0,0,0,3.13775284945343e-47,667.83231428256,0.35,26760,0,0,0
26.06,11.3359289745451,1.9373852371567e-47,0,0,0,2.56885975510112e-47,667.83231428256,0.35,26760,0,0,0
26.07,11.3354214834478,1.58612586601283e-47,0,0,0,2.10311033125999e-47,667.83231428256,0.35,26760,0,0,0
26.08,11.3349140034669,1.29855188942824e-47,0,0,0,1.72180402302739e-47,667.83231428256,0.35,26760,0,0,0
26.09,11.3344065346017,1.06311677020344e-47,0,0,0,1.40963079616613e-47,667.83231428256,0.35,26760,0,0,0
26.1,11.3338990768515,8.70367426309378e-48,0,0,0,1.15405641576578e-47,667.83231428256,0.35,26760,0,0,0
26.11,11.3333916302155,7.12564675148428e-48,0,0,0,9.44819177496068e-48,667.83231428256,0.35,26760,0,0,0
26.12,11.3328841946929,5.8337249350256e-48,0,0,0,7.73517884442497e-48,667.83231428256,0.35,26760,0,0,0
26.13,11.3323767702831,4.77603616480164e-48,0,0,0,6.33274526164307e-48,667.83231428256,0.35,26760,0,0,0
26.14,11.3318693569853,3.91011260870025e-48,0,0,0,5.18458116022758e-48,667.83231428256,0.35,26760,0,0,0
26.15,11.3313619547987,3.20118610276315e-48,0,0,0,4.24458598425993e-48,667.83231428256,0.35,26760,0,0,0
26.16,11.3308545637226,2.62079215601754e-48,0,0,0,3.47501748020316e-48,667.83231428256,0.35,26760,0,0,0
26.17,11.3303471837563,2.14562705744533e-48,0,0,0,2.8449762874702e-48,667.83231428256,0.35,26760,0,0,0
26.18,11.329839814899,1.75661219618434e-48,0,0,0,2.32916528163844e-48,667.83231428256,0.35,26760,0,0,0
26.19,11.3293324571499,1.43812802598402e-48,0,0,0,1.90687385604032e-48,667.83231428256,0.35,26760,0,0,0
26.2,11.3288251105085,1.17738691641427e-48,0,0,0,1.56114635907948e-48,667.83231428256,0.35,26760,0,0,0
26.21,11.3283177749738,9.63919709842408e-49,0,0,0,1.27810129875627e-48,667.83231428256,0.35,26760,0,0,0
26.22,11.3278104505452,7.89155368653134e-49,0,0,0,1.04637397942076e-48,667.83231428256,0.35,26760,0,0,0
26.23,11.3273031372219,6.46076834903045e-49,0,0,0,8.56660191764149e-49,667.83231428256,0.35,26760,0,0,0
26.24,11.3267958350032,5.28939284646563e-49,0,0,0,7.01342634501786e-49,667.83231428256,0.35,26760,0,0,0
26.25,11.3262885438883,4.33039464412203e-49,0,0,0,5.74185068005388e-49,667.83231428256,0.35,26760,0,0,0
26.26,11.3257812638766,3.54526848334607e-49,0,0,0,4.70081919683243e-49,667.83231428256,0.35,26760,0,0,0
26.27,11.3252739949672,2.90249033611224e-49,0,0,0,3.84853287380164e-49,667.83231428256,0.35,26760,0,0,0
26.28,11.3247667371594,2.37625166673778e-49,0,0,0,3.15077109868893e-49,667.83231428256,0.35,26760,0,0,0
26.29,11.3242594904525,1.94542317940843e-49,0,0,0,2.57951765820427e-49,667.83231428256,0.35,26760,0,0,0
26.3,11.3237522548457,1.59270644438625e-49,0,0,0,2.11183584390842e-49,667.83231428256,0.35,26760,0,0,0
26.31,11.3232450303383,1.30393933938737e-49,0,0,0,1.72894750801807e-49,667.83231428256,0.35,26760,0,0,0
26.32,11.3227378169296,1.06752741853346e-49,0,0,0,1.41547909182303e-49,667.83231428256,0.35,26760,0,0,0
26.33,11.3222306146188,8.73978377465461e-50,0,0,0,1.15884435359689e-49,667.83231428256,0.35,26760,0,0,0
26.34,11.3217234234052,7.15520922678045e-50,0,0,0,9.48739011577791e-50,667.83231428256,0.35,26760,0,0,0
26.35,11.321216243288,5.85792742091882e-50,0,0,0,7.76727011157235e-50,667.83231428256,0.35,26760,0,0,0
26.36,11.3207090742665,4.79585048402068e-50,0,0,0,6.35901804268217e-50,667.83231428256,0.35,26760,0,0,0
26.37,11.32020191634,3.92633438224795e-50,0,0,0,5.20609040818571e-50,667.83231428256,0.35,26760,0,0,0
26.38,11.3196947695077,3.21446669714947e-50,0,0,0,4.26219537803729e-50,667.83231428256,0.35,26760,0,0,0
26.39,11.3191876337689,2.6316648381221e-50,0,0,0,3.48943410459126e-50,667.83231428256,0.35,26760,0,0,0
26.4,11.3186805091228,2.15452840722745e-50,0,0,0,2.85677902531708e-50,667.83231428256,0.35,26760,0,0,0
26.41,11.3181733955688,1.76389963704282e-50,0,0,0,2.33882805821477e-50,667.83231428256,0.35,26760,0,0,0
26.42,11.317666293106,1.44409417667756e-50,0,0,0,1.9147846689566e-50,667.83231428256,0.35,26760,0,0,0
26.43,11.3171592017337,1.18227134082736e-50,0,0,0,1.56762285787838e-50,667.83231428256,0.35,26760,0,0,0
26.44,11.3166521214512,9.67918536394446e-51,0,0,0,1.28340353976048e-50,667.83231428256,0.35,26760,0,0,0
26.45,11.3161450522577,7.92429165607275e-51,0,0,0,1.05071486799223e-50,667.83231428256,0.35,26760,0,0,0
26.46,11.3156379941525,6.48757057798279e-51,0,0,0,8.60214031271466e-51,667.83231428256,0.35,26760,0,0,0
26.47,11.3151309471349,5.31133554742305e-51,0,0,0,7.04252125269517e-51,667.83231428256,0.35,26760,0,0,0
26.48,11.3146239112041,4.34835890095117e-51,0,0,0,5.76567037279966e-51,667.83231428256,0.35,26760,0,0,0
26.49,11.3141168863595,3.55997563008722e-51,0,0,0,4.72032012695524e-51,667.83231428256,0.35,26760,0,0,0
26.5,11.3136098726001,2.91453092131193e-51,0,0,0,3.86449807868782e-51,667.83231428256,0.35,26760,0,0,0
26.51,11.3131028699254,2.38610916624176e-51,0,0,0,3.16384164276154e-51,667.83231428256,0.35,26760,0,0,0
26.52,11.3125958783345,1.95349340977476e-51,0,0,0,2.59021837412263e-51,667.83231428256,0.35,26760,0,0,0
26.53,11.3120888978268,1.5993134564413e-51,0,0,0,2.12059640661611e-51,667.83231428256,0.35,26760,0,0,0
26.54,11.3115819284014,1.30934843011221e-51,0,0,0,1.73611968784336e-51,667.83231428256,0.35,26760,0,0,0
26.55,11.3110749700577,1.0719557837576e-51,0,0,0,1.42135087940969e-51,667.83231428256,0.35,26760,0,0,0
26.56,11.310568022795,8.77603833114623e-52,0,0,0,1.16365152383586e-51,667.83231428256,0.35,26760,0,0,0
26.57,11.3100610866124,7.18489044767472e-52,0,0,0,9.52674590875622e-52,667.83231428256,0.35,26760,0,0,0
26.58,11.3095541615092,5.88222712163336e-52,0,0,0,7.79949028188745e-52,667.83231428256,0.35,26760,0,0,0
26.59,11.3090472474847,4.81574439121273e-52,0,0,0,6.38539635435666e-52,667.83231428256,0.35,26760,0,0,0
26.6,11.3085403445382,3.94262131299438e-52,0,0,0,5.22768605211977e-52,667.83231428256,0.35,26760,0,0,0
26.61,11.3080334526689,3.22780063452684e-52,0,0,0,4.2798755025992e-52,667.83231428256,0.35,26760,0,0,0
26.62,11.3075265718761,2.64258119114471e-52,0,0,0,3.50390863496184e-52,667.83231428256,0.35,26760,0,0,0
26.63,11.307019702159,2.16346550958065e-52,0,0,0,2.86862916971853e-52,667.83231428256,0.35,26760,0,0,0
26.64,11.3065128435169,1.7712163478684e-52,0,0,0,2.34852964565854e-52,667.83231428256,0.35,26760,0,0,0
26.65,11.3060059959491,1.45008429015045e-52,0,0,0,1.9227272556105e-52,667.83231428256,0.35,26760,0,0,0
26.66,11.3054991594548,1.18717538312351e-52,0,0,0,1.57412536924713e-52,667.83231428256,0.35,26760,0,0,0
26.67,11.3049923340333,9.7193342374351e-53,0,0,0,1.28872707677324e-52,667.83231428256,0.35,26760,0,0,0
26.68,11.3044855196839,7.9571611123803e-53,0,0,0,1.05507319121093e-52,667.83231428256,0.35,26760,0,0,0
26.69,11.3039787164058,6.51448045271132e-53,0,0,0,8.63782144201075e-53,667.83231428256,0.35,26760,0,0,0
26.7,11.3034719241982,5.3333663759802e-53,0,0,0,7.07173301423287e-53,667.83231428256,0.35,26760,0,0,0
26.71,11.3029651430605,4.36639530621092e-53,0,0,0,5.78958573163287e-53,667.83231428256,0.35,26760,0,0,0
26.72,11.3024583729919,3.57474184340957e-53,0,0,0,4.73989937712866e-53,667.83231428256,0.35,26760,0,0,0
26.73,11.3019516139916,2.92661986322533e-53,0,0,0,3.88052740274595e-53,667.83231428256,0.35,26760,0,0,0
26.74,11.301444866059,2.39600625448962e-53,0,0,0,3.17696468001013e-53,667.83231428256,0.35,26760,0,0,0
26.75,11.3009381291932,1.96159605071071e-53,0,0,0,2.60096206522972e-53,667.83231428256,0.35,26760,0,0,0
26.76,11.3004314033936,1.60594700242792e-53,0,0,0,2.12939215231298e-53,667.83231428256,0.35,26760,0,0,0
26.77,11.2999246886594,1.31477924367408e-53,0,0,0,1.74332067132861e-53,667.83231428256,0.35,26760,0,0,0
26.78,11.2994179849899,1.07640193306497e-53,0,0,0,1.42724624801789e-53,667.83231428256,0.35,26760,0,0,0
26.79,11.2989112923843,8.81243848262401e-54,0,0,0,1.16847799941921e-53,667.83231428256,0.35,26760,0,0,0
26.8,11.2984046108418,7.21469086447945e-54,0,0,0,9.56625975100305e-54,667.83231428256,0.35,26760,0,0,0
26.81,11.2978979403619,5.90662440582522e-54,0,0,0,7.83183984420262e-54,667.83231428256,0.35,26760,0,0,0
26.82,11.2973912809437,4.83571818818441e-54,0,0,0,6.41188059685759e-54,667.83231428256,0.35,26760,0,0,0
26.83,11.2968846325864,3.95897364801871e-54,0,0,0,5.24936841965307e-54,667.83231428256,0.35,26760,0,0,0
26.84,11.2963779952894,3.24118811717091e-54,0,0,0,4.29762662616013e-54,667.83231428256,0.35,26760,0,0,0
26.85,11.2958713690519,2.65354138068184e-54,0,0,0,3.51844129089331e-54,667.83231428256,0.35,26760,0,0,0
26.86,11.2953647538732,2.17243850007332e-54,0,0,0,2.88052690043621e-54,667.83231428256,0.35,26760,0,0,0
26.87,11.2948581497525,1.77856243964647e-54,0,0,0,2.35827019113473e-54,667.83231428256,0.35,26760,0,0,0
26.88,11.2943515566891,1.4560984572628e-54,0,0,0,1.93070173648119e-54,667.83231428256,0.35,26760,0,0,0
26.89,11.2938449746822,1.19209911768694e-54,0,0,0,1.58065399181806e-54,667.83231428256,0.35,26760,0,0,0
26.9,11.2933384037312,9.75964432785508e-55,0,0,0,1.29407199054162e-54,667.83231428256,0.35,26760,0,0,0
26.91,11.2928318438353,7.99016255398883e-55,0,0,0,1.05944901518184e-54,667.83231428256,0.35,26760,0,0,0
26.92,11.2923252949937,6.54149838135017e-55,0,0,0,8.67364584670955e-55,667.83231428256,0.35,26760,0,0,0
26.93,11.2918187572057,5.35548566626315e-55,0,0,0,7.10106207267713e-55,667.83231428256,0.35,26760,0,0,0
26.94,11.2913122304705,4.38450413343933e-55,0,0,0,5.81359711926091e-55,667.83231428256,0.35,26760,0,0,0
26.95,11.2908057147876,3.58956734724973e-55,0,0,0,4.75955724428933e-55,667.83231428256,0.35,26760,0,0,0
26.96,11.290299210156,2.93875734518201e-55,0,0,0,3.89662108906832e-55,667.83231428256,0.35,26760,0,0,0
26.97,11.2897927165751,2.40594308156726e-55,0,0,0,3.19014040944639e-55,667.83231428256,0.35,26760,0,0,0
26.98,11.2892862340441,1.96973122508671e-55,0,0,0,2.61174889444991e-55,667.83231428256,0.35,26760,0,0,0
26.99,11.2887797625623,1.61260718293608e-55,0,0,0,2.13822321437984e-55,667.83231428256,0.35,26760,0,0,0
27,11.2882733021289,1.32023186242272e-55,0,0,0,1.75055056766834e-55,667.83231428256,0.35,26760,0,0,0
27.01,11.2877668527432,1.0808659338726e-55,0,0,0,1.43316528704159e-55,667.83231428256,0.35,26760,0,0,0
27.02,11.2872604144046,8.84898478100892e-56,0,0,0,1.17332385353083e-55,667.83231428256,0.35,26760,0,0,0
27.03,11.2867539871122,7.24461092903423e-56,0,0,0,9.60593224165102e-56,667.83231428256,0.35,26760,0,0,0
27.04,11.2862475708652,5.93111964340063e-56,0,0,0,7.86431928900807e-56,667.83231428256,0.35,26760,0,0,0
27.05,11.2857411656631,4.8557721777658e-56,0,0,0,6.43847117173321e-56,667.83231428256,0.35,26760,0,0,0
27.06,11.2852347715049,3.97539163523801e-56,0,0,0,5.27113783951998e-56,667.83231428256,0.35,26760,0,0,0
27.07,11.2847283883901,3.25462934804324e-56,0,0,0,4.31544901784413e-56,667.83231428256,0.35,26760,0,0,0
27.08,11.2842220163178,2.66454557289144e-56,0,0,0,3.53303229270868e-56,667.83231428256,0.35,26760,0,0,0
27.09,11.2837156552874,2.18144751473351e-56,0,0,0,2.89247239784134e-56,667.83231428256,0.35,26760,0,0,0
27.1,11.283209305298,1.78593802373876e-56,0,0,0,2.36804984230733e-56,667.83231428256,0.35,26760,0,0,0
27.11,11.282702966349,1.46213676918278e-56,0,0,0,1.93870823245632e-56,667.83231428256,0.35,26760,0,0,0
27.12,11.2821966384396,1.19704261915403e-56,0,0,0,1.58720882455794e-56,667.83231428256,0.35,26760,0,0,0
27.13,11.2816903215691,9.80011624622799e-57,0,0,0,1.29943836208644e-56,667.83231428256,0.35,26760,0,0,0
27.14,11.2811840157367,8.02329648112329e-57,0,0,0,1.06384240623404e-56,667.83231428256,0.35,26760,0,0,0
27.15,11.2806777209418,6.56862477341707e-57,0,0,0,8.70961406982554e-57,667.83231428256,0.35,26760,0,0,0
27.16,11.2801714371835,5.37769375353058e-57,0,0,0,7.13050887257607e-57,667.83231428256,0.35,26760,0,0,0
27.17,11.2796651644611,4.40268565710167e-57,0,0,0,5.83770489962069e-57,667.83231428256,0.35,26760,0,0,0
27.18,11.2791589027739,3.60445236630342e-57,0,0,0,4.77929402638045e-57,667.83231428256,0.35,26760,0,0,0
27.19,11.2786526521212,2.95094355113296e-57,0,0,0,3.91277938157123e-57,667.83231428256,0.35,26760,0,0,0
27.2,11.2781464125022,2.4159197980693e-57,0,0,0,3.20336903075658e-57,667.83231428256,0.35,26760,0,0,0
27.21,11.2776401839162,1.97789905618962e-57,0,0,0,2.62257902525977e-57,667.83231428256,0.35,26760,0,0,0
27.22,11.2771339663625,1.61929409889669e-57,0,0,0,2.14708972664961e-57,667.83231428256,0.35,26760,0,0,0
27.23,11.2766277598403,1.32570636898691e-57,0,0,0,1.75780948642715e-57,667.83231428256,0.35,26760,0,0,0
27.24,11.2761215643488,1.08534785382597e-57,0,0,0,1.43910808617771e-57,667.83231428256,0.35,26760,0,0,0
27.25,11.2756153798875,8.88567778009227e-58,0,0,0,1.17818915960266e-57,667.83231428256,0.35,26760,0,0,0
27.26,11.2751092064554,7.27465109470977e-58,0,0,0,9.64576398186308e-58,667.83231428256,0.35,26760,0,0,0
27.27,11.2746030440519,5.95571320551929e-58,0,0,0,7.89692910845611e-58,667.83231428256,0.35,26760,0,0,0
27.28,11.2740968926762,4.87590666381312e-58,0,0,0,6.46516848189241e-58,667.83231428256,0.35,26760,0,0,0
27.29,11.2735907523277,3.99187552340935e-58,0,0,0,5.29299464156874e-58,667.83231428256,0.35,26760,0,0,0
27.3,11.2730846230055,3.26812453079304e-58,0,0,0,4.33334294768709e-58,667.83231428256,0.35,26760,0,0,0
27.31,11.272578504709,2.67559393449443e-58,0,0,0,3.54768186147747e-58,667.83231428256,0.35,26760,0,0,0
27.32,11.2720723974373,2.19049269005017e-58,0,0,0,2.90446584291623e-58,667.83231428256,0.35,26760,0,0,0
27.33,11.2715663011899,1.79334321188425e-58,0,0,0,2.37786874734061e-58,667.83231428256,0.35,26760,0,0,0
27.34,11.2710602159658,1.4681993173874e-58,0,0,0,1.9467468648331e-58,667.83231428256,0.35,26760,0,0,0
27.35,11.2705541417645,1.20200596241401e-58,0,0,0,1.59378996676878e-58,667.83231428256,0.35,26760,0,0,0
27.36,11.2700480785851,9.84075060564724e-59,0,0,0,1.304826272703e-58,667.83231428256,0.35,26760,0,0,0
27.37,11.2695420264269,8.05656339570303e-59,0,0,0,1.06825343092132e-58,667.83231428256,0.35,26760,0,0,0
27.38,11.2690359852893,6.59586003981685e-59,0,0,0,8.74572665621258e-59,667.83231428256,0.35,26760,0,0,0
27.39,11.2685299551714,5.39999097417674e-59,0,0,0,7.16007385998356e-59,667.83231428256,0.35,26760,0,0,0
27.4,11.2680239360725,4.42094015259282e-59,0,0,0,5.86190943788183e-59,667.83231428256,0.35,26760,0,0,0
27.41,11.2675179279919,3.61939712602733e-59,0,0,0,4.79911002235435e-59,667.83231428256,0.35,26760,0,0,0
27.42,11.2670119309288,2.96317866565214e-59,0,0,0,3.9290025249971e-59,667.83231428256,0.35,26760,0,0,0
27.43,11.2665059448826,2.42593655510035e-59,0,0,0,3.21665074430323e-59,667.83231428256,0.35,26760,0,0,0
27.44,11.2659999698524,1.98609966772379e-59,0,0,0,2.63345262168948e-59,667.83231428256,0.35,26760,0,0,0
27.45,11.2654940058376,1.62600785158242e-59,0,0,0,2.15599182340837e-59,667.83231428256,0.35,26760,0,0,0
27.46,11.2649880528374,1.33120284627527e-59,0,0,0,1.76509753754062e-59,667.83231428256,0.35,26760,0,0,0
27.47,11.2644821108511,1.08984776079961e-59,0,0,0,1.44507473542691e-59,667.83231428256,0.35,26760,0,0,0
27.48,11.263976179878,8.92251803554048e-60,0,0,0,1.18307399131525e-59,667.83231428256,0.35,26760,0,0,0
27.49,11.2634702599172,7.30481181641183e-60,0,0,0,9.6857555748377e-60,667.83231428256,0.35,26760,0,0,0
27.5,11.2629643509681,5.9804054645975e-60,0,0,0,7.92966979636542e-60,667.83231428256,0.35,26760,0,0,0
27.51,11.26245845303,4.89612195121131e-60,0,0,0,6.49197293160823e-60,667.83231428256,0.35,26760,0,0,0
27.52,11.2619525661021,4.00842556213196e-60,0,0,0,5.31493915676434e-60,667.83231428256,0.35,26760,0,0,0
27.53,11.2614466901836,3.28167386975898e-60,0,0,0,4.35130868663912e-60,667.83231428256,0.35,26760,0,0,0
27.54,11.2609408252739,2.68668663277611e-60,0,0,0,3.56239021901756e-60,667.83231428256,0.35,26760,0,0,0
27.55,11.2604349713722,2.19957416297422e-60,0,0,0,2.91650741725587e-60,667.83231428256,0.35,26760,0,0,0
27.56,11.2599291284777,1.80077811620015e-60,0,0,0,2.38772705490037e-60,667.83231428256,0.35,26760,0,0,0
27.57,11.2594232965898,1.47428619366335e-60,0,0,0,1.95481775531931e-60,667.83231428256,0.35,26760,0,0,0
27.58,11.2589174757078,1.20698922260958e-60,0,0,0,1.60039751808874e-60,667.83231428256,0.35,26760,0,0,0
27.59,11.2584116658307,9.88154802128131e-61,0,0,0,1.31023580396176e-60,667.83231428256,0.35,26760,0,0,0
27.6,11.257905866958,8.08996380134616e-61,0,0,0,1.07268215602272e-60,667.83231428256,0.35,26760,0,0,0
27.61,11.2574000790889,6.623204592845e-61,0,0,0,8.78198415256856e-61,667.83231428256,0.35,26760,0,0,0
27.62,11.2568943022227,5.42237766573431e-61,0,0,0,7.1897574824631e-61,667.83231428256,0.35,26760,0,0,0
27.63,11.2563885363586,4.43926789623962e-61,0,0,0,5.88621110044975e-61,667.83231428256,0.35,26760,0,0,0
27.64,11.2558827814959,3.63440185264109e-61,0,0,0,4.81900553217501e-61,667.83231428256,0.35,26760,0,0,0
27.65,11.2553770376339,2.97546287393808e-61,0,0,0,3.94529076491651e-61,667.83231428256,0.35,26760,0,0,0
27.66,11.2548713047718,2.43599350427633e-61,0,0,0,3.22998575112688e-61,667.83231428256,0.35,26760,0,0,0
27.67,11.2543655829089,1.99433318381216e-61,0,0,0,2.64436984832429e-61,667.83231428256,0.35,26760,0,0,0
27.68,11.2538598720445,1.63274854260861e-61,0,0,0,2.16492963939661e-61,667.83231428256,0.35,26760,0,0,0
27.69,11.2533541721778,1.3367213774769e-61,0,0,0,1.77241483131634e-61,667.83231428256,0.35,26760,0,0,0
27.7,11.2528484833082,1.0943657228977e-61,0,0,0,1.45106532509433e-61,667.83231428256,0.35,26760,0,0,0
27.71,11.2523428054347,8.95950610489986e-62,0,0,0,1.18797842259846e-61,667.83231428256,0.35,26760,0,0,0
27.72,11.2518371385569,7.33509355058509e-62,0,0,0,9.72590762581401e-62,667.83231428256,0.35,26760,0,0,0
27.73,11.2513314826738,6.00519679431143e-62,0,0,0,7.96254184822524e-62,667.83231428256,0.35,26760,0,0,0
27.74,11.2508258377847,4.91641834587667e-62,0,0,0,6.51888492652131e-62,667.83231428256,0.35,26760,0,0,0
27.75,11.2503202038891,4.02504200184938e-62,0,0,0,5.33697171719134e-62,667.83231428256,0.35,26760,0,0,0
27.76,11.249814580986,3.29527756997086e-62,0,0,0,4.36934650656684e-62,667.83231428256,0.35,26760,0,0,0
27.77,11.2493089690748,2.69782383558759e-62,0,0,0,3.57715758789716e-62,667.83231428256,0.35,26760,0,0,0
27.78,11.2488033681547,2.20869207091984e-62,0,0,0,2.92859730306947e-62,667.83231428256,0.35,26760,0,0,0
27.79,11.248297778225,1.80824284918287e-62,0,0,0,2.39762491415527e-62,667.83231428256,0.35,26760,0,0,0
27.8,11.247792199285,1.48039749010768e-62,0,0,0,1.96292102603438e-62,667.83231428256,0.35,26760,0,0,0
27.81,11.2472866313339,1.21199247513756e-62,0,0,0,1.60703157849293e-62,667.83231428256,0.35,26760,0,0,0
27.82,11.2467810743711,9.92250911037903e-63,0,0,0,1.31566703770904e-62,667.83231428256,0.35,26760,0,0,0
27.83,11.2462755283957,8.12349820337382e-63,0,0,0,1.0771286485431e-62,667.83231428256,0.35,26760,0,0,0
27.84,11.245769993407,6.65065884619119e-63,0,0,0,8.8183871074401e-63,667.83231428256,0.35,26760,0,0,0
27.85,11.2452644694044,5.44485416687728e-63,0,0,0,7.2195601890916e-63,667.83231428256,0.35,26760,0,0,0
27.86,11.244758956387,4.45766916530324e-63,0,0,0,5.91061025496883e-63,667.83231428256,0.35,26760,0,0,0
27.87,11.2442534543541,3.64946677312924e-63,0,0,0,4.83898085682071e-63,667.83231428256,0.35,26760,0,0,0
27.88,11.2437479633051,2.98779636181549e-63,0,0,0,3.9616443477304e-63,667.83231428256,0.35,26760,0,0,0
27.89,11.2432424832392,2.44609079772576e-63,0,0,0,3.24337425294778e-63,667.83231428256,0.35,26760,0,0,0
27.9,11.2427370141556,2.0025997289973e-63,0,0,0,2.65533087030586e-63,667.83231428256,0.35,26760,0,0,0
27.91,11.2422315560536,1.63951627393413e-63,0,0,0,2.17390330981035e-63,667.83231428256,0.35,26760,0,0,0
27.92,11.2417261089324,1.34226204606214e-63,0,0,0,1.77976147843479e-63,667.83231428256,0.35,26760,0,0,0
27.93,11.2412206727915,1.09890180845462e-63,0,0,0,1.45707994579043e-63,667.83231428256,0.35,26760,0,0,0
27.94,11.2407152476299,8.99664254760138e-64,0,0,0,1.19290252763202e-63,667.83231428256,0.35,26760,0,0,0
27.95,11.240209833447,7.36549675521713e-64,0,0,0,9.76622074207705e-64,667.83231428256,0.35,26760,0,0,0
27.96,11.2397044302421,6.03008756960027e-64,0,0,0,7.99554576119967e-64,667.83231428256,0.35,26760,0,0,0
27.97,11.2391990380144,4.93679615475945e-64,0,0,0,6.54590487364337e-64,667.83231428256,0.35,26760,0,0,0
27.98,11.2386936567632,4.04172509385159e-64,0,0,0,5.35909265605672e-64,667.83231428256,0.35,26760,0,0,0
27.99,11.2381882864877,3.30893583715146e-64,0,0,0,4.38745668025574e-64,667.83231428256,0.35,26760,0,0,0
28,11.2376829271872,2.70900571134728e-64,0,0,0,3.59198419143667e-64,667.83231428256,0.35,26760,0,0,0
28.01,11.2371775788611,2.21784655176554e-64,0,0,0,2.94073568318202e-64,667.83231428256,0.35,26760,0,0,0
28.02,11.2366722415085,1.81573752370899e-64,0,0,0,2.40756247477805e-64,667.83231428256,0.35,26760,0,0,0
28.03,11.2361669151287,1.48653329912871e-64,0,0,0,1.97105679951041e-64,667.83231428256,0.35,26760,0,0,0
28.04,11.235661599721,1.21701579564957e-64,0,0,0,1.61369224829431e-64,667.83231428256,0.35,26760,0,0,0
28.05,11.2351562952847,9.96363449227488e-65,0,0,0,1.32112005606771e-64,667.83231428256,0.35,26760,0,0,0
28.06,11.234651001819,8.15716710881454e-65,0,0,0,1.08159297571373e-64,667.83231428256,0.35,26760,0,0,0
28.07,11.2341457193233,6.67822321494279e-65,0,0,0,8.85493607122725e-65,667.83231428256,0.35,26760,0,0,0
28.08,11.2336404477967,5.46742081742391e-65,0,0,0,7.2494824304633e-65,667.83231428256,0.35,26760,0,0,0
28.09,11.2331351872385,4.47614423798156e-65,0,0,0,5.93510727032556e-65,667.83231428256,0.35,26760,0,0,0
28.1,11.232629937648,3.66459211524313e-65,0,0,0,4.85903629828654e-65,667.83231428256,0.35,26760,0,0,0
28.11,11.2321246990245,3.00017931573681e-65,0,0,0,3.97806352067209e-65,667.83231428256,0.35,26760,0,0,0
28.12,11.2316194713673,2.45622858809104e-65,0,0,0,3.25681645216761e-65,667.83231428256,0.35,26760,0,0,0
28.13,11.2311142546755,2.01089942824246e-65,0,0,0,2.66633585333374e-65,667.83231428256,0.35,26760,0,0,0
28.14,11.2306090489486,1.64631114786223e-65,0,0,0,2.18291297030228e-65,667.83231428256,0.35,26760,0,0,0
28.15,11.2301038541857,1.34782493578327e-65,0,0,0,1.78713758995031e-65,667.83231428256,0.35,26760,0,0,0
28.16,11.2295986703861,1.10345608603557e-65,0,0,0,1.46311868843168e-65,667.83231428256,0.35,26760,0,0,0
28.17,11.2290934975491,9.03392792496544e-66,0,0,0,1.19784638084626e-65,667.83231428256,0.35,26760,0,0,0
28.18,11.2285883356739,7.39602188984225e-66,0,0,0,9.80669553296292e-66,667.83231428256,0.35,26760,0,0,0
28.19,11.2280831847599,6.05507816666946e-66,0,0,0,8.02868203413184e-66,667.83231428256,0.35,26760,0,0,0
28.2,11.2275780448063,4.95725568584651e-66,0,0,0,6.57303318136069e-66,667.83231428256,0.35,26760,0,0,0
28.21,11.2270729158123,4.05847509027716e-66,0,0,0,5.3813023076927e-66,667.83231428256,0.35,26760,0,0,0
28.22,11.2265677977773,3.3226488777182e-66,0,0,0,4.40563948141246e-66,667.83231428256,0.35,26760,0,0,0
28.23,11.2260626907005,2.72023242904224e-66,0,0,0,3.6068702537106e-66,667.83231428256,0.35,26760,0,0,0
28.24,11.2255575945811,2.22703774385541e-66,0,0,0,2.95292274103586e-66,667.83231428256,0.35,26760,0,0,0
28.25,11.2250525094185,1.82326225303619e-66,0,0,0,2.41753988694682e-66,667.83231428256,0.35,26760,0,0,0
28.26,11.2245474352119,1.49269371344673e-66,0,0,0,1.97922519869321e-66,667.83231428256,0.35,26760,0,0,0
28.27,11.2240423719605,1.22205926005261e-66,0,0,0,1.62037962814452e-66,667.83231428256,0.35,26760,0,0,0
28.28,11.2235373196638,1.00049247883942e-66,0,0,0,1.32659494143792e-66,667.83231428256,0.35,26760,0,0,0
28.29,11.2230322783208,8.19097102640855e-67,0,0,0,1.08607520499286e-66,667.83231428256,0.35,26760,0,0,0
28.3,11.2225272479309,6.70589811558846e-67,0,0,0,8.89163159618818e-67,667.83231428256,0.35,26760,0,0,0
28.31,11.2220222284934,5.49007795833953e-67,0,0,0,7.27952465869351e-67,667.83231428256,0.35,26760,0,0,0
28.32,11.2215172200075,4.49469339341153e-67,0,0,0,5.95970251665169e-67,667.83231428256,0.35,26760,0,0,0
28.33,11.2210122224725,3.67977810750285e-67,0,0,0,4.87917215958698e-67,667.83231428256,0.35,26760,0,0,0
28.34,11.2205072358877,3.01261192278381e-67,0,0,0,3.99454853180943e-67,667.83231428256,0.35,26760,0,0,0
28.35,11.2200022602523,2.46640702852978e-67,0,0,0,3.27031255187127e-67,667.83231428256,0.35,26760,0,0,0
28.36,11.2194972955656,2.01923240693265e-67,0,0,0,2.67738496366672e-67,667.83231428256,0.35,26760,0,0,0
28.37,11.2189923418269,1.65313326704143e-67,0,0,0,2.19195875698291e-67,667.83231428256,0.35,26760,0,0,0
28.38,11.2184873990354,1.35341013067519e-67,0,0,0,1.79454327729205e-67,667.83231428256,0.35,26760,0,0,0
28.39,11.2179824671905,1.10802862443714e-67,0,0,0,1.46918164424141e-67,667.83231428256,0.35,26760,0,0,0
28.4,11.2174775462913,9.07136280020666e-68,0,0,0,1.20281005692264e-67,667.83231428256,0.35,26760,0,0,0
28.41,11.2169726363372,7.42666941554544e-68,0,0,0,9.84733260986394e-68,667.83231428256,0.35,26760,0,0,0
28.42,11.2164677373274,6.08016896299386e-68,0,0,0,8.06195116754824e-68,667.83231428256,0.35,26760,0,0,0
28.43,11.2159628492612,4.9777972481639e-68,0,0,0,6.60027025943753e-68,667.83231428256,0.35,26760,0,0,0
28.44,11.2154579721379,4.07529224411538e-68,0,0,0,5.4036010075596e-68,667.83231428256,0.35,26760,0,0,0
28.45,11.2149531059567,3.33641689878498e-68,0,0,0,4.42389518466715e-68,667.83231428256,0.35,26760,0,0,0
28.46,11.214448250717,2.73150415822967e-68,0,0,0,3.62181599954948e-68,667.83231428256,0.35,26760,0,0,0
28.47,11.2139434064179,2.23626578600027e-68,0,0,0,2.96515866069221e-68,667.83231428256,0.35,26760,0,0,0
28.48,11.2134385730587,1.83081715080424e-68,0,0,0,2.42755730134636e-68,667.83231428256,0.35,26760,0,0,0
28.49,11.2129337506388,1.4988788260948e-68,0,0,0,1.98742634694337e-68,667.83231428256,0.35,26760,0,0,0
28.5,11.2124289391573,1.22712294450974e-68,0,0,0,1.62709381903474e-68,667.83231428256,0.35,26760,0,0,0
28.51,11.2119241386137,1.00463806222586e-68,0,0,0,1.33209177649777e-68,667.83231428256,0.35,26760,0,0,0
28.52,11.211419349007,8.22491046661206e-69,0,0,0,1.09057540406629e-68,667.83231428256,0.35,26760,0,0,0
28.53,11.2109145703366,6.73368396602161e-69,0,0,0,8.92847423644384e-69,667.83231428256,0.35,26760,0,0,0
28.54,11.2104098026019,5.5128259317395e-69,0,0,0,7.3096873274225e-69,667.83231428256,0.35,26760,0,0,0
28.55,11.2099050458019,4.51331691167153e-69,0,0,0,5.98439636532729e-69,667.83231428256,0.35,26760,0,0,0
28.56,11.2094002999361,3.69502497919919e-69,0,0,0,4.8993887447585e-69,667.83231428256,0.35,26760,0,0,0
28.57,11.2088955650036,3.02509437066919e-69,0,0,0,4.01109963004689e-69,667.83231428256,0.35,26760,0,0,0
28.58,11.2083908410038,2.47662627271607e-69,0,0,0,3.28386275582848e-69,667.83231428256,0.35,26760,0,0,0
28.59,11.207886127936,2.02759879087572e-69,0,0,0,2.68847836812426e-69,667.83231428256,0.35,26760,0,0,0
28.6,11.2073814257993,1.6599827344664e-69,0,0,0,2.20104080642176e-69,667.83231428256,0.35,26760,0,0,0
28.61,11.2068767345931,1.35901771505619e-69,0,0,0,1.80197865226488e-69,667.83231428256,0.35,26760,0,0,0
28.62,11.2063720543166,1.11261949268786e-69,0,0,0,1.47526890475053e-69,667.83231428256,0.35,26760,0,0,0
28.63,11.2058673849692,9.1089477384386e-70,0,0,0,1.20779363079446e-69,667.83231428256,0.35,26760,0,0,0
28.64,11.20536272655,7.45743979496622e-70,0,0,0,9.88813258623382e-70,667.83231428256,0.35,26760,0,0,0
28.65,11.2048580790584,6.10536033732094e-70,0,0,0,8.09535366366286e-70,667.83231428256,0.35,26760,0,0,0
28.66,11.2043534424936,4.99842115177948e-70,0,0,0,6.62761651901969e-70,667.83231428256,0.35,26760,0,0,0
28.67,11.2038488168548,4.09217680920842e-70,0,0,0,5.42598909224867e-70,667.83231428256,0.35,26760,0,0,0
28.68,11.2033442021415,3.35024010816384e-70,0,0,0,4.44222406557579e-70,667.83231428256,0.35,26760,0,0,0
28.69,11.2028395983528,2.74282106903834e-70,0,0,0,3.63682165454173e-70,667.83231428256,0.35,26760,0,0,0
28.7,11.202335005488,2.24553081747882e-70,0,0,0,2.97744362683277e-70,667.83231428256,0.35,26760,0,0,0
28.71,11.2018304235464,1.83840233103595e-70,0,0,0,2.43761486916937e-70,667.83231428256,0.35,26760,0,0,0
28.72,11.2013258525272,1.50508873041959e-70,0,0,0,1.99566036803729e-70,667.83231428256,0.35,26760,0,0,0
28.73,11.2008212924298,1.23220692544074e-70,0,0,0,1.63383492229656e-70,667.83231428256,0.35,26760,0,0,0
28.74,11.2003167432533,1.0088002619491e-70,0,0,0,1.33761064420401e-70,667.83231428256,0.35,26760,0,0,0
28.75,11.1998122049971,8.25898594160161e-71,0,0,0,1.09509364084792e-70,667.83231428256,0.35,26760,0,0,0
28.76,11.1993076776605,6.76158118554398e-71,0,0,0,8.96546454798265e-71,667.83231428256,0.35,26760,0,0,0
28.77,11.1988031612427,5.53566508089207e-71,0,0,0,7.33997089181934e-71,667.83231428256,0.35,26760,0,0,0
28.78,11.1982986557429,4.53201507378376e-71,0,0,0,6.00918918898402e-71,667.83231428256,0.35,26760,0,0,0
28.79,11.1977941611605,3.71033296039559e-71,0,0,0,4.91968635886209e-71,667.83231428256,0.35,26760,0,0,0
28.8,11.1972896774947,3.03762684773816e-71,0,0,0,4.02771706512765e-71,667.83231428256,0.35,26760,0,0,0
28.81,11.1967852047449,2.4868864748418e-71,0,0,0,3.29746726849562e-71,667.83231428256,0.35,26760,0,0,0
28.82,11.1962807429101,2.03599870630338e-71,0,0,0,2.69961623408793e-71,667.83231428256,0.35,26760,0,0,0
28.83,11.1957762919899,1.66685965347881e-71,0,0,0,2.21015925564848e-71,667.83231428256,0.35,26760,0,0,0
28.84,11.1952718519833,1.36464777352861e-71,0,0,0,1.80944382705037e-71,667.83231428256,0.35,26760,0,0,0
28.85,11.1947674228898,1.11722876004884e-71,0,0,0,1.48138056179832e-71,667.83231428256,0.35,26760,0,0,0
28.86,11.1942630047085,9.1466833066786e-72,0,0,0,1.21279717764746e-71,667.83231428256,0.35,26760,0,0,0
28.87,11.1937585974387,7.48833349230263e-72,0,0,0,9.92909607759292e-72,667.83231428256,0.35,26760,0,0,0
28.88,11.1932542010797,6.13065266967401e-72,0,0,0,8.12889002638149e-72,667.83231428256,0.35,26760,0,0,0
28.89,11.1927498156308,5.01912770780555e-72,0,0,0,6.65507237263788e-72,667.83231428256,0.35,26760,0,0,0
28.9,11.1922454410913,4.10912904025345e-72,0,0,0,5.44846689948497e-72,667.83231428256,0.35,26760,0,0,0
28.91,11.1917410774603,3.36411871436681e-72,0,0,0,4.4606264006225e-72,667.83231428256,0.35,26760,0,0,0
28.92,11.1912367247373,2.75418333217003e-72,0,0,0,3.65188744503561e-72,667.83231428256,0.35,26760,0,0,0
28.93,11.1907323829214,2.25483297803887e-72,0,0,0,2.98977782476121e-72,667.83231428256,0.35,26760,0,0,0
28.94,11.190228052012,1.84601790813813e-72,0,0,0,2.44771274211775e-72,667.83231428256,0.35,26760,0,0,0
28.95,11.1897237320083,1.51132352008209e-72,0,0,0,2.00392738616819e-72,667.83231428256,0.35,26760,0,0,0
28.96,11.1892194229095,1.23731127952271e-72,0,0,0,1.64060303960279e-72,667.83231428256,0.35,26760,0,0,0
28.97,11.188715124715,1.01297914078212e-72,0,0,0,1.34315162779278e-72,667.83231428256,0.35,26760,0,0,0
28.98,11.1882108374241,8.29319796527838e-73,0,0,0,1.09962998348037e-72,667.83231428256,0.35,26760,0,0,0
28.99,11.1877065610359,6.78959019486915e-73,0,0,0,9.0026030886652e-73,667.83231428256,0.35,26760,0,0,0
29,11.1872022955498,5.55859575022129e-73,0,0,0,7.37037580858571e-73,667.83231428256,0.35,26760,0,0,0
29.01,11.1866980409651,4.55078816171657e-73,0,0,0,6.03408136150813e-73,667.83231428256,0.35,26760,0,0,0
29.02,11.186193797281,3.72570228193005e-73,0,0,0,4.94006530798586e-73,667.83231428256,0.35,26760,0,0,0
29.03,11.1856895644967,3.05020954297e-73,0,0,0,4.04440108763575e-73,667.83231428256,0.35,26760,0,0,0
29.04,11.1851853426117,2.49718778961795e-73,0,0,0,3.31112629501737e-73,667.83231428256,0.35,26760,0,0,0
29.05,11.1846811316251,2.04443227987229e-73,0,0,0,2.71079872950277e-73,667.83231428256,0.35,26760,0,0,0
29.06,11.1841769315362,1.67376412776817e-73,0,0,0,2.21931424215403e-73,667.83231428256,0.35,26760,0,0,0
29.07,11.1836727423443,1.37030039097959e-73,0,0,0,1.81693891420774e-73,667.83231428256,0.35,26760,0,0,0
29.08,11.1831685640486,1.1218564960143e-73,0,0,0,1.48751670753321e-73,667.83231428256,0.35,26760,0,0,0
29.09,11.1826643966485,9.18457007385248e-74,0,0,0,1.21782077292043e-73,667.83231428256,0.35,26760,0,0,0
29.1,11.1821602401431,7.51935097331505e-74,0,0,0,9.97022370153331e-74,667.83231428256,0.35,26760,0,0,0
29.11,11.1816560945319,6.15604634135541e-74,0,0,0,8.16256076130596e-74,667.83231428256,0.35,26760,0,0,0
29.12,11.181151959814,5.03991722840146e-74,0,0,0,6.68263823421125e-74,667.83231428256,0.35,26760,0,0,0
29.13,11.1806478359887,4.12614919280479e-74,0,0,0,5.47103476813011e-74,667.83231428256,0.35,26760,0,0,0
29.14,11.1801437230554,3.37805292660757e-74,0,0,0,4.47910246722188e-74,667.83231428256,0.35,26760,0,0,0
29.15,11.1796396210132,2.76559111890092e-74,0,0,0,3.66701359814109e-74,667.83231428256,0.35,26760,0,0,0
29.16,11.1791355298614,2.26417240789844e-74,0,0,0,3.00216144040482e-74,667.83231428256,0.35,26760,0,0,0
29.17,11.1786314495994,1.85366399690257e-74,0,0,0,2.45785107240387e-74,667.83231428256,0.35,26760,0,0,0
29.18,11.1781273802264,1.51758328905846e-74,0,0,0,2.01222752594721e-74,667.83231428256,0.35,26760,0,0,0
29.19,11.1776233217416,1.24243608369077e-74,0,0,0,1.64739827296836e-74,667.83231428256,0.35,26760,0,0,0
29.2,11.1771192741444,1.01717476170908e-74,0,0,0,1.34871481078025e-74,667.83231428256,0.35,26760,0,0,0
29.21,11.176615237434,8.3275470532725e-75,0,0,0,1.10418450033552e-74,667.83231428256,0.35,26760,0,0,0
29.22,11.1761112116097,6.8177114161261e-75,0,0,0,9.03989041822894e-75,667.83231428256,0.35,26760,0,0,0
29.23,11.1756071966707,5.58161828530987e-75,0,0,0,7.40090253595973e-75,667.83231428256,0.35,26760,0,0,0
29.24,11.1751031926164,4.56963645838687e-75,0,0,0,6.05907325804372e-75,667.83231428256,0.35,26760,0,0,0
29.25,11.174599199446,3.74113317541706e-75,0,0,0,4.96052589924758e-75,667.83231428256,0.35,26760,0,0,0
29.26,11.1740952171588,3.06284264597968e-75,0,0,0,4.06115194899812e-75,667.83231428256,0.35,26760,0,0,0
29.27,11.1735912457541,2.50753037227588e-75,0,0,0,3.32484004122848e-75,667.83231428256,0.35,26760,0,0,0
29.28,11.173087285231,2.05289963866512e-75,0,0,0,2.72202602287872e-75,667.83231428256,0.35,26760,0,0,0
29.29,11.172583335589,1.6806962613728e-75,0,0,0,2.22850590389179e-75,667.83231428256,0.35,26760,0,0,0
29.3,11.1720793968273,1.37597565258174e-75,0,0,0,1.82446402667477e-75,667.83231428256,0.35,26760,0,0,0
29.31,11.1715754689451,1.1265027703122e-75,0,0,0,1.49367743441353e-75,667.83231428256,0.35,26760,0,0,0
29.32,11.1710715519418,9.22260861079939e-76,0,0,0,1.2228644923059e-75,667.83231428256,0.35,26760,0,0,0
29.33,11.1705676458165,7.55049270533017e-76,0,0,0,1.0011516077724e-75,667.83231428256,0.35,26760,0,0,0
29.34,11.1700637505687,6.18154173494966e-76,0,0,0,8.19636637573835e-76,667.83231428256,0.35,26760,0,0,0
29.35,11.1695598661975,5.06079002677623e-76,0,0,0,6.71031451905087e-76,667.83231428256,0.35,26760,0,0,0
29.36,11.1690559927022,4.14323752327608e-76,0,0,0,5.49369303818522e-76,667.83231428256,0.35,26760,0,0,0
29.37,11.1685521300822,3.3920429548033e-76,0,0,0,4.49765254372132e-76,667.83231428256,0.35,26760,0,0,0
29.38,11.1680482783366,2.77704460108309e-76,0,0,0,3.68220034173176e-76,667.83231428256,0.35,26760,0,0,0
29.39,11.1675444374647,2.27354924774702e-76,0,0,0,3.01459466031599e-76,667.83231428256,0.35,26760,0,0,0
29.4,11.1670406074659,1.86134071250697e-76,0,0,0,2.46803001275187e-76,667.83231428256,0.35,26760,0,0,0
29.41,11.1665367883394,1.52386813164078e-76,0,0,0,2.02056091240444e-76,667.83231428256,0.35,26760,0,0,0
29.42,11.1660329800845,1.24758141513864e-76,0,0,0,1.65422072475117e-76,667.83231428256,0.35,26760,0,0,0
29.43,11.1655291827004,1.02138718792588e-76,0,0,0,1.35430027696335e-76,667.83231428256,0.35,26760,0,0,0
29.44,11.1650253961865,8.36203372294735e-77,0,0,0,1.10875726001507e-76,667.83231428256,0.35,26760,0,0,0
29.45,11.164521620542,6.8459452728627e-77,0,0,0,9.07732709829283e-77,667.83231428256,0.35,26760,0,0,0
29.46,11.1640178557661,5.60473303290212e-77,0,0,0,7.43155153371983e-77,667.83231428256,0.35,26760,0,0,0
29.47,11.1635141018582,4.58856024766246e-77,0,0,0,6.08416525499579e-77,667.83231428256,0.35,26760,0,0,0
29.48,11.1630103588175,3.75662587324958e-77,0,0,0,4.98106844079729e-77,667.83231428256,0.35,26760,0,0,0
29.49,11.1625066266433,3.07552634701942e-77,0,0,0,4.07796990148674e-77,667.83231428256,0.35,26760,0,0,0
29.5,11.1620029053349,2.51791437856863e-77,0,0,0,3.33860871365547e-77,667.83231428256,0.35,26760,0,0,0
29.51,11.1614991948916,2.06140091019161e-77,0,0,0,2.73329828329205e-77,667.83231428256,0.35,26760,0,0,0
29.52,11.1609954953126,1.68765615868057e-77,0,0,0,2.23773437927878e-77,667.83231428256,0.35,26760,0,0,0
29.53,11.1604918065972,1.38167364379391e-77,0,0,0,1.83201927776875e-77,667.83231428256,0.35,26760,0,0,0
29.54,11.1599881287446,1.13116765290478e-77,0,0,0,1.49986283520832e-77,667.83231428256,0.35,26760,0,0,0
29.55,11.1594844617543,9.26079949027646e-78,0,0,0,1.22792841175073e-77,667.83231428256,0.35,26760,0,0,0
29.56,11.1589808056253,7.58175915724483e-78,0,0,0,1.00529738279163e-77,667.83231428256,0.35,26760,0,0,0
29.57,11.1584771603571,6.2071392343267e-78,0,0,0,8.23030737868522e-78,667.83231428256,0.35,26760,0,0,0
29.58,11.1579735259489,5.08174641719114e-78,0,0,0,6.73810164386312e-78,667.83231428256,0.35,26760,0,0,0
29.59,11.1574699023999,4.16039428894235e-78,0,0,0,5.51644205079368e-78,667.83231428256,0.35,26760,0,0,0
29.6,11.1569662897094,3.40608900957632e-78,0,0,0,4.51627690940333e-78,667.83231428256,0.35,26760,0,0,0
29.61,11.1564626878768,2.78854395114589e-78,0,0,0,3.69744790444673e-78,667.83231428256,0.35,26760,0,0,0
29.62,11.1559590969012,2.28296363874666e-78,0,0,0,3.02707767167378e-78,667.83231428256,0.35,26760,0,0,0
29.63,11.155455516782,1.86904817051591e-78,0,0,0,2.47824971639889e-78,667.83231428256,0.35,26760,0,0,0
29.64,11.1549519475184,1.53017814243785e-78,0,0,0,2.02892767098991e-78,667.83231428256,0.35,26760,0,0,0
29.65,11.1544483891098,1.25274735131933e-78,0,0,0,1.6610704976529e-78,667.83231428256,0.35,26760,0,0,0
29.66,11.1539448415553,1.02561648284068e-78,0,0,0,1.35990811042047e-78,667.83231428256,0.35,26760,0,0,0
29.67,11.1534413048543,8.39665849340392e-79,0,0,0,1.11334833135115e-78,667.83231428256,0.35,26760,0,0,0
29.68,11.1529377790061,6.87429219004928e-79,0,0,0,9.11491369236205e-79,667.83231428256,0.35,26760,0,0,0
29.69,11.1524342640098,5.62794034090679e-79,0,0,0,7.46232326318854e-79,667.83231428256,0.35,26760,0,0,0
29.7,11.1519307598649,4.60755981436441e-79,0,0,0,6.10935773003342e-79,667.83231428256,0.35,26760,0,0,0
29.71,11.1514272665705,3.77218060860093e-79,0,0,0,5.00169324181981e-79,667.83231428256,0.35,26760,0,0,0
29.72,11.150923784126,3.0882608369803e-79,0,0,0,4.09485519822073e-79,667.83231428256,0.35,26760,0,0,0
29.73,11.1504203125306,2.52833996477225e-79,0,0,0,3.35243251951835e-79,667.83231428256,0.35,26760,0,0,0
29.74,11.1499168517836,2.06993622238963e-79,0,0,0,2.74461568038672e-79,667.83231428256,0.35,26760,0,0,0
29.75,11.1494134018843,1.69464392442988e-79,0,0,0,2.24699980719673e-79,667.83231428256,0.35,26760,0,0,0
29.76,11.1489099628319,1.38739445036183e-79,0,0,0,1.83960478118745e-79,667.83231428256,0.35,26760,0,0,0
29.77,11.1484065346258,1.13585121398916e-79,0,0,0,1.50607300299807e-79,667.83231428256,0.35,26760,0,0,0
29.78,11.1479031172651,9.29914328696369e-80,0,0,0,1.23301260745675e-79,667.83231428256,0.35,26760,0,0,0
29.79,11.1473997107493,7.61315079952997e-80,0,0,0,1.00945975759484e-79,667.83231428256,0.35,26760,0,0,0
29.8,11.1468963150775,6.23283922464509e-80,0,0,0,8.26438428086189e-80,667.83231428256,0.35,26760,0,0,0
29.81,11.146392930249,5.10278671496238e-80,0,0,0,6.76600002675324e-80,667.83231428256,0.35,26760,0,0,0
29.82,11.1458895562632,4.17761974794223e-80,0,0,0,5.53928214824401e-80,667.83231428256,0.35,26760,0,0,0
29.83,11.1453861931192,3.42019130225595e-80,0,0,0,4.53497584448788e-80,667.83231428256,0.35,26760,0,0,0
29.84,11.1448828408164,2.80008934209743e-80,0,0,0,3.71275651569252e-80,667.83231428256,0.35,26760,0,0,0
29.85,11.1443794993541,2.2924157225332e-80,0,0,0,3.03961066228553e-80,667.83231428256,0.35,26760,0,0,0
29.86,11.1438761687314,1.87678648688182e-80,0,0,0,2.4885103370964e-80,667.83231428256,0.35,26760,0,0,0
29.87,11.1433728489478,1.53651341637599e-80,0,0,0,2.03732792757471e-80,667.83231428256,0.35,26760,0,0,0
29.88,11.1428695400024,1.25793396994579e-80,0,0,0,1.66794769471992e-80,667.83231428256,0.35,26760,0,0,0
29.89,11.1423662418946,1.02986271007439e-80,0,0,0,1.36553839551215e-80,667.83231428256,0.35,26760,0,0,0
29.9,11.1418629546236,8.43142188548505e-81,0,0,0,1.11795778340685e-80,667.83231428256,0.35,26760,0,0,0
29.91,11.1413596781887,6.90275259408211e-81,0,0,0,9.15265076583267e-81,667.83231428256,0.35,26760,0,0,0
29.92,11.1408564125893,5.65124055839997e-81,0,0,0,7.49321818723634e-81,667.83231428256,0.35,26760,0,0,0
29.93,11.1403531578244,4.62663544426941e-81,0,0,0,6.13465106209289e-81,667.83231428256,0.35,26760,0,0,0
29.94,11.1398499138935,3.78779761542675e-81,0,0,0,5.02240061253735e-81,667.83231428256,0.35,26760,0,0,0
29.95,11.1393466807958,3.10104630739382e-81,0,0,0,4.11180809316842e-81,667.83231428256,0.35,26760,0,0,0
29.96,11.1388434585306,2.53880728768701e-81,0,0,0,3.36631166673232e-81,667.83231428256,0.35,26760,0,0,0
29.97,11.1383402470972,2.07850570362623e-81,0,0,0,2.75597838437583e-81,667.83231428256,0.35,26760,0,0,0
29.98,11.1378370464948,1.70165966371044e-81,0,0,0,2.2563023269933e-81,667.83231428256,0.35,26760,0,0,0
29.99,11.1373338567228,1.39313815831888e-81,0,0,0,1.84722065101004e-81,667.83231428256,0.35,26760,0,0,1
30,11.1368306777803,1.14055352399794e-81,0,0,0,1.51230803117551e-81,667.83231428256,0.35,26760,0,0,1
30.01,11.1363275096668,9.33764057746862e-82,0,0,3136.84486781415,1.23811715588139e-81,667.83231428256,0.35,26760,0,0,1
30.02,11.1354555988402,7.64466810423451e-82,0,0,6150.69228906914,1.01363879477514e-81,667.83231428256,0.35,26760,0,0,1
30.03,11.134229412268,6.25864209235513e-82,0,0,9046.36506262741,8.2985975946966e-82,667.83231428256,0.35,26760,0,0,1
30.04,11.1326628496576,0,0,0,11828.4968827031,6.79401008722876e-82,667.83231428256,0.35,26760,0,0,1
30.05,11.1307692656984,0,27452.8202555529,2625.04229991168,14501.5397537615,-27452.8202555529,667.83231428256,0.35,26760,0,0,1
30.06,11.1282529031255,0,53560.1628589797,5121.99386002015,16966.8417338473,-53560.1628589797,667.83231428256,0.35,26760,0,0,1
30.07,11.1251532541986,0,78385.4671617134,7497.10898571054,19237.5709695538,-78385.4671617134,667.83395857475,0.350003921831465,26760.1317735372,0.131773537226654,0,1
30.08,11.1215075271019,0,101989.304160109,9756.33667248354,21326.1340422389,-101989.304160109,667.838810840063,0.350015495114767,26760.5206358562,0.52063585617641,0,1
30.09,11.1173507714096,0,124425.221763822,11905.2567668346,23244.2178007973,-124425.221763822,667.846713636199,0.350034344490484,26761.1539748803,1.15397488027574,0,1
30.1,11.1127160061353,0,145746.275210193,13949.1836522822,25002.8320573134,-145746.275210193,667.857516912385,0.350060112314959,26762.0197737826,2.01977378262049,0,1
30.11,11.1076343305716,0,166004.326839024,15893.2632811057,26612.3465430068,-166004.326839024,667.871077423219,0.350092457247234,26763.1065635071,3.10656350705535,0,1
30.12,11.1021350193758,0,185249.146018377,17742.3946833157,28082.522610445,-185249.146018377,667.887258284068,0.350131053175373,26764.4033866925,4.40338669253062,0,1
30.13,11.0962456231544,0,203528.460040128,19501.241512369,29422.5467703724,-203528.460040128,667.905928874997,0.350175588975666,26765.8997895824,5.89978958236686,0,1
30.14,11.0899920637464,0,220888.007839658,21174.2430703888,30641.0624608272,-220888.007839658,667.926964648233,0.350225768043217,26767.5858062521,7.58580625208239,0,1
30.15,11.083398724473,0,237371.646271269,22765.6296811572,31746.2001382687,-237371.646271269,667.950246884217,0.350281307701225,26769.4519387612,9.45193876116321,0,1
30.16,11.0764885350417,0,253021.397235936,24279.4317525473,32745.60558603,-253021.397235936,667.975662453443,0.350341938625208,26771.489137807,11.4891378069862,0,1
30.17,11.069283052055,0,267877.497312375,25719.4885128784,33646.4667574388,-267877.497312375,668.003103587435,0.350407404290081,26773.6887841467,13.6887841467186,0,1
30.18,11.0618025353351,0,281978.449272578,27089.4564248052,34455.5392238457,-281978.449272578,668.032467658516,0.350477460439153,26776.0426707556,16.0426707555532,0,1
30.19,11.0540660202666,0,295361.074946901,28392.8172833435,35179.1702949085,-295361.074946901,668.06365696503,0.350551874566946,26778.5429854494,18.5429854493851,0,1
30.2,11.0460913863495,0,308060.569002151,29632.8860052768,35823.3218755778,-308060.569002151,668.09657852231,0.350630425416458,26781.182293993,21.1822939929929,0,1
30.21,11.0378954221488,0,320110.553242986,30812.8181177272,36393.5921214215,-320110.553242986,668.131143859612,0.350712902491347,26783.9535237092,23.9535237092464,0,1
30.22,11.0294938868162,0,331543.131094484,31935.6169534839,36895.2359511996,-331543.131094484,668.167268823212,0.350799105583339,26786.8499476002,26.8499476002018,0,1
30.23,11.0209015683541,0,342388.941970067,33004.1405608578,37333.1844729971,-342388.941970067,668.204873385738,0.350888844315089,26789.865168987,29.8651689869785,0,1
30.24,11.0121323387809,0,352677.215270535,34021.1083359653,37712.0633777085,-352677.215270535,668.243881461848,0.350981937698565,26792.9931066718,32.9931066717983,0,1
30.25,11.0031992063548,0,362435.823797197,34989.1073854508,38036.2103512468,-362435.823797197,668.284220730253,0.351078213709003,26796.2279806225,36.2279806225082,0,1
30.26,10.9941143650004,0,371691.336395264,35910.5986277177,38309.6915545252,-371691.336395264,668.325822462084,0.351177508874323,26799.5642981773,39.5642981772631,0,1
30.27,10.9848892410804,0,380469.069673127,36787.9226407665,38536.3172180163,-380469.069673127,668.368621355571,0.351279667879904,26802.9968407648,42.9968407647882,0,1
30.28,10.9755345376454,0,388793.138669406,37623.3052647334,38719.6563955426,-388793.138669406,668.412555376963,0.351384543188503,26806.5206511337,46.520651133712,0,1
30.29,10.9660602762893,0,396686.506362857,38418.862967196,38863.0509198847,-396686.506362857,668.457565607606,0.351491994675084,26810.1310210828,50.1310210828403,0,1
30.3,10.9564758367331,0,404171.031940786,39176.6079792505,38969.6286008045,-404171.031940786,668.50359609707,0.351601889276276,26813.8234796829,53.8234796828844,0,1
30.31,10.9467899942525,0,411267.517759703,39898.4532102932,39042.3157041795,-411267.517759703,668.550593722208,0.351714100654138,26817.593781979,57.5937819790393,0,1
30.32,10.9370109550593,0,417995.754947876,40586.2169493321,39083.8487491103,-417995.754947876,668.598508052016,0.351828508873896,26821.4378981629,61.4378981628968,0,1
30.33,10.9271463897432,0,424374.567613363,41241.6273605422,39096.7856581172,-424374.567613363,668.647291218141,0.351945000095281,26825.3520032015,65.3520032014591,0,1
30.34,10.9172034648734,0,430421.855633278,41866.3267806416,38758.3726394578,-430421.855633278,668.696897790901,0.352063466277097,26829.3324669105,69.3324669104555,0,1
30.35,10.9072270952986,0,436154.636010619,42461.8758255202,38133.6732193584,-436154.636010619,668.74728466064,0.352183804894605,26833.3758444587,73.3758444587495,0,1
30.36,10.8972543628781,0,441589.082794132,43029.7573133941,37538.1241744798,-441589.082794132,668.798410924278,0.352305918669355,26837.4788672903,77.4788672903333,0,1
30.37,10.8872850930295,0,446740.565564576,43571.3800115901,36970.2426866059,-446740.565564576,668.850237776866,0.352429715311018,26841.6384344502,81.638434450224,0,1
30.38,10.8773191198794,0,451625.369044626,44088.0919668535,36428.6199884099,-451625.369044626,668.902728408006,0.352555107270848,26845.8516043005,85.8516043004868,0,1
30.39,10.867356284696,0,456258.883006505,44581.1815594463,35911.9080331465,-456258.883006505,668.955847902942,0.352682011506327,26850.1155866126,90.1155866126086,0,1
30.4,10.8573964357652,0,460654.166228548,45051.8612487003,35418.8184405537,-460654.166228548,669.009563248772,0.352810349496986,26854.4277430987,94.4277430987328,0,1
30.41,10.8474394303013,0,464823.514214813,45501.2732606093,34948.1387512997,-464823.514214813,669.063843335205,0.352940047247279,26858.7855875086,98.7855875085782,0,1
30.42,10.8374851337779,0,468778.594434832,45930.5025141944,34498.7267393907,-468778.594434832,669.118658761221,0.353071034825741,26863.1867701449,103.186770144906,0,1
30.43,10.8275334184085,0,472530.477578588,46340.579416437,34069.4974858056,-472530.477578588,669.173981649653,0.353203245922947,26867.629063011,107.629063011035,0,1
30.44,10.8175841628176,0,476089.661162357,46732.4819137843,33659.420583563,-476089.661162357,669.22978556363,0.353336617652754,26872.1103531325,112.110353132553,0,1
30.45,10.8076372517993,0,479466.093527517,47107.1376050734,33267.5180862157,-479466.093527517,669.28604543297,0.353471090377328,26876.6286366782,116.628636678217,0,1
30.46,10.7976925760689,0,482669.202986306,47465.4263767919,32892.8623949266,-482669.202986306,669.342737483871,0.353606607540005,26881.1820133442,121.182013344174,0,1
30.47,10.7877500319531,0,485707.9254334,47808.1828975026,32534.5736232081,-485707.9254334,669.399839171461,0.353743115504961,26885.7686809667,125.768680966685,0,1
30.48,10.7778095210965,0,488590.730467518,48136.1989794422,32191.8171024974,-488590.730467518,669.45732911553,0.353880563404463,26890.3869303899,130.386930389952,0,1
30.49,10.7678709501837,0,491325.646099018,48450.2258142781,31863.8010205578,-491325.646099018,669.515187039676,0.354018902994237,26895.0351406064,135.035140606366,0,1
30.5,10.7579342306766,0,493920.28211876,48750.976089839,31549.7741857219,-493920.28211876,669.573393713673,0.354158088516508,26899.7117741547,139.711774154691,0,1
30.51,10.7479992785656,0,496381.852205928,49039.125994337,31249.023910161,-496381.852205928,669.631930898886,0.354298076570304,26904.4153727622,144.41537276221,0,1
30.52,10.7380660141333,0,498717.194844991,49315.3171142541,30960.874005663,-498717.194844991,669.690781296583,0.354438825988621,26909.1445532177,149.144553217655,0,1
30.53,10.7281343617321,0,500932.793117596,49580.1582316789,30684.6828857459,-500932.793117596,669.749928498969,0.354580297722095,26913.8980034624,153.898003462414,0,1
30.54,10.718204249572,0,503034.793431376,49834.2270265505,30419.8417683211,-503034.793431376,669.809356942808,0.354722454728817,26918.6744788882,158.674478888258,0,1
30.55,10.7082756095212,0,505029.02324413,50078.0716889616,30165.7729734495,-505029.02324413,669.869051865493,0.354865261869955,26923.4727988305,163.472798830479,0,1
30.56,10.6983483769158,0,506921.007838552,50312.2124463858,29921.9283110384,-506921.007838552,669.928999263428,0.35500868581089,26928.2918432459,168.291843245914,0,1
30.57,10.6884224903806,0,508715.986199516,50537.1430104212,29687.7875536142,-508715.986199516,669.989185852602,0.355152694927558,26933.130549566,173.130549565956,0,1
30.58,10.6784978916588,0,510418.926043004,50753.3319473879,29462.8569895788,-510418.926043004,670.049599031235,0.355297259217713,26937.9879097151,177.987909715153,0,1
30.59,10.6685745254509,0,512034.538043023,50961.2239768763,29246.6680526121,-512034.538043023,670.110226844392,0.355442350216861,26942.8629672865,182.862967286536,0,1
30.6,10.6586523392619,0,513567.289300186,51161.2412021143,29038.7760231237,-513567.289300186,670.171057950447,0.35558794091861,26947.7548148653,187.7548148653,0,1
30.61,10.6487312832566,0,515021.416093268,51353.7842758105,28838.7587978857,-515021.416093268,670.232081589317,0.355734005699194,26952.6625914929,192.662591492913,0,1
30.62,10.6388113101225,0,516400.935952657,51539.2335049274,28646.2157241895,-516400.935952657,670.293287552349,0.355880520245957,26957.5854802642,197.58548026416,0,1
30.63,10.6288923749401,0,517709.659092503,51717.9498976475,28460.7664950726,-517709.659092503,670.354666153796,0.356027461489585,26962.52270605,202.522706050049,0,1
30.64,10.6189744350593,0,518951.199236296,51890.2761556196,28282.0501023525,-518951.199236296,670.416208203778,0.356174807539877,26967.4735333399,207.473533339869,0,1
30.65,10.6090574499831,0,520128.983868677,52056.5376144001,28109.7238443804,-520128.983868677,670.477904982658,0.356322537624883,26972.4372641961,212.437264196086,0,1
30.66,10.5991413812569,0,521246.263944467,52217.0431348464,27943.4623855999,-521246.263944467,670.539748216764,0.356470632033216,26977.4132363161,217.413236316064,0,1
30.67,10.5892261923635,0,522306.123084192,52372.0859480698,27782.9568651536,-522306.123084192,670.601730055366,0.356619072059374,26982.400821195,222.400821194968,0,1
30.68,10.5793118486239,0,523311.486283751,52521.9444564116,27627.9140519302,-523311.486283751,670.663843048866,0.356767839951919,26987.3994223845,227.399422384471,0,1
30.69,10.5693983171032,0,524265.128164367,52666.8829927738,27478.0555435884,-524265.128164367,670.726080128122,0.356916918864351,26992.4084738422,232.408473842209,0,1
30.7,10.5594855665211,0,525169.680787503,52807.152540509,27333.1170072262,-525169.680787503,670.788434584844,0.357066292808547,26997.4274383672,237.427438367175,0,1
30.71,10.5495735671672,0,526027.641058102,52942.991415954,27192.847459491,-526027.641058102,670.850900053016,0.357215946610611,27002.4558061165,242.455806116526,0,1
30.72,10.5396622908209,0,526841.377738176,53074.6259155803,27057.008584046,-526841.377738176,670.913470491283,0.357365865869032,27007.4930931995,247.493093199495,0,1
30.73,10.5297517106752,0,527613.138091629,53202.2709296266,26925.3740844197,-527613.138091629,670.976140166255,0.35751603691501,27012.5388403443,252.538840344354,0,1
30.74,10.5198418012646,0,528345.054179999,53326.1305239797,26797.7290703734,-528345.054179999,671.038903636674,0.357666446774838,27017.5926116346,257.592611634576,0,1
30.75,10.5099325383966,0,529039.148827775,53446.3984919738,26673.8694760203,-529039.148827775,671.10175573841,0.357817083134243,27022.6539933106,262.653993310559,0,1
30.76,10.5000238990869,0,529697.341274888,53563.2588776892,26553.6015080262,-529697.341274888,671.164691570227,0.357967934304567,27027.7225926335,267.722592633463,0,1
30.77,10.4901158614975,0,530321.452533065,53676.8864722464,26436.7411223108,-530321.452533065,671.227706480296,0.358118989190711,27032.7980368079,272.7980368079,0,1
30.78,10.4802084048789,0,530913.210461773,53787.4472845118,26323.1135277536,-530913.210461773,671.290796053399,0.358270237260726,27037.8799719604,277.879971960393,0,1
30.79,10.4703015095144,0,531474.254578688,53895.0989875548,26212.5527154882,-531474.254578688,671.353956098801,0.358421668516984,27042.9680621707,282.968062170671,0,1
30.8,10.4603951566677,0,532006.140618754,53999.991342126,26104.9010124452,-532006.140618754,671.417182638746,0.35857327346884,27048.061988553,288.061988553046,0,1
30.81,10.4504893285328,0,532510.344855188,54102.2665983556,26000.008657874,-532510.344855188,671.480471897548,0.358725043106703,27053.1614483852,293.161448385241,0,1
30.82,10.4405840081872,0,532988.268195032,54202.0598768117,25897.7334016444,-532988.268195032,671.543820291252,0.358876968877446,27058.2661542822,298.266154282188,0,1
30.83,10.430679179547,0,533441.240061192,54299.4995299931,25797.9401231883,-533441.240061192,671.60722441782,0.359029042661085,27063.3758334125,303.375833412463,0,1
30.84,10.4207748273241,0,533870.522072247,54394.7074852768,25700.5004700069,-533870.522072247,671.670681047827,0.359181256748664,27068.4902267551,308.490226755104,0,1
30.85,10.410870936986,0,534277.311530715,54487.7995702855,25605.2925147232,-534277.311530715,671.734187115642,0.359333603821272,27073.6090883947,313.609088394734,0,1
30.86,10.4009674947177,0,534662.744729883,54578.8858215897,25512.2004297145,-534662.744729883,671.797739711055,0.359486076930148,27078.732184853,318.732184852975,0,1
30.87,10.3910644873853,0,535027.900088772,54668.0707776093,25421.1141784103,-535027.900088772,671.861336071344,0.359638669477805,27083.8592944543,323.859294454269,0,1
30.88,10.3811619025015,0,535373.801124278,54755.4537565358,25331.9292223907,-535373.801124278,671.92497357374,0.359791375200128,27088.9902067243,328.99020672432,0,1
30.89,10.3712597281928,0,535701.41926907,54841.1291200514,25244.5462434642,-535701.41926907,671.988649728295,0.359944188149388,27094.1247218194,334.124721819449,0,1
30.9,10.3613579531688,0,536011.676543347,54925.1865235808,25158.8708799486,-536011.676543347,672.052362171099,0.360097102678133,27099.2626499853,339.262649985272,0,1
30.91,10.3514565666926,0,536305.448088139,55007.7111537727,25074.8134764192,-536305.448088139,672.116108657861,0.360250113423903,27104.4038110432,344.40381104316,0,1
30.92,10.3415555585526,0,536583.564567409,55088.7839538724,24992.2888462273,-536583.564567409,672.179887057811,0.360403215294734,27109.5480339031,349.54803390306,0,1
30.93,10.3316549190367,0,536846.814445839,55168.4818376089,24911.2160461276,-536846.814445839,672.243695347916,0.360556403455395,27114.6951561013,354.695156101291,0,1
30.94,10.3217546389064,0,537095.946148824,55246.8778921923,24831.5181623911,-537095.946148824,672.307531607399,0.360709673314346,27119.845023362,359.845023362037,0,1
30.95,10.3118547093733,0,537331.670110819,55324.041570981,24753.1221078077,-537331.670110819,672.371394012531,0.360863020511348,27124.9974891813,364.997489181301,0,1
30.96,10.3019551220763,0,537554.660717907,55400.0388763516,24675.958429019,-537554.660717907,672.435280831696,0.361016440905719,27130.1524144321,370.152414432155,0,1
30.97,10.2920558690604,0,537765.558150086,55474.9325332767,24599.9611236484,-537765.558150086,672.499190420705,0.361169930565184,27135.3096669902,375.309666990202,0,1
30.98,10.2821569427558,0,537964.970128538,55548.7821540883,24525.0674667233,-537964.970128538,672.56312121835,0.361323485755303,27140.4691213782,380.46912137818,0,1
30.99,10.272258335959,0,538153.473572823,55621.6443948785,24451.2178459117,-538153.473572823,672.627071742194,0.361477102929427,27145.6306584287,385.630658428746,0,1
31,10.2623600418139,0,538331.616172697,55693.5731039702,24378.3556051215,-538331.616172697,672.691040584562,0.361630778719181,27150.7941649645,390.794164964483,0,1
31.01,10.2524620537949,0,538499.917879009,55764.6194628612,24306.4268960298,-538499.917879009,672.75502640875,0.361784509925424,27155.9595334942,395.95953349425,0,1
31.02,10.2425643656899,0,538658.872317876,55834.8321200308,24235.3805371388,-538658.872317876,672.819027945418,0.361938293509673,27161.126661925,401.126661925028,0,1
31.03,10.2326669715848,0,538808.948132146,55904.2573179719,24165.1678799692,-538808.948132146,672.883043989177,0.362092126585966,27166.2954532885,406.295453288476,0,1
31.04,10.2227698658484,0,538950.590253909,55972.9390137982,24095.7426820281,-538950.590253909,672.947073395343,0.362246006413137,27171.4658154814,411.465815481422,0,1
31.05,10.2128730431183,0,539084.221111652,56040.9189937531,24027.0609862018,-539084.221111652,673.011115076856,0.362399930387487,27176.6376610196,416.637661019582,0,1
31.06,10.2029764982874,0,539210.241775444,56108.2369819327,23959.0810062469,-539210.241775444,673.075168001364,0.362553896035828,27181.8109068038,421.810906803835,0,1
31.07,10.1930802264912,0,539329.033043365,56174.9307435198,23891.7630180673,-539329.033043365,673.139231188447,0.362707901008881,27186.9854738984,426.985473898389,0,1
31.08,10.1831842230956,0,539440.956472226,56241.0361828062,23825.0692564802,-539440.956472226,673.203303706989,0.362861943075007,27192.1612873202,432.161287320247,0,1
31.09,10.1732884836852,0,539546.355355471,56306.5874362732,23758.9638171938,-539546.355355471,673.267384672679,0.363016020114267,27197.3382758394,437.338275839378,0,1
31.1,10.1633930040528,0,539645.555650979,56371.6169609777,23693.4125637268,-539645.555650979,673.331473245645,0.363170130112769,27202.5163717891,442.516371789053,0,1
31.11,10.1534977801884,0,539738.866861379,56436.1556184873,23628.3830390223,-539738.866861379,673.3955686282,0.363324271157316,27207.6955108858,447.695510885826,0,1
31.12,10.1436028082699,0,539826.582869314,56500.2327545882,23563.8443815127,-539826.582869314,673.459670062712,0.363478441430317,27212.8756320587,452.875632058657,0,1
31.13,10.1337080846534,0,539908.98272999,56563.8762749811,23499.7672454118,-539908.98272999,673.523776829578,0.363632639204962,27218.0566772867,458.056677286716,0,1
31.14,10.1238136058644,0,539986.331423219,56627.1127171717,23436.1237250189,-539986.331423219,673.587888245296,0.363786862840637,27223.2385914454,463.238591445423,0,1
31.15,10.1139193685892,0,540058.880567032,56689.9673187451,23372.8872828283,-540058.880567032,673.652003660647,0.36394111077858,27228.4213221603,468.4213221603,0,1
31.16,10.1040253696671,0,540126.86909486,56752.4640822111,23310.0326812549,-540126.86909486,673.716122458961,0.364095381537745,27233.6048196682,473.604819668235,0,1
31.17,10.0941316060826,0,540190.52389815,56814.6258365928,23247.5359177889,-540190.52389815,673.780244054466,0.364249673710887,27238.7890366858,478.789036685788,0,1
31.18,10.0842380749585,0,540250.060436193,56876.4742959239,23185.3741634072,-540250.060436193,673.844367890739,0.364403985960838,27243.9739282842,483.973928284165,0,1
31.19,10.0743447735482,0,540305.683314867,56938.030114811,23123.5257040761,-540305.683314867,673.908493439212,0.36455831701698,27249.1594517705,489.159451770532,0,1
31.2,10.0644516992302,0,540357.586835872,56999.3129412105,23061.969885189,-540357.586835872,673.972620197776,0.364712665671885,27254.3455665753,494.345566575337,0,1
31.21,10.0545588495013,0,540405.955517994,57060.3414665601,23000.6870587895,-540405.955517994,674.036747689438,0.364867030778135,27259.5322341453,499.532234145342,0,1
31.22,10.0446662219705,0,540450.964591821,57121.1334733993,22939.6585334399,-540450.964591821,674.10087546106,0.3650214112453,27264.7194178421,504.719417842065,0,1
31.23,10.0347738143541,0,540492.780469285,57181.7058806055,22878.8665266007,-540492.780469285,674.165003082151,0.365175806037064,27269.9070828454,509.907082845364,0,1
31.24,10.0248816244698,0,540531.561189306,57242.074786366,22818.2941193945,-540531.561189306,674.229130143726,0.365330214168509,27275.0951960619,515.095196061891,0,1
31.25,10.0149896502317,0,540567.456840784,57302.2555090009,22757.925213634,-540567.456840784,674.293256257224,0.365484634703517,27280.2837260382,520.283726038184,0,1
31.26,10.005097889646,0,540600.609964086,57362.2626257451,22697.7444909991,-540600.609964086,674.357381053476,0.365639066752326,27285.4726428781,525.472642878146,0,1
31.27,9.99520634080575,0,540631.155932131,57422.1100095912,22637.7373742549,-540631.155932131,674.421504181728,0.365793509469187,27290.6619181647,530.66191816469,0,1
31.28,9.98531500188692,0,540659.223312123,57481.8108642931,22577.8899904088,-540659.223312123,674.485625308716,0.365947962050159,27295.8515248854,535.851524885353,0,1
31.29,9.97542387114424,0,540684.93420892,57541.3777576213,22518.1891357069,-540684.93420892,674.549744117779,0.366102423731002,27301.0414373617,541.041437361655,0,1
31.3,9.96553294690722,0,540708.404590976,57600.8226529585,22458.6222423787,-540708.404590976,674.613860308029,0.366256893785179,27306.231631182,546.231631182028,0,1
31.31,9.95564222757646,0,540729.744599747,57660.1569393188,22399.1773470415,-540729.744599747,674.677973593552,0.366411371521968,27311.4220831381,551.422083138129,0,1
31.32,9.94575171162015,0,540749.058843413,57719.3914598707,22339.8430606812,-540749.058843413,674.742083702659,0.366565856284654,27316.6127711644,556.612771164368,0,1
31.33,9.93586139757065,0,540766.446675708,57778.5365390374,22280.6085401293,-540766.446675708,674.806190377164,0.366720347448824,27321.8036742805,561.803674280484,0,1
31.34,9.92597128402138,0,540782.002460623,57837.6020082478,22221.4634609626,-540782.002460623,674.870293371709,0.366874844420744,27326.994772537,566.994772537011,0,1
31.35,9.91608136962373,0,540795.815823698,57896.5972304043,22162.3979917522,-540795.815823698,674.934392453117,0.367029346635818,27332.1860469635,572.186046963503,0,1
31.36,9.90619165308421,0,540807.971890599,57955.5311231328,22103.4027695957,-540807.971890599,674.998487399779,0.367183853557124,27337.3774795194,577.377479519357,0,1
31.37,9.8963021331617,0,540818.55151361,58014.4121808759,22044.4688768672,-540818.55151361,675.062578001071,0.367338364674021,27342.5690530471,582.569053047122,0,1
31.38,9.88641280866488,0,540827.631486674,58073.2484958868,21985.5878191241,-540827.631486674,675.126664056804,0.367492879500838,27347.7607512281,587.76075122815,0,1
31.39,9.87652367844974,0,540835.284749551,58132.0477781796,21926.7515041132,-540835.284749551,675.190745376698,0.36764739757561,27352.9525585405,592.952558540491,0,1
31.4,9.86663474141723,0,540841.580581657,58190.8173744877,21867.9522218204,-540841.580581657,675.254821779883,0.367801918458895,27358.1444602189,598.144460218892,0,1
31.41,9.85674599651104,0,540846.584786107,58249.5642862804,21809.1826255123,-540846.584786107,675.318893094426,0.367956441732643,27363.3364422168,603.336442216826,0,1
31.42,9.84685744271549,0,540850.359864454,58308.2951868848,21750.4357137196,-540850.359864454,675.382959156882,0.368110966999119,27368.5284911704,608.528491170416,0,1
31.43,9.83696907905349,0,540852.965182609,58367.0164377575,21691.7048131152,-540852.965182609,675.44701981187,0.368265493879886,27373.7205943642,613.720594364181,0,1
31.44,9.82708090458464,0,540854.457128375,58425.7341039488,21632.9835622425,-540854.457128375,675.511074911661,0.368420022014836,27378.9127396985,618.912739698504,0,1
31.45,9.81719291840343,0,540854.889261039,58484.4539687997,21574.2658960512,-540854.889261039,675.575124315802,0.368574551061271,27384.1049156587,624.10491565873,0,1
31.46,9.80730511963749,0,540854.312453402,58543.1815479099,21515.5460312003,-540854.312453402,675.639167890744,0.36872908069303,27389.2971112858,629.297111285822,0,1
31.47,9.79741750744593,0,540852.775026657,58601.9221024137,21456.8184520901,-540852.775026657,675.703205509496,0.368883610599657,27394.4893161485,634.489316148491,0,1
31.48,9.78753008101783,0,540850.322878461,58660.6806515978,21398.0778975863,-540850.322878461,675.767237051298,0.369038140485616,27399.6815203167,639.681520316721,0,1
31.49,9.77764283957072,0,540846.999604543,58719.4619848937,21339.3193484022,-540846.999604543,675.831262401307,0.369192670069542,27404.8737143366,644.873714336625,0,1
31.5,9.76775578234915,0,540842.846614194,58778.2706732769,21280.5380151063,-540842.846614194,675.895281450297,0.369347199083529,27410.0658892066,650.06588920657,0,1
31.51,9.75786890862341,0,540837.903239929,58837.111080101,21221.7293267231,-540837.903239929,675.959294094382,0.369501727272455,27415.2580363545,655.258036354488,0,1
31.52,9.74798221768821,0,540832.206841631,58895.9873713965,21162.888919899,-540832.206841631,676.023300234742,0.369656254393343,27420.4501476163,660.450147616338,0,1
31.53,9.73809570886147,0,540825.792905449,58954.9035256592,21104.0126286035,-540825.792905449,676.087299777374,0.369810780214751,27425.6422152156,665.642215215638,0,1
31.54,9.72820938148318,0,540818.695137711,59013.8633431552,21045.0964743408,-540818.695137711,676.151292632845,0.369965304516191,27430.834231744,670.834231744029,0,1
31.55,9.71832323491433,0,540810.945554122,59072.870454766,20986.1366568448,-540810.945554122,676.215278716066,0.370119827087583,27436.0261901428,676.026190142815,0,1
31.56,9.70843726853581,0,540802.574564462,59131.9283303953,20927.129545234,-540802.574564462,676.279257946072,0.370274347728732,27441.2180836854,681.218083685422,0,1
31.57,9.69855148174747,0,540793.61105303,59191.0402869623,20868.0716696047,-540793.61105303,676.343230245816,0.370428866248831,27446.4099059607,686.409905960743,0,1
31.58,9.68866587396719,0,540784.082455045,59250.2094959985,20808.9597130377,-540784.082455045,676.407195541972,0.370583382465991,27451.6016508573,691.601650857312,0,1
31.59,9.67878044462991,0,540774.014829195,59309.4389908706,20749.7905040015,-540774.014829195,676.471153764744,0.370737896206794,27456.7933125483,696.793312548276,0,1
31.6,9.66889519318688,0,540763.43292655,59368.7316736463,20690.5610091294,-540763.43292655,676.535104847698,0.370892407305866,27461.9848854771,701.984885477115,0,1
31.61,9.65901011910478,0,540752.360256007,59428.0903216215,20631.2683263537,-540752.360256007,676.599048727581,0.371046915605478,27467.1763643441,707.176364344079,0,1
31.62,9.64912522186499,0,540740.819146448,59487.5175935259,20571.9096783785,-540740.819146448,676.662985344173,0.371201420955158,27472.3677440933,712.367744093307,0,1
31.63,9.63924050096285,0,540728.830805774,59547.0160354219,20512.4824064741,-540728.830805774,676.726914640125,0.371355923211327,27477.5590199006,717.559019900583,0,1
31.64,9.62935595590695,0,540716.415376976,59606.5880863135,20452.9839645781,-540716.415376976,676.79083656082,0.371510422236955,27482.7501871617,722.750187161715,0,1
31.65,9.61947158621848,0,540703.591991393,59666.2360834784,20393.4119136865,-540703.591991393,676.854751054236,0.371664917901234,27487.9412414815,727.941241481486,0,1
31.66,9.60958739143064,0,540690.378819293,59725.9622675375,20333.7639165216,-540690.378819293,676.91865807081,0.37181941007926,27493.1321786631,733.132178663163,0,1
31.67,9.59970337108799,0,540676.793117914,59785.7687872747,20274.0377324625,-540676.793117914,676.982557563321,0.371973898651742,27498.3229946985,738.322994698531,0,1
31.68,9.58981952474589,0,540662.851277105,59845.6577042198,20214.2312127253,-540662.851277105,677.046449486769,0.372128383504715,27503.5136857584,743.513685758422,0,1
31.69,9.57993585197001,0,540648.568862662,59905.6309970054,20154.3422957802,-540648.568862662,677.110333798263,0.372282864529277,27508.7042481837,748.704248183721,0,1
31.7,9.57005235233575,0,540633.960657503,59965.6905655097,20094.3690029946,-540633.960657503,677.174210456915,0.372437341621333,27513.8946784768,753.894678476817,0,1
31.71,9.5601690254278,0,540619.040700775,60025.8382347958,20034.3094344903,-540619.040700775,677.238079423741,0.372591814681353,27519.0849732935,759.084973293488,0,1
31.72,9.55028587083967,0,540603.822324998,60086.0757588567,19974.1617652042,-540603.822324998,677.301940661563,0.372746283614142,27524.2751294352,764.275129435185,0,1
31.73,9.54040288817322,0,540588.318191347,60146.404824177,19913.9242411433,-540588.318191347,677.365794134918,0.372900748328622,27529.4651438417,769.465143841704,0,1
31.74,9.5305200770383,0,540572.540323173,60206.8270531191,19853.595175823,-540572.540323173,677.429639809973,0.373055208737625,27534.6550135842,774.655013584228,0,1
31.75,9.52063743705228,0,540556.500137832,60267.3440071431,19793.1729468809,-540556.500137832,677.493477654443,0.373209664757699,27539.8447358587,779.844735858706,0,1
31.76,9.51075496783971,0,540540.208476934,60327.9571898693,19732.6559928569,-540540.208476934,677.557307637511,0.373364116308916,27545.0343079796,785.034307979576,0,1
31.77,9.50087266903198,0,540523.675635067,60388.6680499894,19672.0428101307,-540523.675635067,677.621129729755,0.373518563314696,27550.2237273738,790.223727373789,0,1
31.78,9.49099054026694,0,540506.911387083,60449.4779840355,19611.3319500106,-540506.911387083,677.684943903079,0.373673005701641,27555.4129915751,795.41299157514,0,1
31.79,9.48110858118857,0,540489.925014025,60510.3883390132,19550.5220159645,-540489.925014025,677.748750130642,0.373827443399371,27560.6020982189,800.602098218877,0,1
31.8,9.47122679144671,0,540472.725327748,60571.4004149059,19489.6116609868,-540472.725327748,677.812548386801,0.373981876340374,27565.7910450366,805.791045036584,0,1
31.81,9.46134517069675,0,540455.320694312,60632.5154670554,19428.5995850941,-540455.320694312,677.876338647044,0.37413630445986,27570.9798298513,810.979829851309,0,1
31.82,9.45146371859933,0,540437.719056204,60693.7347084272,19367.4845329446,-540437.719056204,677.940120887936,0.374290727695623,27576.1684505729,816.16845057295,0,1
31.83,9.44158243482008,0,540419.92795345,60755.0593117639,19306.2652915728,-540419.92795345,678.003895087064,0.374445145987912,27581.3569051938,821.356905193855,0,1
31.84,9.4317013190294,0,540401.954543664,60816.4904116334,19244.9406882361,-540401.954543664,678.067661222987,0.374599559279305,27586.5451917846,826.545191784658,0,1
31.85,9.42182037090216,0,540383.805621103,60878.0291063775,19183.5095883666,-540383.805621103,678.131419275181,0.374753967514592,27591.7333084903,831.733308490304,0,1
31.86,9.41193959011753,0,540365.487634761,60939.6764599641,19121.9708936225,-540365.487634761,678.195169224001,0.374908370640663,27596.9212535263,836.921253526291,0,1
31.87,9.40205897635872,0,540347.006705568,61001.4335037499,19060.3235400359,-540347.006705568,678.258911050629,0.375062768606401,27602.1090251751,842.109025175081,0,1
31.88,9.39217852931282,0,540328.368642717,61063.3012381562,18998.5664962501,-540328.368642717,678.322644737034,0.37521716136258,27607.2966217827,847.29662178271,0,1
31.89,9.38229824867053,0,540309.578959184,61125.2806342636,18936.6987618438,-540309.578959184,678.386370265936,0.375371548861772,27612.4840417555,852.484041755543,0,1
31.9,9.37241813412603,0,540290.642886471,61187.3726353278,18874.7193657364,-540290.642886471,678.450087620762,0.37552593105825,27617.6712835572,857.671283557215,0,1
31.91,9.36253818537681,0,540271.565388609,61249.5781582226,18812.6273646722,-540271.565388609,678.513796785613,0.375680307907908,27622.8583457057,862.858345705704,0,1
31.92,9.35265840212343,0,540252.351175461,61311.8980948115,18750.4218417774,-540252.351175461,678.577497745229,0.375834679368171,27628.0452267706,868.045226770563,0,1
31.93,9.34277878406945,0,540233.004715367,61374.3333132534,18688.1019051885,-540233.004715367,678.641190484956,0.375989045397925,27633.2319253703,873.231925370284,0,1
31.94,9.3328993309212,0,540213.530247149,61436.8846592436,18625.6666867466,-540213.530247149,678.704874990716,0.376143405957434,27638.4184401698,878.418440169791,0,1
31.95,9.32302004238769,0,540193.931791522,61499.5529571954,18563.1153407564,-540193.931791522,678.768551248976,0.376297761008275,27643.6047698781,883.604769878067,0,1
31.96,9.31314091818042,0,540174.213161931,61562.3390113636,18500.4470428046,-540174.213161931,678.832219246723,0.37645211051327,27648.7909132459,888.790913245887,0,1
31.97,9.3032619580133,0,540154.377974852,61625.2436069133,18437.6609886364,-540154.377974852,678.895878971433,0.376606454436418,27653.9768690637,893.976869063673,0,1
31.98,9.29338316160248,0,540134.429659574,61688.2675109371,18374.7563930867,-540134.429659574,678.959530411048,0.37676079274284,27659.1626361594,899.162636159449,0,1
31.99,9.28350452866625,0,540114.371467494,61751.4114734228,18311.7324890629,-540114.371467494,679.023173553953,0.376915125398717,27664.3482133969,904.348213396906,0,1
32,9.27362605892495,0,540094.206480948,61814.6762281737,18248.5885265772,-540094.206480948,679.086808388951,0.377069452371236,27669.5335996735,909.533599673551,0,1
32.01,9.2637477521008,0,540073.937621604,61878.062493685,18185.3237718263,-540073.937621604,679.150434905244,0.37722377362854,27674.7187939189,914.718793918961,0,1
32.02,9.25386960791787,0,540053.567658431,61941.5709739769,18121.937506315,-540053.567658431,679.214053092409,0.377378089139676,27679.9037950931,919.903795093114,0,1
32.03,9.24399162610191,0,540033.099215274,62005.2023593879,18058.4290260231,-540033.099215274,679.277662940381,0.377532398874547,27685.0886021848,925.088602184806,0,1
32.04,9.23411380638032,0,540012.53477805,62068.9573273296,17994.7976406121,-540012.53477805,679.341264439434,0.377686702803873,27690.2732142101,930.27321421015,0,1
32.05,9.22423614848202,0,539991.876701582,62132.8365430048,17931.0426726704,-539991.876701582,679.404857580161,0.377841000899141,27695.4576302111,935.457630211144,0,1
32.06,9.21435865213739,0,539971.127216102,62196.8406600908,17867.1634569952,-539971.127216102,679.468442353461,0.377995293132568,27700.6418492543,940.641849254312,0,1
32.07,9.20448131707816,0,539950.288433413,62260.9703213904,17803.1593399092,-539950.288433413,679.53201875052,0.378149579477065,27705.8258704294,945.825870429414,0,1
32.08,9.19460414303738,0,539929.362352763,62325.2261594506,17739.0296786096,-539929.362352763,679.595586762797,0.378303859906196,27711.0096928482,951.009692848219,0,1
32.09,9.1847271297493,0,539908.350866408,62389.608797152,17674.7738405494,-539908.350866408,679.65914638201,0.378458134394146,27716.1933156433,956.193315643337,0,1
32.1,9.17485027694932,0,539887.255764909,62454.1188482699,17610.391202848,-539887.255764909,679.72269760012,0.378612402915687,27721.3767379671,961.37673796711,0,1
32.11,9.16497358437394,0,539866.078742163,62518.7569180077,17545.8811517301,-539866.078742163,679.786240409323,0.378766665446147,27726.5599589905,966.559958990562,0,1
32.12,9.15509705176066,0,539844.821400177,62583.5236035059,17481.2430819923,-539844.821400177,679.849774802031,0.37892092196138,27731.7429779024,971.742977902393,0,1
32.13,9.14522067884795,0,539823.485253614,62648.4194943252,17416.4763964941,-539823.485253614,679.913300770866,0.379075172437738,27736.925793908,976.925793908027,0,1
32.14,9.13534446537519,0,539802.071734103,62713.4451729081,17351.5805056748,-539802.071734103,679.976818308643,0.379229416852044,27742.1084062287,982.10840622871,0,1
32.15,9.12546841108262,0,539780.58219434,62778.6012150166,17286.5548270919,-539780.58219434,680.040327408366,0.379383655181566,27747.2908141006,987.290814100648,0,1
32.16,9.11559251571125,0,539759.01791198,62843.8881901505,17221.3987849834,-539759.01791198,680.103828063213,0.379537887403993,27752.4730167742,992.473016774189,0,1
32.17,9.10571677900287,0,539737.38009334,62909.306661945,17156.1118098495,-539737.38009334,680.167320266529,0.379692113497411,27757.655013513,997.655013513046,0,1
32.18,9.09584120069995,0,539715.669876914,62974.8571885492,17090.693338055,-539715.669876914,680.230804011814,0.379846333440284,27762.8368035935,1002.83680359356,0,1
32.19,9.08596578054563,0,539693.888336712,63040.5403229875,17025.1428114508,-539693.888336712,680.294279292719,0.380000547211427,27768.018386304,1008.01838630398,0,1
32.2,9.07609051828367,0,539672.036485438,63106.3566135024,16959.4596770125,-539672.036485438,680.357746103031,0.380154754789995,27773.1997609438,1013.19976094384,0,1
32.21,9.06621541365839,0,539650.115277499,63172.3066038823,16893.6433864976,-539650.115277499,680.421204436674,0.380308956155454,27778.3809268232,1018.38092682326,0,1
32.22,9.05634046641466,0,539628.125611879,63238.3908337734,16827.6933961177,-539628.125611879,680.484654287692,0.380463151287571,27783.5618832624,1023.56188326241,0,1
32.23,9.04646567629785,0,539606.068334855,63304.6098389765,16761.6091662266,-539606.068334855,680.548095650249,0.380617340166394,27788.7426295909,1028.74262959087,0,1
32.24,9.0365910430538,0,539583.944242585,63370.9641517302,16695.3901610235,-539583.944242585,680.61152851862,0.380771522772236,27793.9231651471,1033.92316514714,0,1
32.25,9.02671656642876,0,539561.75408357,63437.4543009807,16629.0358482698,-539561.75408357,680.674952887182,0.380925699085657,27799.1034892781,1039.10348927809,0,1
32.26,9.01684224616941,0,539539.498560985,63504.0808126387,16562.5456990193,-539539.498560985,680.738368750413,0.381079869087453,27804.2836013384,1044.28360133846,0,1
32.27,9.00696808202278,0,539517.178334899,63570.844209825,16495.9191873613,-539517.178334899,680.801776102883,0.381234032758643,27809.4635006904,1049.46350069042,0,1
32.28,8.99709407373624,0,539494.794024384,63637.7450131032,16429.155790175,-539494.794024384,680.865174939247,0.381388190080449,27814.6431867031,1054.64318670312,0,1
32.29,8.98722022105749,0,539472.34620952,63704.7837407033,16362.2549868968,-539472.34620952,680.928565254244,0.381542341034291,27819.8226587522,1059.82265875222,0,1
32.3,8.97734652373451,0,539449.835433295,63771.9609087335,16295.2162592967,-539449.835433295,680.991947042689,0.381696485601771,27825.0019162195,1065.00191621954,0,1
32.31,8.96747298151553,0,539427.262203413,63839.277031383,16228.0390912665,-539427.262203413,681.055320299468,0.381850623764662,27830.1809584926,1070.18095849266,0,1
32.32,8.95759959414904,0,539404.626994019,63906.7326211151,16160.722968617,-539404.626994019,681.118685019536,0.382004755504897,27835.3597849645,1075.35978496455,0,1
32.33,8.94772636138373,0,539381.930247324,63974.3281888514,16093.2673788849,-539381.930247324,681.182041197911,0.382158880804559,27840.5383950332,1080.53839503321,0,1
32.34,8.9378532829685,0,539359.17237516,64042.0642441478,16025.6718111486,-539359.17237516,681.24538882967,0.382312999645873,27845.7167881013,1085.71678810135,0,1
32.35,8.92798035865241,0,539336.353760452,64109.9412953621,15957.9357558522,-539336.353760452,681.308727909945,0.382467112011193,27850.8949635761,1090.89496357611,0,1
32.36,8.91810758818467,0,539313.474758623,64177.9598498142,15890.0587046379,-539313.474758623,681.37205843392,0.382621217882996,27856.0729208687,1096.0729208687,0,1
32.37,8.90823497131465,0,539290.535698916,64246.1204139391,15822.0401501858,-539290.535698916,681.435380396827,0.382775317243873,27861.2506593941,1101.25065939415,0,1
32.38,8.89836250779181,0,539267.536885667,64314.4234934325,15753.8795860609,-539267.536885667,681.498693793943,0.382929410076518,27866.428178571,1106.42817857104,0,1
32.39,8.88849019736572,0,539244.478599503,64382.8695933908,15685.5765065675,-539244.478599503,681.561998620585,0.383083496363727,27871.6054778212,1111.60547782124,0,1
32.4,8.87861803978604,0,539221.361098478,64451.4592184437,15617.1304066092,-539221.361098478,681.625294872112,0.383237576088381,27876.7825565696,1116.78255656964,0,1
32.41,8.86874603480249,0,539198.184619167,64520.1928728816,15548.5407815563,-539198.184619167,681.688582543915,0.383391649233451,27881.9594142439,1121.95941424397,0,1
32.42,8.85887418216484,0,539174.949377686,64589.0710607773,15479.8071271184,-539174.949377686,681.751861631421,0.383545715781979,27887.1360502745,1127.13605027452,0,1
32.43,8.84900248162291,0,539151.65557068,64658.0942861024,15410.9289392227,-539151.65557068,681.815132130085,0.383699775717082,27892.3124640939,1132.31246409397,0,1
32.44,8.83913093292654,0,539128.303376245,64727.2630528378,15341.9057138976,-539128.303376245,681.878394035392,0.383853829021938,27897.4886551371,1137.48865513715,0,1
32.45,8.82925953582557,0,539104.892954816,64796.5778650806,15272.7369471622,-539104.892954816,681.941647342851,0.384007875679788,27902.6646228409,1142.66462284091,0,1
32.46,8.81938829006986,0,539081.424450005,64866.0392271456,15203.4221349194,-539081.424450005,682.004892047995,0.384161915673923,27907.8403666438,1147.84036664385,0,1
32.47,8.80951719540925,0,539057.897989399,64935.6476436625,15133.9607728544,-539057.897989399,682.068128146378,0.384315948987685,27913.0158859862,1153.01588598624,0,1
32.48,8.79964625159355,0,539034.313685315,65005.4036196693,15064.3523563375,-539034.313685315,682.131355633573,0.384469975604457,27918.1911803098,1158.19118030978,0,1
32.49,8.78977545837253,0,539010.671635523,65075.3076607012,14994.5963803307,-539010.671635523,682.194574505171,0.384623995507663,27923.3662490575,1163.36624905749,0,1
32.5,8.77990481549593,0,538986.971923928,65145.3602728763,14924.6923392988,-538986.971923928,682.257784756777,0.384778008680759,27928.5410916735,1168.54109167353,0,1
32.51,8.77003432271342,0,538963.21462122,65215.5619629775,14854.6397271237,-538963.21462122,682.320986384012,0.384932015107234,27933.715707603,1173.71570760307,0,1
32.52,8.76016397977463,0,538939.399785488,65285.913238531,14784.4380370225,-538939.399785488,682.384179382506,0.385086014770599,27938.8900962921,1178.89009629216,0,1
32.53,8.75029378642907,0,538915.527462812,65356.4146078812,14714.086761469,-538915.527462812,682.4473637479,0.385240007654391,27944.0642571876,1184.06425718757,0,1
32.54,8.74042374242621,0,538891.597687814,65427.0665802637,14643.5853921188,-538891.597687814,682.510539475847,0.385393993742164,27949.2381897367,1189.23818973673,0,1
32.55,8.73055384751542,0,538867.610484191,65497.8696658739,14572.9334197363,-538867.610484191,682.573706562003,0.385547973017485,27954.4118933875,1194.41189338752,0,1
32.56,8.72068410144594,0,538843.565865215,65568.824375934,14502.1303341261,-538843.565865215,682.636865002033,0.385701945463935,27959.5853675882,1199.58536758824,0,1
32.57,8.71081450396693,0,538819.463834211,65639.9312227567,14431.175624066,-538819.463834211,682.700014791605,0.385855911065102,27964.7586117874,1204.75861178747,0,1
32.58,8.70094505482744,0,538795.304385009,65711.1907198069,14360.0687772433,-538795.304385009,682.763155926391,0.386009869804581,27969.9316254339,1209.93162543394,0,1
32.59,8.69107575377637,0,538771.087502377,65782.6033817608,14288.8092801931,-538771.087502377,682.826288402066,0.386163821665967,27975.1044079765,1215.1044079765,0,1
32.6,8.68120660056252,0,538746.813162427,65854.1697245624,14217.3966182392,-538746.813162427,682.889412214305,0.386317766632855,27980.2769588639,1220.27695886395,0,1
32.61,8.67133759493453,0,538722.481333007,65925.8902654787,14145.8302754376,-538722.481333007,682.952527358783,0.386471704688839,27985.449277545,1225.44927754501,0,1
32.62,8.66146873664091,0,538698.091974066,65997.7655231521,14074.1097345213,-538698.091974066,683.015633831176,0.386625635817505,27990.6213634682,1230.6213634682,0,1
32.63,8.65160002543001,0,538673.645038007,66069.7960176513,14002.2344768479,-538673.645038007,683.078731627155,0.386779560002433,27995.7932160818,1235.79321608178,0,1
32.64,8.64173146105004,0,538649.140470017,66141.9822705203,13930.2039823487,-538649.140470017,683.14182074239,0.386933477227191,28000.9648348336,1240.96483483366,0,1
32.65,8.63186304324905,0,538624.578208386,66214.3248048258,13858.0177294797,-538624.578208386,683.204901172546,0.387087387475336,28006.1362191713,1246.13621917131,0,1
32.66,8.6219947717749,0,538599.958184804,66286.8241452022,13785.6751951742,-538599.958184804,683.267972913284,0.387241290730408,28011.3073685417,1251.30736854175,0,1
32.67,8.61212664637529,0,538575.280324651,66359.4808178966,13713.1758547978,-538575.280324651,683.331035960261,0.387395186975934,28016.4782823914,1256.47828239141,0,1
32.68,8.60225866679777,0,538550.544547258,66432.2953508106,13640.5191821034,-538550.544547258,683.394090309123,0.387549076195419,28021.6489601661,1261.64896016609,0,1
32.69,8.59239083278966,0,538525.750766174,66505.2682735417,13567.7046491894,-538525.750766174,683.457135955515,0.387702958372349,28026.8194013109,1266.81940131094,0,1
32.7,8.58252314409813,0,538500.898889403,66578.4001174234,13494.7317264583,-538500.898889403,683.520172895069,0.387856833490188,28031.9896052703,1271.98960527033,0,1
32.71,8.57265560047015,0,538475.98881964,66651.6914155636,13421.5998825766,-538475.98881964,683.583201123411,0.388010701532375,28037.1595714878,1277.15957148783,0,1
32.72,8.56278820165248,0,538451.020454485,66725.142702882,13348.3085844364,-538451.020454485,683.646220636158,0.388164562482326,28042.3292994061,1282.32929940618,0,1
32.73,8.55292094739169,0,538425.993686657,66798.7545161463,13274.857297118,-538425.993686657,683.709231428916,0.388318416323427,28047.4987884672,1287.49878846718,0,1
32.74,8.54305383743415,0,538400.908404191,66872.527394008,13201.2454838537,-538400.908404191,683.772233497282,0.388472263039038,28052.6680381117,1292.6680381117,0,1
32.75,8.53318687152602,0,538375.764490622,66946.4618770357,13127.472605992,-538375.764490622,683.83522683684,0.388626102612486,28057.8370477795,1297.83704777957,0,1
32.76,8.52332004941323,0,538350.561825168,67020.558507749,13053.5381229643,-538350.561825168,683.898211443165,0.388779935027071,28063.0058169096,1303.00581690961,0,1
32.77,8.51345337084152,0,538325.300282897,67094.8178306506,12979.441492251,-538325.300282897,683.961187311818,0.388933760266056,28068.1743449395,1308.1743449395,0,1
32.78,8.50358683555638,0,538299.979734886,67169.2403922582,12905.1821693494,-538299.979734886,684.024154438348,0.389087578312672,28073.3426313058,1313.34263130582,0,1
32.79,8.49372044330311,0,538274.600048376,67243.8267411343,12830.7596077418,-538274.600048376,684.087112818291,0.389241389150116,28078.5106754439,1318.51067544394,0,1
32.8,8.48385419382674,0,538249.161086916,67318.5774279171,12756.1732588657,-538249.161086916,684.15006244717,0.389395192761547,28083.678476788,1323.67847678802,0,1
32.81,8.47398808687211,0,538223.662710499,67393.4930053492,12681.4225720829,-538223.662710499,684.213003320493,0.389548989130088,28088.846034771,1328.84603477098,0,1
32.82,8.4641221221838,0,538198.104775693,67468.5740283059,12606.5069946508,-538198.104775693,684.275935433755,0.389702778238822,28094.0133488244,1334.01334882443,0,1
32.83,8.45425629950615,0,538172.487135762,67543.8210538237,12531.4259716941,-538172.487135762,684.338858782434,0.389856560070793,28099.1804183786,1339.18041837866,0,1
32.84,8.44439061858328,0,538146.809640786,67619.2346411269,12456.1789461763,-538146.809640786,684.401773361994,0.390010334609005,28104.3472428626,1344.34724286259,0,1
32.85,8.43452507915904,0,538121.072137771,67694.8153516548,12380.7653588731,-538121.072137771,684.464679167885,0.390164101836421,28109.5138217037,1349.51382170377,0,1
32.86,8.42465968097705,0,538095.274470751,67770.5637490875,12305.1846483452,-538095.274470751,684.527576195538,0.39031786173596,28114.6801543283,1354.6801543283,0,1
32.87,8.41479442378067,0,538069.416480891,67846.4803993717,12229.4362509125,-538069.416480891,684.590464440369,0.3904716142905,28119.8462401608,1359.84624016083,0,1
32.88,8.404929307313,0,538043.498006582,67922.5658707459,12153.5196006283,-538043.498006582,684.653343897778,0.390625359482873,28125.0120786245,1365.01207862456,0,1
32.89,8.3950643313169,0,538017.518883527,67998.8207337649,12077.4341292541,-538017.518883527,684.716214563147,0.390779097295866,28130.1776691411,1370.17766914112,0,1
32.9,8.38519949553496,0,537991.478944827,68075.2455613244,12001.1792662351,-537991.478944827,684.77907643184,0.390932827712221,28135.3430111306,1375.34301113066,0,1
32.91,8.3753347997095,0,537965.378021062,68151.8409286843,11924.7544386757,-537965.378021062,684.841929499206,0.391086550714634,28140.5081040117,1380.50810401174,0,1
32.92,8.36547024358259,0,537939.215940367,68228.6074134932,11848.1590713157,-537939.215940367,684.904773760573,0.391240266285752,28145.6729472013,1385.67294720131,0,1
32.93,8.35560582689602,0,537912.992528503,68305.5455958104,11771.3925865068,-537912.992528503,684.967609211252,0.391393974408176,28150.8375401147,1390.83754011475,0,1
32.94,8.34574154939131,0,537886.707608924,68382.6560581299,11694.4544041896,-537886.707608924,685.030435846536,0.391547675064456,28156.0018821657,1396.00188216576,0,1
32.95,8.3358774108097,0,537860.361002845,68459.9393854018,11617.3439418701,-537860.361002845,685.093253661699,0.391701368237095,28161.1659727664,1401.16597276641,0,1
32.96,8.32601341089218,0,537833.952529299,68537.3961650554,11540.0606145982,-537833.952529299,685.156062651995,0.391855053908543,28166.329811327,1406.32981132707,0,1
32.97,8.31614954937943,0,537807.482005197,68615.026987021,11462.6038349446,-537807.482005197,685.218862812659,0.392008732061202,28171.4933972564,1411.49339725641,0,1
32.98,8.30628582601186,0,537780.94924538,68692.8324437512,11384.973012979,-537780.94924538,685.281654138906,0.392162402677421,28176.6567299613,1416.65672996136,0,1
32.99,8.29642224052959,0,537754.354062674,68770.813130243,11307.1675562488,-537754.354062674,685.344436625934,0.392316065739497,28181.8198088471,1421.81980884713,0,1
33,8.28655879267247,0,537727.696267936,68848.9696440588,11229.186869757,-537727.696267936,685.407210268916,0.392469721229676,28186.9826333171,1426.98263331713,0,1
33.01,8.27669548218005,0,537700.975670099,68927.3025853474,11151.0303559412,-537700.975670099,685.46997506301,0.392623369130148,28192.145202773,1432.14520277301,0,1
33.02,8.26683230879157,0,537674.192076219,69005.8125568653,11072.6974146526,-537674.192076219,685.532731003349,0.392777009423052,28197.3075166146,1437.3075166146,0,1
33.03,8.25696927224601,0,537647.345291511,69084.5001639969,10994.1874431347,-537647.345291511,685.595478085047,0.392930642090472,28202.4695742399,1442.4695742399,0,1
33.04,8.24710637228203,0,537620.435119393,69163.3660147758,10915.4998360031,-537620.435119393,685.658216303199,0.393084267114436,28207.631375045,1447.63137504508,0,1
33.05,8.23724360863799,0,537593.461361517,69242.4107199047,10836.6339852242,-537593.461361517,685.720945652875,0.393237884476917,28212.7929184244,1452.79291842445,0,1
33.06,8.22738098105196,0,537566.423817807,69321.6348927759,10757.5892800953,-537566.423817807,685.783666129127,0.393391494159833,28217.9542037704,1457.95420377042,0,1
33.07,8.2175184892617,0,537539.322286489,69401.0391494915,10678.3651072241,-537539.322286489,685.846377726984,0.393545096145044,28223.1152304735,1463.11523047353,0,1
33.08,8.20765613300466,0,537512.156564123,69480.6241088838,10598.9608505085,-537512.156564123,685.909080441453,0.393698690414356,28228.2759979224,1468.27599792239,0,1
33.09,8.19779391201799,0,537484.926445629,69560.3903925351,10519.3758911162,-537484.926445629,685.971774267519,0.393852276949514,28233.4365055037,1473.43650550369,0,1
33.1,8.18793182603851,0,537457.631724316,69640.3386247974,10439.6096074649,-537457.631724316,686.034459200145,0.394005855732206,28238.5967526021,1478.59675260217,0,1
33.11,8.17806987480276,0,537430.272191906,69720.469432813,10359.6613752026,-537430.272191906,686.097135234273,0.394159426744065,28243.7567386006,1483.75673860062,0,1
33.12,8.16820805804692,0,537402.84763856,69800.7834465334,10279.530567187,-537402.84763856,686.159802364821,0.394312989966661,28248.9164628798,1488.91646287984,0,1
33.13,8.15834637550689,0,537375.357852894,69881.2812987401,10199.2165534666,-537375.357852894,686.222460586684,0.394466545381506,28254.0759248186,1494.07592481863,0,1
33.14,8.14848482691824,0,537347.802622006,69961.9636250633,10118.7187012599,-537347.802622006,686.285109894736,0.394620092970053,28259.2351237938,1499.23512379382,0,1
33.15,8.13862341201619,0,537320.181731493,70042.8310640025,10038.0363749367,-537320.181731493,686.347750283826,0.394773632713695,28264.3940591801,1504.39405918018,0,1
33.16,8.12876213053567,0,537292.494965466,70123.8842569455,9957.1689359975,-537292.494965466,686.410381748781,0.394927164593763,28269.5527303504,1509.55273035046,0,1
33.17,8.11890098221127,0,537264.742106574,70205.1238481887,9876.11574305446,-537264.742106574,686.473004284404,0.395080688591528,28274.7111366753,1514.71113667535,0,1
33.18,8.10903996677723,0,537236.922936011,70286.5504849558,9794.87615181135,-537236.922936011,686.535617885475,0.395234204688198,28279.8692775235,1519.8692775235,0,1
33.19,8.09917908396749,0,537209.037233535,70368.1648174186,9713.44951504419,-537209.037233535,686.59822254675,0.395387712864923,28285.0271522614,1525.02715226145,0,1
33.2,8.08931833351564,0,537181.084777483,70449.9674987159,9631.83518258138,-537181.084777483,686.660818262962,0.395541213102786,28290.1847602536,1530.18476025365,0,1
33.21,8.07945771515493,0,537153.06534478,70531.9591849731,9550.03250128415,-537153.06534478,686.723405028818,0.39569470538281,28295.3421008624,1535.34210086246,0,1
33.22,8.06959722861828,0,537124.978710951,70614.1405353226,9468.04081502686,-537124.978710951,686.785982839003,0.395848189685955,28300.4991734481,1540.49917344812,0,1
33.23,8.05973687363825,0,537096.824650134,70696.5122119226,9385.8594646774,-537096.824650134,686.848551688176,0.396001665993115,28305.6559773687,1545.6559773687,0,1
33.24,8.04987664994708,0,537068.602935088,70779.0748799776,9303.48778807736,-537068.602935088,686.911111570972,0.396155134285123,28310.8125119801,1550.81251198017,0,1
33.25,8.04001655727664,0,537040.313337199,70861.8292077575,9220.92512002241,-537040.313337199,686.973662482004,0.396308594542746,28315.9687766363,1555.9687766363,0,1
33.26,8.03015659535848,0,537011.955626494,70944.775866618,9138.17079224248,-537011.955626494,687.036204415855,0.396462046746687,28321.1247706887,1561.12477068871,0,1
33.27,8.02029676392376,0,536983.529571645,71027.9155310201,9055.224133382,-536983.529571645,687.098737367088,0.396615490877583,28326.2804934868,1566.28049348682,0,1
33.28,8.01043706270333,0,536955.034939973,71111.2488785501,8972.08446897991,-536955.034939973,687.161261330238,0.396768926916006,28331.4359443778,1571.43594437785,0,1
33.29,8.00057749142765,0,536926.471497459,71194.7765899395,8888.75112144994,-536926.471497459,687.223776299816,0.396922354842463,28336.5911227068,1576.5911227068,0,1
33.3,7.99071804982683,0,536897.839008745,71278.4993490851,8805.22341006053,-536897.839008745,687.286282270307,0.397075774637393,28341.7460278164,1581.74602781645,0,1
33.31,7.98085873763064,0,536869.137237144,71362.4178430693,8721.50065091485,-536869.137237144,687.348779236171,0.39722918628117,28346.9006590473,1586.90065904735,0,1
33.32,7.97099955456847,0,536840.365944635,71446.5327621796,8637.5821569307,-536840.365944635,687.411267191843,0.3973825897541,28352.0550157377,1592.05501573778,0,1
33.33,7.96114050036933,0,536811.524891877,71530.8447999295,8553.4672378204,-536811.524891877,687.473746131731,0.39753598503642,28357.2090972237,1597.20909722376,0,1
33.34,7.95128157476189,0,536782.613838204,71615.3546530786,8469.15520007048,-536782.613838204,687.536216050216,0.397689372108304,28362.362902839,1602.36290283904,0,1
33.35,7.94142277747444,0,536753.63254163,71700.0630216526,8384.64534692143,-536753.63254163,687.598676941657,0.397842750949851,28367.516431915,1607.51643191505,0,1
33.36,7.93156410823489,0,536724.580758851,71784.9706089645,8299.93697834741,-536724.580758851,687.661128800382,0.397996121541099,28372.6696837809,1612.66968378096,0,1
33.37,7.92170556677078,0,536695.458245247,71870.0781216345,8215.02939103551,-536695.458245247,687.723571620695,0.39814948386201,28377.8226577635,1617.82265776358,0,1
33.38,7.91184715280928,0,536666.264754884,71955.386269611,8129.92187836549,-536666.264754884,687.786005396875,0.398302837892482,28382.9753531874,1622.97535318742,0,1
33.39,7.90198886607717,0,536637.000040508,72040.8957661913,8044.61373038896,-536637.000040508,687.84843012317,0.398456183612339,28388.1277693746,1628.12776937464,0,1
33.4,7.89213070630085,0,536607.663853554,72126.6073280424,7959.10423380866,-536607.663853554,687.910845793806,0.398609521001339,28393.279905645,1633.27990564504,0,1
33.41,7.88227267320634,0,536578.25594414,72212.5216752217,7873.39267195764,-536578.25594414,687.973252402979,0.398762850039167,28398.431761316,1638.43176131606,0,1
33.42,7.87241476651928,0,536548.776061069,72298.6395311987,7787.47832477829,-536548.776061069,688.035649944859,0.398916170705438,28403.5833357027,1643.58333570275,0,1
33.43,7.86255698596489,0,536519.223951825,72384.9616228755,7701.36046880129,-536519.223951825,688.098038413589,0.399069482979695,28408.7346281177,1648.73462811778,0,1
33.44,7.85269933126802,0,536489.599362574,72471.4886806085,7615.03837712447,-536489.599362574,688.160417803283,0.39922278684141,28413.8856378714,1653.8856378714,0,1
33.45,7.84284180215314,0,536459.902038162,72558.2214382294,7528.51131939153,-536459.902038162,688.22278810803,0.399376082269983,28419.0363642714,1659.03636427147,0,1
33.46,7.8329843983443,0,536430.131722114,72645.1606330673,7441.7785617706,-536430.131722114,688.285149321889,0.399529369244742,28424.1868066233,1664.18680662337,0,1
33.47,7.82312711956515,0,536400.288156626,72732.3070059695,7354.83936693275,-536400.288156626,688.347501438894,0.399682647744942,28429.3369642301,1669.3369642301,0,1
33.48,7.81326996553895,0,536370.371082572,72819.6613013242,7267.6929940305,-536370.371082572,688.409844453047,0.399835917749765,28434.4868363921,1674.48683639215,0,1
33.49,7.80341293598854,0,536340.380239491,72907.2242670815,7180.33869867581,-536340.380239491,688.472178358326,0.399989179238319,28439.6364224075,1679.63642240757,0,1
33.5,7.79355603063637,0,536310.315365591,72994.996654776,7092.7757329185,-536310.315365591,688.534503148679,0.400142432189639,28444.7857215719,1684.78572157191,0,1
33.51,7.78369924920448,0,536280.176197741,73082.9792195487,7005.00334522399,-536280.176197741,688.596818818025,0.400295676582685,28449.9347331782,1689.93473317826,0,1
33.52,7.77384259141447,0,536249.96247147,73171.1727201692,6917.0207804513,-536249.96247147,688.659125360256,0.400448912396343,28455.0834565171,1695.08345651716,0,1
33.53,7.76398605698755,0,536219.673920964,73259.5779190583,6828.8272798308,-536219.673920964,688.721422769233,0.400602139609424,28460.2318908766,1700.23189087667,0,1
33.54,7.75412964564452,0,536189.310279056,73348.1955823103,6740.42208094175,-536189.310279056,688.783711038792,0.400755358200662,28465.3800355422,1705.38003554228,0,1
33.55,7.74427335710573,0,536158.871277228,73437.026479716,6651.80441768969,-536158.871277228,688.845990162737,0.400908568148718,28470.5278897969,1710.52788979696,0,1
33.56,7.73441719109112,0,536128.356645604,73526.0713847852,6562.97352028404,-536128.356645604,688.908260134844,0.401061769432175,28475.6754529211,1715.67545292112,0,1
33.57,7.72456114732022,0,536097.766112943,73615.3310747698,6473.92861521484,-536097.766112943,688.970520948859,0.401214962029541,28480.8227241926,1720.82272419259,0,1
33.58,7.7147052255121,0,536067.099406637,73704.8063306871,6384.6689252302,-536067.099406637,689.0327725985,0.401368145919244,28485.9697028866,1725.96970288662,0,1
33.59,7.70484942538543,0,536036.356252705,73794.4979373426,6295.19366931292,-536036.356252705,689.095015077454,0.401521321079638,28491.1163882758,1731.11638827586,0,1
33.6,7.69499374665843,0,536005.536375785,73884.4066833541,6205.50206265735,-536005.536375785,689.15724837938,0.401674487488998,28496.2627796303,1736.26277963036,0,1
33.61,7.68513818904887,0,535974.639499133,73974.5333611746,6115.59331664586,-535974.639499133,689.219472497906,0.401827645125521,28501.4088762175,1741.40887621752,0,1
33.62,7.67528275227412,0,535943.665344613,74064.8787671164,6025.46663882538,-535943.665344613,689.281687426629,0.401980793967325,28506.5546773021,1746.55467730214,0,1
33.63,7.66542743605105,0,535912.613632693,74155.4437013749,5935.1212328836,-535912.613632693,689.34389315912,0.40213393399245,28511.7001821463,1751.70018214634,0,1
33.64,7.65557224009615,0,535881.484082437,74246.2289680526,5844.55629862515,-535881.484082437,689.406089688914,0.402287065178856,28516.8453900096,1756.84539000959,0,1
33.65,7.6457171641254,0,535850.276411502,74337.2353751835,5753.77103194741,-535850.276411502,689.468277009521,0.402440187504424,28521.9903001486,1761.99030014868,0,1
33.66,7.63586220785438,0,535818.990336128,74428.4637347573,5662.7646248165,-535818.990336128,689.530455114417,0.402593300946955,28527.1349118177,1767.13491181771,0,1
33.67,7.62600737099818,0,535787.625571133,74519.9148627439,5571.53626524268,-535787.625571133,689.592623997048,0.402746405484168,28532.2792242681,1772.27922426808,0,1
33.68,7.61615265327145,0,535756.181829908,74611.5895791184,5480.08513725606,-535756.181829908,689.654783650831,0.402899501093704,28537.4232367484,1777.42323674847,0,1
33.69,7.60629805438838,0,535724.658824405,74703.4887078855,5388.4104208816,-535724.658824405,689.716934069149,0.403052587753119,28542.5669485048,1782.56694850483,0,1
33.7,7.59644357406269,0,535693.056265135,74795.6130771052,5296.51129211446,-535693.056265135,689.779075245356,0.403205665439891,28547.7103587803,1787.71035878035,0,1
33.71,7.58658921200764,0,535661.373861158,74887.9635189173,5204.38692289482,-535661.373861158,689.841207172775,0.403358734131413,28552.8534668155,1792.85346681549,0,1
33.72,7.57673496793602,0,535629.611320077,74980.5408695674,5112.03648108273,-535629.611320077,689.903329844695,0.403511793804997,28557.9962718479,1797.99627184792,0,1
33.73,7.56688084156014,0,535597.768348029,75073.3459694324,5019.45913043257,-535597.768348029,689.965443254377,0.403664844437872,28563.1387731125,1803.13877311253,0,1
33.74,7.55702683259186,0,535536.641548996,75162.2810234944,4926.65403056763,-535536.641548996,690.027547395046,0.403817886007184,28568.2809698414,1808.2809698414,0,1
33.75,7.54717342256039,0,535443.013106927,75246.8787240711,4837.71897650561,-535443.013106927,690.0896422599,0.403970918489993,28573.4228612638,1813.42286126381,0,1
33.76,7.53732066620396,0,535318.506740524,75327.3506062414,4753.1212759289,-535318.506740524,690.151726149539,0.404123937691407,28578.5643064313,1818.56430643131,0,1
33.77,7.52746853845833,0,535164.665114131,75403.8978883965,4672.64939375856,-535164.665114131,690.213795486269,0.404276934784929,28583.7050087736,1823.70500877366,0,1
33.78,7.51761701547242,0,534982.98890689,75476.7120983328,4596.10211160345,-534982.98890689,690.275846601305,0.404429900716336,28588.8446640689,1828.84466406893,0,1
33.79,7.50776607453473,0,534774.875526751,75545.9754369664,4523.28790166724,-534774.875526751,690.337876010651,0.404582826883744,28593.9829832938,1833.98298329383,0,1
33.8,7.49791569403053,0,534541.646237995,75611.861089906,4454.02456303364,-534541.646237995,690.399880407882,0.404735705120033,28599.1196920331,1839.11969203313,0,1
33.81,7.48806585340527,0,534284.556187401,75674.5337763454,4388.13891009401,-534284.556187401,690.461856655654,0.404888527672095,28604.2545297824,1844.25452978241,0,1
33.82,7.47821653309997,0,534004.797849846,75734.1501826288,4325.46622365458,-534004.797849846,690.523801775228,0.405041287175204,28609.3872490868,1849.38724908688,0,1
33.83,7.46836771450029,0,533703.504157288,75790.8593539879,4265.84981737117,-533703.504157288,690.585712938161,0.405193976632693,28614.5176148585,1854.51761485853,0,1
33.84,7.45851937989044,0,533381.751471945,75844.803067183,4209.14064601209,-533381.751471945,690.647587458779,0.405346589397556,28619.6454037579,1859.6454037579,0,1
33.85,7.44867151240935,0,533040.562408954,75896.1161849648,4155.19693281697,-533040.562408954,690.70942278703,0.405499119154985,28624.7704036075,1864.77040360754,0,1
33.86,7.43882409600902,0,532680.908518883,75944.9269932451,4103.88381503521,-532680.908518883,690.771216501703,0.405651559905789,28629.8924128345,1869.89241283456,0,1
33.87,7.42897711541484,0,532303.712836576,75991.3575218281,4055.07300675494,-532303.712836576,690.832966303978,0.405803905950629,28635.0112399411,1875.01123994119,0,1
33.88,7.41913055608789,0,531909.852302815,76035.5238495019,4008.64247817191,-531909.852302815,690.894670011303,0.405956151875048,28640.1267030016,1880.12670300164,0,1
33.89,7.40928440418905,0,531500.160065136,76077.5363942507,3964.4761504981,-531500.160065136,690.956325551576,0.406108292535241,28645.2386291841,1885.23862918415,0,1
33.9,7.3994386465449,0,531075.42766384,76117.5001893148,3922.46360574932,-531075.42766384,691.017930957617,0.406260323044547,28650.3468542968,1890.34685429682,0,1
33.91,7.38959327061521,0,530636.407108906,76155.5151457881,3882.49981068521,-530636.407108906,691.079484361919,0.4064122387606,28655.4512223561,1895.45122235618,0,1
33.92,7.37974826446211,0,530183.812853276,76191.6763024092,3844.48485421191,-530183.812853276,691.140983991656,0.406564035273132,28660.5515851772,1900.55158517728,0,1
33.93,7.36990361672068,0,529718.323667662,76226.0740631711,3808.32369759081,-529718.323667662,691.202428163947,0.406715708392386,28665.6478019842,1905.64780198419,0,1
33.94,7.36005931657105,0,529240.584421797,76258.7944233436,3773.92593682888,-529240.584421797,691.263815281353,0.406867254138094,28670.73973904,1910.73973904001,0,1
33.95,7.35021535371176,0,528751.207776799,76289.9191844728,3741.2055766564,-528751.207776799,691.325143827602,0.407018668729026,28675.8272692953,1915.82726929531,0,1
33.96,7.34037171833453,0,528250.77579308,76319.5261588963,3710.08081552718,-528250.77579308,691.386412363522,0.407169948573039,28680.9102720541,1920.91027205414,0,1
33.97,7.33052840110019,0,527739.841458015,76347.6893642845,3680.47384110368,-527739.841458015,691.447619523184,0.407321090257639,28685.9886326567,1925.98863265669,0,1
33.98,7.3206853931158,0,527218.930137372,76374.4792086948,3652.31063571546,-527218.930137372,691.508764010235,0.407472090541006,28691.0622421778,1931.06224217783,0,1
33.99,7.31084268591291,0,526688.540954316,76399.9626666011,3625.52079130519,-526688.540954316,691.569844594415,0.40762294634347,28696.1309971406,1936.13099714063,0,1
34,7.30100027142682,0,526149.14809958,76424.2034463394,3600.03733339887,-526149.14809958,691.630860108245,0.407773654739412,28701.1947992443,1941.19479924429,0,1
34.01,7.29115814197693,0,525601.202076268,76447.2621493868,3575.79655366062,-525601.202076268,691.691809443887,0.407924212949568,28706.2535551055,1946.25355510553,0,1
34.02,7.281316290248,0,525045.13088252,76469.196421874,3552.73785061318,-525045.13088252,691.752691550154,0.408074618333719,28711.307176013,1951.30717601299,0,1
34.03,7.27147470927229,0,524481.341135163,76490.0610987077,3530.80357812604,-524481.341135163,691.813505429676,0.408224868383744,28716.3555776938,1956.35557769383,0,1
34.04,7.2616333924127,0,523910.219137275,76509.908340666,3509.93890129229,-523910.219137275,691.874250136203,0.408374960717024,28721.398680092,1961.39868009204,0,1
34.05,7.25179233334656,0,523332.131892476,76528.7877648068,3490.09165933404,-523332.131892476,691.934924772044,0.408524893070169,28726.4364071577,1966.43640715772,0,1
34.06,7.24195152605035,0,522747.42806859,76546.7465685176,3471.2122351932,-522747.42806859,691.995528485637,0.408674663293065,28731.468686647,1971.46868664703,0,1
34.07,7.23211096478508,0,522156.438913214,76563.8296475152,3453.2534314824,-522156.438913214,692.056060469236,0.408824269343213,28736.4954499319,1976.49544993197,0,1
34.08,7.22227064408244,0,521559.479123588,76580.0797080908,3436.17035248484,-521559.479123588,692.116519956717,0.40897370928035,28741.5166318198,1981.51663181978,0,1
34.09,7.2124305587316,0,520956.847673049,76595.5373738822,3419.92029190918,-520956.847673049,692.176906221491,0.409122981261347,28746.5321703813,1986.5321703813,0,1
34.1,7.20259070376661,0,520348.828596233,76610.2412874374,3404.46262611785,-520348.828596233,692.237218574527,0.409272083535352,28751.5420067878,1991.54200678787,0,1
34.11,7.19275107445452,0,519735.691735088,76624.2282068273,3389.75871256256,-519735.691735088,692.297456362466,0.409421014439181,28756.5460851565,1996.5460851565,0,1
34.12,7.18291166628399,0,519117.693447643,76637.533097545,3375.77179317267,-519117.693447643,692.357618965837,0.409569772392933,28761.5443524026,2001.54435240259,0,1
34.13,7.17307247495447,0,518495.077281406,76650.1892199245,3362.46690245502,-518495.077281406,692.417705797353,0.409718355895838,28766.5367581002,2006.53675810018,0,1
34.14,7.16323349636592,0,517868.074613141,76662.2282122963,3349.81078007552,-517868.074613141,692.477716300304,0.409866763522293,28771.523254349,2011.52325434906,0,1
34.15,7.15339472660909,0,517236.905256716,76673.6801700872,3337.77178770374,-517236.905256716,692.537649947021,0.410014993918111,28776.5037956485,2016.50379564856,0,1
34.16,7.14355616195612,0,516601.7780406,76684.573721063,3326.31982991283,-516601.7780406,692.59750623742,0.410163045796953,28781.4783387776,2021.47833877765,0,1
34.17,7.13371779885179,0,515962.891356539,76694.9360969022,3315.42627893695,-515962.891356539,692.657284697622,0.410310917936934,28786.446842681,2026.44684268103,0,1
34.18,7.12387963390502,0,515320.433680836,76704.7932012779,3305.06390309785,-515320.433680836,692.716984878635,0.410458609177406,28791.4092683608,2031.40926836085,0,1
34.19,7.11404166388094,0,514674.584069607,76714.1696746216,3295.20679872214,-514674.584069607,692.776606355107,0.410606118415891,28796.3655787739,2036.36557877396,0,1
34.2,7.1042038856932,0,514025.512629321,76723.0889557269,3285.83032537843,-514025.512629321,692.836148724142,0.410753444605182,28801.3157387341,2041.31573873414,0,1
34.21,7.0943662963968,0,513373.380963837,76731.57334035,3276.9110442731,-513373.380963837,692.895611604174,0.410900586750575,28806.2597148193,2046.25971481934,0,1
34.22,7.08452889318112,0,512718.342599127,76739.6440369519,3268.42665964998,-512718.342599127,692.954994633892,0.411047543907246,28811.1974752835,2051.1974752835,0,1
34.23,7.07469167336344,0,512060.543386801,76747.3212197226,3260.35596304806,-512060.543386801,693.014297471232,0.411194315177759,28816.1289899727,2056.12898997274,0,1
34.24,7.06485463438267,0,511400.121887471,76754.624079019,3252.67878027743,-511400.121887471,693.073519792403,0.411340899709697,28821.0542302458,2061.05423024584,0,1
34.25,7.0550177737934,0,510737.209734988,76761.5708693438,3245.37592098102,-510737.209734988,693.132661290975,0.411487296693409,28825.9731688986,2065.97316889858,0,1
34.26,7.04518108926029,0,510071.93198248,76768.178954984,3238.42913065619,-510071.93198248,693.191721677006,0.411633505359877,28830.8857800919,2070.88578009189,0,1
34.27,7.03534457855269,0,509404.407431125,76774.4648534239,3231.82104501603,-509404.407431125,693.250700676214,0.41177952497868,28835.7920392837,2075.79203928368,0,1
34.28,7.02550823953955,0,508734.748942494,76780.4442766412,3225.53514657612,-508734.748942494,693.309598029191,0.411925354856069,28840.6919231639,2080.69192316392,0,1
34.29,7.01567207018453,0,508063.063735307,76786.1321703891,3219.55572335876,-508063.063735307,693.368413490658,0.412070994333128,28845.5854095931,2085.58540959311,0,1
34.3,7.00583606854141,0,507389.453667369,76791.5427515625,3213.86782961087,-507389.453667369,693.42714682875,0.412216442784038,28850.4724775437,2090.4724775437,0,1
34.31,6.99600023274969,0,506714.015503421,76796.6895437422,3208.45724843749,-506714.015503421,693.48579782435,0.412361699614421,28855.3531070445,2095.35310704456,0,1
34.32,6.9861645610304,0,506036.841169625,76801.585411006,3203.31045625778,-506036.841169625,693.544366270441,0.412506764259764,28860.2272791281,2100.22727912809,0,1
34.33,6.97632905168215,0,505358.017995332,76806.2425900902,3198.41458899398,-505358.017995332,693.602851971502,0.412651636183931,28865.0949757801,2105.09497578011,0,1
34.34,6.9664937030773,0,504677.628942779,76810.6727209833,3193.7574099098,-504677.628942779,693.66125474293,0.412796314877742,28869.9561798921,2109.95617989214,0,1
34.35,6.95665851365842,0,503995.752825315,76814.8868760277,3189.32727901665,-503995.752825315,693.719574410488,0.412940799857622,28874.8108752161,2114.81087521613,0,1
34.36,6.94682348193483,0,503312.46451473,76818.8955876017,3185.11312397229,-503312.46451473,693.777810809789,0.413085090664328,28879.6590463214,2119.65904632143,0,1
34.37,6.93698860647934,0,502627.835138223,76822.7088744521,3181.10441239832,-502627.835138223,693.835963785796,0.413229186861723,28884.5006785539,2124.50067855392,0,1
34.38,6.9271538859252,0,501941.93226554,76826.3362667425,3177.29112554788,-501941.93226554,693.894033192354,0.413373088035629,28889.3357579971,2129.33575799715,0,1
34.39,6.9173193189631,0,501254.82008676,76829.7868298798,3173.66373325749,-501254.82008676,693.952018891742,0.413516793792722,28894.1642714355,2134.16427143549,0,1
34.4,6.90748490433838,0,500566.559581202,76833.069187179,3170.21317012019,-500566.559581202,694.009920754247,0.413660303759494,28898.986206319,2138.98620631903,0,1
34.41,6.89765064084842,0,499877.208677895,76836.1915414227,3166.93081282101,-499877.208677895,694.067738657766,0.413803617581259,28903.8015507303,2143.80155073032,0,1
34.42,6.88781652734001,0,499186.822408035,76839.1616953692,3163.80845857729,-499186.822408035,694.125472487416,0.413946734921211,28908.6102933527,2148.61029335272,0,1
34.43,6.87798256270702,0,498495.453049822,76841.9870712604,3160.83830463079,-498495.453049822,694.183122135175,0.414089655459534,28913.4124234403,2153.41242344037,0,1
34.44,6.86814874588806,0,497803.150266067,76844.6747293782,3158.01292873964,-497803.150266067,694.240687499534,0.414232378892546,28918.2079307896,2158.20793078958,0,1
34.45,6.85831507586433,0,497109.961234918,76847.2313856968,3155.32527062178,-497109.961234918,694.298168485171,0.414374904931898,28922.9968057118,2162.99680571178,0,1
34.46,6.84848155165752,0,496415.930774064,76849.6634286726,3152.76861430323,-496415.930774064,694.355565002635,0.4145172333038,28927.7790390077,2167.77903900769,0,1
34.47,6.83864817232783,0,495721.101458726,76851.9769352171,3150.33657132742,-495721.101458726,694.412876968053,0.4146593637483,28932.5546219429,2172.5546219429,0,1
34.48,6.82881493697211,0,495025.513733759,76854.1776858894,3148.02306478293,-495025.513733759,694.470104302848,0.414801296018587,28937.3235462245,2177.32354622454,0,1
34.49,6.81898184472208,0,494329.206020149,76856.2711793488,3145.82231411057,-494329.206020149,694.527246933471,0.414943029880334,28942.0858039792,2182.08580397926,0,1
34.5,6.80914889474262,0,493632.214816195,76858.2626461018,3143.7288206512,-493632.214816195,694.584304791148,0.415084565111076,28946.8413877322,2186.84138773218,0,1
34.51,6.79931608623012,0,492934.574793627,76860.1570615793,3141.73735389821,-492934.574793627,694.641277811636,0.415225901499612,28951.590290387,2191.590290387,0,1
34.52,6.78948341841102,0,492236.31888893,76861.959158576,3139.84293842068,-492236.31888893,694.698165934998,0.415367038845446,28956.332505207,2196.33250520702,0,1
34.53,6.77965089054027,0,491537.478390101,76863.6734390825,3138.04084142404,-491537.478390101,694.754969105381,0.415507976958248,28961.0680257971,2201.06802579714,0,1
34.54,6.76981850189997,0,490838.083019069,76865.3041855415,3136.32656091751,-490838.083019069,694.811687270812,0.415648715657345,28965.7968460868,2205.79684608682,0,1
34.55,6.75998625179807,0,490138.161010002,76866.8554715542,3134.69581445846,-490138.161010002,694.868320383003,0.415789254771242,28970.5189603137,2210.51896031376,0,1
34.56,6.75015413956706,0,489437.739183693,76868.3311720648,3133.14452844577,-489437.739183693,694.924868397159,0.415929594137158,28975.2343630085,2215.23436300852,0,1
34.57,6.74032216456282,0,488736.843018241,76869.7349730483,3131.66882793522,-488736.843018241,694.981331271805,0.416069733600591,28979.9430489798,2219.94304897986,0,1
34.58,6.73049032616345,0,488035.496716184,76871.0703807264,3130.26502695169,-488035.496716184,695.037708968619,0.416209673014904,28984.6450133008,2224.64501330079,0,1
34.59,6.7206586237682,0,487333.72326829,76872.340730333,3128.92961927359,-487333.72326829,695.094001452266,0.416349412240933,28989.3402512953,2229.34025129536,0,1
34.6,6.71082705679644,0,486631.544514156,76873.549194453,3127.65926966703,-486631.544514156,695.150208690252,0.416488951146609,28994.0287585261,2234.02875852609,0,1
34.61,6.70099562468666,0,485928.981199775,76874.6987909541,3126.45080554704,-485928.981199775,695.206330652778,0.416628289606607,28998.710530782,2238.71053078201,0,1
34.62,6.69116432689558,0,485226.05303223,76875.7923905321,3125.30120904589,-485226.05303223,695.262367312601,0.416767427502005,29003.3855640674,2243.38556406737,0,1
34.63,6.68133316289721,0,484522.778731652,76876.8327238877,3124.20760946789,-484522.778731652,695.318318644907,0.416906364719964,29008.0538545908,2248.0538545908,0,1
34.64,6.67150213218205,0,483819.176080584,76877.8223885537,3123.16727611233,-483819.176080584,695.374184627182,0.417045101153425,29012.7153987551,2252.71539875511,0,1
34.65,6.66167123425625,0,483115.261970872,76878.7638553894,3122.17761144634,-483115.261970872,695.429965239103,0.41718363670082,29017.3701931476,2257.37019314758,0,1
34.66,6.65184046864089,0,482411.05244822,76879.6594747578,3121.23614461064,-482411.05244822,695.485660462417,0.417321971265794,29022.0182345307,2262.01823453067,0,1
34.67,6.6420098348712,0,481706.562754509,76880.5114824022,3120.34052524215,-481706.562754509,695.541270280843,0.417460104756944,29026.6595198333,2266.65951983332,0,1
34.68,6.63217933249592,0,481001.807368008,76881.3220050354,3119.48851759775,-481001.807368008,695.596794679965,0.417598037087575,29031.2940461425,2271.29404614253,0,1
34.69,6.62234896107661,0,480296.800041569,76882.0930656571,3118.67799496457,-480296.800041569,695.652233647142,0.417735768175461,29035.9218106955,2275.92181069551,0,1
34.7,6.61251872018703,0,479591.55383892,76882.8265886114,3117.90693434293,-479591.55383892,695.707587171412,0.417873297942621,29040.5428108721,2280.54281087209,0,1
34.71,6.60268860941258,0,478886.081169134,76883.5244043983,3117.17341138862,-478886.081169134,695.762855243409,0.418010626315109,29045.1570441876,2285.15704418766,0,1
34.72,6.59285862834966,0,478180.393819384,76884.1882542498,3116.47559560173,-478180.393819384,695.818037855279,0.418147753222806,29049.7645082863,2289.76450828629,0,1
34.73,6.58302877660521,0,477474.502986051,76884.8197944835,3115.81174575022,-477474.502986051,695.873135000606,0.418284678599235,29054.3652009343,2294.36520093433,0,1
34.74,6.57319905379615,0,476768.419304287,76885.4206006436,3115.18020551649,-476768.419304287,695.928146674332,0.418421402381377,29058.9591200143,2298.95912001427,0,1
34.75,6.56336945954892,0,476062.152876093,76885.9921714397,3114.5793993564,-476062.152876093,695.983072872692,0.418557924509492,29063.5462635189,2303.54626351894,0,1
34.76,6.55353999349899,0,475355.713296992,76886.5359324941,3114.00782856032,-475355.713296992,696.037913593145,0.418694244926962,29068.1266295459,2308.12662954593,0,1
34.77,6.54371065529043,0,474649.109681375,76887.0532399058,3113.46406750595,-474649.109681375,696.09266883431,0.41883036358013,29072.7002162924,2312.7002162924,0,1
34.78,6.53388144457552,0,473942.350686572,76887.5453836411,3112.94676009424,-473942.350686572,696.147338595909,0.418966280418155,29077.26702205,2317.26702205003,0,1
34.79,6.5240523610143,0,473235.444535727,76888.0135907587,3112.45461635891,-473235.444535727,696.201922878704,0.419101995392866,29081.8270452003,2321.82704520032,0,1
34.8,6.51422340427423,0,472528.399039521,76888.4590284774,3111.98640924129,-472528.399039521,696.25642168445,0.419237508458633,29086.3802842101,2326.38028421009,0,1
34.81,6.50439457402982,0,471821.221616814,76888.8828070943,3111.5409715226,-471821.221616814,696.310835015837,0.419372819572236,29090.9267376271,2330.92673762716,0,1
34.82,6.49456586996227,0,471113.919314256,76889.2859827609,3111.11719290567,-471113.919314256,696.365162876445,0.419507928692747,29095.4664040763,2335.46640407632,0,1
34.83,6.48473729175915,0,470406.498824909,76889.6695601231,3110.71401723914,-470406.498824909,696.419405270697,0.419642835781412,29099.9992822554,2339.99928225547,0,1
34.84,6.47490883911413,0,469698.966505949,76890.0344948338,3110.33043987688,-469698.966505949,696.473562203811,0.419777540801545,29104.5253709319,2344.52537093194,0,1
34.85,6.46508051172661,0,468991.328395474,76890.3816959414,3109.96550516615,-468991.328395474,696.527633681763,0.419912043718422,29109.044668939,2349.044668939,0,1
34.86,6.45525230930151,0,468283.590228473,76890.7120281628,3109.61830405859,-468283.590228473,696.581619711246,0.420046344499184,29113.5571751726,2353.55717517259,0,1
34.87,6.44542423154895,0,467575.757452,76891.0263140455,3109.28797183717,-467575.757452,696.635520299629,0.420180443112741,29118.0628885881,2358.06288858812,0,1
34.88,6.43559627818403,0,466867.835239586,76891.3253360237,3108.97368595452,-466867.835239586,696.689335454925,0.420314339529687,29122.5618081975,2362.56180819751,0,1
34.89,6.42576844892658,0,466159.828504929,76891.6098383748,3108.67466397632,-466159.828504929,696.743065185754,0.420448033722213,29127.0539330664,2367.05393306638,0,1
34.9,6.41594074350092,0,465451.741914901,76891.8805290803,3108.39016162515,-465451.741914901,696.796709501311,0.420581525664026,29131.5392623113,2371.5392623113,0,1
34.91,6.40611316163564,0,464743.579901906,76892.1380815952,3108.11947091973,-464743.579901906,696.850268411338,0.420714815330275,29136.0177950973,2376.01779509727,0,1
34.92,6.39628570306342,0,464035.346675614,76892.3831365326,3107.86191840479,-464035.346675614,696.903741926091,0.420847902697478,29140.4895306353,2380.48953063529,0,1
34.93,6.38645836752078,0,463327.046234117,76892.6163032646,3107.61686346738,-463327.046234117,696.957130056314,0.420980787743452,29144.95446818,2384.95446818001,0,1
34.94,6.37663115474795,0,462618.682374516,76892.8381614464,3107.38369673536,-462618.682374516,697.010432813211,0.421113470447249,29149.4126070276,2389.41260702758,0,1
34.95,6.36680406448866,0,461910.258702989,76893.0492624648,3107.16183855364,-461910.258702989,697.063650208424,0.421245950789093,29153.8639465135,2393.86394651355,0,1
34.96,6.35697709648996,0,461201.778644345,76893.2501308175,3106.95073753521,-461201.778644345,697.116782254007,0.421378228750323,29158.3084860108,2398.30848601087,0,1
34.97,6.34715025050208,0,460493.245451111,76893.4412654241,3106.74986918247,-460493.245451111,697.169828962403,0.421510304313334,29162.746224928,2402.74622492804,0,1
34.98,6.33732352627826,0,459784.662212154,76893.6231408732,3106.55873457591,-459784.662212154,697.222790346425,0.421642177461526,29167.1771627073,2407.17716270731,0,1
34.99,6.32749692357462,0,459076.031860878,76893.7962086093,3106.37685912683,-459076.031860878,697.275666419231,0.421773848179254,29171.6012988229,2411.60129882297,0,1
35,6.31767044215002,0,458367.357183007,76893.9608980614,3106.2037913907,-458367.357183007,697.328457194309,0.421905316451778,29176.0186327797,2416.01863277975,0,1
35.01,6.30784408176588,0,457658.640823984,76894.1176177165,3106.03910193859,-457658.640823984,697.381162685458,0.422036582265217,29180.4291641113,2420.4291641113,0,1
35.02,6.29801784218613,0,456949.885295992,76894.2667561411,3105.88238228347,-456949.885295992,697.433782906768,0.422167645606509,29184.8328923787,2424.83289237871,0,1
35.03,6.28819172317704,0,456241.092984632,76894.4086829523,3105.73324385891,-456241.092984632,697.486317872606,0.422298506463367,29189.2298171691,2429.22981716915,0,1
35.04,6.2783657245071,0,455532.266155259,76894.5437497423,3105.59131704771,-455532.266155259,697.538767597597,0.422429164824241,29193.6199380945,2433.61993809452,0,1
35.05,6.26853984594696,0,454823.406959005,76894.672290957,3105.45625025773,-454823.406959005,697.591132096615,0.422559620678281,29198.0032547902,2438.00325479027,0,1
35.06,6.25871408726927,0,454114.517438502,76894.7946247329,3105.32770904296,-454114.517438502,697.643411384762,0.422689874015301,29202.3797669141,2442.37976691414,0,1
35.07,6.24888844824862,0,453405.599533317,76894.9110536913,3105.20537526715,-453405.599533317,697.695605477358,0.422819924825746,29206.7494741451,2446.74947414509,0,1
35.08,6.23906292866142,0,452696.655085108,76895.0218656962,3105.08894630866,-452696.655085108,697.747714389929,0.42294977310066,29211.1123761822,2451.1123761822,0,1
35.09,6.22923752828584,0,451987.685842539,76895.1273345731,3104.97813430376,-451987.685842539,697.79973813819,0.423079418831656,29215.4684727436,2455.46847274366,0,1
35.1,6.2194122469017,0,451278.693465929,76895.2277207938,3104.87266542691,-451278.693465929,697.851676738042,0.423208862010887,29219.8177635658,2459.81776356583,0,1
35.11,6.20958708429041,0,450569.679531682,76895.3232721278,3104.7722792062,-450569.679531682,697.903530205551,0.423338102631019,29224.1602484023,2464.16024840228,0,1
35.12,6.19976204023486,0,449860.645536492,76895.4142242618,3104.67672787217,-449860.645536492,697.955298556946,0.423467140685206,29228.4959270229,2468.49592702296,0,1
35.13,6.1899371145194,0,449151.592901334,76895.5008013885,3104.58577573822,-449151.592901334,698.006981808603,0.423595976167063,29232.8247992133,2472.82479921335,0,1
35.14,6.18011230692972,0,448442.522975258,76895.5832167676,3104.49919861152,-448442.522975258,698.058579977039,0.423724609070644,29237.1468647737,2477.14686477368,0,1
35.15,6.17028761725281,0,447733.437038992,76895.6616732587,3104.41678323243,-447733.437038992,698.110093078904,0.423853039390421,29241.4621235182,2481.46212351818,0,1
35.16,6.16046304527689,0,447024.336308368,76895.7363638287,3104.33832674129,-447024.336308368,698.161521130967,0.423981267121261,29245.7705752744,2485.77057527439,0,1
35.17,6.15063859079135,0,446315.221937572,76895.8074720341,3104.26363617126,-446315.221937572,698.212864150115,0.424109292258406,29250.0722198824,2490.07221988246,0,1
35.18,6.1408142535867,0,445606.095022233,76895.8751724797,3104.19252796592,-445606.095022233,698.26412215334,0.424237114797455,29254.3670571945,2494.36705719452,0,1
35.19,6.13099003345451,0,444896.956602356,76895.9396312556,3104.12482752031,-444896.956602356,698.315295157735,0.424364734734348,29258.6550870741,2498.6550870741,0,1
35.2,6.12116593018737,0,444187.807665111,76896.001006352,3104.06036874444,-444187.807665111,698.366383180485,0.424492152065342,29262.9363093955,2502.93630939551,0,1
35.21,6.11134194357882,0,443478.649147483,76896.0594480547,3103.99899364797,-443478.649147483,698.41738623886,0.424619366787002,29267.2107240433,2507.21072404331,0,1
35.22,6.10151807342331,0,442769.481938781,76896.1150993203,3103.94055194528,-442769.481938781,698.468304350214,0.424746378896184,29271.4783309118,2511.47833091179,0,1
35.23,6.09169431951617,0,442060.306883035,76896.1680961339,3103.88490067972,-442060.306883035,698.51913753197,0.424873188390014,29275.7391299045,2515.73912990449,0,1
35.24,6.08187068165356,0,441351.124781258,76896.218567849,3103.83190386614,-441351.124781258,698.569885801625,0.424999795265883,29279.9931209337,2519.99312093371,0,1
35.25,6.07204715963242,0,440641.936393609,76896.266637511,3103.78143215102,-440641.936393609,698.620549176733,0.425126199521429,29284.24030392,2524.24030392005,0,1
35.26,6.06222375325044,0,439932.742441433,76896.3124221648,3103.733362489,-439932.742441433,698.671127674912,0.425252401154524,29288.480678792,2528.48067879204,0,1
35.27,6.05240046230604,0,439223.543609216,76896.3560331473,3103.6875778352,-439223.543609216,698.72162131383,0.425378400163263,29292.7142454857,2532.71424548568,0,1
35.28,6.04257728659831,0,438514.340546424,76896.3975763659,3103.64396685269,-438514.340546424,698.772030111205,0.425504196545954,29296.9410039441,2536.94100394409,0,1
35.29,6.03275422592698,0,437805.133869263,76896.4371525631,3103.60242363413,-437805.133869263,698.822354084798,0.425629790301104,29301.1609541171,2541.16095411713,0,1
35.3,6.0229312800924,0,437095.924162346,76896.4748575687,3103.56284743691,-437095.924162346,698.872593252412,0.425755181427412,29305.3740959611,2545.37409596108,0,1
35.31,6.01310844889552,0,436386.711980277,76896.510782539,3103.5251424313,-436386.711980277,698.922747631885,0.425880369923757,29309.5804294382,2549.58042943827,0,1
35.32,6.00328573213783,0,435677.497849154,76896.5450141851,3103.48921746096,-435677.497849154,698.97281724109,0.42600535578919,29313.7799545168,2553.77995451683,0,1
35.33,5.99346312962136,0,434968.282268,76896.5776349893,3103.45498581485,-434968.282268,699.022802097927,0.426130139022925,29317.9726711703,2557.97267117031,0,1
35.34,5.98364064114864,0,434259.065710118,76896.6087234116,3103.42236501067,-434259.065710118,699.072702220323,0.426254719624329,29322.1585793775,2562.15857937749,0,1
35.35,5.9738182665227,0,433549.848624384,76896.6383540856,3103.39127658842,-433549.848624384,699.122517626227,0.426379097592917,29326.337679122,2566.33767912205,0,1
35.36,5.963996005547,0,432840.631436471,76896.6665980054,3103.36164591441,-432840.631436471,699.172248333608,0.426503272928343,29330.5099703923,2570.50997039235,0,1
35.37,5.95417385802547,0,432131.414550009,76896.6935227029,3103.33340199462,-432131.414550009,699.221894360452,0.426627245630391,29334.6754531811,2574.67545318115,0,1
35.38,5.94435182376241,0,431422.198347697,76896.7191924167,3103.3064772971,-431422.198347697,699.271455724759,0.426751015698971,29338.8341274854,2578.83412748545,0,1
35.39,5.93452990256257,0,430712.983192345,76896.7436682526,3103.2808075833,-430712.983192345,699.320932444541,0.426874583134112,29342.9859933062,2582.98599330618,0,1
35.4,5.92470809423103,0,430003.769427878,76896.7670083367,3103.25633174735,-430003.769427878,699.370324537819,0.426997947935954,29347.1310506481,2587.13105064809,0,1
35.41,5.91488639857327,0,429294.557380279,76896.7892679601,3103.2329916633,-429294.557380279,699.41963202262,0.427121110104746,29351.2692995195,2591.26929951948,0,1
35.42,5.90506481539507,0,428585.347358492,76896.8104997179,3103.21073203986,-428585.347358492,699.468854916977,0.427244069640834,29355.400739932,2595.40073993206,0,1
35.43,5.89524334450256,0,427876.139655275,76896.8307536401,3103.1895002821,-427876.139655275,699.517993238924,0.427366826544664,29359.5253719007,2599.52537190074,0,1
35.44,5.88542198570219,0,427166.934548009,76896.8500773168,3103.16924635993,-427166.934548009,699.567047006497,0.42748938081677,29363.6431954435,2603.64319544348,0,1
35.45,5.87560073880068,0,426457.732299476,76896.8685160176,3103.14992268319,-426457.732299476,699.61601623773,0.427611732457772,29367.7542105811,2607.75421058115,0,1
35.46,5.86577960360505,0,425748.533158587,76896.8861128041,3103.13148398243,-425748.533158587,699.664900950654,0.427733881468372,29371.8584173373,2611.85841733733,0,1
35.47,5.85595857992258,0,425039.337361076,76896.9029086382,3103.11388719587,-425039.337361076,699.713701163294,0.42785582784935,29375.9558157382,2615.9558157382,0,1
35.48,5.8461376675608,0,424330.145130167,76896.9189424841,3103.09709136176,-424330.145130167,699.762416893672,0.427977571601559,29380.0464058124,2620.04640581239,0,1
35.49,5.8363168663275,0,423620.956677196,76896.9342514058,3103.08105751591,-423620.956677196,699.811048159797,0.428099112725919,29384.1301875909,2624.13018759089,0,1
35.5,5.82649617603069,0,422911.77220221,76896.9488706598,3103.06574859422,-422911.77220221,699.859594979674,0.428220451223417,29388.2071611068,2628.20716110685,0,1
35.51,5.8166755964786,0,422202.591894535,76896.9628337835,3103.05112934015,-422202.591894535,699.908057371294,0.428341587095104,29392.2773263955,2632.27732639552,0,1
35.52,5.80685512747967,0,421493.41593331,76896.9761726784,3103.03716621653,-421493.41593331,699.956435352636,0.428462520342087,29396.3406834941,2636.34068349414,0,1
35.53,5.79703476884256,0,420784.244488002,76896.9889176905,3103.02382732162,-420784.244488002,700.004728941667,0.428583250965529,29400.3972324418,2640.39723244181,0,1
35.54,5.78721452037609,0,420075.077718887,76897.001097686,3103.0110823095,-420075.077718887,700.052938156339,0.428703778966648,29404.4469732794,2644.44697327938,0,1
35.55,5.77739438188928,0,419365.915777517,76897.0127401231,3102.99890231402,-419365.915777517,700.101063014588,0.428824104346708,29408.4899060494,2648.4899060494,0,1
35.56,5.76757435319133,0,418656.758807154,76897.0238711213,3102.98725987689,-418656.758807154,700.149103534335,0.428944227107023,29412.526030796,2652.526030796,0,1
35.57,5.75775443409159,0,417947.606943185,76897.034515526,3102.97612887873,-417947.606943185,700.197059733481,0.429064147248951,29416.5553475648,2656.55534756478,0,1
35.58,5.74793462439958,0,417238.46031352,76897.0446969713,3102.96548447397,-417238.46031352,700.244931629911,0.429183864773892,29420.5778564028,2660.57785640279,0,1
35.59,5.73811492392497,0,416529.319038968,76897.0544379385,3102.95530302869,-416529.319038968,700.292719241489,0.429303379683285,29424.5935573584,2664.59355735839,0,1
35.6,5.72829533247757,0,415820.183233591,76897.0637598126,3102.94556206153,-415820.183233591,700.340422586059,0.429422691978607,29428.6024504812,2668.60245048122,0,1
35.61,5.71847584986732,0,415111.05300504,76897.0726829358,3102.93624018742,-415111.05300504,700.388041681444,0.429541801661372,29432.6045358221,2672.60453582211,0,1
35.62,5.7086564759043,0,414401.928454887,76897.0812266582,3102.92731706423,-414401.928454887,700.435576545445,0.429660708733125,29436.599813433,2676.59981343302,0,1
35.63,5.69883721039872,0,413692.809678917,76897.0894093864,3102.91877334178,-413692.809678917,700.483027195841,0.429779413195445,29440.5882833669,2680.58828336696,0,1
35.64,5.6890180531609,0,412983.696767429,76897.0972486292,3102.9105906136,-412983.696767429,700.530393650387,0.429897915049939,29444.569945678,2684.56994567797,0,1
35.65,5.67919900400128,0,412274.589805507,76897.1047610416,3102.9027513708,-412274.589805507,700.577675926814,0.430016214298244,29448.544800421,2688.54480042101,0,1
35.66,5.6693800627304,0,411565.48887328,76897.1119624665,3102.89523895839,-411565.48887328,700.624874042831,0.430134310942022,29452.5128476519,2692.51284765196,0,1
35.67,5.65956122915891,0,410856.394046176,76897.118867974,3102.88803753351,-410856.394046176,700.671988016117,0.430252204982961,29456.4740874275,2696.47408742751,0,1
35.68,5.64974250309755,0,410147.305395154,76897.1254918995,3102.88113202597,-410147.305395154,700.719017864331,0.430369896422772,29460.4285198051,2700.42851980516,0,1
35.69,5.63992388435718,0,409438.22298693,76897.1318478792,3102.87450810047,-409438.22298693,700.765963605101,0.430487385263189,29464.3761448432,2704.37614484318,0,1
35.7,5.63010537274873,0,408729.146884188,76897.1379488842,3102.86815212082,-408729.146884188,700.812825256032,0.430604671505967,29468.3169626005,2708.3169626005,0,1
35.71,5.6202869680832,0,408020.077145786,76897.1438072533,3102.86205111579,-408020.077145786,700.859602834699,0.430721755152878,29472.2509731367,2712.25097313673,0,1
35.72,5.61046867017171,0,407311.013826947,76897.1494347233,3102.85619274672,-407311.013826947,700.906296358651,0.430838636205717,29476.1781765121,2716.17817651211,0,1
35.73,5.60065047882544,0,406601.956979438,76897.1548424589,3102.85056527668,-406601.956979438,700.95290584541,0.430955314666293,29480.0985727874,2720.09857278746,0,1
35.74,5.59083239385564,0,405892.90665175,76897.1600410801,3102.84515754112,-405892.90665175,700.999431312467,0.431071790536432,29484.0121620241,2724.01216202412,0,1
35.75,5.58101441507363,0,405183.862889257,76897.1650406892,3102.83995891987,-405183.862889257,701.045872777286,0.431188063817976,29487.918944284,2727.918944284,0,1
35.76,5.57119654229083,0,404474.825734374,76897.1698508957,3102.8349593108,-404474.825734374,701.092230257301,0.43130413451278,29491.8189196294,2731.81891962943,0,1
35.77,5.56137877531868,0,403765.795226709,76897.1744808406,3102.83014910428,-403765.795226709,701.138503769919,0.431420002622714,29495.7120881232,2735.71208812322,0,1
35.78,5.55156111396872,0,403056.771403199,76897.178939219,3102.82551915942,-403056.771403199,701.184693332513,0.431535668149661,29499.5984498286,2739.59844982862,0,1
35.79,5.54174355805254,0,402347.754298247,76897.1832343019,3102.82106078105,-402347.754298247,701.230798962429,0.431651131095512,29503.4780048092,2743.47800480923,0,1
35.8,5.53192610738177,0,401638.743943851,76897.1873739573,3102.81676569807,-401638.743943851,701.276820676983,0.431766391462174,29507.350753129,2747.35075312905,0,1
35.81,5.52210876176812,0,400929.740369718,76897.1913656693,3102.81262604265,-400929.740369718,701.322758493458,0.431881449251559,29511.2166948524,2751.21669485242,0,1
35.82,5.51229152102334,0,400220.74360339,76897.1952165568,3102.80863433071,-400220.74360339,701.368612429108,0.431996304465594,29515.075830044,2755.07583004398,0,1
35.83,5.50247438495923,0,399511.753670341,76897.198933392,3102.80478344316,-399511.753670341,701.414382501156,0.43211095710621,29518.9281587687,2758.92815876869,0,1
35.84,5.49265735338765,0,398802.77059409,76897.2025226164,3102.80106660802,-398802.77059409,701.460068726792,0.432225407175349,29522.7736810917,2762.77368109176,0,1
35.85,5.4828404261205,0,398093.794396296,76897.2059903577,3102.79747738359,-398093.794396296,701.505671123176,0.43233965467496,29526.6123970787,2766.61239707867,0,1
35.86,5.47302360296972,0,397384.825096848,76897.2093424446,3102.79400964231,-397384.825096848,701.551189707436,0.432453699606998,29530.4443067951,2770.44430679514,0,1
35.87,5.46320688374729,0,396675.862713962,76897.2125844215,3102.79065755544,-396675.862713962,701.596624496668,0.432567541973425,29534.2694103071,2774.26941030709,0,1
35.88,5.45339026826526,0,395966.907264257,76897.2157215627,3102.78741557847,-395966.907264257,701.641975507935,0.43268118177621,29538.0877076806,2778.08770768066,0,1
35.89,5.44357375633568,0,395257.958762839,76897.2187588851,3102.78427843728,-395257.958762839,701.687242758269,0.432794619017325,29541.8991989821,2781.89919898215,0,1
35.9,5.43375734777066,0,394549.017223379,76897.2217011608,3102.78124111494,-394549.017223379,701.73242626467,0.432907853698751,29545.703884278,2785.70388427805,0,1
35.91,5.42394104238235,0,393840.08265818,76897.2245529295,3102.77829883918,-393840.08265818,701.777526044104,0.433020885822469,29549.501763635,2789.50176363498,0,1
35.92,5.41412483998293,0,393131.155078251,76897.2273185093,3102.77544707051,-393131.155078251,701.822542113504,0.433133715390467,29553.2928371197,2793.29283711971,0,1
35.93,5.4043087403846,0,392422.234493368,76897.2300020078,3102.77268149071,-392422.234493368,701.867474489773,0.433246342404736,29557.0771047991,2797.07710479914,0,1
35.94,5.39449274339961,0,391713.32091214,76897.2326073323,3102.7699979922,-391713.32091214,701.912323189778,0.43335876686727,29560.8545667403,2800.85456674028,0,1
35.95,5.38467684884024,0,391004.414342063,76897.2351381994,3102.76739266774,-391004.414342063,701.957088230354,0.433470988780066,29564.6252230102,2804.62522301022,0,1
35.96,5.37486105651879,0,390295.514789581,76897.2375981448,3102.76486180056,-390295.514789581,702.001769628303,0.433583008145124,29568.3890736761,2808.38907367617,0,1
35.97,5.36504536624761,0,389586.622260134,76897.2399905314,3102.76240185522,-389586.622260134,702.046367400394,0.433694824964446,29572.1461188054,2812.14611880539,0,1
35.98,5.35522977783904,0,388877.736758212,76897.2423185584,3102.76000946861,-388877.736758212,702.090881563363,0.433806439240036,29575.8963584652,2815.89635846522,0,1
35.99,5.34541429110549,0,388168.858287401,76897.2445852687,3102.75768144164,-388168.858287401,702.135312133911,0.4339178509739,29579.639792723,2819.63979272306,0,1
36,5.33559890585937,0,387459.986850432,76897.2467935571,3102.75541473129,-387459.986850432,702.179659128706,0.434029060168046,29583.3764216463,2823.37642164635,0,1
36.01,5.32578362191313,0,386751.122449216,76897.2489461771,3102.75320644288,-386751.122449216,702.223922564383,0.434140066824481,29587.1062453026,2827.10624530257,0,1
36.02,5.31596843907922,0,386042.265084895,76897.2510457479,3102.75105382291,-386042.265084895,702.268102457545,0.434250870945215,29590.8292637592,2830.82926375923,0,1
36.03,5.30615335717013,0,385333.414757875,76897.253094761,3102.74895425212,-385333.414757875,702.312198824756,0.434361472532257,29594.5454770839,2834.54547708387,0,1
36.04,5.29633837599839,0,384624.571467862,76897.2550955864,3102.74690523904,-384624.571467862,702.356211682553,0.434471871587619,29598.254885344,2838.25488534403,0,1
36.05,5.28652349537652,0,383915.735213903,76897.2570504785,3102.74490441362,-383915.735213903,702.400141047433,0.434582068113311,29601.9574886073,2841.95748860728,0,1
36.06,5.27670871511708,0,383206.905994412,76897.2589615819,3102.74294952146,-383206.905994412,702.443986935864,0.434692062111343,29605.6532869411,2845.65328694116,0,1
36.07,5.26689403503265,0,382498.083807207,76897.2608309365,3102.74103841807,-382498.083807207,702.487749364277,0.434801853583727,29609.3422804132,2849.34228041323,0,1
36.08,5.25707945493582,0,381789.26864954,76897.2626604826,3102.73916906353,-381789.26864954,702.531428349069,0.434911442532471,29613.024469091,2853.02446909103,0,1
36.09,5.24726497463921,0,381080.460518122,76897.2644520662,3102.73733951738,-381080.460518122,702.575023906606,0.435020828959585,29616.6998530421,2856.69985304208,0,1
36.1,5.23745059395544,0,380371.659409153,76897.266207443,3102.73554793381,-380371.659409153,702.618536053216,0.435130012867079,29620.3684323339,2860.36843233387,0,1
36.11,5.22763631269718,0,379662.865318345,76897.2679282832,3102.73379255705,-379662.865318345,702.661964805195,0.43523899425696,29624.0302070339,2864.03020703388,0,1
36.12,5.21782213067709,0,378954.078240952,76897.2696161755,3102.73207171685,-378954.078240952,702.705310178806,0.435347773131235,29627.6851772095,2867.68517720953,0,1
36.13,5.20800804770786,0,378245.298171788,76897.2712726312,3102.73038382454,-378245.298171788,702.748572190275,0.435456349491911,29631.3333429282,2871.33334292822,0,1
36.14,5.19819406360219,0,377536.525105248,76897.2728990879,3102.72872736881,-377536.525105248,702.791750855796,0.435564723340991,29634.9747042573,2874.9747042573,0,1
36.15,5.18838017817281,0,376827.759035337,76897.274496913,3102.72710091212,-376827.759035337,702.834846191527,0.435672894680478,29638.6092612641,2878.60926126409,0,1
36.16,5.17856639123244,0,376118.99995568,76897.2760674073,3102.72550308701,-376118.99995568,702.877858213595,0.435780863512375,29642.2370140158,2882.23701401581,0,1
36.17,5.16875270259384,0,375410.247859548,76897.2776118082,3102.72393259266,-375410.247859548,702.920786938088,0.435888629838681,29645.8579625797,2885.85796257969,0,1
36.18,5.15893911206977,0,374701.502739874,76897.2791312927,3102.72238819176,-374701.502739874,702.963632381065,0.435996193661394,29649.4721070228,2889.47210702285,0,1
36.19,5.14912561947302,0,373992.764589267,76897.2806269804,3102.72086870727,-373992.764589267,703.006394558546,0.43610355498251,29653.0794474123,2893.07944741236,0,1
36.2,5.13931222461638,0,373284.033400033,76897.2820999363,3102.71937301957,-373284.033400033,703.04907348652,0.436210713804024,29656.6799838152,2896.67998381524,0,1
36.21,5.12949892731265,0,372575.309164188,76897.2835511736,3102.71790006365,-372575.309164188,703.09166918094,0.436317670127928,29660.2737162984,2900.27371629842,0,1
36.22,5.11968572737467,0,371866.591873472,76897.2849816558,3102.71644882642,-371866.591873472,703.134181657725,0.436424423956213,29663.8606449287,2903.86064492876,0,1
36.23,5.10987262461525,0,371157.881519363,76897.2863922997,3102.71501834421,-371157.881519363,703.176610932761,0.436530975290865,29667.4407697731,2907.44076977307,0,1
36.24,5.10005961884726,0,370449.178093093,76897.2877839773,3102.71360770029,-370449.178093093,703.218957021899,0.43663732413387,29671.014090898,2911.01409089805,0,1
36.25,5.09024670988355,0,369740.481585657,76897.2891575181,3102.71221602269,-369740.481585657,703.261219940954,0.436743470487212,29674.5806083703,2914.58060837034,0,1
36.26,5.08043389753699,0,369031.791987826,76897.290513711,3102.71084248193,-369031.791987826,703.303399705709,0.436849414352871,29678.1403222565,2918.14032225648,0,1
36.27,5.07062118162047,0,368323.109290159,76897.2918533067,3102.70948628899,-368323.109290159,703.345496331911,0.436955155732825,29681.6932326229,2921.69323262294,0,1
36.28,5.06080856194689,0,367614.433483014,76897.293177019,3102.70814669333,-367614.433483014,703.387509835274,0.43706069462905,29685.2393395361,2925.23933953609,0,1
36.29,5.05099603832916,0,366905.764556556,76897.2944855272,3102.706822981,-366905.764556556,703.429440231478,0.437166031043518,29688.7786430622,2928.77864306223,0,1
36.3,5.04118361058018,0,366197.102500769,76897.2957794772,3102.70551447281,-366197.102500769,703.471287536167,0.4372711649782,29692.3111432675,2932.31114326754,0,1
36.31,5.03137127851291,0,365488.447305465,76897.2970594836,3102.70422052279,-365488.447305465,703.513051764951,0.437376096435063,29695.8368402181,2935.83684021813,0,1
36.32,5.02155904194027,0,364779.798960289,76897.2983261309,3102.70294051641,-364779.798960289,703.554732933408,0.437480825416071,29699.35573398,2939.35573398,0,1
36.33,5.01174690067522,0,364071.157454735,76897.2995799752,3102.70167386909,-364071.157454735,703.59633105708,0.437585351923186,29702.8678246191,2942.86782461907,0,1
36.34,5.00193485453073,0,363362.522778145,76897.3008215455,3102.70042002478,-363362.522778145,703.637846151474,0.437689675958367,29706.3731122011,2946.37311220115,0,1
36.35,4.99212290331976,0,362653.894919724,76897.3020513448,3102.69917845454,-362653.894919724,703.679278232064,0.437793797523569,29709.8715967919,2949.87159679194,0,1
36.36,4.9823110468553,0,361945.27386854,76897.3032698518,3102.69794865523,-361945.27386854,703.72062731429,0.437897716620745,29713.363278457,2953.36327845706,0,1
36.37,4.97249928495035,0,361236.659613538,76897.3044775217,3102.69673014824,-361236.659613538,703.761893413556,0.438001433251845,29716.848157262,2956.84815726201,0,1
36.38,4.96268761741791,0,360528.052143542,76897.3056747877,3102.69552247829,-360528.052143542,703.803076545234,0.438104947418815,29720.3262332722,2960.32623327219,0,1
36.39,4.952876044071,0,359819.451447259,76897.3068620618,3102.69432521227,-359819.451447259,703.84417672466,0.438208259123598,29723.7975065529,2963.7975065529,0,1
36.4,4.94306456472263,0,359110.857513293,76897.3080397357,3102.69313793821,-359110.857513293,703.885193967138,0.438311368368134,29727.2619771693,2967.26197716934,0,1
36.41,4.93325317918583,0,358402.270330141,76897.3092081823,3102.69196026429,-358402.270330141,703.926128287935,0.438414275154362,29730.7196451865,2970.71964518657,0,1
36.42,4.92344188727367,0,357693.689886203,76897.3103677562,3102.69079181769,-357693.689886203,703.966979702286,0.438516979484213,29734.1705106696,2974.17051066958,0,1
36.43,4.91363068879917,0,356985.116169789,76897.3115187946,3102.68963224383,-356985.116169789,704.007748225392,0.438619481359619,29737.6145736832,2977.61457368323,0,1
36.44,4.90381958357541,0,356276.549169118,76897.3126616185,3102.68848120539,-356276.549169118,704.048433872418,0.438721780782507,29741.0518342922,2981.05183429227,0,1
36.45,4.89400857141545,0,355567.988872327,76897.313796533,3102.68733838151,-355567.988872327,704.089036658496,0.438823877754801,29744.4822925613,2984.48229256134,0,1
36.46,4.88419765213238,0,354859.435267473,76897.3149238285,3102.68620346702,-354859.435267473,704.129556598724,0.438925772278421,29747.9059485549,2987.90594855497,0,1
36.47,4.87438682553927,0,354150.888342539,76897.3160437812,3102.6850761715,-354150.888342539,704.169993708166,0.439027464355284,29751.3228023375,2991.32280233757,0,1
36.48,4.86457609144923,0,353442.348085435,76897.3171566537,3102.68395621883,-353442.348085435,704.210348001852,0.439128953987304,29754.7328539734,2994.73285397344,0,1
36.49,4.85476544967537,0,352733.814484005,76897.318262696,3102.68284334629,-352733.814484005,704.250619494778,0.439230241176391,29758.1361035267,2998.13610352677,0,1
36.5,4.84495490003078,0,352025.287526027,76897.3193621459,3102.68173730395,-352025.287526027,704.290808201906,0.439331325924452,29761.5325510616,3001.53255106162,0,1
36.51,4.83514444232861,0,351316.767199219,76897.3204552294,3102.68063785409,-351316.767199219,704.330914138162,0.439432208233391,29764.9221966419,3004.92219664195,0,1
36.52,4.82533407638197,0,350608.25349124,76897.3215421617,3102.6795447706,-350608.25349124,704.370937318441,0.439532888105106,29768.3050403316,3008.3050403316,0,1
36.53,4.815523802004,0,349899.746389695,76897.3226231473,3102.67845783834,-349899.746389695,704.410877757604,0.439633365541496,29771.6810821943,3011.68108219428,0,1
36.54,4.80571361900785,0,349191.245882135,76897.323698381,3102.67737685266,-349191.245882135,704.450735470475,0.439733640544451,29775.0503222936,3015.0503222936,0,1
36.55,4.79590352720668,0,348482.751956065,76897.3247680479,3102.67630161899,-348482.751956065,704.490510471847,0.439833713115863,29778.412760693,3018.41276069302,0,1
36.56,4.78609352641365,0,347774.26459894,76897.3258323241,3102.6752319521,-347774.26459894,704.530202776478,0.439933583257616,29781.7683974559,3021.76839745593,0,1
36.57,4.77628361644193,0,347065.783798169,76897.3268913772,3102.67416767591,-347065.783798169,704.569812399092,0.440033250971593,29785.1172326455,3025.11723264555,0,1
36.58,4.76647379710469,0,346357.309541124,76897.3279453665,3102.67310862282,-346357.309541124,704.60933935438,0.440132716259672,29788.459266325,3028.45926632502,0,1
36.59,4.75666406821513,0,345648.84181513,76897.3289944437,3102.67205463348,-345648.84181513,704.648783656999,0.440231979123729,29791.7944985573,3031.79449855732,0,1
36.6,4.74685442958643,0,344940.38060748,76897.330038753,3102.67100555627,-344940.38060748,704.688145321571,0.440331039565635,29795.1229294053,3035.12292940535,0,1
36.61,4.73704488103181,0,344231.925905427,76897.3310784316,3102.66996124698,-344231.925905427,704.727424362685,0.440429897587257,29798.4445589318,3038.44455893186,0,1
36.62,4.72723542236446,0,343523.47769619,76897.33211361,3102.6689215684,-343523.47769619,704.766620794897,0.44052855319046,29801.7593871995,3041.75938719949,0,1
36.63,4.71742605339761,0,342815.035966957,76897.3331444122,3102.66788639003,-342815.035966957,704.805734632728,0.440627006377105,29805.0674142707,3045.06741427075,0,1
36.64,4.70761677394449,0,342106.600704885,76897.3341709566,3102.66685558776,-342106.600704885,704.844765890665,0.440725257149048,29808.368640208,3048.36864020804,0,1
36.65,4.69780758381831,0,341398.171897098,76897.3351933552,3102.66582904344,-341398.171897098,704.883714583164,0.440823305508143,29811.6630650736,3051.66306507362,0,1
36.66,4.68799848283233,0,340689.749530698,76897.3362117151,3102.66480664477,-340689.749530698,704.922580724645,0.440921151456239,29814.9506889296,3054.95068892965,0,1
36.67,4.67818947079979,0,339981.333592755,76897.3372261379,3102.66378828486,-339981.333592755,704.961364329494,0.441018794995182,29818.2315118381,3058.23151183814,0,1
36.68,4.66838054753395,0,339272.924070319,76897.3382367203,3102.66277386209,-339272.924070319,705.000065412065,0.441116236126815,29821.505533861,3061.50553386099,0,1
36.69,4.65857171284806,0,338564.520950411,76897.3392435542,3102.66176327971,-338564.520950411,705.038683986677,0.441213474852975,29824.77275506,3064.77275505998,0,1
36.7,4.6487629665554,0,337856.124220034,76897.3402467272,3102.6607564458,-337856.124220034,705.077220067617,0.441310511175498,29828.0331754967,3068.03317549677,0,1
36.71,4.63895430846924,0,337147.733866168,76897.3412463225,3102.65975327279,-337147.733866168,705.115673669137,0.441407345096215,29831.2867952328,3071.28679523287,0,1
36.72,4.62914573840286,0,336439.349875771,76897.3422424194,3102.65875367748,-336439.349875771,705.154044805455,0.441503976616954,29834.5336143297,3074.53361432968,0,1
36.73,4.61933725616957,0,335730.972235783,76897.343235093,3102.65775758064,-335730.972235783,705.192333490759,0.441600405739538,29837.7736328485,3077.7736328485,0,1
36.74,4.60952886158264,0,335022.600933128,76897.3442244152,3102.65676490699,-335022.600933128,705.230539739198,0.441696632465787,29841.0068508504,3081.00685085046,0,1
36.75,4.5997205544554,0,334314.235954709,76897.345210454,3102.65577558485,-334314.235954709,705.268663564892,0.441792656797517,29844.2332683966,3084.23326839659,0,1
36.76,4.58991233460115,0,333605.877287415,76897.3461932743,3102.65478954604,-333605.877287415,705.306704981927,0.441888478736541,29847.4528855478,3087.45288554781,0,1
36.77,4.58010420183321,0,332897.524918119,76897.3471729378,3102.65380672572,-332897.524918119,705.344664004353,0.441984098284668,29850.6657023648,3090.66570236487,0,1
36.78,4.5702961559649,0,332189.178833678,76897.3481495032,3102.65282706222,-332189.178833678,705.38254064619,0.442079515443702,29853.8717189084,3093.87171890843,0,1
36.79,4.56048819680957,0,331480.839020936,76897.3491230262,3102.65185049684,-331480.839020936,705.420334921421,0.442174730215446,29857.070935239,3097.07093523902,0,1
36.8,4.55068032418054,0,330772.505466725,76897.3500935601,3102.65087697378,-330772.505466725,705.458046843999,0.442269742601696,29860.263351417,3100.26335141702,0,1
36.81,4.54087253789117,0,330064.178157862,76897.3510611553,3102.6499064399,-330064.178157862,705.495676427842,0.442364552604247,29863.4489675027,3103.44896750273,0,1
36.82,4.53106483775481,0,329355.857081154,76897.3520258599,3102.64893884469,-329355.857081154,705.533223686835,0.442459160224888,29866.6277835562,3106.62778355627,0,1
36.83,4.52125722358482,0,328647.542223395,76897.3529877195,3102.64797414014,-328647.542223395,705.570688634829,0.442553565465406,29869.7997996376,3109.79979963767,0,1
36.84,4.51144969519457,0,327939.233571371,76897.3539467778,3102.64701228046,-327939.233571371,705.608071285644,0.442647768327583,29872.9650158068,3112.96501580681,0,1
36.85,4.50164225239743,0,327230.931111855,76897.354903076,3102.64605322221,-327230.931111855,705.645371653064,0.442741768813198,29876.1234321234,3116.12343212348,0,1
36.86,4.49183489500678,0,326522.634831612,76897.3558566536,3102.64509692398,-326522.634831612,705.682589750841,0.442835566924026,29879.2750486473,3119.27504864729,0,1
36.87,4.48202762283601,0,325814.344717397,76897.3568075479,3102.64414334645,-325814.344717397,705.719725592695,0.442929162661838,29882.4198654377,3122.41986543777,0,1
36.88,4.47222043569852,0,325106.060755957,76897.3577557946,3102.64319245215,-325106.060755957,705.756779192311,0.443022556028401,29885.5578825543,3125.5578825543,0,1
36.89,4.46241333340769,0,324397.782934032,76897.3587014275,3102.64224420545,-324397.782934032,705.793750563342,0.443115747025479,29888.6891000561,3128.68910005613,0,1
36.9,4.45260631577696,0,323689.511238353,76897.359644479,3102.6412985725,-323689.511238353,705.830639719406,0.443208735654833,29891.8135180024,3131.81351800241,0,1
36.91,4.44279938261972,0,322981.245655642,76897.3605849797,3102.64035552101,-322981.245655642,705.867446674092,0.443301521918217,29894.9311364521,3134.93113645212,0,1
36.92,4.43299253374939,0,322272.986172617,76897.3615229587,3102.63941502034,-322272.986172617,705.904171440951,0.443394105817384,29898.0419554641,3138.04195546414,0,1
36.93,4.42318576897941,0,321564.732775989,76897.3624584438,3102.63847704134,-321564.732775989,705.940814033504,0.443486487354083,29901.1459750972,3141.14597509724,0,1
36.94,4.41337908812321,0,320856.485452462,76897.3633914614,3102.63754155619,-320856.485452462,705.977374465239,0.443578666530059,29904.24319541,3144.24319541001,0,1
36.95,4.40357249099423,0,320148.244188733,76897.3643220367,3102.63660853855,-320148.244188733,706.013852749611,0.443670643347052,29907.3336164609,3147.33361646096,0,1
36.96,4.39376597740592,0,319440.008971496,76897.3652501936,3102.63567796326,-319440.008971496,706.050248900039,0.443762417806798,29910.4172383084,3150.41723830846,0,1
36.97,4.38395954717172,0,318731.779787439,76897.3661759547,3102.63474980641,-318731.779787439,706.086562929913,0.443853989911033,29913.4940610107,3153.49406101074,0,1
36.98,4.3741532001051,0,318023.556623243,76897.3670993417,3102.6338240453,-318023.556623243,706.122794852589,0.443945359661484,29916.5640846259,3156.56408462591,0,1
36.99,4.36434693601953,0,317315.339465587,76897.3680203753,3102.63290065827,-317315.339465587,706.158944681388,0.444036527059879,29919.6273092119,3159.62730921195,0,1
37,4.35454075472848,0,316607.128301145,76897.3689390749,3102.63197962474,-316607.128301145,706.195012429601,0.444127492107937,29922.6837348267,3162.68373482672,0,1
37.01,4.34473465604542,0,315898.923116586,76897.3698554592,3102.63106092512,-315898.923116586,706.230998110485,0.444218254807378,29925.7333615279,3165.73336152795,0,1
37.02,4.33492863978385,0,315190.723898576,76897.3707695459,3102.63014454082,-315190.723898576,706.266901737263,0.444308815159917,29928.7761893732,3168.77618937323,0,1
37.03,4.32512270575725,0,314482.530633775,76897.371681352,3102.62923045407,-314482.530633775,706.302723323128,0.444399173167262,29931.81221842,3171.81221842003,0,1
37.04,4.31531685377913,0,313774.343308843,76897.3725908933,3102.62831864804,-313774.343308843,706.338462881236,0.444489328831121,29934.8414487257,3174.84144872571,0,1
37.05,4.30551108366298,0,313066.161910435,76897.3734981853,3102.62740910667,-313066.161910435,706.374120424715,0.444579282153197,29937.8638803474,3177.86388034746,0,1
37.06,4.29570539522232,0,312357.986425202,76897.3744032424,3102.6265018147,-312357.986425202,706.409695966658,0.444669033135189,29940.8795133424,3180.87951334239,0,1
37.07,4.28589978827067,0,311649.816839792,76897.3753060784,3102.6255967576,-311649.816839792,706.445189520124,0.444758581778792,29943.8883477674,3183.88834776744,0,1
37.08,4.27609426262155,0,310941.653140854,76897.3762067065,3102.62469392158,-310941.653140854,706.480601098141,0.444847928085697,29946.8903836794,3186.89038367945,0,1
37.09,4.26628881808848,0,310233.495315028,76897.3771051393,3102.62379329346,-310233.495315028,706.515930713704,0.444937072057592,29949.8856211351,3189.88562113512,0,1
37.1,4.25648345448501,0,309525.343348958,76897.3780013885,3102.62289486075,-309525.343348958,706.551178379776,0.445026013696161,29952.874060191,3192.87406019103,0,1
37.11,4.24667817162468,0,308817.197229282,76897.3788954655,3102.62199861153,-308817.197229282,706.586344109286,0.445114753003083,29955.8557009036,3195.85570090362,0,1
37.12,4.23687296932103,0,308109.056942635,76897.3797873811,3102.62110453453,-308109.056942635,706.621427915132,0.445203289980035,29958.8305433292,3198.8305433292,0,1
37.13,4.22706784738762,0,307400.922475654,76897.3806771456,3102.62021261887,-307400.922475654,706.656429810177,0.445291624628689,29961.798587524,3201.79858752398,0,1
37.14,4.21726280563801,0,306692.79381497,76897.3815647687,3102.6193228544,-306692.79381497,706.691349807255,0.445379756950714,29964.759833544,3204.75983354401,0,1
37.15,4.20745784388577,0,305984.670947215,76897.3824502597,3102.6184352313,-305984.670947215,706.726187919164,0.445467686947773,29967.7142814452,3207.71428144521,0,1
37.16,4.19765296194447,0,305276.553859017,76897.3833336274,3102.61754974032,-305276.553859017,706.760944158671,0.445555414621529,29970.6619312834,3210.66193128341,0,1
37.17,4.18784815962769,0,304568.442537004,76897.3842148802,3102.61666637262,-304568.442537004,706.795618538512,0.445642939973638,29973.6027831142,3213.60278311427,0,1
37.18,4.17804343674902,0,303860.336967802,76897.3850940262,3102.61578511976,-303860.336967802,706.830211071387,0.445730263005753,29976.5368369933,3216.53683699334,0,1
37.19,4.16823879312203,0,303152.237138037,76897.385971073,3102.61490597377,-303152.237138037,706.864721769967,0.445817383719524,29979.464092976,3219.46409297604,0,1
37.2,4.15843422856035,0,302444.143034331,76897.3868460277,3102.61402892703,-302444.143034331,706.89915064689,0.445904302116596,29982.3845511176,3222.38455111766,0,1
37.21,4.14862974287755,0,301736.054643307,76897.3877188973,3102.6131539723,-301736.054643307,706.933497714758,0.445991018198611,29985.2982114733,3225.29821147337,0,1
37.22,4.13882533588727,0,301027.971951585,76897.3885896884,3102.61228110267,-301027.971951585,706.967762986146,0.446077531967207,29988.2050740982,3228.2050740982,0,1
37.23,4.1290210074031,0,300319.894945787,76897.3894584071,3102.61141031163,-300319.894945787,707.001946473594,0.446163843424019,29991.105139047,3231.10513904705,0,1
37.24,4.11921675723868,0,299611.823612531,76897.3903250595,3102.61054159288,-299611.823612531,707.036048189608,0.446249952570675,29993.9984063747,3233.9984063747,0,1
37.25,4.10941258520763,0,298903.757938435,76897.3911896512,3102.60967494048,-298903.757938435,707.070068146665,0.446335859408803,29996.8848761358,3236.88487613581,0,1
37.26,4.09960849112358,0,298195.697910117,76897.3920521876,3102.6088103488,-298195.697910117,707.104006357208,0.446421563940026,29999.7645483849,3239.76454838489,0,1
37.27,4.08980447480018,0,297487.643514193,76897.3929126737,3102.60794781243,-297487.643514193,707.137862833648,0.446507066165962,30002.6374231763,3242.63742317634,0,1
37.28,4.08000053605106,0,296779.59473728,76897.3937711146,3102.60708732629,-296779.59473728,707.171637588363,0.446592366088226,30005.5035005644,3245.50350056441,0,1
37.29,4.07019667468988,0,296071.551565992,76897.3946275147,3102.60622888544,-296071.551565992,707.2053306337,0.446677463708429,30008.3627806032,3248.36278060325,0,1
37.3,4.0603928905303,0,295363.513986945,76897.3954818786,3102.60537248531,-295363.513986945,707.238941981973,0.446762359028179,30011.2152633468,3251.21526334685,0,1
37.31,4.05058918338597,0,294655.481986751,76897.3963342104,3102.60451812141,-294655.481986751,707.272471645465,0.44684705204908,30014.0609488491,3254.06094884911,0,1
37.32,4.04078555307057,0,293947.455552026,76897.3971845142,3102.60366578959,-293947.455552026,707.305919636425,0.44693154277273,30016.8998371637,3256.89983716376,0,1
37.33,4.03098199939778,0,293239.434669382,76897.3980327937,3102.60281548581,-293239.434669382,707.339285967072,0.447015831200726,30019.7319283444,3259.73192834444,0,1
37.34,4.02117852218127,0,292531.419325432,76897.3988790527,3102.60196720628,-292531.419325432,707.372570649591,0.447099917334661,30022.5572224446,3262.55722244462,0,1
37.35,4.01137512123473,0,291823.409506788,76897.3997232944,3102.60112094734,-291823.409506788,707.405773696135,0.447183801176121,30025.3757195177,3265.37571951769,0,1
37.36,4.00157179637185,0,291115.405200062,76897.4005655223,3102.60027670558,-291115.405200062,707.438895118827,0.447267482726691,30028.1874196168,3268.18741961686,0,1
37.37,3.99176854740632,0,290407.406391866,76897.4014057395,3102.59943447767,-290407.406391866,707.471934929757,0.447350961987953,30030.9923227952,3270.99232279525,0,1
37.38,3.98196537415186,0,289699.413068811,76897.4022439489,3102.59859426053,-289699.413068811,707.504893140981,0.447434238961483,30033.7904291058,3273.79042910585,0,1
37.39,3.97216227642218,0,288991.425217509,76897.4030801534,3102.59775605111,-288991.425217509,707.537769764525,0.447517313648853,30036.5817386015,3276.58173860149,0,1
37.4,3.96235925403098,0,288283.442824571,76897.4039143557,3102.5969198466,-288283.442824571,707.570564812383,0.447600186051633,30039.3662513349,3279.3662513349,0,1
37.41,3.95255630679199,0,287575.465876608,76897.4047465584,3102.5960856443,-287575.465876608,707.603278296517,0.447682856171388,30042.1439673586,3282.14396735867,0,1
37.42,3.94275343451893,0,286867.49436023,76897.4055767638,3102.59525344164,-286867.49436023,707.635910228855,0.44776532400968,30044.9148867252,3284.91488672528,0,1
37.43,3.93295063702554,0,286159.528262048,76897.4064049745,3102.59442323615,-286159.528262048,707.668460621298,0.447847589568066,30047.679009487,3287.67900948704,0,1
37.44,3.92314791412556,0,285451.567568673,76897.4072311925,3102.59359502551,-285451.567568673,707.700929485709,0.4479296528481,30050.4363356962,3290.43633569618,0,1
37.45,3.91334526563273,0,284743.612266714,76897.40805542,3102.59276880749,-284743.612266714,707.733316833923,0.448011513851331,30053.1868654047,3293.18686540477,0,1
37.46,3.90354269136079,0,284035.662342783,76897.4088776591,3102.59194457997,-284035.662342783,707.765622677742,0.448093172579307,30055.9305986647,3295.93059866475,0,1
37.47,3.89374019112351,0,283327.717783491,76897.4096979116,3102.59112234091,-283327.717783491,707.797847028937,0.448174629033569,30058.6675355279,3298.66753552796,0,1
37.48,3.88393776473465,0,282619.778575447,76897.4105161793,3102.59030208844,-282619.778575447,707.829989899247,0.448255883215657,30061.3976760461,3301.39767604609,0,1
37.49,3.87413541200796,0,281911.844705261,76897.4113324641,3102.58948382067,-281911.844705261,707.862051300377,0.448336935127103,30064.1210202707,3304.12102027069,0,1
37.5,3.86433313275723,0,281203.916159545,76897.4121467676,3102.58866753588,-281203.916159545,707.894031244004,0.44841778476944,30066.8375682532,3306.83756825322,0,1
37.51,3.85453092679623,0,280495.992924909,76897.4129590913,3102.5878532324,-280495.992924909,707.92592974177,0.448498432144194,30069.5473200449,3309.54732004496,0,1
37.52,3.84472879393874,0,279788.074987964,76897.4137694369,3102.58704090866,-279788.074987964,707.957746805286,0.448578877252889,30072.2502756971,3312.25027569712,0,1
37.53,3.83492673399855,0,279080.16233532,76897.4145778056,3102.58623056315,-279080.16233532,707.989482446134,0.448659120097044,30074.9464352607,3314.94643526072,0,1
37.54,3.82512474678946,0,278372.254953588,76897.415384199,3102.58542219437,-278372.254953588,708.021136675861,0.448739160678175,30077.6357987867,3317.6357987867,0,1
37.55,3.81532283212526,0,277664.352829379,76897.4161886182,3102.58461580102,-277664.352829379,708.052709505983,0.448818998997792,30080.3183663258,3320.31836632585,0,1
37.56,3.80552098981977,0,276956.455949305,76897.4169910646,3102.58381138177,-276956.455949305,708.084200947985,0.448898635057405,30082.9941379288,3322.99413792884,0,1
37.57,3.79571921968679,0,276248.564299976,76897.4177915394,3102.58300893537,-276248.564299976,708.115611013321,0.448978068858517,30085.6631136462,3325.6631136462,0,1
37.58,3.78591752154013,0,275540.677868003,76897.4185900436,3102.58220846062,-275540.677868003,708.146939713413,0.449057300402628,30088.3252935283,3328.32529352834,0,1
37.59,3.77611589519363,0,274832.79664,76897.4193865784,3102.5814099564,-274832.79664,708.178187059649,0.449136329691235,30090.9806776255,3330.98067762553,0,1
37.6,3.7663143404611,0,274124.920602576,76897.4201811447,3102.58061342163,-274124.920602576,708.20935306339,0.449215156725831,30093.6292659879,3333.62926598794,0,1
37.61,3.75651285715638,0,273417.049742344,76897.4209737437,3102.57981885526,-273417.049742344,708.240437735961,0.449293781507903,30096.2710586656,3336.27105866558,0,1
37.62,3.7467114450933,0,272709.184045917,76897.4217643762,3102.5790262563,-272709.184045917,708.271441088659,0.449372204038938,30098.9060557083,3338.90605570834,0,1
37.63,3.73691010408572,0,272001.323499906,76897.422553043,3102.57823562383,-272001.323499906,708.302363132746,0.449450424320416,30101.534257166,3341.534257166,0,1
37.64,3.72710883394747,0,271293.468090924,76897.4233397452,3102.57744695696,-271293.468090924,708.333203879457,0.449528442353814,30104.1556630882,3344.15566308818,0,1
37.65,3.71730763449242,0,270585.617805584,76897.4241244834,3102.57666025482,-270585.617805584,708.363963339991,0.449606258140606,30106.7702735244,3346.7702735244,0,1
37.66,3.70750650553442,0,269877.772630499,76897.4249072585,3102.5758755166,-269877.772630499,708.394641525518,0.449683871682262,30109.378088524,3349.37808852404,0,1
37.67,3.69770544688734,0,269169.932552281,76897.4256880712,3102.57509274152,-269169.932552281,708.425238447176,0.449761282980247,30111.9791081363,3351.97910813634,0,1
37.68,3.68790445836505,0,268462.097557546,76897.4264669222,3102.57431192884,-268462.097557546,708.455754116073,0.449838492036024,30114.5733324104,3354.57333241043,0,1
37.69,3.67810353978142,0,267754.267632905,76897.4272438122,3102.57353307783,-267754.267632905,708.486188543283,0.44991549885105,30117.1607613953,3357.16076139531,0,1
37.7,3.66830269095034,0,267046.442764974,76897.4280187418,3102.57275618783,-267046.442764974,708.51654173985,0.44999230342678,30119.7413951398,3359.74139513984,0,1
37.71,3.65850191168568,0,266338.622940365,76897.4287917117,3102.57198125818,-266338.622940365,708.546813716788,0.450068905764664,30122.3152336927,3362.31523369275,0,1
37.72,3.64870120180135,0,265630.808145695,76897.4295627225,3102.57120828827,-265630.808145695,708.577004485076,0.45014530586615,30124.8822771026,3364.88227710266,0,1
37.73,3.63890056111123,0,264922.998367578,76897.4303317747,3102.57043727752,-264922.998367578,708.607114055667,0.450221503732679,30127.442525418,3367.44252541805,0,1
37.74,3.62909998942924,0,264215.193592628,76897.4310988688,3102.56966822535,-264215.193592628,708.637142439477,0.450297499365691,30129.9959786872,3369.99597868726,0,1
37.75,3.61929948656927,0,263507.393807461,76897.4318640054,3102.56890113119,-263507.393807461,708.667089647395,0.450373292766622,30132.5426369585,3372.54263695852,0,1
37.76,3.60949905234524,0,262799.598998693,76897.432627185,3102.56813599456,-262799.598998693,708.696955690276,0.450448883936902,30135.0825002799,3375.08250027993,0,1
37.77,3.59969868657107,0,262091.809152939,76897.4333884081,3102.56737281497,-262091.809152939,708.726740578946,0.450524272877959,30137.6155686994,3377.61556869945,0,1
37.78,3.58989838906069,0,261384.024256816,76897.434147675,3102.56661159192,-261384.024256816,708.756444324199,0.450599459591217,30140.1418422649,3380.14184226492,0,1
37.79,3.58009815962801,0,260676.244296941,76897.4349049863,3102.56585232496,-260676.244296941,708.786066936797,0.450674444078096,30142.661321024,3382.66132102405,0,1
37.8,3.57029799808697,0,259968.469259929,76897.4356603423,3102.56509501371,-259968.469259929,708.815608427471,0.450749226340012,30145.1740050244,3385.17400502442,0,1
37.81,3.56049790425151,0,259260.699132398,76897.4364137435,3102.56433965768,-259260.699132398,708.845068806923,0.450823806378376,30147.6798943135,3387.67989431348,0,1
37.82,3.55069787793557,0,258552.933900966,76897.4371651902,3102.56358625651,-258552.933900966,708.87444808582,0.450898184194599,30150.1789889385,3390.17898893855,0,1
37.83,3.54089791895311,0,257845.17355225,76897.4379146827,3102.56283480984,-257845.17355225,708.903746274801,0.450972359790084,30152.6712889468,3392.67128894683,0,1
37.84,3.53109802711807,0,257137.418072867,76897.4386622216,3102.56208531726,-257137.418072867,708.932963384472,0.451046333166231,30155.1567943854,3395.15679438539,0,1
37.85,3.52129820224442,0,256429.667449438,76897.439407807,3102.5613377784,-256429.667449438,708.962099425411,0.451120104324439,30157.6355053011,3397.63550530117,0,1
37.86,3.51149844414612,0,255721.921668579,76897.4401514393,3102.56059219301,-255721.921668579,708.99115440816,0.451193673266099,30160.1074217409,3400.10742174097,0,1
37.87,3.50169875263713,0,255014.18071691,76897.4408931188,3102.55984856073,-255014.18071691,709.020128343235,0.451267039992603,30162.5725437514,3402.57254375148,0,1
37.88,3.49189912753144,0,254306.44458105,76897.4416328458,3102.55910688122,-254306.44458105,709.049021241118,0.451340204505334,30165.0308713792,3405.03087137924,0,1
37.89,3.48209956864301,0,253598.713247619,76897.4423706206,3102.55836715423,-253598.713247619,709.07783311226,0.451413166805675,30167.4824046707,3407.48240467069,0,1
37.9,3.47230007578584,0,252890.986703236,76897.4431064434,3102.55762937944,-252890.986703236,709.106563967082,0.451485926895003,30169.9271436721,3409.92714367212,0,1
37.91,3.46250064877392,0,252183.264934522,76897.4438403146,3102.55689355658,-252183.264934522,709.135213815975,0.451558484774693,30172.3650884297,3412.3650884297,0,1
37.92,3.45270128742123,0,251475.547928098,76897.4445722343,3102.55615968544,-251475.547928098,709.163782669296,0.451630840446114,30174.7962389894,3414.79623898947,0,1
37.93,3.44290199154178,0,250767.835670583,76897.4453022028,3102.55542776571,-250767.835670583,709.192270537373,0.451702993910634,30177.2205953973,3417.22059539733,0,1
37.94,3.43310276094956,0,250060.1281486,76897.4460302204,3102.55469779715,-250060.1281486,709.220677430505,0.451774945169614,30179.638157699,3419.63815769907,0,1
37.95,3.4233035954586,0,249352.425348769,76897.4467562873,3102.55396977958,-249352.425348769,709.249003358956,0.451846694224414,30182.0489259403,3422.04892594034,0,1
37.96,3.4135044948829,0,248644.727257713,76897.4474804036,3102.55324371271,-248644.727257713,709.277248332961,0.451918241076388,30184.4529001666,3424.45290016667,0,1
37.97,3.40370545903649,0,247937.033862053,76897.4482025697,3102.55251959636,-247937.033862053,709.305412362726,0.451989585726888,30186.8500804234,3426.85008042346,0,1
37.98,3.39390648773338,0,247229.345148412,76897.4489227856,3102.55179743032,-247229.345148413,709.333495458424,0.45206072817726,30189.2404667559,3429.24046675597,0,1
37.99,3.38410758078761,0,246521.661103414,76897.4496410516,3102.55107721438,-246521.661103414,709.361497630197,0.452131668428849,30191.6240592093,3431.62405920935,0,1
38,3.3743087380132,0,245813.98171368,76897.4503573679,3102.55035894836,-245813.98171368,709.389418888156,0.452202406482993,30194.0008578286,3434.0008578286,0,1
38.01,3.3645099592242,0,245106.306965834,76897.4510717347,3102.54964263206,-245106.306965834,709.417259242384,0.452272942341029,30196.3708626586,3436.3708626586,0,1
38.02,3.35471124423465,0,244398.6368465,76897.4517841521,3102.54892826531,-244398.6368465,709.445018702931,0.452343276004289,30198.7340737441,3438.73407374413,0,1
38.03,3.3449125928586,0,243690.971342303,76897.4524946203,3102.54821584793,-243690.971342303,709.472697279815,0.4524134074741,30201.0904911298,3441.09049112979,0,1
38.04,3.3351140049101,0,242983.310439866,76897.4532031394,3102.54750537974,-242983.310439866,709.500294983026,0.452483336751788,30203.4401148601,3443.44011486009,0,1
38.05,3.32531548020321,0,242275.654125814,76897.4539097096,3102.54679686062,-242275.654125814,709.527811822522,0.452553063838672,30205.7829449794,3445.78294497939,0,1
38.06,3.315517018552,0,241568.002386772,76897.4546143311,3102.54609029039,-241568.002386772,709.55524780823,0.452622588736069,30208.1189815319,3448.11898153195,0,1
38.07,3.30571861977052,0,240860.355209366,76897.455317004,3102.5453856689,-240860.355209366,709.582602950047,0.452691911445293,30210.4482245618,3450.44822456186,0,1
38.08,3.29592028367285,0,240152.712580222,76897.4560177285,3102.54468299598,-240152.712580222,709.609877257839,0.452761031967652,30212.7706741131,3452.77067411312,0,1
38.09,3.28612201007307,0,239445.074485965,76897.4567165046,3102.54398227153,-239445.074485965,709.637070741441,0.452829950304451,30215.0863302296,3455.08633022959,0,1
38.1,3.27632379878525,0,238737.440913221,76897.4574133326,3102.5432834954,-238737.440913221,709.664183410658,0.452898666456993,30217.395192955,3457.39519295498,0,1
38.11,3.2665256496235,0,238029.811848618,76897.4581082125,3102.54258666743,-238029.811848618,709.691215275264,0.452967180426574,30219.6972623329,3459.69726233289,0,1
38.12,3.25672756240189,0,237322.187278782,76897.4588011445,3102.54189178752,-237322.187278782,709.718166345003,0.453035492214488,30221.9925384068,3461.99253840681,0,1
38.13,3.24692953693452,0,236614.567190341,76897.4594921286,3102.54119885554,-236614.567190342,709.745036629587,0.453103601822025,30224.28102122,3464.28102122007,0,1
38.14,3.2371315730355,0,235906.951569923,76897.4601811651,3102.54050787135,-235906.951569923,709.7718261387,0.453171509250472,30226.5627108159,3466.56271081588,0,1
38.15,3.22733367051892,0,235199.340404155,76897.460868254,3102.53981883486,-235199.340404155,709.798534881992,0.45323921450111,30228.8376072373,3468.83760723733,0,1
38.16,3.2175358291989,0,234491.733679665,76897.4615533955,3102.53913174596,-234491.733679665,709.825162869085,0.453306717575219,30231.1057105274,3471.10571052738,0,1
38.17,3.20773804888956,0,233784.131383083,76897.4622365896,3102.53844660451,-233784.131383083,709.85171010957,0.453374018474073,30233.3670207288,3473.36702072886,0,1
38.18,3.197940329405,0,233076.533501037,76897.4629178365,3102.53776341041,-233076.533501037,709.878176613007,0.453441117198942,30235.6215378844,3475.62153788446,0,1
38.19,3.18814267055936,0,232368.940020157,76897.4635971362,3102.53708216354,-232368.940020157,709.904562388926,0.453508013751093,30237.8692620367,3477.86926203676,0,1
38.2,3.17834507216676,0,231661.350927072,76897.4642744888,3102.53640286384,-231661.350927072,709.930867446826,0.453574708131791,30240.1101932282,3480.1101932282,0,1
38.21,3.16854753404134,0,230953.766208412,76897.4649498945,3102.53572551119,-230953.766208412,709.957091796177,0.453641200342294,30242.3443315011,3482.3443315011,0,1
38.22,3.15875005599723,0,230246.185850807,76897.4656233534,3102.53505010548,-230246.185850807,709.983235446416,0.453707490383858,30244.5716768976,3484.57167689765,0,1
38.23,3.14895263784858,0,229538.609840888,76897.4662948654,3102.53437664664,-229538.609840888,710.009298406951,0.453773578257735,30246.7922294599,3486.7922294599,0,1
38.24,3.13915527940953,0,228831.038165286,76897.4669644309,3102.53370513456,-228831.038165286,710.035280687162,0.453839463965172,30249.0059892298,3489.00598922979,0,1
38.25,3.12935798049423,0,228123.470810632,76897.4676320497,3102.53303556913,-228123.470810632,710.061182296393,0.453905147507413,30251.2129562491,3491.21295624911,0,1
38.26,3.11956074091684,0,227415.907763557,76897.468297722,3102.53236795031,-227415.907763557,710.087003243963,0.4539706288857,30253.4131305595,3493.41313055954,0,1
38.27,3.10976356049152,0,226708.349010693,76897.468961448,3102.53170227796,-226708.349010693,710.112743539158,0.454035908101268,30255.6065122026,3495.60651220262,0,1
38.28,3.09996643903243,0,226000.794538673,76897.4696232276,3102.53103855203,-226000.794538673,710.138403191234,0.45410098515535,30257.7931012198,3497.79310121978,0,1
38.29,3.09016937635374,0,225293.244334129,76897.4702830609,3102.53037677241,-225293.244334129,710.163982209418,0.454165860049175,30259.9728976523,3499.97289765229,0,1
38.3,3.08037237226963,0,224585.698383694,76897.4709409481,3102.52971693907,-224585.698383694,710.189480602903,0.454230532783968,30262.1459015413,3502.14590154133,0,1
38.31,3.07057542659427,0,223878.156674,76897.4715968892,3102.52905905188,-223878.156674,710.214898380857,0.454295003360949,30264.3121129279,3504.31211292792,0,1
38.32,3.06077853914185,0,223170.619191682,76897.4722508843,3102.52840311079,-223170.619191682,710.240235552414,0.454359271781338,30266.4715318529,3506.47153185296,0,1
38.33,3.05098170972654,0,222463.085923373,76897.4729029335,3102.5277491157,-222463.085923373,710.265492126679,0.454423338046346,30268.6241583572,3508.62415835724,0,1
38.34,3.04118493816256,0,221755.556855706,76897.4735530367,3102.52709706654,-221755.556855706,710.290668112726,0.454487202157184,30270.7699924814,3510.7699924814,0,1
38.35,3.03138822426408,0,221048.031975318,76897.4742011942,3102.52644696328,-221048.031975318,710.3157635196,0.454550864115058,30272.9090342659,3512.90903426595,0,1
38.36,3.02159156784531,0,220340.511268841,76897.474847406,3102.52579880579,-220340.511268841,710.340778356314,0.454614323921169,30275.0412837513,3515.04128375129,0,1
38.37,3.01179496872045,0,219632.994722911,76897.4754916721,3102.52515259401,-219632.994722911,710.365712631853,0.454677581576716,30277.1667409777,3517.16674097768,0,1
38.38,3.00199842670371,0,218925.482324163,76897.4761339926,3102.52450832792,-218925.482324163,710.390566355171,0.454740637082894,30279.2854059852,3519.28540598525,0,1
38.39,2.99220194160931,0,218217.974059234,76897.4767743676,3102.5238660074,-218217.974059234,710.41533953519,0.454803490440893,30281.397278814,3521.39727881401,0,1
38.4,2.98240551325146,0,217510.469914758,76897.4774127972,3102.52322563238,-217510.469914758,710.440032180805,0.454866141651899,30283.5023595038,3523.50235950384,0,1
38.41,2.97260914144439,0,216802.969877373,76897.4780492814,3102.52258720281,-216802.969877373,710.464644300879,0.454928590717097,30285.6006480945,3525.60064809448,0,1
38.42,2.96281282600231,0,216095.473933713,76897.4786838202,3102.52195071863,-216095.473933713,710.489175904244,0.454990837637665,30287.6921446255,3527.69214462555,0,1
38.43,2.95301656673946,0,215387.982070418,76897.4793164138,3102.52131617977,-215387.982070418,710.513626999705,0.455052882414778,30289.7768491365,3529.77684913655,0,1
38.44,2.94322036347008,0,214680.494274123,76897.4799470622,3102.52068358616,-214680.494274123,710.537997596033,0.455114725049608,30291.8547616668,3531.85476166685,0,1
38.45,2.9334242160084,0,213973.010531465,76897.4805757655,3102.52005293778,-213973.010531465,710.562287701973,0.455176365543323,30293.9258822556,3533.92588225567,0,1
38.46,2.92362812416867,0,213265.530829084,76897.4812025237,3102.51942423449,-213265.530829084,710.586497326236,0.455237803897086,30295.9902109421,3535.99021094212,0,1
38.47,2.91383208776512,0,212558.055153616,76897.4818273369,3102.51879747628,-212558.055153616,710.610626477505,0.455299040112059,30298.0477477652,3538.04774776519,0,1
38.48,2.90403610661203,0,211850.583491701,76897.4824502051,3102.5181726631,-211850.583491701,710.634675164435,0.455360074189396,30300.0984927637,3540.09849276372,0,1
38.49,2.89424018052363,0,211143.115829976,76897.4830711285,3102.51754979487,-211143.115829976,710.658643395646,0.45542090613025,30302.1424459764,3542.14244597644,0,1
38.5,2.88444430931419,0,210435.652155081,76897.483690107,3102.51692887154,-210435.652155081,710.682531179733,0.455481535935771,30304.1796074419,3544.17960744193,0,1
38.51,2.87464849279797,0,209728.192453655,76897.4843071407,3102.51630989303,-209728.192453655,710.706338525257,0.455541963607103,30306.2099771987,3546.20997719868,0,1
38.52,2.86485273078924,0,209020.736712337,76897.4849222297,3102.51569285931,-209020.736712337,710.730065440752,0.455602189145386,30308.233555285,3548.23355528501,0,1
38.53,2.85505702310228,0,208313.284917767,76897.4855353741,3102.51507777029,-208313.284917767,710.753711934722,0.455662212551759,30310.2503417391,3550.25034173913,0,1
38.54,2.84526136955136,0,207605.837056586,76897.4861465738,3102.51446462593,-207605.837056586,710.777278015637,0.455722033827354,30312.2603365991,3552.26033659913,0,1
38.55,2.83546576995075,0,206898.393115434,76897.486755829,3102.51385342621,-206898.393115434,710.800763691943,0.455781652973301,30314.2635399029,3554.26353990295,0,1
38.56,2.82567022411475,0,206190.953080952,76897.4873631396,3102.51324417104,-206190.953080952,710.824168972051,0.455841069990726,30316.2599516884,3556.25995168843,0,1
38.57,2.81587473185764,0,205483.51693978,76897.4879685059,3102.51263686037,-205483.51693978,710.847493864345,0.455900284880751,30318.2495719932,3558.24957199325,0,1
38.58,2.80607929299372,0,204776.08467856,76897.4885719277,3102.51203149415,-204776.08467856,710.870738377179,0.455959297644493,30320.232400855,3560.232400855,0,1
38.59,2.79628390733728,0,204068.656283933,76897.4891734051,3102.51142807232,-204068.656283933,710.893902518877,0.456018108283068,30322.2084383111,3562.2084383111,0,1
38.6,2.78648857470262,0,203361.231742542,76897.4897729384,3102.51082659485,-203361.231742542,710.91698629773,0.456076716797584,30324.1776843988,3564.17768439886,0,1
38.61,2.77669329490405,0,202653.811041029,76897.4903705273,3102.51022706165,-202653.811041029,710.939989722005,0.456135123189151,30326.1401391555,3566.14013915548,0,1
38.62,2.76689806775587,0,201946.394166035,76897.4909661721,3102.5096294727,-201946.394166035,710.962912799934,0.456193327458869,30328.095802618,3568.09580261801,0,1
38.63,2.7571028930724,0,201238.981104205,76897.4915598727,3102.50903382794,-201238.981104205,710.985755539722,0.456251329607838,30330.0446748233,3570.04467482337,0,1
38.64,2.74730777066796,0,200531.57184218,76897.4921516292,3102.50844012731,-200531.57184218,711.008517949543,0.456309129637153,30331.9867558083,3571.98675580836,0,1
38.65,2.73751270035686,0,199824.166366604,76897.4927414417,3102.50784837076,-199824.166366604,711.031200037542,0.456366727547906,30333.9220456096,3573.92204560966,0,1
38.66,2.72771768195344,0,199116.764664122,76897.4933293103,3102.50725855825,-199116.764664122,711.053801811834,0.456424123341184,30335.8505442638,3575.8505442638,0,1
38.67,2.71792271527201,0,198409.366721375,76897.4939152349,3102.50667068972,-198409.366721375,711.076323280504,0.456481317018071,30337.7722518072,3577.77225180721,0,1
38.68,2.70812780012691,0,197701.97252501,76897.4944992156,3102.50608476515,-197701.97252501,711.098764451607,0.456538308579647,30339.6871682761,3579.68716827615,0,1
38.69,2.69833293633248,0,196994.58206167,76897.4950812524,3102.50550078443,-196994.58206167,711.121125333169,0.456595098026988,30341.5952937068,3581.5952937068,0,1
38.7,2.68853812370306,0,196287.195318,76897.4956613455,3102.50491874758,-196287.195318,711.143405933186,0.456651685361166,30343.4966281352,3583.49662813519,0,1
38.71,2.67874336205299,0,195579.812280645,76897.4962394948,3102.50433865451,-195579.812280645,711.165606259625,0.456708070583249,30345.3911715972,3585.3911715972,0,1
38.72,2.66894865119662,0,194872.432936251,76897.4968157004,3102.50376050518,-194872.432936251,711.187726320421,0.456764253694304,30347.2789241286,3587.27892412863,0,1
38.73,2.6591539909483,0,194165.057271462,76897.4973899624,3102.50318429957,-194165.057271462,711.209766123482,0.456820234695389,30349.1598857651,3589.1598857651,0,1
38.74,2.64935938112239,0,193457.685272925,76897.4979622808,3102.50261003758,-193457.685272925,711.231725676685,0.456876013587563,30351.0340565421,3591.03405654214,0,1
38.75,2.63956482153324,0,192750.316927287,76897.4985326556,3102.5020377192,-192750.316927287,711.253604987878,0.456931590371878,30352.9014364951,3592.90143649514,0,1
38.76,2.62977031199523,0,192042.952221192,76897.4991010869,3102.50146734441,-192042.952221192,711.275404064878,0.456986965049385,30354.7620256593,3594.76202565935,0,1
38.77,2.61997585232271,0,191335.591141289,76897.4996675747,3102.50089891309,-191335.591141289,711.297122915474,0.457042137621128,30356.6158240699,3596.61582406991,0,1
38.78,2.61018144233006,0,190628.233674223,76897.5002321192,3102.50033242526,-190628.233674223,711.318761547426,0.457097108088149,30358.4628317618,3598.46283176182,0,1
38.79,2.60038708183166,0,189920.879806643,76897.5007947202,3102.49976788083,-189920.879806643,711.340319968461,0.457151876451486,30360.3030487699,3600.30304876996,0,1
38.8,2.59059277064187,0,189213.529525195,76897.5013553779,3102.49920527979,-189213.529525195,711.36179818628,0.457206442712174,30362.1364751291,3602.13647512908,0,1
38.81,2.58079850857509,0,188506.182816528,76897.5019140924,3102.49864462206,-188506.182816528,711.383196208553,0.457260806871243,30363.9631108738,3603.96311087379,0,1
38.82,2.5710042954457,0,187798.839667289,76897.5024708636,3102.49808590762,-187798.839667289,711.40451404292,0.457314968929719,30365.7829560386,3605.78295603858,0,1
38.83,2.56121013106809,0,187091.500064127,76897.5030256916,3102.49752913641,-187091.500064127,711.425751696992,0.457368928888625,30367.5960106578,3607.59601065782,0,1
38.84,2.55141601525665,0,186384.16399369,76897.5035785764,3102.49697430842,-186384.16399369,711.446909178351,0.45742268674898,30369.4022747657,3609.40227476574,0,1
38.85,2.54162194782577,0,185676.831442627,76897.5041295182,3102.49642142357,-185676.831442627,711.467986494549,0.457476242511799,30371.2017483964,3611.20174839645,0,1
38.86,2.53182792858987,0,184969.502397588,76897.5046785169,3102.49587048181,-184969.502397588,711.488983653107,0.457529596178093,30372.9944315839,3612.99443158393,0,1
38.87,2.52203395736334,0,184262.176845221,76897.5052255725,3102.49532148313,-184262.176845221,711.509900661521,0.457582747748869,30374.780324362,3614.78032436202,0,1
38.88,2.5122400339606,0,183554.854772176,76897.5057706852,3102.49477442747,-183554.854772176,711.530737527251,0.457635697225132,30376.5594267644,3616.55942676446,0,1
38.89,2.50244615819605,0,182847.536165104,76897.506313855,3102.49422931478,-182847.536165104,711.551494257734,0.457688444607881,30378.3317388248,3618.33173882482,0,1
38.9,2.4926523298841,0,182140.221010654,76897.5068550819,3102.493686145,-182140.221010654,711.572170860372,0.457740989898112,30380.0972605766,3620.09726057659,0,1
38.91,2.48285854883918,0,181432.909295476,76897.5073943659,3102.49314491813,-181432.909295476,711.592767342543,0.457793333096818,30381.8559920531,3621.85599205309,0,1
38.92,2.47306481487572,0,180725.601006222,76897.5079317071,3102.49260563412,-180725.601006222,711.61328371159,0.457845474204986,30383.6079332875,3623.60793328753,0,1
38.93,2.46327112780813,0,180018.296129542,76897.5084671055,3102.49206829292,-180018.296129542,711.633719974831,0.457897413223601,30385.353084313,3625.353084313,0,1
38.94,2.45347748745084,0,179310.994652087,76897.5090005612,3102.49153289446,-179310.994652087,711.654076139553,0.457949150153644,30387.0914451624,3627.09144516245,0,1
38.95,2.44368389361829,0,178603.69656051,76897.5095320743,3102.49099943876,-178603.69656051,711.674352213013,0.458000684996092,30388.8230158687,3628.8230158687,0,1
38.96,2.43389034612492,0,177896.401841461,76897.5100616447,3102.4904679257,-177896.401841461,711.694548202439,0.458052017751918,30390.5477964644,3630.54779646445,0,1
38.97,2.42409684478516,0,177189.110481592,76897.5105892725,3102.48993835531,-177189.110481592,711.714664115031,0.458103148422091,30392.2657869823,3632.26578698227,0,1
38.98,2.41430338941346,0,176481.822467556,76897.5111149577,3102.48941072749,-176481.822467556,711.734699957957,0.458154077007577,30393.9769874546,3633.9769874546,0,1
38.99,2.40450997982427,0,175774.537786005,76897.5116387005,3102.48888504226,-175774.537786005,711.754655738358,0.458204803509337,30395.6813979137,3635.68139791375,0,1
39,2.39471661583203,0,175067.256423592,76897.5121605007,3102.48836129952,-175067.256423592,711.774531463346,0.45825532792833,30397.3790183919,3637.37901839191,0,1
39.01,2.3849232972512,0,174359.97836697,76897.5126803586,3102.48783949927,-174359.97836697,711.79432714,0.458305650265509,30399.0698489211,3639.06984892112,0,1
39.02,2.37513002389624,0,173652.703602792,76897.513198274,3102.48731964144,-173652.703602792,711.814042775374,0.458355770521825,30400.7538895333,3640.75388953333,0,1
39.03,2.36533679558161,0,172945.432117712,76897.513714247,3102.48680172602,-172945.432117712,711.833678376491,0.458405688698224,30402.4311402603,3642.43114026033,0,1
39.04,2.35554361212177,0,172238.163898382,76897.5142282778,3102.48628575297,-172238.163898382,711.853233950344,0.458455404795648,30404.1016011338,3644.10160113378,0,1
39.05,2.34575047333118,0,171530.898931458,76897.5147403663,3102.4857717222,-171530.898931458,711.872709503897,0.458504918815036,30405.7652721852,3645.76527218524,0,1
39.06,2.33595737902434,0,170823.637203593,76897.5152505125,3102.48525963373,-170823.637203593,711.892105044087,0.458554230757324,30407.4221534461,3647.42215344612,0,1
39.07,2.32616432901569,0,170116.378701441,76897.5157587166,3102.48474948747,-170116.378701441,711.911420577819,0.458603340623443,30409.0722449477,3649.0722449477,0,1
39.08,2.31637132311973,0,169409.123411658,76897.5162649785,3102.48424128344,-169409.123411658,711.930656111969,0.458652248414319,30410.7155467211,3650.71554672115,0,1
39.09,2.30657836115094,0,168701.871320898,76897.5167692982,3102.48373502154,-168701.871320898,711.949811653386,0.458700954130877,30412.3520587975,3652.35205879749,0,1
39.1,2.29678544292379,0,167994.622415817,76897.5172716759,3102.48323070176,-167994.622415817,711.968887208887,0.458749457774036,30413.9817812076,3653.98178120763,0,1
39.11,2.28699256825278,0,167287.376683069,76897.5177721116,3102.48272832409,-167287.376683069,711.987882785261,0.458797759344712,30415.6047139823,3655.60471398235,0,1
39.12,2.2771997369524,0,166580.134109311,76897.5182706052,3102.48222788844,-166580.134109311,712.006798389269,0.458845858843818,30417.2208571523,3657.22085715229,0,1
39.13,2.26740694883714,0,165872.894681199,76897.5187671569,3102.48172939479,-165872.894681199,712.025634027642,0.45889375627226,30418.8302107479,3658.83021074796,0,1
39.14,2.2576142037215,0,165165.658385387,76897.5192617667,3102.4812328431,-165165.658385387,712.044389707081,0.458941451630945,30420.4327747997,3660.43277479976,0,1
39.15,2.24782150141998,0,164458.425208534,76897.5197544345,3102.48073823334,-164458.425208534,712.063065434258,0.458988944920772,30422.0285493379,3662.02854933796,0,1
39.16,2.23802884174709,0,163751.195137295,76897.5202451605,3102.48024556549,-163751.195137295,712.081661215817,0.459036236142639,30423.6175343927,3663.61753439268,0,1
39.17,2.22823622451733,0,163043.968158327,76897.5207339447,3102.47975483947,-163043.968158327,712.100177058372,0.459083325297438,30425.1997299939,3665.19972999393,0,1
39.18,2.21844364954521,0,162336.744258287,76897.5212207871,3102.47926605529,-162336.744258287,712.118612968509,0.459130212386059,30426.7751361716,3666.77513617159,0,1
39.19,2.20865111664525,0,161629.523423833,76897.5217056878,3102.47877921286,-161629.523423833,712.136968952783,0.459176897409387,30428.3437529554,3668.34375295541,0,1
39.2,2.19885862563196,0,160922.305641622,76897.5221886468,3102.47829431218,-160922.305641622,712.155245017721,0.459223380368303,30429.905580375,3669.90558037501,0,1
39.21,2.18906617631986,0,160215.090898312,76897.5226696641,3102.47781135321,-160215.090898312,712.173441169821,0.459269661263686,30431.4606184599,3671.46061845988,0,1
39.22,2.17927376852349,0,159507.87918056,76897.5231487398,3102.47733033588,-159507.87918056,712.191557415552,0.45931574009641,30433.0088672394,3673.0088672394,0,1
39.23,2.16948140205735,0,158800.670475025,76897.5236258739,3102.47685126017,-158800.670475025,712.209593761354,0.459361616867344,30434.5503267428,3674.55032674279,0,1
39.24,2.15968907673599,0,158093.464768366,76897.5241010665,3102.47637412607,-158093.464768366,712.227550213637,0.459407291577356,30436.0849969991,3676.08499699917,0,1
39.25,2.14989679237394,0,157386.262047241,76897.5245743175,3102.47589893352,-157386.262047241,712.245426778784,0.459452764227306,30437.6128780375,3677.61287803751,0,1
39.26,2.14010454878573,0,156679.062298308,76897.525045627,3102.4754256825,-156679.062298308,712.263223463146,0.459498034818055,30439.1339698867,3679.13396988668,0,1
39.27,2.1303123457859,0,155971.865508228,76897.5255149952,3102.47495437296,-155971.865508228,712.280940273047,0.459543103350458,30440.6482725754,3680.6482725754,0,1
39.28,2.12052018318899,0,155264.671663659,76897.5259824218,3102.47448500484,-155264.671663659,712.298577214783,0.459587969825364,30442.1557861322,3682.15578613226,0,1
39.29,2.11072806080956,0,154557.48075126,76897.5264479071,3102.47401757818,-154557.48075126,712.316134294618,0.459632634243622,30443.6565105857,3683.65651058573,0,1
39.3,2.10093597846213,0,153850.292757693,76897.5269114511,3102.47355209285,-153850.292757693,712.33361151879,0.459677096606075,30445.1504459641,3685.15044596415,0,1
39.31,2.09114393596128,0,153143.107669615,76897.5273730538,3102.47308854888,-153143.107669615,712.351008893506,0.459721356913563,30446.6375922957,3686.63759229574,0,1
39.32,2.08135193312154,0,152435.925473689,76897.5278327152,3102.47262694621,-152435.925473689,712.368326424944,0.459765415166922,30448.1179496086,3688.11794960859,0,1
39.33,2.07155996975749,0,151728.746156574,76897.5282904354,3102.47216728482,-151728.746156574,712.385564119256,0.459809271366983,30449.5915179306,3689.59151793064,0,1
39.34,2.06176804568367,0,151021.569704931,76897.5287462143,3102.47170956463,-151021.569704931,712.402721982561,0.459852925514575,30451.0582972897,3691.05829728973,0,1
39.35,2.05197616071466,0,150314.39610542,76897.5292000521,3102.47125378568,-150314.39610542,712.419800020951,0.459896377610522,30452.5182877135,3692.51828771355,0,1
39.36,2.04218431466502,0,149607.225344704,76897.5296519488,3102.47079994786,-149607.225344704,712.43679824049,0.459939627655645,30453.9714892297,3693.97148922969,0,1
39.37,2.03239250734931,0,148900.057409442,76897.5301019044,3102.4703480512,-148900.057409442,712.453716647212,0.459982675650761,30455.4179018656,3695.41790186558,0,1
39.38,2.02260073858211,0,148192.892286297,76897.5305499189,3102.46989809562,-148192.892286297,712.470555247122,0.460025521596682,30456.8575256485,3696.85752564854,0,1
39.39,2.012809008178,0,147485.72996193,76897.5309959924,3102.46945008109,-147485.72996193,712.487314046196,0.460068165494218,30458.2903606057,3698.29036060576,0,1
39.4,2.00301731595155,0,146778.570423003,76897.5314401249,3102.46900400759,-146778.570423003,712.503993050381,0.460110607344175,30459.7164067643,3699.7164067643,0,1
39.41,1.99322566171734,0,146071.413656179,76897.5318823164,3102.46855987509,-146071.413656179,712.520592265598,0.460152847147353,30461.1356641511,3701.13566415109,0,1
39.42,1.98343404528995,0,145364.259648119,76897.5323225671,3102.46811768356,-145364.259648119,712.537111697734,0.460194884904551,30462.5481327929,3702.54813279294,0,1
39.43,1.97364246648399,0,144657.108385486,76897.5327608768,3102.46767743294,-144657.108385486,712.553551352651,0.460236720616562,30463.9538127165,3703.95381271652,0,1
39.44,1.96385092511402,0,143949.959854944,76897.5331972456,3102.46723912323,-143949.959854944,712.569911236181,0.460278354284177,30465.3527039484,3705.35270394838,0,1
39.45,1.95405942099465,0,143242.814043154,76897.5336316737,3102.46680275435,-143242.814043154,712.586191354128,0.460319785908182,30466.7448065149,3706.74480651494,0,1
39.46,1.94426795394047,0,142535.670936781,76897.5340641609,3102.46636832632,-142535.670936781,712.602391712266,0.460361015489359,30468.1301204425,3708.13012044249,0,1
39.47,1.93447652376607,0,141828.530522486,76897.5344947074,3102.46593583908,-141828.530522486,712.61851231634,0.460402043028488,30469.5086457572,3709.5086457572,0,1
39.48,1.92468513028607,0,141121.392786935,76897.5349233132,3102.4655052926,-141121.392786935,712.634553172067,0.460442868526342,30470.8803824851,3710.88038248511,0,1
39.49,1.91489377331506,0,140414.257716791,76897.5353499782,3102.46507668683,-140414.257716791,712.650514285136,0.460483491983693,30472.2453306521,3712.24533065211,0,1
39.5,1.90510245266764,0,139707.125298717,76897.5357747026,3102.46465002178,-139707.125298717,712.666395661205,0.460523913401309,30473.603490284,3713.603490284,0,1
39.51,1.89531116815843,0,138999.995519378,76897.5361974864,3102.46422529737,-138999.995519378,712.682197305905,0.460564132779952,30474.9548614064,3714.95486140641,0,1
39.52,1.88551991960204,0,138292.868365439,76897.5366183296,3102.46380251359,-138292.868365439,712.697919224839,0.460604150120383,30476.2994440449,3716.29944404489,0,1
39.53,1.87572870681308,0,137585.743823563,76897.5370372322,3102.46338167043,-137585.743823563,712.713561423578,0.460643965423357,30477.6372382248,3717.63723822482,0,1
39.54,1.86593752960618,0,136878.621880416,76897.5374541943,3102.46296276781,-136878.621880416,712.729123907667,0.460683578689626,30478.9682439714,3718.96824397146,0,1
39.55,1.85614638779594,0,136171.502522663,76897.5378692158,3102.46254580574,-136171.502522663,712.744606682622,0.460722989919939,30480.2924613099,3720.29246130997,0,1
39.56,1.84635528119699,0,135464.385736968,76897.5382822969,3102.46213078416,-135464.385736968,712.76000975393,0.46076219911504,30481.6098902653,3721.60989026535,0,1
39.57,1.83656420962396,0,134757.271509997,76897.5386934376,3102.46171770306,-134757.271509997,712.775333127048,0.460801206275669,30482.9205308625,3722.92053086248,0,1
39.58,1.82677317289148,0,134050.159828416,76897.5391026379,3102.4613065624,-134050.159828416,712.790576807406,0.460840011402563,30484.2243831261,3724.22438312613,0,1
39.59,1.81698217081417,0,133343.050678891,76897.5395098978,3102.46089736212,-133343.050678891,712.805740800406,0.460878614496455,30485.5214470809,3725.52144708092,0,1
39.6,1.80719120320668,0,132635.944048086,76897.5399152173,3102.46049010224,-132635.944048086,712.820825111418,0.460917015558075,30486.8117227513,3726.81172275134,0,1
39.61,1.79740026988362,0,131928.839922669,76897.5403185965,3102.46008478272,-131928.839922669,712.835829745786,0.460955214588148,30488.0952101618,3728.09521016178,0,1
39.62,1.78760937065965,0,131221.738289306,76897.5407200355,3102.45968140349,-131221.738289306,712.850754708825,0.460993211587394,30489.3719093364,3729.37190933646,0,1
39.63,1.77781850534941,0,130514.639134663,76897.5411195341,3102.45927996455,-130514.639134663,712.865600005821,0.461031006556533,30490.6418202995,3730.64182029952,0,1
39.64,1.76802767376753,0,129807.542445407,76897.5415170926,3102.45888046586,-129807.542445407,712.880365642031,0.461068599496277,30491.9049430749,3731.90494307494,0,1
39.65,1.75823687572866,0,129100.448208204,76897.5419127109,3102.4584829074,-129100.448208204,712.895051622684,0.461105990407338,30493.1612776866,3733.16127768658,0,1
39.66,1.74844611104746,0,128393.356409722,76897.542306389,3102.45808728914,-128393.356409722,712.909657952981,0.461143179290421,30494.4108241581,3734.41082415816,0,1
39.67,1.73865537953857,0,127686.267036629,76897.5426981269,3102.45769361104,-127686.267036629,712.924184638092,0.461180166146229,30495.6535825133,3735.6535825133,0,1
39.68,1.72886468101664,0,126979.180075591,76897.5430879248,3102.45730187307,-126979.180075591,712.938631683161,0.46121695097546,30496.8895527754,3736.88955277547,0,1
39.69,1.71907401529634,0,126272.095513275,76897.5434757826,3102.45691207521,-126272.095513275,712.952999093302,0.461253533778809,30498.118734968,3738.11873496801,0,1
39.7,1.70928338219232,0,125565.013336351,76897.5438617003,3102.45652421743,-125565.013336351,712.9672868736,0.461289914556968,30499.3411291141,3739.34112911415,0,1
39.71,1.69949278151924,0,124857.933531485,76897.5442456781,3102.45613829966,-124857.933531485,712.981495029113,0.461326093310624,30500.556735237,3740.55673523697,0,1
39.72,1.68970221309177,0,124150.856085347,76897.5446277158,3102.45575432194,-124150.856085347,712.99562356487,0.461362070040459,30501.7655533594,3741.76555335945,0,1
39.73,1.67991167672457,0,123443.780984603,76897.5450078136,3102.4553722842,-123443.780984603,713.009672485869,0.461397844747155,30502.9675835044,3742.96758350442,0,1
39.74,1.67012117223231,0,122736.708215923,76897.5453859715,3102.45499218638,-122736.708215923,713.023641797084,0.461433417431386,30504.1628256946,3744.16282569458,0,1
39.75,1.66033069942967,0,122029.637765976,76897.5457621894,3102.45461402854,-122029.637765976,713.037531503456,0.461468788093824,30505.3512799525,3745.35127995251,0,1
39.76,1.6505402581313,0,121322.569621429,76897.5461364675,3102.45423781057,-121322.569621429,713.0513416099,0.461503956735139,30506.5329463007,3746.53294630068,0,1
39.77,1.6407498481519,0,120615.503768953,76897.5465088058,3102.45386353249,-120615.503768953,713.065072121301,0.461538923355993,30507.7078247614,3747.70782476139,0,1
39.78,1.63095946930613,0,119908.440195217,76897.5468792042,3102.45349119425,-119908.440195217,713.078723042517,0.461573687957048,30508.8759153568,3748.87591535685,0,1
39.79,1.62116912140869,0,119201.378886889,76897.5472476628,3102.45312079581,-119201.378886889,713.092294378377,0.461608250538961,30510.0372181091,3750.03721810912,0,1
39.8,1.61137880427424,0,118494.319830639,76897.5476141817,3102.45275233717,-118494.319830639,713.105786133681,0.461642611102385,30511.1917330401,3751.19173304015,0,1
39.81,1.60158851771748,0,117787.263013138,76897.5479787609,3102.45238581828,-117787.263013138,713.119198313201,0.461676769647968,30512.3394601717,3752.33946017174,0,1
39.82,1.5917982615531,0,117080.208421054,76897.5483414003,3102.45202123912,-117080.208421054,713.132530921679,0.461710726176356,30513.4803995256,3753.48039952559,0,1
39.83,1.58200803559578,0,116373.156041058,76897.5487021001,3102.45165859967,-116373.156041058,713.145783963831,0.461744480688191,30514.6145511232,3754.61455112324,0,1
39.84,1.57221783966021,0,115666.105859821,76897.5490608602,3102.4512978999,-115666.105859821,713.158957444343,0.46177803318411,30515.7419149861,3755.74191498612,0,1
39.85,1.5624276735611,0,114959.057864012,76897.5494176808,3102.45093913977,-114959.057864012,713.172051367872,0.461811383664747,30516.8624911355,3756.86249113554,0,1
39.86,1.55263753711312,0,114252.012040302,76897.5497725617,3102.45058231924,-114252.012040302,713.185065739048,0.461844532130733,30517.9762795926,3757.97627959266,0,1
39.87,1.542847430131,0,113544.968375361,76897.550125503,3102.45022743834,-113544.968375361,713.198000562473,0.461877478582694,30519.0832803785,3759.08328037854,0,1
39.88,1.53305735242942,0,112837.926855861,76897.5504765048,3102.44987449698,-112837.926855861,713.210855842717,0.461910223021252,30520.1834935141,3760.18349351408,0,1
39.89,1.52326730382309,0,112130.887468473,76897.5508255671,3102.44952349519,-112130.887468473,713.223631584326,0.461942765447025,30521.2769190201,3761.27691902007,0,1
39.9,1.51347728412671,0,111423.850199867,76897.5511726899,3102.44917443288,-111423.850199867,713.236327791815,0.46197510586063,30522.3635569172,3762.36355691718,0,1
39.91,1.503687293155,0,110716.815036716,76897.5515178733,3102.44882731007,-110716.815036716,713.24894446967,0.462007244262676,30523.4434072259,3763.44340722594,0,1
39.92,1.49389733072266,0,110009.78196569,76897.5518611172,3102.44848212673,-110009.78196569,713.261481622352,0.462039180653772,30524.5164699667,3764.51646996675,0,1
39.93,1.4841073966444,0,109302.750973462,76897.5522024217,3102.4481388828,-109302.750973462,713.273939254289,0.46207091503452,30525.5827451599,3765.58274515988,0,1
39.94,1.47431749073494,0,108595.722046702,76897.5525417868,3102.44779757829,-108595.722046702,713.286317369884,0.46210244740552,30526.6422328255,3766.6422328255,0,1
39.95,1.46452761280899,0,107888.109675622,76897.1355672315,3102.44745821318,-107888.109675622,713.298615973511,0.462133777767369,30527.6949329836,3767.6949329836,0,1
39.96,1.45473781173862,0,107177.198147583,76894.3446402556,3102.46780671983,-107177.198147583,713.310835069514,0.462164906120657,30528.7408456541,3768.7408456541,0,1
39.97,1.44494836397773,0,106460.322006405,76887.2074477182,3102.59279246166,-106460.322006405,713.322974629379,0.462195832382332,30529.7799680463,3769.77996804637,0,1
39.98,1.4351597679671,0,105735.078740642,76873.8901117111,3102.99273076472,-105735.078740642,713.33503443945,0.462226555997735,30530.8122815239,3770.81228152392,0,1
39.99,1.4253727177072,0,104999.31681653,76852.69049726,3103.89916747645,-104999.31681653,713.347013984319,0.462257075643471,30531.8377416206,3771.83774162066,0,1
40,1.41558808007252,0,104251.134266136,76822.0321489915,3105.60131106871,-104251.134266136,713.358912464408,0.46228738927215,30532.8562795442,3772.85627954424,0,1
40.01,1.40580687325831,0,103488.864946724,76780.4587195665,3108.43884368636,-103488.864946724,713.370728824815,0.4623174941858,30533.8678046429,3773.86780464292,0,1
40.02,1.39603024672741,0,102711.064071433,76726.6287745272,3112.79523254276,-102711.064071433,713.382461783394,0.462347387107384,30534.8722068081,3774.87220680811,0,1
40.03,1.38625946255409,0,101916.494747716,76659.3109658756,3119.09150728422,-101916.494747716,713.394109857989,0.462377064250128,30535.8693588043,3775.86935880434,0,1
40.04,1.37649587806693,0,101104.115247684,76577.3795268156,3127.78047059408,-101104.115247684,713.405671392086,0.462406521382845,30536.8591184636,3776.85911846362,0,1
40.05,1.36674092970192,0,100273.066955528,76479.8100404393,3139.34131245598,-100273.066955528,713.417144578891,0.462435753891248,30537.8413307459,3777.84133074596,0,1
40.06,1.3569961179861,0,99422.6629166707,76365.6754415715,3154.27460150703,-99422.6629166707,713.428527483937,0.462464756835533,30538.8158296739,3778.81582967393,0,1
40.07,1.3472629935801,0,98552.3769245672,76234.1422160614,3173.09762955283,-98552.3769245672,713.4398180663,0.462493525004419,30539.7824401485,3779.78244014851,0,1
40.08,1.3375431443148,0,97661.8330913149,76084.4667665182,3196.34008765445,-97661.8330913149,713.451014198497,0.46252205296583,30540.7409796519,3780.74097965189,0,1
40.09,1.32783818316348,0,96750.7958573002,75915.9919177352,3224.54005426014,-96750.7958573002,713.462113685129,0.462550335114378,30541.6912598431,3781.69125984313,0,1
40.1,1.31814973709655,0,95819.1604029179,75719.8011758281,3258.24027766885,-95819.1604029179,713.473114280316,0.462578365715809,30542.6330880512,3782.63308805121,0,1
40.11,1.30847943677028,0,94866.9434321786,75464.1133536751,3298.31184544031,-94866.9434321786,713.484013704,0.462606138948516,30543.5662686701,3783.56626867016,0,1
40.12,1.29882886855215,0,93894.2743038446,75146.6554527546,3346.83784747395,-93894.2743038446,713.494809657134,0.462633648942268,30544.4906044602,3784.49060446021,0,1
40.13,1.28919942304287,0,92900.9190006315,74768.0609674264,3405.90882009277,-92900.9190006315,713.505499835829,0.462660889814244,30545.4058977586,3785.40589775862,0,1
40.14,1.27959232996159,0,91885.0570495651,74327.733530162,3477.50848884894,-91885.0570495651,713.516081944476,0.462687855702492,30546.3119516037,3786.31195160375,0,1
40.15,1.27000882467806,0,90845.0668480039,73825.2723695833,3563.56618020844,-90845.0668480039,713.526553681683,0.462714540730107,30547.2085685316,3787.20856853161,0,1
40.16,1.26045014188223,0,89779.6792566325,73260.6166900061,3665.95128513494,-89779.6792566325,713.536912630975,0.462740938726686,30548.0955412166,3788.09554121665,0,1
40.17,1.25091749342839,0,88687.9560451374,72634.0369418544,3786.46227855687,-88687.9560451374,713.547156183006,0.4627670430301,30548.9726458114,3788.97264581136,0,1
40.18,1.24141204867654,0,87569.278778775,71946.1243646076,3926.81651167924,-87569.278778775,713.55728156648,0.462792846565257,30549.8396445927,3789.83964459267,0,1
40.19,1.23193491716384,0,86423.3260356434,71197.7787481516,4088.64081457156,-86423.3260356434,713.56728588646,0.462818341941729,30550.6962892421,3790.69628924211,0,1
40.2,1.22248713351653,0,85250.0499420598,70390.1943097861,4273.46294711782,-85250.0499420598,713.577166160853,0.462843521546704,30551.5423239693,3791.54232396927,0,1
40.21,1.21306964452133,0,84049.6533901778,69524.8438838723,4482.70393895005,-84049.6533901778,713.586919354986,0.462868377633106,30552.3774884724,3792.37748847238,0,1
40.22,1.20368329826481,0,82822.5679821354,68603.4616402882,4717.67134967007,-82822.5679821354,713.596542413581,0.462892902401103,30553.2015206771,3793.20152067707,0,1
40.23,1.19432883524126,0,81569.4327346927,67628.0245435151,4979.55347096085,-81569.4327346927,713.606032290146,0.462917088073007,30554.014159253,3794.01415925307,0,1
40.24,1.1850068813246,0,80291.0735756981,66600.7327680552,5269.41448303594,-80291.0735756981,713.615385973841,0.462940926961775,30554.8151459156,3794.81514591565,0,1
40.25,1.17571794249503,0,78988.4836605897,65523.9892882181,5588.19056892969,-78988.4836605897,713.62460051392,0.462964411533306,30555.6042275191,3795.60422751909,0,1
40.26,1.16646240120778,0,77662.8045336263,64400.3788598616,5936.6869814442,-77662.8045336263,713.633673041818,0.462987534462779,30556.3811579494,3796.38115794938,0,1
40.27,1.15724051428827,0,76315.3081546758,63232.6466084655,6315.57604924077,-76315.3081546758,713.642600790995,0.463010288685241,30557.1456998241,3797.14569982412,0,1
40.28,1.14805241223634,0,74947.3798081588,62023.6764320489,6725.39610068715,-74947.3798081588,713.65138111461,0.463032667440697,30557.8976260074,3797.89762600745,0,1
40.29,1.13889809982092,0,73560.50190622,60776.4694190688,7166.5512767351,-73560.50190622,713.660011501139,0.463054664313939,30558.6367209483,3798.63672094835,0,1
40.3,1.1297774578463,0,72156.23869348,59494.1224707605,7639.31219738146,-72156.23869348,713.668489588018,0.463076273269362,30559.3627818506,3799.36278185058,0,1
40.31,1.12069024597171,0,70736.2218558891,58179.8073046819,8143.81744022689,-70736.2218558891,713.676813173428,0.463097488681035,30560.0756196828,3800.0756196828,0,1
40.32,1.11163610646743,0,69302.1370313704,56836.7500017817,8680.07578434231,-69302.1370313704,713.684980226309,0.463118305358264,30560.7750600377,3800.77506003768,0,1
40.33,1.10261456879246,0,67855.7112151864,55468.2112434774,9247.96916812299,-67855.7112151864,713.692988894715,0.463138718566914,30561.4609438483,3801.46094384832,0,1
40.34,1.09362505488197,0,66398.7010483699,54077.4673683314,9847.25630607885,-66398.7010483699,713.700837512597,0.463158724046755,30562.133127971,3802.13312797098,0,1
40.35,1.08466688503591,0,64932.8819732192,52667.7923603208,10477.5769065866,-64932.8819732193,713.708524605138,0.463178318025076,30562.7914856425,3802.79148564256,0,1
40.36,1.07573928430456,0,63460.0382358093,51242.4408627458,11138.4564305117,-63460.0382358093,713.716048892712,0.463197497226828,30563.4359068214,3803.43590682143,0,1
40.37,1.06684138927128,0,61981.9537117906,49804.6322938423,11829.3113292759,-61981.9537117906,713.72340929359,0.463216258881545,30564.0662984199,3804.06629841993,0,1
40.38,1.05797225513778,0,60500.4035284651,48357.5361224889,12549.4547003734,-60500.4035284651,713.730604925473,0.463234600727289,30564.6825844369,3804.68258443693,0,1
40.39,1.04913086302302,0,59017.1464532717,46904.2583452758,13298.1022984788,-59017.1464532717,713.737635105953,0.463252521011853,30565.2847059983,3805.28470599828,0,1
40.4,1.04031612739242,0,57533.9180164106,45447.8291899121,14074.3788410973,-57533.9180164106,713.744499351986,0.463270018491459,30565.872621313,3805.87262131303,0,1
40.41,1.03152690354024,0,56052.4243333805,43991.1920546799,14877.3245491234,-56052.4243333805,713.751197378481,0.463287092427171,30566.4463055529,3806.44630555295,0,1
40.42,1.02276199505439,0,54574.3365917055,42537.1936795746,15705.9018646317,-54574.3365917055,713.757729096066,0.463303742579238,30567.0057506624,3807.0057506624,0,1
40.43,1.0140201611992,0,53101.2861650628,41088.5755320362,16559.0022906527,-53101.2861650628,713.764094608128,0.463319969199573,30567.5509651057,3807.55096510568,0,1
40.44,1.00530012415799,0,51634.8603173893,39647.9663788603,17435.4533005291,-51634.8603173893,713.770294207202,0.463335773022563,30568.0819735581,3808.08197355812,0,1
40.45,0.996600576083973,0,50176.598459296,38217.8760060381,18334.0252676111,-50176.598459296,713.776328370769,0.463351155254385,30568.5988165473,3808.59881654735,0,1
40.46,0.987920185914085,0,48727.988919247,36800.6900399343,19253.438369483,-48727.988919247,713.782197756552,0.463366117561025,30569.1015500505,3809.10155005047,0,1
40.47,0.97925760590648,0,47290.4661924129,35398.665816347,20192.3694245362,-47290.4661924129,713.787903197355,0.463380662055136,30569.5902450526,3809.5902450526,0,1
40.48,0.97061147786863,0,45865.4086308661,34013.9292385765,21149.4586224523,-45865.4086308661,713.793445695508,0.463394791281905,30570.064987072,3810.06498707201,0,1
40.49,0.96198043904848,0,44454.1365397949,32648.4725615882,22123.3161139776,-44454.1365397949,713.798826416992,0.463408508204063,30570.5258756565,3810.52587565655,0,1
40.5,0.953363127666715,0,43057.9106456546,31304.1530366024,23112.5284291924,-43057.9106456546,713.804046685266,0.463421816186181,30570.9730238557,3810.9730238557,0,1
40.51,0.944758188073323,0,41677.9309035943,29982.6923488913,24115.6646972633,-41677.9309035943,713.809107974867,0.463434718978348,30571.4065576725,3811.40655767252,0,1
40.52,0.936164275516547,0,40315.3356130714,28685.6767810871,25131.2826443599,-40315.3356130714,713.814011904817,0.463447220699375,30571.826615499,3811.82661549901,0,1
40.53,0.9275800605168,0,38971.2008122547,27414.558034796,26157.9343499856,-38971.2008122547,713.818760231877,0.463459325819596,30572.2333475384,3812.23334753845,0,1
40.54,0.919004232842344,0,37646.5399235906,26170.6546446412,27194.1717453846,-37646.5399235906,713.823354843686,0.463471039143384,30572.6269152177,3812.62691521773,0,1
40.55,0.910435505087354,0,36342.303624734,24955.153920909,28238.5518409069,-36342.303624734,713.827797751817,0.463482365791445,30573.0074905926,3813.00749059257,0,1
40.56,0.90187261585646,0,35059.3799209001,23769.1143596085,29289.6416722339,-35059.3799209001,713.832091084779,0.463493311182979,30573.3752557481,3813.3752557481,0,1
40.57,0.893314332562993,0,33798.5943965526,22613.4684618809,30346.0229581595,-33798.5943965526,713.836237080993,0.463503881017771,30573.7304021971,3813.73040219713,0,1
40.58,0.884759453850962,0,32560.7106261864,21489.0259081722,31406.2964651861,-32560.7106261864,713.840238081768,0.463514081258278,30574.0731302781,3814.07313027815,0,1
40.59,0.876206811653215,0,31346.4307257645,20396.4770363327,32469.0860765222,-31346.4307257645,713.844096524291,0.463523918111752,30574.4036485549,3814.40364855488,0,1
40.6,0.867655272900384,0,30156.396028128,19336.3965767111,33533.0425651531,-30156.396028128,713.847814934656,0.463533398012469,30574.722173219,3814.72217321899,0,1
40.61,0.859103740897015,0,28991.1878673795,18309.2476012999,34596.8470725126,-28991.1878673795,713.851395920951,0.463542527604091,30575.0289274975,3815.02892749747,0,1
40.62,0.850551156382818,0,27851.3284588601,17315.3856479738,35659.2142959063,-27851.3284588601,713.854842166411,0.463551313722199,30575.3241410659,3815.32414106589,0,1
40.63,0.841996498298225,0,26737.2818628632,16355.0629847822,36718.8953892396,-26737.2818628632,713.858156422649,0.463559763377041,30575.6080494686,3815.60804946859,0,1
40.64,0.833438784274408,0,25649.4550216689,15428.4329830537,37774.6805828021,-25649.4550216689,713.86134150299,0.463567883736516,30575.8808935469,3815.88089354696,0,1
40.65,0.824877070868695,0,24588.1988608251,14535.5545716925,38825.4015288564,-24588.1988608251,713.864400275903,0.463575682109419,30576.1429188765,3816.1429188765,0,1
40.66,0.816310453566796,0,23553.8094468437,13676.3967484595,39869.9333805997,-23553.8094468437,713.867335658542,0.463583165928974,30576.3943752135,3816.39437521355,0,1
40.67,0.807738066573613,0,22546.5291946271,12850.8431272052,40907.1966127186,-22546.5291946271,713.870150610415,0.463590342736672,30576.6355159522,3816.63551595218,0,1
40.68,0.799159082414526,0,21566.5481189822,12058.6965029276,41936.1585922586,-21566.5481189822,713.872848127172,0.46359722016643,30576.866597592,3816.86659759206,0,1
40.69,0.790572711368981,0,20614.0051255251,11299.6834191634,42955.8349089015,-20614.0051255251,713.875431234534,0.463603805929093,30577.0878792175,3817.08787921754,0,1
40.7,0.781978200758059,0,19688.9893371279,10573.4587245663,43965.2904739908,-19688.9893371279,713.87790298235,0.463610107797281,30577.2996219886,3817.29962198865,0,1
40.71,0.773374834107326,0,18791.5414528118,9879.61010758517,44963.6403977987,-18791.5414528118,713.880266438803,0.463616133590601,30577.5020886442,3817.50208864422,0,1
40.72,0.76476193020583,0,17921.6551366507,9217.66259992992,45950.0506545871,-17921.6551366507,713.882524684765,0.463621891161239,30577.6955430176,3817.69554301764,0,1
40.73,0.756138842081535,0,17079.2784348287,8587.08304100842,46923.7385450079,-17079.2784348287,713.884680808292,0.463627388379923,30577.8802495654,3817.88024956543,0,1
40.74,0.747504955912802,0,16264.3152194789,7987.28449674925,47883.972965319,-16264.3152194789,713.886737899286,0.463632633122293,30578.056472909,3818.05647290906,0,1
40.75,0.738859689894785,0,15476.6266583513,7417.63062720319,48830.0744927805,-15476.6266583513,713.888699044305,0.46363763325566,30578.2244773902,3818.2244773902,0,1
40.76,0.73020249307874,0,14716.0327096891,6877.43999805833,49761.4152964453,-14716.0327096891,713.890567321534,0.463642396626182,30578.3845266397,3818.38452663975,0,1
40.77,0.72153284420137,0,13982.3136419676,6365.99033173033,50677.4188823916,-13982.3136419676,713.892345795928,0.463646931046451,30578.5368831607,3818.53688316076,0,1
40.78,0.712850250520346,0,13275.2115783534,5882.5226940178,51577.5596822565,-13275.2115783534,713.894037514505,0.463651244283503,30578.6818079257,3818.68180792573,0,1
40.79,0.704154246671088,0,12594.4320658885,5426.24561246608,52461.3624937432,-12594.4320658885,713.895645501827,0.463655344047268,30578.8195599882,3818.81955998821,0,1
40.8,0.695444393558864,0,11939.6456694986,4996.33912258166,53328.4017815823,-11939.6456694986,713.897172755634,0.463659237979442,30578.9503961093,3818.95039610927,0,1
40.81,0.686720277299109,0,11310.4895909659,4591.95873790633,54178.3008472488,-11310.4895909659,713.898622242668,0.46366293364282,30579.0745703987,3819.07457039876,0,1
40.82,0.677981508217705,0,10706.5693130086,4212.23933971604,55010.7308755654,-10706.5693130086,713.899996894662,0.463666438511068,30579.1923339719,3819.19233397189,0,1
40.83,0.669227719921782,0,10127.4602685643,3856.2989817766,55825.4098661731,-10127.4602685643,713.901299604517,0.463669759958962,30579.3039346211,3819.30393462114,0,1
40.84,0.660458568450351,0,9572.7095353017,3523.24260518699,56622.1014577114,-9572.7095353017,713.90253322266,0.463672905253091,30579.4096165039,3819.40961650388,0,1
40.85,0.651673731512825,0,9041.83755526824,3212.16565789232,57400.6136524428,-9041.83755526824,713.903700553581,0.463675881543031,30579.5096198459,3819.50961984587,0,1
40.86,0.642872907822174,0,8534.33987944754,2922.15761296984,58160.7974489623,-8534.33987944754,713.90480435257,0.463678695853003,30579.6041806609,3819.60418066093,0,1
40.87,0.634055816528158,0,8049.68893683084,2652.3053793041,58902.5453905646,-8049.68893683084,713.905847322635,0.463681355074016,30579.6935304869,3819.69353048697,0,1
40.88,0.625222196754704,0,7587.33582741841,2401.69659778615,59625.7900367972,-7587.33582741841,713.906832111617,0.463683865956507,30579.7778961386,3819.77789613865,0,1
40.89,0.616371807244125,0,7146.71213835588,2169.42281571498,60330.5023656975,-7146.71213835588,713.907761309505,0.463686235103481,30579.857499477,3819.85749947697,0,1
40.9,0.607504426109468,0,6727.23178217959,1954.58253166161,61016.6901142106,-6727.23178217959,713.908637445948,0.463688468964161,30579.9325571958,3819.93255719584,0,1
40.91,0.598619850694842,0,6328.29285589623,1756.28410269321,61684.3960642882,-6328.29285589623,713.909462987967,0.463690573828156,30580.0032806261,3820.00328062608,0,1
40.92,0.589717897542104,0,5949.27951935603,1573.64850555859,62333.6962821969,-5949.27951935603,713.910240337874,0.463692555820145,30580.0698755569,3820.06987555689,0,1
40.93,0.58079840246081,0,5589.56389109588,1405.81194322227,62964.6983185973,-5589.56389109588,713.910971831399,0.463694420895093,30580.1325420751,3820.13254207516,0,1
40.94,0.571861220696792,0,5248.50795952979,1251.92828801323,63577.5393769943,-5248.50795952979,713.911659736023,0.463696174834004,30580.1914744225,3820.19147442256,0,1
40.95,0.562906227193203,0,4925.46550704835,1111.17135263866,64172.3844582072,-4925.46550704835,713.912306249525,0.463697823240206,30580.2468608709,3820.24686087093,0,1
40.96,0.553933316936294,0,4619.78404425665,982.736980415082,64749.4244885475,-4619.78404425665,713.912913498743,0.463699371536184,30580.2988836158,3820.29888361581,0,1
40.97,0.544942405376578,0,4330.80675123027,865.844946299152,65308.8744394336,-4330.80675123027,713.913483538545,0.463700824960965,30580.3477186884,3820.34771868845,0,1
40.98,0.535933428914439,0,4057.87442230115,759.740660670443,65850.9714461955,-4057.87442230115,713.914018351023,0.463702188568044,30580.3935358863,3820.3935358863,0,1
40.99,0.526906345437603,0,3800.32741049828,663.696668340302,66375.9729338363,-3800.32741049828,713.914519844896,0.463703467223872,30580.4364987221,3820.43649872212,0,1
41,0.517861134896208,0,3557.50756736149,577.013935944983,66884.1547575061,-3557.50756736149,713.914989855138,0.463704665606897,30580.4767643917,3820.47676439175,0,1
41.01,0.508797799899575,0,3328.76017341906,499.02292174076,67375.8093654103,-3328.76017341906,713.915430142821,0.463705788207159,30580.5144837605,3820.51448376055,0,1
41.02,0.499716366317069,0,3113.43585417121,429.084422865148,67851.2439918033,-3113.43585417121,713.915842395171,0.463706839326441,30580.5498013684,3820.54980136844,0,1
41.03,0.490616883863774,0,2910.8924759506,366.590196374954,68310.7788876147,-2910.8924759506,713.916228225852,0.463707823078976,30580.5828554536,3820.5828554536,0,1
41.04,0.481499426650006,0,2720.49701553814,310.963351831569,68754.7455961027,-2720.49701553814,713.91658917545,0.463708743392694,30580.6137779945,3820.61377799453,0,1
41.05,0.472364093672021,0,2541.62736840779,261.658511957609,69183.4852807259,-2541.62736840779,713.916926712188,0.463709604011027,30580.6426947705,3820.64269477051,0,1
41.06,0.463211009226753,0,2373.64666058908,218.159224089317,69597.3471122814,-2373.64666058908,713.917242232833,0.46371040849524,30580.6697254401,3820.66972544007,0,1
41.07,0.454040330230298,0,2215.92282602119,179.980590292,69996.6868207819,-2215.92282602119,713.91753706383,0.463711160227295,30580.6949836371,3820.69498363712,0,1
41.08,0.444852249418138,0,2067.85941897398,146.671216336087,70381.865200987,-2067.85941897398,713.917812461076,0.463711862409299,30580.7185769524,3820.71857695245,0,1
41.09,0.435646990963253,0,1928.89364136353,117.811142494659,70753.2466001121,-1928.89364136353,713.918069609368,0.463712518062083,30580.740606886,3820.74060688599,0,1
41.1,0.426424806456692,0,1798.49450567223,93.0098927281739,71111.1975459705,-1798.49450567223,713.91830962467,0.463713130030975,30580.7611690408,3820.76116904077,0,1
41.11,0.417185971225081,0,1676.16107668839,71.9046367415191,71456.085505399,-1676.16107668839,713.91853355799,0.463713700995698,30580.7803534554,3820.78035345546,0,1
41.12,0.40793078096118,0,1561.42078071846,54.1584576015409,71788.2777634327,-1561.42078071846,713.918742399051,0.463714233479719,30580.7982449185,3820.79824491856,0,1
41.13,0.398659548645155,0,1453.82781375807,39.458718453471,72108.1404143566,-1453.82781375807,713.918937079756,0.463714729859087,30580.8149232653,3820.81492326536,0,1
41.14,0.389372601735656,0,1352.96164211504,27.5155237226952,72416.0374563599,-1352.96164211504,713.919118477463,0.463715192370781,30580.8304636583,3820.83046365827,0,1
41.15,0.380070279611144,0,1258.42558949551,18.0602701880934,72712.3299820266,-1258.42558949551,713.91928741807,0.463715623120581,30580.8449368515,3820.84493685153,0,1
41.16,0.37075293124319,0,1169.8455050332,10.8442833638176,72997.375457381,-1169.8455050332,713.919444678937,0.463716024090503,30580.8584094409,3820.85840944091,0,1
41.17,0.361420913084666,0,1086.86850716555,5.63753471670047,73271.5270826702,-1086.86850716555,713.919590991633,0.463716397145822,30580.8709440996,3820.87094409962,0,1
41.18,0.352074587156865,0,1009.16179864464,2.22743536709847,73535.133228509,-1009.16179864464,713.919727044538,0.463716744041692,30580.8825998009,3820.88259980088,0,1
41.19,0.342714319320657,0,936.411548319098,0.417702064089951,73788.5369414347,-936.411548319098,713.919853485298,0.463717066429408,30580.8934320281,3820.89343202814,0,1
41.2,0.333340477717785,0,868.321835640366,0,74032.0755133135,-868.321835640366,713.919970923137,0.463717365862309,30580.9034929736,3820.90349297361,0,1
41.21,0.323953431369317,0,804.016046242663,0,74266.081179533,-804.016046242663,713.920079931053,0.463717643801359,30580.9128317257,3820.91283172567,0,1
41.22,0.314553761255804,0,743.122017277497,0,74490.9113523386,-743.122017277497,713.920181047876,0.463717901620414,30580.9214944459,3820.92149444591,0,1
41.23,0.305142100280676,0,591.775574023397,0,74706.925807973,-591.775574023397,713.920274746741,0.463718140525825,30580.9295216677,3820.92952166775,0,1
41.24,0.295754249813295,0,470.860945036174,0,74914.4702156507,-470.860945036174,713.920361430816,0.463718361545549,30580.9369479304,3820.93694793045,0,1
41.25,0.286382287181994,0,374.322619800182,0,75113.8766907026,-374.322619800182,713.920436223333,0.463718552245205,30580.9433554389,3820.94335543889,0,1
41.26,0.277019867272018,0,297.29966776777,0,75305.4643260311,-297.29966776777,713.920495761423,0.463718704050422,30580.9484560942,3820.94845609418,0,1
41.27,0.267661931016333,0,235.91979939711,0,75489.5397027268,-235.91979939711,713.920543115914,0.463718824790931,30580.9525129753,3820.95251297529,0,1
41.28,0.258304466945578,0,187.034039290223,0,75666.3973806641,-187.034039290223,713.920580745999,0.463718920736972,30580.9557367623,3820.95573676227,0,1
41.29,0.248944316170672,0,148.124371442779,0,75836.3203698592,-148.124371442779,713.92061062156,0.463718996911182,30580.9582962157,3820.95829621572,0,1
41.3,0.239579012916843,0,117.177253391592,0,75999.5805833471,-117.177253391592,713.920634319088,0.463719057333158,30580.9603263941,3820.96032639414,0,1
41.31,0.230206654156843,0,92.5826755839868,0,76156.4392723,-92.5826755839868,713.920653097557,0.463719105212931,30580.9619351545,3820.96193515451,0,1
41.32,0.220825793060993,0,73.053517095874,0,76307.1474440852,-73.053517095874,713.920667962044,0.463719143113164,30580.9632086023,3820.96320860231,0,1
41.33,0.211435351939521,0,57.5610608438,0,76451.9462639304,-57.5610608438,713.920679714607,0.463719173078868,30580.96421545,3820.96421544997,0,1
41.34,0.202034551136865,0,45.283396570824,0,76591.0674408394,-45.283396570824,713.920688994976,0.463719196741181,30580.9650105037,3820.9650105037,0,1
41.35,0.192622850979633,0,35.564116492137,0,76724.733598376,-35.564116492137,713.920696313132,0.463719215400406,30580.9656374536,3820.96563745367,0,1
41.36,0.183199904405535,0,27.8792400884748,0,76853.1586309092,-27.8792400884748,713.920702075366,0.463719230092472,30580.966131107,3820.96613110707,0,1
41.37,0.173765518330973,0,21.8107238778468,0,76976.5480458899,-21.8107238778468,713.920706605142,0.463719241642116,30580.9665191751,3820.96651917513,0,1
41.38,0.164319622167289,0,17.0252439169109,0,77095.0992927066,-17.0252439169109,713.920710159786,0.463719250705453,30580.9668237032,3820.96682370324,0,1
41.39,0.154862242184113,0,13.2572022696426,0,77209.0020786464,-13.2572022696426,713.920712943847,0.463719257804019,30580.967062215,3820.96706221507,0,1
41.4,0.145393480654427,0,10.2951183514757,0,77318.4386724673,-10.2951183514757,713.920715119773,0.463719263352014,30580.9672486277,3820.96724862771,0,1
41.41,0.135913498909288,0,7.97073324058092,0,77423.5841960673,-7.97073324058092,713.920716816457,0.463719267678078,30580.9673939834,3820.96739398345,0,1
41.42,0.126422503588436,0,6.1502885749421,0,77524.6069047163,-6.1502885749421,713.920718136061,0.463719271042695,30580.9675070346,3820.96750703459,0,1
41.43,0.116920735502607,0,4.72754844325267,0,77621.6684563009,-4.72754844325267,713.920719159472,0.463719273652103,30580.9675947107,3820.96759471068,0,1
41.44,0.107408460629437,0,3.61821817491111,0,77714.9241700111,-3.61821817491111,713.920719950653,0.463719275669392,30580.9676624916,3820.96766249159,0,1
41.45,0.0978859628517189,0,2.75548244223319,0,77804.5232748844,-2.75548244223319,713.920720560124,0.463719277223368,30580.9677147052,3820.9677147052,0,1
41.46,0.088353538117848,0,2.08644001744919,0,77890.6091486042,-2.08644001744919,713.920721027726,0.463719278415621,30580.9677547649,3820.96775476488,0,1
41.47,0.07881148976251,0,1.56925658992857,0,77973.3195469344,-1.56925658992857,713.920721384835,0.463719279326149,30580.9677853586,3820.96778535865,0,1
41.48,0.0692601247733046,0,1.17089240639283,0,78052.7868241581,-1.17089240639283,713.920721656122,0.463719280017853,30580.9678085998,3820.96780859987,0,1
41.49,0.059699750828007,0,0.865289874127187,0,78129.1381448729,-0.865289874127187,713.920721860945,0.463719280540095,30580.9678261472,3820.96782614722,0,1
41.5,0.050130673959089,0,0.631929044335467,0,78202.4956874809,-0.631929044335467,713.920722014472,0.463719280931545,30580.9678392999,3820.96783929993,0,1
41.51,0.0405531967282636,0,0.45467717485177,0,78272.9768397009,-0.45467717485177,713.920722128557,0.463719281222428,30580.9678490736,3820.96784907361,0,1
41.52,0.0309676168151993,0,0.32087324426746,0,78340.6943864132,-0.32087324426746,713.920722212444,0.463719281436316,30580.9678562602,3820.96785626026,0,1
41.53,0.0213742259420653,0,0.220600063844217,0,78405.7566901396,-0.220600063844217,713.920722273325,0.463719281591546,30580.9678614759,3820.96786147597,0,1
41.54,0.0117733090698937,0,0.146106079895754,0,78468.2678644469,-0.146106079895754,713.920722316778,0.463719281702339,30580.9678651986,3820.96786519861,0,1
41.55,0.00216514381447187,0,0.0913465358563857,0,78528.3279405503,-0.0913465358563857,713.920722347116,0.463719281779692,30580.9678677977,3820.96786779768,0,1
41.56,0,0,0.0516197381561051,0,78586.0330273852,-0.0516197381561051,713.920722367662,0.463719281832079,30580.9678695578,3820.96786955787,0,1
41.57,0,0,0.0232790391178203,0,78641.4754654015,-0.0232790391178203,713.920722380966,0.463719281866,30580.9678706976,3820.96787069765,0,1
41.58,0,-0,0.00350505112636638,0,78694.7439743285,-0.00350505112636638,713.920722388976,0.463719281886424,30580.9678713839,3820.96787138388,0,1
41.59,0,-0,0,0,78745.9237951449,-0,713.920722393173,0.463719281897124,30580.9678717434,3820.9678717434,0,1
41.6,0,-0,0,0,78795.096826483,-0,713.920722394673,0.46371928190095,30580.9678718719,3820.96787187196,0,1
41.61,0,-0,0,0,78842.3417556837,-0,713.92072239487,0.463719281901451,30580.9678718888,3820.96787188879,0,1
41.62,0,-0,0,0,78887.7341847133,-0,713.92072239487,0.463719281901451,30580.9678718888,3820.96787188879,0,1
41.63,0,-0,0,0,78931.3467511424,-0,713.92072239487,0.463719281901451,30580.9678718888,3820.96787188879,0,1
41.64,0,-0,0,0,78973.2492443818,-0,713.92072239487,0.463719281901451,30580.9678718888,3820.96787188879,0,1
41.65,0,-0,0,0,79013.5087173603,-0,713.92072239487,0.463719281901451,30580.9678718888,3820.96787188879,0,1
41.66,0,-0,0,0,79052.189593824,-0,713.92072239487,0.463719281901451,30580.9678718888,3820.96787188879,0,1
41.67,0,-0,0,0,79089.3537714274,-0,713.92072239487,0.463719281901451,30580.9678718888,3820.96787188879,0,1
41.68,0,-0,0,0,79125.0607207836,-0,713.92072239487,0.463719281901451,30580.9678718888,3820.96787188879,0,1
41.69,0,-0,0,0,79159.3675806293,-0,713.92072239487,0.463719281901451,30580.9678718888,3820.96787188879,0,1
41.7,0,-0,0,0,79192.3292492596,-0,713.92072239487,0.463719281901451,30580.9678718888,3820.96787188879,0,1
41.71,0,-0,0,0,79223.9984723764,-0,713.92072239487,0.463719281901451,30580.9678718888,3820.96787188879,0,1
41.72,0,-0,0,0,79254.4259274931,-0,713.92072239487,0.463719281901451,30580.9678718888,3820.96787188879,0,1
41.73,0,-0,0,0,79283.6603050296,-0,713.92072239487,0.463719281901451,30580.9678718888,3820.96787188879,0,1
41.74,0,-0,0,0,79311.7483862269,-0,713.92072239487,0.463719281901451,30580.9678718888,3820.96787188879,0,1
41.75,0,-0,0,0,79338.7351180072,-0,713.92072239487,0.463719281901451,30580.9678718888,3820.96787188879,0,1
41.76,0,-0,0,0,79364.663684899,-0,713.92072239487,0.463719281901451,30580.9678718888,3820.96787188879,0,1
41.77,0,-0,0,0,79389.5755781411,-0,713.92072239487,0.463719281901451,30580.9678718888,3820.96787188879,0,1
41.78,0,-0,0,0,79413.5106620773,-0,713.92072239487,0.463719281901451,30580.9678718888,3820.96787188879,0,1
41.79,0,-0,0,0,79436.5072379484,-0,713.92072239487,0.463719281901451,30580.9678718888,3820.96787188879,0,1
41.8,0,-0,0,0,79458.602105182,-0,713.92072239487,0.463719281901451,30580.9678718888,3820.96787188879,0,1
41.81,0,-0,0,0,79479.8306202796,-0,713.92072239487,0.463719281901451,30580.9678718888,3820.96787188879,0,1
41.82,0,-0,0,0,79500.2267533942,-0,713.92072239487,0.463719281901451,30580.9678718888,3820.96787188879,0,1
41.83,0,-0,0,0,79519.8231426903,-0,713.92072239487,0.463719281901451,30580.9678718888,3820.96787188879,0,1
41.84,0,-0,0,0,79538.6511465715,-0,713.92072239487,0.463719281901451,30580.9678718888,3820.96787188879,0,1
41.85,0,-0,0,0,79556.7408938609,-0,713.92072239487,0.463719281901451,30580.9678718888,3820.96787188879,0,1
41.86,0,-0,0,0,79574.1213320134,-0,713.92072239487,0.463719281901451,30580.9678718888,3820.96787188879,0,1
41.87,0,-0,0,0,79590.8202734383,-0,713.92072239487,0.463719281901451,30580.9678718888,3820.96787188879,0,1
41.88,0,-0,0,0,79606.8644400042,-0,713.92072239487,0.463719281901451,30580.9678718888,3820.96787188879,0,1
41.89,0,-0,0,0,79622.2795058008,-0,713.92072239487,0.463719281901451,30580.9678718888,3820.96787188879,0,1
41.9,0,-0,0,0,79637.090138222,-0,713.92072239487,0.463719281901451,30580.9678718888,3820.96787188879,0,1
41.91,0,-0,0,0,79651.3200374395,-0,713.92072239487,0.463719281901451,30580.9678718888,3820.96787188879,0,1
41.92,0,-0,0,0,79664.9919743278,-0,713.92072239487,0.463719281901451,30580.9678718888,3820.96787188879,0,1
41.93,0,-0,0,0,79678.1278269029,-0,713.92072239487,0.463719281901451,30580.9678718888,3820.96787188879,0,1
41.94,0,-0,0,0,79690.7486153313,-0,713.92072239487,0.463719281901451,30580.9678718888,3820.96787188879,0,1
41.95,0,-0,0,0,79702.8745355671,-0,713.92072239487,0.463719281901451,30580.9678718888,3820.96787188879,0,1
41.96,0,-0,0,0,79714.5249916696,-0,713.92072239487,0.463719281901451,30580.9678718888,3820.96787188879,0,1
41.97,0,-0,0,0,79725.7186268543,-0,713.92072239487,0.463719281901451,30580.9678718888,3820.96787188879,0,1
41.98,0,-0,0,0,79736.4733533254,-0,713.92072239487,0.463719281901451,30580.9678718888,3820.96787188879,0,1
41.99,0,-0,0,0,79746.8063809398,-0,713.92072239487,0.463719281901451,30580.9678718888,3820.96787188879,0,1
42,0,-0,0,0,79756.7342447462,-0,713.92072239487,0.463719281901451,30580.9678718888,3820.96787188879,0,1
42.01,0,-0,0,0,79766.2728314447,-0,713.92072239487,0.463719281901451,30580.9678718888,3820.96787188879,0,1
42.02,0,-0,0,0,79775.4374048091,-0,713.92072239487,0.463719281901451,30580.9678718888,3820.96787188879,0,1
42.03,0,-0,0,0,79784.242630112,-0,713.92072239487,0.463719281901451,30580.9678718888,3820.96787188879,0,1
42.04,0,-0,0,0,79792.7025975923,-0,713.92072239487,0.463719281901451,30580.9678718888,3820.96787188879,0,1
42.05,0,-0,0,0,79800.830845003,-0,713.92072239487,0.463719281901451,30580.9678718888,3820.96787188879,0,1
42.06,0,-0,0,0,79808.640379274,-0,713.92072239487,0.463719281901451,30580.9678718888,3820.96787188879,0,1
42.07,0,-0,0,0,79816.1436973262,-0,713.92072239487,0.463719281901451,30580.9678718888,3820.96787188879,0,1
42.08,0,-0,0,0,79823.3528060695,-0,713.92072239487,0.463719281901451,30580.9678718888,3820.96787188879,0,1
42.09,0,-0,0,0,79830.2792416156,-0,713.92072239487,0.463719281901451,30580.9678718888,3820.96787188879,0,1
42.1,0,-0,0,0,79836.9340877394,-0,713.92072239487,0.463719281901451,30580.9678718888,3820.96787188879,0,1
42.11,0,-0,0,0,79843.3279936142,-0,713.92072239487,0.463719281901451,30580.9678718888,3820.96787188879,0,1
42.12,0,-0,0,0,79849.4711908538,-0,713.92072239487,0.463719281901451,30580.9678718888,3820.96787188879,0,1
42.13,0,-0,0,0,79855.3735098841,-0,713.92072239487,0.463719281901451,30580.9678718888,3820.96787188879,0,1
42.14,0,-0,0,0,79861.044395675,-0,713.92072239487,0.463719281901451,30580.9678718888,3820.96787188879,0,1
42.15,0,-0,0,0,79866.4929228535,-0,713.92072239487,0.463719281901451,30580.9678718888,3820.96787188879,0,1
42.16,0,-0,0,0,79871.7278102256,-0,713.92072239487,0.463719281901451,30580.9678718888,3820.96787188879,0,1
42.17,0,-0,0,0,79876.7574347278,-0,713.92072239487,0.463719281901451,30580.9678718888,3820.96787188879,0,1
42.18,0,-0,0,0,79881.5898448324,-0,713.92072239487,0.463719281901451,30580.9678718888,3820.96787188879,0,1
42.19,0,-0,0,0,79886.2327734266,-0,713.92072239487,0.463719281901451,30580.9678718888,3820.96787188879,0,1
42.2,0,-0,0,0,79890.6936501866,-0,713.92072239487,0.463719281901451,30580.9678718888,3820.96787188879,0,1
42.21,0,-0,0,0,79894.979613467,-0,713.92072239487,0.463719281901451,30580.9678718888,3820.96787188879,0,1
42.22,0,-0,0,0,79899.0975217234,-0,713.92072239487,0.463719281901451,30580.9678718888,3820.96787188879,0,1
42.23,0,-0,0,0,79903.0539644876,-0,713.92072239487,0.463719281901451,30580.9678718888,3820.96787188879,0,1
42.24,0,-0,0,0,79906.855272912,-0,713.92072239487,0.463719281901451,30580.9678718888,3820.96787188879,0,1
42.25,0,-0,0,0,79910.5075299011,-0,713.92072239487,0.463719281901451,30580.9678718888,3820.96787188879,0,1
42.26,0,-0,0,0,79914.0165798453,-0,713.92072239487,0.463719281901451,30580.9678718888,3820.96787188879,0,1
42.27,0,-0,0,0,79917.3880379732,-0,713.92072239487,0.463719281901451,30580.9678718888,3820.96787188879,0,1
42.28,0,-0,0,0,79920.627299337,-0,713.92072239487,0.463719281901451,30580.9678718888,3820.96787188879,0,1
42.29,0,-0,0,0,79923.739547446,-0,713.92072239487,0.463719281901451,30580.9678718888,3820.96787188879,0,1
42.3,0,-0,0,0,79926.7297625611,-0,713.92072239487,0.463719281901451,30580.9678718888,3820.96787188879,0,1
42.31,0,-0,0,0,79929.6027296645,-0,713.92072239487,0.463719281901451,30580.9678718888,3820.96787188879,0,1
42.32,0,-0,0,0,79932.3630461165,-0,713.92072239487,0.463719281901451,30580.9678718888,3820.96787188879,0,1
42.33,0,-0,0,0,79935.0151290123,-0,713.92072239487,0.463719281901451,30580.9678718888,3820.96787188879,0,1
42.34,0,-0,0,0,79937.5632222504,-0,713.92072239487,0.463719281901451,30580.9678718888,3820.96787188879,0,1
42.35,0,-0,0,0,79940.0114033235,-0,713.92072239487,0.463719281901451,30580.9678718888,3820.96787188879,0,1
42.36,0,-0,0,0,79942.3635898436,-0,713.92072239487,0.463719281901451,30580.9678718888,3820.96787188879,0,1
42.37,0,-0,0,0,79944.6235458111,-0,713.92072239487,0.463719281901451,30580.9678718888,3820.96787188879,0,1
42.38,0,-0,0,0,79946.7948876376,-0,713.92072239487,0.463719281901451,30580.9678718888,3820.96787188879,0,1
42.39,0,-0,0,0,79948.8810899333,-0,713.92072239487,0.463719281901451,30580.9678718888,3820.96787188879,0,1
42.4,0,-0,0,0,79950.8854910669,-0,713.92072239487,0.463719281901451,30580.9678718888,3820.96787188879,0,1
42.41,0,-0,0,0,79952.8112985079,-0,713.92072239487,0.463719281901451,30580.9678718888,3820.96787188879,0,1
42.42,0,-0,0,0,79954.6615939591,-0,713.92072239487,0.463719281901451,30580.9678718888,3820.96787188879,0,1
42.43,0,-0,0,0,79956.4393382879,-0,713.92072239487,0.463719281901451,30580.9678718888,3820.96787188879,0,1
42.44,0,-0,0,0,79958.1473762646,-0,713.92072239487,0.463719281901451,30580.9678718888,3820.96787188879,0,1
42.45,0,-0,0,0,79959.7884411142,-0,713.92072239487,0.463719281901451,30580.9678718888,3820.96787188879,0,1
42.46,0,-0,0,0,79961.3651588907,-0,713.92072239487,0.463719281901451,30580.9678718888,3820.96787188879,0,1
42.47,0,-0,0,0,79962.8800526788,-0,713.92072239487,0.463719281901451,30580.9678718888,3820.96787188879,0,1
42.48,0,-0,0,0,79964.3355466319,-0,713.92072239487,0.463719281901451,30580.9678718888,3820.96787188879,0,1
42.49,0,-0,0,0,79965.7339698508,-0,713.92072239487,0.463719281901451,30580.9678718888,3820.96787188879,0,1
42.5,0,-0,0,0,79967.077560111,-0,713.92072239487,0.463719281901451,30580.9678718888,3820.96787188879,0,1
42.51,0,-0,0,0,79968.3684674435,-0,713.92072239487,0.463719281901451,30580.9678718888,3820.96787188879,0,1
42.52,0,-0,0,0,79969.6087575755,-0,713.92072239487,0.463719281901451,30580.9678718888,3820.96787188879,0,1
42.53,0,-0,0,0,79970.8004152358,-0,713.92072239487,0.463719281901451,30580.9678718888,3820.96787188879,0,1
42.54,0,-0,0,0,79971.945347331,-0,713.92072239487,0.463719281901451,30580.9678718888,3820.96787188879,0,1
42.55,0,-0,0,0,79973.0453859965,-0,713.92072239487,0.463719281901451,30580.9678718888,3820.96787188879,0,1
42.56,0,-0,0,0,79974.102291529,-0,713.92072239487,0.463719281901451,30580.9678718888,3820.96787188879,0,1
42.57,0,-0,0,0,79975.1177552028,-0,713.92072239487,0.463719281901451,30580.9678718888,3820.96787188879,0,1
42.58,0,-0,0,0,79976.0934019765,-0,713.92072239487,0.463719281901451,30580.9678718888,3820.96787188879,0,1
42.59,0,-0,0,0,79977.0307930929,-0,713.92072239487,0.463719281901451,30580.9678718888,3820.96787188879,0,1
42.6,0,-0,0,0,79977.931428578,-0,713.92072239487,0.463719281901451,30580.9678718888,3820.96787188879,0,1
42.61,0,-0,0,0,79978.7967496406,-0,713.92072239487,0.463719281901451,30580.9678718888,3820.96787188879,0,1
42.62,0,-0,0,0,79979.6281409789,-0,713.92072239487,0.463719281901451,30580.9678718888,3820.96787188879,0,1
42.63,0,-0,0,0,79980.4269329967,-0,713.92072239487,0.463719281901451,30580.9678718888,3820.96787188879,0,1
42.64,0,-0,0,0,79981.1944039314,-0,713.92072239487,0.463719281901451,30580.9678718888,3820.96787188879,0,1
42.65,0,-0,0,0,79981.9317819003,-0,713.92072239487,0.463719281901451,30580.9678718888,3820.96787188879,0,1
42.66,0,-0,0,0,79982.6402468655,-0,713.92072239487,0.463719281901451,30580.9678718888,3820.96787188879,0,1
42.67,0,-0,0,0,79983.3209325221,-0,713.92072239487,0.463719281901451,30580.9678718888,3820.96787188879,0,1
42.68,0,-0,0,0,79983.9749281123,-0,713.92072239487,0.463719281901451,30580.9678718888,3820.96787188879,0,1
42.69,0,-0,0,0,79984.6032801687,-0,713.92072239487,0.463719281901451,30580.9678718888,3820.96787188879,0,1
42.7,0,-0,0,0,79985.2069941885,-0,713.92072239487,0.463719281901451,30580.9678718888,3820.96787188879,0,1
42.71,0,-0,0,0,79985.787036243,-0,713.92072239487,0.463719281901451,30580.9678718888,3820.96787188879,0,1
42.72,0,-0,0,0,79986.3443345232,-0,713.92072239487,0.463719281901451,30580.9678718888,3820.96787188879,0,1
42.73,0,-0,0,0,79986.8797808253,-0,713.92072239487,0.463719281901451,30580.9678718888,3820.96787188879,0,1
42.74,0,-0,0,0,79987.3942319776,-0,713.92072239487,0.463719281901451,30580.9678718888,3820.96787188879,0,1
42.75,0,-0,0,0,79987.8885112116,-0,713.92072239487,0.463719281901451,30580.9678718888,3820.96787188879,0,1
42.76,0,-0,0,0,79988.3634094797,-0,713.92072239487,0.463719281901451,30580.9678718888,3820.96787188879,0,1
42.77,0,-0,0,0,79988.8196867204,-0,713.92072239487,0.463719281901451,30580.9678718888,3820.96787188879,0,1
42.78,0,-0,0,0,79989.2580730745,-0,713.92072239487,0.463719281901451,30580.9678718888,3820.96787188879,0,1
42.79,0,-0,0,0,79989.6792700538,-0,713.92072239487,0.463719281901451,30580.9678718888,3820.96787188879,0,1
42.8,0,-0,0,0,79990.0839516634,-0,713.92072239487,0.463719281901451,30580.9678718888,3820.96787188879,0,1
42.81,0,-0,0,0,79990.4727654801,-0,713.92072239487,0.463719281901451,30580.9678718888,3820.96787188879,0,1
42.82,0,-0,0,0,79990.8463336889,-0,713.92072239487,0.463719281901451,30580.9678718888,3820.96787188879,0,1
42.83,0,-0,0,0,79991.2052540788,-0,713.92072239487,0.463719281901451,30580.9678718888,3820.96787188879,0,1
42.84,0,-0,0,0,79991.5501009989,-0,713.92072239487,0.463719281901451,30580.9678718888,3820.96787188879,0,1
42.85,0,-0,0,0,79991.8814262778,-0,713.92072239487,0.463719281901451,30580.9678718888,3820.96787188879,0,1
42.86,0,-0,0,0,79992.1997601067,-0,713.92072239487,0.463719281901451,30580.9678718888,3820.96787188879,0,1
42.87,0,-0,0,0,79992.5056118877,-0,713.92072239487,0.463719281901451,30580.9678718888,3820.96787188879,0,1
42.88,0,-0,0,0,79992.7994710488,-0,713.92072239487,0.463719281901451,30580.9678718888,3820.96787188879,0,1
42.89,0,-0,0,0,79993.0818078274,-0,713.92072239487,0.463719281901451,30580.9678718888,3820.96787188879,0,1
42.9,0,-0,0,0,79993.3530740225,-0,713.92072239487,0.463719281901451,30580.9678718888,3820.96787188879,0,1
42.91,0,-0,0,0,79993.613703718,-0,713.92072239487,0.463719281901451,30580.9678718888,3820.96787188879,0,1
42.92,0,-0,0,0,79993.8641139769,-0,713.92072239487,0.463719281901451,30580.9678718888,3820.96787188879,0,1
42.93,0,-0,0,0,79994.1047055092,-0,713.92072239487,0.463719281901451,30580.9678718888,3820.96787188879,0,1
42.94,0,-0,0,0,79994.3358633125,-0,713.92072239487,0.463719281901451,30580.9678718888,3820.96787188879,0,1
42.95,0,-0,0,0,79994.5579572888,-0,713.92072239487,0.463719281901451,30580.9678718888,3820.96787188879,0,1
42.96,0,-0,0,0,79994.7713428356,-0,713.92072239487,0.463719281901451,30580.9678718888,3820.96787188879,0,1
42.97,0,-0,0,0,79994.9763614155,-0,713.92072239487,0.463719281901451,30580.9678718888,3820.96787188879,0,1
42.98,0,-0,0,0,79995.1733411019,-0,713.92072239487,0.463719281901451,30580.9678718888,3820.96787188879,0,1
42.99,0,-0,0,0,79995.3625971044,-0,713.92072239487,0.463719281901451,30580.9678718888,3820.96787188879,0,1
43,0,-0,0,0,79995.5444322728,-0,713.92072239487,0.463719281901451,30580.9678718888,3820.96787188879,0,1
43.01,0,-0,0,0,79995.7191375822,-0,713.92072239487,0.463719281901451,30580.9678718888,3820.96787188879,0,1
43.02,0,-0,0,0,79995.8869925985,-0,713.92072239487,0.463719281901451,30580.9678718888,3820.96787188879,0,1
43.03,0,-0,0,0,79996.0482659255,-0,713.92072239487,0.463719281901451,30580.9678718888,3820.96787188879,0,1
43.04,0,-0,0,0,79996.2032156349,-0,713.92072239487,0.463719281901451,30580.9678718888,3820.96787188879,0,1
43.05,0,-0,0,0,79996.3520896793,-0,713.92072239487,0.463719281901451,30580.9678718888,3820.96787188879,0,1
43.06,0,-0,0,0,79996.4951262889,-0,713.92072239487,0.463719281901451,30580.9678718888,3820.96787188879,0,1
43.07,0,-0,0,0,79996.6325543528,-0,713.92072239487,0.463719281901451,30580.9678718888,3820.96787188879,0,1
43.08,0,-0,0,0,79996.7645937853,-0,713.92072239487,0.463719281901451,30580.9678718888,3820.96787188879,0,1
43.09,0,-0,0,0,79996.8914558775,-0,713.92072239487,0.463719281901451,30580.9678718888,3820.96787188879,0,1
43.1,0,-0,0,0,79997.013343636,-0,713.92072239487,0.463719281901451,30580.9678718888,3820.96787188879,0,1
43.11,0,-0,0,0,79997.1304521071,-0,713.92072239487,0.463719281901451,30580.9678718888,3820.96787188879,0,1
43.12,0,-0,0,0,79997.2429686893,-0,713.92072239487,0.463719281901451,30580.9678718888,3820.96787188879,0,1
43.13,0,-0,0,0,79997.3510734333,-0,713.92072239487,0.463719281901451,30580.9678718888,3820.96787188879,0,1
43.14,0,-0,0,0,79997.4549393296,-0,713.92072239487,0.463719281901451,30580.9678718888,3820.96787188879,0,1
43.15,0,-0,0,0,79997.5547325859,-0,713.92072239487,0.463719281901451,30580.9678718888,3820.96787188879,0,1
43.16,0,-0,0,0,79997.6506128926,-0,713.92072239487,0.463719281901451,30580.9678718888,3820.96787188879,0,1
43.17,0,-0,0,0,79997.7427336788,-0,713.92072239487,0.463719281901451,30580.9678718888,3820.96787188879,0,1
43.18,0,-0,0,0,79997.8312423572,-0,713.92072239487,0.463719281901451,30580.9678718888,3820.96787188879,0,1
43.19,0,-0,0,0,79997.9162805607,-0,713.92072239487,0.463719281901451,30580.9678718888,3820.96787188879,0,1
43.2,0,-0,0,0,79997.9979843686,-0,713.92072239487,0.463719281901451,30580.9678718888,3820.96787188879,0,1
43.21,0,-0,0,0,79998.0764845243,-0,713.92072239487,0.463719281901451,30580.9678718888,3820.96787188879,0,1
43.22,0,-0,0,0,79998.1519066449,-0,713.92072239487,0.463719281901451,30580.9678718888,3820.96787188879,0,1
43.23,0,-0,0,0,79998.2243714219,-0,713.92072239487,0.463719281901451,30580.9678718888,3820.96787188879,0,1
43.24,0,-0,0,0,79998.2939948143,-0,713.92072239487,0.463719281901451,30580.9678718888,3820.96787188879,0,1
43.25,0,-0,0,0,79998.3608882344,-0,713.92072239487,0.463719281901451,30580.9678718888,3820.96787188879,0,1
43.26,0,-0,0,0,79998.425158726,-0,713.92072239487,0.463719281901451,30580.9678718888,3820.96787188879,0,1
43.27,0,-0,0,0,79998.4869091356,-0,713.92072239487,0.463719281901451,30580.9678718888,3820.96787188879,0,1
43.28,0,-0,0,0,79998.546238277,-0,713.92072239487,0.463719281901451,30580.9678718888,3820.96787188879,0,1
43.29,0,-0,0,0,79998.6032410895,-0,713.92072239487,0.463719281901451,30580.9678718888,3820.96787188879,0,1
43.3,0,-0,0,0,79998.6580087898,-0,713.92072239487,0.463719281901451,30580.9678718888,3820.96787188879,0,1
43.31,0,-0,0,0,79998.7106290178,-0,713.92072239487,0.463719281901451,30580.9678718888,3820.96787188879,0,1
43.32,0,-0,0,0,79998.7611859771,-0,713.92072239487,0.463719281901451,30580.9678718888,3820.96787188879,0,1
43.33,0,-0,0,0,79998.8097605698,-0,713.92072239487,0.463719281901451,30580.9678718888,3820.96787188879,0,1
43.34,0,-0,0,0,79998.8564305254,-0,713.92072239487,0.463719281901451,30580.9678718888,3820.96787188879,0,1
43.35,0,-0,0,0,79998.9012705258,-0,713.92072239487,0.463719281901451,30580.9678718888,3820.96787188879,0,1
43.36,0,-0,0,0,79998.9443523247,-0,713.92072239487,0.463719281901451,30580.9678718888,3820.96787188879,0,1
43.37,0,-0,0,0,79998.9857448621,-0,713.92072239487,0.463719281901451,30580.9678718888,3820.96787188879,0,1
43.38,0,-0,0,0,79999.0255143749,-0,713.92072239487,0.463719281901451,30580.9678718888,3820.96787188879,0,1
43.39,0,-0,0,0,79999.0637245028,-0,713.92072239487,0.463719281901451,30580.9678718888,3820.96787188879,0,1
43.4,0,-0,0,0,79999.1004363902,-0,713.92072239487,0.463719281901451,30580.9678718888,3820.96787188879,0,1
43.41,0,-0,0,0,79999.1357087838,-0,713.92072239487,0.463719281901451,30580.9678718888,3820.96787188879,0,1
43.42,0,-0,0,0,79999.1695981272,-0,713.92072239487,0.463719281901451,30580.9678718888,3820.96787188879,0,1
43.43,0,-0,0,0,79999.2021586503,-0,713.92072239487,0.463719281901451,30580.9678718888,3820.96787188879,0,1
43.44,0,-0,0,0,79999.2334424571,-0,713.92072239487,0.463719281901451,30580.9678718888,3820.96787188879,0,1
43.45,0,-0,0,0,79999.2634996083,-0,713.92072239487,0.463719281901451,30580.9678718888,3820.96787188879,0,1
43.46,0,-0,0,0,79999.2923782017,-0,713.92072239487,0.463719281901451,30580.9678718888,3820.96787188879,0,1
43.47,0,-0,0,0,79999.3201244493,-0,713.92072239487,0.463719281901451,30580.9678718888,3820.96787188879,0,1
43.48,0,-0,0,0,79999.3467827509,-0,713.92072239487,0.463719281901451,30580.9678718888,3820.96787188879,0,1
43.49,0,-0,0,0,79999.3723957656,-0,713.92072239487,0.463719281901451,30580.9678718888,3820.96787188879,0,1
43.5,0,-0,0,0,79999.3970044797,-0,713.92072239487,0.463719281901451,30580.9678718888,3820.96787188879,0,1
43.51,0,-0,0,0,79999.4206482722,-0,713.92072239487,0.463719281901451,30580.9678718888,3820.96787188879,0,1
43.52,0,-0,0,0,79999.4433649784,-0,713.92072239487,0.463719281901451,30580.9678718888,3820.96787188879,0,1
43.53,0,-0,0,0,79999.4651909498,-0,713.92072239487,0.463719281901451,30580.9678718888,3820.96787188879,0,1
43.54,0,-0,0,0,79999.4861611126,-0,713.92072239487,0.463719281901451,30580.9678718888,3820.96787188879,0,1
43.55,0,-0,0,0,79999.5063090235,-0,713.92072239487,0.463719281901451,30580.9678718888,3820.96787188879,0,1
43.56,0,-0,0,0,79999.5256669236,-0,713.92072239487,0.463719281901451,30580.9678718888,3820.96787188879,0,1
43.57,0,-0,0,0,79999.5442657896,-0,713.92072239487,0.463719281901451,30580.9678718888,3820.96787188879,0,1
43.58,0,-0,0,0,79999.5621353835,-0,713.92072239487,0.463719281901451,30580.9678718888,3820.96787188879,0,1
43.59,0,-0,0,0,79999.5793043007,-0,713.92072239487,0.463719281901451,30580.9678718888,3820.96787188879,0,1
43.6,0,-0,0,0,79999.595800015,-0,713.92072239487,0.463719281901451,30580.9678718888,3820.96787188879,0,1
43.61,0,-0,0,0,79999.6116489231,-0,713.92072239487,0.463719281901451,30580.9678718888,3820.96787188879,0,1
43.62,0,-0,0,0,79999.6268763867,-0,713.92072239487,0.463719281901451,30580.9678718888,3820.96787188879,0,1
43.63,0,-0,0,0,79999.6415067728,-0,713.92072239487,0.463719281901451,30580.9678718888,3820.96787188879,0,1
43.64,0,-0,0,0,79999.6555634933,-0,713.92072239487,0.463719281901451,30580.9678718888,3820.96787188879,0,1
43.65,0,-0,0,0,79999.6690690419,-0,713.92072239487,0.463719281901451,30580.9678718888,3820.96787188879,0,1
43.66,0,-0,0,0,79999.6820450304,-0,713.92072239487,0.463719281901451,30580.9678718888,3820.96787188879,0,1
43.67,0,-0,0,0,79999.6945122231,-0,713.92072239487,0.463719281901451,30580.9678718888,3820.96787188879,0,1
43.68,0,-0,0,0,79999.7064905701,-0,713.92072239487,0.463719281901451,30580.9678718888,3820.96787188879,0,1
43.69,0,-0,0,0,79999.7179992395,-0,713.92072239487,0.463719281901451,30580.9678718888,3820.96787188879,0,1
43.7,0,-0,0,0,79999.7290566475,-0,713.92072239487,0.463719281901451,30580.9678718888,3820.96787188879,0,1
43.71,0,-0,0,0,79999.7396804883,-0,713.92072239487,0.463719281901451,30580.9678718888,3820.96787188879,0,1
43.72,0,-0,0,0,79999.7498877623,-0,713.92072239487,0.463719281901451,30580.9678718888,3820.96787188879,0,1
43.73,0,-0,0,0,79999.7596948034,-0,713.92072239487,0.463719281901451,30580.9678718888,3820.96787188879,0,1
43.74,0,-0,0,0,79999.769117305,-0,713.92072239487,0.463719281901451,30580.9678718888,3820.96787188879,0,1
43.75,0,-0,0,0,79999.7781703449,-0,713.92072239487,0.463719281901451,30580.9678718888,3820.96787188879,0,1
43.76,0,-0,0,0,79999.7868684101,-0,713.92072239487,0.463719281901451,30580.9678718888,3820.96787188879,0,1
43.77,0,-0,0,0,79999.7952254193,-0,713.92072239487,0.463719281901451,30580.9678718888,3820.96787188879,0,1
43.78,0,-0,0,0,79999.8032547454,-0,713.92072239487,0.463719281901451,30580.9678718888,3820.96787188879,0,1
43.79,0,-0,0,0,79999.8109692372,-0,713.92072239487,0.463719281901451,30580.9678718888,3820.96787188879,0,1
43.8,0,-0,0,0,79999.8183812395,-0,713.92072239487,0.463719281901451,30580.9678718888,3820.96787188879,0,1
43.81,0,-0,0,0,79999.8255026129,-0,713.92072239487,0.463719281901451,30580.9678718888,3820.96787188879,0,1
43.82,0,-0,0,0,79999.8323447533,-0,713.92072239487,0.463719281901451,30580.9678718888,3820.96787188879,0,1
43.83,0,-0,0,0,79999.8389186096,-0,713.92072239487,0.463719281901451,30580.9678718888,3820.96787188879,0,1
43.84,0,-0,0,0,79999.8452347012,-0,713.92072239487,0.463719281901451,30580.9678718888,3820.96787188879,0,1
43.85,0,-0,0,0,79999.8513031354,-0,713.92072239487,0.463719281901451,30580.9678718888,3820.96787188879,0,1
43.86,0,-0,0,0,79999.8571336229,-0,713.92072239487,0.463719281901451,30580.9678718888,3820.96787188879,0,1
43.87,0,-0,0,0,79999.8627354936,-0,713.92072239487,0.463719281901451,30580.9678718888,3820.96787188879,0,1
43.88,0,-0,0,0,79999.8681177119,-0,713.92072239487,0.463719281901451,30580.9678718888,3820.96787188879,0,1
43.89,0,-0,0,0,79999.8732888904,-0,713.92072239487,0.463719281901451,30580.9678718888,3820.96787188879,0,1
43.9,0,-0,0,0,79999.8782573041,-0,713.92072239487,0.463719281901451,30580.9678718888,3820.96787188879,0,1
43.91,0,-0,0,0,79999.8830309035,-0,713.92072239487,0.463719281901451,30580.9678718888,3820.96787188879,0,1
43.92,0,-0,0,0,79999.8876173273,-0,713.92072239487,0.463719281901451,30580.9678718888,3820.96787188879,0,1
43.93,0,-0,0,0,79999.892023915,-0,713.92072239487,0.463719281901451,30580.9678718888,3820.96787188879,0,1
43.94,0,-0,0,0,79999.8962577178,-0,713.92072239487,0.463719281901451,30580.9678718888,3820.96787188879,0,1
43.95,0,-0,0,0,79999.9003255109,-0,713.92072239487,0.463719281901451,30580.9678718888,3820.96787188879,0,1
43.96,0,-0,0,0,79999.9042338035,-0,713.92072239487,0.463719281901451,30580.9678718888,3820.96787188879,0,1
43.97,0,-0,0,0,79999.9079888498,-0,713.92072239487,0.463719281901451,30580.9678718888,3820.96787188879,0,1
43.98,0,-0,0,0,79999.9115966586,-0,713.92072239487,0.463719281901451,30580.9678718888,3820.96787188879,0,1
43.99,0,-0,0,0,79999.9150630032,-0,713.92072239487,0.463719281901451,30580.9678718888,3820.96787188879,0,1
44,0,-0,0,0,79999.9183934305,-0,713.92072239487,0.463719281901451,30580.9678718888,3820.96787188879,0,1
44.01,0,-0,0,0,79999.9215932698,-0,713.92072239487,0.463719281901451,30580.9678718888,3820.96787188879,0,1
44.02,0,-0,0,0,79999.9246676417,-0,713.92072239487,0.463719281901451,30580.9678718888,3820.96787188879,0,1
44.03,0,-0,0,0,79999.9276214657,-0,713.92072239487,0.463719281901451,30580.9678718888,3820.96787188879,0,1
44.04,0,-0,0,0,79999.9304594686,-0,713.92072239487,0.463719281901451,30580.9678718888,3820.96787188879,0,1
44.05,0,-0,0,0,79999.9331861919,-0,713.92072239487,0.463719281901451,30580.9678718888,3820.96787188879,0,1
44.06,0,-0,0,0,79999.9358059988,-0,713.92072239487,0.463719281901451,30580.9678718888,3820.96787188879,0,1
44.07,0,-0,0,0,79999.9383230815,-0,713.92072239487,0.463719281901451,30580.9678718888,3820.96787188879,0,1
44.08,0,-0,0,0,79999.9407414681,-0,713.92072239487,0.463719281901451,30580.9678718888,3820.96787188879,0,1
44.09,0,-0,0,0,79999.9430650284,-0,713.92072239487,0.463719281901451,30580.9678718888,3820.96787188879,0,1
44.1,0,-0,0,0,79999.9452974805,-0,713.92072239487,0.463719281901451,30580.9678718888,3820.96787188879,0,1
44.11,0,-0,0,0,79999.947442397,-0,713.92072239487,0.463719281901451,30580.9678718888,3820.96787188879,0,1
44.12,0,-0,0,0,79999.9495032101,-0,713.92072239487,0.463719281901451,30580.9678718888,3820.96787188879,0,1
44.13,0,-0,0,0,79999.9514832175,-0,713.92072239487,0.463719281901451,30580.9678718888,3820.96787188879,0,1
44.14,0,-0,0,0,79999.9533855878,-0,713.92072239487,0.463719281901451,30580.9678718888,3820.96787188879,0,1
44.15,0,-0,0,0,79999.955213365,-0,713.92072239487,0.463719281901451,30580.9678718888,3820.96787188879,0,1
44.16,0,-0,0,0,79999.9569694741,-0,713.92072239487,0.463719281901451,30580.9678718888,3820.96787188879,0,1
44.17,0,-0,0,0,79999.9586567252,-0,713.92072239487,0.463719281901451,30580.9678718888,3820.96787188879,0,1
44.18,0,-0,0,0,79999.9602778182,-0,713.92072239487,0.463719281901451,30580.9678718888,3820.96787188879,0,1
44.19,0,-0,0,0,79999.9618353472,-0,713.92072239487,0.463719281901451,30580.9678718888,3820.96787188879,0,1
44.2,0,-0,0,0,79999.9633318046,-0,713.92072239487,0.463719281901451,30580.9678718888,3820.96787188879,0,1
44.21,0,-0,0,0,79999.9647695851,-0,713.92072239487,0.463719281901451,30580.9678718888,3820.96787188879,0,1
44.22,0,-0,0,0,79999.9661509895,-0,713.92072239487,0.463719281901451,30580.9678718888,3820.96787188879,0,1
44.23,0,-0,0,0,79999.9674782282,-0,713.92072239487,0.463719281901451,30580.9678718888,3820.96787188879,0,1
44.24,0,-0,0,0,79999.9687534251,-0,713.92072239487,0.463719281901451,30580.9678718888,3820.96787188879,0,1
44.25,0,-0,0,0,79999.9699786208,-0,713.92072239487,0.463719281901451,30580.9678718888,3820.96787188879,0,1
44.26,0,-0,0,0,79999.9711557759,-0,713.92072239487,0.463719281901451,30580.9678718888,3820.96787188879,0,1
44.27,0,-0,0,0,79999.9722867741,-0,713.92072239487,0.463719281901451,30580.9678718888,3820.96787188879,0,1
44.28,0,-0,0,0,79999.9733734253,-0,713.92072239487,0.463719281901451,30580.9678718888,3820.96787188879,0,1
44.29,0,-0,0,0,79999.9744174682,-0,713.92072239487,0.463719281901451,30580.9678718888,3820.96787188879,0,1
44.3,0,-0,0,0,79999.9754205736,-0,713.92072239487,0.463719281901451,30580.9678718888,3820.96787188879,0,1
44.31,0,-0,0,0,79999.9763843467,-0,713.92072239487,0.463719281901451,30580.9678718888,3820.96787188879,0,1
44.32,0,-0,0,0,79999.9773103297,-0,713.92072239487,0.463719281901451,30580.9678718888,3820.96787188879,0,1
44.33,0,-0,0,0,79999.9782000044,-0,713.92072239487,0.463719281901451,30580.9678718888,3820.96787188879,0,1
44.34,0,-0,0,0,79999.9790547945,-0,713.92072239487,0.463719281901451,30580.9678718888,3820.96787188879,0,1
44.35,0,-0,0,0,79999.9798760677,-0,713.92072239487,0.463719281901451,30580.9678718888,3820.96787188879,0,1
44.36,0,-0,0,0,79999.9806651384,-0,713.92072239487,0.463719281901451,30580.9678718888,3820.96787188879,0,1
44.37,0,-0,0,0,79999.9814232692,-0,713.92072239487,0.463719281901451,30580.9678718888,3820.96787188879,0,1
44.38,0,-0,0,0,79999.9821516732,-0,713.92072239487,0.463719281901451,30580.9678718888,3820.96787188879,0,1
44.39,0,-0,0,0,79999.9828515161,-0,713.92072239487,0.463719281901451,30580.9678718888,3820.96787188879,0,1
44.4,0,-0,0,0,79999.9835239178,-0,713.92072239487,0.463719281901451,30580.9678718888,3820.96787188879,0,1
44.41,0,-0,0,0,79999.9841699542,-0,713.92072239487,0.463719281901451,30580.9678718888,3820.96787188879,0,1
44.42,0,-0,0,0,79999.9847906592,-0,713.92072239487,0.463719281901451,30580.9678718888,3820.96787188879,0,1
44.43,0,-0,0,0,79999.985387026,-0,713.92072239487,0.463719281901451,30580.9678718888,3820.96787188879,0,1
44.44,0,-0,0,0,79999.9859600089,-0,713.92072239487,0.463719281901451,30580.9678718888,3820.96787188879,0,1
44.45,0,-0,0,0,79999.9865105248,-0,713.92072239487,0.463719281901451,30580.9678718888,3820.96787188879,0,1
44.46,0,-0,0,0,79999.9870394547,-0,713.92072239487,0.463719281901451,30580.9678718888,3820.96787188879,0,1
44.47,0,-0,0,0,79999.9875476449,-0,713.92072239487,0.463719281901451,30580.9678718888,3820.96787188879,0,1
44.48,0,-0,0,0,79999.9880359088,-0,713.92072239487,0.463719281901451,30580.9678718888,3820.96787188879,0,1
44.49,0,-0,0,0,79999.9885050275,-0,713.92072239487,0.463719281901451,30580.9678718888,3820.96787188879,0,1
44.5,0,-0,0,0,79999.9889557518,-0,713.92072239487,0.463719281901451,30580.9678718888,3820.96787188879,0,1
44.51,0,-0,0,0,79999.989388803,-0,713.92072239487,0.463719281901451,30580.9678718888,3820.96787188879,0,1
44.52,0,-0,0,0,79999.989804874,-0,713.92072239487,0.463719281901451,30580.9678718888,3820.96787188879,0,1
44.53,0,-0,0,0,79999.9902046306,-0,713.92072239487,0.463719281901451,30580.9678718888,3820.96787188879,0,1
44.54,0,-0,0,0,79999.9905887125,-0,713.92072239487,0.463719281901451,30580.9678718888,3820.96787188879,0,1
44.55,0,-0,0,0,79999.9909577343,-0,713.92072239487,0.463719281901451,30580.9678718888,3820.96787188879,0,1
44.56,0,-0,0,0,79999.9913122867,-0,713.92072239487,0.463719281901451,30580.9678718888,3820.96787188879,0,1
44.57,0,-0,0,0,79999.9916529368,-0,713.92072239487,0.463719281901451,30580.9678718888,3820.96787188879,0,1
44.58,0,-0,0,0,79999.9919802298,-0,713.92072239487,0.463719281901451,30580.9678718888,3820.96787188879,0,1
44.59,0,-0,0,0,79999.9922946895,-0,713.92072239487,0.463719281901451,30580.9678718888,3820.96787188879,0,1
44.6,0,-0,0,0,79999.992596819,-0,713.92072239487,0.463719281901451,30580.9678718888,3820.96787188879,0,1
44.61,0,-0,0,0,79999.9928871019,-0,713.92072239487,0.463719281901451,30580.9678718888,3820.96787188879,0,1
44.62,0,-0,0,0,79999.9931660026,-0,713.92072239487,0.463719281901451,30580.9678718888,3820.96787188879,0,1
44.63,0,-0,0,0,79999.9934339675,-0,713.92072239487,0.463719281901451,30580.9678718888,3820.96787188879,0,1
44.64,0,-0,0,0,79999.9936914253,-0,713.92072239487,0.463719281901451,30580.9678718888,3820.96787188879,0,1
44.65,0,-0,0,0,79999.9939387881,-0,713.92072239487,0.463719281901451,30580.9678718888,3820.96787188879,0,1
44.66,0,-0,0,0,79999.9941764516,-0,713.92072239487,0.463719281901451,30580.9678718888,3820.96787188879,0,1
44.67,0,-0,0,0,79999.9944047962,-0,713.92072239487,0.463719281901451,30580.9678718888,3820.96787188879,0,1
44.68,0,-0,0,0,79999.9946241873,-0,713.92072239487,0.463719281901451,30580.9678718888,3820.96787188879,0,1
44.69,0,-0,0,0,79999.9948349759,-0,713.92072239487,0.463719281901451,30580.9678718888,3820.96787188879,0,1
44.7,0,-0,0,0,79999.9950374994,-0,713.92072239487,0.463719281901451,30580.9678718888,3820.96787188879,0,1
44.71,0,-0,0,0,79999.9952320818,-0,713.92072239487,0.463719281901451,30580.9678718888,3820.96787188879,0,1
44.72,0,-0,0,0,79999.9954190346,-0,713.92072239487,0.463719281901451,30580.9678718888,3820.96787188879,0,1
44.73,0,-0,0,0,79999.9955986568,-0,713.92072239487,0.463719281901451,30580.9678718888,3820.96787188879,0,1
44.74,0,-0,0,0,79999.9957712359,-0,713.92072239487,0.463719281901451,30580.9678718888,3820.96787188879,0,1
44.75,0,-0,0,0,79999.9959370481,-0,713.92072239487,0.463719281901451,30580.9678718888,3820.96787188879,0,1
44.76,0,-0,0,0,79999.9960963588,-0,713.92072239487,0.463719281901451,30580.9678718888,3820.96787188879,0,1
44.77,0,-0,0,0,79999.9962494227,-0,713.92072239487,0.463719281901451,30580.9678718888,3820.96787188879,0,1
44.78,0,-0,0,0,79999.9963964849,-0,713.92072239487,0.463719281901451,30580.9678718888,3820.96787188879,0,1
44.79,0,-0,0,0,79999.9965377808,-0,713.92072239487,0.463719281901451,30580.9678718888,3820.96787188879,0,1
44.8,0,-0,0,0,79999.9966735363,-0,713.92072239487,0.463719281901451,30580.9678718888,3820.96787188879,0,1
44.81,0,-0,0,0,79999.9968039689,-0,713.92072239487,0.463719281901451,30580.9678718888,3820.96787188879,0,1
44.82,0,-0,0,0,79999.996929287,-0,713.92072239487,0.463719281901451,30580.9678718888,3820.96787188879,0,1
44.83,0,-0,0,0,79999.9970496914,-0,713.92072239487,0.463719281901451,30580.9678718888,3820.96787188879,0,1
44.84,0,-0,0,0,79999.9971653747,-0,713.92072239487,0.463719281901451,30580.9678718888,3820.96787188879,0,1
44.85,0,-0,0,0,79999.9972765219,-0,713.92072239487,0.463719281901451,30580.9678718888,3820.96787188879,0,1
44.86,0,-0,0,0,79999.997383311,-0,713.92072239487,0.463719281901451,30580.9678718888,3820.96787188879,0,1
44.87,0,-0,0,0,79999.9974859129,-0,713.92072239487,0.463719281901451,30580.9678718888,3820.96787188879,0,1
44.88,0,-0,0,0,79999.9975844916,-0,713.92072239487,0.463719281901451,30580.9678718888,3820.96787188879,0,1
44.89,0,-0,0,0,79999.9976792051,-0,713.92072239487,0.463719281901451,30580.9678718888,3820.96787188879,0,1
44.9,0,-0,0,0,79999.9977702047,-0,713.92072239487,0.463719281901451,30580.9678718888,3820.96787188879,0,1
44.91,0,-0,0,0,79999.9978576363,-0,713.92072239487,0.463719281901451,30580.9678718888,3820.96787188879,0,1
44.92,0,-0,0,0,79999.9979416396,-0,713.92072239487,0.463719281901451,30580.9678718888,3820.96787188879,0,1
44.93,0,-0,0,0,79999.998022349,-0,713.92072239487,0.463719281901451,30580.9678718888,3820.96787188879,0,1
44.94,0,-0,0,0,79999.9980998938,-0,713.92072239487,0.463719281901451,30580.9678718888,3820.96787188879,0,1
44.95,0,-0,0,0,79999.998174398,-0,713.92072239487,0.463719281901451,30580.9678718888,3820.96787188879,0,1
44.96,0,-0,0,0,79999.9982459809,-0,713.92072239487,0.463719281901451,30580.9678718888,3820.96787188879,0,1
44.97,0,-0,0,0,79999.998314757,-0,713.92072239487,0.463719281901451,30580.9678718888,3820.96787188879,0,1
44.98,0,-0,0,0,79999.9983808363,-0,713.92072239487,0.463719281901451,30580.9678718888,3820.96787188879,0,1
44.99,0,-0,0,0,79999.9984443247,-0,713.92072239487,0.463719281901451,30580.9678718888,3820.96787188879,0,0.3
45,0,-0,0,0,79999.9985053236,-0,713.92072239487,0.463719281901451,30580.9678718888,3820.96787188879,0,0.3
45.01,0,-0,0,0,24000,-0,713.92072239487,0.463719281901451,30580.9678718888,3820.96787188879,0,0.3
45.02,0,-0,0,0,24000,-0,713.92072239487,0.463719281901451,30580.9678718888,3820.96787188879,0,0.3
45.03,0,-0,0,0,24000,-0,713.92072239487,0.463719281901451,30580.9678718888,3820.96787188879,0,0.3
45.04,0,-0,0,0,24000,-0,713.92072239487,0.463719281901451,30580.9678718888,3820.96787188879,0,0.3
45.05,0,-0,0,0,24000,-0,713.92072239487,0.463719281901451,30580.9678718888,3820.96787188879,0,0.3
45.06,0,-0,0,0,24000,-0,713.92072239487,0.463719281901451,30580.9678718888,3820.96787188879,0,0.3
45.07,0,-0,0,0,24000,-0,713.92072239487,0.463719281901451,30580.9678718888,3820.96787188879,0,0.3
45.08,0,-0,0,0,24000,-0,713.92072239487,0.463719281901451,30580.9678718888,3820.96787188879,0,0.3
45.09,0,-0,0,0,24000,-0,713.92072239487,0.463719281901451,30580.9678718888,3820.96787188879,0,0.3
45.1,0,-0,0,0,24000,-0,713.92072239487,0.463719281901451,30580.9678718888,3820.96787188879,0,0.3
45.11,0,-0,0,0,24000,-0,713.92072239487,0.463719281901451,30580.9678718888,3820.96787188879,0,0.3
45.12,0,-0,0,0,24000,-0,713.92072239487,0.463719281901451,30580.9678718888,3820.96787188879,0,0.3
45.13,0,-0,0,0,24000,-0,713.92072239487,0.463719281901451,30580.9678718888,3820.96787188879,0,0.3
45.14,0,-0,0,0,24000,-0,713.92072239487,0.463719281901451,30580.9678718888,3820.96787188879,0,0.3
45.15,0,-0,0,0,24000,-0,713.92072239487,0.463719281901451,30580.9678718888,3820.96787188879,0,0.3
45.16,0,-0,0,0,24000,-0,713.92072239487,0.463719281901451,30580.9678718888,3820.96787188879,0,0.3
45.17,0,-0,0,0,24000,-0,713.92072239487,0.463719281901451,30580.9678718888,3820.96787188879,0,0.3
45.18,0,-0,0,0,24000,-0,713.92072239487,0.463719281901451,30580.9678718888,3820.96787188879,0,0.3
45.19,0,-0,0,0,24000,-0,713.92072239487,0.463719281901451,30580.9678718888,3820.96787188879,0,0.3
45.2,0,-0,0,0,24000,-0,713.92072239487,0.463719281901451,30580.9678718888,3820.96787188879,0,0.3
45.21,0,-0,0,0,24000,-0,713.92072239487,0.463719281901451,30580.9678718888,3820.96787188879,0,0.3
45.22,0,-0,0,0,24000,-0,713.92072239487,0.463719281901451,30580.9678718888,3820.96787188879,0,0.3
45.23,0,-0,0,0,24000,-0,713.92072239487,0.463719281901451,30580.9678718888,3820.96787188879,0,0.3
45.24,0,-0,0,0,24000,-0,713.92072239487,0.463719281901451,30580.9678718888,3820.96787188879,0,0.3
45.25,0,-0,0,0,24000,-0,713.92072239487,0.463719281901451,30580.9678718888,3820.96787188879,0,0.3
45.26,0,-0,0,0,24000,-0,713.92072239487,0.463719281901451,30580.9678718888,3820.96787188879,0,0.3
45.27,0,-0,0,0,24000,-0,713.92072239487,0.463719281901451,30580.9678718888,3820.96787188879,0,0.3
45.28,0,-0,0,0,24000,-0,713.92072239487,0.463719281901451,30580.9678718888,3820.96787188879,0,0.3
45.29,0,-0,0,0,24000,-0,713.92072239487,0.463719281901451,30580.9678718888,3820.96787188879,0,0.3
45.3,0,-0,0,0,24000,-0,713.92072239487,0.463719281901451,30580.9678718888,3820.96787188879,0,0.3
45.31,0,-0,0,0,24000,-0,713.92072239487,0.463719281901451,30580.9678718888,3820.96787188879,0,0.3
45.32,0,-0,0,0,24000,-0,713.92072239487,0.463719281901451,30580.9678718888,3820.96787188879,0,0.3
45.33,0,-0,0,0,24000,-0,713.92072239487,0.463719281901451,30580.9678718888,3820.96787188879,0,0.3
45.34,0,-0,0,0,24000,-0,713.92072239487,0.463719281901451,30580.9678718888,3820.96787188879,0,0.3
45.35,0,-0,0,0,24000,-0,713.92072239487,0.463719281901451,30580.9678718888,3820.96787188879,0,0.3
45.36,0,-0,0,0,24000,-0,713.92072239487,0.463719281901451,30580.9678718888,3820.96787188879,0,0.3
45.37,0,-0,0,0,24000,-0,713.92072239487,0.463719281901451,30580.9678718888,3820.96787188879,0,0.3
45.38,0,-0,0,0,24000,-0,713.92072239487,0.463719281901451,30580.9678718888,3820.96787188879,0,0.3
45.39,0,-0,0,0,24000,-0,713.92072239487,0.463719281901451,30580.9678718888,3820.96787188879,0,0.3
45.4,0,-0,0,0,24000,-0,713.92072239487,0.463719281901451,30580.9678718888,3820.96787188879,0,0.3
45.41,0,-0,0,0,24000,-0,713.92072239487,0.463719281901451,30580.9678718888,3820.96787188879,0,0.3
45.42,0,-0,0,0,24000,-0,713.92072239487,0.463719281901451,30580.9678718888,3820.96787188879,0,0.3
45.43,0,-0,0,0,24000,-0,713.92072239487,0.463719281901451,30580.9678718888,3820.96787188879,0,0.3
45.44,0,-0,0,0,24000,-0,713.92072239487,0.463719281901451,30580.9678718888,3820.96787188879,0,0.3
45.45,0,-0,0,0,24000,-0,713.92072239487,0.463719281901451,30580.9678718888,3820.96787188879,0,0.3
45.46,0,-0,0,0,24000,-0,713.92072239487,0.463719281901451,30580.9678718888,3820.96787188879,0,0.3
45.47,0,-0,0,0,24000,-0,713.92072239487,0.463719281901451,30580.9678718888,3820.96787188879,0,0.3
45.48,0,-0,0,0,24000,-0,713.92072239487,0.463719281901451,30580.9678718888,3820.96787188879,0,0.3
45.49,0,-0,0,0,24000,-0,713.92072239487,0.463719281901451,30580.9678718888,3820.96787188879,0,0.3
45.5,0,-0,0,0,24000,-0,713.92072239487,0.463719281901451,30580.9678718888,3820.96787188879,0,0.3
45.51,0,-0,0,0,24000,-0,713.92072239487,0.463719281901451,30580.9678718888,3820.96787188879,0,0.3
45.52,0,-0,0,0,24000,-0,713.92072239487,0.463719281901451,30580.9678718888,3820.96787188879,0,0.3
45.53,0,-0,0,0,24000,-0,713.92072239487,0.463719281901451,30580.9678718888,3820.96787188879,0,0.3
45.54,0,-0,0,0,24000,-0,713.92072239487,0.463719281901451,30580.9678718888,3820.96787188879,0,0.3
45.55,0,-0,0,0,24000,-0,713.92072239487,0.463719281901451,30580.9678718888,3820.96787188879,0,0.3
45.56,0,-0,0,0,24000,-0,713.92072239487,0.463719281901451,30580.9678718888,3820.96787188879,0,0.3
45.57,0,-0,0,0,24000,-0,713.92072239487,0.463719281901451,30580.9678718888,3820.96787188879,0,0.3
45.58,0,-0,0,0,24000,-0,713.92072239487,0.463719281901451,30580.9678718888,3820.96787188879,0,0.3
45.59,0,-0,0,0,24000,-0,713.92072239487,0.463719281901451,30580.9678718888,3820.96787188879,0,0.3
45.6,0,-0,0,0,24000,-0,713.92072239487,0.463719281901451,30580.9678718888,3820.96787188879,0,0.3
45.61,0,-0,0,0,24000,-0,713.92072239487,0.463719281901451,30580.9678718888,3820.96787188879,0,0.3
45.62,0,-0,0,0,24000,-0,713.92072239487,0.463719281901451,30580.9678718888,3820.96787188879,0,0.3
45.63,0,-0,0,0,24000,-0,713.92072239487,0.463719281901451,30580.9678718888,3820.96787188879,0,0.3
45.64,0,-0,0,0,24000,-0,713.92072239487,0.463719281901451,30580.9678718888,3820.96787188879,0,0.3
45.65,0,-0,0,0,24000,-0,713.92072239487,0.463719281901451,30580.9678718888,3820.96787188879,0,0.3
45.66,0,-0,0,0,24000,-0,713.92072239487,0.463719281901451,30580.9678718888,3820.96787188879,0,0.3
45.67,0,-0,0,0,24000,-0,713.92072239487,0.463719281901451,30580.9678718888,3820.96787188879,0,0.3
45.68,0,-0,0,0,24000,-0,713.92072239487,0.463719281901451,30580.9678718888,3820.96787188879,0,0.3
45.69,0,-0,0,0,24000,-0,713.92072239487,0.463719281901451,30580.9678718888,3820.96787188879,0,0.3
45.7,0,-0,0,0,24000,-0,713.92072239487,0.463719281901451,30580.9678718888,3820.96787188879,0,0.3
45.71,0,-0,0,0,24000,-0,713.92072239487,0.463719281901451,30580.9678718888,3820.96787188879,0,0.3
45.72,0,-0,0,0,24000,-0,713.92072239487,0.463719281901451,30580.9678718888,3820.96787188879,0,0.3
45.73,0,-0,0,0,24000,-0,713.92072239487,0.463719281901451,30580.9678718888,3820.96787188879,0,0.3
45.74,0,-0,0,0,24000,-0,713.92072239487,0.463719281901451,30580.9678718888,3820.96787188879,0,0.3
45.75,0,-0,0,0,24000,-0,713.92072239487,0.463719281901451,30580.9678718888,3820.96787188879,0,0.3
45.76,0,-0,0,0,24000,-0,713.92072239487,0.463719281901451,30580.9678718888,3820.96787188879,0,0.3
45.77,0,-0,0,0,24000,-0,713.92072239487,0.463719281901451,30580.9678718888,3820.96787188879,0,0.3
45.78,0,-0,0,0,24000,-0,713.92072239487,0.463719281901451,30580.9678718888,3820.96787188879,0,0.3
45.79,0,-0,0,0,24000,-0,713.92072239487,0.463719281901451,30580.9678718888,3820.96787188879,0,0.3
45.8,0,-0,0,0,24000,-0,713.92072239487,0.463719281901451,30580.9678718888,3820.96787188879,0,0.3
45.81,0,-0,0,0,24000,-0,713.92072239487,0.463719281901451,30580.9678718888,3820.96787188879,0,0.3
45.82,0,-0,0,0,24000,-0,713.92072239487,0.463719281901451,30580.9678718888,3820.96787188879,0,0.3
45.83,0,-0,0,0,24000,-0,713.92072239487,0.463719281901451,30580.9678718888,3820.96787188879,0,0.3
45.84,0,-0,0,0,24000,-0,713.92072239487,0.463719281901451,30580.9678718888,3820.96787188879,0,0.3
45.85,0,-0,0,0,24000,-0,713.92072239487,0.463719281901451,30580.9678718888,3820.96787188879,0,0.3
45.86,0,-0,0,0,24000,-0,713.92072239487,0.463719281901451,30580.9678718888,3820.96787188879,0,0.3
45.87,0,-0,0,0,24000,-0,713.92072239487,0.463719281901451,30580.9678718888,3820.96787188879,0,0.3
45.88,0,-0,0,0,24000,-0,713.92072239487,0.463719281901451,30580.9678718888,3820.96787188879,0,0.3
45.89,0,-0,0,0,24000,-0,713.92072239487,0.463719281901451,30580.9678718888,3820.96787188879,0,0.3
45.9,0,-0,0,0,24000,-0,713.92072239487,0.463719281901451,30580.9678718888,3820.96787188879,0,0.3
45.91,0,-0,0,0,24000,-0,713.92072239487,0.463719281901451,30580.9678718888,3820.96787188879,0,0.3
45.92,0,-0,0,0,24000,-0,713.92072239487,0.463719281901451,30580.9678718888,3820.96787188879,0,0.3
45.93,0,-0,0,0,24000,-0,713.92072239487,0.463719281901451,30580.9678718888,3820.96787188879,0,0.3
45.94,0,-0,0,0,24000,-0,713.92072239487,0.463719281901451,30580.9678718888,3820.96787188879,0,0.3
45.95,0,-0,0,0,24000,-0,713.92072239487,0.463719281901451,30580.9678718888,3820.96787188879,0,0.3
45.96,0,-0,0,0,24000,-0,713.92072239487,0.463719281901451,30580.9678718888,3820.96787188879,0,0.3
45.97,0,-0,0,0,24000,-0,713.92072239487,0.463719281901451,30580.9678718888,3820.96787188879,0,0.3
45.98,0,-0,0,0,24000,-0,713.92072239487,0.463719281901451,30580.9678718888,3820.96787188879,0,0.3
45.99,0,-0,0,0,24000,-0,713.92072239487,0.463719281901451,30580.9678718888,3820.96787188879,0,0.3
46,0,-0,0,0,24000,-0,713.92072239487,0.463719281901451,30580.9678718888,3820.96787188879,0,0.3
46.01,0,-0,0,0,24000,-0,713.92072239487,0.463719281901451,30580.9678718888,3820.96787188879,0,0.3
46.02,0,-0,0,0,24000,-0,713.92072239487,0.463719281901451,30580.9678718888,3820.96787188879,0,0.3
46.03,0,-0,0,0,24000,-0,713.92072239487,0.463719281901451,30580.9678718888,3820.96787188879,0,0.3
46.04,0,-0,0,0,24000,-0,713.92072239487,0.463719281901451,30580.9678718888,3820.96787188879,0,0.3
46.05,0,-0,0,0,24000,-0,713.92072239487,0.463719281901451,30580.9678718888,3820.96787188879,0,0.3
46.06,0,-0,0,0,24000,-0,713.92072239487,0.463719281901451,30580.9678718888,3820.96787188879,0,0.3
46.07,0,-0,0,0,24000,-0,713.92072239487,0.463719281901451,30580.9678718888,3820.96787188879,0,0.3
46.08,0,-0,0,0,24000,-0,713.92072239487,0.463719281901451,30580.9678718888,3820.96787188879,0,0.3
46.09,0,-0,0,0,24000,-0,713.92072239487,0.463719281901451,30580.9678718888,3820.96787188879,0,0.3
46.1,0,-0,0,0,24000,-0,713.92072239487,0.463719281901451,30580.9678718888,3820.96787188879,0,0.3
46.11,0,-0,0,0,24000,-0,713.92072239487,0.463719281901451,30580.9678718888,3820.96787188879,0,0.3
46.12,0,-0,0,0,24000,-0,713.92072239487,0.463719281901451,30580.9678718888,3820.96787188879,0,0.3
46.13,0,-0,0,0,24000,-0,713.92072239487,0.463719281901451,30580.9678718888,3820.96787188879,0,0.3
46.14,0,-0,0,0,24000,-0,713.92072239487,0.463719281901451,30580.9678718888,3820.96787188879,0,0.3
46.15,0,-0,0,0,24000,-0,713.92072239487,0.463719281901451,30580.9678718888,3820.96787188879,0,0.3
46.16,0,-0,0,0,24000,-0,713.92072239487,0.463719281901451,30580.9678718888,3820.96787188879,0,0.3
46.17,0,-0,0,0,24000,-0,713.92072239487,0.463719281901451,30580.9678718888,3820.96787188879,0,0.3
46.18,0,-0,0,0,24000,-0,713.92072239487,0.463719281901451,30580.9678718888,3820.96787188879,0,0.3
46.19,0,-0,0,0,24000,-0,713.92072239487,0.463719281901451,30580.9678718888,3820.96787188879,0,0.3
46.2,0,-0,0,0,24000,-0,713.92072239487,0.463719281901451,30580.9678718888,3820.96787188879,0,0.3
46.21,0,-0,0,0,24000,-0,713.92072239487,0.463719281901451,30580.9678718888,3820.96787188879,0,0.3
46.22,0,-0,0,0,24000,-0,713.92072239487,0.463719281901451,30580.9678718888,3820.96787188879,0,0.3
46.23,0,-0,0,0,24000,-0,713.92072239487,0.463719281901451,30580.9678718888,3820.96787188879,0,0.3
46.24,0,-0,0,0,24000,-0,713.92072239487,0.463719281901451,30580.9678718888,3820.96787188879,0,0.3
46.25,0,-0,0,0,24000,-0,713.92072239487,0.463719281901451,30580.9678718888,3820.96787188879,0,0.3
46.26,0,-0,0,0,24000,-0,713.92072239487,0.463719281901451,30580.9678718888,3820.96787188879,0,0.3
46.27,0,-0,0,0,24000,-0,713.92072239487,0.463719281901451,30580.9678718888,3820.96787188879,0,0.3
46.28,0,-0,0,0,24000,-0,713.92072239487,0.463719281901451,30580.9678718888,3820.96787188879,0,0.3
46.29,0,-0,0,0,24000,-0,713.92072239487,0.463719281901451,30580.9678718888,3820.96787188879,0,0.3
46.3,0,-0,0,0,24000,-0,713.92072239487,0.463719281901451,30580.9678718888,3820.96787188879,0,0.3
46.31,0,-0,0,0,24000,-0,713.92072239487,0.463719281901451,30580.9678718888,3820.96787188879,0,0.3
46.32,0,-0,0,0,24000,-0,713.92072239487,0.463719281901451,30580.9678718888,3820.96787188879,0,0.3
46.33,0,-0,0,0,24000,-0,713.92072239487,0.463719281901451,30580.9678718888,3820.96787188879,0,0.3
46.34,0,-0,0,0,24000,-0,713.92072239487,0.463719281901451,30580.9678718888,3820.96787188879,0,0.3
46.35,0,-0,0,0,24000,-0,713.92072239487,0.463719281901451,30580.9678718888,3820.96787188879,0,0.3
46.36,0,-0,0,0,24000,-0,713.92072239487,0.463719281901451,30580.9678718888,3820.96787188879,0,0.3
46.37,0,-0,0,0,24000,-0,713.92072239487,0.463719281901451,30580.9678718888,3820.96787188879,0,0.3
46.38,0,-0,0,0,24000,-0,713.92072239487,0.463719281901451,30580.9678718888,3820.96787188879,0,0.3
46.39,0,-0,0,0,24000,-0,713.92072239487,0.463719281901451,30580.9678718888,3820.96787188879,0,0.3
46.4,0,-0,0,0,24000,-0,713.92072239487,0.463719281901451,30580.9678718888,3820.96787188879,0,0.3
46.41,0,-0,0,0,24000,-0,713.92072239487,0.463719281901451,30580.9678718888,3820.96787188879,0,0.3
46.42,0,-0,0,0,24000,-0,713.92072239487,0.463719281901451,30580.9678718888,3820.96787188879,0,0.3
46.43,0,-0,0,0,24000,-0,713.92072239487,0.463719281901451,30580.9678718888,3820.96787188879,0,0.3
46.44,0,-0,0,0,24000,-0,713.92072239487,0.463719281901451,30580.9678718888,3820.96787188879,0,0.3
46.45,0,-0,0,0,24000,-0,713.92072239487,0.463719281901451,30580.9678718888,3820.96787188879,0,0.3
46.46,0,-0,0,0,24000,-0,713.92072239487,0.463719281901451,30580.9678718888,3820.96787188879,0,0.3
46.47,0,-0,0,0,24000,-0,713.92072239487,0.463719281901451,30580.9678718888,3820.96787188879,0,0.3
46.48,0,-0,0,0,24000,-0,713.92072239487,0.463719281901451,30580.9678718888,3820.96787188879,0,0.3
46.49,0,-0,0,0,24000,-0,713.92072239487,0.463719281901451,30580.9678718888,3820.96787188879,0,0.3
46.5,0,-0,0,0,24000,-0,713.92072239487,0.463719281901451,30580.9678718888,3820.96787188879,0,0.3
46.51,0,-0,0,0,24000,-0,713.92072239487,0.463719281901451,30580.9678718888,3820.96787188879,0,0.3
46.52,0,-0,0,0,24000,-0,713.92072239487,0.463719281901451,30580.9678718888,3820.96787188879,0,0.3
46.53,0,-0,0,0,24000,-0,713.92072239487,0.463719281901451,30580.9678718888,3820.96787188879,0,0.3
46.54,0,-0,0,0,24000,-0,713.92072239487,0.463719281901451,30580.9678718888,3820.96787188879,0,0.3
46.55,0,-0,0,0,24000,-0,713.92072239487,0.463719281901451,30580.9678718888,3820.96787188879,0,0.3
46.56,0,-0,0,0,24000,-0,713.92072239487,0.463719281901451,30580.9678718888,3820.96787188879,0,0.3
46.57,0,-0,0,0,24000,-0,713.92072239487,0.463719281901451,30580.9678718888,3820.96787188879,0,0.3
46.58,0,-0,0,0,24000,-0,713.92072239487,0.463719281901451,30580.9678718888,3820.96787188879,0,0.3
46.59,0,-0,0,0,24000,-0,713.92072239487,0.463719281901451,30580.9678718888,3820.96787188879,0,0.3
46.6,0,-0,0,0,24000,-0,713.92072239487,0.463719281901451,30580.9678718888,3820.96787188879,0,0.3
46.61,0,-0,0,0,24000,-0,713.92072239487,0.463719281901451,30580.9678718888,3820.96787188879,0,0.3
46.62,0,-0,0,0,24000,-0,713.92072239487,0.463719281901451,30580.9678718888,3820.96787188879,0,0.3
46.63,0,-0,0,0,24000,-0,713.92072239487,0.463719281901451,30580.9678718888,3820.96787188879,0,0.3
46.64,0,-0,0,0,24000,-0,713.92072239487,0.463719281901451,30580.9678718888,3820.96787188879,0,0.3
46.65,0,-0,0,0,24000,-0,713.92072239487,0.463719281901451,30580.9678718888,3820.96787188879,0,0.3
46.66,0,-0,0,0,24000,-0,713.92072239487,0.463719281901451,30580.9678718888,3820.96787188879,0,0.3
46.67,0,-0,0,0,24000,-0,713.92072239487,0.463719281901451,30580.9678718888,3820.96787188879,0,0.3
46.68,0,-0,0,0,24000,-0,713.92072239487,0.463719281901451,30580.9678718888,3820.96787188879,0,0.3
46.69,0,-0,0,0,24000,-0,713.92072239487,0.463719281901451,30580.9678718888,3820.96787188879,0,0.3
46.7,0,-0,0,0,24000,-0,713.92072239487,0.463719281901451,30580.9678718888,3820.96787188879,0,0.3
46.71,0,-0,0,0,24000,-0,713.92072239487,0.463719281901451,30580.9678718888,3820.96787188879,0,0.3
46.72,0,-0,0,0,24000,-0,713.92072239487,0.463719281901451,30580.9678718888,3820.96787188879,0,0.3
46.73,0,-0,0,0,24000,-0,713.92072239487,0.463719281901451,30580.9678718888,3820.96787188879,0,0.3
46.74,0,-0,0,0,24000,-0,713.92072239487,0.463719281901451,30580.9678718888,3820.96787188879,0,0.3
46.75,0,-0,0,0,24000,-0,713.92072239487,0.463719281901451,30580.9678718888,3820.96787188879,0,0.3
46.76,0,-0,0,0,24000,-0,713.92072239487,0.463719281901451,30580.9678718888,3820.96787188879,0,0.3
46.77,0,-0,0,0,24000,-0,713.92072239487,0.463719281901451,30580.9678718888,3820.96787188879,0,0.3
46.78,0,-0,0,0,24000,-0,713.92072239487,0.463719281901451,30580.9678718888,3820.96787188879,0,0.3
46.79,0,-0,0,0,24000,-0,713.92072239487,0.463719281901451,30580.9678718888,3820.96787188879,0,0.3
46.8,0,-0,0,0,24000,-0,713.92072239487,0.463719281901451,30580.9678718888,3820.96787188879,0,0.3
46.81,0,-0,0,0,24000,-0,713.92072239487,0.463719281901451,30580.9678718888,3820.96787188879,0,0.3
46.82,0,-0,0,0,24000,-0,713.92072239487,0.463719281901451,30580.9678718888,3820.96787188879,0,0.3
46.83,0,-0,0,0,24000,-0,713.92072239487,0.463719281901451,30580.9678718888,3820.96787188879,0,0.3
46.84,0,-0,0,0,24000,-0,713.92072239487,0.463719281901451,30580.9678718888,3820.96787188879,0,0.3
46.85,0,-0,0,0,24000,-0,713.92072239487,0.463719281901451,30580.9678718888,3820.96787188879,0,0.3
46.86,0,-0,0,0,24000,-0,713.92072239487,0.463719281901451,30580.9678718888,3820.96787188879,0,0.3
46.87,0,-0,0,0,24000,-0,713.92072239487,0.463719281901451,30580.9678718888,3820.96787188879,0,0.3
46.88,0,-0,0,0,24000,-0,713.92072239487,0.463719281901451,30580.9678718888,3820.96787188879,0,0.3
46.89,0,-0,0,0,24000,-0,713.92072239487,0.463719281901451,30580.9678718888,3820.96787188879,0,0.3
46.9,0,-0,0,0,24000,-0,713.92072239487,0.463719281901451,30580.9678718888,3820.96787188879,0,0.3
46.91,0,-0,0,0,24000,-0,713.92072239487,0.463719281901451,30580.9678718888,3820.96787188879,0,0.3
46.92,0,-0,0,0,24000,-0,713.92072239487,0.463719281901451,30580.9678718888,3820.96787188879,0,0.3
46.93,0,-0,0,0,24000,-0,713.92072239487,0.463719281901451,30580.9678718888,3820.96787188879,0,0.3
46.94,0,-0,0,0,24000,-0,713.92072239487,0.463719281901451,30580.9678718888,3820.96787188879,0,0.3
46.95,0,-0,0,0,24000,-0,713.92072239487,0.463719281901451,30580.9678718888,3820.96787188879,0,0.3
46.96,0,-0,0,0,24000,-0,713.92072239487,0.463719281901451,30580.9678718888,3820.96787188879,0,0.3
46.97,0,-0,0,0,24000,-0,713.92072239487,0.463719281901451,30580.9678718888,3820.96787188879,0,0.3
46.98,0,-0,0,0,24000,-0,713.92072239487,0.463719281901451,30580.9678718888,3820.96787188879,0,0.3
46.99,0,-0,0,0,24000,-0,713.92072239487,0.463719281901451,30580.9678718888,3820.96787188879,0,0.3
47,0,-0,0,0,24000,-0,713.92072239487,0.463719281901451,30580.9678718888,3820.96787188879,0,0.3
47.01,0,-0,0,0,24000,-0,713.92072239487,0.463719281901451,30580.9678718888,3820.96787188879,0,0.3
47.02,0,-0,0,0,24000,-0,713.92072239487,0.463719281901451,30580.9678718888,3820.96787188879,0,0.3
47.03,0,-0,0,0,24000,-0,713.92072239487,0.463719281901451,30580.9678718888,3820.96787188879,0,0.3
47.04,0,-0,0,0,24000,-0,713.92072239487,0.463719281901451,30580.9678718888,3820.96787188879,0,0.3
47.05,0,-0,0,0,24000,-0,713.92072239487,0.463719281901451,30580.9678718888,3820.96787188879,0,0.3
47.06,0,-0,0,0,24000,-0,713.92072239487,0.463719281901451,30580.9678718888,3820.96787188879,0,0.3
47.07,0,-0,0,0,24000,-0,713.92072239487,0.463719281901451,30580.9678718888,3820.96787188879,0,0.3
47.08,0,-0,0,0,24000,-0,713.92072239487,0.463719281901451,30580.9678718888,3820.96787188879,0,0.3
47.09,0,-0,0,0,24000,-0,713.92072239487,0.463719281901451,30580.9678718888,3820.96787188879,0,0.3
47.1,0,-0,0,0,24000,-0,713.92072239487,0.463719281901451,30580.9678718888,3820.96787188879,0,0.3
47.11,0,-0,0,0,24000,-0,713.92072239487,0.463719281901451,30580.9678718888,3820.96787188879,0,0.3
47.12,0,-0,0,0,24000,-0,713.92072239487,0.463719281901451,30580.9678718888,3820.96787188879,0,0.3
47.13,0,-0,0,0,24000,-0,713.92072239487,0.463719281901451,30580.9678718888,3820.96787188879,0,0.3
47.14,0,-0,0,0,24000,-0,713.92072239487,0.463719281901451,30580.9678718888,3820.96787188879,0,0.3
47.15,0,-0,0,0,24000,-0,713.92072239487,0.463719281901451,30580.9678718888,3820.96787188879,0,0.3
47.16,0,-0,0,0,24000,-0,713.92072239487,0.463719281901451,30580.9678718888,3820.96787188879,0,0.3
47.17,0,-0,0,0,24000,-0,713.92072239487,0.463719281901451,30580.9678718888,3820.96787188879,0,0.3
47.18,0,-0,0,0,24000,-0,713.92072239487,0.463719281901451,30580.9678718888,3820.96787188879,0,0.3
47.19,0,-0,0,0,24000,-0,713.92072239487,0.463719281901451,30580.9678718888,3820.96787188879,0,0.3
47.2,0,-0,0,0,24000,-0,713.92072239487,0.463719281901451,30580.9678718888,3820.96787188879,0,0.3
47.21,0,-0,0,0,24000,-0,713.92072239487,0.463719281901451,30580.9678718888,3820.96787188879,0,0.3
47.22,0,-0,0,0,24000,-0,713.92072239487,0.463719281901451,30580.9678718888,3820.96787188879,0,0.3
47.23,0,-0,0,0,24000,-0,713.92072239487,0.463719281901451,30580.9678718888,3820.96787188879,0,0.3
47.24,0,-0,0,0,24000,-0,713.92072239487,0.463719281901451,30580.9678718888,3820.96787188879,0,0.3
47.25,0,-0,0,0,24000,-0,713.92072239487,0.463719281901451,30580.9678718888,3820.96787188879,0,0.3
47.26,0,-0,0,0,24000,-0,713.92072239487,0.463719281901451,30580.9678718888,3820.96787188879,0,0.3
47.27,0,-0,0,0,24000,-0,713.92072239487,0.463719281901451,30580.9678718888,3820.96787188879,0,0.3
47.28,0,-0,0,0,24000,-0,713.92072239487,0.463719281901451,30580.9678718888,3820.96787188879,0,0.3
47.29,0,-0,0,0,24000,-0,713.92072239487,0.463719281901451,30580.9678718888,3820.96787188879,0,0.3
47.3,0,-0,0,0,24000,-0,713.92072239487,0.463719281901451,30580.9678718888,3820.96787188879,0,0.3
47.31,0,-0,0,0,24000,-0,713.92072239487,0.463719281901451,30580.9678718888,3820.96787188879,0,0.3
47.32,0,-0,0,0,24000,-0,713.92072239487,0.463719281901451,30580.9678718888,3820.96787188879,0,0.3
47.33,0,-0,0,0,24000,-0,713.92072239487,0.463719281901451,30580.9678718888,3820.96787188879,0,0.3
47.34,0,-0,0,0,24000,-0,713.92072239487,0.463719281901451,30580.9678718888,3820.96787188879,0,0.3
47.35,0,-0,0,0,24000,-0,713.92072239487,0.463719281901451,30580.9678718888,3820.96787188879,0,0.3
47.36,0,-0,0,0,24000,-0,713.92072239487,0.463719281901451,30580.9678718888,3820.96787188879,0,0.3
47.37,0,-0,0,0,24000,-0,713.92072239487,0.463719281901451,30580.9678718888,3820.96787188879,0,0.3
47.38,0,-0,0,0,24000,-0,713.92072239487,0.463719281901451,30580.9678718888,3820.96787188879,0,0.3
47.39,0,-0,0,0,24000,-0,713.92072239487,0.463719281901451,30580.9678718888,3820.96787188879,0,0.3
47.4,0,-0,0,0,24000,-0,713.92072239487,0.463719281901451,30580.9678718888,3820.96787188879,0,0.3
47.41,0,-0,0,0,24000,-0,713.92072239487,0.463719281901451,30580.9678718888,3820.96787188879,0,0.3
47.42,0,-0,0,0,24000,-0,713.92072239487,0.463719281901451,30580.9678718888,3820.96787188879,0,0.3
47.43,0,-0,0,0,24000,-0,713.92072239487,0.463719281901451,30580.9678718888,3820.96787188879,0,0.3
47.44,0,-0,0,0,24000,-0,713.92072239487,0.463719281901451,30580.9678718888,3820.96787188879,0,0.3
47.45,0,-0,0,0,24000,-0,713.92072239487,0.463719281901451,30580.9678718888,3820.96787188879,0,0.3
47.46,0,-0,0,0,24000,-0,713.92072239487,0.463719281901451,30580.9678718888,3820.96787188879,0,0.3
47.47,0,-0,0,0,24000,-0,713.92072239487,0.463719281901451,30580.9678718888,3820.96787188879,0,0.3
47.48,0,-0,0,0,24000,-0,713.92072239487,0.463719281901451,30580.9678718888,3820.96787188879,0,0.3
47.49,0,-0,0,0,24000,-0,713.92072239487,0.463719281901451,30580.9678718888,3820.96787188879,0,0.3
47.5,0,-0,0,0,24000,-0,713.92072239487,0.463719281901451,30580.9678718888,3820.96787188879,0,0.3
47.51,0,-0,0,0,24000,-0,713.92072239487,0.463719281901451,30580.9678718888,3820.96787188879,0,0.3
47.52,0,-0,0,0,24000,-0,713.92072239487,0.463719281901451,30580.9678718888,3820.96787188879,0,0.3
47.53,0,-0,0,0,24000,-0,713.92072239487,0.463719281901451,30580.9678718888,3820.96787188879,0,0.3
47.54,0,-0,0,0,24000,-0,713.92072239487,0.463719281901451,30580.9678718888,3820.96787188879,0,0.3
47.55,0,-0,0,0,24000,-0,713.92072239487,0.463719281901451,30580.9678718888,3820.96787188879,0,0.3
47.56,0,-0,0,0,24000,-0,713.92072239487,0.463719281901451,30580.9678718888,3820.96787188879,0,0.3
47.57,0,-0,0,0,24000,-0,713.92072239487,0.463719281901451,30580.9678718888,3820.96787188879,0,0.3
47.58,0,-0,0,0,24000,-0,713.92072239487,0.463719281901451,30580.9678718888,3820.96787188879,0,0.3
47.59,0,-0,0,0,24000,-0,713.92072239487,0.463719281901451,30580.9678718888,3820.96787188879,0,0.3
47.6,0,-0,0,0,24000,-0,713.92072239487,0.463719281901451,30580.9678718888,3820.96787188879,0,0.3
47.61,0,-0,0,0,24000,-0,713.92072239487,0.463719281901451,30580.9678718888,3820.96787188879,0,0.3
47.62,0,-0,0,0,24000,-0,713.92072239487,0.463719281901451,30580.9678718888,3820.96787188879,0,0.3
47.63,0,-0,0,0,24000,-0,713.92072239487,0.463719281901451,30580.9678718888,3820.96787188879,0,0.3
47.64,0,-0,0,0,24000,-0,713.92072239487,0.463719281901451,30580.9678718888,3820.96787188879,0,0.3
47.65,0,-0,0,0,24000,-0,713.92072239487,0.463719281901451,30580.9678718888,3820.96787188879,0,0.3
47.66,0,-0,0,0,24000,-0,713.92072239487,0.463719281901451,30580.9678718888,3820.96787188879,0,0.3
47.67,0,-0,0,0,24000,-0,713.92072239487,0.463719281901451,30580.9678718888,3820.96787188879,0,0.3
47.68,0,-0,0,0,24000,-0,713.92072239487,0.463719281901451,30580.9678718888,3820.96787188879,0,0.3
47.69,0,-0,0,0,24000,-0,713.92072239487,0.463719281901451,30580.9678718888,3820.96787188879,0,0.3
47.7,0,-0,0,0,24000,-0,713.92072239487,0.463719281901451,30580.9678718888,3820.96787188879,0,0.3
47.71,0,-0,0,0,24000,-0,713.92072239487,0.463719281901451,30580.9678718888,3820.96787188879,0,0.3
47.72,0,-0,0,0,24000,-0,713.92072239487,0.463719281901451,30580.9678718888,3820.96787188879,0,0.3
47.73,0,-0,0,0,24000,-0,713.92072239487,0.463719281901451,30580.9678718888,3820.96787188879,0,0.3
47.74,0,-0,0,0,24000,-0,713.92072239487,0.463719281901451,30580.9678718888,3820.96787188879,0,0.3
47.75,0,-0,0,0,24000,-0,713.92072239487,0.463719281901451,30580.9678718888,3820.96787188879,0,0.3
47.76,0,-0,0,0,24000,-0,713.92072239487,0.463719281901451,30580.9678718888,3820.96787188879,0,0.3
47.77,0,-0,0,0,24000,-0,713.92072239487,0.463719281901451,30580.9678718888,3820.96787188879,0,0.3
47.78,0,-0,0,0,24000,-0,713.92072239487,0.463719281901451,30580.9678718888,3820.96787188879,0,0.3
47.79,0,-0,0,0,24000,-0,713.92072239487,0.463719281901451,30580.9678718888,3820.96787188879,0,0.3
47.8,0,-0,0,0,24000,-0,713.92072239487,0.463719281901451,30580.9678718888,3820.96787188879,0,0.3
47.81,0,-0,0,0,24000,-0,713.92072239487,0.463719281901451,30580.9678718888,3820.96787188879,0,0.3
47.82,0,-0,0,0,24000,-0,713.92072239487,0.463719281901451,30580.9678718888,3820.96787188879,0,0.3
47.83,0,-0,0,0,24000,-0,713.92072239487,0.463719281901451,30580.9678718888,3820.96787188879,0,0.3
47.84,0,-0,0,0,24000,-0,713.92072239487,0.463719281901451,30580.9678718888,3820.96787188879,0,0.3
47.85,0,-0,0,0,24000,-0,713.92072239487,0.463719281901451,30580.9678718888,3820.96787188879,0,0.3
47.86,0,-0,0,0,24000,-0,713.92072239487,0.463719281901451,30580.9678718888,3820.96787188879,0,0.3
47.87,0,-0,0,0,24000,-0,713.92072239487,0.463719281901451,30580.9678718888,3820.96787188879,0,0.3
47.88,0,-0,0,0,24000,-0,713.92072239487,0.463719281901451,30580.9678718888,3820.96787188879,0,0.3
47.89,0,-0,0,0,24000,-0,713.92072239487,0.463719281901451,30580.9678718888,3820.96787188879,0,0.3
47.9,0,-0,0,0,24000,-0,713.92072239487,0.463719281901451,30580.9678718888,3820.96787188879,0,0.3
47.91,0,-0,0,0,24000,-0,713.92072239487,0.463719281901451,30580.9678718888,3820.96787188879,0,0.3
47.92,0,-0,0,0,24000,-0,713.92072239487,0.463719281901451,30580.9678718888,3820.96787188879,0,0.3
47.93,0,-0,0,0,24000,-0,713.92072239487,0.463719281901451,30580.9678718888,3820.96787188879,0,0.3
47.94,0,-0,0,0,24000,-0,713.92072239487,0.463719281901451,30580.9678718888,3820.96787188879,0,0.3
47.95,0,-0,0,0,24000,-0,713.92072239487,0.463719281901451,30580.9678718888,3820.96787188879,0,0.3
47.96,0,-0,0,0,24000,-0,713.92072239487,0.463719281901451,30580.9678718888,3820.96787188879,0,0.3
47.97,0,-0,0,0,24000,-0,713.92072239487,0.463719281901451,30580.9678718888,3820.96787188879,0,0.3
47.98,0,-0,0,0,24000,-0,713.92072239487,0.463719281901451,30580.9678718888,3820.96787188879,0,0.3
47.99,0,-0,0,0,24000,-0,713.92072239487,0.463719281901451,30580.9678718888,3820.96787188879,0,0.3
48,0,-0,0,0,24000,-0,713.92072239487,0.463719281901451,30580.9678718888,3820.96787188879,0,0.3
48.01,0,-0,0,0,24000,-0,713.92072239487,0.463719281901451,30580.9678718888,3820.96787188879,0,0.3
48.02,0,-0,0,0,24000,-0,713.92072239487,0.463719281901451,30580.9678718888,3820.96787188879,0,0.3
48.03,0,-0,0,0,24000,-0,713.92072239487,0.463719281901451,30580.9678718888,3820.96787188879,0,0.3
48.04,0,-0,0,0,24000,-0,713.92072239487,0.463719281901451,30580.9678718888,3820.96787188879,0,0.3
48.05,0,-0,0,0,24000,-0,713.92072239487,0.463719281901451,30580.9678718888,3820.96787188879,0,0.3
48.06,0,-0,0,0,24000,-0,713.92072239487,0.463719281901451,30580.9678718888,3820.96787188879,0,0.3
48.07,0,-0,0,0,24000,-0,713.92072239487,0.463719281901451,30580.9678718888,3820.96787188879,0,0.3
48.08,0,-0,0,0,24000,-0,713.92072239487,0.463719281901451,30580.9678718888,3820.96787188879,0,0.3
48.09,0,-0,0,0,24000,-0,713.92072239487,0.463719281901451,30580.9678718888,3820.96787188879,0,0.3
48.1,0,-0,0,0,24000,-0,713.92072239487,0.463719281901451,30580.9678718888,3820.96787188879,0,0.3
48.11,0,-0,0,0,24000,-0,713.92072239487,0.463719281901451,30580.9678718888,3820.96787188879,0,0.3
48.12,0,-0,0,0,24000,-0,713.92072239487,0.463719281901451,30580.9678718888,3820.96787188879,0,0.3
48.13,0,-0,0,0,24000,-0,713.92072239487,0.463719281901451,30580.9678718888,3820.96787188879,0,0.3
48.14,0,-0,0,0,24000,-0,713.92072239487,0.463719281901451,30580.9678718888,3820.96787188879,0,0.3
48.15,0,-0,0,0,24000,-0,713.92072239487,0.463719281901451,30580.9678718888,3820.96787188879,0,0.3
48.16,0,-0,0,0,24000,-0,713.92072239487,0.463719281901451,30580.9678718888,3820.96787188879,0,0.3
48.17,0,-0,0,0,24000,-0,713.92072239487,0.463719281901451,30580.9678718888,3820.96787188879,0,0.3
48.18,0,-0,0,0,24000,-0,713.92072239487,0.463719281901451,30580.9678718888,3820.96787188879,0,0.3
48.19,0,-0,0,0,24000,-0,713.92072239487,0.463719281901451,30580.9678718888,3820.96787188879,0,0.3
48.2,0,-0,0,0,24000,-0,713.92072239487,0.463719281901451,30580.9678718888,3820.96787188879,0,0.3
48.21,0,-0,0,0,24000,-0,713.92072239487,0.463719281901451,30580.9678718888,3820.96787188879,0,0.3
48.22,0,-0,0,0,24000,-0,713.92072239487,0.463719281901451,30580.9678718888,3820.96787188879,0,0.3
48.23,0,-0,0,0,24000,-0,713.92072239487,0.463719281901451,30580.9678718888,3820.96787188879,0,0.3
48.24,0,-0,0,0,24000,-0,713.92072239487,0.463719281901451,30580.9678718888,3820.96787188879,0,0.3
48.25,0,-0,0,0,24000,-0,713.92072239487,0.463719281901451,30580.9678718888,3820.96787188879,0,0.3
48.26,0,-0,0,0,24000,-0,713.92072239487,0.463719281901451,30580.9678718888,3820.96787188879,0,0.3
48.27,0,-0,0,0,24000,-0,713.92072239487,0.463719281901451,30580.9678718888,3820.96787188879,0,0.3
48.28,0,-0,0,0,24000,-0,713.92072239487,0.463719281901451,30580.9678718888,3820.96787188879,0,0.3
48.29,0,-0,0,0,24000,-0,713.92072239487,0.463719281901451,30580.9678718888,3820.96787188879,0,0.3
48.3,0,-0,0,0,24000,-0,713.92072239487,0.463719281901451,30580.9678718888,3820.96787188879,0,0.3
48.31,0,-0,0,0,24000,-0,713.92072239487,0.463719281901451,30580.9678718888,3820.96787188879,0,0.3
48.32,0,-0,0,0,24000,-0,713.92072239487,0.463719281901451,30580.9678718888,3820.96787188879,0,0.3
48.33,0,-0,0,0,24000,-0,713.92072239487,0.463719281901451,30580.9678718888,3820.96787188879,0,0.3
48.34,0,-0,0,0,24000,-0,713.92072239487,0.463719281901451,30580.9678718888,3820.96787188879,0,0.3
48.35,0,-0,0,0,24000,-0,713.92072239487,0.463719281901451,30580.9678718888,3820.96787188879,0,0.3
48.36,0,-0,0,0,24000,-0,713.92072239487,0.463719281901451,30580.9678718888,3820.96787188879,0,0.3
48.37,0,-0,0,0,24000,-0,713.92072239487,0.463719281901451,30580.9678718888,3820.96787188879,0,0.3
48.38,0,-0,0,0,24000,-0,713.92072239487,0.463719281901451,30580.9678718888,3820.96787188879,0,0.3
48.39,0,-0,0,0,24000,-0,713.92072239487,0.463719281901451,30580.9678718888,3820.96787188879,0,0.3
48.4,0,-0,0,0,24000,-0,713.92072239487,0.463719281901451,30580.9678718888,3820.96787188879,0,0.3
48.41,0,-0,0,0,24000,-0,713.92072239487,0.463719281901451,30580.9678718888,3820.96787188879,0,0.3
48.42,0,-0,0,0,24000,-0,713.92072239487,0.463719281901451,30580.9678718888,3820.96787188879,0,0.3
48.43,0,-0,0,0,24000,-0,713.92072239487,0.463719281901451,30580.9678718888,3820.96787188879,0,0.3
48.44,0,-0,0,0,24000,-0,713.92072239487,0.463719281901451,30580.9678718888,3820.96787188879,0,0.3
48.45,0,-0,0,0,24000,-0,713.92072239487,0.463719281901451,30580.9678718888,3820.96787188879,0,0.3
48.46,0,-0,0,0,24000,-0,713.92072239487,0.463719281901451,30580.9678718888,3820.96787188879,0,0.3
48.47,0,-0,0,0,24000,-0,713.92072239487,0.463719281901451,30580.9678718888,3820.96787188879,0,0.3
48.48,0,-0,0,0,24000,-0,713.92072239487,0.463719281901451,30580.9678718888,3820.96787188879,0,0.3
48.49,0,-0,0,0,24000,-0,713.92072239487,0.463719281901451,30580.9678718888,3820.96787188879,0,0.3
48.5,0,-0,0,0,24000,-0,713.92072239487,0.463719281901451,30580.9678718888,3820.96787188879,0,0.3
48.51,0,-0,0,0,24000,-0,713.92072239487,0.463719281901451,30580.9678718888,3820.96787188879,0,0.3
48.52,0,-0,0,0,24000,-0,713.92072239487,0.463719281901451,30580.9678718888,3820.96787188879,0,0.3
48.53,0,-0,0,0,24000,-0,713.92072239487,0.463719281901451,30580.9678718888,3820.96787188879,0,0.3
48.54,0,-0,0,0,24000,-0,713.92072239487,0.463719281901451,30580.9678718888,3820.96787188879,0,0.3
48.55,0,-0,0,0,24000,-0,713.92072239487,0.463719281901451,30580.9678718888,3820.96787188879,0,0.3
48.56,0,-0,0,0,24000,-0,713.92072239487,0.463719281901451,30580.9678718888,3820.96787188879,0,0.3
48.57,0,-0,0,0,24000,-0,713.92072239487,0.463719281901451,30580.9678718888,3820.96787188879,0,0.3
48.58,0,-0,0,0,24000,-0,713.92072239487,0.463719281901451,30580.9678718888,3820.96787188879,0,0.3
48.59,0,-0,0,0,24000,-0,713.92072239487,0.463719281901451,30580.9678718888,3820.96787188879,0,0.3
48.6,0,-0,0,0,24000,-0,713.92072239487,0.463719281901451,30580.9678718888,3820.96787188879,0,0.3
48.61,0,-0,0,0,24000,-0,713.92072239487,0.463719281901451,30580.9678718888,3820.96787188879,0,0.3
48.62,0,-0,0,0,24000,-0,713.92072239487,0.463719281901451,30580.9678718888,3820.96787188879,0,0.3
48.63,0,-0,0,0,24000,-0,713.92072239487,0.463719281901451,30580.9678718888,3820.96787188879,0,0.3
48.64,0,-0,0,0,24000,-0,713.92072239487,0.463719281901451,30580.9678718888,3820.96787188879,0,0.3
48.65,0,-0,0,0,24000,-0,713.92072239487,0.463719281901451,30580.9678718888,3820.96787188879,0,0.3
48.66,0,-0,0,0,24000,-0,713.92072239487,0.463719281901451,30580.9678718888,3820.96787188879,0,0.3
48.67,0,-0,0,0,24000,-0,713.92072239487,0.463719281901451,30580.9678718888,3820.96787188879,0,0.3
48.68,0,-0,0,0,24000,-0,713.92072239487,0.463719281901451,30580.9678718888,3820.96787188879,0,0.3
48.69,0,-0,0,0,24000,-0,713.92072239487,0.463719281901451,30580.9678718888,3820.96787188879,0,0.3
48.7,0,-0,0,0,24000,-0,713.92072239487,0.463719281901451,30580.9678718888,3820.96787188879,0,0.3
48.71,0,-0,0,0,24000,-0,713.92072239487,0.463719281901451,30580.9678718888,3820.96787188879,0,0.3
48.72,0,-0,0,0,24000,-0,713.92072239487,0.463719281901451,30580.9678718888,3820.96787188879,0,0.3
48.73,0,-0,0,0,24000,-0,713.92072239487,0.463719281901451,30580.9678718888,3820.96787188879,0,0.3
48.74,0,-0,0,0,24000,-0,713.92072239487,0.463719281901451,30580.9678718888,3820.96787188879,0,0.3
48.75,0,-0,0,0,24000,-0,713.92072239487,0.463719281901451,30580.9678718888,3820.96787188879,0,0.3
48.76,0,-0,0,0,24000,-0,713.92072239487,0.463719281901451,30580.9678718888,3820.96787188879,0,0.3
48.77,0,-0,0,0,24000,-0,713.92072239487,0.463719281901451,30580.9678718888,3820.96787188879,0,0.3
48.78,0,-0,0,0,24000,-0,713.92072239487,0.463719281901451,30580.9678718888,3820.96787188879,0,0.3
48.79,0,-0,0,0,24000,-0,713.92072239487,0.463719281901451,30580.9678718888,3820.96787188879,0,0.3
48.8,0,-0,0,0,24000,-0,713.92072239487,0.463719281901451,30580.9678718888,3820.96787188879,0,0.3
48.81,0,-0,0,0,24000,-0,713.92072239487,0.463719281901451,30580.9678718888,3820.96787188879,0,0.3
48.82,0,-0,0,0,24000,-0,713.92072239487,0.463719281901451,30580.9678718888,3820.96787188879,0,0.3
48.83,0,-0,0,0,24000,-0,713.92072239487,0.463719281901451,30580.9678718888,3820.96787188879,0,0.3
48.84,0,-0,0,0,24000,-0,713.92072239487,0.463719281901451,30580.9678718888,3820.96787188879,0,0.3
48.85,0,-0,0,0,24000,-0,713.92072239487,0.463719281901451,30580.9678718888,3820.96787188879,0,0.3
48.86,0,-0,0,0,24000,-0,713.92072239487,0.463719281901451,30580.9678718888,3820.96787188879,0,0.3
48.87,0,-0,0,0,24000,-0,713.92072239487,0.463719281901451,30580.9678718888,3820.96787188879,0,0.3
48.88,0,-0,0,0,24000,-0,713.92072239487,0.463719281901451,30580.9678718888,3820.96787188879,0,0.3
48.89,0,-0,0,0,24000,-0,713.92072239487,0.463719281901451,30580.9678718888,3820.96787188879,0,0.3
48.9,0,-0,0,0,24000,-0,713.92072239487,0.463719281901451,30580.9678718888,3820.96787188879,0,0.3
48.91,0,-0,0,0,24000,-0,713.92072239487,0.463719281901451,30580.9678718888,3820.96787188879,0,0.3
48.92,0,-0,0,0,24000,-0,713.92072239487,0.463719281901451,30580.9678718888,3820.96787188879,0,0.3
48.93,0,-0,0,0,24000,-0,713.92072239487,0.463719281901451,30580.9678718888,3820.96787188879,0,0.3
48.94,0,-0,0,0,24000,-0,713.92072239487,0.463719281901451,30580.9678718888,3820.96787188879,0,0.3
48.95,0,-0,0,0,24000,-0,713.92072239487,0.463719281901451,30580.9678718888,3820.96787188879,0,0.3
48.96,0,-0,0,0,24000,-0,713.92072239487,0.463719281901451,30580.9678718888,3820.96787188879,0,0.3
48.97,0,-0,0,0,24000,-0,713.92072239487,0.463719281901451,30580.9678718888,3820.96787188879,0,0.3
48.98,0,-0,0,0,24000,-0,713.92072239487,0.463719281901451,30580.9678718888,3820.96787188879,0,0.3
48.99,0,-0,0,0,24000,-0,713.92072239487,0.463719281901451,30580.9678718888,3820.96787188879,0,0.3
49,0,-0,0,0,24000,-0,713.92072239487,0.463719281901451,30580.9678718888,3820.96787188879,0,0.3
49.01,0,-0,0,0,24000,-0,713.92072239487,0.463719281901451,30580.9678718888,3820.96787188879,0,0.3
49.02,0,-0,0,0,24000,-0,713.92072239487,0.463719281901451,30580.9678718888,3820.96787188879,0,0.3
49.03,0,-0,0,0,24000,-0,713.92072239487,0.463719281901451,30580.9678718888,3820.96787188879,0,0.3
49.04,0,-0,0,0,24000,-0,713.92072239487,0.463719281901451,30580.9678718888,3820.96787188879,0,0.3
49.05,0,-0,0,0,24000,-0,713.92072239487,0.463719281901451,30580.9678718888,3820.96787188879,0,0.3
49.06,0,-0,0,0,24000,-0,713.92072239487,0.463719281901451,30580.9678718888,3820.96787188879,0,0.3
49.07,0,-0,0,0,24000,-0,713.92072239487,0.463719281901451,30580.9678718888,3820.96787188879,0,0.3
49.08,0,-0,0,0,24000,-0,713.92072239487,0.463719281901451,30580.9678718888,3820.96787188879,0,0.3
49.09,0,-0,0,0,24000,-0,713.92072239487,0.463719281901451,30580.9678718888,3820.96787188879,0,0.3
49.1,0,-0,0,0,24000,-0,713.92072239487,0.463719281901451,30580.9678718888,3820.96787188879,0,0.3
49.11,0,-0,0,0,24000,-0,713.92072239487,0.463719281901451,30580.9678718888,3820.96787188879,0,0.3
49.12,0,-0,0,0,24000,-0,713.92072239487,0.463719281901451,30580.9678718888,3820.96787188879,0,0.3
49.13,0,-0,0,0,24000,-0,713.92072239487,0.463719281901451,30580.9678718888,3820.96787188879,0,0.3
49.14,0,-0,0,0,24000,-0,713.92072239487,0.463719281901451,30580.9678718888,3820.96787188879,0,0.3
49.15,0,-0,0,0,24000,-0,713.92072239487,0.463719281901451,30580.9678718888,3820.96787188879,0,0.3
49.16,0,-0,0,0,24000,-0,713.92072239487,0.463719281901451,30580.9678718888,3820.96787188879,0,0.3
49.17,0,-0,0,0,24000,-0,713.92072239487,0.463719281901451,30580.9678718888,3820.96787188879,0,0.3
49.18,0,-0,0,0,24000,-0,713.92072239487,0.463719281901451,30580.9678718888,3820.96787188879,0,0.3
49.19,0,-0,0,0,24000,-0,713.92072239487,0.463719281901451,30580.9678718888,3820.96787188879,0,0.3
49.2,0,-0,0,0,24000,-0,713.92072239487,0.463719281901451,30580.9678718888,3820.96787188879,0,0.3
49.21,0,-0,0,0,24000,-0,713.92072239487,0.463719281901451,30580.9678718888,3820.96787188879,0,0.3
49.22,0,-0,0,0,24000,-0,713.92072239487,0.463719281901451,30580.9678718888,3820.96787188879,0,0.3
49.23,0,-0,0,0,24000,-0,713.92072239487,0.463719281901451,30580.9678718888,3820.96787188879,0,0.3
49.24,0,-0,0,0,24000,-0,713.92072239487,0.463719281901451,30580.9678718888,3820.96787188879,0,0.3
49.25,0,-0,0,0,24000,-0,713.92072239487,0.463719281901451,30580.9678718888,3820.96787188879,0,0.3
49.26,0,-0,0,0,24000,-0,713.92072239487,0.463719281901451,30580.9678718888,3820.96787188879,0,0.3
49.27,0,-0,0,0,24000,-0,713.92072239487,0.463719281901451,30580.9678718888,3820.96787188879,0,0.3
49.28,0,-0,0,0,24000,-0,713.92072239487,0.463719281901451,30580.9678718888,3820.96787188879,0,0.3
49.29,0,-0,0,0,24000,-0,713.92072239487,0.463719281901451,30580.9678718888,3820.96787188879,0,0.3
49.3,0,-0,0,0,24000,-0,713.92072239487,0.463719281901451,30580.9678718888,3820.96787188879,0,0.3
49.31,0,-0,0,0,24000,-0,713.92072239487,0.463719281901451,30580.9678718888,3820.96787188879,0,0.3
49.32,0,-0,0,0,24000,-0,713.92072239487,0.463719281901451,30580.9678718888,3820.96787188879,0,0.3
49.33,0,-0,0,0,24000,-0,713.92072239487,0.463719281901451,30580.9678718888,3820.96787188879,0,0.3
49.34,0,-0,0,0,24000,-0,713.92072239487,0.463719281901451,30580.9678718888,3820.96787188879,0,0.3
49.35,0,-0,0,0,24000,-0,713.92072239487,0.463719281901451,30580.9678718888,3820.96787188879,0,0.3
49.36,0,-0,0,0,24000,-0,713.92072239487,0.463719281901451,30580.9678718888,3820.96787188879,0,0.3
49.37,0,-0,0,0,24000,-0,713.92072239487,0.463719281901451,30580.9678718888,3820.96787188879,0,0.3
49.38,0,-0,0,0,24000,-0,713.92072239487,0.463719281901451,30580.9678718888,3820.96787188879,0,0.3
49.39,0,-0,0,0,24000,-0,713.92072239487,0.463719281901451,30580.9678718888,3820.96787188879,0,0.3
49.4,0,-0,0,0,24000,-0,713.92072239487,0.463719281901451,30580.9678718888,3820.96787188879,0,0.3
49.41,0,-0,0,0,24000,-0,713.92072239487,0.463719281901451,30580.9678718888,3820.96787188879,0,0.3
49.42,0,-0,0,0,24000,-0,713.92072239487,0.463719281901451,30580.9678718888,3820.96787188879,0,0.3
49.43,0,-0,0,0,24000,-0,713.92072239487,0.463719281901451,30580.9678718888,3820.96787188879,0,0.3
49.44,0,-0,0,0,24000,-0,713.92072239487,0.463719281901451,30580.9678718888,3820.96787188879,0,0.3
49.45,0,-0,0,0,24000,-0,713.92072239487,0.463719281901451,30580.9678718888,3820.96787188879,0,0.3
49.46,0,-0,0,0,24000,-0,713.92072239487,0.463719281901451,30580.9678718888,3820.96787188879,0,0.3
49.47,0,-0,0,0,24000,-0,713.92072239487,0.463719281901451,30580.9678718888,3820.96787188879,0,0.3
49.48,0,-0,0,0,24000,-0,713.92072239487,0.463719281901451,30580.9678718888,3820.96787188879,0,0.3
49.49,0,-0,0,0,24000,-0,713.92072239487,0.463719281901451,30580.9678718888,3820.96787188879,0,0.3
49.5,0,-0,0,0,24000,-0,713.92072239487,0.463719281901451,30580.9678718888,3820.96787188879,0,0.3
49.51,0,-0,0,0,24000,-0,713.92072239487,0.463719281901451,30580.9678718888,3820.96787188879,0,0.3
49.52,0,-0,0,0,24000,-0,713.92072239487,0.463719281901451,30580.9678718888,3820.96787188879,0,0.3
49.53,0,-0,0,0,24000,-0,713.92072239487,0.463719281901451,30580.9678718888,3820.96787188879,0,0.3
49.54,0,-0,0,0,24000,-0,713.92072239487,0.463719281901451,30580.9678718888,3820.96787188879,0,0.3
49.55,0,-0,0,0,24000,-0,713.92072239487,0.463719281901451,30580.9678718888,3820.96787188879,0,0.3
49.56,0,-0,0,0,24000,-0,713.92072239487,0.463719281901451,30580.9678718888,3820.96787188879,0,0.3
49.57,0,-0,0,0,24000,-0,713.92072239487,0.463719281901451,30580.9678718888,3820.96787188879,0,0.3
49.58,0,-0,0,0,24000,-0,713.92072239487,0.463719281901451,30580.9678718888,3820.96787188879,0,0.3
49.59,0,-0,0,0,24000,-0,713.92072239487,0.463719281901451,30580.9678718888,3820.96787188879,0,0.3
49.6,0,-0,0,0,24000,-0,713.92072239487,0.463719281901451,30580.9678718888,3820.96787188879,0,0.3
49.61,0,-0,0,0,24000,-0,713.92072239487,0.463719281901451,30580.9678718888,3820.96787188879,0,0.3
49.62,0,-0,0,0,24000,-0,713.92072239487,0.463719281901451,30580.9678718888,3820.96787188879,0,0.3
49.63,0,-0,0,0,24000,-0,713.92072239487,0.463719281901451,30580.9678718888,3820.96787188879,0,0.3
49.64,0,-0,0,0,24000,-0,713.92072239487,0.463719281901451,30580.9678718888,3820.96787188879,0,0.3
49.65,0,-0,0,0,24000,-0,713.92072239487,0.463719281901451,30580.9678718888,3820.96787188879,0,0.3
49.66,0,-0,0,0,24000,-0,713.92072239487,0.463719281901451,30580.9678718888,3820.96787188879,0,0.3
49.67,0,-0,0,0,24000,-0,713.92072239487,0.463719281901451,30580.9678718888,3820.96787188879,0,0.3
49.68,0,-0,0,0,24000,-0,713.92072239487,0.463719281901451,30580.9678718888,3820.96787188879,0,0.3
49.69,0,-0,0,0,24000,-0,713.92072239487,0.463719281901451,30580.9678718888,3820.96787188879,0,0.3
49.7,0,-0,0,0,24000,-0,713.92072239487,0.463719281901451,30580.9678718888,3820.96787188879,0,0.3
49.71,0,-0,0,0,24000,-0,713.92072239487,0.463719281901451,30580.9678718888,3820.96787188879,0,0.3
49.72,0,-0,0,0,24000,-0,713.92072239487,0.463719281901451,30580.9678718888,3820.96787188879,0,0.3
49.73,0,-0,0,0,24000,-0,713.92072239487,0.463719281901451,30580.9678718888,3820.96787188879,0,0.3
49.74,0,-0,0,0,24000,-0,713.92072239487,0.463719281901451,30580.9678718888,3820.96787188879,0,0.3
49.75,0,-0,0,0,24000,-0,713.92072239487,0.463719281901451,30580.9678718888,3820.96787188879,0,0.3
49.76,0,-0,0,0,24000,-0,713.92072239487,0.463719281901451,30580.9678718888,3820.96787188879,0,0.3
49.77,0,-0,0,0,24000,-0,713.92072239487,0.463719281901451,30580.9678718888,3820.96787188879,0,0.3
49.78,0,-0,0,0,24000,-0,713.92072239487,0.463719281901451,30580.9678718888,3820.96787188879,0,0.3
49.79,0,-0,0,0,24000,-0,713.92072239487,0.463719281901451,30580.9678718888,3820.96787188879,0,0.3
49.8,0,-0,0,0,24000,-0,713.92072239487,0.463719281901451,30580.9678718888,3820.96787188879,0,0.3
49.81,0,-0,0,0,24000,-0,713.92072239487,0.463719281901451,30580.9678718888,3820.96787188879,0,0.3
49.82,0,-0,0,0,24000,-0,713.92072239487,0.463719281901451,30580.9678718888,3820.96787188879,0,0.3
49.83,0,-0,0,0,24000,-0,713.92072239487,0.463719281901451,30580.9678718888,3820.96787188879,0,0.3
49.84,0,-0,0,0,24000,-0,713.92072239487,0.463719281901451,30580.9678718888,3820.96787188879,0,0.3
49.85,0,-0,0,0,24000,-0,713.92072239487,0.463719281901451,30580.9678718888,3820.96787188879,0,0.3
49.86,0,-0,0,0,24000,-0,713.92072239487,0.463719281901451,30580.9678718888,3820.96787188879,0,0.3
49.87,0,-0,0,0,24000,-0,713.92072239487,0.463719281901451,30580.9678718888,3820.96787188879,0,0.3
49.88,0,-0,0,0,24000,-0,713.92072239487,0.463719281901451,30580.9678718888,3820.96787188879,0,0.3
49.89,0,-0,0,0,24000,-0,713.92072239487,0.463719281901451,30580.9678718888,3820.96787188879,0,0.3
49.9,0,-0,0,0,24000,-0,713.92072239487,0.463719281901451,30580.9678718888,3820.96787188879,0,0.3
49.91,0,-0,0,0,24000,-0,713.92072239487,0.463719281901451,30580.9678718888,3820.96787188879,0,0.3
49.92,0,-0,0,0,24000,-0,713.92072239487,0.463719281901451,30580.9678718888,3820.96787188879,0,0.3
49.93,0,-0,0,0,24000,-0,713.92072239487,0.463719281901451,30580.9678718888,3820.96787188879,0,0.3
49.94,0,-0,0,0,24000,-0,713.92072239487,0.463719281901451,30580.9678718888,3820.96787188879,0,0.3
49.95,0,-0,0,0,24000,-0,713.92072239487,0.463719281901451,30580.9678718888,3820.96787188879,0,0.3
49.96,0,-0,0,0,24000,-0,713.92072239487,0.463719281901451,30580.9678718888,3820.96787188879,0,0.3
49.97,0,-0,0,0,24000,-0,713.92072239487,0.463719281901451,30580.9678718888,3820.96787188879,0,0.3
49.98,0,-0,0,0,24000,-0,713.92072239487,0.463719281901451,30580.9678718888,3820.96787188879,0,0.3
49.99,0,-0,0,0,24000,-0,713.92072239487,0.463719281901451,30580.9678718888,3820.96787188879,0,0.3
