time,scenario_phase,traction_command,service_brake_request,v_train,acceleration,P_motor_mechanical_signed,P_motor_electrical_signed,P_dc_signed,P_dc_traction,P_dc_regen,P_line,P_transformer_out,F_brake_demand,Fregen_actual,Fmechanical_actual,Ftotal_actual,F_brake_tracking_error,U_pantograph,hv_breaker_state,hv_system_fault,U_transformer_secondary,U_dc_link,P_regen_converter,P_grid_returned,P_brake_resistor,P_ess_dc_input,P_ess_absorbed,SOC_energy,Ucap_equivalent,Icap,Uterminal,E_supercap_kJ,Eregen_stored_kJ
0.0,traction,0.0,0.0,0.0,0.0,0.0,0.0,0.0,0.0,-0.0,0.0,0.0,0.0,0.0,0.0,0.0,0.0,0.0,0,0,0.0,0.0,0.0,0.0,0.0,0.0,0.0,0.35,667.83231428256,-0.0,667.83231428256,26760.0,0.0
0.05,traction,0.016666666666666666,0.0,0.0,0.0,0.0,0.0,0.0,0.0,-0.0,0.0,0.0,0.0,0.0,0.0,0.0,0.0,0.0,0,0,0.0,0.0,0.0,0.0,0.0,0.0,0.0,0.35,667.83231428256,-0.0,667.83231428256,26760.0,0.0
0.1,traction,0.03333333333333333,0.0,0.0,0.0,0.0,0.0,0.0,0.0,-0.0,0.0,0.0,0.0,0.0,0.0,0.0,0.0,0.0,0,0,0.0,0.0,0.0,0.0,0.0,0.0,0.0,0.35,667.83231428256,-0.0,667.83231428256,26760.0,0.0
0.15,traction,0.049999999999999996,0.0,0.0,0.0,0.0,0.0,0.0,0.0,-0.0,0.0,0.0,0.0,0.0,0.0,0.0,0.0,0.0,0,0,0.0,0.0,0.0,0.0,0.0,0.0,0.0,0.35,667.83231428256,-0.0,667.83231428256,26760.0,0.0
0.2,traction,0.06666666666666667,0.0,0.0,0.0,0.0,0.0,0.0,0.0,-0.0,0.0,0.0,0.0,0.0,0.0,0.0,0.0,25000.0,0,0,0.0,0.0,0.0,0.0,0.0,0.0,0.0,0.35,667.83231428256,-0.0,667.83231428256,26760.0,0.0
0.25,traction,0.08333333333333333,0.0,0.0,0.0,0.0,0.0,0.0,0.0,-0.0,0.0,0.0,0.0,0.0,0.0,0.0,0.0,25000.0,0,0,0.0,0.0,0.0,0.0,0.0,0.0,0.0,0.35,667.83231428256,-0.0,667.83231428256,26760.0,0.0
0.3,traction,0.09999999999999999,0.0,0.0,0.0,0.0,0.0,0.0,0.0,-0.0,0.0,0.0,0.0,0.0,0.0,0.0,0.0,25000.0,0,0,0.0,0.0,0.0,0.0,0.0,0.0,0.0,0.35,667.83231428256,-0.0,667.83231428256,26760.0,0.0
0.35,traction,0.11666666666666668,0.0,0.0,0.0,0.0,0.0,0.0,0.0,-0.0,0.0,0.0,0.0,0.0,0.0,0.0,0.0,25000.0,0,0,0.0,0.0,0.0,0.0,0.0,0.0,0.0,0.35,667.83231428256,-0.0,667.83231428256,26760.0,0.0
0.4,traction,0.13333333333333333,0.0,0.0,0.0,0.0,0.0,0.0,0.0,-0.0,0.0,0.0,0.0,0.0,0.0,0.0,0.0,25000.0,0,0,0.0,0.0,0.0,0.0,0.0,0.0,0.0,0.35,667.83231428256,-0.0,667.83231428256,26760.0,0.0
0.45,traction,0.15,0.0,0.0,0.0,0.0,0.0,0.0,0.0,-0.0,0.0,0.0,0.0,0.0,0.0,0.0,0.0,25000.0,0,0,0.0,0.0,0.0,0.0,0.0,0.0,0.0,0.35,667.83231428256,-0.0,667.83231428256,26760.0,0.0
0.5,traction,0.16666666666666666,0.0,0.0,0.0,0.0,0.0,0.0,0.0,-0.0,0.0,0.0,0.0,0.0,0.0,0.0,0.0,25000.0,1,0,0.0,0.0,0.0,0.0,0.0,0.0,0.0,0.35,667.83231428256,-0.0,667.83231428256,26760.0,0.0
0.55,traction,0.18333333333333335,0.0,0.0,0.0,0.0,0.0,0.0,0.0,-0.0,0.0,0.0,0.0,0.0,0.0,0.0,0.0,25000.0,1,0,1500.0,0.0,0.0,0.0,0.0,0.0,0.0,0.35,667.83231428256,-0.0,667.83231428256,26760.0,0.0
0.6,traction,0.19999999999999998,0.0,0.0,0.0,0.0,0.0,0.0,0.0,-0.0,0.0,923469.387755102,0.0,0.0,0.0,0.0,0.0,25000.0,1,0,1500.0,474.60509900337144,0.0,0.0,0.0,0.0,0.0,0.35,667.83231428256,-0.0,667.83231428256,26760.0,0.0
0.65,traction,0.21666666666666667,0.0,0.0,0.0,0.0,0.0,0.0,0.0,-0.0,0.0,923469.387755102,0.0,0.0,0.0,0.0,0.0,25000.0,1,0,1500.0,671.006706374832,0.0,0.0,0.0,0.0,0.0,0.35,667.83231428256,-0.0,667.83231428256,26760.0,0.0
0.7,traction,0.23333333333333336,0.0,0.0,0.0,0.0,0.0,0.0,0.0,-0.0,952030.2966547444,893030.0217309147,0.0,0.0,0.0,0.0,0.0,25000.0,1,0,1500.0,820.3658983501971,0.0,0.0,0.0,0.0,0.0,0.35,667.83231428256,-0.0,667.83231428256,26760.0,0.0
0.75,traction,0.25,0.0,0.0,0.0,0.0,0.0,0.0,0.0,-0.0,952030.2966547444,821461.7235810478,0.0,0.0,0.0,0.0,0.0,24984.767515253523,1,0,1500.0,938.0320661508277,0.0,0.0,0.0,0.0,0.0,0.35,667.83231428256,-0.0,667.83231428256,26760.0,0.0
0.8,traction,0.26666666666666666,0.0,0.0,0.0,0.0,0.0,0.0,0.0,-0.0,920088.5557562351,755661.935276757,0.0,0.0,0.0,0.0,0.0,24984.767515253523,1,0,1500.0,1034.4715293882648,0.0,0.0,0.0,0.0,0.0,0.35,667.83231428256,-0.0,667.83231428256,26760.0,0.0
0.85,traction,0.2833333333333333,0.0,0.0,0.0,0.0,0.0,0.0,0.0,-0.0,846351.7602619353,694742.1424193529,0.0,0.0,0.0,0.0,0.0,24985.269607888975,1,0,1499.0860509152112,1115.8073053281673,0.0,0.0,0.0,0.0,0.0,0.35,667.83231428256,-0.0,667.83231428256,26760.0,0.0
0.9,traction,0.3,0.0,0.0,0.0,0.0,0.0,0.0,0.0,-0.0,778573.9045488215,638290.3156168953,0.0,0.0,0.0,0.0,0.0,24986.450115899694,1,0,1499.0860509152112,1185.540231431007,0.0,0.0,0.0,0.0,0.0,0.35,667.83231428256,-0.0,667.83231428256,26760.0,0.0
0.95,traction,0.3166666666666667,0.0,0.0,0.0,0.0,0.0,0.0,0.0,-0.0,716277.2472886889,587266.2130036195,0.0,0.0,0.0,0.0,0.0,24987.535473232547,1,0,1499.1161764733383,1246.2144434027684,0.0,0.0,0.0,0.0,0.0,0.35,667.83231428256,-0.0,667.83231428256,26760.0,0.0
1.0,traction,0.3333333333333333,0.0,0.0,0.0,0.0,0.0,0.0,0.0,-0.0,658104.1537458554,540398.9711332411,0.0,0.0,0.0,0.0,0.0,24988.53334917179,1,0,1499.1870069539816,1299.5050571921374,0.0,0.0,0.0,0.0,0.0,0.35,667.83231428256,-0.0,667.83231428256,26760.0,0.0
1.05,traction,0.35000000000000003,0.0,0.0,0.0,0.0,0.0,0.0,0.0,-0.0,605508.1707249708,497348.6375864463,0.0,0.0,0.0,0.0,0.0,24989.465081028888,1,0,1499.2521283939527,1346.6500526427353,0.0,0.0,0.0,0.0,0.0,0.35,667.83231428256,-0.0,667.83231428256,26760.0,0.0
1.1,traction,0.3666666666666667,0.0,0.0,0.0,0.0,0.0,0.0,0.0,-0.0,557179.5647805413,457760.67849396146,0.0,0.0,0.0,0.0,0.0,24990.307423612838,1,0,1499.3120009503073,1388.5916339194266,0.0,0.0,0.0,0.0,0.0,0.35,667.83231428256,-0.0,667.83231428256,26760.0,0.0
1.15,traction,0.38333333333333336,0.0,0.0,0.0,0.0,0.0,0.0,0.0,-0.0,512787.4331177661,421356.84841763484,0.0,0.0,0.0,0.0,0.0,24991.08136868118,1,0,1499.3679048617332,1426.0719811338756,0.0,0.0,0.0,0.0,0.0,0.35,667.83231428256,-0.0,667.83231428256,26760.0,0.0
1.2,traction,0.39999999999999997,0.0,0.00048060196645087515,0.009612039329017502,0.0,0.0,0.0,0.0,-0.0,471966.3455964655,387881.5001784902,0.0,0.0,0.0,0.0,0.0,24991.7922188883,1,0,1499.4184454167703,1459.6891124271556,0.0,0.0,0.0,0.0,0.0,0.35,667.83231428256,-0.0,667.83231428256,26760.0,0.0
1.25,traction,0.4166666666666667,0.0,0.0029543706426129225,0.04947537352324094,0.0,0.0,0.0,0.0,-0.0,434428.9558471026,357097.3596265945,0.0,0.0,0.0,0.0,0.0,24992.445843561007,1,0,1499.464882120871,1489.933446769068,0.0,0.0,0.0,0.0,0.0,0.35,667.83231428256,-0.0,667.83231428256,26760.0,0.0
1.3,traction,0.43333333333333335,0.0,0.007106591059431541,0.08304440833637236,7.447836539422688,7.923230361087967,0.0,0.0,-0.0,399912.052771388,328788.97810264304,0.0,0.0,0.0,0.0,0.0,24993.0468539104,1,0,1499.5075331332978,1517.2134996884906,0.0,0.0,0.0,0.0,0.0,0.35,667.83231428256,-0.0,667.83231428256,26760.0,0.0
1.35,traction,0.45,0.0,0.012692162790918327,0.11171143462973572,51.50033811211547,54.78759373629306,8.08492893988568,8.08492893988568,0.0,368170.56126715883,302765.48207637237,0.0,0.0,0.0,0.0,0.0,24993.599473132406,1,0,1499.5467506136604,1541.8737385794634,0.0,0.0,0.0,0.0,0.0,0.35,667.83231428256,-0.0,667.83231428256,26760.0,0.0
1.4,traction,0.46666666666666673,0.0,0.01951987427997331,0.13655422978109968,136.1487131062669,144.83905649602863,55.905707894176594,55.905707894176594,0.0,338982.22074187675,278876.1217649431,0.0,0.0,0.0,0.0,0.0,24994.10763219996,1,0,1499.582811234624,1564.2076907524959,0.0,0.0,0.0,0.0,0.0,0.35,667.83231428256,-0.0,667.83231428256,26760.0,0.0
1.45,traction,0.48333333333333334,0.0,0.027439453709698546,0.15839158859450467,263.0106669428111,279.79858185405436,147.79495560819248,147.79495560819248,0.0,312150.1169576589,256956.93502179332,0.0,0.0,0.0,0.0,0.0,24994.574895527054,1,0,1499.6159683879443,1584.4677075095371,0.0,0.0,0.0,0.0,0.0,0.35,667.83231428256,-0.0,667.83231428256,26760.0,0.0
1.5,traction,0.5,0.0,0.036333054113403096,0.177872008074091,432.57733030342155,460.1886492589591,285.50875699393305,285.50875699393305,0.0,287518.7338967203,236854.873723124,0.0,0.0,0.0,0.0,0.0,24995.004420697052,1,0,1499.6464579319977,1602.8723992923447,0.0,0.0,0.0,0.0,0.0,0.35,667.83231428256,-0.0,667.83231428256,26760.0,0.0
1.55,traction,0.5166666666666667,0.0,0.04610927659475787,0.19552444962709553,644.8826384973264,686.0453601035388,469.58025434587665,469.58025434587665,0.0,264918.94758824783,218428.0992614088,0.0,0.0,0.0,0.0,0.0,24995.398701756705,1,0,1499.6744937316232,1619.6123950557765,0.0,0.0,0.0,0.0,0.0,0.35,667.83231428256,-0.0,667.83231428256,26760.0,0.0
1.6,traction,0.5333333333333333,0.0,0.05669723597703579,0.21175918764555837,899.883552154834,957.3229278242915,700.0462858199376,700.0462858199376,0.0,244192.89531078143,201545.71406722718,0.0,0.0,0.0,0.0,0.0,24995.760449678193,1,0,1499.700265241823,1634.854872918284,0.0,0.0,0.0,0.0,0.0,0.35,667.83231428256,-0.0,667.83231428256,26760.0,0.0
1.65,traction,0.55,0.0,0.06804195863115811,0.2268944530824464,1197.6722139761548,1274.1193765703774,976.8601304329505,976.8601304329505,0.0,225194.2884982377,186087.2550428317,0.0,0.0,0.0,0.0,0.0,24996.09219443587,1,0,1499.7239221054022,1648.7471741958793,0.0,0.0,0.0,0.0,0.0,0.35,667.83231428256,-0.0,667.83231428256,26760.0,0.0
1.7,traction,0.5666666666666667,0.0,0.08010081289985203,0.24117708537387844,1538.549625213086,1636.7549204394534,1300.1218128269159,1300.1218128269159,0.0,207788.1291394981,171942.06768560308,0.0,0.0,0.0,0.0,0.0,24996.39628025798,1,0,1499.7456269806914,1661.4197208746134,0.0,0.0,0.0,0.0,0.0,0.35,667.83231428256,-0.0,667.83231428256,26760.0,0.0
1.75,traction,0.5833333333333334,0.0,0.09284073896520235,0.2547985213070064,1923.0423979492434,2045.7897850523868,1670.158082081075,1670.158082081075,0.0,191850.18750057145,159008.67155383978,0.0,0.0,0.0,0.0,0.0,24996.674870175335,1,0,1499.7655316661521,1672.9884039078856,0.0,0.0,0.0,0.0,0.0,0.35,667.83231428256,-0.0,667.83231428256,26760.0,0.0
1.8,traction,0.6,0.0,0.10623609956772467,0.2679072120504464,2351.89091240726,2502.011608943894,2087.5405969922317,2087.5405969922317,0.0,177266.34829519765,147194.02829391925,0.0,0.0,0.0,0.0,0.0,24996.929954456642,1,0,1499.7837768154789,1683.5565513739366,0.0,0.0,0.0,0.0,0.0,0.35,667.83231428256,-0.0,667.83231428256,26760.0,0.0
1.85,traction,0.6166666666666667,0.0,0.12026701330990051,0.2806182748435168,2826.024813205284,3006.409375750302,2553.073070350912,2553.073070350912,0.0,163931.95961978383,136412.86779053576,0.0,0.0,0.0,0.0,0.0,24997.163361139577,1,0,1499.8004922105201,1693.2165671354298,0.0,0.0,0.0,0.0,0.0,0.35,667.83231428256,-0.0,667.83231428256,26760.0,0.0
1.9,traction,0.6333333333333334,0.0,0.13491806218820473,0.2930209775660844,3346.5345772700844,3560.1431673086004,3067.764669132961,3067.764669132961,0.0,151751.07766396363,126587.0542780404,0.0,0.0,0.0,0.0,0.0,24997.37676650823,1,0,1499.8157972673985,1702.0513065237321,0.0,0.0,0.0,0.0,0.0,0.35,667.83231428256,-0.0,667.83231428256,26760.0,0.0
1.95,traction,0.65,0.0,0.15017728932833496,0.30518454280260454,3914.6436858337374,4164.514559397593,3632.7991503148987,3632.7991503148987,0.0,140635.77134811092,117644.99732156488,0.0,0.0,0.0,0.0,0.0,24997.571707229792,1,0,1499.8298016683746,1710.1352399813422,0.0,0.0,0.0,0.0,0.0,0.35,667.83231428256,-0.0,667.83231428256,26760.0,0.0
2.0,traction,0.6666666666666666,0.0,0.16603542176478467,0.31716264872899413,4531.683501813218,4820.9398955459765,4249.504652446523,4249.504652446523,0.0,130505.46822769023,109521.10857609104,0.0,0.0,0.0,0.0,0.0,24997.749591524556,1,0,1499.8426059904937,1717.5354441230265,0.0,0.0,0.0,0.0,0.0,0.35,667.83231428256,-0.0,667.83231428256,26760.0,0.0
2.05,traction,0.6833333333333332,0.0,0.18248526773454016,0.3289969193951098,5199.071629105259,5530.927265005595,4919.326424026507,4919.326424026507,0.0,121286.34671907083,102155.30285714741,0.0,0.0,0.0,0.0,0.0,24997.911709669144,1,0,1499.8543024337876,1724.3124511085043,0.0,0.0,0.0,0.0,0.0,0.35,667.83231428256,-0.0,667.83231428256,26760.0,0.0
2.1,traction,0.7000000000000001,0.0,0.1995212492996921,0.3407196313030386,5918.293828978571,6296.05726487082,5643.803331638362,5643.803331638362,0.0,112910.77559251484,95492.54117389182,0.0,0.0,0.0,0.0,0.0,24998.059243752723,1,0,1499.8649754914734,1730.5209807703977,0.0,0.0,0.0,0.0,0.0,0.35,667.83231428256,-0.0,667.83231428256,26760.0,0.0
2.15,traction,0.7166666666666667,0.0,0.21713903991235747,0.3523558122533077,6690.889225233764,7117.967260886983,6424.548229460021,6424.548229460021,0.0,105316.79920444947,89482.41253365908,0.0,0.0,0.0,0.0,0.0,24998.193276672006,1,0,1499.8747025801486,1736.210574992661,0.0,0.0,0.0,0.0,0.0,0.35,667.83231428256,-0.0,667.83231428256,26760.0,0.0
2.2,traction,0.7333333333333334,0.0,0.23533528335827994,0.36392486891844933,7518.43838706135,7998.338709639735,7263.231898864269,7263.231898864269,0.0,98447.66605293682,84078.75143492468,0.0,0.0,0.0,0.0,0.0,24998.31480039026,1,0,1499.8835546251632,1741.426150034027,0.0,0.0,0.0,0.0,0.0,0.35,667.83231428256,-0.0,667.83231428256,26760.0,0.0
2.25,traction,0.75,0.0,0.2541073758064285,0.3754418489629713,8402.553844399476,8938.887068510081,8161.57011187728,8161.57011187728,0.0,92251.39735607713,79239.28800295819,0.0,0.0,0.0,0.0,0.0,24998.4247234996,1,0,1499.8915966003203,1746.208479530239,0.0,0.0,0.0,0.0,0.0,0.35,667.83231428256,-0.0,667.83231428256,26760.0,0.0
2.3,traction,0.7666666666666667,0.0,0.2734532967948433,0.3869184197682962,9344.872611689038,9941.353842222381,9121.313335214369,9121.313335214369,0.0,86680.39246761242,74925.32789883114,0.0,0.0,0.0,0.0,0.0,24998.523878139902,1,0,1499.8988880234156,1750.5946185840496,0.0,0.0,0.0,0.0,0.0,0.35,667.83231428256,-0.0,667.83231428256,26760.0,0.0
2.35,traction,0.7833333333333333,0.0,0.2933714781646386,0.3983636273959057,10347.050341953265,11007.50036378007,10144.238614512635,10144.238614512635,0.0,81691.06798318443,71101.4593506195,0.0,0.0,0.0,0.0,0.0,24998.61302632584,1,0,1499.905483409976,1754.6182775114094,0.0,0.0,0.0,0.0,0.0,0.35,667.83231428256,-0.0,667.83231428256,26760.0,0.0
2.4,traction,0.7999999999999999,0.0,0.3138607024213265,0.4097844851337584,11410.756787397486,12139.102965316475,11232.14322834701,11232.14322834701,0.0,77243.52757332375,67735.28488371044,0.0,0.0,0.0,0.0,0.0,24998.69286573269,1,0,1499.9114326883941,1758.3101523437379,0.0,0.0,0.0,0.0,0.0,0.35,667.83231428256,-0.0,667.83231428256,26760.0,0.0
2.45,traction,0.8166666666666668,0.0,0.3349200239158872,0.4211864298912138,12537.672296470078,13337.949251563914,12386.839760527015,12386.839760527015,0.0,73301.25980498863,64797.17555002358,0.0,0.0,0.0,0.0,0.0,24998.764034988788,1,0,1499.9167815795502,1761.6982180059335,0.0,0.0,0.0,0.0,0.0,0.35,667.83231428256,-0.0,667.83231428256,26760.0,0.0
2.5,traction,0.8333333333333334,0.0,0.35654870772166425,0.43257367611554076,13729.485126340178,14605.835240787424,13610.152297514198,13610.152297514198,0.0,69830.86144931472,62260.045663865094,0.0,0.0,0.0,0.0,0.0,24998.827118518577,1,0,1499.9215719439612,1764.8079891346508,0.0,0.0,0.0,0.0,0.0,0.35,667.83231428256,-0.0,667.83231428256,26760.0,0.0
2.55,traction,0.8500000000000001,0.0,0.3787461822336877,0.4439494902404695,14987.889392374309,15944.563183376926,14903.913511007577,14903.913511007577,0.0,66801.78400369751,60099.146242926814,0.0,0.0,0.0,0.0,0.0,24998.88265097664,1,0,1499.9258420993272,1767.6627527233982,0.0,0.0,0.0,0.0,0.0,0.35,667.83231428256,-0.0,667.83231428256,26760.0,0.0
2.6,traction,0.8666666666666667,0.0,0.4015120024092081,0.45531640351040736,16314.58351215118,17355.93990654381,16269.96243201727,16269.96243201727,0.0,64186.101371233824,58291.875525449526,0.0,0.0,0.0,0.0,0.0,24998.93112130922,1,0,1499.9296271111145,1770.283776143412,0.0,0.0,0.0,0.0,0.0,0.35,667.83231428256,-0.0,667.83231428256,26760.0,0.0
2.65,traction,0.8833333333333333,0.0,0.4248458212600756,0.4666763770173499,17711.269031251326,18841.775565160988,17710.142761779396,17710.142761779396,0.0,61958.29683772584,56817.605089546036,0.0,0.0,0.0,0.0,0.0,24998.97297647631,1,0,1499.9329590585983,1772.6904935636276,0.0,0.0,0.0,0.0,0.0,0.35,667.83231428256,-0.0,667.83231428256,26760.0,0.0
2.7,traction,0.9,0.0,0.4487473677441069,0.4780309296806262,19179.64974221172,20403.882704480555,19226.30159710305,19226.30159710305,0.0,60095.067664703616,55657.52023938563,0.0,0.0,0.0,0.0,0.0,24999.008624864207,1,0,1499.9358672785531,1774.9006733573622,0.0,0.0,0.0,0.0,0.0,0.35,667.83231428256,-0.0,667.83231428256,26760.0,0.0
2.75,traction,0.9166666666666666,0.0,0.47321642961861976,0.4893812374902573,20721.431027450057,22044.075561117083,20820.28847395975,20820.28847395975,0.0,58575.14577703749,54794.473447018936,0.0,0.0,0.0,0.0,0.0,24999.03843941555,1,0,1499.9383785885786,1776.9305687201966,0.0,0.0,0.0,0.0,0.0,0.35,667.83231428256,-0.0,667.83231428256,26760.0,0.0
2.8,traction,0.9333333333333335,0.0,0.49825284014193477,0.5007282104663002,22338.31937242522,23764.169545133213,22493.954654201105,22493.954654201105,0.0,57379.13316699818,54212.849749570625,0.0,0.0,0.0,0.0,0.0,24999.06276050133,1,0,1499.9405174918525,1778.7950534193974,0.0,0.0,0.0,0.0,0.0,0.35,667.83231428256,-0.0,667.83231428256,26760.0,0.0
2.85,traction,0.9500000000000001,0.0,0.52385646775883,0.5120725523379044,24032.022007520594,25565.980859064464,24249.152597074706,24249.152597074706,0.0,56489.3507647819,53898.443100952485,0.0,0.0,0.0,0.0,0.0,24999.08189855692,1,0,1499.942306364933,1780.5077443392493,0.0,0.0,0.0,0.0,0.0,0.35,667.83231428256,-0.0,667.83231428256,26760.0,0.0
2.9,traction,0.9666666666666667,0.0,0.5500272080999328,0.5234148068220557,25804.24664673272,27451.32621992843,26087.735570473942,26087.735570473942,0.0,55889.699640102684,53838.34276643947,0.0,0.0,0.0,0.0,0.0,24999.0961365023,1,0,1499.9437656300797,1782.0811122702157,0.0,0.0,0.0,0.0,0.0,0.35,667.83231428256,-0.0,667.83231428256,26760.0,0.0
2.95,traction,0.9833333333333334,0.0,0.5767649777754825,0.534755393510995,27656.70129874086,29422.02265823496,28011.55736727391,28011.55736727391,0.0,55565.53350212675,54020.828928666815,0.0,0.0,0.0,0.0,0.0,24999.105731964606,1,0,1499.9449139134151,1783.526582206043,0.0,0.0,0.0,0.0,0.0,0.35,667.83231428256,-0.0,667.83231428256,26760.0,0.0
3.0,traction,1.0,0.0,0.6040697095605595,0.5460946357015395,29591.094131754206,31479.887374206603,30022.472100239756,30022.472100239756,0.0,55503.54155711718,54435.27674590071,0.0,0.0,0.0,0.0,0.0,24999.110919319664,1,0,1499.9457681901379,1784.8546242561397,0.0,0.0,0.0,0.0,0.0,0.35,667.83231428256,-0.0,667.83231428256,26760.0,0.0
3.05,traction,1.0,0.0,0.6319413486593402,0.5574327819756131,31609.13337803486,33626.737636207305,32122.334055312862,32122.334055312862,0.0,55691.64086597548,55072.06816874004,0.0,0.0,0.0,0.0,0.0,24999.11191156752,1,0,1499.9463439178762,1786.0748361463254,0.0,0.0,0.0,0.0,0.0,0.35,667.83231428256,-0.0,667.83231428256,26760.0,0.0
3.1,traction,1.0,0.0,0.6603798498060977,0.56877002293515,33712.527267459605,35864.39071006341,34312.99758796664,34312.99758796664,0.0,56118.87741849925,55922.5108805175,0.0,0.0,0.0,0.0,0.0,24999.108902055825,1,0,1499.9466551591797,1787.1960181656254,0.0,0.0,0.0,0.0,0.0,0.35,667.83231428256,-0.0,667.83231428256,26760.0,0.0
3.15,traction,1.0,0.0,0.689385175015066,0.5801065041793674,35902.983982139245,38194.663810786435,36596.31705108511,36596.31705108511,0.0,56775.33520858665,56978.76378028202,0.0,0.0,0.0,0.0,0.0,24999.102066063515,1,0,1499.9467146940513,1788.2262413172186,0.0,0.0,0.0,0.0,0.0,0.35,667.83231428256,-0.0,667.83231428256,26760.0,0.0
3.2,traction,1.0,0.0,0.7189572918334727,0.5914423363681331,38034.548343253184,40462.28547154594,38974.14674570045,38974.14674570045,0.0,57652.052655629544,58233.76847596226,0.0,0.0,0.0,0.0,0.0,24999.09156225638,1,0,1499.9465341233495,1789.1729093454055,0.0,0.0,0.0,0.0,0.0,0.35,667.83231428256,-0.0,667.83231428256,26760.0,0.0
3.25,traction,1.0,0.0,0.7490961719847605,0.602777603025757,40123.56890858425,42684.64777508963,41288.04639953667,41288.04639953667,0.0,58740.94577267083,59517.62053970614,0.0,0.0,0.0,0.0,0.0,24999.07753402497,1,0,1499.9461239638108,1790.042815235542,0.0,0.0,0.0,0.0,0.0,0.35,667.83231428256,-0.0,667.83231428256,26760.0,0.0
3.3,traction,1.0,0.0,0.779675618655289,0.6115889334105695,42183.61845425914,44876.18984495654,43555.76303580574,43555.76303580574,0.0,60034.73753217722,60840.86044079836,0.0,0.0,0.0,0.0,0.0,24999.060110714403,1,0,1499.9454937353828,1790.8421927185725,0.0,0.0,0.0,0.0,0.0,0.35,667.83231428256,-0.0,667.83231428256,26760.0,0.0
3.35,traction,1.0,0.0,0.8105973474136466,0.6184345751671527,44225.93852374589,47048.87076994244,45792.03045403729,45792.03045403729,0.0,61358.268714243866,62211.562606526255,0.0,0.0,0.0,0.0,0.0,24999.039408754976,1,0,1499.944652041498,1791.5767632546708,0.0,0.0,0.0,0.0,0.0,0.35,667.83231428256,-0.0,667.83231428256,26760.0,0.0
3.4,traction,1.0,0.0,0.841784812027743,0.6237492922819277,46252.45312130274,49204.73736308802,48009.05180606372,48009.05180606372,0.0,62722.405684154764,63635.778898260265,0.0,0.0,0.0,0.0,0.0,24999.018230790396,1,0,1499.943606642864,1792.2517789204117,0.0,0.0,0.0,0.0,0.0,0.35,667.83231428256,-0.0,667.83231428256,26760.0,0.0
3.45,traction,1.0,0.0,0.8731783960045386,0.6278716795359118,48265.09657353664,51345.847418656005,50208.915676620425,50208.915676620425,0.0,64135.47940948985,65109.75491253218,0.0,0.0,0.0,0.0,0.0,24998.996402947192,1,0,1499.9423645252984,1792.872061579824,0.0,0.0,0.0,0.0,0.0,0.35,667.83231428256,-0.0,667.83231428256,26760.0,0.0
3.5,traction,1.0,0.0,0.9047317535813173,0.6310671515355737,50265.652532605345,53474.09843894186,52393.72185577144,52393.72185577144,0.0,65603.7285860081,66630.22819595283,0.0,0.0,0.0,0.0,0.0,24998.973792029472,1,0,1499.9410938474236,1793.4420386808204,0.0,0.0,0.0,0.0,0.0,0.35,667.83231428256,-0.0,667.83231428256,26760.0,0.0
3.55,traction,1.0,0.0,0.9364089410991293,0.6335437503562402,52255.751007631,55591.22447620319,54565.40657034884,54565.40657034884,0.0,67123.28248908147,68194.41227618743,0.0,0.0,0.0,0.0,0.0,24998.95029820352,1,0,1499.9397841768314,1793.9657916940128,0.0,0.0,0.0,0.0,0.0,0.35,667.83231428256,-0.0,667.83231428256,26760.0,0.0
3.6,traction,1.0,0.0,0.9681820823005026,0.6354628240274662,54236.86868394927,57698.79647228646,56725.73926143183,56725.73926143183,0.0,68690.77024153793,69799.49606006438,0.0,0.0,0.0,0.0,0.0,24998.925983393598,1,0,1499.9384275217683,1794.4470675009518,0.0,0.0,0.0,0.0,0.0,0.35,667.83231428256,-0.0,667.83231428256,26760.0,0.0
3.65,traction,1.0,0.0,1.0000295575303524,0.6369495045969953,56210.330368778436,59798.223796572805,58876.322930904564,58876.322930904564,0.0,70303.31977285889,71442.87407457098,0.0,0.0,0.0,0.0,0.0,24998.90090152711,1,0,1499.937017892211,1794.889306320559,0.0,0.0,0.0,0.0,0.0,0.35,667.83231428256,-0.0,667.83231428256,26760.0,0.0
3.7,traction,1.0,0.0,1.031934599242582,0.6381008342445904,58177.308608198444,61890.75383850899,61018.59571078858,61018.59571078858,0.0,71958.03354937841,73122.11759720638,0.0,0.0,0.0,0.0,0.0,24998.87509855712,1,0,1499.9355590036157,1795.2956672283126,0.0,0.0,0.0,0.0,0.0,0.35,667.83231428256,-0.0,667.83231428256,26760.0,0.0
3.75,traction,1.0,0.0,1.0638842026186526,0.6389920675214134,60138.828853832594,63977.47750407723,63153.83044745815,63153.83044745815,0.0,73652.22594473472,74834.95619168306,0.0,0.0,0.0,0.0,0.0,24998.848620844048,1,0,1499.9340540916266,1795.669052269767,0.0,0.0,0.0,0.0,0.0,0.35,667.83231428256,-0.0,667.83231428256,26760.0,0.0
3.8,traction,1.0,0.0,1.0958682806950106,0.6396815615271612,62095.77854623526,66059.3388789737,65283.140310282884,65283.140310282884,0.0,75383.39310406923,76579.24351181423,0.0,0.0,0.0,0.0,0.0,24998.821511357542,1,0,1499.9325059134271,1796.0121275618365,0.0,0.0,0.0,0.0,0.0,0.35,667.83231428256,-0.0,667.83231428256,26760.0,0.0
3.85,traction,1.0,0.0,1.1278790091948472,0.640214569996731,64048.918664622,68137.14751555532,67407.48865201397,67407.48865201397,0.0,77149.19436581469,78352.94425622087,0.0,0.0,0.0,0.0,0.0,24998.793810159063,1,0,1499.9309172506428,1796.327342626055,0.0,0.0,0.0,0.0,0.0,0.35,667.83231428256,-0.0,667.83231428256,26760.0,0.0
3.9,traction,1.0,0.0,1.1599103184691322,0.6406261854856998,65998.89652619328,70211.5920491418,69527.70154648503,69527.70154648503,0.0,78947.41701077168,80154.12634634542,0.0,0.0,0.0,0.0,0.0,24998.765554698955,1,0,1499.9292906814526,1796.6169481555082,0.0,0.0,0.0,0.0,0.0,0.35,667.83231428256,-0.0,667.83231428256,26760.0,0.0
3.95,traction,1.0,0.0,1.1919574995158693,0.6409436209347419,67946.25890222276,72283.25415130082,71644.48168279775,71644.48168279775,0.0,80775.96278881333,81980.95519218732,0.0,0.0,0.0,0.0,0.0,24998.73678038052,1,0,1499.9276286095437,1796.8830122797406,0.0,0.0,0.0,0.0,0.0,0.35,667.83231428256,-0.0,667.83231428256,26760.0,0.0
4.0,traction,1.0,0.0,1.2240168984629825,0.6411879789422636,69891.46478737364,74352.62211422728,73758.42260336818,73758.42260336818,0.0,82632.83986808383,83831.69025459101,0.0,0.0,0.0,0.0,0.0,24998.707520775584,1,0,1499.9259332819372,1797.1274354811273,0.0,0.0,0.0,0.0,0.0,0.35,667.83231428256,-0.0,667.83231428256,26760.0,0.0
4.05,traction,1.0,0.0,1.2560856796514575,0.6413756237695001,71834.89739133936,76420.10360780783,75870.02256553805,75870.02256553805,0.0,84516.15692277437,85704.68265768021,0.0,0.0,0.0,0.0,0.0,24998.67780775334,1,0,1499.9242068228311,1797.351964276646,0.0,0.0,0.0,0.0,0.0,0.35,667.83231428256,-0.0,667.83231428256,26760.0,0.0
4.1,traction,1.0,0.0,1.2881616419153687,0.6415192452782259,73776.8751031351,78486.03734376075,77979.69755898758,77979.69755898758,0.0,86424.11958873278,87598.37329242892,0.0,0.0,0.0,0.0,0.0,24998.64767157498,1,0,1499.922451246535,1797.558203771431,0.0,0.0,0.0,0.0,0.0,0.35,667.83231428256,-0.0,667.83231428256,26760.0,0.0
4.15,traction,1.0,0.0,1.3202430761140564,0.6416286839737539,75717.661311796,80550.70352318723,80087.79320791914,80087.79320791914,0.0,88355.02800058536,89511.29097771346,0.0,0.0,0.0,0.0,0.0,24998.61714095036,1,0,1499.9206684652004,1797.7476291775222,0.0,0.0,0.0,0.0,0.0,0.35,667.83231428256,-0.0,667.83231428256,26760.0,0.0
4.2,traction,1.0,0.0,1.3523286546537754,0.6417115707943788,77657.47306047448,82614.33304305797,82194.5954318237,82194.5954318237,0.0,90307.27483611237,91442.05047473352,0.0,0.0,0.0,0.0,0.0,24998.586243077443,1,0,1499.918860294499,1797.921596384481,0.0,0.0,0.0,0.0,0.0,0.35,667.83231428256,-0.0,667.83231428256,26760.0,0.0
4.25,traction,1.0,0.0,1.3844173458159557,0.6417738232436054,79596.48857244963,84677.11550260599,84300.33983985506,84300.33983985506,0.0,92279.34342008225,93389.35024319345,0.0,0.0,0.0,0.0,0.0,24998.555003673573,1,0,1499.9170284570214,1798.081351661297,0.0,0.0,0.0,0.0,0.0,0.35,667.83231428256,-0.0,667.83231428256,26760.0,0.0
4.3,traction,1.0,0.0,1.4165083473220428,0.6418200301217425,81534.85372519257,86739.2060906304,86405.21990061835,86405.21990061835,0.0,94269.80567699068,95351.96989833727,0.0,0.0,0.0,0.0,0.0,24998.5234470058,1,0,1499.9151745846466,1798.2280405620704,0.0,0.0,0.0,0.0,0.0,0.35,667.83231428256,-0.0,667.83231428256,26760.0,0.0
4.35,traction,1.0,0.0,1.4486010348155747,0.6418537498706378,83472.68756897502,88800.7314563564,88509.39397003101,88509.39397003101,0.0,96277.31981769913,97328.76737826534,0.0,0.0,0.0,0.0,0.0,24998.491595923635,1,0,1499.9133002204144,1798.3627161018183,0.0,0.0,0.0,0.0,0.0,0.35,667.83231428256,-0.0,667.83231428256,26760.0,0.0
4.4,traction,1.0,0.0,1.480694921912,0.6418777419285071,85410.08699480696,90861.79467532656,90612.99128199632,90612.99128199632,0.0,98300.62771775207,99318.67585857594,0.0,0.0,0.0,0.0,0.0,24998.45947189606,1,0,1499.9114068203478,1798.4863462630976,0.0,0.0,0.0,0.0,0.0,0.35,667.83231428256,-0.0,667.83231428256,26760.0,0.0
4.45,traction,1.0,0.0,1.5127896292188432,0.6418941461368632,87347.13065675937,92922.47942208445,92716.11701563935,92716.11701563935,0.0,100338.55199707337,101320.70046606127,0.0,0.0,0.0,0.0,0.0,24998.427095053466,1,0,1499.909495755418,1798.5998208889998,0.0,0.0,0.0,0.0,0.0,0.35,667.83231428256,-0.0,667.83231428256,26760.0,0.0
4.5,traction,1.0,0.0,1.54488486031203,0.6419046218637359,89283.8822489302,94982.85345630873,94818.8565531474,94818.8565531474,0.0,102389.99283921011,103333.91484834487,0.0,0.0,0.0,0.0,0.0,24998.39448423436,1,0,1499.9075683137637,1798.7039580133464,0.0,0.0,0.0,0.0,0.0,0.35,667.83231428256,-0.0,667.83231428256,26760.0,0.0
4.55,traction,1.0,0.0,1.5769803831064455,0.6419104558883104,91220.39322957405,97042.97152082347,96921.27903704972,96921.27903704972,0.0,104453.92460344092,105357.4576556991,0.0,0.0,0.0,0.0,0.0,24998.36165703626,1,0,1499.905625703208,1798.7995096746267,0.0,0.0,0.0,0.0,0.0,0.35,667.83231428256,-0.0,667.83231428256,26760.0,0.0
4.6,traction,1.0,0.0,1.6090760154095198,0.6419126460614866,93156.70507572187,99102.87774012965,99023.44032737089,99023.44032737089,0.0,106529.3922883855,107390.52898705113,0.0,0.0,0.0,0.0,0.0,24998.328629869902,1,0,1499.9036690540615,1798.8871672562877,0.0,0.0,0.0,0.0,0.0,0.35,667.83231428256,-0.0,667.83231428256,26760.0,0.0
4.65,traction,1.0,0.0,1.6411716137185868,0.6419119661813388,95092.85114195815,101162.60759782782,101125.3854491119,101125.3854491119,0.0,108615.50790508589,109432.38684598435,0.0,0.0,0.0,0.0,0.0,24998.29541801579,1,0,1499.9016994221756,1798.9675663924027,0.0,0.0,0.0,0.0,0.0,0.35,667.83231428256,-0.0,667.83231428256,26760.0,0.0
4.7,traction,1.0,0.0,1.6732670645336687,0.6419090163016383,97028.85818754684,103222.18956122005,103227.15061002839,103227.15061002839,0.0,110711.44681317068,111482.34364555762,0.0,0.0,0.0,0.0,0.0,24998.26203568225,1,0,1499.899717792194,1799.0412914744643,0.0,0.0,0.0,0.0,0.0,0.35,667.83231428256,-0.0,667.83231428256,26760.0,0.0
4.75,traction,1.0,0.0,1.7053622776208721,0.6419042617440684,98964.7476271877,105281.6464119018,105328.7648583878,105328.7648583878,0.0,112816.4440673227,113539.76279370624,0.0,0.0,0.0,0.0,0.0,24998.228496064043,1,0,1499.8977250809473,1799.1088797920554,0.0,0.0,0.0,0.0,0.0,0.35,667.83231428256,-0.0,667.83231428256,26760.0,0.0
4.8,traction,1.0,0.0,1.7374571807884158,0.6418980633508742,100900.53655255584,107340.99633250623,107430.25144071614,107430.25144071614,0.0,114929.79081407114,115604.05538426994,0.0,0.0,0.0,0.0,0.0,24998.194811400786,1,0,1499.895722140935,1799.1708253374186,0.0,0.0,0.0,0.0,0.0,0.35,667.83231428256,-0.0,667.83231428256,26760.0,0.0
4.85,traction,1.0,0.0,1.7695517158356402,0.6418907009444874,102836.23856452218,109400.25379204488,109531.62891072064,109531.62891072064,0.0,117050.83077165164,117674.6770126172,0.0,0.0,0.0,0.0,0.0,24998.160993034653,1,0,1499.8937097638425,1799.2275823014338,0.0,0.0,0.0,0.0,0.0,0.35,667.83231428256,-0.0,667.83231428256,26760.0,0.0
4.9,traction,1.0,0.0,1.801645835411622,0.641882391519637,104771.8644495827,111459.43026551353,111632.91203269886,111632.91203269886,0.0,119178.9568187555,119751.1247294797,0.0,0.0,0.0,0.0,0.0,24998.12705146664,1,0,1499.891688684047,1799.279568286241,0.0,0.0,0.0,0.0,0.0,0.35,667.83231428256,-0.0,667.83231428256,26760.0,0.0
4.95,traction,1.0,0.0,1.8337395005791541,0.6418733033506419,106707.42272850801,113518.53481756173,113734.11251583013,113734.11251583013,0.0,121313.60771172147,121832.93414203059,0.0,0.0,0.0,0.0,0.0,24998.092996411186,1,0,1499.889659582079,1799.3271672576363,0.0,0.0,0.0,0.0,0.0,0.35,667.83231428256,-0.0,667.83231428256,26760.0,0.0
5.0,traction,1.0,0.0,1.8658326789257074,0.6418635669310646,108642.92010049669,115577.57457499648,115835.23960975687,115835.23960975687,0.0,123454.26494420713,123919.67666740713,0.0,0.0,0.0,0.0,0.0,24998.058836848664,1,0,1499.8876230879982,1799.3707322584655,0.0,0.0,0.0,0.0,0.0,0.35,667.83231428256,-0.0,667.83231428256,26760.0,0.0
5.05,traction,1.0,0.0,1.8979253430985554,0.6418532834569612,110578.36180210042,117636.55510861748,117936.3005867311,117936.3005867311,0.0,125600.44975865104,126010.95694072312,0.0,0.0,0.0,0.0,0.0,24998.024581075653,1,0,1499.885579784671,1799.4105879024833,0.0,0.0,0.0,0.0,0.0,0.35,667.83231428256,-0.0,667.83231428256,26760.0,0.0
5.1,traction,1.0,0.0,1.930017469668824,0.64184253140537,112513.75189680372,119695.48074128055,120037.30113124233,120037.30113124233,0.0,127751.72031488961,128106.41037710887,0.0,0.0,0.0,0.0,0.0,24997.99023675273,1,0,1499.8835302109198,1799.4470326665441,0.0,0.0,0.0,0.0,0.0,0.35,667.83231428256,-0.0,667.83231428256,26760.0,0.0
5.15,traction,1.0,0.0,1.962109038250607,0.6418313716356616,114449.09350830398,121754.35479606807,122138.24565436791,122138.24565436791,0.0,129907.66901803571,130205.70088531019,0.0,0.0,0.0,0.0,0.0,24997.955810949774,1,0,1499.881474864539,1799.4803409975157,0.0,0.0,0.0,0.0,0.0,0.35,667.83231428256,-0.0,667.83231428256,26760.0,0.0
5.2,traction,1.0,0.0,1.9942000308178771,0.6418198513454021,116384.38900817579,123813.17979593169,124239.13754700824,124239.13754700824,0.0,132067.9200051447,132308.51872888167,0.0,0.0,0.0,0.0,0.0,24997.921310188736,1,0,1499.8794142051636,1799.510765248967,0.0,0.0,0.0,0.0,0.0,0.35,667.83231428256,-0.0,667.83231428256,26760.0,0.0
5.25,traction,1.0,0.0,2.02629043117478,0.6418080071380539,118319.64016664347,125871.9576240888,126339.97938360379,126339.97938360379,0.0,134232.1267881222,134414.57852986734,0.0,0.0,0.0,0.0,0.0,24997.88674048384,1,0,1499.8773486569864,1799.5385374614405,0.0,0.0,0.0,0.0,0.0,0.35,667.83231428256,-0.0,667.83231428256,26760.0,0.0
5.3,traction,1.0,0.0,2.058380224544868,0.6417958674017665,120254.8482735674,127930.6896527313,128440.7730858049,128440.7730858049,0.0,136399.97004878763,136523.61740906964,0.0,0.0,0.0,0.0,0.0,24997.85210737929,1,0,1499.8752786113241,1799.5638709990014,0.0,0.0,0.0,0.0,0.0,0.35,667.83231428256,-0.0,667.83231428256,26760.0,0.0
5.35,traction,1.0,0.0,2.0904693972525727,0.6417834541540923,122190.01423541913,129989.37684619057,130541.52005380744,130541.52005380744,0.0,138571.15558082852,138635.39325647222,0.0,0.0,0.0,0.0,0.0,24997.817415984562,1,0,1499.8732044290302,1799.5869620536996,0.0,0.0,0.0,0.0,0.0,0.35,667.83231428256,-0.0,667.83231428256,26760.0,0.0
5.4,traction,1.0,0.0,2.122557936476199,0.6417707844725218,124125.13865292865,132048.01984354111,132642.22127162304,132642.22127162304,0.0,140745.41237256472,140749.6831250657,0.0,0.0,0.0,0.0,0.0,24997.782671007324,1,0,1499.8711264427575,1799.607991028651,0.0,0.0,0.0,0.0,0.0,0.35,667.83231428256,-0.0,667.83231428256,26760.0,0.0
5.45,traction,1.0,0.0,2.1546458300563844,0.641757871603712,126060.2218831938,134106.61902467426,134742.8773913685,134742.8773913685,0.0,142922.4908238895,142866.28174117394,0.0,0.0,0.0,0.0,0.0,24997.747876784113,1,0,1499.8690449590736,1799.6271238095567,0.0,0.0,0.0,0.0,0.0,0.35,667.83231428256,-0.0,667.83231428256,26760.0,0.0
5.5,traction,1.0,0.0,2.1867330663475726,0.641744725823763,127995.26408931539,136165.1745631015,136843.48880068804,136843.48880068804,0.0,145102.1610904277,144985.00012436823,0.0,0.0,0.0,0.0,0.0,24997.71303730887,1,0,1499.8669602604393,1799.6445129336867,0.0,0.0,0.0,0.0,0.0,0.35,667.83231428256,-0.0,667.83231428256,26760.0,0.0
5.55,traction,1.0,0.0,2.218819634102835,0.6417313551052484,129930.26528002784,138223.68646811473,138944.0556766342,138944.0556766342,0.0,147284.21154779635,147105.66431015887,0.0,0.0,0.0,0.0,0.0,24997.678156259426,1,0,1499.8648726070467,1799.6602986646183,0.0,0.0,0.0,0.0,0.0,0.35,667.83231428256,-0.0,667.83231428256,26760.0,0.0
5.6,traction,1.0,0.0,2.250905522384559,0.6417177656344819,131865.22534131657,140282.1546184219,141044.5780286885,141044.5780286885,0.0,149468.44736884025,149228.11416879357,0.0,0.0,0.0,0.0,0.0,24997.643237022075,1,0,1499.8627822385322,1799.6746099803447,0.0,0.0,0.0,0.0,0.0,0.35,667.83231428256,-0.0,667.83231428256,26760.0,0.0
5.65,traction,1.0,0.0,2.2829907204951954,0.6417039622127252,133800.14406162183,142340.5787889594,143145.05573308357,143145.05573308357,0.0,151654.6892068228,151352.20231375654,0.0,0.0,0.0,0.0,0.0,24997.608282714347,1,0,1499.8606893755655,1799.6875654817538,0.0,0.0,0.0,0.0,0.0,0.35,667.83231428256,-0.0,667.83231428256,26760.0,0.0
5.7,traction,1.0,0.0,2.315075217923553,0.6416899485671568,135735.02115191557,144398.95867225062,145245.48856016266,145245.48856016266,0.0,153842.77197769462,153477.79309378643,0.0,0.0,0.0,0.0,0.0,24997.573296206065,1,0,1499.8585942213244,1799.6992742279067,0.0,0.0,0.0,0.0,0.0,0.35,667.83231428256,-0.0,667.83231428256,26760.0,0.0
5.75,traction,1.0,0.0,2.3471590043031596,0.6416757275921281,137669.85626168305,146457.2938954075,147345.8761961741,147345.8761961741,0.0,156032.5437348365,155604.76166255932,0.0,0.0,0.0,0.0,0.0,24997.53828013884,1,0,1499.8564969628608,1799.7098365040217,0.0,0.0,0.0,0.0,0.0,0.35,667.83231428256,-0.0,667.83231428256,26760.0,0.0
5.8,traction,1.0,0.0,2.3792420693799725,0.6416613015362582,139604.64899163577,148515.5840336551,149446.2182606199,149446.2182606199,0.0,158223.86462990296,157732.99312045722,0.0,0.0,0.0,0.0,0.0,24997.503236944067,1,0,1499.8543977723639,1799.719344527603,0.0,0.0,0.0,0.0,0.0,0.35,667.83231428256,-0.0,667.83231428256,26760.0,0.0
5.85,traction,1.0,0.0,2.411324402987345,0.6416466721474468,141539.3989038182,150573.8286210832,151546.51432005622,151546.51432005622,0.0,160416.60595373283,159862.38172318044,0.0,0.0,0.0,0.0,0.0,24997.468168859563,1,0,1499.8522968083303,1799.7278830976913,0.0,0.0,0.0,0.0,0.0,0.35,667.83231428256,-0.0,667.83231428256,26760.0,0.0
5.9,traction,1.0,0.0,2.443405995026611,0.6416318407853261,143474.10552963783,152632.0271591892,153646.7638990645,153646.7638990645,0.0,162610.64925157375,161992.8301522648,0.0,0.0,0.0,0.0,0.0,24997.433077944894,1,0,1499.850194216644,1799.7355301918378,0.0,0.0,0.0,0.0,0.0,0.35,667.83231428256,-0.0,667.83231428256,26760.0,0.0
5.95,traction,1.0,0.0,2.4754868354520387,0.6416168085085516,145408.76837624132,154690.179123661,155746.96648896858,155746.96648896858,0.0,164805.88550721758,164124.248842875,0.0,0.0,0.0,0.0,0.0,24997.397966095556,1,0,1499.8480901315738,1799.7423575150042,0.0,0.0,0.0,0.0,0.0,0.35,667.83231428256,-0.0,667.83231428256,26760.0,0.0
6.0,traction,1.0,0.0,2.50756691425916,0.6416015761424276,147343.3869315746,156748.28396976023,157847.1215547561,157847.1215547561,0.0,167002.21439095517,166256.55536455032,0.0,0.0,0.0,0.0,0.0,24997.36283505601,1,0,1499.8459846766937,1799.748431004276,0.0,0.0,0.0,0.0,0.0,0.35,667.83231428256,-0.0,667.83231428256,26760.0,0.0
6.05,traction,1.0,0.0,2.5396462214757283,0.6415861443313631,149277.9606683971,158806.34113659267,159947.22854057167,159947.22854057167,0.0,169199.543566578,168389.67385086638,0.0,0.0,0.0,0.0,0.0,24997.327686431723,1,0,1499.8438779657333,1799.7538112929374,0.0,0.0,0.0,0.0,0.0,0.35,667.83231428256,-0.0,667.83231428256,26760.0,0.0
6.1,traction,1.0,0.0,2.5717247471546996,0.6415705135794258,151212.48904746395,160864.35005049358,162047.28687407417,162047.28687407417,0.0,171397.78805296993,170523.53447426987,0.0,0.0,0.0,0.0,0.0,24997.29252170026,1,0,1499.8417701033607,1799.758554137196,0.0,0.0,0.0,0.0,0.0,0.35,667.83231428256,-0.0,667.83231428256,26760.0,0.0
6.15,traction,1.0,0.0,2.603802481368808,0.6415546842821662,153146.9715200479,162922.31012771055,164147.29596989142,164147.29596989142,0.0,173596.8696361275,172658.07296257847,0.0,0.0,0.0,0.0,0.0,24997.25734222149,1,0,1499.8396611859034,1799.7627108085567,0.0,0.0,0.0,0.0,0.0,0.35,667.83231428256,-0.0,667.83231428256,26760.0,0.0
6.2,traction,1.0,0.0,2.635879414206347,0.6415386567507841,155081.4075299367,164980.2207765284,166247.2552323577,166247.2552323577,0.0,175796.7163277502,174793.2301539246,0.0,0.0,0.0,0.0,0.0,24997.222149246998,1,0,1499.8375513020155,1799.7663284546177,0.0,0.0,0.0,0.0,0.0,0.35,667.83231428256,-0.0,667.83231428256,26760.0,0.0
6.25,traction,1.0,0.0,2.667955535767908,0.6415224312312162,157015.79651501524,167038.0813989524,168347.16405768206,168347.16405768206,0.0,177997.2618667849,176928.95158714085,0.0,0.0,0.0,0.0,0.0,24997.18694392875,1,0,1499.8354405332893,1799.769450430827,0.0,0.0,0.0,0.0,0.0,0.35,667.83231428256,-0.0,667.83231428256,26760.0,0.0
6.3,traction,1.0,0.0,2.7000308361638523,0.6415060079188883,158950.137908517,169095.89139203937,170447.0218356657,170447.0218356657,0.0,180198.44526060217,179065.18712479968,0.0,0.0,0.0,0.0,0.0,24997.151727327077,1,0,1499.8333289548198,1799.7721166055449,0.0,0.0,0.0,0.0,0.0,0.35,667.83231428256,-0.0,667.83231428256,26760.0,0.0
6.35,traction,1.0,0.0,2.732105305512356,0.6414893869700755,160884.43114001452,171153.65014895162,172546.82795106058,172546.82795106058,0.0,182400.21036271125,181201.8906063511,0.0,0.0,0.0,0.0,0.0,24997.11650041799,1,0,1499.831216635725,1799.7743636405548,0.0,0.0,0.0,0.0,0.0,0.35,667.83231428256,-0.0,667.83231428256,26760.0,0.0
6.4,traction,1.0,0.0,2.7641789339378926,0.6414725685107303,162818.6756362027,173211.3570597901,174646.5817846445,174646.5817846445,0.0,184602.50548413873,183339.01952897798,0.0,0.0,0.0,0.0,0.0,24997.08126409997,1,0,1499.8291036396245,1799.7762252490056,0.0,0.0,0.0,0.0,0.0,0.35,667.83231428256,-0.0,667.83231428256,26760.0,0.0
6.45,traction,1.0,0.0,2.796251711570059,0.6414555526433308,164752.87082151833,175269.01151225355,176746.28271407154,176746.28271407154,0.0,186805.28303583627,185476.53475397432,0.0,0.0,0.0,0.0,0.0,24997.04601920016,1,0,1499.8269900250793,1799.7777324325966,0.0,0.0,0.0,0.0,0.0,0.35,667.83231428256,-0.0,667.83231428256,26760.0,0.0
6.5,traction,1.0,0.0,2.828323628542673,0.6414383394522805,166687.01611862908,177326.6128921586,178845.93011454443,178845.93011454443,0.0,189008.49919966282,187614.40023662933,0.0,0.0,0.0,0.0,0.0,24997.0107664801,1,0,1499.8248758459981,1799.7789136996814,0.0,0.0,0.0,0.0,0.0,0.35,667.83231428256,-0.0,667.83231428256,26760.0,0.0
6.55,traction,1.0,0.0,2.860394674993071,0.6414209290079587,168621.11094882057,179384.16058385168,180945.5233593455,180945.5233593455,0.0,191212.11362568,189752.5827777439,0.0,0.0,0.0,0.0,0.0,24996.975506640993,1,0,1499.8227611520094,1799.7797952658234,0.0,0.0,0.0,0.0,0.0,0.35,667.83231428256,-0.0,667.83231428256,26760.0,0.0
6.6,traction,1.0,0.0,2.8924648410615683,0.6414033213699444,170555.15473230227,181441.65397053433,183045.06182025681,183045.06182025681,0.0,193416.08915367952,191891.05179506206,0.0,0.0,0.0,0.0,0.0,24996.940240328542,1,0,1499.8206459888058,1799.7804012382155,0.0,0.0,0.0,0.0,0.0,0.35,667.83231428256,-0.0,667.83231428256,26760.0,0.0
6.65,traction,1.0,0.0,2.924534116891041,0.64138551658945,172489.1468884482,183499.09243451935,185144.54486789217,185144.54486789217,0.0,195620.39155701257,194029.77911302977,0.0,0.0,0.0,0.0,0.0,24996.90496813741,1,0,1499.8185303984594,1799.7807537852646,0.0,0.0,0.0,0.0,0.0,0.35,667.83231428256,-0.0,667.83231428256,26760.0,0.0
6.7,traction,1.0,0.0,2.95660249262661,0.6413675147113818,174423.08683598795,185556.475357434,187243.97187195852,187243.97187195852,0.0,197824.98930694998,196168.73876941518,0.0,0.0,0.0,0.0,0.0,24996.869690615313,1,0,1499.8164144197124,1799.780873292532,0.0,0.0,0.0,0.0,0.0,0.35,667.83231428256,-0.0,667.83231428256,26760.0,0.0
6.75,traction,1.0,0.0,2.988669958415393,0.6413493157756633,176356.9739931571,187613.8021203799,189343.3422014633,189343.3422014633,0.0,200029.85335593668,198309.25303191805,0.0,0.0,0.0,0.0,0.0,24996.834408266797,1,0,1499.8142980882444,1799.780873292532,0.0,0.0,0.0,0.0,0.0,0.35,667.83231428256,-0.0,667.83231428256,26760.0,0.0
6.8,traction,1.0,0.0,3.020736504406316,0.6413309198184614,178290.8077778161,189671.0721040597,191442.65522487744,191442.65522487744,0.0,202234.9569382291,200451.406112399,0.0,0.0,0.0,0.0,0.0,24996.799121556713,1,0,1499.8121814369188,1799.780873292532,0.0,0.0,0.0,0.0,0.0,0.35,667.83231428256,-0.0,667.83231428256,26760.0,0.0
6.85,traction,1.0,0.0,3.052802120749972,0.641312326873118,180224.58760754415,191728.28468887677,193541.91031026503,193541.91031026503,0.0,204441.6632100059,202593.5000756949,0.0,0.0,0.0,0.0,0.0,24996.763830913384,1,0,1499.8100644960077,1799.780873292532,0.0,0.0,0.0,0.0,0.0,0.35,667.83231428256,-0.0,667.83231428256,26760.0,0.0
6.9,traction,1.0,0.0,3.0848667975985133,0.6412935369708261,182158.31289971308,193785.43925501392,195641.10682538446,195641.10682538446,0.0,206650.05898666257,204735.5342764669,0.0,0.0,0.0,0.0,0.0,24996.728514523547,1,0,1499.8079472934028,1799.780873292532,0.0,0.0,0.0,0.0,0.0,0.35,667.83231428256,-0.0,667.83231428256,26760.0,0.0
6.95,traction,1.0,0.0,3.1169305251055675,0.6412745501410821,184091.98307154624,195842.535182496,197740.2441377693,197740.2441377693,0.0,208858.3936408842,206877.5080691592,0.0,0.0,0.0,0.0,0.0,24996.693170997904,1,0,1499.805829854803,1799.780873292532,0.0,0.0,0.0,0.0,0.0,0.35,667.83231428256,-0.0,667.83231428256,26760.0,0.0
7.0,traction,1.0,0.0,3.148993293426183,0.6412553664123077,186025.59754016457,197899.57185123893,199839.32161479184,199839.32161479184,0.0,211066.66648617465,209019.42062236313,0.0,0.0,0.0,0.0,0.0,24996.657828347106,1,0,1499.8037108714127,1799.780873292532,0.0,0.0,0.0,0.0,0.0,0.35,667.83231428256,-0.0,667.83231428256,26760.0,0.0
7.05,traction,1.0,0.0,3.1810550927167784,0.6412359858119121,187959.15572262323,199956.54864108854,201938.3386237132,201938.3386237132,0.0,213274.8770863152,211161.27145735227,0.0,0.0,0.0,0.0,0.0,24996.622486581848,1,0,1499.801590259874,1799.780873292532,0.0,0.0,0.0,0.0,0.0,0.35,667.83231428256,-0.0,667.83231428256,26760.0,0.0
7.1,traction,1.0,0.0,3.2131159131351166,0.6412164083667626,189892.65703594068,202013.4649318518,204037.294531723,204037.294531723,0.0,215483.0247735943,213303.06017892313,0.0,0.0,0.0,0.0,0.0,24996.587145712823,1,0,1499.7994697008264,1799.780873292532,0.0,0.0,0.0,0.0,0.0,0.35,667.83231428256,-0.0,667.83231428256,26760.0,0.0
7.15,traction,1.0,0.0,3.24517574484028,0.6411966341032649,191826.10089712145,204070.3201033207,206136.18870597123,206136.18870597123,0.0,217691.10907373286,215444.78590718232,0.0,0.0,0.0,0.0,0.0,24996.55180575073,1,0,1499.7973491949108,1799.780873292532,0.0,0.0,0.0,0.0,0.0,0.35,667.83231428256,-0.0,667.83231428256,26760.0,0.0
7.2,traction,1.0,0.0,3.277234577992657,0.6411766630475402,193759.48672317463,206127.11353529218,208235.02051359255,208235.02051359255,0.0,219899.1293404164,217586.4479963526,0.0,0.0,0.0,0.0,0.0,24996.516466703157,1,0,1499.7952287427693,1799.780873292532,0.0,0.0,0.0,0.0,0.0,0.35,667.83231428256,-0.0,667.83231428256,26760.0,0.0
7.25,traction,1.0,0.0,3.3092924027539348,0.6411564952255588,195692.81393112792,208183.8446075829,210333.7893217267,210333.7893217267,0.0,222107.08466652312,219728.04580066193,0.0,0.0,0.0,0.0,0.0,24996.481128580464,1,0,1499.7931083450437,1799.780873292532,0.0,0.0,0.0,0.0,0.0,0.35,667.83231428256,-0.0,667.83231428256,26760.0,0.0
7.3,traction,1.0,0.0,3.341349209287095,0.6411361306632024,197626.0819380396,210240.51270004213,212432.49449753357,212432.49449753357,0.0,224314.9743863107,221869.57867433096,0.0,0.0,0.0,0.0,0.0,24996.445791397175,1,0,1499.7909880021894,1799.780873292532,0.0,0.0,0.0,0.0,0.0,0.35,667.83231428256,-0.0,667.83231428256,26760.0,0.0
7.35,traction,1.0,0.0,3.3734049877564134,0.6411155693863702,199559.2901610076,212297.1171925613,214531.13540820626,214531.13540820626,0.0,226522.7978340799,224011.0459716663,0.0,0.0,0.0,0.0,0.0,24996.41045516395,1,0,1499.7888677148278,1799.780873292532,0.0,0.0,0.0,0.0,0.0,0.35,667.83231428256,-0.0,667.83231428256,26760.0,0.0
7.4,traction,1.0,0.0,3.4054597283274624,0.6410948114209791,201492.43801717684,214353.65746508175,216629.71142098092,216629.71142098092,0.0,228730.55434411828,226152.44704703157,0.0,0.0,0.0,0.0,0.0,24996.37511989145,1,0,1499.7867474838304,1799.780873292532,0.0,0.0,0.0,0.0,0.0,0.35,667.83231428256,-0.0,667.83231428256,26760.0,0.0
7.45,traction,1.0,0.0,3.4375134211671172,0.6410738567930974,203425.52492374522,216410.13289760132,218728.22190314464,218728.22190314464,0.0,230938.24325077757,228293.78125477085,0.0,0.0,0.0,0.0,0.0,24996.339785590346,1,0,1499.7846273098369,1799.780873292532,0.0,0.0,0.0,0.0,0.0,0.35,667.83231428256,-0.0,667.83231428256,26760.0,0.0
7.5,traction,1.0,0.0,3.46956605644356,0.6410527055288551,205358.55029796853,218466.54287017928,220826.66622204217,220826.66622204217,0.0,233145.8638884297,230435.0479493212,0.0,0.0,0.0,0.0,0.0,24996.304452271288,1,0,1499.782507193487,1799.780873292532,0.0,0.0,0.0,0.0,0.0,0.35,667.83231428256,-0.0,667.83231428256,26760.0,0.0
7.55,traction,1.0,0.0,3.501617624326289,0.6410313576545779,207291.51355716426,220522.8867629407,222925.0437450809,222925.0437450809,0.0,235353.41559146106,232576.24648518363,0.0,0.0,0.0,0.0,0.0,24996.269119944947,1,0,1499.7803871354206,1799.780873292532,0.0,0.0,0.0,0.0,0.0,0.35,667.83231428256,-0.0,667.83231428256,26760.0,0.0
7.6,traction,1.0,0.0,3.5336681149861264,0.6410098131967512,209224.41411871515,222579.16395607995,225023.3538397354,225023.3538397354,0.0,237560.8976943544,234717.37621692757,0.0,0.0,0.0,0.0,0.0,24996.23378862198,1,0,1499.7782671362772,1799.780873292532,0.0,0.0,0.0,0.0,0.0,0.35,667.83231428256,-0.0,667.83231428256,26760.0,0.0
7.65,traction,1.0,0.0,3.5657175185952292,0.640988072182056,211157.25140007143,224635.37382986324,227121.59587355098,227121.59587355098,0.0,239768.3095316578,236858.43649919477,0.0,0.0,0.0,0.0,0.0,24996.198458313047,1,0,1499.7761471966967,1799.780873292532,0.0,0.0,0.0,0.0,0.0,0.35,667.83231428256,-0.0,667.83231428256,26760.0,0.0
7.7,traction,1.0,0.0,3.5977658253270963,0.6409661346373419,213090.02481875365,226691.51576463156,229219.76921414616,229219.76921414616,0.0,241975.6504379904,238999.42668670177,0.0,0.0,0.0,0.0,0.0,24996.16312902881,1,0,1499.7740273173188,1799.780873292532,0.0,0.0,0.0,0.0,0.0,0.35,667.83231428256,-0.0,667.83231428256,26760.0,0.0
7.75,traction,1.0,0.0,3.629813025356582,0.640944000589716,215022.73379235415,228747.5891408023,231317.87322921588,231317.87322921588,0.0,244182.91974804556,241140.3461342428,0.0,0.0,0.0,0.0,0.0,24996.127800779923,1,0,1499.7719074987829,1799.780873292532,0.0,0.0,0.0,0.0,0.0,0.35,667.83231428256,-0.0,667.83231428256,26760.0,0.0
7.8,traction,1.0,0.0,3.6618591088599057,0.6409216700664722,216955.37773853887,230803.59333887114,233415.90728653292,233415.90728653292,0.0,246390.11679659382,243281.1941966918,0.0,0.0,0.0,0.0,0.0,24996.092473577042,1,0,1499.7697877417286,1799.780873292532,0.0,0.0,0.0,0.0,0.0,0.35,667.83231428256,-0.0,667.83231428256,26760.0,0.0
7.85,traction,1.0,0.0,3.6939040660146603,0.6408991430950906,218887.95607504912,232859.52773941398,235513.87075395018,235513.87075395018,0.0,248597.24091848594,245421.97022900413,0.0,0.0,0.0,0.0,0.0,24996.057147430827,1,0,1499.7676680467953,1799.780873292532,0.0,0.0,0.0,0.0,0.0,0.35,667.83231428256,-0.0,667.83231428256,26760.0,0.0
7.9,traction,1.0,0.0,3.725947886999829,0.6408764197033712,220820.46821970236,234915.39172308764,237611.76299940204,237611.76299940204,0.0,250804.29144865464,247562.6735862188,0.0,0.0,0.0,0.0,0.0,24996.021822351933,1,0,1499.7655484146226,1799.780873292532,0.0,0.0,0.0,0.0,0.0,0.35,667.83231428256,-0.0,667.83231428256,26760.0,0.0
7.95,traction,1.0,0.0,3.7579905619957916,0.6408534999192561,222752.91359039358,236971.18467063148,239709.58339090575,239709.58339090575,0.0,253011.26772211678,249703.3036234589,0.0,0.0,0.0,0.0,0.0,24995.98649835101,1,0,1499.7634288458496,1799.780873292532,0.0,0.0,0.0,0.0,0.0,0.35,667.83231428256,-0.0,667.83231428256,26760.0,0.0
8.0,traction,1.0,0.0,3.7900320811843393,0.6408303837709539,224685.29160509657,239026.9059628687,241807.3312965627,241807.3312965627,0.0,255218.16907397524,251843.8596959336,0.0,0.0,0.0,0.0,0.0,24995.951175438713,1,0,1499.761309341116,1799.780873292532,0.0,0.0,0.0,0.0,0.0,0.35,667.83231428256,-0.0,667.83231428256,26760.0,0.0
8.05,traction,1.0,0.0,3.822072434748683,0.6408070712868774,226617.6016818647,241082.55498070715,243905.00608455992,243905.00608455992,0.0,257424.99483941984,253984.34115893935,0.0,0.0,0.0,0.0,0.0,24995.915853625687,1,0,1499.7591899010604,1799.780873292532,0.0,0.0,0.0,0.0,0.0,0.35,667.83231428256,-0.0,667.83231428256,26760.0,0.0
8.1,traction,1.0,0.0,3.8541116128734676,0.6407835624956881,228549.8432388318,243138.1311051402,246002.6071231706,246002.6071231706,0.0,259631.7443537288,256124.74736786072,0.0,0.0,0.0,0.0,0.0,24995.88053292259,1,0,1499.7570705263227,1799.780873292532,0.0,0.0,0.0,0.0,0.0,0.35,667.83231428256,-0.0,667.83231428256,26760.0,0.0
8.15,traction,1.0,0.0,3.886149605744784,0.6407598574263318,230482.01569421304,245193.63371724793,248100.1337807553,248100.1337807553,0.0,261838.41695227067,258265.0776781712,0.0,0.0,0.0,0.0,0.0,24995.845213340064,1,0,1499.7549512175412,1799.780873292532,0.0,0.0,0.0,0.0,0.0,0.35,667.83231428256,-0.0,667.83231428256,26760.0,0.0
8.2,traction,1.0,0.0,3.9181864035501834,0.6407359561079851,232414.1184663058,247249.06219819767,250197.5854257632,250197.5854257632,0.0,264045.0119705045,260405.33144543477,0.0,0.0,0.0,0.0,0.0,24995.80989488876,1,0,1499.7528319753553,1799.780873292532,0.0,0.0,0.0,0.0,0.0,0.35,667.83231428256,-0.0,667.83231428256,26760.0,0.0
8.25,traction,1.0,0.0,3.9502219964786804,0.6407118585699401,234346.1509734907,249304.41592924544,252294.9614267323,252294.9614267323,0.0,266251.5287439813,262545.5080253063,0.0,0.0,0.0,0.0,0.0,24995.774577579323,1,0,1499.7507128004038,1799.780873292532,0.0,0.0,0.0,0.0,0.0,0.35,667.83231428256,-0.0,667.83231428256,26760.0,0.0
8.3,traction,1.0,0.0,3.9822563747207727,0.6406875648418442,236278.1126342321,251359.6942917363,254392.2611522913,254392.2611522913,0.0,268457.96660834533,264685.60677353264,0.0,0.0,0.0,0.0,0.0,24995.739261422397,1,0,1499.7485936933256,1799.780873292532,0.0,0.0,0.0,0.0,0.0,0.35,667.83231428256,-0.0,667.83231428256,26760.0,0.0
8.35,traction,1.0,0.0,4.014289528468452,0.6406630749535847,238210.0028670788,253414.89666710512,256489.4839711595,256489.4839711595,0.0,270664.3248993343,266825.6270459537,0.0,0.0,0.0,0.0,0.0,24995.703946428624,1,0,1499.7464746547594,1799.780873292532,0.0,0.0,0.0,0.0,0.0,0.35,667.83231428256,-0.0,667.83231428256,26760.0,0.0
8.4,traction,1.0,0.0,4.046321447915213,0.6406383889352263,240141.82109066486,255470.02243687754,258586.62925214812,258586.62925214812,0.0,272870.602952781,268965.56819850276,0.0,0.0,0.0,0.0,0.0,24995.668632608646,1,0,1499.7443556853439,1799.780873292532,0.0,0.0,0.0,0.0,0.0,0.35,667.83231428256,-0.0,667.83231428256,26760.0,0.0
8.45,traction,1.0,0.0,4.078352123256067,0.6406135068170826,242073.56672371068,257525.07098267096,260683.69636416074,260683.69636416074,0.0,275076.80010461406,271105.4295872077,0.0,0.0,0.0,0.0,0.0,24995.6333199731,1,0,1499.7422367857175,1799.780873292532,0.0,0.0,0.0,0.0,0.0,0.35,667.83231428256,-0.0,667.83231428256,26760.0,0.0
8.5,traction,1.0,0.0,4.110381544687554,0.6405884286297336,244005.23918502318,259580.0416861949,262780.68467619485,262780.68467619485,0.0,277282.9156908583,273245.2105681918,0.0,0.0,0.0,0.0,0.0,24995.598008532634,1,0,1499.7401179565186,1799.780873292532,0.0,0.0,0.0,0.0,0.0,0.35,667.83231428256,-0.0,667.83231428256,26760.0,0.0
8.55,traction,1.0,0.0,4.142409702407756,0.6405631544040347,245936.83789349682,261634.93392925194,264877.5935573417,264877.5935573417,0.0,279488.9490476362,275384.91049767437,0.0,0.0,0.0,0.0,0.0,24995.56269829788,1,0,1499.737999198386,1799.780873292532,0.0,0.0,0.0,0.0,0.0,0.35,667.83231428256,-0.0,667.83231428256,26760.0,0.0
8.6,traction,1.0,0.0,4.174436586616303,0.6405376841709476,247868.3622681144,263689.74709373876,266974.4223767877,266974.4223767877,0.0,281694.8995111685,277524.52873197163,0.0,0.0,0.0,0.0,0.0,24995.52738927947,1,0,1499.735880511958,1799.780873292532,0.0,0.0,0.0,0.0,0.0,0.35,667.83231428256,-0.0,667.83231428256,26760.0,0.0
8.65,traction,1.0,0.0,4.206462187514397,0.6405120179618784,249799.8117279474,265744.48056164617,269071.17050381505,269071.17050381505,0.0,283900.766417775,279664.06462749763,0.0,0.0,0.0,0.0,0.0,24995.492081488042,1,0,1499.7337618978727,1799.780873292532,0.0,0.0,0.0,0.0,0.0,0.35,667.83231428256,-0.0,667.83231428256,26760.0,0.0
8.7,traction,1.0,0.0,4.238486495304808,0.6404861558082153,251731.18569215696,267799.1337150606,271167.8373078022,271167.8373078022,0.0,286106.5491038752,281803.5175407646,0.0,0.0,0.0,0.0,0.0,24995.45677493423,1,0,1499.731643356768,1799.780873292532,0.0,0.0,0.0,0.0,0.0,0.35,667.83231428256,-0.0,667.83231428256,26760.0,0.0
8.75,traction,1.0,0.0,4.270509500191899,0.6404600977418262,253662.48357999473,269853.7059361646,273264.4221582251,273264.4221582251,0.0,288312.24690598977,283942.8868283843,0.0,0.0,0.0,0.0,0.0,24995.421469628665,1,0,1499.7295248892824,1799.780873292532,0.0,0.0,0.0,0.0,0.0,0.35,667.83231428256,-0.0,667.83231428256,26760.0,0.0
8.8,traction,1.0,0.0,4.302531192381631,0.6404338437946322,255593.704810803,271908.1966072373,275360.9244246578,275360.9244246578,0.0,290517.85916074034,286082.17184706853,0.0,0.0,0.0,0.0,0.0,24995.38616558198,1,0,1499.7274064960538,1799.780873292532,0.0,0.0,0.0,0.0,0.0,0.35,667.83231428256,-0.0,667.83231428256,26760.0,0.0
8.85,traction,1.0,0.0,4.334551562081576,0.6404073939989097,257524.84880401604,273962.60511065536,277457.3434767727,277457.3434767727,0.0,292723.38520485134,288221.3719536294,0.0,0.0,0.0,0.0,0.0,24995.350862804793,1,0,1499.72528817772,1799.780873292532,0.0,0.0,0.0,0.0,0.0,0.35,667.83231428256,-0.0,667.83231428256,26760.0,0.0
8.9,traction,1.0,0.0,4.3665705995009345,0.640380748387166,259455.91497916027,276016.9308288939,279553.6786843422,279553.6786843422,0.0,294928.82437515,290360.48650498135,0.0,0.0,0.0,0.0,0.0,24995.315561307743,1,0,1499.7231699349186,1799.780873292532,0.0,0.0,0.0,0.0,0.0,0.35,667.83231428256,-0.0,667.83231428256,26760.0,0.0
8.95,traction,1.0,0.0,4.398588294850541,0.6403539069921216,261386.90275585535,278071.173144527,281649.9294172387,281649.9294172387,0.0,297134.1760085675,292499.5148581404,0.0,0.0,0.0,0.0,0.0,24995.280261101452,1,0,1499.7210517682875,1799.780873292532,0.0,0.0,0.0,0.0,0.0,0.35,667.83231428256,-0.0,667.83231428256,26760.0,0.0
9.0,traction,1.0,0.0,4.430604638342872,0.6403268698466213,263317.8115538148,280125.3314402285,283746.0950454357,283746.0950454357,0.0,299339.43944213993,294638.45637022617,0.0,0.0,0.0,0.0,0.0,24995.24496219654,1,0,1499.7189336784645,1799.780873292532,0.0,0.0,0.0,0.0,0.0,0.35,667.83231428256,-0.0,667.83231428256,26760.0,0.0
9.05,traction,1.0,0.0,4.462619620192072,0.6402996369840075,265248.6407928465,282179.4050987729,285842.17493900866,285842.17493900866,0.0,301544.61401300854,296777.310398462,0.0,0.0,0.0,0.0,0.0,24995.209664603633,1,0,1499.716815666087,1799.780873292532,0.0,0.0,0.0,0.0,0.0,0.35,667.83231428256,-0.0,667.83231428256,26760.0,0.0
9.1,traction,1.0,0.0,4.494633230613952,0.6402722084376045,267179.38989285345,284233.3935030356,287938.16846813564,287938.16846813564,0.0,303749.69905842113,298916.0763001759,0.0,0.0,0.0,0.0,0.0,24995.17436833335,1,0,1499.7146977317923,1799.780873292532,0.0,0.0,0.0,0.0,0.0,0.35,667.83231428256,-0.0,667.83231428256,26760.0,0.0
9.15,traction,1.0,0.0,4.5266454598260095,0.6402445842411453,269110.05827383447,286287.29603599414,290034.07500309753,290034.07500309753,0.0,305954.6939157325,301054.7534328013,0.0,0.0,0.0,0.0,0.0,24995.139073396316,1,0,1499.712579876218,1799.780873292532,0.0,0.0,0.0,0.0,0.0,0.35,667.83231428256,-0.0,667.83231428256,26760.0,0.0
9.2,traction,1.0,0.0,4.558656298047434,0.6402167644284873,271040.6453558849,288341.11208072864,292129.89391427976,292129.89391427976,0.0,308159.5979224055,303193.3411538777,0.0,0.0,0.0,0.0,0.0,24995.10377980314,1,0,1499.710462100001,1799.780873292532,0.0,0.0,0.0,0.0,0.0,0.35,667.83231428256,-0.0,667.83231428256,26760.0,0.0
9.25,traction,1.0,0.0,4.590665735499125,0.6401887490338254,272971.1505591976,290394.841020423,294225.62457217206,294225.62457217206,0.0,310364.41041601123,305331.8388210515,0.0,0.0,0.0,0.0,0.0,24995.06848756444,1,0,1499.708344403779,1799.780873292532,0.0,0.0,0.0,0.0,0.0,0.35,667.83231428256,-0.0,667.83231428256,26760.0,0.0
9.3,traction,1.0,0.0,4.622673762403703,0.6401605380915498,274901.5733040629,292448.4822383648,296321.2663473704,296321.2663473704,0.0,312569.1307342306,307470.245792077,0.0,0.0,0.0,0.0,0.0,24995.033196690838,1,0,1499.7062267881884,1799.780873292532,0.0,0.0,0.0,0.0,0.0,0.35,667.83231428256,-0.0,667.83231428256,26760.0,0.0
9.35,traction,1.0,0.0,4.654680368985511,0.6401321316361752,276831.9130108698,294502.0351179466,298416.81861057633,298416.81861057633,0.0,314773.7582148546,309608.5614248167,0.0,0.0,0.0,0.0,0.0,24994.997907192937,1,0,1499.7041092538664,1799.780873292532,0.0,0.0,0.0,0.0,0.0,0.35,667.83231428256,-0.0,667.83231428256,26760.0,0.0
9.4,traction,1.0,0.0,4.686685545470647,0.6401035297027136,278762.16910010704,296555.4990426671,300512.2807325986,300512.2807325986,0.0,316978.29219578515,311746.7850772425,0.0,0.0,0.0,0.0,0.0,24994.962619081354,1,0,1499.7019918014503,1799.780873292532,0.0,0.0,0.0,0.0,0.0,0.35,667.83231428256,-0.0,667.83231428256,26760.0,0.0
9.45,traction,1.0,0.0,4.718689282086952,0.6400747323261058,280692.3409923626,298608.87339613045,302607.6520843542,302607.6520843542,0.0,319182.73201503634,313884.9161074361,0.0,0.0,0.0,0.0,0.0,24994.927332366697,1,0,1499.6998744315763,1799.780873292532,0.0,0.0,0.0,0.0,0.0,0.35,667.83231428256,-0.0,667.83231428256,26760.0,0.0
9.5,traction,1.0,0.0,4.750691569064044,0.6400457395418258,282622.4281083257,300662.15756204864,304702.93203686783,304702.93203686783,0.0,321387.07701073424,316022.9538735899,0.0,0.0,0.0,0.0,0.0,24994.892047059573,1,0,1499.6977571448813,1799.780873292532,0.0,0.0,0.0,0.0,0.0,0.35,667.83231428256,-0.0,667.83231428256,26760.0,0.0
9.55,traction,1.0,0.0,4.782692396633312,0.6400165513853651,284552.4298687866,302715.35092424107,306798.11996127415,306798.11996127415,0.0,323591.3265211188,318160.8977340081,0.0,0.0,0.0,0.0,0.0,24994.85676317059,1,0,1499.6956399420017,1799.780873292532,0.0,0.0,0.0,0.0,0.0,0.35,667.83231428256,-0.0,667.83231428256,26760.0,0.0
9.6,traction,1.0,0.0,4.814691755027937,0.6399871678924995,286482.3456946377,304768.45286663587,308893.2152288174,308893.2152288174,0.0,325795.4798845437,320298.7470471069,0.0,0.0,0.0,0.0,0.0,24994.82148071035,1,0,1499.6935228235743,1799.780873292532,0.0,0.0,0.0,0.0,0.0,0.35,667.83231428256,-0.0,667.83231428256,26760.0,0.0
9.65,traction,1.0,0.0,4.8466896344829085,0.6399575890994313,288412.1750068741,306821.4627732703,310988.21721085295,310988.21721085295,0.0,327999.5364394781,322436.5011714155,0.0,0.0,0.0,0.0,0.0,24994.786199689457,1,0,1499.6914057902352,1799.780873292532,0.0,0.0,0.0,0.0,0.0,0.35,667.83231428256,-0.0,667.83231428256,26760.0,0.0
9.7,traction,1.0,0.0,4.878686025235022,0.6399278150422738,290341.917226594,308874.3800282915,313083.1252788473,313083.1252788473,0.0,330203.4955245063,324574.159465577,0.0,0.0,0.0,0.0,0.0,24994.750920118513,1,0,1499.689288842621,1799.780873292532,0.0,0.0,0.0,0.0,0.0,0.35,667.83231428256,-0.0,667.83231428256,26760.0,0.0
9.75,traction,1.0,0.0,4.910680917522904,0.6398978457576376,292271.5717750005,310927.204015958,315177.9388043791,315177.9388043791,0.0,332407.3564783296,326711.72128834855,0.0,0.0,0.0,0.0,0.0,24994.715642008116,1,0,1499.6871719813673,1799.780873292532,0.0,0.0,0.0,0.0,0.0,0.35,667.83231428256,-0.0,667.83231428256,26760.0,0.0
9.8,traction,1.0,0.0,4.942674301587017,0.6398676812822579,294201.1380734004,312979.93412063876,317272.65715914086,317272.65715914086,0.0,334611.1186397661,328849.1859986038,0.0,0.0,0.0,0.0,0.0,24994.680365368862,1,0,1499.6850552071107,1799.780873292532,0.0,0.0,0.0,0.0,0.0,0.35,667.83231428256,-0.0,667.83231428256,26760.0,0.0
9.85,traction,1.0,0.0,4.97466616766967,0.6398373216530651,296130.6155432069,315032.5697268159,319367.2797149375,319367.2797149375,0.0,336814.78134775214,330986.55295533093,0.0,0.0,0.0,0.0,0.0,24994.64509021135,1,0,1499.682938520487,1799.780873292532,0.0,0.0,0.0,0.0,0.0,0.35,667.83231428256,-0.0,667.83231428256,26760.0,0.0
9.9,traction,1.0,0.0,5.006656506015042,0.6398067669074337,298060.00360593863,317085.11021908367,321461.8058436897,321461.8058436897,0.0,339018.34394134354,333123.8215176362,0.0,0.0,0.0,0.0,0.0,24994.609816546174,1,0,1499.6808219221316,1799.780873292532,0.0,0.0,0.0,0.0,0.0,0.35,667.83231428256,-0.0,667.83231428256,26760.0,0.0
9.95,traction,1.0,0.0,5.038645306869178,0.6397760170827205,299989.30168322136,319137.5549821504,323556.2349174323,323556.2349174323,0.0,341221.80575971457,335260.9910447424,0.0,0.0,0.0,0.0,0.0,24994.574544383922,1,0,1499.678705412681,1799.780873292532,0.0,0.0,0.0,0.0,0.0,0.35,667.83231428256,-0.0,667.83231428256,26760.0,0.0
10.0,traction,1.0,0.0,5.07063256048001,0.6397450722166376,301918.50919678825,321189.9034008386,325650.5663083167,325650.5663083167,0.0,343425.16614216106,337398.06089599134,0.0,0.0,0.0,0.0,0.0,24994.53927373519,1,0,1499.6765889927703,1799.780873292532,0.0,0.0,0.0,0.0,0.0,0.35,667.83231428256,-0.0,667.83231428256,26760.0,0.0
10.05,traction,1.0,0.0,5.102618257097369,0.6397139323471812,303847.6255684808,323242.154860086,327744.7993886108,327744.7993886108,0.0,345628.4244280992,339535.03043084365,0.0,0.0,0.0,0.0,0.0,24994.504004610564,1,0,1499.6744726630352,1799.780873292532,0.0,0.0,0.0,0.0,0.0,0.35,667.83231428256,-0.0,667.83231428256,26760.0,0.0
10.1,traction,1.0,0.0,5.134602386972993,0.6396825975124898,305776.65022024926,325294.308744946,329838.9335307,329838.9335307,0.0,347831.5799570675,341671.8990088798,0.0,0.0,0.0,0.0,0.0,24994.46873702063,1,0,1499.6723564241113,1799.780873292532,0.0,0.0,0.0,0.0,0.0,0.35,667.83231428256,-0.0,667.83231428256,26760.0,0.0
10.15,traction,1.0,0.0,5.16658494036054,0.6396510677509326,307705.58257415355,327346.3644405889,331932.96810708777,331932.96810708777,0.0,350034.6320687274,343808.6659898008,0.0,0.0,0.0,0.0,0.0,24994.43347097597,1,0,1499.6702402766339,1799.780873292532,0.0,0.0,0.0,0.0,0.0,0.35,667.83231428256,-0.0,667.83231428256,26760.0,0.0
10.2,traction,1.0,0.0,5.1985659075156025,0.639619343101252,309634.4220523635,329398.32133230165,334026.90249039687,334026.90249039687,0.0,352237.58010286326,345945.3307334294,0.0,0.0,0.0,0.0,0.0,24994.398206487178,1,0,1499.6681242212378,1799.780873292532,0.0,0.0,0.0,0.0,0.0,0.35,667.83231428256,-0.0,667.83231428256,26760.0,0.0
10.25,traction,1.0,0.0,5.2305452786957165,0.6395874236022792,311563.1680771602,331450.1788054896,336120.73605336907,336120.73605336907,0.0,354440.4233993845,348081.8925997096,0.0,0.0,0.0,0.0,0.0,24994.362943564825,1,0,1499.6660082585581,1799.780873292532,0.0,0.0,0.0,0.0,0.0,0.35,667.83231428256,-0.0,667.83231428256,26760.0,0.0
10.3,traction,1.0,0.0,5.262523044160372,0.6395553092931117,313491.8200709362,333501.9362456768,338214.46816886694,338214.46816886694,0.0,356643.16129832546,350218.35094870924,0.0,0.0,0.0,0.0,0.0,24994.327682219493,1,0,1499.6638923892306,1799.780873292532,0.0,0.0,0.0,0.0,0.0,0.35,667.83231428256,-0.0,667.83231428256,26760.0,0.0
10.35,traction,1.0,0.0,5.294499194171032,0.6395230002132024,315420.37745619623,335553.59303850663,340308.0982098743,340308.0982098743,0.0,358845.7931398458,352354.705140619,0.0,0.0,0.0,0.0,0.0,24994.29242246176,1,0,1499.6617766138895,1799.780873292532,0.0,0.0,0.0,0.0,0.0,0.35,667.83231428256,-0.0,667.83231428256,26760.0,0.0
10.4,traction,1.0,0.0,5.326473718991133,0.639490496402022,317348.83965555823,337605.1485697428,342401.62554949656,342401.62554949656,0.0,361048.3182642323,354490.95453575434,0.0,0.0,0.0,0.0,0.0,24994.257164302202,1,0,1499.6596609331696,1799.780873292532,0.0,0.0,0.0,0.0,0.0,0.35,667.83231428256,-0.0,667.83231428256,26760.0,0.0
10.45,traction,1.0,0.0,5.358446608886107,0.6394577978994676,319277.2060917536,339656.60222526983,344495.04956096207,344495.04956096207,0.0,363250.73601189913,356627.0984945558,0.0,0.0,0.0,0.0,0.0,24994.22190775139,1,0,1499.6575453477055,1799.780873292532,0.0,0.0,0.0,0.0,0.0,0.35,667.83231428256,-0.0,667.83231428256,26760.0,0.0
10.5,traction,1.0,0.0,5.390417854123388,0.6394249047456313,321205.47618762817,341707.9533910938,346588.3696176223,346588.3696176223,0.0,365453.0457233886,358763.1363775898,0.0,0.0,0.0,0.0,0.0,24994.186652819903,1,0,1499.655429858132,1799.780873292532,0.0,0.0,0.0,0.0,0.0,0.35,667.83231428256,-0.0,667.83231428256,26760.0,0.0
10.55,traction,1.0,0.0,5.422387444972424,0.6393918169807122,323133.6493661424,343759.201453343,348681.5850929529,348681.5850929529,0.0,367655.2467393723,360899.06754554925,0.0,0.0,0.0,0.0,0.0,24994.1513995183,1,0,1499.6533144650834,1799.780873292532,0.0,0.0,0.0,0.0,0.0,0.35,667.83231428256,-0.0,667.83231428256,26760.0,0.0
10.6,traction,1.0,0.0,5.454355371704691,0.6393585346453357,325061.72505037306,345810.3457982692,350774.6953605541,350774.6953605541,0.0,369857.33840065106,363034.8913592543,0.0,0.0,0.0,0.0,0.0,24994.11614785716,1,0,1499.6511991691941,1799.780873292532,0.0,0.0,0.0,0.0,0.0,0.35,667.83231428256,-0.0,667.83231428256,26760.0,0.0
10.65,traction,1.0,0.0,5.486321624593703,0.6393250577802512,326989.7026635127,347861.3858122476,352867.6997941522,352867.6997941522,0.0,372059.3200481567,365170.6071796538,0.0,0.0,0.0,0.0,0.0,24994.08089784704,1,0,1499.649083971098,1799.780873292532,0.0,0.0,0.0,0.0,0.0,0.35,667.83231428256,-0.0,667.83231428256,26760.0,0.0
10.7,traction,1.0,0.0,5.518286193915026,0.6392913864264571,328917.58162887115,349912.32088177785,354960.59776759957,354960.59776759957,0.0,374261.1910229519,367306.21436782496,0.0,0.0,0.0,0.0,0.0,24994.045649498512,1,0,1499.6469688714294,1799.780873292532,0.0,0.0,0.0,0.0,0.0,0.35,667.83231428256,-0.0,667.83231428256,26760.0,0.0
10.75,traction,1.0,0.0,5.550249069946285,0.6392575206251827,330845.361369876,351963.15039348515,357053.38865487534,357053.38865487534,0.0,376462.950666232,369441.7122849748,0.0,0.0,0.0,0.0,0.0,24994.010402822132,1,0,1499.6448538708223,1799.780873292532,0.0,0.0,0.0,0.0,0.0,0.35,667.83231428256,-0.0,667.83231428256,26760.0,0.0
10.8,traction,1.0,0.0,5.5822102429671805,0.6392234604179059,332773.04131007334,354013.87373412057,359146.0718300869,359146.0718300869,0.0,378664.5983193248,371577.1002924408,0.0,0.0,0.0,0.0,0.0,24993.97515782846,1,0,1499.6427389699106,1799.780873292532,0.0,0.0,0.0,0.0,0.0,0.35,667.83231428256,-0.0,667.83231428256,26760.0,0.0
10.85,traction,1.0,0.0,5.614169703259499,0.6391892058463711,334700.6208731282,356064.4902905619,361238.64666747,361238.64666747,0.0,380866.1333236917,373712.37775169156,0.0,0.0,0.0,0.0,0.0,24993.93991452806,1,0,1499.6406241693278,1799.780873292532,0.0,0.0,0.0,0.0,0.0,0.35,667.83231428256,-0.0,667.83231428256,26760.0,0.0
10.9,traction,1.0,0.0,5.646127441107124,0.6391547569525002,336628.0994828252,358114.9994498141,363331.1125413897,363331.1125413897,0.0,383067.55502092885,375847.5440243278,0.0,0.0,0.0,0.0,0.0,24993.90467293148,1,0,1499.6385094697075,1799.780873292532,0.0,0.0,0.0,0.0,0.0,0.35,667.83231428256,-0.0,667.83231428256,26760.0,0.0
10.95,traction,1.0,0.0,5.6780834467960455,0.6391201137784286,338555.4765630697,360165.4005990103,365423.4688263409,365423.4688263409,0.0,385268.8627527675,377982.59847208235,0.0,0.0,0.0,0.0,0.0,24993.869433049276,1,0,1499.6363948716835,1799.780873292532,0.0,0.0,0.0,0.0,0.0,0.35,667.83231428256,-0.0,667.83231428256,26760.0,0.0
11.0,traction,1.0,0.0,5.710037710614377,0.6390852763666288,340482.75153788785,362215.6931254126,367515.7148969493,367515.7148969493,0.0,387470.05586107494,380117.54045682173,0.0,0.0,0.0,0.0,0.0,24993.834194892006,1,0,1499.6342803758887,1799.780873292532,0.0,0.0,0.0,0.0,0.0,0.35,667.83231428256,-0.0,667.83231428256,26760.0,0.0
11.05,traction,1.0,0.0,5.741990222852364,0.6390502447597335,342409.9238314278,364265.8764164126,369607.8501279721,369607.8501279721,0.0,389671.13368785486,382252.36934054684,0.0,0.0,0.0,0.0,0.0,24993.79895847021,1,0,1499.6321659829566,1799.780873292532,0.0,0.0,0.0,0.0,0.0,0.35,667.83231428256,-0.0,667.83231428256,26760.0,0.0
11.1,traction,1.0,0.0,5.773940973802396,0.6390150190006416,344336.9928679603,366315.94985953224,371699.87389429857,371699.87389429857,0.0,391872.0955752487,384387.084485393,0.0,0.0,0.0,0.0,0.0,24993.763723794447,1,0,1499.6300516935203,1799.780873292532,0.0,0.0,0.0,0.0,0.0,0.35,667.83231428256,-0.0,667.83231428256,26760.0,0.0
11.15,traction,1.0,0.0,5.805889953759016,0.6389795991324121,346263.95807187894,368365.9128424244,373791.7855709513,373791.7855709513,0.0,394072.9408655364,386521.6852536317,0.0,0.0,0.0,0.0,0.0,24993.728490875255,1,0,1499.6279375082127,1799.780873292532,0.0,0.0,0.0,0.0,0.0,0.35,667.83231428256,-0.0,667.83231428256,26760.0,0.0
11.2,traction,1.0,0.0,5.83783715301894,0.6389439851984768,348190.8188677013,370415.76475287374,375883.58453308616,375883.58453308616,0.0,396273.6689011365,388656.17100767046,0.0,0.0,0.0,0.0,0.0,24993.69325972318,1,0,1499.6258234276668,1799.780873292532,0.0,0.0,0.0,0.0,0.0,0.35,667.83231428256,-0.0,667.83231428256,26760.0,0.0
11.25,traction,1.0,0.0,5.869782561881057,0.6389081772423388,350117.5746800694,372465.5049787973,377975.27015599364,377975.27015599364,0.0,398474.2790246078,390790.54111005424,0.0,0.0,0.0,0.0,0.0,24993.65803034876,1,0,1499.6237094525152,1799.780873292532,0.0,0.0,0.0,0.0,0.0,0.35,667.83231428256,-0.0,667.83231428256,26760.0,0.0
11.3,traction,1.0,0.0,5.901726170646452,0.6388721753078919,352044.2249337506,374515.1329082453,380066.8418150993,380066.8418150993,0.0,400674.77057864954,392924.7949234656,0.0,0.0,0.0,0.0,0.0,24993.62280276254,1,0,1499.6215955833907,1799.780873292532,0.0,0.0,0.0,0.0,0.0,0.35,667.83231428256,-0.0,667.83231428256,26760.0,0.0
11.35,traction,1.0,0.0,5.933667969618408,0.6388359794391185,353970.7690536377,376564.64792940184,382158.2988859646,382158.2988859646,0.0,402875.14290610264,395058.93181072595,0.0,0.0,0.0,0.0,0.0,24993.587576975053,1,0,1499.6194818209256,1799.780873292532,0.0,0.0,0.0,0.0,0.0,0.35,667.83231428256,-0.0,667.83231428256,26760.0,0.0
11.4,traction,1.0,0.0,5.9656079491024245,0.6387995896803389,355897.20646475046,378614.04943058564,384249.6407442876,384249.6407442876,0.0,405075.39534994937,397192.9511347959,0.0,0.0,0.0,0.0,0.0,24993.552352996838,1,0,1499.6173681657524,1799.780873292532,0.0,0.0,0.0,0.0,0.0,0.35,667.83231428256,-0.0,667.83231428256,26760.0,0.0
11.45,traction,1.0,0.0,5.997546099406228,0.6387630060760685,357823.53659223544,380663.3368002505,386340.8667659037,386340.8667659037,0.0,407275.527253316,399326.85225877655,0.0,0.0,0.0,0.0,0.0,24993.517130838423,1,0,1499.615254618503,1799.780873292532,0.0,0.0,0.0,0.0,0.0,0.35,667.83231428256,-0.0,667.83231428256,26760.0,0.0
11.5,traction,1.0,0.0,6.029482410839783,0.6387262286711071,359749.7588613676,382712.5094269868,388431.9763267863,388431.9763267863,0.0,409475.5379594717,401460.6345459096,0.0,0.0,0.0,0.0,0.0,24993.48191051034,1,0,1499.61314117981,1799.780873292532,0.0,0.0,0.0,0.0,0.0,0.35,667.83231428256,-0.0,667.83231428256,26760.0,0.0
11.55,traction,1.0,0.0,6.0614168737153005,0.6386892575103431,361675.87269754993,384761.5666995212,390522.9688030478,390522.9688030478,0.0,411675.42681183055,403594.2973595785,0.0,0.0,0.0,0.0,0.0,24993.44669202312,1,0,1499.6110278503054,1799.780873292532,0.0,0.0,0.0,0.0,0.0,0.35,667.83231428256,-0.0,667.83231428256,26760.0,0.0
11.6,traction,1.0,0.0,6.093349478347255,0.6386520926390915,363601.87752631493,386810.508006718,392613.84357094,392613.84357094,0.0,413875.19315395167,405727.840063309,0.0,0.0,0.0,0.0,0.0,24993.41147538729,1,0,1499.6089146306203,1799.780873292532,0.0,0.0,0.0,0.0,0.0,0.35,667.83231428256,-0.0,667.83231428256,26760.0,0.0
11.65,traction,1.0,0.0,6.125280215052391,0.6386147341027204,365527.7727733248,388859.3327375796,394704.6000068551,394704.6000068551,0.0,416074.8363295401,407861.2620207702,0.0,0.0,0.0,0.0,0.0,24993.37626061337,1,0,1499.6068015213873,1799.780873292532,0.0,0.0,0.0,0.0,0.0,0.35,667.83231428256,-0.0,667.83231428256,26760.0,0.0
11.7,traction,1.0,0.0,6.15720907414974,0.638577181946971,367453.55786437256,390908.0402812474,396795.23748732614,396795.23748732614,0.0,418274.35568244813,409994.5625957748,0.0,0.0,0.0,0.0,0.0,24993.341047711885,1,0,1499.6046885232372,1799.780873292532,0.0,0.0,0.0,0.0,0.0,0.35,667.83231428256,-0.0,667.83231428256,26760.0,0.0
11.75,traction,1.0,0.0,6.189136045960627,0.6385394362177443,369379.2322253823,392956.6300270025,398885.755389028,398885.755389028,0.0,420473.7505566752,412127.7411522805,0.0,0.0,0.0,0.0,0.0,24993.305836693355,1,0,1499.6025756368022,1799.780873292532,0.0,0.0,0.0,0.0,0.0,0.35,667.83231428256,-0.0,667.83231428256,26760.0,0.0
11.8,traction,1.0,0.0,6.221061120808686,0.6385014969611902,371304.79528240993,395005.1013642659,400976.153088778,400976.153088778,0.0,422673.02029636904,414260.79705438984,0.0,0.0,0.0,0.0,0.0,24993.270627568294,1,0,1499.6004628627131,1799.780873292532,0.0,0.0,0.0,0.0,0.0,0.35,667.83231428256,-0.0,667.83231428256,26760.0,0.0
11.85,traction,1.0,0.0,6.252984289019869,0.6384633642236537,373230.24646164424,397053.4536826003,403066.4299635366,403066.4299635366,0.0,424872.16424582683,416393.7296663518,0.0,0.0,0.0,0.0,0.0,24993.23542034722,1,0,1499.5983502016013,1799.780873292532,0.0,0.0,0.0,0.0,0.0,0.35,667.83231428256,-0.0,667.83231428256,26760.0,0.0
11.9,traction,1.0,0.0,6.284905540922462,0.638425038051853,375155.585189407,399101.68637170957,405156.58539040847,405156.58539040847,0.0,427071.1817494952,418526.5383525625,0.0,0.0,0.0,0.0,0.0,24993.200215040648,1,0,1499.5962376540976,1799.780873292532,0.0,0.0,0.0,0.0,0.0,0.35,667.83231428256,-0.0,667.83231428256,26760.0,0.0
11.95,traction,1.0,0.0,6.316824866847089,0.6383865184925419,377080.8108921538,401149.79882144026,407246.61874664243,407246.61874664243,0.0,429270.07215197163,420659.2224775651,0.0,0.0,0.0,0.0,0.0,24993.165011659086,1,0,1499.5941252208331,1799.780873292532,0.0,0.0,0.0,0.0,0.0,0.35,667.83231428256,-0.0,667.83231428256,26760.0,0.0
12.0,traction,1.0,0.0,6.348742257126731,0.6383478055928471,379005.9229964755,403197.79042178247,409336.5294096329,409336.5294096329,0.0,431468.8347980053,422791.78140605136,0.0,0.0,0.0,0.0,0.0,24993.129810213042,1,0,1499.592012902439,1799.780873292532,0.0,0.0,0.0,0.0,0.0,0.35,667.83231428256,-0.0,667.83231428256,26760.0,0.0
12.05,traction,1.0,0.0,6.380657702096732,0.6383088994000197,380930.9209290974,405245.66056286957,411426.3167569209,411426.3167569209,0.0,433667.4690324969,424924.21450286236,0.0,0.0,0.0,0.0,0.0,24993.094610713022,1,0,1499.589900699545,1799.780873292532,0.0,0.0,0.0,0.0,0.0,0.35,667.83231428256,-0.0,667.83231428256,26760.0,0.0
12.1,traction,1.0,0.0,6.412571192094816,0.6382697999616838,382855.8041168813,407293.4086349801,413515.98016619345,413515.98016619345,0.0,435865.9742005003,427056.52113298856,0.0,0.0,0.0,0.0,0.0,24993.05941316953,1,0,1499.5877886127826,1799.780873292532,0.0,0.0,0.0,0.0,0.0,0.35,667.83231428256,-0.0,667.83231428256,26760.0,0.0
12.15,traction,1.0,0.0,6.444482717461095,0.6382305073255701,384780.57198682544,409341.03402853775,415605.5190152858,415605.5190152858,0.0,438064.3496472234,429188.7006615713,0.0,0.0,0.0,0.0,0.0,24993.02421759307,1,0,1499.5856766427812,1799.780873292532,0.0,0.0,0.0,0.0,0.0,0.35,667.83231428256,-0.0,667.83231428256,26760.0,0.0
12.2,traction,1.0,0.0,6.476392268538077,0.6381910215396402,386705.22396606527,411388.536134112,417694.93268218136,417694.93268218136,0.0,440262.59471802827,431320.75245390355,0.0,0.0,0.0,0.0,0.0,24992.989023994134,1,0,1499.5835647901717,1799.780873292532,0.0,0.0,0.0,0.0,0.0,0.35,667.83231428256,-0.0,667.83231428256,26760.0,0.0
12.25,traction,1.0,0.0,6.50829983567069,0.6381513426522645,388629.75948187435,413435.91434241954,419784.2205450122,419784.2205450122,0.0,442460.7087584322,433452.6758754295,0.0,0.0,0.0,0.0,0.0,24992.953832383228,1,0,1499.581453055584,1799.780873292532,0.0,0.0,0.0,0.0,0.0,0.35,667.83231428256,-0.0,667.83231428256,26760.0,0.0
12.3,traction,1.0,0.0,6.540205409206277,0.6381114707117419,390554.17796166445,415483.1680443239,421873.38198206073,421873.38198206073,0.0,444658.6911141088,435584.47029174695,0.0,0.0,0.0,0.0,0.0,24992.91864277084,1,0,1499.579341439648,1799.780873292532,0.0,0.0,0.0,0.0,0.0,0.35,667.83231428256,-0.0,667.83231428256,26760.0,0.0
12.35,traction,1.0,0.0,6.572108979494624,0.6380714057669401,392478.4788329874,417530.2966308377,423962.4163717591,423962.4163717591,0.0,446856.5411308878,437716.1350686068,0.0,0.0,0.0,0.0,0.0,24992.883455167466,1,0,1499.5772299429937,1799.780873292532,0.0,0.0,0.0,0.0,0.0,0.35,667.83231428256,-0.0,667.83231428256,26760.0,0.0
12.4,traction,1.0,0.0,6.60401053688796,0.6380311478667089,394402.66152353416,419577.29949312145,426051.32309269154,426051.32309269154,0.0,449054.2581547573,439847.66957191454,0.0,0.0,0.0,0.0,0.0,24992.848269583592,1,0,1499.5751185662505,1799.780873292532,0.0,0.0,0.0,0.0,0.0,0.35,667.83231428256,-0.0,667.83231428256,26760.0,0.0
12.45,traction,1.0,0.0,6.6359100717409705,0.6379906970602178,396326.725461137,421624.17602248624,428140.1015235933,428140.1015235933,0.0,451251.84153186285,441979.07316773,0.0,0.0,0.0,0.0,0.0,24992.813086029706,1,0,1499.5730073100478,1799.780873292532,0.0,0.0,0.0,0.0,0.0,0.35,667.83231428256,-0.0,667.83231428256,26760.0,0.0
12.5,traction,1.0,0.0,6.667807574410812,0.6379500533968319,398250.67007376906,423670.92561039265,430228.7510433533,430228.7510433533,0.0,453449.2906085097,444110.3452222702,0.0,0.0,0.0,0.0,0.0,24992.777904516293,1,0,1499.5708961750154,1799.780873292532,0.0,0.0,0.0,0.0,0.0,0.35,667.83231428256,-0.0,667.83231428256,26760.0,0.0
12.55,traction,1.0,0.0,6.699703035257124,0.6379092169262357,400174.4947895455,425717.5476484527,432317.27103101293,432317.27103101293,0.0,455646.60473116225,446241.4851019071,0.0,0.0,0.0,0.0,0.0,24992.742725053835,1,0,1499.5687851617822,1799.780873292532,0.0,0.0,0.0,0.0,0.0,0.35,667.83231428256,-0.0,667.83231428256,26760.0,0.0
12.6,traction,1.0,0.0,6.731596444642037,0.6378681876982562,402098.1990367242,427764.04152843007,434405.66086576803,434405.66086576803,0.0,457843.7832464466,448372.4921731708,0.0,0.0,0.0,0.0,0.0,24992.707547652815,1,0,1499.5666742709775,1799.780873292532,0.0,0.0,0.0,0.0,0.0,0.35,667.83231428256,-0.0,667.83231428256,26760.0,0.0
12.65,traction,1.0,0.0,6.763487792930185,0.6378269657629687,404021.7822437064,429810.4066422409,436493.91992696945,436493.91992696945,0.0,460040.82550114905,450503.36580274923,0.0,0.0,0.0,0.0,0.0,24992.67237232371,1,0,1499.5645635032301,1799.780873292532,0.0,0.0,0.0,0.0,0.0,0.35,667.83231428256,-0.0,667.83231428256,26760.0,0.0
12.7,traction,1.0,0.0,6.795377070488721,0.6377855511707153,405945.2438390373,431856.6423819546,438582.04759412335,438582.04759412335,0.0,462237.73084221856,452634.1053574888,0.0,0.0,0.0,0.0,0.0,24992.637199076988,1,0,1499.5624528591688,1799.780873292532,0.0,0.0,0.0,0.0,0.0,0.35,667.83231428256,-0.0,667.83231428256,26760.0,0.0
12.75,traction,1.0,0.0,6.827264267687322,0.6377439439720156,407868.5832514064,433902.74813979404,440670.04324689246,440670.04324689246,0.0,464434.4986167668,454764.710204396,0.0,0.0,0.0,0.0,0.0,24992.602027923127,1,0,1499.5603423394225,1799.780873292532,0.0,0.0,0.0,0.0,0.0,0.35,667.83231428256,-0.0,667.83231428256,26760.0,0.0
12.8,traction,1.0,0.0,6.8591493748982035,0.6377021442176378,409791.7999096489,435948.72330813715,442757.906265096,442757.906265096,0.0,466631.1281720691,456895.1797106366,0.0,0.0,0.0,0.0,0.0,24992.566858872597,1,0,1499.5582319446191,1799.780873292532,0.0,0.0,0.0,0.0,0.0,0.35,667.83231428256,-0.0,667.83231428256,26760.0,0.0
12.85,traction,1.0,0.0,6.891032382496136,0.6376601519586522,411714.8932427457,437994.5672795167,444845.6360287114,444845.6360287114,0.0,468827.6188555655,459025.5132435382,0.0,0.0,0.0,0.0,0.0,24992.531691935867,1,0,1499.5561216753877,1799.780873292532,0.0,0.0,0.0,0.0,0.0,0.35,667.83231428256,-0.0,667.83231428256,26760.0,0.0
12.9,traction,1.0,0.0,6.92291328085845,0.6376179672462712,413637.8626798245,440040.27944662183,446933.2319178742,446933.2319178742,0.0,471023.9700148606,461155.7101705894,0.0,0.0,0.0,0.0,0.0,24992.496527123396,1,0,1499.5540115323558,1799.780873292532,0.0,0.0,0.0,0.0,0.0,0.35,667.83231428256,-0.0,667.83231428256,26760.0,0.0
12.95,traction,1.0,0.0,6.954792060365045,0.6375755901319025,415560.7076501604,442085.85920229834,449020.6933128794,449020.6933128794,0.0,473220.18099772534,463285.76985944173,0.0,0.0,0.0,0.0,0.0,24992.461364445655,1,0,1499.551901516152,1799.780873292532,0.0,0.0,0.0,0.0,0.0,0.35,667.83231428256,-0.0,667.83231428256,26760.0,0.0
13.0,traction,1.0,0.0,6.986668711398409,0.6375330206672913,417483.4275831762,444131.3059395492,451108.01959418197,451108.01959418197,0.0,475416.2511520972,465415.69167790975,0.0,0.0,0.0,0.0,0.0,24992.426203913095,1,0,1499.5497916274037,1799.780873292532,0.0,0.0,0.0,0.0,0.0,0.35,667.83231428256,-0.0,667.83231428256,26760.0,0.0
13.05,traction,1.0,0.0,7.01854322434363,0.637490258904414,419406.02190844313,446176.61905153526,453195.21014239715,453195.21014239715,0.0,477612.179826081,467545.4749939718,0.0,0.0,0.0,0.0,0.0,24992.39104553618,1,0,1499.5476818667391,1799.780873292532,0.0,0.0,0.0,0.0,0.0,0.35,667.83231428256,-0.0,667.83231428256,26760.0,0.0
13.1,traction,1.0,0.0,7.050415589588396,0.6374473048953178,421328.4900556822,448221.79793157685,455282.2643383013,455282.2643383013,0.0,479807.9663679501,469675.11917577055,0.0,0.0,0.0,0.0,0.0,24992.35588932536,1,0,1499.5455722347856,1799.780873292532,0.0,0.0,0.0,0.0,0.0,0.35,667.83231428256,-0.0,667.83231428256,26760.0,0.0
13.15,traction,1.0,0.0,7.082285797523018,0.6374041586924406,423250.83145476424,450266.84197315347,457369.18156283355,457369.18156283355,0.0,482003.6101261467,471804.6235916146,0.0,0.0,0.0,0.0,0.0,24992.320735291094,1,0,1499.5434627321708,1799.780873292532,0.0,0.0,0.0,0.0,0.0,0.35,667.83231428256,-0.0,667.83231428256,26760.0,0.0
13.2,traction,1.0,0.0,7.114153838540441,0.6373608203484515,425173.04553571047,452311.7505699048,459455.9611970954,459455.9611970954,0.0,484199.11044928205,473933.9876099782,0.0,0.0,0.0,0.0,0.0,24992.285583443823,1,0,1499.5413533595215,1799.780873292532,0.0,0.0,0.0,0.0,0.0,0.35,667.83231428256,-0.0,667.83231428256,26760.0,0.0
13.25,traction,1.0,0.0,7.146019703036245,0.6373172899160906,427095.13172869344,454356.52311563137,461542.6026223519,461542.6026223519,0.0,486394.4666861386,476063.2105995031,0.0,0.0,0.0,0.0,0.0,24992.250433794,1,0,1499.5392441174656,1799.780873292532,0.0,0.0,0.0,0.0,0.0,0.35,667.83231428256,-0.0,667.83231428256,26760.0,0.0
13.3,traction,1.0,0.0,7.17788338140867,0.6372735674485064,429017.08946403785,456401.1590042956,463629.10522003204,463629.10522003204,0.0,488589.6781856701,478192.2919289975,0.0,0.0,0.0,0.0,0.0,24992.215286352068,1,0,1499.5371350066293,1799.780873292532,0.0,0.0,0.0,0.0,0.0,0.35,667.83231428256,-0.0,667.83231428256,26760.0,0.0
13.35,traction,1.0,0.0,7.209744864058619,0.6372296529989718,430938.91817222064,458445.657630022,465715.4683717302,465715.4683717302,0.0,490784.7442970019,480321.2309674387,0.0,0.0,0.0,0.0,0.0,24992.18014112847,1,0,1499.53502602764,1799.780873292532,0.0,0.0,0.0,0.0,0.0,0.35,667.83231428256,-0.0,667.83231428256,26760.0,0.0
13.4,traction,1.0,0.0,7.241604141389669,0.6371855466209908,432860.6172838726,460490.01838709856,467801.69145920605,467801.69145920605,0.0,492979.66436943214,482450.02708397305,0.0,0.0,0.0,0.0,0.0,24992.144998133637,1,0,1499.532917181124,1799.780873292532,0.0,0.0,0.0,0.0,0.0,0.35,667.83231428256,-0.0,667.83231428256,26760.0,0.0
13.45,traction,1.0,0.0,7.273461203808086,0.6371412483683514,434782.1862297778,462534.2406699764,469887.7738643863,469887.7738643863,0.0,495174.43775243213,484578.6796479166,0.0,0.0,0.0,0.0,0.0,24992.10985737802,1,0,1499.530808467708,1799.780873292532,0.0,0.0,0.0,0.0,0.0,0.35,667.83231428256,-0.0,667.83231428256,26760.0,0.0
13.5,traction,1.0,0.0,7.305316041722839,0.6370967582950549,436703.624440875,464578.32387327135,471973.71496936376,471973.71496936376,0.0,497369.0637956484,486707.1880287552,0.0,0.0,0.0,0.0,0.0,24992.074718872038,1,0,1499.528699888018,1799.780873292532,0.0,0.0,0.0,0.0,0.0,0.35,667.83231428256,-0.0,667.83231428256,26760.0,0.0
13.55,traction,1.0,0.0,7.337168645545602,0.6370520764552623,438624.9313482586,466622.26739176444,474059.51415639935,474059.51415639935,0.0,499563.54184890195,488835.5515961471,0.0,0.0,0.0,0.0,0.0,24992.039582626134,1,0,1499.5265914426811,1799.780873292532,0.0,0.0,0.0,0.0,0.0,0.35,667.83231428256,-0.0,667.83231428256,26760.0,0.0
13.6,traction,1.0,0.0,7.369019005690774,0.6370072029034368,440546.1063831785,468666.0706204027,476145.1708079229,476145.1708079229,0.0,501757.87126218894,490963.76971992117,0.0,0.0,0.0,0.0,0.0,24992.00444865073,1,0,1499.5244831323223,1799.780873292532,0.0,0.0,0.0,0.0,0.0,0.35,667.83231428256,-0.0,667.83231428256,26760.0,0.0
13.65,traction,1.0,0.0,7.400867112575488,0.6369621376942902,442467.14897704124,470709.73295429925,478230.68430653337,478230.68430653337,0.0,503952.051385683,493091.8417700804,0.0,0.0,0.0,0.0,0.0,24991.969316956252,1,0,1499.522374957568,1799.780873292532,0.0,0.0,0.0,0.0,0.0,0.35,667.83231428256,-0.0,667.83231428256,26760.0,0.0
13.7,traction,1.0,0.0,7.432712956619623,0.6369168808826942,444388.0585614109,472753.253788735,480316.05403499916,480316.05403499916,0.0,506146.08156973415,495219.76711679983,0.0,0.0,0.0,0.0,0.0,24991.934187553125,1,0,1499.5202669190437,1799.780873292532,0.0,0.0,0.0,0.0,0.0,0.35,667.83231428256,-0.0,667.83231428256,26760.0,0.0
13.75,traction,1.0,0.0,7.46455652824581,0.6368714325237335,446308.8345680091,474796.6325191586,482401.27937626024,482401.27937626024,0.0,508339.96116487164,497347.5451304299,0.0,0.0,0.0,0.0,0.0,24991.89906045177,1,0,1499.5181590173752,1799.780873292532,0.0,0.0,0.0,0.0,0.0,0.35,667.83231428256,-0.0,667.83231428256,26760.0,0.0
13.8,traction,1.0,0.0,7.4963978178794495,0.6368257926727949,448229.47642871586,476839.86854118714,484486.35971342714,484486.35971342714,0.0,510533.68952180195,499475.17518149497,0.0,0.0,0.0,0.0,0.0,24991.8639356626,1,0,1499.5160512531875,1799.780873292532,0.0,0.0,0.0,0.0,0.0,0.35,667.83231428256,-0.0,667.83231428256,26760.0,0.0
13.85,traction,1.0,0.0,7.528236815948722,0.636779961385443,450149.98357557075,478882.9612506072,486571.2944297827,486571.2944297827,0.0,512727.26599141234,501602.65664069564,0.0,0.0,0.0,0.0,0.0,24991.828813196036,1,0,1499.5139436271063,1799.780873292532,0.0,0.0,0.0,0.0,0.0,0.35,667.83231428256,-0.0,667.83231428256,26760.0,0.0
13.9,traction,1.0,0.0,7.560073512884598,0.6367339387175264,452070.35544077295,480925.9100433755,488656.08290878293,488656.08290878293,0.0,514920.6899247701,503729.9888789079,0.0,0.0,0.0,0.0,0.0,24991.79369306249,1,0,1499.511836139756,1799.780873292532,0.0,0.0,0.0,0.0,0.0,0.35,667.83231428256,-0.0,667.83231428256,26760.0,0.0
13.95,traction,1.0,0.0,7.591907899120851,0.6366877247250535,453990.5914566823,482968.7143156195,490740.72453405673,490740.72453405673,0.0,517113.9606731231,505857.1712671862,0.0,0.0,0.0,0.0,0.0,24991.758575272364,1,0,1499.5097287917622,1799.780873292532,0.0,0.0,0.0,0.0,0.0,0.35,667.83231428256,-0.0,667.83231428256,26760.0,0.0
14.0,traction,1.0,0.0,7.623739965094063,0.6366413194642462,455910.69105581986,485011.3734636382,492825.2186894076,492825.2186894076,0.0,519307.077587901,507984.2031767617,0.0,0.0,0.0,0.0,0.0,24991.72345983607,1,0,1499.5076215837494,1799.780873292532,0.0,0.0,0.0,0.0,0.0,0.35,667.83231428256,-0.0,667.83231428256,26760.0,0.0
14.05,traction,1.0,0.0,7.655569701243647,0.6365947229916813,457830.65367086837,487053.88688390254,494909.56475881446,494909.56475881446,0.0,521500.04002071643,510111.0839790444,0.0,0.0,0.0,0.0,0.0,24991.688346764015,1,0,1499.505514516342,1799.780873292532,0.0,0.0,0.0,0.0,0.0,0.35,667.83231428256,-0.0,667.83231428256,26760.0,0.0
14.1,traction,1.0,0.0,7.687397098011844,0.6365479353639358,459750.47873467294,489096.25397305633,496993.76212643116,496993.76212643116,0.0,523692.8473233654,512237.8130456238,0.0,0.0,0.0,0.0,0.0,24991.65323606659,1,0,1499.5034075901642,1799.780873292532,0.0,0.0,0.0,0.0,0.0,0.35,667.83231428256,-0.0,667.83231428256,26760.0,0.0
14.15,traction,1.0,0.0,7.719222145843747,0.6365009566380664,461670.165680242,491138.474127917,499077.81017658813,499077.81017658813,0.0,525885.4988478271,514364.38974826917,0.0,0.0,0.0,0.0,0.0,24991.618127754202,1,0,1499.5013008058409,1799.780873292532,0.0,0.0,0.0,0.0,0.0,0.35,667.83231428256,-0.0,667.83231428256,26760.0,0.0
14.2,traction,1.0,0.0,7.751044835187308,0.6364537868712183,463589.71394074766,493180.54674547625,501161.7082937929,501161.7082937929,0.0,528077.9939462667,516490.81345893,0.0,0.0,0.0,0.0,0.0,24991.583021837243,1,0,1499.4991941639955,1799.780873292532,0.0,0.0,0.0,0.0,0.0,0.35,667.83231428256,-0.0,667.83231428256,26760.0,0.0
14.25,traction,1.0,0.0,7.782865156493345,0.6364064261207325,465509.1229495266,495222.47122290067,503245.45586273086,503245.45586273086,0.0,530270.3319710338,518617.083549738,0.0,0.0,0.0,0.0,0.0,24991.54791832611,1,0,1499.4970876652521,1799.780873292532,0.0,0.0,0.0,0.0,0.0,0.35,667.83231428256,-0.0,667.83231428256,26760.0,0.0
14.3,traction,1.0,0.0,7.814683100215559,0.6363588744442872,467428.3921400805,497264.2469575325,505329.0522682659,505329.0522682659,0.0,532462.512274665,520743.19939300674,0.0,0.0,0.0,0.0,0.0,24991.51281723118,1,0,1499.4949813102346,1799.780873292532,0.0,0.0,0.0,0.0,0.0,0.35,667.83231428256,-0.0,667.83231428256,26760.0,0.0
14.35,traction,1.0,0.0,7.846498656810543,0.636311131899685,469347.52094607666,499305.8733468901,507412.49689544126,507412.49689544126,0.0,534654.5342098834,522869.16036123235,0.0,0.0,0.0,0.0,0.0,24991.477718562855,1,0,1499.4928750995664,1799.780873292532,0.0,0.0,0.0,0.0,0.0,0.35,667.83231428256,-0.0,667.83231428256,26760.0,0.0
14.4,traction,1.0,0.0,7.878311816737795,0.6362631985450307,471266.50880134915,501347.3497886693,509495.7891294797,509495.7891294797,0.0,536846.3971296006,524994.965827095,0.0,0.0,0.0,0.0,0.0,24991.44262233151,1,0,1499.490769033871,1799.780873292532,0.0,0.0,0.0,0.0,0.0,0.35,667.83231428256,-0.0,667.83231428256,26760.0,0.0
14.45,traction,1.0,0.0,7.910122570459724,0.6362150744385886,473185.3551398988,503388.6756807434,511578.928355785,511578.928355785,0.0,539038.1003869157,527120.6151634587,0.0,0.0,0.0,0.0,0.0,24991.407528547526,1,0,1499.4886631137713,1799.780873292532,0.0,0.0,0.0,0.0,0.0,0.35,667.83231428256,-0.0,667.83231428256,26760.0,0.0
14.5,traction,1.0,0.0,7.9419309084416705,0.6361667596389253,475104.0593958941,505429.850421164,513661.91395994223,513661.91395994223,0.0,541229.6433351181,529246.1077433735,0.0,0.0,0.0,0.0,0.0,24991.372437221286,1,0,1499.4865573398906,1799.780873292532,0.0,0.0,0.0,0.0,0.0,0.35,667.83231428256,-0.0,667.83231428256,26760.0,0.0
14.55,traction,1.0,0.0,7.973736821151906,0.6361182542047139,477022.6210036723,507470.87340816204,515744.7453277184,515744.7453277184,0.0,543421.0253276865,531371.4429400736,0.0,0.0,0.0,0.0,0.0,24991.337348363162,1,0,1499.4844517128515,1799.780873292532,0.0,0.0,0.0,0.0,0.0,0.35,667.83231428256,-0.0,667.83231428256,26760.0,0.0
14.6,traction,1.0,0.0,8.005540299061655,0.6360695581949827,478941.0393977392,509511.74404014816,517827.4218450633,517827.4218450633,0.0,545612.2457182907,533496.6201269815,0.0,0.0,0.0,0.0,0.0,24991.302261983525,1,0,1499.482346233277,1799.780873292532,0.0,0.0,0.0,0.0,0.0,0.35,667.83231428256,-0.0,667.83231428256,26760.0,0.0
14.65,traction,1.0,0.0,8.037341332645102,0.6360206716689376,480859.3140127704,511552.46171571326,519909.94289811037,519909.94289811037,0.0,547803.303860792,535621.6386777055,0.0,0.0,0.0,0.0,0.0,24991.26717809275,1,0,1499.4802409017898,1799.780873292532,0.0,0.0,0.0,0.0,0.0,0.35,667.83231428256,-0.0,667.83231428256,26760.0,0.0
14.7,traction,1.0,0.0,8.069139912379395,0.6359715946858557,482777.44428361184,513593.02583362965,521992.3078731768,521992.3078731768,0.0,549994.1991092442,537746.4979660423,0.0,0.0,0.0,0.0,0.0,24991.232096701195,1,0,1499.4781357190113,1799.780873292532,0.0,0.0,0.0,0.0,0.0,0.35,667.83231428256,-0.0,667.83231428256,26760.0,0.0
14.75,traction,1.0,0.0,8.100936028744679,0.6359223273056713,484695.4296452807,515633.43579285184,524074.51615676493,524074.51615676493,0.0,552184.9308178931,539871.1973659775,0.0,0.0,0.0,0.0,0.0,24991.197017819228,1,0,1499.4760306855649,1799.780873292532,0.0,0.0,0.0,0.0,0.0,0.35,667.83231428256,-0.0,667.83231428256,26760.0,0.0
14.8,traction,1.0,0.0,8.132729672224077,0.6358728695879634,486613.2695329653,517673.69099251635,526156.5671355631,526156.5671355631,0.0,554375.4983411791,541995.7362516858,0.0,0.0,0.0,0.0,0.0,24991.16194145721,1,0,1499.4739258020716,1799.780873292532,0.0,0.0,0.0,0.0,0.0,0.35,667.83231428256,-0.0,667.83231428256,26760.0,0.0
14.85,traction,1.0,0.0,8.164520833303724,0.6358232215929505,488530.9633820266,519713.7908319432,528238.4601964452,528238.4601964452,0.0,556565.901033737,544120.113997532,0.0,0.0,0.0,0.0,0.0,24991.126867625495,1,0,1499.4718210691535,1799.780873292532,0.0,0.0,0.0,0.0,0.0,0.35,667.83231428256,-0.0,667.83231428256,26760.0,0.0
14.9,traction,1.0,0.0,8.196309502472774,0.6357733833809931,490448.51062799816,521753.7347106364,530320.1947264727,530320.1947264727,0.0,558756.1382503968,546244.3299780722,0.0,0.0,0.0,0.0,0.0,24991.09179633444,1,0,1499.4697164874324,1799.780873292532,0.0,0.0,0.0,0.0,0.0,0.35,667.83231428256,-0.0,667.83231428256,26760.0,0.0
14.95,traction,1.0,0.0,8.2280956702234,0.635723355012523,492365.91070658725,523793.5220282843,532401.7701128942,532401.7701128942,0.0,560946.2093461845,548368.3835680531,0.0,0.0,0.0,0.0,0.0,24991.056727594398,1,0,1499.4676120575295,1799.780873292532,0.0,0.0,0.0,0.0,0.0,0.35,667.83231428256,-0.0,667.83231428256,26760.0,0.0
15.0,traction,1.0,0.0,8.259879327050822,0.6356731365484336,494283.16305367544,525833.1521847611,534483.1857431473,534483.1857431473,0.0,563136.1136763226,550492.2741424146,0.0,0.0,0.0,0.0,0.0,24991.021661415714,1,0,1499.4655077800664,1799.780873292532,0.0,0.0,0.0,0.0,0.0,0.35,667.83231428256,-0.0,667.83231428256,26760.0,0.0
15.05,traction,1.0,0.0,8.2916604634533,0.635622728049583,496200.26710531913,527872.6245801267,536564.4410048584,536564.4410048584,0.0,565325.8505962306,552616.0010762886,0.0,0.0,0.0,0.0,0.0,24990.986597808736,1,0,1499.4634036556638,1799.780873292532,0.0,0.0,0.0,0.0,0.0,0.35,667.83231428256,-0.0,667.83231428256,26760.0,0.0
15.1,traction,1.0,0.0,8.323439069932165,0.6355721295772909,498117.2222977501,529911.9386146278,538645.5352858437,538645.5352858437,0.0,567515.4194615276,554739.5637450017,0.0,0.0,0.0,0.0,0.0,24990.951536783803,1,0,1499.4612996849428,1799.780873292532,0.0,0.0,0.0,0.0,0.0,0.35,667.83231428256,-0.0,667.83231428256,26760.0,0.0
15.15,traction,1.0,0.0,8.355215136991813,0.6355213411929483,500034.0280673767,531951.0936886986,540726.46797411,540726.46797411,0.0,569704.8196280302,556862.9615240744,0.0,0.0,0.0,0.0,0.0,24990.916478351257,1,0,1499.4591958685241,1799.780873292532,0.0,0.0,0.0,0.0,0.0,0.35,667.83231428256,-0.0,667.83231428256,26760.0,0.0
15.2,traction,1.0,0.0,8.386988655139724,0.6354703629582303,501950.68385078316,533990.0892029608,542807.2384578558,542807.2384578558,0.0,571894.0504517553,558986.1937892223,0.0,0.0,0.0,0.0,0.0,24990.881422521437,1,0,1499.4570922070282,1799.780873292532,0.0,0.0,0.0,0.0,0.0,0.35,667.83231428256,-0.0,667.83231428256,26760.0,0.0
15.25,traction,1.0,0.0,8.418759614886472,0.6354191949349541,503867.18908473226,536028.9245582258,544887.8461254702,544887.8461254702,0.0,574083.1112889205,561109.2599163569,0.0,0.0,0.0,0.0,0.0,24990.84636930467,1,0,1499.4549887010753,1799.780873292532,0.0,0.0,0.0,0.0,0.0,0.35,667.83231428256,-0.0,667.83231428256,26760.0,0.0
15.3,traction,1.0,0.0,8.45052800674574,0.6353678371853633,505783.5432061642,538067.5991554939,546968.2903655366,546968.2903655366,0.0,576272.001495944,563232.1592815864,0.0,0.0,0.0,0.0,0.0,24990.811318711287,1,0,1499.452885351286,1799.780873292532,0.0,0.0,0.0,0.0,0.0,0.35,667.83231428256,-0.0,667.83231428256,26760.0,0.0
15.35,traction,1.0,0.0,8.482293821234322,0.6353162897716302,507699.745652198,540106.1123959554,549048.5705668305,549048.5705668305,0.0,578460.7204294458,565354.891261216,0.0,0.0,0.0,0.0,0.0,24990.77627075162,1,0,1499.4507821582802,1799.780873292532,0.0,0.0,0.0,0.0,0.0,0.35,667.83231428256,-0.0,667.83231428256,26760.0,0.0
15.4,traction,1.0,0.0,8.514057048872143,0.6352645527564249,509615.7958601322,542144.4636809918,551128.6861183218,551128.6861183218,0.0,580649.2674462497,567477.455231749,0.0,0.0,0.0,0.0,0.0,24990.741225435984,1,0,1499.448679122677,1799.780873292532,0.0,0.0,0.0,0.0,0.0,0.35,667.83231428256,-0.0,667.83231428256,26760.0,0.0
15.45,traction,1.0,0.0,8.545817680182264,0.6352126262024171,511531.6932674454,544182.6524121759,553208.6364091753,553208.6364091753,0.0,582837.641903381,569599.8505698874,0.0,0.0,0.0,0.0,0.0,24990.70618277471,1,0,1499.446576245097,1799.780873292532,0.0,0.0,0.0,0.0,0.0,0.35,667.83231428256,-0.0,667.83231428256,26760.0,0.0
15.5,traction,1.0,0.0,8.577575705690903,0.6351605101727742,513447.4373117965,546220.6779912729,555288.4208287509,555288.4208287509,0.0,585025.8431580708,571722.0766525327,0.0,0.0,0.0,0.0,0.0,24990.67114277811,1,0,1499.444473526159,1799.780873292532,0.0,0.0,0.0,0.0,0.0,0.35,667.83231428256,-0.0,667.83231428256,26760.0,0.0
15.55,traction,1.0,0.0,8.609331115927429,0.6351082047305212,515363.0274310262,548258.5398202407,557368.038766605,557368.038766605,0.0,587213.8705677538,573844.1328567864,0.0,0.0,0.0,0.0,0.0,24990.636105456495,1,0,1499.4423709664825,1799.780873292532,0.0,0.0,0.0,0.0,0.0,0.35,667.83231428256,-0.0,667.83231428256,26760.0,0.0
15.6,traction,1.0,0.0,8.641083901424388,0.6350557099391807,517278.463063157,550296.2373012309,559447.4896124905,559447.4896124905,0.0,589401.723490071,575966.018559951,0.0,0.0,0.0,0.0,0.0,24990.601070820183,1,0,1499.4402685666864,1799.780873292532,0.0,0.0,0.0,0.0,0.0,0.35,667.83231428256,-0.0,667.83231428256,26760.0,0.0
15.65,traction,1.0,0.0,8.672834052717507,0.6350030258623818,519193.74364639394,552333.7698365893,561526.772756358,561526.772756358,0.0,591589.4012828697,578087.7331395302,0.0,0.0,0.0,0.0,0.0,24990.566038879475,1,0,1499.4381663273896,1799.780873292532,0.0,0.0,0.0,0.0,0.0,0.35,667.83231428256,-0.0,667.83231428256,26760.0,0.0
15.7,traction,1.0,0.0,8.704581560345714,0.6349501525641443,521108.8686191252,554371.1368288567,563605.8875883565,563605.8875883565,0.0,593776.9033042038,580209.2759732307,0.0,0.0,0.0,0.0,0.0,24990.531009644685,1,0,1499.4360642492109,1799.780873292532,0.0,0.0,0.0,0.0,0.0,0.35,667.83231428256,-0.0,667.83231428256,26760.0,0.0
15.75,traction,1.0,0.0,8.736326414851135,0.6348970901084172,523023.83741992316,556408.3376807694,565684.8334988334,565684.8334988334,0.0,595964.2289123352,582330.6464389612,0.0,0.0,0.0,0.0,0.0,24990.495983126104,1,0,1499.4339623327685,1799.780873292532,0.0,0.0,0.0,0.0,0.0,0.35,667.83231428256,-0.0,667.83231428256,26760.0,0.0
15.8,traction,1.0,0.0,8.76806860677911,0.6348438385595045,524938.6494875445,558445.3717952602,567763.6098783361,567763.6098783361,0.0,598151.3774657348,584451.8439148348,0.0,0.0,0.0,0.0,0.0,24990.46095933404,1,0,1499.431860578681,1799.780873292532,0.0,0.0,0.0,0.0,0.0,0.35,667.83231428256,-0.0,667.83231428256,26760.0,0.0
15.85,traction,1.0,0.0,8.799808126678213,0.6347903979820657,526853.3042609309,560482.2385754584,569842.2161176124,569842.2161176124,0.0,600338.3483230819,586572.8677791689,0.0,0.0,0.0,0.0,0.0,24990.425938278782,1,0,1499.4297589875662,1799.780873292532,0.0,0.0,0.0,0.0,0.0,0.35,667.83231428256,-0.0,667.83231428256,26760.0,0.0
15.9,traction,1.0,0.0,8.831544965100257,0.6347367684408667,528767.80117921,562518.9374246915,571920.6516076106,571920.6516076106,0.0,602525.1408432663,588693.7174104855,0.0,0.0,0.0,0.0,0.0,24990.390919970625,1,0,1499.4276575600422,1799.780873292532,0.0,0.0,0.0,0.0,0.0,0.35,667.83231428256,-0.0,667.83231428256,26760.0,0.0
15.95,traction,1.0,0.0,8.8632791126003,0.6346829500008511,530682.1396816962,564555.4677464854,573998.9157394811,573998.9157394811,0.0,604711.7543853885,590814.3921875132,0.0,0.0,0.0,0.0,0.0,24990.355904419856,1,0,1499.4255562967269,1799.780873292532,0.0,0.0,0.0,0.0,0.0,0.35,667.83231428256,-0.0,667.83231428256,26760.0,0.0
16.0,traction,1.0,0.0,8.895010559736656,0.6346289427271401,532596.3192078909,566591.8289445648,576077.007904577,576077.007904577,0.0,606898.1883087598,592934.8914891863,0.0,0.0,0.0,0.0,0.0,24990.32089163676,1,0,1499.4234551982374,1799.780873292532,0.0,0.0,0.0,0.0,0.0,0.35,667.83231428256,-0.0,667.83231428256,26760.0,0.0
16.05,traction,1.0,0.0,8.92673929707092,0.6345747466852814,534510.3391974824,568628.0204228536,578154.9274944538,578154.9274944538,0.0,609084.4419729047,595055.2146946471,0.0,0.0,0.0,0.0,0.0,24990.28588163162,1,0,1499.4213542651912,1799.780873292532,0.0,0.0,0.0,0.0,0.0,0.35,667.83231428256,-0.0,667.83231428256,26760.0,0.0
16.1,traction,1.0,0.0,8.958465315167969,0.6345203619409645,536424.1990903484,570664.0415854771,580232.6739008711,580232.6739008711,0.0,611270.51473756,597175.3611832455,0.0,0.0,0.0,0.0,0.0,24990.250874414713,1,0,1499.4192534982055,1799.780873292532,0.0,0.0,0.0,0.0,0.0,0.35,667.83231428256,-0.0,667.83231428256,26760.0,0.0
16.15,traction,1.0,0.0,8.990188604595971,0.6344657885600569,538337.8983265553,572699.8918367609,582310.2465157929,582310.2465157929,0.0,613456.4059626762,599295.3303345395,0.0,0.0,0.0,0.0,0.0,24990.21586999632,1,0,1499.417152897897,1799.780873292532,0.0,0.0,0.0,0.0,0.0,0.35,667.83231428256,-0.0,667.83231428256,26760.0,0.0
16.2,traction,1.0,0.0,9.021909155926393,0.6344110266084257,540251.4363463587,574735.5705812328,584387.6447313887,584387.6447313887,0.0,615642.1150084182,601415.1215282975,0.0,0.0,0.0,0.0,0.0,24990.18086838671,1,0,1499.4150524648826,1799.780873292532,0.0,0.0,0.0,0.0,0.0,0.35,667.83231428256,-0.0,667.83231428256,26760.0,0.0
16.25,traction,1.0,0.0,9.053626959734023,0.6343560761526135,542164.8125902053,576771.0772236227,586464.8679400334,586464.8679400334,0.0,617827.6412351659,603534.7341444977,0.0,0.0,0.0,0.0,0.0,24990.14586959615,1,0,1499.412952199779,1799.780873292532,0.0,0.0,0.0,0.0,0.0,0.35,667.83231428256,-0.0,667.83231428256,26760.0,0.0
16.3,traction,1.0,0.0,9.085342006596976,0.6343009372590558,544078.0264987317,578806.4111688635,588541.9155343089,588541.9155343089,0.0,620012.9840035153,605654.1675633284,0.0,0.0,0.0,0.0,0.0,24990.110873634905,1,0,1499.4108521032026,1799.780873292532,0.0,0.0,0.0,0.0,0.0,0.35,667.83231428256,-0.0,667.83231428256,26760.0,0.0
16.35,traction,1.0,0.0,9.117054287096705,0.6342456099945792,545991.0775127672,580841.5718220928,590618.7869070036,590618.7869070036,0.0,622198.1426742787,607773.4211651891,0.0,0.0,0.0,0.0,0.0,24990.075880513243,1,0,1499.4087521757688,1799.780873292532,0.0,0.0,0.0,0.0,0.0,0.35,667.83231428256,-0.0,667.83231428256,26760.0,0.0
16.4,traction,1.0,0.0,9.148763791818007,0.6341900944260459,547903.9650733321,582876.5585886511,592695.4814511151,592695.4814511151,0.0,624383.1166084858,609892.4943306937,0.0,0.0,0.0,0.0,0.0,24990.040890241416,1,0,1499.4066524180942,1799.780873292532,0.0,0.0,0.0,0.0,0.0,0.35,667.83231428256,-0.0,667.83231428256,26760.0,0.0
16.45,traction,1.0,0.0,9.180470511349043,0.6341343906207086,549816.6886216404,584911.3708740856,594771.998559848,594771.998559848,0.0,626567.9051673836,612011.3864406664,0.0,0.0,0.0,0.0,0.0,24990.005902829686,1,0,1499.4045528307945,1799.780873292532,0.0,0.0,0.0,0.0,0.0,0.35,667.83231428256,-0.0,667.83231428256,26760.0,0.0
16.5,traction,1.0,0.0,9.212174436281343,0.634078498645998,551729.2475990992,586946.008084148,596848.337626618,596848.337626618,0.0,628752.5077124398,614130.0968761462,0.0,0.0,0.0,0.0,0.0,24989.9709182883,1,0,1499.4024534144849,1799.780873292532,0.0,0.0,0.0,0.0,0.0,0.35,667.83231428256,-0.0,667.83231428256,26760.0,0.0
16.55,traction,1.0,0.0,9.243875557209815,0.634022418569451,553641.6414473095,588980.4696247973,598924.498045049,598924.498045049,0.0,630936.923605339,616248.6250183863,0.0,0.0,0.0,0.0,0.0,24989.93593662751,1,0,1499.4003541697812,1799.780873292532,0.0,0.0,0.0,0.0,0.0,0.35,667.83231428256,-0.0,667.83231428256,26760.0,0.0
16.6,traction,1.0,0.0,9.275573864732765,0.6339661504589955,555553.8696080677,591014.7549021997,601000.4792089768,601000.4792089768,0.0,633121.1522079876,618366.9702488544,0.0,0.0,0.0,0.0,0.0,24989.90095785756,1,0,1499.398255097298,1799.780873292532,0.0,0.0,0.0,0.0,0.0,0.35,667.83231428256,-0.0,667.83231428256,26760.0,0.0
16.65,traction,1.0,0.0,9.307269349451898,0.6339096943826661,557465.931523365,593048.8633227288,603076.2805124487,603076.2805124487,0.0,635305.1928825127,620485.1319492351,0.0,0.0,0.0,0.0,0.0,24989.865981988693,1,0,1499.3961561976505,1799.780873292532,0.0,0.0,0.0,0.0,0.0,0.35,667.83231428256,-0.0,667.83231428256,26760.0,0.0
16.7,traction,1.0,0.0,9.33896200197233,0.6338530504086393,559377.8266353887,595082.7942929667,605151.9013497232,605151.9013497232,0.0,637489.0449912625,622603.1095014284,0.0,0.0,0.0,0.0,0.0,24989.831009031146,1,0,1499.3940574714536,1799.780873292532,0.0,0.0,0.0,0.0,0.0,0.35,667.83231428256,-0.0,667.83231428256,26760.0,0.0
16.75,traction,1.0,0.0,9.37065181290261,0.633796218605589,561289.5543865225,597116.5472197048,607227.3411152721,607227.3411152721,0.0,639672.7078968086,624720.9022875512,0.0,0.0,0.0,0.0,0.0,24989.796038995155,1,0,1499.3919589193215,1799.780873292532,0.0,0.0,0.0,0.0,0.0,0.35,667.83231428256,-0.0,667.83231428256,26760.0,0.0
16.8,traction,1.0,0.0,9.402338772854716,0.6337391990421182,563201.1142193478,599150.1215099446,609302.5992037804,609302.5992037804,0.0,641856.1809619445,626838.5096899386,0.0,0.0,0.0,0.0,0.0,24989.761071890953,1,0,1499.3898605418688,1799.780873292532,0.0,0.0,0.0,0.0,0.0,0.35,667.83231428256,-0.0,667.83231428256,26760.0,0.0
16.85,traction,1.0,0.0,9.434022872444077,0.6336819917872205,565112.5055766437,601183.5165708977,611377.6750101475,611377.6750101475,0.0,644039.4635496881,628955.9310911444,0.0,0.0,0.0,0.0,0.0,24989.726107728766,1,0,1499.3877623397093,1799.780873292532,0.0,0.0,0.0,0.0,0.0,0.35,667.83231428256,-0.0,667.83231428256,26760.0,0.0
16.9,traction,1.0,0.0,9.465704102289576,0.6336245969099963,567023.7279013878,603216.7318099871,613452.5679294874,613452.5679294874,0.0,646222.5550232814,631073.1658739415,0.0,0.0,0.0,0.0,0.0,24989.691146518817,1,0,1499.385664313457,1799.780873292532,0.0,0.0,0.0,0.0,0.0,0.35,667.83231428256,-0.0,667.83231428256,26760.0,0.0
16.95,traction,1.0,0.0,9.49738245301357,0.6335670144798655,568934.7806367569,605249.7666348479,615527.2773571297,615527.2773571297,0.0,648405.4547461923,633190.2134213223,0.0,0.0,0.0,0.0,0.0,24989.656188271332,1,0,1499.3835664637259,1799.780873292532,0.0,0.0,0.0,0.0,0.0,0.35,667.83231428256,-0.0,667.83231428256,26760.0,0.0
17.0,traction,1.0,0.0,9.529057915241891,0.6335092445664259,570845.6632261272,607282.6204533268,617601.8026886203,617601.8026886203,0.0,650588.1620821145,635307.0731165002,0.0,0.0,0.0,0.0,0.0,24989.621232996527,1,0,1499.381468791129,1799.780873292532,0.0,0.0,0.0,0.0,0.0,0.35,667.83231428256,-0.0,667.83231428256,26760.0,0.0
17.05,traction,1.0,0.0,9.560730479603858,0.6334512872393461,572756.3751130757,609315.2926734849,619676.1433197213,619676.1433197213,0.0,652770.6763949678,637423.7443429097,0.0,0.0,0.0,0.0,0.0,24989.586280704614,1,0,1499.37937129628,1799.780873292532,0.0,0.0,0.0,0.0,0.0,0.35,667.83231428256,-0.0,667.83231428256,26760.0,0.0
17.1,traction,1.0,0.0,9.5924001367323,0.6333931425688277,574666.9157413808,611347.7827035966,621750.2986464131,621750.2986464131,0.0,654952.9970489001,639540.226484207,0.0,0.0,0.0,0.0,0.0,24989.551331405808,1,0,1499.3772739797917,1799.780873292532,0.0,0.0,0.0,0.0,0.0,0.35,667.83231428256,-0.0,667.83231428256,26760.0,0.0
17.15,traction,1.0,0.0,9.624066877263548,0.6333348106249659,576577.2845550216,613380.0899521506,623824.2680648945,623824.2680648945,0.0,657135.123408287,641656.5189242718,0.0,0.0,0.0,0.0,0.0,24989.51638511031,1,0,1499.3751768422767,1799.780873292532,0.0,0.0,0.0,0.0,0.0,0.35,667.83231428256,-0.0,667.83231428256,26760.0,0.0
17.2,traction,1.0,0.0,9.655730691837462,0.6332762914782819,578487.4809981801,615412.2138278512,625898.0509715823,625898.0509715823,0.0,659317.0548377327,643772.6210472067,0.0,0.0,0.0,0.0,0.0,24989.48144182833,1,0,1499.3730798843485,1799.780873292532,0.0,0.0,0.0,0.0,0.0,0.35,667.83231428256,-0.0,667.83231428256,26760.0,0.0
17.25,traction,1.0,0.0,9.687391571097434,0.6332175851994393,580397.5045152415,617444.1537396186,627971.6467631136,627971.6467631136,0.0,661498.7907020722,645888.5322373378,0.0,0.0,0.0,0.0,0.0,24989.446501570066,1,0,1499.3709831066185,1799.780873292532,0.0,0.0,0.0,0.0,0.0,0.35,667.83231428256,-0.0,667.83231428256,26760.0,0.0
17.3,traction,1.0,0.0,9.719049505690402,0.6331586918593501,582307.3545507938,619475.9090965892,630045.0548363455,630045.0548363455,0.0,663680.3303663695,648004.2518792173,0.0,0.0,0.0,0.0,0.0,24989.41156434571,1,0,1499.3688865097,1799.780873292532,0.0,0.0,0.0,0.0,0.0,0.35,667.83231428256,-0.0,667.83231428256,26760.0,0.0
17.35,traction,1.0,0.0,9.750704486266851,0.6330996115289977,584217.0305496295,621507.4793081165,632118.2745883564,632118.2745883564,0.0,665861.6731959196,650119.7793576216,0.0,0.0,0.0,0.0,0.0,24989.376630165465,1,0,1499.366790094204,1799.780873292532,0.0,0.0,0.0,0.0,0.0,0.35,667.83231428256,-0.0,667.83231428256,26760.0,0.0
17.4,traction,1.0,0.0,9.782356503480846,0.6330403442798982,586126.5319567466,623538.863783773,634191.3054164454,634191.3054164454,0.0,668042.8185562504,652235.1140575536,0.0,0.0,0.0,0.0,0.0,24989.34169903951,1,0,1499.3646938607426,1799.780873292532,0.0,0.0,0.0,0.0,0.0,0.35,667.83231428256,-0.0,667.83231428256,26760.0,0.0
17.45,traction,1.0,0.0,9.814005547990012,0.6329808901833189,588035.8582173472,625570.0619333481,636264.1467181358,636264.1467181358,0.0,670223.765813121,654350.2553642443,0.0,0.0,0.0,0.0,0.0,24989.306770978033,1,0,1499.3625978099278,1799.780873292532,0.0,0.0,0.0,0.0,0.0,0.35,667.83231428256,-0.0,667.83231428256,26760.0,0.0
17.5,traction,1.0,0.0,9.845651610455576,0.6329212493112735,589945.0087768404,627601.0731668515,638336.7978911715,638336.7978911715,0.0,672404.514332524,656465.2026631498,0.0,0.0,0.0,0.0,0.0,24989.271845991225,1,0,1499.3605019423705,1799.780873292532,0.0,0.0,0.0,0.0,0.0,0.35,667.83231428256,-0.0,667.83231428256,26760.0,0.0
17.55,traction,1.0,0.0,9.877294681542354,0.6328614217355621,591853.9830808414,629631.8968945121,640409.258333522,640409.258333522,0.0,674585.0634806872,658579.9553399568,0.0,0.0,0.0,0.0,0.0,24989.23692408925,1,0,1499.358406258682,1799.780873292532,0.0,0.0,0.0,0.0,0.0,0.35,667.83231428256,-0.0,667.83231428256,26760.0,0.0
17.6,traction,1.0,0.0,9.908934751918775,0.6328014075284116,593762.7805751732,631662.53252678,642481.5274433797,642481.5274433797,0.0,676765.4126240698,660694.5127805792,0.0,0.0,0.0,0.0,0.0,24989.202005282295,1,0,1499.3563107594734,1799.780873292532,0.0,0.0,0.0,0.0,0.0,0.35,667.83231428256,-0.0,667.83231428256,26760.0,0.0
17.65,traction,1.0,0.0,9.940571812256886,0.6327412067622262,595671.400705867,633692.9794743266,644553.6046191633,644553.6046191633,0.0,678945.5611293699,662808.8743711612,0.0,0.0,0.0,0.0,0.0,24989.16708958053,1,0,1499.354215445355,1799.780873292532,0.0,0.0,0.0,0.0,0.0,0.35,667.83231428256,-0.0,667.83231428256,26760.0,0.0
17.7,traction,1.0,0.0,9.972205853232367,0.6326808195096234,597579.8429191613,635723.2371480439,646625.4892595169,646625.4892595169,0.0,681125.5083635187,664923.0394980785,0.0,0.0,0.0,0.0,0.0,24989.132176994113,1,0,1499.3521203169378,1799.780873292532,0.0,0.0,0.0,0.0,0.0,0.35,667.83231428256,-0.0,667.83231428256,26760.0,0.0
17.75,traction,1.0,0.0,10.003836865524535,0.6326202458433627,599488.1066615047,637753.3049590476,648697.1807633102,648697.1807633102,0.0,683305.2536936859,667037.0075479355,0.0,0.0,0.0,0.0,0.0,24989.09726753322,1,0,1499.3500253748316,1799.780873292532,0.0,0.0,0.0,0.0,0.0,0.35,667.83231428256,-0.0,667.83231428256,26760.0,0.0
17.8,traction,1.0,0.0,10.035464839816363,0.6325594858365591,601396.191379556,639783.1823186766,650768.6785296404,650768.6785296404,0.0,685484.7964872787,669150.7779075697,0.0,0.0,0.0,0.0,0.0,24989.062361208,1,0,1499.3479306196468,1799.780873292532,0.0,0.0,0.0,0.0,0.0,0.35,667.83231428256,-0.0,667.83231428256,26760.0,0.0
17.85,traction,1.0,0.0,10.067089766794481,0.6324985395623628,603304.0965201831,641812.8686384928,652839.9819578333,652839.9819578333,0.0,687664.1361119407,671264.3499640512,0.0,0.0,0.0,0.0,0.0,24989.02745802862,1,0,1499.345836051993,1799.780873292532,0.0,0.0,0.0,0.0,0.0,0.35,667.83231428256,-0.0,667.83231428256,26760.0,0.0
17.9,traction,1.0,0.0,10.098711637149197,0.6324374070943151,605211.821530466,643842.363330283,654911.0904474416,654911.0904474416,0.0,689843.2719355557,673377.723104682,0.0,0.0,0.0,0.0,0.0,24988.992558005226,1,0,1499.34374167248,1799.780873292532,0.0,0.0,0.0,0.0,0.0,0.35,667.83231428256,-0.0,667.83231428256,26760.0,0.0
17.95,traction,1.0,0.0,10.130330441574502,0.6323760885060992,607119.365857696,645871.6658060596,656982.003398248,656982.003398248,0.0,692022.2033262479,675490.8967169991,0.0,0.0,0.0,0.0,0.0,24988.95766114797,1,0,1499.3416474817172,1799.780873292532,0.0,0.0,0.0,0.0,0.0,0.35,667.83231428256,-0.0,667.83231428256,26760.0,0.0
18.0,traction,1.0,0.0,10.161946170768081,0.632314583871576,609026.7289493767,647900.7754780604,659052.7202102649,659052.7202102649,0.0,694200.9296523794,677603.870188773,0.0,0.0,0.0,0.0,0.0,24988.922767466996,1,0,1499.3395534803135,1799.780873292532,0.0,0.0,0.0,0.0,0.0,0.35,667.83231428256,-0.0,667.83231428256,26760.0,0.0
18.05,traction,1.0,0.0,10.193558815431327,0.6322528932649263,610933.9102532242,649929.6917587492,661123.2402837351,661123.2402837351,0.0,696379.4502825551,679716.6429080103,0.0,0.0,0.0,0.0,0.0,24988.887876972447,1,0,1499.3374596688782,1799.780873292532,0.0,0.0,0.0,0.0,0.0,0.35,667.83231428256,-0.0,667.83231428256,26760.0,0.0
18.1,traction,1.0,0.0,10.225168366269344,0.6321910167603306,612840.9092171689,651958.414060818,663193.5630191319,663193.5630191319,0.0,698557.764585621,681829.214262952,0.0,0.0,0.0,0.0,0.0,24988.852989674462,1,0,1499.3353660480198,1799.780873292532,0.0,0.0,0.0,0.0,0.0,0.35,667.83231428256,-0.0,667.83231428256,26760.0,0.0
18.15,traction,1.0,0.0,10.256774813990962,0.6321289544323605,614747.7252893548,653986.941797186,665263.6878171613,665263.6878171613,0.0,700735.8719306657,683941.5836420767,0.0,0.0,0.0,0.0,0.0,24988.818105583174,1,0,1499.3332726183467,1799.780873292532,0.0,0.0,0.0,0.0,0.0,0.35,667.83231428256,-0.0,667.83231428256,26760.0,0.0
18.2,traction,1.0,0.0,10.288378149308754,0.6320667063558361,616654.3579181408,656015.2743810009,667333.6140787613,667333.6140787613,0.0,702913.7716870203,686053.7504341004,0.0,0.0,0.0,0.0,0.0,24988.78322470871,1,0,1499.3311793804676,1799.780873292532,0.0,0.0,0.0,0.0,0.0,0.35,667.83231428256,-0.0,667.83231428256,26760.0,0.0
18.25,traction,1.0,0.0,10.319978362939036,0.6320042726056485,618560.806552101,658043.4112256394,669403.341205103,669403.341205103,0.0,705091.4632242604,688165.7140279763,0.0,0.0,0.0,0.0,0.0,24988.748347061202,1,0,1499.3290863349903,1799.780873292532,0.0,0.0,0.0,0.0,0.0,0.35,667.83231428256,-0.0,667.83231428256,26760.0,0.0
18.3,traction,1.0,0.0,10.351575445601886,0.6319416532570088,620467.0706400255,660071.351744708,671472.8685975912,671472.8685975912,0.0,707268.9459122058,690277.4738128957,0.0,0.0,0.0,0.0,0.0,24988.71347265077,1,0,1499.3269934825225,1799.780873292532,0.0,0.0,0.0,0.0,0.0,0.35,667.83231428256,-0.0,667.83231428256,26760.0,0.0
18.35,traction,1.0,0.0,10.38316938802115,0.63187884838527,622373.1496309213,662099.095352044,673542.1956578654,673542.1956578654,0.0,709446.2191209218,692389.0291782907,0.0,0.0,0.0,0.0,0.0,24988.678601487532,1,0,1499.3249008236721,1799.780873292532,0.0,0.0,0.0,0.0,0.0,0.35,667.83231428256,-0.0,667.83231428256,26760.0,0.0
18.4,traction,1.0,0.0,10.414760180924452,0.6318158580660338,624279.0429740123,664126.6414617152,675611.3217877999,675611.3217877999,0.0,711623.282220719,694500.3795138317,0.0,0.0,0.0,0.0,0.0,24988.643733581604,1,0,1499.3228083590461,1799.780873292532,0.0,0.0,0.0,0.0,0.0,0.35,667.83231428256,-0.0,667.83231428256,26760.0,0.0
18.45,traction,1.0,0.0,10.446347815043207,0.6317526823751152,626184.7501187404,666153.9894880217,677680.2463895053,677680.2463895053,0.0,713800.1345821555,696611.5242094307,0.0,0.0,0.0,0.0,0.0,24988.6088689431,1,0,1499.3207160892518,1799.780873292532,0.0,0.0,0.0,0.0,0.0,0.35,667.83231428256,-0.0,667.83231428256,26760.0,0.0
18.5,traction,1.0,0.0,10.47793228111263,0.6316893213884356,628090.2705147659,668181.1388454956,679748.9688653282,679748.9688653282,0.0,715976.7755760358,698722.4626552407,0.0,0.0,0.0,0.0,0.0,24988.574007582127,1,0,1499.3186240148962,1799.780873292532,0.0,0.0,0.0,0.0,0.0,0.35,667.83231428256,-0.0,667.83231428256,26760.0,0.0
18.55,traction,1.0,0.0,10.50951356987175,0.6316257751824139,629995.6036119679,670208.088948902,681817.4886178527,681817.4886178527,0.0,718153.2045734131,700833.1942416569,0.0,0.0,0.0,0.0,0.0,24988.539149508786,1,0,1499.3165321365861,1799.780873292532,0.0,0.0,0.0,0.0,0.0,0.35,667.83231428256,-0.0,667.83231428256,26760.0,0.0
18.6,traction,1.0,0.0,10.541091672063414,0.6315620438332914,631900.7488604455,672234.8392132398,683885.8050499,683885.8050499,0.0,720329.4209455894,702943.718359316,0.0,0.0,0.0,0.0,0.0,24988.504294733175,1,0,1499.3144404549275,1799.780873292532,0.0,0.0,0.0,0.0,0.0,0.35,667.83231428256,-0.0,667.83231428256,26760.0,0.0
18.65,traction,1.0,0.0,10.572666578434308,0.6314981274178777,633805.7057105177,674261.3890537423,685953.9175645305,685953.9175645305,0.0,722505.4240641156,705054.0343991,0.0,0.0,0.0,0.0,0.0,24988.4694432654,1,0,1499.3123489705272,1799.780873292532,0.0,0.0,0.0,0.0,0.0,0.35,667.83231428256,-0.0,667.83231428256,26760.0,0.0
18.7,traction,1.0,0.0,10.604238279734954,0.6314340260129114,635710.4736127248,676287.7378858775,688021.8255650431,688021.8255650431,0.0,724681.2133007927,707164.1417521326,0.0,0.0,0.0,0.0,0.0,24988.43459511554,1,0,1499.3102576839904,1799.780873292532,0.0,0.0,0.0,0.0,0.0,0.35,667.83231428256,-0.0,667.83231428256,26760.0,0.0
18.75,traction,1.0,0.0,10.63580676671973,0.631369739695522,637615.0520178289,678313.88512535,690089.5284549771,690089.5284549771,0.0,726856.7880276734,709274.0398097843,0.0,0.0,0.0,0.0,0.0,24988.39975029369,1,0,1499.308166595924,1799.780873292532,0.0,0.0,0.0,0.0,0.0,0.35,667.83231428256,-0.0,667.83231428256,26760.0,0.0
18.8,traction,1.0,0.0,10.667372030146879,0.631305268542981,639519.4403768133,680339.8301880993,692157.0256381122,692157.0256381122,0.0,729032.1476170605,711383.7279636697,0.0,0.0,0.0,0.0,0.0,24988.364908809937,1,0,1499.3060757069325,1799.780873292532,0.0,0.0,0.0,0.0,0.0,0.35,667.83231428256,-0.0,667.83231428256,26760.0,0.0
18.85,traction,1.0,0.0,10.698934060778523,0.6312406126328796,641423.6381408848,682365.5724903031,694224.3165184687,694224.3165184687,0.0,731207.2914415107,713493.2056056496,0.0,0.0,0.0,0.0,0.0,24988.330070674358,1,0,1499.3039850176215,1799.780873292532,0.0,0.0,0.0,0.0,0.0,0.35,667.83231428256,-0.0,667.83231428256,26760.0,0.0
18.9,traction,1.0,0.0,10.730492849380655,0.6311757720426314,643327.644761473,684391.1114483756,696291.4005003093,696291.4005003093,0.0,733382.2188738326,715602.4721278326,0.0,0.0,0.0,0.0,0.0,24988.29523589703,1,0,1499.3018945285962,1799.780873292532,0.0,0.0,0.0,0.0,0.0,0.35,667.83231428256,-0.0,667.83231428256,26760.0,0.0
18.95,traction,1.0,0.0,10.76204838672318,0.6311107468505028,645231.4596902318,686416.4464789701,698358.2769881384,698358.2769881384,0.0,735556.9292870887,717711.5269225726,0.0,0.0,0.0,0.0,0.0,24988.26040448802,1,0,1499.2998042404613,1799.780873292532,0.0,0.0,0.0,0.0,0.0,0.35,667.83231428256,-0.0,667.83231428256,26760.0,0.0
19.0,traction,1.0,0.0,10.793600663579902,0.6310455371344403,647135.0823790395,688441.5769989783,700424.9453867042,700424.9453867042,0.0,737731.4220545964,719820.3693824734,0.0,0.0,0.0,0.0,0.0,24988.225576457407,1,0,1499.2977141538217,1799.780873292532,0.0,0.0,0.0,0.0,0.0,0.35,667.83231428256,-0.0,667.83231428256,26760.0,0.0
19.05,traction,1.0,0.0,10.825149670728539,0.6309801429727457,649038.5122799992,690466.5024255312,702491.4051009982,702491.4051009982,0.0,739905.6965499264,721928.9989003864,0.0,0.0,0.0,0.0,0.0,24988.190751815247,1,0,1499.2956242692812,1799.780873292532,0.0,0.0,0.0,0.0,0.0,0.35,667.83231428256,-0.0,667.83231428256,26760.0,0.0
19.1,traction,1.0,0.0,10.856695398950743,0.6309145644440761,650941.748845441,692491.2221760012,704557.6555362563,704557.6555362563,0.0,742079.7521469069,724037.4148694129,0.0,0.0,0.0,0.0,0.0,24988.155930571604,1,0,1499.2935345874444,1799.780873292532,0.0,0.0,0.0,0.0,0.0,0.35,667.83231428256,-0.0,667.83231428256,26760.0,0.0
19.15,traction,1.0,0.0,10.888237839032096,0.630848801627053,652844.7915279203,694515.7356680003,706623.6960979603,706623.6960979603,0.0,744253.5882196217,726145.616682905,0.0,0.0,0.0,0.0,0.0,24988.121112736535,1,0,1499.2914451089148,1799.780873292532,0.0,0.0,0.0,0.0,0.0,0.35,667.83231428256,-0.0,667.83231428256,26760.0,0.0
19.2,traction,1.0,0.0,10.919776981762128,0.6307828546006533,654747.6397802195,696540.0423193825,708689.526191837,708689.526191837,0.0,746427.2041424118,728253.6037344643,0.0,0.0,0.0,0.0,0.0,24988.086298320093,1,0,1499.2893558342962,1799.780873292532,0.0,0.0,0.0,0.0,0.0,0.35,667.83231428256,-0.0,667.83231428256,26760.0,0.0
19.25,traction,1.0,0.0,10.951312817934339,0.630716723444209,656650.293055349,698564.1415482437,710755.1452238597,710755.1452238597,0.0,748600.5992898768,730361.3754179444,0.0,0.0,0.0,0.0,0.0,24988.051487332323,1,0,1499.287266764192,1799.780873292532,0.0,0.0,0.0,0.0,0.0,0.35,667.83231428256,-0.0,667.83231428256,26760.0,0.0
19.3,traction,1.0,0.0,10.982845338346182,0.6306504082368747,658552.7508065472,700588.0327729227,712820.5526002487,712820.5526002487,0.0,750773.7730368737,732468.9311274511,0.0,0.0,0.0,0.0,0.0,24988.016679783275,1,0,1499.2851778992056,1799.780873292532,0.0,0.0,0.0,0.0,0.0,0.35,667.83231428256,-0.0,667.83231428256,26760.0,0.0
19.35,traction,1.0,0.0,11.0143745337991,0.6305839090583376,660455.0124872813,702611.7154120015,714885.7477274721,714885.7477274721,0.0,752946.7247585191,734576.2702573423,0.0,0.0,0.0,0.0,0.0,24987.981875682985,1,0,1499.2830892399393,1799.780873292532,0.0,0.0,0.0,0.0,0.0,0.35,667.83231428256,-0.0,667.83231428256,26760.0,0.0
19.4,traction,1.0,0.0,11.04590039509852,0.6305172259884273,662357.0775512483,704635.1888843067,716950.7300122464,716950.7300122464,0.0,755119.4538301895,736683.3922022304,0.0,0.0,0.0,0.0,0.0,24987.94707504149,1,0,1499.2810007869964,1799.780873292532,0.0,0.0,0.0,0.0,0.0,0.35,667.83231428256,-0.0,667.83231428256,26760.0,0.0
19.45,traction,1.0,0.0,11.077422913053875,0.6304503591070798,664258.9454523742,706658.4526089088,719015.4988615374,719015.4988615374,0.0,757291.9596275217,738790.2963569814,0.0,0.0,0.0,0.0,0.0,24987.912277868825,1,0,1499.278912540979,1799.780873292532,0.0,0.0,0.0,0.0,0.0,0.35,667.83231428256,-0.0,667.83231428256,26760.0,0.0
19.5,traction,1.0,0.0,11.1089420784786,0.6303833084945154,666160.6156448168,708681.5060051243,721080.05368256,721080.05368256,0.0,759464.2415264145,740896.9821167156,0.0,0.0,0.0,0.0,0.0,24987.877484175016,1,0,1499.2768245024895,1799.780873292532,0.0,0.0,0.0,0.0,0.0,0.35,667.83231428256,-0.0,667.83231428256,26760.0,0.0
19.55,traction,1.0,0.0,11.140457882190162,0.6303160742312386,668062.0875829647,710704.3484925156,723144.3938827799,723144.3938827799,0.0,761636.2989030282,743003.4488768093,0.0,0.0,0.0,0.0,0.0,24987.84269397009,1,0,1499.2747366721294,1799.780873292532,0.0,0.0,0.0,0.0,0.0,0.35,667.83231428256,-0.0,667.83231428256,26760.0,0.0
19.6,traction,1.0,0.0,11.171970315010045,0.6302486563976473,669963.3607214381,712726.9794908916,725208.5188699139,725208.5188699139,0.0,763808.1311337854,745109.6960328955,0.0,0.0,0.0,0.0,0.0,24987.807907264065,1,0,1499.2726490505008,1799.780873292532,0.0,0.0,0.0,0.0,0.0,0.35,667.83231428256,-0.0,667.83231428256,26760.0,0.0
19.65,traction,1.0,0.0,11.203479367763784,0.6301810550747788,671864.4345150896,714749.3984203081,727272.4280519302,727272.4280519302,0.0,765979.7375953727,747215.7229808631,0.0,0.0,0.0,0.0,0.0,24987.77312406696,1,0,1499.2705616382054,1799.780873292532,0.0,0.0,0.0,0.0,0.0,0.35,667.83231428256,-0.0,667.83231428256,26760.0,0.0
19.7,traction,1.0,0.0,11.234985031280969,0.6301132703437062,673765.3084190049,716771.6047010691,729336.1208370491,729336.1208370491,0.0,768151.1176647408,749321.529116858,0.0,0.0,0.0,0.0,0.0,24987.73834438878,1,0,1499.268474435844,1799.780873292532,0.0,0.0,0.0,0.0,0.0,0.35,667.83231428256,-0.0,667.83231428256,26760.0,0.0
19.75,traction,1.0,0.0,11.266487296395239,0.6300453022853958,675665.9818885038,718793.5977537275,731399.596633744,731399.596633744,0.0,770322.2707191043,751427.1138372854,0.0,0.0,0.0,0.0,0.0,24987.703568239544,1,0,1499.2663874440175,1799.780873292532,0.0,0.0,0.0,0.0,0.0,0.35,667.83231428256,-0.0,667.83231428256,26760.0,0.0
19.8,traction,1.0,0.0,11.297986153944324,0.629977150981702,677566.4543791396,720815.3769990847,733462.8548507423,733462.8548507423,0.0,772493.1961359438,753532.4765388088,0.0,0.0,0.0,0.0,0.0,24987.668795629244,1,0,1499.2643006633268,1799.780873292532,0.0,0.0,0.0,0.0,0.0,0.35,667.83231428256,-0.0,667.83231428256,26760.0,0.0
19.85,traction,1.0,0.0,11.329481594770018,0.6299088165138755,679466.7253467009,722836.9418581924,735525.8948970252,735525.8948970252,0.0,774663.8932930056,755637.616618351,0.0,0.0,0.0,0.0,0.0,24987.63402656789,1,0,1499.2622140943727,1799.780873292532,0.0,0.0,0.0,0.0,0.0,0.35,667.83231428256,-0.0,667.83231428256,26760.0,0.0
19.9,traction,1.0,0.0,11.360973609718219,0.6298402989640195,681366.7942472118,724858.291752353,737588.716181829,737588.716181829,0.0,776834.3615683037,757742.5334730946,0.0,0.0,0.0,0.0,0.0,24987.599261065465,1,0,1499.2601277377546,1799.780873292532,0.0,0.0,0.0,0.0,0.0,0.35,667.83231428256,-0.0,667.83231428256,26760.0,0.0
19.95,traction,1.0,0.0,11.392462189638925,0.6297715984141306,683266.6605369316,726879.4261031188,739651.3181146459,739651.3181146459,0.0,779004.6003401182,759847.2265004846,0.0,0.0,0.0,0.0,0.0,24987.56449913197,1,0,1499.2580415940733,1799.780873292532,0.0,0.0,0.0,0.0,0.0,0.35,667.83231428256,-0.0,667.83231428256,26760.0,0.0
20.0,coast,0.0,0.0,11.423947325386251,0.6297027149465251,685166.3236723575,728900.3443322952,741713.7001052233,741713.7001052233,0.0,781174.6089869981,761951.6950982249,0.0,0.0,0.0,0.0,0.0,24987.529740777394,1,0,1499.2559556639278,1799.780873292532,0.0,0.0,0.0,0.0,0.0,0.35,667.83231428256,-0.0,667.83231428256,26760.0,0.0
20.05,coast,0.0,0.0,11.455429007818433,0.629633648643626,687065.783110223,730921.0458619394,743775.8615635666,743775.8615635666,0.0,783344.3868877621,764055.9386642838,0.0,0.0,0.0,0.0,0.0,24987.494986011716,1,0,1499.2538699479182,1799.780873292532,0.0,0.0,0.0,0.0,0.0,0.35,667.83231428256,-0.0,667.83231428256,26760.0,0.0
20.1,coast,0.0,0.0,11.486907227797838,0.6295643995881051,688965.0383074996,732941.5301143613,745837.8018999383,745837.8018999383,0.0,785513.9334214964,766159.9565968912,0.0,0.0,0.0,0.0,0.0,24987.46023484491,1,0,1499.2517844466436,1799.780873292532,0.0,0.0,0.0,0.0,0.0,0.35,667.83231428256,-0.0,667.83231428256,26760.0,0.0
20.15,coast,0.0,0.0,11.518381976190986,0.6294949678629536,254154.5379501662,270377.16803209175,747899.5205248585,747899.5205248585,0.0,787683.2479675594,768263.7482945403,0.0,0.0,0.0,0.0,0.0,24987.42548728696,1,0,1499.249699160703,1799.780873292532,0.0,0.0,0.0,0.0,0.0,0.35,667.83231428256,-0.0,667.83231428256,26760.0,0.0
20.2,coast,0.0,0.0,11.549853243868546,0.6294253535511984,93755.15192487469,99739.52332433479,275895.06942050176,275895.06942050176,0.0,789852.3299055789,286627.2232324904,0.0,0.0,0.0,0.0,0.0,24987.39074334783,1,0,1499.2476140906947,1799.780873292532,0.0,0.0,0.0,0.0,0.0,0.35,667.83231428256,-0.0,667.83231428256,26760.0,0.0
20.25,coast,0.0,0.0,11.55981072896546,0.19914970193827486,34585.098990990504,36792.65850105373,101775.02380034163,101775.02380034163,0.0,792021.1786154549,108953.9544071548,0.0,0.0,0.0,0.0,0.0,24987.35600303749,1,0,1499.2455292372176,1799.780873292532,0.0,0.0,0.0,0.0,0.0,0.35,667.83231428256,-0.0,667.83231428256,26760.0,0.0
20.3,coast,0.0,0.0,11.561853915358189,0.04086372785458536,12757.909893903667,13572.244567982625,37543.529082707886,37543.529082707886,0.0,295490.75010910723,43411.70400792113,0.0,0.0,0.0,0.0,0.0,24987.321266365896,1,0,1499.2434446008697,1799.780873292532,0.0,0.0,0.0,0.0,0.0,0.35,667.83231428256,-0.0,667.83231428256,26760.0,0.0
20.35,coast,0.0,0.0,11.56098577480574,-0.01736281104896875,4697.419063856694,4997.254323251803,13849.229151002679,13849.229151002679,0.0,112323.19584259913,19233.88055577772,0.0,0.0,0.0,0.0,0.0,24995.269755630437,1,0,1499.2413601822493,1799.780873292532,0.0,0.0,0.0,0.0,0.0,0.35,667.83231428256,-0.0,667.83231428256,26760.0,0.0
20.4,coast,0.0,0.0,11.559046797843308,-0.03877953924863675,1728.3893374711624,1838.7120611395346,5099.239105358983,5099.239105358983,0.0,44768.44594431577,10305.33169969408,0.0,0.0,0.0,0.0,0.0,24998.201916969887,1,0,1499.2392759819536,1799.780873292532,0.0,0.0,0.0,0.0,0.0,0.35,667.83231428256,-0.0,667.83231428256,26760.0,0.0
20.45,coast,0.0,0.0,11.556714063046666,-0.04665469593284399,635.7911606002796,676.3735751066804,1876.2367970811579,1876.2367970811579,0.0,19837.3496275049,7018.800136900213,0.0,0.0,0.0,0.0,0.0,24999.283569309202,1,0,1499.7161853378261,1799.780873292532,0.0,0.0,0.0,0.0,0.0,0.35,667.83231428256,-0.0,667.83231428256,26760.0,0.0
20.5,coast,0.0,0.0,11.554236653639885,-0.049548188135624116,233.85526871709848,248.78220076287073,690.1771174557963,690.1771174557963,0.0,10629.139403830375,5806.984310662226,0.0,0.0,0.0,0.0,0.0,24999.68257957603,1,0,1499.8921150181932,1799.780873292532,0.0,0.0,0.0,0.0,0.0,0.35,667.83231428256,-0.0,667.83231428256,26760.0,0.0
20.55,coast,0.0,0.0,11.55170620215779,-0.0506090296418904,86.01318371972837,91.50338693588125,253.85938853354156,253.85938853354156,0.0,7237.153897454472,5463.962420538518,0.0,0.0,0.0,0.0,0.0,24999.82992889577,1,0,1499.957014158552,1799.7881005667975,0.0,0.0,0.0,0.0,0.0,0.35,667.83231428256,-0.0,667.83231428256,26760.0,0.0
20.6,coast,0.0,0.0,11.549156418264925,-0.05099567785730841,31.635698770605895,33.65499869213393,93.37080299579719,93.37080299579719,0.0,5986.971640670816,5380.931921406891,0.0,0.0,0.0,0.0,0.0,24999.884204067403,1,0,1499.9809547745617,1799.8010228348794,0.0,0.0,0.0,0.0,0.0,0.35,667.83231428256,-0.0,667.83231428256,26760.0,0.0
20.65,coast,0.0,0.0,11.54659970299327,-0.05113430543310926,11.63557436163141,12.378270597480224,34.34183540013667,34.34183540013667,0.0,5633.086286732435,5338.74131268249,0.0,0.0,0.0,0.0,0.0,24999.90420780209,1,0,1499.9897957337462,1799.8152192372027,0.0,0.0,0.0,0.0,0.0,0.35,667.83231428256,-0.0,667.83231428256,26760.0,0.0
20.7,coast,0.0,0.0,11.544040618367214,-0.05118169252110505,4.279543770592068,4.552706138927732,12.630888364775739,12.630888364775739,0.0,5547.4016749159,5312.462010389457,0.0,0.0,0.0,0.0,0.0,24999.909870201947,1,0,1499.993052244044,1799.8291264760542,0.0,0.0,0.0,0.0,0.0,0.35,667.83231428256,-0.0,667.83231428256,26760.0,0.0
20.75,coast,0.0,0.0,11.541480842601514,-0.05119551531400646,1.5740076448655649,1.6744762179420905,4.645618509109931,4.645618509109931,0.0,5503.874622924516,5292.859927712719,0.0,0.0,0.0,0.0,0.0,24999.911241233105,1,0,1499.9942524681253,1799.8422276774775,0.0,0.0,0.0,0.0,0.0,0.35,667.83231428256,-0.0,667.83231428256,26760.0,0.0
20.8,coast,0.0,0.0,11.538920993016697,-0.05119699169632952,0.5789167184492344,0.6158688494140792,1.708649201981725,1.708649201981725,0.0,5476.770882239893,5276.511028052473,0.0,0.0,0.0,0.0,0.0,24999.91193768855,1,0,1499.9945922121167,1799.8543889153889,0.0,0.0,0.0,0.0,0.0,0.35,667.83231428256,-0.0,667.83231428256,26760.0,0.0
20.85,coast,0.0,0.0,11.536361296652153,-0.05119392729088901,0.21292433455077522,0.2265152495221013,0.6284376014429379,0.6284376014429379,0.0,5456.558313656949,5261.952691972294,0.0,0.0,0.0,0.0,0.0,24999.91237135477,1,0,1499.9946744739862,1799.865602730146,0.0,0.0,0.0,0.0,0.0,0.35,667.83231428256,-0.0,667.83231428256,26760.0,0.0
20.9,coast,0.0,0.0,11.533801836970886,-0.05118919362534058,0.07831311184994286,0.08331182111696049,0.23113800971642995,0.23113800971642995,0.0,5439.702634998757,5248.822735143796,0.0,0.0,0.0,0.0,0.0,24999.91269475945,1,0,1499.994716261313,1799.8759205903668,0.0,0.0,0.0,0.0,0.0,0.35,667.83231428256,-0.0,667.83231428256,26760.0,0.0
20.95,coast,0.0,0.0,11.531242644617121,-0.05118384707529344,0.028803392905663312,0.030641907346450333,0.0850120623642454,0.0850120623642454,0.0,5424.69381227717,5236.919165007823,0.0,0.0,0.0,0.0,0.0,24999.912964452767,1,0,1499.994742281286,1799.8854108057124,0.0,0.0,0.0,0.0,0.0,0.35,667.83231428256,-0.0,667.83231428256,26760.0,0.0
21.0,coast,0.0,0.0,11.528683730804165,-0.05117827625912952,0.010593825215995435,0.011270026825527059,0.03126725239433707,0.03126725239433707,0.0,5411.157681151227,5226.035653995556,0.0,0.0,0.0,0.0,0.0,24999.913204595894,1,0,1499.9947616855668,1799.8941385684614,0.0,0.0,0.0,0.0,0.0,0.35,667.83231428256,-0.0,667.83231428256,26760.0,0.0
21.05,coast,0.0,0.0,11.5261250995971,-0.05117262414128021,0.003896385753922758,0.004145091227577402,0.011500027372986795,0.011500027372986795,0.0,5398.885917065042,5216.050541718285,0.0,0.0,0.0,0.0,0.0,24999.913421175683,1,0,1499.994777867166,1799.9021647002955,0.0,0.0,0.0,0.0,0.0,0.35,667.83231428256,-0.0,667.83231428256,26760.0,0.0
21.1,coast,0.0,0.0,11.523566752431353,-0.05116694331494642,0.0014330821259412696,0.0015245554531290104,0.00422968492609939,0.00422968492609939,0.0,5387.665779223888,5206.876946982043,0.0,0.0,0.0,0.0,0.0,24999.913617525424,1,0,1499.9947922757535,1799.909545447734,0.0,0.0,0.0,0.0,0.0,0.35,667.83231428256,-0.0,667.83231428256,26760.0,0.0
21.15,coast,0.0,0.0,11.521008689774972,-0.05116125312763842,0.000527084446605313,0.0005607281346865032,0.00155566882972348,0.00155566882972348,0.0,5377.371832966142,5198.444414536376,0.0,0.0,0.0,0.0,0.0,24999.913797048997,1,0,1499.9948052705408,1799.9163326630778,0.0,0.0,0.0,0.0,0.0,0.35,667.83231428256,-0.0,667.83231428256,26760.0,0.0
21.2,coast,0.0,0.0,11.51845091174014,-0.05115556069661409,0.00019386049269746962,0.00020623456669943577,0.0005721715660066359,0.0005721715660066359,0.0,5367.914505541946,5190.69111963883,0.0,0.0,0.0,0.0,0.0,24999.913961753384,1,0,1499.9948170515254,1799.9225740532522,0.0,0.0,0.0,0.0,0.0,0.35,667.83231428256,-0.0,667.83231428256,26760.0,0.0
21.25,coast,0.0,0.0,11.515893418308162,-0.05114986863958393,7.130145832736539e-05,7.585261524187808e-05,0.00021044343540758753,0.00021044343540758753,0.0,5359.221161797207,5183.561638057244,0.0,0.0,0.0,0.0,0.0,24999.91411307176,1,0,1499.99482782294,1799.9283134986429,0.0,0.0,0.0,0.0,0.0,0.35,667.83231428256,-0.0,667.83231428256,26760.0,0.0
21.3,coast,0.0,0.0,11.513336209412191,-0.0511441779194044,2.6224517248768043e-05,2.789842260507239e-05,7.740062779783478e-05,7.740062779783478e-05,0.0,5351.22806446217,5177.00561990312,0.0,0.0,0.0,0.0,0.0,24999.91425216631,1,0,1499.994837705203,1799.9335913620307,0.0,0.0,0.0,0.0,0.0,0.35,667.83231428256,-0.0,667.83231428256,26760.0,0.0
21.35,coast,0.0,0.0,11.510779284967706,-0.05113848888971262,9.645318681391363e-06,1.026097732062911e-05,2.8467778168441214e-05,2.8467778168441214e-05,0.0,5343.878074662592,5170.976879816157,0.0,0.0,0.0,0.0,0.0,24999.914380056824,1,0,1499.9948467843055,1799.9384447640894,0.0,0.0,0.0,0.0,0.0,0.35,667.83231428256,-0.0,667.83231428256,26760.0,0.0
21.4,coast,0.0,0.0,11.508222644883693,-0.05113280168025369,3.5475265109281556e-06,3.773964373327825e-06,1.0470385021050113e-05,1.0470385021050113e-05,0.0,5337.119285078133,5165.432989172933,0.0,0.0,0.0,0.0,0.0,24999.91449765754,1,0,1499.9948551299785,1799.9429078414444,0.0,0.0,0.0,0.0,0.0,0.35,667.83231428256,-0.0,667.83231428256,26760.0,0.0
21.45,coast,0.0,0.0,11.505666289066774,-0.05112711633838529,1.3047722373519648e-06,1.3880555716510265e-06,3.850984054416148e-06,3.850984054416148e-06,0.0,5330.904081818348,5160.334946773005,0.0,0.0,0.0,0.0,0.0,24999.914605798982,1,0,1499.9948628034094,1799.9470119856808,0.0,0.0,0.0,0.0,0.0,0.35,667.83231428256,-0.0,667.83231428256,26760.0,0.0
21.5,coast,0.0,0.0,11.503110217422723,-0.051121432881018336,4.798922697780689e-07,5.105236912532647e-07,1.4163832363785986e-06,1.4163832363785986e-06,0.0,5325.188723958577,5155.646894246506,0.0,0.0,0.0,0.0,0.0,24999.914705242976,1,0,1499.9948698594524,1799.9507860638182,0.0,0.0,0.0,0.0,0.0,0.35,667.83231428256,-0.0,667.83231428256,26760.0,0.0
21.55,coast,0.0,0.0,11.50055442985702,-0.05111575131405033,1.7650328411641944e-07,1.8776945118768025e-07,5.209425420951681e-07,5.209425420951681e-07,0.0,5319.933004016509,5151.3358588105275,0.0,0.0,0.0,0.0,0.0,24999.914796689383,1,0,1499.9948763479388,1799.954256621225,0.0,0.0,0.0,0.0,0.0,0.35,667.83231428256,-0.0,667.83231428256,26760.0,0.0
21.6,coast,0.0,0.0,11.49799892627505,-0.051110071639399735,6.491750440159169e-08,6.906117489531031e-08,1.9160148080375535e-07,1.9160148080375535e-07,0.0,5315.099954551361,5147.371519928688,0.0,0.0,0.0,0.0,0.0,24999.914880781525,1,0,1499.9948823145785,1799.957448068299,0.0,0.0,0.0,0.0,0.0,0.35,667.83231428256,-0.0,667.83231428256,26760.0,0.0
21.65,coast,0.0,0.0,11.495443706582195,-0.05110439385710208,2.3876509124696652e-08,2.5400541622017715e-08,7.047058662786766e-08,7.047058662786766e-08,0.0,5310.655582960638,5143.725995828268,0.0,0.0,0.0,0.0,0.0,24999.914958110894,1,0,1499.994887801363,1799.9603828521772,0.0,0.0,0.0,0.0,0.0,0.35,667.83231428256,-0.0,667.83231428256,26760.0,0.0
21.7,coast,0.0,0.0,11.492888770683846,-0.051098717966979734,8.78172503952878e-09,9.342260680349766e-09,2.5918920022467056e-08,2.5918920022467056e-08,0.0,5306.568630920691,5140.373647142234,0.0,0.0,0.0,0.0,0.0,24999.915029221367,1,0,1499.9948928468914,1799.9630816146473,0.0,0.0,0.0,0.0,0.0,0.35,667.83231428256,-0.0,667.83231428256,26760.0,0.0
21.75,coast,0.0,0.0,11.490334118485428,-0.051093043968357676,3.229898154798732e-09,3.436061866807162e-09,9.532919061581394e-09,9.532919061581394e-09,0.0,5302.8103543006855,5137.290896488231,0.0,0.0,0.0,0.0,0.0,24999.915094613083,1,0,1499.9948974866536,1799.9655633373518,0.0,0.0,0.0,0.0,0.0,0.35,667.83231428256,-0.0,667.83231428256,26760.0,0.0
21.8,coast,0.0,0.0,11.487779749892383,-0.051087371860916164,1.1879490402594672e-09,1.2637755747441141e-09,3.506185578374655e-09,3.506185578374655e-09,0.0,5299.354320731287,5134.456062610654,0.0,0.0,0.0,0.0,0.0,24999.915154745955,1,0,1499.994901753282,1799.9678454753184,0.0,0.0,0.0,0.0,0.0,0.35,667.83231428256,-0.0,667.83231428256,26760.0,0.0
21.85,coast,0.0,0.0,11.485225664810194,-0.05108170164376702,4.369248873243205e-10,4.6481370991948995e-10,1.2895669130041982e-09,1.2895669130041982e-09,0.0,5296.176223603328,5131.849207879127,0.0,0.0,0.0,0.0,0.0,24999.915210042902,1,0,1499.994905676785,1799.9699440797444,0.0,0.0,0.0,0.0,0.0,0.35,667.83231428256,-0.0,667.83231428256,26760.0,0.0
21.9,coast,0.0,0.0,11.482671863144372,-0.05107603331644839,1.6069995089864709e-10,1.7095739457302883e-10,4.742997039994796e-10,4.742997039994796e-10,0.0,5293.253711079989,5129.45199806522,0.0,0.0,0.0,0.0,0.0,24999.915260892834,1,0,1499.9949092847573,1799.9718739109082,0.0,0.0,0.0,0.0,0.0,0.35,667.83231428256,-0.0,667.83231428256,26760.0,0.0
21.95,coast,0.0,0.0,11.480118344800456,-0.05107036687832078,5.910506434558154e-11,6.287772802721441e-11,1.7444632099288657e-10,1.7444632099288657e-10,0.0,5290.5662288785015,5127.247573390157,0.0,0.0,0.0,0.0,0.0,24999.91530765338,1,0,1499.994912602574,1799.9736485419962,0.0,0.0,0.0,0.0,0.0,0.35,667.83231428256,-0.0,667.83231428256,26760.0,0.0
22.0,coast,0.0,0.0,11.477565109684024,-0.051064702328638134,2.1738703249287882e-11,2.312628005243392e-11,6.416094696654531e-11,6.416094696654531e-11,0.0,5288.094875709875,5125.2204299504,0.0,0.0,0.0,0.0,0.0,24999.915350653413,1,0,1499.99491565357,1799.975280454579,0.0,0.0,0.0,0.0,0.0,0.35,667.83231428256,-0.0,667.83231428256,26760.0,0.0
22.05,coast,0.0,0.0,11.475012157700673,-0.05105903966700964,7.995443579674574e-12,8.505791042206994e-12,2.3598244951463183e-11,2.3598244951463183e-11,0.0,5285.822270338198,5123.3563106762585,0.0,0.0,0.0,0.0,0.0,24999.915390195358,1,0,1499.9949184592028,1799.9767811264082,0.0,0.0,0.0,0.0,0.0,0.35,667.83231428256,-0.0,667.83231428256,26760.0,0.0
22.1,coast,0.0,0.0,11.472459488756046,-0.05105337889254713,2.9407051431445645e-12,3.128409726749537e-12,8.679378614496932e-12,8.679378614496932e-12,0.0,5283.732429338812,5121.642105060714,0.0,0.0,0.0,0.0,0.0,24999.915426557312,1,0,1499.9949210392047,1799.97816111215,0.0,0.0,0.0,0.0,0.0,0.35,667.83231428256,-0.0,667.83231428256,26760.0,0.0
22.15,coast,0.0,0.0,11.469907102755807,-0.051047720004788744,1.0815843346492858e-12,1.1506216326056233e-12,3.192254823213813e-12,3.192254823213813e-12,0.0,5281.81065468436,5120.065756951241,0.0,0.0,0.0,0.0,0.0,24999.915459995012,1,0,1499.9949234117214,1799.9794301176269,0.0,0.0,0.0,0.0,0.0,0.35,667.83231428256,-0.0,667.83231428256,26760.0,0.0
22.2,coast,0.0,0.0,11.467354999605654,-0.05104206300305947,3.9780412757258137e-13,4.231958803963632e-13,1.174103706740432e-12,1.174103706740432e-12,0.0,5280.043430372301,5118.616179759411,0.0,0.0,0.0,0.0,0.0,24999.915490743635,1,0,1499.9949255934387,1799.9805970680868,0.0,0.0,0.0,0.0,0.0,0.35,667.83231428256,-0.0,667.83231428256,26760.0,0.0
22.25,coast,0.0,0.0,11.46480317921132,-0.05103640788668429,1.4631140162941422e-13,1.556504272653343e-13,4.3183253101669714e-13,4.3183253101669714e-13,0.0,5278.418327364808,5117.2831784875225,0.0,0.0,0.0,0.0,0.0,24999.915519019432,1,0,1499.9949275997008,1799.981670170981,0.0,0.0,0.0,0.0,0.0,0.35,667.83231428256,-0.0,667.83231428256,26760.0,0.0
22.3,coast,0.0,0.0,11.462251641478566,-0.05103075465505924,5.381298038648347e-14,5.724785147498241e-14,1.5882696659727988e-13,1.5882696659727988e-13,0.0,5276.923916175876,5116.0573780262275,0.0,0.0,0.0,0.0,0.0,24999.915545021275,1,0,1499.994929444618,1799.9826569736929,0.0,0.0,0.0,0.0,0.0,0.35,667.83231428256,-0.0,667.83231428256,26760.0,0.0
22.35,coast,0.0,0.0,11.459700386313186,-0.05102510330761589,1.97922838125721e-14,2.1055621077204362e-14,5.841617497447185e-14,5.841617497447185e-14,0.0,5275.549686486309,5114.930157217896,0.0,0.0,0.0,0.0,0.0,24999.91556893203,1,0,1499.9949311411658,1799.9835644166255,0.0,0.0,0.0,0.0,0.0,0.35,667.83231428256,-0.0,667.83231428256,26760.0,0.0
22.4,coast,0.0,0.0,11.457149413621003,-0.0510194538436437,7.27955385405555e-15,7.74420622771867e-15,2.148532762980037e-14,2.148532762980037e-14,0.0,5274.285973223644,5113.893588224189,0.0,0.0,0.0,0.0,0.0,24999.915590919867,1,0,1499.9949327012764,1799.9843988820169,0.0,0.0,0.0,0.0,0.0,0.35,667.83231428256,-0.0,667.83231428256,26760.0,0.0
22.45,coast,0.0,0.0,11.454598723307875,-0.051013806262574235,2.677402137958879e-15,2.848300146764765e-15,7.902251252774152e-15,7.902251252774152e-15,0.0,5273.1238885861585,5112.940380768247,0.0,0.0,0.0,0.0,0.0,24999.915611139426,1,0,1499.9949341359218,1799.9851662388294,0.0,0.0,0.0,0.0,0.0,0.35,667.83231428256,-0.0,667.83231428256,26760.0,0.0
22.5,coast,0.0,0.0,11.452048315279685,-0.05100816056380353,9.847419462108614e-16,1.0475978151179378e-15,2.9064287211885357e-15,2.9064287211885357e-15,0.0,5272.055259535137,5112.063830862827,0.0,0.0,0.0,0.0,0.0,24999.915629732917,1,0,1499.994935455192,1799.9858718840296,0.0,0.0,0.0,0.0,0.0,0.35,667.83231428256,-0.0,667.83231428256,26760.0,0.0
22.55,coast,0.0,0.0,11.44949818944235,-0.051002516746692095,3.621856659898933e-16,3.8530389998924823e-16,1.0689773623652426e-15,1.0689773623652426e-15,0.0,5271.072570312517,5111.257773658102,0.0,0.0,0.0,0.0,0.0,24999.91564683111,1,0,1499.9949366683654,1799.9865207805503,0.0,0.0,0.0,0.0,0.0,0.35,667.83231428256,-0.0,667.83231428256,26760.0,0.0
22.6,coast,0.0,0.0,11.446948345701824,-0.05099687481052939,1.3321099388747441e-16,1.4171382328454726e-16,3.9316724488698797e-16,3.9316724488698797e-16,0.0,5270.168909583235,5110.516540086252,0.0,0.0,0.0,0.0,0.0,24999.915662554253,1,0,1499.994937783975,1799.9871174921936,0.0,0.0,0.0,0.0,0.0,0.35,667.83231428256,-0.0,667.83231428256,26760.0,0.0
22.65,coast,0.0,0.0,11.444398783964084,-0.05099123475478251,4.899467349500024e-17,5.212199307978749e-17,1.4460594212708904e-16,1.4460594212708904e-16,0.0,5269.3379218246555,5109.834916990178,0.0,0.0,0.0,0.0,0.0,24999.91567701293,1,0,1499.9949388098664,1799.9876662157321,0.0,0.0,0.0,0.0,0.0,0.35,667.83231428256,-0.0,667.83231428256,26760.0,0.0
22.7,coast,0.0,0.0,11.441849504135147,-0.05098559657874091,1.80201190675289e-17,1.9170339433541386e-17,5.318570722427295e-17,5.318570722427295e-17,0.0,5268.573762630202,5109.208110457216,0.0,0.0,0.0,0.0,0.0,24999.915690308833,1,0,1499.994939753255,1799.9881708104272,0.0,0.0,0.0,0.0,0.0,0.35,667.83231428256,-0.0,667.83231428256,26760.0,0.0
22.75,coast,0.0,0.0,11.439300506121054,-0.050979960281871683,6.62775481359484e-18,7.050802993186e-18,1.9561570850552433e-17,1.9561570850552433e-17,0.0,5267.871057604914,5108.631712104015,0.0,0.0,0.0,0.0,0.0,24999.91570253547,1,0,1499.9949406207757,1799.9886348251712,0.0,0.0,0.0,0.0,0.0,0.35,667.83231428256,-0.0,667.83231428256,26760.0,0.0
22.8,coast,0.0,0.0,11.436751789827875,-0.05097432586357087,2.4376716161920197e-18,2.593267676800021e-18,7.194696931822449e-18,7.194696931822449e-18,0.0,5267.224864565091,5108.101668073027,0.0,0.0,0.0,0.0,0.0,24999.91571377883,1,0,1499.9949414185298,1799.9890615234488,0.0,0.0,0.0,0.0,0.0,0.35,667.83231428256,-0.0,667.83231428256,26760.0,0.0
22.85,coast,0.0,0.0,11.434203355161722,-0.05096869332305687,8.96569491015324e-19,9.53797330867366e-19,2.646191506938797e-18,2.646191506938797e-18,0.0,5266.630638780391,5107.614250520435,0.0,0.0,0.0,0.0,0.0,24999.915724117996,1,0,1499.994942152128,1799.98945390629,0.0,0.0,0.0,0.0,0.0,0.35,667.83231428256,-0.0,667.83231428256,26760.0,0.0
22.9,coast,0.0,0.0,11.431655202028727,-0.05096306265990336,3.2975599615982774e-19,3.5080425123385933e-19,9.732625825177204e-19,9.732625825177204e-19,0.0,5266.084201011419,5107.166031397157,0.0,0.0,0.0,0.0,0.0,24999.91573362568,1,0,1499.9949428267298,1799.9898147333784,0.0,0.0,0.0,0.0,0.0,0.35,667.83231428256,-0.0,667.83231428256,26760.0,0.0
22.95,coast,0.0,0.0,11.429107330335059,-0.050957433873364266,1.2128342015979302e-19,1.290249150636096e-19,3.579635216672034e-19,3.579635216672034e-19,0.0,5265.581708115803,5106.753858341165,0.0,0.0,0.0,0.0,0.0,24999.915742368747,1,0,1499.9949434470798,1799.9901465424584,0.0,0.0,0.0,0.0,0.0,0.35,667.83231428256,-0.0,667.83231428256,26760.0,0.0
23.0,coast,0.0,0.0,11.426559739986919,-0.050951806962800106,4.4607733622807366e-20,4.7455035768944007e-20,1.3165807659552e-19,1.3165807659552e-19,0.0,5265.119626018263,5106.374832504703,0.0,0.0,0.0,0.0,0.0,24999.915750408694,1,0,1499.9949440175408,1799.9904516671877,0.0,0.0,0.0,0.0,0.0,0.35,667.83231428256,-0.0,667.83231428256,26760.0,0.0
23.05,coast,0.0,0.0,11.424012430890537,-0.05094618192764244,1.6406610618944464e-20,1.7453841083983473e-20,4.842350588667756e-20,4.842350588667756e-20,0.0,5264.694704857307,5106.02628816715,0.0,0.0,0.0,0.0,0.0,24999.91575780206,1,0,1499.9949445421248,1799.9907322535462,0.0,0.0,0.0,0.0,0.0,0.35,667.83231428256,-0.0,667.83231428256,26760.0,0.0
23.1,coast,0.0,0.0,11.421465402952172,-0.050940558767287314,6.034309376220648e-21,6.4194780598092006e-21,1.7810041922432116e-20,1.7810041922432116e-20,0.0,5264.303956126665,5105.705773986604,0.0,0.0,0.0,0.0,0.0,24999.91576460085,1,0,1499.9949450245217,1799.990990274933,0.0,0.0,0.0,0.0,0.0,0.35,667.83231428256,-0.0,667.83231428256,26760.0,0.0
23.15,coast,0.0,0.0,11.418918656078121,-0.05093493748102418,2.2194034819318976e-21,2.361067533970104e-21,6.5504878161318376e-21,6.5504878161318376e-21,0.0,5263.944631657601,5105.411035760891,0.0,0.0,0.0,0.0,0.0,24999.915770852876,1,0,1499.9949454681237,1799.9912275460429,0.0,0.0,0.0,0.0,0.0,0.35,667.83231428256,-0.0,667.83231428256,26760.0,0.0
23.2,coast,0.0,0.0,11.416372190174704,-0.050929318068355656,8.162908768602832e-22,8.683945498513651e-22,2.4092525856837795e-21,2.4092525856837795e-21,0.0,5263.614204290616,5105.1400005701435,0.0,0.0,0.0,0.0,0.0,24999.91577660211,1,0,1499.994945876051,1799.9914457356317,0.0,0.0,0.0,0.0,0.0,0.35,667.83231428256,-0.0,667.83231428256,26760.0,0.0
23.25,coast,0.0,0.0,11.413826005148273,-0.05092370052860673,3.002296717716655e-22,3.1939326784219736e-22,8.861168876034337e-22,8.861168876034337e-22,0.0,5263.310350103281,5104.890762202095,0.0,0.0,0.0,0.0,0.0,24999.915781888987,1,0,1499.9949462511725,1799.9916463782515,0.0,0.0,0.0,0.0,0.0,0.35,667.83231428256,-0.0,667.83231428256,26760.0,0.0
23.3,coast,0.0,0.0,11.411280100905222,-0.05091808486103133,1.1042369344320214e-22,1.1747201430127888e-22,3.2591149779816057e-22,3.2591149779816057e-22,0.0,5263.030932062361,5104.661567741952,0.0,0.0,0.0,0.0,0.0,24999.91578675069,1,0,1499.9949465961265,1799.9918308850445,0.0,0.0,0.0,0.0,0.0,0.35,667.83231428256,-0.0,667.83231428256,26760.0,0.0
23.35,coast,0.0,0.0,11.408734477351956,-0.05091247106530972,4.061354660612803e-23,4.320590064481706e-23,1.1986940234824377e-22,1.1986940234824377e-22,0.0,5262.77398499832,5104.450805246016,0.0,0.0,0.0,0.0,0.0,24999.91579122141,1,0,1499.9949469133392,1799.9920005536674,0.0,0.0,0.0,0.0,0.0,0.35,667.83231428256,-0.0,667.83231428256,26760.0,0.0
23.4,coast,0.0,0.0,11.406189134394934,-0.050906859140447125,1.4937556198286895e-23,1.5891017232220103e-23,4.408765371920108e-23,4.408765371920108e-23,0.0,5262.5377017804385,5104.256992404062,0.0,0.0,0.0,0.0,0.0,24999.915795332596,1,0,1499.9949472050414,1799.9921565774177,0.0,0.0,0.0,0.0,0.0,0.35,667.83231428256,-0.0,667.83231428256,26760.0,0.0
23.45,coast,0.0,0.0,11.403644071940628,-0.05090124908612381,5.4939939553709555e-24,5.8446744206074e-24,1.6215323706347045e-23,1.6215323706347045e-23,0.0,5262.320420609191,5104.07876611421,0.0,0.0,0.0,0.0,0.0,24999.915799113154,1,0,1499.9949474732846,1799.9923000536269,0.0,0.0,0.0,0.0,0.0,0.35,667.83231428256,-0.0,667.83231428256,26760.0,0.0
23.5,coast,0.0,0.0,11.401099289895548,-0.05089564090159371,2.0206765029536703e-24,2.1496558542060324e-24,5.963953490415714e-24,5.963953490415714e-24,0.0,5262.120613327957,5103.914872895707,0.0,0.0,0.0,0.0,0.0,24999.915802589676,1,0,1499.9949477199557,1799.9924319913778,0.0,0.0,0.0,0.0,0.0,0.35,667.83231428256,-0.0,667.83231428256,26760.0,0.0
23.55,coast,0.0,0.0,11.398554788166239,-0.0508900345861818,7.431994756203068e-25,7.906377400216031e-25,2.19352638184289e-24,2.19352638184289e-24,0.0,5261.936874675463,5103.764160074786,0.0,0.0,0.0,0.0,0.0,24999.91580578662,1,0,1499.9949479467891,1799.992553318602,0.0,0.0,0.0,0.0,0.0,0.35,667.83231428256,-0.0,667.83231428256,26760.0,0.0
23.6,coast,0.0,0.0,11.396010566659267,-0.05088443013942623,2.7334679540635696e-25,2.907944631982521e-25,8.067732041036766e-25,8.067732041036766e-25,0.0,5261.767912402032,5103.625567674025,0.0,0.0,0.0,0.0,0.0,24999.91580872646,1,0,1499.9949481553806,1799.992664888607,0.0,0.0,0.0,0.0,0.0,0.35,667.83231428256,-0.0,667.83231428256,26760.0,0.0
23.65,coast,0.0,0.0,11.39346662528124,-0.0508788275605454,1.0053622361822305e-25,1.0695342938108835e-25,2.967290440798491e-25,2.967290440798491e-25,0.0,5261.61253818284,5103.498120962742,0.0,0.0,0.0,0.0,0.0,24999.915811429873,1,0,1499.9949483471971,1799.9927674860744,0.0,0.0,0.0,0.0,0.0,0.35,667.83231428256,-0.0,667.83231428256,26760.0,0.0
23.7,coast,0.0,0.0,11.390922963938788,-0.05087322684904194,3.697695445542364e-26,3.9337185590876215e-26,1.0913615242968199e-25,1.0913615242968199e-25,0.0,5261.469659256405,5103.380923597397,0.0,0.0,0.0,0.0,0.0,24999.91581391588,1,0,1499.9949485235875,1799.9928618325837,0.0,0.0,0.0,0.0,0.0,0.35,667.83231428256,-0.0,667.83231428256,26760.0,0.0
23.75,coast,0.0,0.0,11.388379582538576,-0.05086762800424083,1.3600024718035755e-26,1.44681114021657e-26,4.0139985296812463e-26,4.0139985296812463e-26,0.0,5261.338270744592,5103.273151317943,0.0,0.0,0.0,0.0,0.0,24999.91581620196,1,0,1499.9949486857925,1799.992948591682,0.0,0.0,0.0,0.0,0.0,0.35,667.83231428256,-0.0,667.83231428256,26760.0,0.0
23.8,coast,0.0,0.0,11.385836480987303,-0.05086203102546705,5.0020525048964586e-27,5.321332452017509e-27,1.4763378981801733e-26,1.4763378981801733e-26,0.0,5261.21744858084,5103.174046153977,0.0,0.0,0.0,0.0,0.0,24999.91581830419,1,0,1499.9949488349528,1799.9930283735548,0.0,0.0,0.0,0.0,0.0,0.35,667.83231428256,-0.0,667.83231428256,26760.0,0.0
23.85,coast,0.0,0.0,11.383293659191692,-0.05085643591222322,1.83974140840615e-27,1.9571717110703726e-27,5.4299310734872544e-27,5.4299310734872544e-27,0.0,5261.1063430115555,5103.082911090817,0.0,0.0,0.0,0.0,0.0,24999.91582023736,1,0,1499.9949489721175,1799.9931017393155,0.0,0.0,0.0,0.0,0.0,0.35,667.83231428256,-0.0,667.83231428256,26760.0,0.0
23.9,coast,0.0,0.0,11.3807511170585,-0.05085084266383433,6.766519065654802e-28,7.198424537930641e-28,1.9971139908881352e-27,1.9971139908881352e-27,0.0,5261.004172623057,5102.999105167192,0.0,0.0,0.0,0.0,0.0,24999.91582201506,1,0,1499.9949490982515,1799.9931692049524,0.0,0.0,0.0,0.0,0.0,0.35,667.83231428256,-0.0,667.83231428256,26760.0,0.0
23.95,coast,0.0,0.0,11.378208854494515,-0.05084525127969641,2.4887073203727223e-28,2.6475609791199177e-28,7.345331161153715e-28,7.345331161153715e-28,0.0,5260.910218842691,5102.922038968896,0.0,0.0,0.0,0.0,0.0,24999.9158236498,1,0,1499.9949492142414,1799.9932312449578,0.0,0.0,0.0,0.0,0.0,0.35,667.83231428256,-0.0,667.83231428256,26760.0,0.0
24.0,coast,0.0,0.0,11.375666871406558,-0.05083966175913446,9.153397647325601e-29,9.73765707162298e-29,2.701592835836651e-28,2.701592835836651e-28,0.0,5260.823820884888,5102.851170483374,0.0,0.0,0.0,0.0,0.0,24999.91582515307,1,0,1499.9949493209035,1799.9932882956646,0.0,0.0,0.0,0.0,0.0,0.35,667.83231428256,-0.0,667.83231428256,26760.0,0.0
24.05,coast,0.0,0.0,11.373125167701478,-0.050834074101615556,3.3665946043987236e-29,3.58148362170077e-29,9.936384766962227e-29,9.936384766962227e-29,0.0,5260.744371105444,5102.78600128671,0.0,0.0,0.0,0.0,0.0,24999.91582653545,1,0,1499.994949418988,1799.9933407583155,0.0,0.0,0.0,0.0,0.0,0.35,667.83231428256,-0.0,667.83231428256,26760.0,0.0
24.1,coast,0.0,0.0,11.370583743286154,-0.05082848830646469,1.2382242506763821e-29,1.3172598411450874e-29,3.6545751241844593e-29,3.6545751241844593e-29,0.0,5260.671310727888,5102.7260730385115,0.0,0.0,0.0,0.0,0.0,24999.915827806653,1,0,1499.9949495091842,1799.9933890018851,0.0,0.0,0.0,0.0,0.0,0.35,667.83231428256,-0.0,667.83231428256,26760.0,0.0
24.15,coast,0.0,0.0,11.368042598067502,-0.05082290437304238,4.554154676257207e-30,4.844845400273624e-30,1.3441426950460075e-29,1.3441426950460075e-29,0.0,5260.604125912551,5102.670964257711,0.0,0.0,0.0,0.0,0.0,24999.91582897563,1,0,1499.9949495921269,1799.9934333656754,0.0,0.0,0.0,0.0,0.0,0.35,667.83231428256,-0.0,667.83231428256,26760.0,0.0
24.2,coast,0.0,0.0,11.36550173195246,-0.05081732230085123,1.6750054990046096e-30,1.7819207436219252e-30,4.9437197961975756e-30,4.9437197961975756e-30,0.0,5260.542344143025,5102.620287360699,0.0,0.0,0.0,0.0,0.0,24999.915830050595,1,0,1499.9949496683992,1799.9934741617005,0.0,0.0,0.0,0.0,0.0,0.35,667.83231428256,-0.0,667.83231428256,26760.0,0.0
24.25,coast,0.0,0.0,11.362961144847999,-0.05081174208921624,6.1606237598156276e-31,6.553855063633646e-31,1.8182864730835972e-30,1.8182864730835972e-30,0.0,5260.485530902246,5102.573685931318,0.0,0.0,0.0,0.0,0.0,24999.91583103911,1,0,1499.9949497385378,1799.9935116768822,0.0,0.0,0.0,0.0,0.0,0.35,667.83231428256,-0.0,667.83231428256,26760.0,0.0
24.3,coast,0.0,0.0,11.360420836661127,-0.05080616373742686,2.2658602713931673e-31,2.410489650418263e-31,6.687607207789436e-31,6.687607207789436e-31,0.0,5260.4332866190325,5102.5308322191095,0.0,0.0,0.0,0.0,0.0,24999.91583194813,1,0,1499.9949498030358,1799.9935461750686,0.0,0.0,0.0,0.0,0.0,0.35,667.83231428256,-0.0,667.83231428256,26760.0,0.0
24.35,coast,0.0,0.0,11.357880807298876,-0.050800587245021234,8.333770798395945e-32,8.865713615314835e-32,2.4596833167533297e-31,2.4596833167533297e-31,0.0,5260.385243853625,5102.491424829616,0.0,0.0,0.0,0.0,0.0,24999.915832784045,1,0,1499.9949498623466,1799.9935778988884,0.0,0.0,0.0,0.0,0.0,0.35,667.83231428256,-0.0,667.83231428256,26760.0,0.0
24.4,coast,0.0,0.0,11.355341056668312,-0.050795012611288826,3.0651375475480663e-32,3.2607846250511343e-32,9.046646546239628e-32,9.046646546239628e-32,0.0,5260.341064718568,5102.4551866069405,0.0,0.0,0.0,0.0,0.0,24999.91583355273,1,0,1499.9949499168877,1799.993607071458,0.0,0.0,0.0,0.0,0.0,0.35,667.83231428256,-0.0,667.83231428256,26760.0,0.0
24.45,coast,0.0,0.0,11.352801584676532,-0.050789439835590144,1.1273489724565396e-32,1.1993074175069571e-32,3.327331250052178e-32,3.327331250052178e-32,0.0,5260.300438497574,5102.421862685358,0.0,0.0,0.0,0.0,0.0,24999.915834259606,1,0,1499.9949499670427,1799.9936338979505,0.0,0.0,0.0,0.0,0.0,0.35,667.83231428256,-0.0,667.83231428256,26760.0,0.0
24.5,coast,0.0,0.0,11.350262391230663,-0.05078386891739228,4.14635772006206e-33,4.411018851129851e-33,1.2237830790887317e-32,1.2237830790887317e-32,0.0,5260.2630794625875,5102.391218694981,0.0,0.0,0.0,0.0,0.0,24999.91583490963,1,0,1499.9949500131638,1799.9936585670391,0.0,0.0,0.0,0.0,0.0,0.35,667.83231428256,-0.0,667.83231428256,26760.0,0.0
24.55,coast,0.0,0.0,11.34772347623786,-0.05077829985605575,1.5250186343970213e-33,1.6223602493585334e-33,4.5010396440100524e-33,4.5010396440100524e-33,0.0,5260.228724865139,5102.363039113537,0.0,0.0,0.0,0.0,0.0,24999.915835507378,1,0,1499.9949500555763,1799.9936812522235,0.0,0.0,0.0,0.0,0.0,0.35,667.83231428256,-0.0,667.83231428256,26760.0,0.0
24.6,coast,0.0,0.0,11.345184839605313,-0.050772732650941066,5.608975233160526e-34,5.966994928894177e-34,1.655469642202585e-33,1.655469642202585e-33,0.0,5260.197133086513,5102.337125752361,0.0,0.0,0.0,0.0,0.0,24999.915836057055,1,0,1499.9949500945777,1799.9937021130506,0.0,0.0,0.0,0.0,0.0,0.35,667.83231428256,-0.0,667.83231428256,26760.0,0.0
24.65,coast,0.0,0.0,11.342646481240237,-0.050767167301515315,2.062965110988294e-34,2.19464373509393e-34,6.088770335606303e-34,6.088770335606303e-34,0.0,5260.168081938545,5102.313296359822,0.0,0.0,0.0,0.0,0.0,24999.915836562526,1,0,1499.9949501304427,1799.9937212962366,0.0,0.0,0.0,0.0,0.0,0.35,667.83231428256,-0.0,667.83231428256,26760.0,0.0
24.7,coast,0.0,0.0,11.340108401049887,-0.0507616038069969,7.587526711425942e-35,8.071836927048874e-35,2.239432382748908e-34,2.239432382748908e-34,0.0,5260.141367102792,5102.291383342523,0.0,0.0,0.0,0.0,0.0,24999.91583702735,1,0,1499.9949501634233,1799.9937389366985,0.0,0.0,0.0,0.0,0.0,0.35,667.83231428256,-0.0,667.83231428256,26760.0,0.0
24.75,coast,0.0,0.0,11.337570598941538,-0.05075604216699503,2.790670565380135e-35,2.9687984738086546e-35,8.236568292907014e-35,8.236568292907014e-35,0.0,5260.116800690761,5102.271232583737,0.0,0.0,0.0,0.0,0.0,24999.91583745479,1,0,1499.9949501937515,1799.9937551585028,0.0,0.0,0.0,0.0,0.0,0.35,667.83231428256,-0.0,667.83231428256,26760.0,0.0
24.8,coast,0.0,0.0,11.335033074822503,-0.050750482380692574,1.0264006047928551e-35,1.0919155370136756e-35,3.0293861977639335e-35,3.0293861977639335e-35,0.0,5260.094209925557,5102.252702361605,0.0,0.0,0.0,0.0,0.0,24999.915837847857,1,0,1499.994950221641,1799.9937700757393,0.0,0.0,0.0,0.0,0.0,0.35,667.83231428256,-0.0,667.83231428256,26760.0,0.0
24.85,coast,0.0,0.0,11.332495828600125,-0.05074492444755663,3.77507179691952e-36,4.016033826510128e-36,1.114199527564975e-35,1.114199527564975e-35,0.0,5260.073435923777,5102.235662352281,0.0,0.0,0.0,0.0,0.0,24999.915838209312,1,0,1499.9949502472875,1799.993783793322,0.0,0.0,0.0,0.0,0.0,0.35,667.83231428256,-0.0,667.83231428256,26760.0,0.0
24.9,coast,0.0,0.0,11.32995886018177,-0.05073936836708981,1.3884604744786378e-36,1.477085611147487e-36,4.0979937005205394e-36,4.0979937005205394e-36,0.0,5260.05433258024,5102.219992711088,0.0,0.0,0.0,0.0,0.0,24999.915838541696,1,0,1499.9949502708714,1799.9937964077283,0.0,0.0,0.0,0.0,0.0,0.35,667.83231428256,-0.0,667.83231428256,26760.0,0.0
24.95,coast,0.0,0.0,11.327422169474849,-0.05073381413843947,5.106717285277679e-37,5.432677963061361e-37,1.5072302154566195e-36,1.5072302154566195e-36,0.0,5260.036765540317,5102.205583232267,0.0,0.0,0.0,0.0,0.0,24999.91583884735,1,0,1499.9949502925588,1799.9938080076756,0.0,0.0,0.0,0.0,0.0,0.35,667.83231428256,-0.0,667.83231428256,26760.0,0.0
25.0,braking,0.0,1.2,11.324885756386784,-0.050728261761285864,1.8782357325461664e-37,1.9981231197299644e-37,5.543548941899348e-37,5.543548941899348e-37,0.0,5260.020611252653,5102.192332572864,96000.0,0.0,0.0,0.0,-96000.0,24999.91583912843,1,0,1499.9949503125017,1799.993818674748,0.0,0.0,0.0,0.0,0.0,0.35,667.83231428256,-0.0,667.83231428256,26760.0,0.0
25.05,braking,0.0,1.2,11.322349620825046,-0.05072271123477634,6.908096100786735e-38,7.349038405092272e-38,2.0389011425815964e-37,2.0389011425815964e-37,0.0,5260.005756102936,5102.180147539803,96000.0,0.0,17401.847704513755,17401.847704513755,-78598.15229548624,24999.915839386897,1,0,1499.994950330841,1799.9938284839673,0.0,0.0,0.0,0.0,0.0,0.35,667.83231428256,-0.0,667.83231428256,26760.0,0.0
25.1,braking,0.0,1.2,11.309585790706787,-0.25527660236516425,2.540777480024222e-38,2.702954765983215e-38,7.4990187807064e-38,7.4990187807064e-38,0.0,5259.992095613773,5102.168942434539,96000.0,0.0,31649.27558057865,31649.27558057865,-64350.72441942135,24999.91583962458,1,0,1499.9949503477058,1799.993837504323,0.0,0.0,0.0,0.0,0.0,0.35,667.83231428256,-0.0,667.83231428256,26760.0,0.0
25.15,braking,0.0,1.2,11.288449399602293,-0.4227278220898967,9.344904794645242e-39,9.941388079409833e-39,2.758117108146138e-38,2.758117108146138e-38,0.0,5259.979533709718,5102.158638452175,96000.0,0.0,43314.08293497349,43314.08293497349,-52685.91706502651,24999.91583984315,1,0,1499.9949503632138,1799.9938457992557,0.0,0.0,0.0,0.0,0.0,0.35,667.83231428256,-0.0,667.83231428256,26760.0,0.0
25.2,braking,0.0,1.2,11.26045929829216,-0.5598020262026537,-137655.59974183634,-128019.7077599078,1.0144273550418197e-38,1.0144273550418197e-38,0.0,5259.967982041654,5102.149163121573,96000.0,0.0,52864.41944474675,52864.41944474675,-43135.58055525325,24999.915840044145,1,0,1499.9949503774747,1799.9938534271048,0.0,0.0,0.0,0.0,0.0,0.35,667.83231428256,-0.0,667.83231428256,26760.0,0.0
25.25,braking,0.0,1.2,11.226859011151559,-0.6720057428120185,-244181.94902196407,-227089.21259042658,-124110.28872723963,0.0,124110.28872723963,5259.957359367331,5102.140449803243,96000.0,11684.722871172833,60683.57364754156,72368.2965187144,-23631.7034812856,24999.915840228972,1,0,1499.9949503905889,1799.9938604415174,124110.28872723965,0.0,0.0,0.0,0.0,0.35,667.83231428256,-0.0,667.83231428256,26760.0,0.0
25.3,braking,0.0,1.2,11.181798920462619,-0.9012018137788047,-326357.4897197415,-303512.4654393596,-220154.4452382028,0.0,220154.4452382028,5259.947590974146,5102.1324372155805,96000.0,20765.88756905304,64967.27474107863,85733.16231013168,-10266.83768986832,24999.915840398935,1,0,1499.9949504026486,1799.9938668918264,220154.4452382028,0.0,0.0,0.0,0.0,0.35,667.83231428256,-0.0,667.83231428256,26760.0,0.0
25.35,braking,0.0,1.2,11.128888467130098,-1.058209066650413,-389523.1639646753,-362256.542487148,-294243.91273131897,0.0,294243.91273131897,5259.938608161518,5102.125069005424,96000.0,27823.30470112081,66828.33667739165,94651.64137851246,-1348.3586214875395,24999.91584055523,1,0,1499.9949504137383,1799.9938728233976,294243.91273131897,0.0,0.0,124110.28872723965,119145.87717815005,0.35015957037122053,667.8992135104544,-178.3890065567282,675.0347737727235,26765.36156447301,2.9786469294537516
25.4,braking,0.0,1.2,11.070741846455705,-1.1629324134878516,-437511.6193929673,-406885.8060354596,-351194.0846305512,0.0,351194.0846305512,5259.93034775246,5102.118293351501,96000.0,33307.823411218946,67072.7526292895,100380.57604050846,4380.576040508458,24999.915840698955,1,0,1499.994950423936,1799.993878277948,351194.0846305512,0.0,0.0,220154.4452382028,211348.26742867468,0.35046035612777343,668.0252984966611,-316.3776400449167,680.6804040984578,26775.467965893185,11.24100054462437
25.45,braking,0.0,1.2,11.009234251477524,-1.230151899563623,-473621.13464158995,-440467.6552166787,-394460.4760446993,0.0,394460.4760446993,5259.922751650866,5102.112062599732,96000.0,37562.037880025804,62692.176588781054,100254.21446880687,4254.214468806866,24999.915840831123,1,0,1499.9949504333138,1799.9938832938399,394460.4760446993,0.0,0.0,294243.91273131897,282474.1562220662,0.3508701203648907,668.1970273836444,-422.7408154270104,685.1066600007248,26789.236044260328,23.586561135892893
25.5,braking,0.0,1.2,10.947807471777496,-1.2285355940005616,-500616.8212850324,-465573.64379508013,-427016.8149928575,0.0,427016.8149928575,5259.915766432685,5102.106332929232,96000.0,40855.498785781034,58437.962119974196,99293.46090575523,3293.4609057552298,24999.915840952664,1,0,1499.9949504419374,1799.9938879063502,427016.8149928575,0.0,0.0,351194.0846305512,337146.32124532916,0.35136369046123433,668.4038200506421,-504.4051382288405,688.5800255797958,26805.819999497475,39.07707307257778
25.55,braking,0.0,1.2,10.886951878704132,-1.2171118614672949,-520665.0501419066,-484218.4966319732,-451356.12607058516,0.0,451356.12607058516,5259.909342969941,5102.101064042464,96000.0,43411.01572949174,55144.501214218966,98555.51694371071,2555.5169437107106,24999.915841064427,1,0,1499.9949504498672,1799.99389214792,451356.12607058516,0.0,0.0,394460.4760446993,378682.05700291134,0.3519210245139533,668.637251226563,-566.3490275306208,691.2912123277878,26824.54642366883,56.972782528783796
25.6,braking,0.0,1.2,10.826536419087798,-1.2083091923266664,-535578.3920622395,-498087.90461788274,-469431.609207943,0.0,469431.609207943,5259.903436086412,5102.096218882712,96000.0,45401.74518215454,52588.98427050826,97990.72945266281,1990.7294526628102,24999.915841167203,1,0,1499.9949504571598,1799.9938960483796,469431.609207943,0.0,0.0,427016.8149928575,409936.1423931432,0.35252639762980775,668.8907105594249,-612.8596733692029,693.405097494193,26844.88696036154,76.68823751368517
25.65,braking,0.0,1.2,10.766459238138514,-1.2015436189856743,-546653.5491823775,-508387.80073961115,-482877.4782833151,0.0,482877.4782833151,5259.898004238199,5102.09176337432,96000.0,46964.22162201864,50598.25481784546,97562.4764398641,1562.4764398640982,24999.915841261714,1,0,1499.9949504638655,1799.993899635162,482877.4782833151,0.0,0.0,451356.12607058516,433301.88102776173,0.35316771505118305,669.1591144329295,-647.5319123389031,695.0603909264856,26866.43522571975,97.7691880992078
25.7,braking,0.0,1.2,10.70664001703641,-1.1963844220420938,-554843.9733422287,-516004.8952082727,-492862.8399428316,0.0,492862.8399428316,5259.893009222458,5102.0876661801785,96000.0,48203.33671554242,49035.77837798136,97239.11509352378,1239.115093523782,24999.915841348626,1,0,1499.994950470032,1799.993902933493,492862.8399428316,0.0,0.0,469431.609207943,450654.3448396253,0.35383574942388907,669.4385854410978,-673.1825064172033,696.3658856977859,26888.88118064267,119.86809374589248
25.75,braking,0.0,1.2,10.647017043958252,-1.1924594615631534,-560882.1289341949,-521620.3799088013,-500247.3263653534,0.0,500247.3263653534,5259.88841590961,5102.0838984851,96000.0,49198.57965558099,47796.66328445758,96995.24294003856,995.242940038559,24999.915841428545,1,0,1499.9949504757028,1799.9939059665703,500247.3263653534,0.0,0.0,482877.4782833151,463562.3791519825,0.3545236535544259,669.726247052091,-692.1669580555155,697.4129253743116,26911.99475942871,142.72351184568265
25.8,braking,0.0,1.2,10.587543544215789,-1.1894699948492615,-565328.5553309332,-525755.5564577678,-505691.32744707016,0.0,505691.32744707016,5259.884191993313,5102.08043379073,96000.0,50011.506277705725,46801.42034441901,96812.92662212474,812.9266221247381,24999.91584150204,1,0,1499.9949504809174,1799.9939087557254,505691.32744707016,0.0,0.0,492862.8399428316,473148.32634511834,0.35522631684553574,670.0199530114756,-706.1705016671565,698.2667730781619,26935.604246010003,166.14127948311017
25.85,braking,0.0,1.2,10.52818328860023,-1.187205112311176,-568606.5936962499,-528804.1321375124,-509700.22548636934,0.0,509700.22548636934,5259.880307767161,5102.07724772943,96000.0,50689.610583163994,45988.493722294275,96678.10430545827,678.1043054582697,24999.915841569622,1,0,1499.9949504857127,1799.9939113205749,509700.22548636934,0.0,0.0,500247.3263653534,480237.4333107393,0.35593990095656863,670.3180920545697,-716.432152142544,698.9753781402715,26959.580672140706,189.97592347450663
25.9,braking,0.0,1.2,10.468908316710722,-1.1854994377901562,-571024.8662635821,-531053.1256251314,-512655.7048765389,0.0,512655.7048765389,5259.87673591323,5102.074317892627,96000.0,51269.03880163829,45310.389416836006,96579.42821847429,579.4282184742915,24999.91584163177,1,0,1499.9949504901224,1799.9939136791577,512655.7048765389,0.0,0.0,505691.32744707016,485463.67434918735,0.3566615394241958,670.6194614515371,-723.9033494471139,699.5755954294216,26983.82772465298,214.11845116600477
25.95,braking,0.0,1.2,10.409697340842568,-1.1842195173630898,-572807.0925191398,-532710.5960428,-514836.0194232457,0.0,514836.0194232457,5259.873451310212,5102.071623675788,96000.0,51776.30385402512,44730.9611983617,96507.26505238682,507.2650523868215,24999.91584168892,1,0,1499.9949504941774,1799.9939158480613,514836.0194232457,0.0,0.0,509700.22548636934,489312.2164669146,0.3573891099037423,670.9231711202824,-729.3118460193875,700.0956449610579,27008.27409276574,238.48784843640735
26.0,braking,0.0,1.2,10.35053473757683,-1.1832520653147682,-574116.1593021302,-533928.0281509812,-516442.8746152564,0.0,516442.8746152564,5259.870430856459,5102.069146129344,96000.0,52230.74045583843,44223.69614597488,96454.4366018133,454.4366018133005,24999.915841741473,1,0,1499.994950497906,1799.9939178425407,516442.87461525644,0.0,0.0,512655.7048765389,492149.47668147733,0.3581210529850818,671.2285673834552,-733.2069887906384,700.5568469350808,27032.867380298747,263.0243907651171
26.05,braking,0.0,1.2,10.291409104173843,-1.1825126680597364,-575071.2330584032,-534816.246744315,-517623.12922680064,0.0,517623.12922680064,5259.867653310164,5102.066867828207,96000.0,52646.512535627415,43769.25954416157,96415.77207978899,415.7720797889924,24999.915841789803,1,0,1499.994950501335,1799.993919676623,517623.12922680064,0.0,0.0,514836.0194232457,494242.57864631584,0.3588562215393224,671.5351696389554,-735.9891201410059,700.9747344445956,27057.569043721232,287.6841921483119
26.1,braking,0.0,1.2,10.232312078253432,-1.1819405184082044,-575759.9667063863,-535456.7690369393,-518484.2237254564,0.0,518484.2237254564,5259.865099135665,5102.064772750022,96000.0,53034.04754814728,43353.487464372585,96387.53501251986,387.5350125198602,24999.91584183424,1,0,1499.9949505044883,1799.9939213632067,518484.22372545634,0.0,0.0,516442.87461525644,495785.1596306462,0.3595937675237454,671.8426228018712,-737.9483569574819,701.3605570801706,27082.350588797846,312.434885605236
26.15,braking,0.0,1.2,10.173237494447543,-1.181491676117794,-576247.172304471,-535909.8702431581,-519105.1859824779,0.0,519105.1859824779,5259.862750368934,5102.062846159132,96000.0,53401.064007977126,42965.95245185272,96367.01645982984,367.01645982984337,24999.91584187511,1,0,1499.9949505073882,1799.9939229141548,519105.1859824779,0.0,0.0,517623.12922680064,496918.2040577286,0.3603330605291247,672.150663092963,-739.295862286461,701.7224975844214,27107.19083377859,337.25246969744535
26.2,braking,0.0,1.2,10.11418078022991,-1.1811342843526518,-576581.0163148738,-536220.3451728327,-519544.45054971107,0.0,519544.45054971107,5259.860590492057,5102.061074506216,96000.0,53753.308202268854,42598.935992022874,96352.24419429174,352.24419429173577,24999.91584191269,1,0,1499.9949505100544,1799.9939243403744,519544.45054971107,0.0,0.0,518484.22372545634,497744.8547764381,0.3610736292638043,672.4590934679451,-740.1860717051404,702.0665363361506,27132.073943263826,362.1190461682995
26.25,braking,0.0,1.2,10.055138522741645,-1.1808451497653039,-576797.4786550284,-536421.6551491765,-519845.44430949027,0.0,519845.44430949027,5259.858604313621,5102.059445330474,96000.0,54095.08344049251,42246.691797731146,96341.77523822366,341.7752382236649,24999.915841947248,1,0,1499.9949505125066,1799.9939256518965,519845.4443094902,0.0,0.0,519105.1859824779,498340.97854317876,0.36181511939202815,672.7677659189208,-740.73254366238,702.397067665416,27156.988011572146,387.02119200128993
26.3,braking,0.0,1.2,9.996108157600244,-1.1806073028280295,-576923.5749216302,-536538.9246771161,-520040.6067553736,0.0,520040.6067553736,5259.856777865237,5102.057947174294,96000.0,54429.63263278238,41904.91655950749,96334.54919228987,334.54919228986546,24999.91584197903,1,0,1499.9949505147613,1799.993926857945,520040.6067553736,0.0,0.0,519544.45054971107,498762.6725277226,0.3625572629978754,673.07656865977,-741.0192179484999,702.71733737771,27181.924036728615,411.9487832780625
26.35,braking,0.0,1.2,9.93708774394844,-1.1804082730360577,-576979.6928668775,-536591.1143661961,-520154.29514934187,0.0,520154.29514934187,5259.855098300703,5102.056569500505,96000.0,54759.4159091326,41570.36736721762,96329.78327635022,329.7832763502229,24999.91584200825,1,0,1499.9949505168347,1799.9939279670025,520154.2951493418,0.0,0.0,519845.4443094902,499051.6265371106,0.3632998563477803,673.3854167969165,-741.1084560027197,703.0297550370253,27206.875173285418,436.8941407546833
26.4,braking,0.0,1.2,9.87807580121704,-1.1802388546280085,-576981.2919923781,-536592.6015529117,-520204.8910887769,0.0,520204.8910887769,5259.853553808038,5102.055302620493,96000.0,55086.31272452876,41240.5840908674,96326.89681539616,326.8968153961614,24999.915842035123,1,0,1499.9949505187417,1799.9939289868687,520204.8910887768,0.0,0.0,520040.6067553736,499238.9824851586,0.3640427436199386,673.694245505456,-741.0468262358276,703.3361185548891,27231.836185629938,461.85140598024003
26.45,braking,0.0,1.2,9.8190711902887,-1.1800922185668128,-576940.1463763643,-536554.3361300188,-520206.33286032814,0.0,520206.33286032814,5259.852133524164,5102.054137624128,96000.0,55411.76941863519,40913.68727547124,96325.45669410643,325.45669410642586,24999.915842059836,1,0,1499.994950520495,1799.993929924717,520206.33286032814,0.0,0.0,520154.2951493418,499348.1233433681,0.3647858049432385,674.003005014231,-740.8692834133949,703.6377763507668,27256.803046092813,486.8160836259532
26.5,braking,0.0,1.2,9.760073026733533,-1.1799632711033325,-576865.2588936496,-536484.6907710942,-520169.23597293,0.0,520169.23597293,5259.850827460808,5102.053066316598,96000.0,55736.90751182153,40588.23058136481,96325.13809318634,325.13809318633866,24999.915842082562,1,0,1499.9949505221073,1799.9939307871425,520169.23597293004,0.0,0.0,520204.8910887768,499396.69544522575,0.36552894755965953,674.311656901621,-740.6021983067772,703.935744833892,27281.77263800456,511.784704095668
26.55,braking,0.0,1.2,9.701080617131167,-1.1798481920473236,-576763.5377194314,-536390.0900790712,-520101.7174185145,0.0,520101.7174185145,5259.849626432262,5102.052081164366,96000.0,56062.60365704758,40263.09248817847,96325.69614522604,325.6961452260439,24999.91584210346,1,0,1499.9949505235902,1799.9939315802117,520101.7174185145,0.0,0.0,520206.33286032814,499398.079545915,0.3662720992577782,674.6201713441096,-740.2655609169185,704.2307937807864,27306.74253506135,536.7545734704465
26.6,braking,0.0,1.2,9.64209341205886,-1.1797441014461185,-576640.2998723277,-536275.4788812648,-520010.0056078395,0.0,520010.0056078395,5259.848521990252,5102.051175238932,96000.0,56389.549019490776,39937.39634295242,96326.94536244319,326.9453624431917,24999.915842122675,1,0,1499.9949505249538,1799.9939323095016,520010.00560783944,0.0,0.0,520169.23597293004,499362.4665340128,0.36701520346586614,674.9285250609023,-739.8745911486742,704.5235087068493,27331.7108364531,561.7235871224448
26.65,braking,0.0,1.2,9.583110971175943,-1.1796488176583608,-576499.6481495856,-536144.6727791146,-519898.8943648907,0.0,519898.8943648907,5259.847506368238,5102.05034216913,96000.0,56718.29363993016,39610.450980509224,96328.7446204394,328.74462043939275,24999.915842140344,1,0,1499.9949505262075,1799.9939329801414,519898.89436489064,0.0,0.0,520101.7174185145,499297.6487217739,0.36775821556482907,675.2366997700171,-739.4409232967233,704.8143367018861,27356.676042978255,586.6900900038395
26.7,braking,0.0,1.2,9.52413293713773,-1.17956068076424,-576344.7548226166,-536000.6219850335,-519772.08277166635,0.0,519772.08277166635,5259.8465724234275,5102.049576094792,96000.0,57049.27977263496,39281.70636006984,96330.9861327048,330.98613270479837,24999.915842156595,1,0,1499.9949505273605,1799.993933596848,519772.0827716664,0.0,0.0,520010.00560783944,499209.60538352584,0.3685011001030989,675.5446810224586,-738.9734822986927,705.1036203144063,27381.636963464123,611.6527713564719
26.75,braking,0.0,1.2,9.465159015992434,-1.1794784229059374,-576178.0762583455,-535845.6109202614,-519632.4309480711,0.0,519632.4309480711,5259.845713587602,5102.048871628736,96000.0,57382.86707923196,38950.72022736504,96333.58730659701,333.58730659700814,24999.91584217154,1,0,1499.9949505284205,1799.9939341639586,519632.4309480711,0.0,0.0,519898.89436489064,499102.938590295,0.36924382868236905,675.8524573175174,-738.4791357735864,705.3916227484609,27406.5926437276,636.6105849558174
26.8,braking,0.0,1.2,9.406188962366759,-1.1794010725134996,-576001.5160699195,-535681.4099450251,-519482.15355452435,0.0,519482.15355452435,5259.844923819345,5102.048223815987,96000.0,57719.35177122728,38617.13292076804,96336.48469199531,336.48469199531246,24999.91584218528,1,0,1499.9949505293957,1799.9939346854615,519482.1535545243,0.0,0.0,519772.0827716664,498981.19946079975,0.3699863783451277,676.1600194282945,-737.963181973843,705.6785467072482,27431.54231239629,661.5626884070948
26.85,braking,0.0,1.2,9.34722256820974,-1.1793278831403953,-575816.5496962287,-535509.3912174928,-519322.96688863944,0.0,519322.96688863944,5259.844197564853,5102.047628101491,96000.0,58058.98122977092,38280.64822877272,96339.62945854364,339.6294585436408,24999.91584219792,1,0,1499.9949505302923,1799.993935165025,519322.96688863944,0.0,0.0,519632.4309480711,498847.1337101483,0.37072873033959985,676.4673598852911,-737.4297169263835,705.9645485623464,27456.485339410556,686.5083967363686
26.9,braking,0.0,1.2,9.288259654195983,-1.1792582802751284,-575624.319919149,-535330.6175248086,-519156.20120611973,0.0,519156.20120611973,5259.843529715897,5102.047080294298,96000.0,58401.96522577064,37941.01877022908,96342.98399599972,342.9839959997189,24999.91584220954,1,0,1499.9949505311167,1799.993935606022,519156.20120611973,0.0,0.0,519482.1535545243,498702.86741234333,0.37147086917001954,676.7744725794635,-736.8819120963345,706.2497490633168,27481.421204112656,711.4471467644308
26.95,braking,0.0,1.2,9.229300063127955,-1.1791918213605612,-575425.7103703803,-535145.9106444537,-518982.8868391047,0.0,518982.8868391047,5259.8429155765425,5102.0465765420095,96000.0,58748.484570454515,37598.03477422936,96346.51934468388,346.5193446838821,24999.915842220224,1,0,1499.994950531875,1799.9939360115536,518982.88683910476,0.0,0.0,519322.96688863944,498550.04821309383,0.3722127818636698,677.0813524560067,-736.3222253938637,706.5342414717612,27506.349470619305,736.3784696550667
27.0,braking,0.0,1.2,9.17034365484919,-1.1791281655752783,-575221.4022886048,-534955.9041284025,-518803.8204699349,0.0,518803.8204699349,5259.842350826217,5102.046113301676,96000.0,59098.697813650884,37251.515429545485,96350.21324319637,350.21324319636915,24999.91584223005,1,0,1499.9949505325724,1799.9939363844721,518803.8204699349,0.0,0.0,519156.20120611973,498389.95315787493,0.37295445740334765,677.3879952773556,-735.7525622428692,706.8180977670703,27531.26976875248,761.3019696893409
27.05,braking,0.0,1.2,9.111390302305493,-1.179067050873961,-575011.9184738467,-534761.0841806775,-518619.616303406,0.0,518619.616303406,5259.841831493368,5102.045687315845,96000.0,59452.746451548424,36901.302186349116,96354.04863789753,354.0486378975329,24999.915842239086,1,0,1499.9949505332133,1799.9939367274,518619.616303406,0.0,0.0,518982.88683910476,498223.57136554056,0.373695886286599,677.6943974392111,-735.1743990332028,707.1013734005393,27556.181779229726,786.2173078024263
27.1,braking,0.0,1.2,9.052439888482565,-1.1790082764585463,-574797.6574162242,-534561.8213970886,-518430.7456960202,0.0,518430.7456960202,5259.84135392547,5102.0452955878145,96000.0,59810.758991382005,36547.253548451576,96358.01253983358,358.0125398335804,24999.915842247396,1,0,1499.994950533803,1799.9939370427498,518430.74569602025,0.0,0.0,518803.8204699349,498051.6676511375,0.374437060182466,678.0005558273392,-734.5888780922654,707.3841109510298,27581.085222130856,811.1241887778433
27.15,braking,0.0,1.2,8.993492304015822,-1.1789516893348662,-574578.9198562615,-534358.3954663232,-518237.5679264678,0.0,518237.5679264678,5259.840914764319,5102.044935362614,96000.0,60172.85413592823,36189.241008617995,96362.09514454623,362.09514454622695,24999.915842255035,1,0,1499.9949505343452,1799.993937332739,518237.5679264678,0.0,0.0,518619.616303406,497874.83165126975,0.37517797166349454,678.3064677058276,-733.9968809897762,707.6663429454186,27605.979847893417,836.0223512604034
27.2,braking,0.0,1.2,8.93454744531773,-1.1788971739618503,-574355.9294960985,-534151.0144313717,-518040.3541424054,0.0,518040.3541424054,5259.84051092053,5102.044604107221,96000.0,60539.143287763494,35827.14586407177,96366.28915183526,366.2891518352553,24999.915842262064,1,0,1499.9949505348436,1799.993937599407,518040.3541424054,0.0,0.0,518430.74569602025,497693.51586817944,0.3759186139960042,678.6121306296862,-733.3990852865659,707.9480940411489,27630.865430265738,860.9115599483896
27.25,braking,0.0,1.2,8.875605213105196,-1.178844644250674,-574128.8491769575,-533939.8297345705,-517839.3060336824,0.0,517839.3060336824,5259.84013955392,5102.044299491149,96000.0,60909.73252612022,35460.856712236506,96370.58923835673,370.5892383567261,24999.915842268525,1,0,1499.994950535302,1799.9939378446293,517839.3060336824,0.0,0.0,518237.5679264678,497508.06520940905,0.3766589809755806,678.9175423763369,-732.7960085816002,708.2293827196008,27655.741760779507,885.7915994753293
27.3,braking,0.0,1.2,8.816665511237039,-1.17879403736314,-573897.7935331293,-533724.9479858102,-517634.57041794487,0.0,517634.57041794487,5259.839798053126,5102.044019372794,96000.0,61284.72417369732,35090.26747387978,96374.9916475771,374.9916475771024,24999.915842274466,1,0,1499.9949505357238,1799.9939380701308,517634.57041794487,0.0,0.0,518040.3541424054,497318.7399767091,0.3773990667977532,679.2227008917928,-732.1880427785306,708.510222602934,27680.608644404507,910.6622696049824
27.35,braking,0.0,1.2,8.757728245792606,-1.178745308888658,-573662.8389012017,-533506.4401781176,-517426.2506494694,0.0,517426.2506494694,5259.839484015583,5102.0437617818025,96000.0,61664.21804391812,34715.27582630268,96379.49387022079,379.49387022078736,24999.91584227993,1,0,1499.9949505361114,1799.9939382774971,517426.2506494693,0.0,0.0,517839.3060336824,497125.7337923351,0.37813886595610263,679.5276042482876,-731.5754807963533,708.7906234801418,27705.46589612505,935.5233814492085
27.4,braking,0.0,1.2,8.698793324338265,-1.1786984290868219,-573424.031086685,-533284.3489106171,-517214.4155533236,0.0,517214.4155533236,5259.839195233443,5102.043524906611,96000.0,62048.312438682864,34335.78195608188,96384.09439476475,384.09439476474654,24999.915842284954,1,0,1499.994950536468,1799.993938468187,517214.4155533235,0.0,0.0,517634.57041794487,496929.1876012271,0.3788783731617875,679.8322506108408,-730.9585374255602,709.0705921078631,27730.31333823606,960.3747544840476
27.45,braking,0.0,1.2,8.639860655340646,-1.1786533799523724,-573181.3914549947,-533058.6940531451,-516999.1064277552,0.0,516999.1064277552,5259.838929675418,5102.043307080775,96000.0,62437.10495102819,33951.687561317136,96388.79251234533,388.7925123453315,24999.915842289574,1,0,1499.9949505367958,1799.9939386435417,516999.1064277552,0.0,0.0,517426.2506494693,496729.20062349056,0.3796175832798252,680.1366382108099,-730.3373656361211,709.3501328362547,27755.15079820213,985.2162141896655
27.5,braking,0.0,1.2,8.58093014769458,-1.1786101529213155,-572934.9217098175,-532829.4771901303,-516780.34253582323,0.0,516780.34253582323,5259.838685473912,5102.043106772681,96000.0,62830.69311509503,33562.89504897181,96393.58816406684,393.58816406683763,24999.915842293824,1,0,1499.994950537097,1799.993938804794,516780.34253582323,0.0,0.0,517214.4155533235,496525.83893119055,0.3803564912784867,680.4407653249124,-729.7120693439025,709.6292480986684,27779.97810695715,1010.0475901785326
27.55,braking,0.0,1.2,8.522001710340831,-1.1785687470749906,-572684.6076417209,-532596.6851068005,-516558.1254135714,0.0,516558.1254135714,5259.838460910938,5102.0429225730695,96000.0,63229.17493654393,33169.30688490497,96398.48182144889,398.4818214488914,24999.91584229773,1,0,1499.9949505373745,1799.9939389530787,516558.1254135714,0.0,0.0,516999.1064277552,496319.142170645,0.3810950921889728,680.7446302585315,-729.0827134136249,709.9079387950765,27804.795097549486,1034.8687147060784
27.6,braking,0.0,1.2,8.463075251954129,-1.1785291677340481,-572430.4220678163,-532360.2925230692,-516332.4422497756,0.0,516332.4422497756,5259.838254407515,5102.042753187512,96000.0,63632.649329386186,32770.82506345607,96403.47439284225,403.474392842254,24999.915842301325,1,0,1499.9949505376294,1799.9939390894378,516332.4422497756,0.0,0.0,516780.34253582323,496109.1288343903,0.38183338107315135,681.0482313323813,-728.4493315015561,710.1862045924436,27829.601604057887,1059.6794214812041
27.65,braking,0.0,1.2,8.404150680686234,-1.1784914253578904,-572172.3271351536,-532120.2642356929,-516103.2685363431,0.0,516103.2685363431,5259.838064510791,5102.042597423742,96000.0,64041.21647963134,32367.350670613814,96408.56715024516,408.5671502451587,24999.91584230463,1,0,1499.9949505378638,1799.993939214831,516103.2685363432,0.0,0.0,516558.1254135714,495895.80039702856,0.3825713529976169,681.3515668718062,-727.8119322066952,710.464044160074,27854.397460719927,1084.4795447119895
27.7,braking,0.0,1.2,8.345227903952033,-1.1784555346840264,-571910.276123076,-531876.5567944606,-515870.57014505455,0.0,515870.57014505455,5259.837889886306,5102.042454187097,96000.0,64454.9781518149,31958.783520368663,96413.76167218357,413.7616721835657,24999.915842307666,1,0,1499.9949505380794,1799.9939393301397,515870.57014505455,0.0,0.0,516332.4422497756,495679.14455978456,0.3833090030127114,681.6546351981467,-727.170503895566,710.7414553539694,27879.182501227104,1109.26891833591
27.75,braking,0.0,1.2,8.28630682824922,-1.1784215140562537,-571644.2148505603,-531629.1198110211,-515634.3049525654,0.0,515634.3049525654,5259.837729304917,5102.042322469041,96000.0,64874.0379510841,31545.021848185097,96419.05979926919,419.059799269191,24999.91584231046,1,0,1499.9949505382776,1799.9939394361754,515634.30495256535,0.0,0.0,516103.2685363432,495459.13779488945,0.38404632613543654,681.957434621725,-726.5250184855242,711.018435361146,27903.95655815067,1134.0473753947767
27.8,braking,0.0,1.2,8.227387359004119,-1.1783893849020188,-571374.082771779,-531377.8969777545,-515394.42410926515,0.0,515394.42410926515,5259.837581638105,5102.042201344587,96000.0,65298.5015508703,31125.9620489159,96424.46359978619,424.4635997861915,24999.915842313032,1,0,1499.99495053846,1799.9939395336835,515394.4241092652,0.0,0.0,515870.57014505455,495235.7473392523,0.3847833173354139,682.2599634361023,-725.8754344092977,711.2949808124743,27928.719462469904,1158.81474752313
27.85,braking,0.0,1.2,8.168469400437743,-1.1783591713275143,-571099.8138252639,-531122.8268574955,-515150.87302703597,0.0,515150.87302703597,5259.837445846141,5102.042089960614,96000.0,65728.47689409977,30701.4984491297,96429.97534322948,429.97534322948195,24999.915842315393,1,0,1499.9949505386276,1799.9939396233501,515150.87302703597,0.0,0.0,515634.30495256535,495008.9327544627,0.3855199715232307,682.5622199133272,-725.2216989351091,711.5710878707316,27953.47104318055,1183.5708645254729
27.9,braking,0.0,1.2,8.109552855447399,-1.1783308998068875,-570821.3370880816,-530863.843491916,-514903.592144858,0.0,514903.592144858,5259.837320975426,5102.041987534092,96000.0,66164.07437426403,30271.523105900225,96435.59748016426,435.59748016425874,24999.915842317565,1,0,1499.994950538782,1799.9939397058056,514903.592144858,0.0,0.0,515394.4241092652,494778.6471448946,0.3862562835406501,682.8642022999625,-724.5637499790224,711.8467522991234,27978.21112696584,1208.3155540229568
27.95,braking,0.0,1.2,8.050637625500151,-1.1783045989449548,-570538.5772754602,-530600.876866178,-514652.5175186144,0.0,514652.5175186144,5259.837206146458,5102.041893345145,96000.0,66605.40700138971,29835.925625735967,96441.33262712568,441.33262712568103,24999.915842319562,1,0,1499.9949505389236,1799.99393978163,514652.5175186144,0.0,0.0,515150.87302703597,494544.8381059545,0.3869922481522718,683.1659088137172,-723.9015175167426,712.1219695143869,28002.939537916332,1233.048641154228
28.0,braking,0.0,1.2,7.991723610535157,-1.1782802992998853,-570251.4551176862,-530333.8532594482,-514397.5812715549,0.0,514397.5812715549,5259.837100551984,5102.041806730523,96000.0,67052.59055693958,29394.592998610286,96447.18355554987,447.1835555498692,24999.9158423214,1,0,1499.994950539054,1799.9939398513568,514397.581271555,0.0,0.0,514903.592144858,494307.44845906366,0.38772786003831905,683.4673376405478,-723.2349246790664,712.3967346277105,28027.65609728752,1257.7699483183535
28.05,braking,0.0,1.2,7.932810708872519,-1.1782580332527637,-569959.8876393214,-530062.6955045689,-514138.71193410584,0.0,514138.71193410584,5259.837003449866,5102.04172708142,96000.0,67505.74374088309,28947.409443060416,96453.1531839435,453.1531839435047,24999.91584232309,1,0,1499.9949505391737,1799.9939399154757,514138.71193410584,0.0,0.0,514652.5175186144,494066.4168178698,0.38846311378829224,683.7684869321221,-722.563888597159,712.6710424760084,28052.36062328662,1282.4792949502767
28.1,braking,0.0,1.2,7.873898817126729,-1.1782378349158051,-569663.7883604568,-529787.3231752248,-513875.8346956122,0.0,513875.8346956122,5259.836914156341,5102.0416538377385,96000.0,67964.98831355061,28494.25625911691,96459.24457266752,459.2445726675214,24999.915842324644,1,0,1499.994950539284,1799.9939399744385,513875.8346956122,0.0,0.0,514397.581271555,493821.6780206928,0.3891980038952871,684.0693548035614,-721.8883210496975,712.9448876455493,28077.052930881644,1307.1764973212405
28.15,braking,0.0,1.2,7.814987830123197,-1.1782197400706274,-569363.0674355173,-529507.6527150312,-513608.8715857879,0.0,513608.8715857879,5259.836832043769,5102.041586484713,96000.0,68430.44923439457,28035.01168644939,96465.46092084397,465.46092084396514,24999.915842326074,1,0,1499.9949505393854,1799.9939400286594,513608.8715857879,0.0,0.0,514138.71193410584,493573.1634567416,0.3899325247508127,684.3699393313934,-721.2081289528089,713.2182644895058,28101.732831627305,1331.8613683581764
28.2,braking,0.0,1.2,7.756077640816586,-1.1782037861322259,-569057.6317418216,-529223.5975198941,-513337.7415998624,0.0,513337.7415998624,5259.836756534734,5102.041524547972,96000.0,68902.25479939414,27569.550765605425,96471.80556499957,471.80556499956583,24999.915842327388,1,0,1499.9949505394786,1799.9939400785197,513337.74159986246,0.0,0.0,513875.8346956122,493320.8013077877,0.3906666706399831,684.6702385516626,-720.5232147250163,713.4911671406633,28126.400133503434,1356.5337174772897
28.25,braking,0.0,1.2,7.697168140209951,-1.1781900121327027,-568747.3849274914,-528935.067982567,-513062.3607784264,0.0,513062.3607784264,5259.8366870985465,5102.041467591948,96000.0,69380.53677853812,27097.745200605856,96478.28197914398,478.28197914398334,24999.915842328595,1,0,1499.9949505395643,1799.9939401243703,513062.3607784264,0.0,0.0,513608.8715857879,493064.5167223564,0.39140043573697864,684.9702504581553,-719.8334765525376,713.7635895202568,28151.054640762482,1381.1933504280435
28.3,braking,0.0,1.2,7.638259217273827,-1.1781784587224742,-568432.2274262337,-528641.9715063974,-512782.6422506263,0.0,512782.6422506263,5259.836623246163,5102.04141521671,96000.0,69865.43055458403,26619.463221461876,96484.89377604591,484.89377604590845,24999.915842329705,1,0,1499.9949505396432,1799.9939401665335,512782.6422506263,0.0,0.0,513337.74159986246,492804.2319358679,0.39213381410069054,685.2699730007048,-719.1388085748813,714.0355253437001,28175.696153783203,1405.840069144499
28.35,braking,0.0,1.2,7.579350758864577,-1.178169168184997,-568112.0564448987,-528344.2124937559,-512498.4962474923,0.0,512498.4962474923,5259.836564528546,5102.0413670540065,96000.0,70357.07526410626,26134.569445415967,96491.64470952222,491.64470952222473,24999.915842330727,1,0,1499.9949505397158,1799.993940205306,512498.4962474923,0.0,0.0,513062.3607784264,492539.86634728935,0.3928667996704913,685.5694040835509,-718.439101006414,714.3069681238075,28200.32446892851,1430.473671601578
28.4,braking,0.0,1.2,7.520442649641389,-1.178162184463769,-567786.7659284172,-528041.692313428,-512209.83009072073,0.0,512209.83009072073,5259.836510533394,5102.041322764292,96000.0,70855.61394170436,25642.924735893743,96498.5386775981,498.53867759810237,24999.915842331666,1,0,1499.9949505397822,1799.9939402409602,512209.83009072073,0.0,0.0,512782.6422506263,492271.3365606012,0.3935993862620677,685.8685415637299,-717.7342402062336,714.5779111719792,28224.939378405474,1455.093951674275
28.45,braking,0.0,1.2,7.461534771981405,-1.178157553199668,-567456.2465057056,-527734.3092503062,-511916.548161061,0.0,511916.548161061,5259.836460881065,5102.04128203594,96000.0,71361.19366813313,25144.38605829564,96505.57972642877,505.5797264287685,24999.91584233253,1,0,1499.9949505398436,1799.993940273747,511916.548161061,0.0,0.0,512498.4962474923,491998.5563975926,0.39433156756327875,686.1673832494781,-717.0241087060106,714.8483475977185,28249.540670126167,1479.70069899823
28.5,braking,0.0,1.2,7.402627005892574,-1.1781553217766216,-567120.3854193112,-527421.9584399594,-511618.5518495443,0.0,511618.5518495443,5259.836415221515,5102.041244583252,96000.0,71873.96572303308,24638.806331866872,96512.77205489995,512.7720548999496,24999.915842333325,1,0,1499.9949505399,1799.9939403038973,511618.5518495442,0.0,0.0,512209.83009072073,491721.4368870919,0.3950633371300023,686.4659268986344,-716.3085852033862,715.1182703067699,28274.128127568078,1504.293698830347
28.55,braking,0.0,1.2,7.343719228923768,-1.1781555393761245,-566779.0664409292,-527104.5317900642,-511315.73949405097,0.0,511315.73949405097,5259.836373233475,5102.04121014311,96000.0,72394.08574287847,24126.034276966922,96520.12001984539,520.120019845388,24999.915842334056,1,0,1499.9949505399518,1799.9939403316225,511315.739494051,0.0,0.0,511916.548161061,491439.88623461855,0.39579468838193677,686.7641702170291,-715.5875445268427,715.3876719981029,28298.701529633076,1528.8727319083898
28.6,braking,0.0,1.2,7.284811316071844,-1.1781582570384863,-566432.1697744122,-526781.9178902033,-511008.00630314177,0.0,511008.00630314177,5259.836334622412,5102.041178471793,96000.0,72921.71388471658,23605.914257121534,96527.62814183811,527.6281418381113,24999.91584233473,1,0,1499.9949505399995,1799.9939403571184,511008.00630314177,0.0,0.0,511618.5518495442,491153.80977556243,0.3965256145983376,687.062110856849,-714.8608575766674,715.6565451599157,28323.26065050414,1553.4375743086443
28.65,braking,0.0,1.2,7.225903139685312,-1.1781635277306357,-566079.5719474744,-526454.0019111512,-510695.2442686101,0.0,510695.2442686101,5259.836299117072,5102.041149347952,96000.0,73457.01499624184,23078.286115283427,96535.30111152526,535.3011115252593,24999.915842335344,1,0,1499.9949505400432,1799.993940380564,510695.24426861,0.0,0.0,511315.739494051,490863.109914289,0.3972561089136654,687.3597464149706,-714.1283912455744,715.9248820647936,28347.80525949916,1577.9879973008906
28.7,braking,0.0,1.2,7.166994569364262,-1.1781714064209936,-565539.4341113738,-525951.6737235778,-510377.34206784295,0.0,510377.34206784295,5259.836266466191,5102.041122565884,96000.0,74000.1587927289,22542.985003758164,96543.14379648706,543.1437964870565,24999.915842335915,1,0,1499.9949505400837,1799.993940402124,510377.3420678429,0.0,0.0,511008.00630314177,490567.6860510161,0.3979861643131259,687.6570744312535,-713.3900083217411,716.1926747641231,28372.33512092103,1602.5237672000233
28.75,braking,0.0,1.2,7.108085471856267,-1.1781819501599067,-564056.7763664696,-524572.8020208167,-509890.3537948146,0.0,509890.3537948146,5259.83623644158,5102.041097938092,96000.0,74527.373900423,21999.841207271107,96527.21510769411,527.2151076941082,24999.915842336435,1,0,1499.9949505401205,1799.99394042195,509890.35379481467,0.0,0.0,510695.24426861,490267.4344978656,0.3987157736280861,687.9540923867872,-712.6455673763525,716.4599150818414,28396.849993903692,1627.0446452137453
28.8,braking,0.0,1.2,7.049189785572724,-1.1779137256708516,-561845.639334883,-522516.4445814412,-508553.58957200905,0.0,508553.58957200905,5259.836208831167,5102.041075290749,96000.0,74937.96897689842,21472.626099577,96410.59507647542,410.5950764754234,24999.915842336915,1,0,1499.9949505401548,1799.9939404401814,508553.589572009,0.0,0.0,510377.3420678429,489962.24838512915,0.3994449295313543,688.2507977020865,-711.8949226372162,716.7265946075752,28421.349632253507,1651.5503872858203
28.85,braking,0.0,1.2,6.990366658610247,-1.1764625392495454,-559071.4826995288,-519936.4789105618,-506560.0284243305,0.0,506560.0284243305,5259.836183441663,5102.0410544648685,96000.0,75257.7399830975,21062.031023101576,96319.77100619908,319.77100619908015,24999.91584233736,1,0,1499.994950540186,1799.993940456947,506560.0284243305,0.0,0.0,509890.35379481467,489494.73964302207,0.4001734138922432,688.5471020777418,-710.9095923371625,716.9834857712283,28445.82670677937,1676.0368119865238
28.9,braking,0.0,1.2,6.9316008907196744,-1.1753153578114528,-555863.4333815929,-516952.9930448814,-504058.84880189516,0.0,504058.84880189516,5259.83616009386,5102.041035313155,96000.0,75506.77682712034,20742.260016902495,96249.03684402283,249.03684402283398,24999.915842337763,1,0,1499.9949505402149,1799.9939404723643,504058.84880189516,0.0,0.0,508553.589572009,488211.4459891286,0.4009001099865207,688.842552106395,-708.7417066443393,717.1922203721685,28470.243695547095,1700.4794666273278
28.95,braking,0.0,1.2,6.872880636581337,-1.174405082766743,-552325.6277450194,-513662.83380286803,-501166.47153684415,0.0,501166.47153684415,5259.836138623856,5102.041017701963,96000.0,75700.74182688125,20493.22317287966,96193.96499976091,193.96499976090854,24999.915842338138,1,0,1499.9949505402415,1799.9939404865418,501166.4715368441,0.0,0.0,506560.0284243305,486297.6272873573,0.4016240519644338,689.1367564570061,-705.662007911918,717.3632367734828,28494.568146004975,1724.8421934592398
29.0,braking,0.0,1.2,6.814196654119396,-1.173679649238828,-548533.4998599422,-510136.1548697463,-497976.7859749095,0.0,497976.7859749095,5259.836118879798,5102.041001507159,96000.0,75851.90141379993,20299.258173118753,96151.15958691869,151.15958691868582,24999.915842338483,1,0,1499.9949505402658,1799.993940499579,497976.7859749095,0.0,0.0,504058.84880189516,483896.49484981934,0.40234449334552536,689.4294135540594,-701.8796780881415,717.504600677585,28518.77497640965,1749.0970465126693
29.05,braking,0.0,1.2,6.755541697909852,-1.173099124190884,-544544.7335359864,-506426.6021884674,-494557.80347372394,0.0,494557.80347372394,5259.83610072391,5102.040986614901,96000.0,75969.77497226778,20148.098586200067,96117.87355846785,117.87355846785067,24999.915842338796,1,0,1499.9949505402883,1799.9939405115674,494557.80347372394,0.0,0.0,501166.4715368441,481119.8126753703,0.4030608586444728,689.7202917421705,-697.5578628549634,717.6226062563691,28542.844850454287,1773.222454200799
29.1,braking,0.0,1.2,6.696910137667991,-1.17263120483722,-540403.9495056571,-502575.6730402611,-490961.53175604535,0.0,490961.53175604535,5259.836084028217,5102.040972920255,96000.0,76061.69404603193,20030.225027732216,96091.91907376415,91.91907376414747,24999.915842339087,1,0,1499.994950540309,1799.993940522592,490961.53175604535,0.0,0.0,497976.7859749095,478057.7145359131,0.40377270972237456,690.0092154779744,-692.8280141950844,717.7223360457778,28566.763046671786,1797.2018923810808
29.15,braking,0.0,1.2,6.638297629448633,-1.1722501643871475,-536145.6597827884,-498615.4635979932,-487228.20087430044,0.0,487228.20087430044,5259.836068675355,5102.040960326804,96000.0,76133.37534246348,19938.30595396807,96071.68129643155,71.6812964315468,24999.915842339356,1,0,1499.9949505403276,1799.9939405327302,487228.20087430044,0.0,0.0,494557.80347372394,474775.49133477494,0.40447970929626587,690.296050405845,-687.785322044999,717.807463287645,28590.518232354534,1821.0227225278481
29.2,braking,0.0,1.2,6.579700778761737,-1.1719370137379315,-531796.5610268675,-494570.8017549868,-483388.926860162,0.0,483388.926860162,5259.836054557147,5102.040948746049,96000.0,76189.27636117229,19866.624657536522,96055.90101870881,55.90101870881335,24999.9158423396,1,0,1499.9949505403451,1799.9939405420525,483388.926860162,0.0,0.0,490961.53175604535,471323.07048580353,0.4051815966661628,690.5806934262289,-682.502530077106,717.8807946293132,28614.10164798307,1844.6751865733625
29.25,braking,0.0,1.2,6.521116931477957,-1.1716769456755927,-527377.3067321092,-490460.89526086155,-479467.7794218238,0.0,479467.7794218238,5259.8360415741945,5102.040938096814,96000.0,76232.87278625013,19810.723638827705,96043.59642507783,43.59642507783428,24999.915842339826,1,0,1499.9949505403613,1799.9939405506257,479467.77942182374,0.0,0.0,487228.20087430044,467739.0728393284,0.405878170286109,690.8630655638069,-677.0358644916281,717.944500143472,28637.506521613264,1868.1517401564909
29.3,braking,0.0,1.2,6.462544010734234,-1.1714584148744578,-522903.87083743344,-486300.59987881314,-475483.37974966964,0.0,475483.37974966964,5259.836029635258,5102.040928303866,96000.0,76266.87484105406,19767.127213749874,96034.00205480393,34.00205480393197,24999.915842340033,1,0,1499.994950540376,1799.9939405585092,475483.37974966964,0.0,0.0,483388.926860162,464053.3697857555,0.40656927436362567,691.1431064863704,-671.4287756480819,718.0002575122936,28660.72761861782,1891.446551222118
29.35,braking,0.0,1.2,6.403980389727021,-1.1712724201442626,-518388.6068081022,-482101.4043315351,-471450.12994703004,0.0,471450.12994703004,5259.836018656652,5102.040919298701,96000.0,76293.39583712915,19733.125158945943,96026.5209960751,26.520996075094445,24999.915842340226,1,0,1499.9949505403895,1799.9939405657585,471450.12994703,0.0,0.0,479467.77942182374,460289.0682449508,0.40725478849814783,691.4207702687003,-665.7148411466914,718.049363914568,28683.76089353777,1914.5551121728856
29.4,braking,0.0,1.2,6.34542479261336,-1.1711119422732175,-513841.06755659595,-477872.1928276343,-467379.167898185,0.0,467379.167898185,5259.836008560818,5102.040911017569,96000.0,76314.0835787757,19706.604162870848,96020.68774164654,20.687741646543145,24999.9158423404,1,0,1499.994950540402,1799.993940572425,467379.16789818497,0.0,0.0,475483.37974966964,456464.04455968284,0.40793461966917205,691.69602211863,-659.9200081584343,718.0928224449674,28706.603220884183,1937.4739399930015
29.45,braking,0.0,1.2,6.286876217251283,-1.1709715072415428,-509268.6397663139,-473619.83498267195,-463279.10650902684,0.0,463279.10650902684,5259.835999277133,5102.040903402658,96000.0,76330.2229021552,19685.916421224305,96016.13932337951,16.139323379509733,24999.915842340564,1,0,1499.9949505404136,1799.9939405785553,463279.1065090269,0.0,0.0,471450.12994703,452592.1247491488,0.4086086960333537,691.9688358435501,-654.0643180807598,718.1314085667805,28729.252186720685,1960.2003442257223
29.5,braking,0.0,1.2,6.228333874911857,-1.1708468467885247,-504677.03462791606,-469349.64220396196,-459156.6056133086,0.0,459156.6056133086,5259.835990739873,5102.040896400311,96000.0,76342.81562759461,19669.777097844795,96012.5927254394,12.592725439404603,24999.91584234071,1,0,1499.994950540424,1799.9939405841924,459156.6056133086,0.0,0.0,467379.16789818497,448684.00118225755,0.4092769621249297,692.2391918910404,-648.1632453611224,718.1657217054852,28751.705927397637,1982.7322473740076
29.55,braking,0.0,1.2,6.16979714327125,-1.1707346328121382,-500070.6674743655,-465065.72075115994,-455016.8144205291,0.0,455016.8144205291,5259.835982889439,5102.040889960444,96000.0,76352.64290056497,19657.18437240539,96009.82727297036,9.827272970360355,24999.915842340848,1,0,1499.9949505404338,1799.9939405893767,455016.8144205291,0.0,0.0,463279.1065090269,444747.9422486658,0.4099393751429983,692.5070758339434,-642.2287334942872,718.1962251737149,28773.96300480474,2005.0680459597804
29.6,braking,0.0,1.2,6.111265529757439,-1.170632270276215,-495452.9514505871,-460771.244849046,-450863.71379488794,0.0,450863.71379488794,5259.835975670518,5102.0408840387,96000.0,76360.31380068808,19647.35709943503,96007.6709001231,7.670900123106549,24999.91584234097,1,0,1499.9949505404425,1799.9939405941436,450863.71379488794,0.0,0.0,459156.6056133086,440790.34138877626,0.41059590207971663,692.772477199146,-636.2699961333274,718.2232770444791,28796.02230987848,2027.2065030507165
29.65,braking,0.0,1.2,6.052738642970668,-1.1705377357354152,-490826.5246764385,-456468.6679490878,-446700.38102784933,0.0,446700.38102784933,5259.83596903147,5102.04087859272,96000.0,76366.30324338461,19639.686199311924,96005.98944269653,5.989442696532933,24999.915842341088,1,0,1499.9949505404509,1799.9939405985276,446700.38102784933,0.0,0.0,455016.8144205291,436816.14184370794,0.4112465174990593,693.0353885621378,-630.2941365663651,718.2471540247924,28817.882987968394,2049.1466651315286
29.7,braking,0.0,1.2,5.994216170399299,-1.170449451427391,-486193.42595622194,-452159.88613928645,-442529.1946482769,0.0,442529.1946482769,5259.835962926575,5102.040873585471,96000.0,76370.98153271734,19633.69675661539,96004.67828933273,4.678289332732675,24999.915842341194,1,0,1499.9949505404581,1799.9939406025585,442529.1946482769,0.0,0.0,450863.71379488794,432829.1652430924,0.4118912018188556,693.295804847079,-624.3066267198342,718.2680699158724,28839.54438111355,2070.8877978086985
29.75,braking,0.0,1.2,5.935697861044342,-1.170366187099141,-481555.23068190727,-447846.3645341738,-438351.9928421297,0.0,438351.9928421297,5259.835957312155,5102.040868980333,96000.0,76374.63740452113,19629.018467282658,96003.65587180378,3.655871803784976,24999.915842341292,1,0,1499.9949505404652,1799.9939406062656,438351.9928421297,0.0,0.0,446700.38102784933,428832.3657867353,0.4125299399821477,693.5537227857715,-618.3116775211879,718.286189886619,28861.005983400162,2092.4293360844445
29.8,braking,0.0,1.2,5.877183511871365,-1.1702869834595298,-476913.15594206937,-443529.2350261245,-434170.1959828076,0.0,434170.1959828076,5259.835952150039,5102.040864746219,96000.0,76377.49599373728,19625.362595478873,96002.85858921615,2.858589216149994,24999.915842341383,1,0,1499.9949505404716,1799.9939406096744,434170.1959828076,0.0,0.0,442529.1946482769,424828.0268623458,0.41316272042969954,693.8091404994833,-612.3125252522702,718.3016415095741,28882.267406437903,2113.7708459006717
29.85,braking,0.0,1.2,5.818672957246687,-1.1702110924935738,-472268.1418093842,-439209.37188272737,-429984.90139736974,0.0,429984.90139736974,5259.835947402467,5102.040860852046,96000.0,76379.73284401724,19622.504006262723,96002.23685027997,2.236850279965438,24999.915842341466,1,0,1499.9949505404775,1799.993940612809,429984.90139736974,0.0,0.0,438351.9928421297,420817.9131284445,0.4137895343054463,694.0620571757614,-606.3116529389508,718.3145232933194,28903.328352662997,2134.911994400441
29.9,braking,0.0,1.2,5.7601660607005085,-1.1701379309235627,-467620.91420157964,-434887.4502074691,-425796.95665534085,0.0,425796.95665534085,5259.835943037397,5102.04085727168,96000.0,76381.48483137928,19620.267155982758,96001.75198736203,1.7519873620331055,24999.915842341543,1,0,1499.994950540483,1799.9939406156918,425796.95665534085,0.0,0.0,434170.1959828076,416803.3881434953,0.4144103748421157,694.312472818676,-600.3109615061547,718.3249112789223,28924.188594695086,2155.8525269322395
29.95,braking,0.0,1.2,5.701662708504418,-1.1700670439218186,-462972.0334897274,-430563.99114544655,-421607.0162441442,0.0,421607.0162441442,5259.83593902278,5102.040853978589,96000.0,76382.85868167084,19618.515168620725,96001.37385029157,1.373850291565759,24999.915842341612,1,0,1499.994950540488,1799.9939406183425,421607.0162441442,0.0,0.0,429984.90139736974,412785.50534147496,0.41502523688619547,694.5603880558331,-594.3119020894878,718.3328641394125,28944.847959376166,2176.592249269364
30.0,braking,0.0,1.2,5.643162804663573,-1.169998076816885,-458321.9320829457,-426239.39683713956,-417415.5853943383,0.0,417415.5853943383,5259.835935331676,5102.040850950997,96000.0,76383.93761185836,19617.14131832916,96001.07893018752,1.0789301875192905,24999.915842341674,1,0,1499.9949505404925,1799.9939406207802,417415.5853943383,0.0,0.0,425796.95665534085,408765.0783891272,0.4156341165306664,694.805803989268,-588.315578312931,718.3384271217852,28965.306315430393,2197.131013862629
30.05,braking,0.0,1.2,5.5846662670119915,-1.169930753031636,-453670.9434875192,-421913.9774433929,-413223.05396598385,0.0,413223.05396598385,5259.835931936734,5102.040848166135,96000.0,76384.78650841527,19616.062388141643,96000.84889655691,0.8488965569122229,24999.915842341736,1,0,1499.9949505404966,1799.9939406230217,413223.05396598385,0.0,0.0,421607.0162441442,404742.7355943784,0.41623701083107406,695.0487220802593,-582.3228253452447,718.341635094069,28985.56356392409,2217.4687092122167
30.1,braking,0.0,1.2,5.526173024167923,-1.1698648568813752,-449019.32477278716,-417587.9720386921,-409029.7226483473,0.0,409029.7226483473,5259.835928815502,5102.040845605393,96000.0,76385.45596504764,19615.213491584727,96000.66945663237,0.6694566323712934,24999.91584234179,1,0,1499.9949505405004,1799.993940625083,409029.7226483473,0.0,0.0,417415.5853943383,400718.96197856474,0.41683391758604477,695.2891440603579,-576.334271003343,718.3425149004917,29005.619630891102,2237.60525165154
30.15,braking,0.0,1.2,5.467683013159859,-1.1698002201612745,-444367.2739385068,-413261.56476281135,-404835.8232151449,0.0,404835.8232151449,5259.835925944508,5102.040843250953,96000.0,76385.98543101469,19614.544034952356,96000.52946596705,0.5294659670471447,24999.915842341838,1,0,1499.994950540504,1799.9939406269787,404835.8232151449,0.0,0.0,413223.05396598385,396694.1318073445,0.4174248351676286,695.5270718626789,-570.3503829764165,718.3410871817356,29025.474461632322,2257.5405789961874
30.2,braking,0.0,1.2,5.409196177575474,-1.169736711687701,-439714.9433398003,-408934.89730601426,-400641.5341829577,0.0,400641.5341829577,5259.835923304563,5102.040841085388,96000.0,76386.4056659575,19614.01456898531,96000.42023494281,0.4202349428087473,24999.915842341885,1,0,1499.9949505405073,1799.993940628722,400641.5341829577,0.0,0.0,409029.7226483473,392668.5337424134,0.4180097623901717,695.7625075688516,-564.3715053208089,718.337367781684,29045.12801630977,2277.2746456349314
30.25,braking,0.0,1.2,5.35071246611827,-1.169674229144082,-435062.45006385,-404608.0785593805,-396446.9929151639,0.0,396446.9929151639,5259.835920877303,5102.040839094448,96000.0,76386.74065399317,19613.5943340425,96000.33498803567,0.33498803566908464,24999.915842341925,1,0,1499.9949505405102,1799.993940630325,396446.9929151639,0.0,0.0,404835.8232151449,388642.3902865391,0.41858869840896945,695.9954533680683,-558.3978866612086,718.3313688345166,29064.580266541372,2296.8074187356556
30.3,braking,0.0,1.2,5.292231831482163,-1.1696126927221329,-430409.8839498671,-400281.19207337644,-392252.3049775671,0.0,392252.3049775671,5259.835918644759,5102.040837263083,96000.0,76387.00909618457,19613.25934600683,96000.2684421914,0.2684421914018458,24999.915842341965,1,0,1499.994950540513,1799.993940631799,392252.3049775671,0.0,0.0,400641.5341829577,384615.8728156394,0.41916164264194966,696.2259115254845,-552.4297019812383,718.3230996047341,29083.83119276951,2316.1388753132096
30.35,braking,0.0,1.2,5.233754229473939,-1.1695520401644899,-425757.3137871065,-395954.30182200903,-388057.55136920017,0.0,388057.55136920017,5259.835916592241,5102.0408355796135,96000.0,76387.22557425812,19612.990903815433,96000.21647807355,0.21647807354747783,24999.915842342,1,0,1499.9949505405154,1799.9939406331544,388057.55136920017,0.0,0.0,396446.9929151639,380589.11319855734,0.41972859470915247,696.4538843578413,-546.4670694592736,718.3125671362122,29102.880782227523,2335.268999963565
30.4,braking,0.0,1.2,5.1752796183289975,-1.1694922228988247,-421104.79210445855,-391627.45665714645,-383862.7941104552,0.0,383862.7941104552,5259.835914704234,5102.040834031172,96000.0,76387.40145798518,19612.77442574188,96000.17588372706,0.17588372706086375,24999.915842342034,1,0,1499.994950540518,1799.9939406344006,383862.7941104552,0.0,0.0,392252.3049775671,376562.2127784644,0.4202895543859688,696.6793742146688,-540.5100634749577,718.2997767536671,29121.729027368554,2354.1977831129902
30.45,braking,0.0,1.2,5.116807958177809,-1.1694332030237753,-416452.35887136654,-387300.6937503709,-379668.08056137984,0.0,379668.08056137984,5259.835912968697,5102.040832607656,96000.0,76387.54561269125,19612.59854201482,96000.14415470607,0.14415470606763847,24999.915842342063,1,0,1499.99495054052,1799.9939406355468,379668.08056137984,0.0,0.0,388057.55136920017,372535.24931443215,0.4208445215670118,696.9023834638009,-534.5587246564248,718.2847324500578,29140.3759246516,2372.925219665313
30.5,braking,0.0,1.2,5.058339210629875,-1.1693749509586837,-411800.04435729055,-382974.04125228024,-375473.44675842405,0.0,375473.44675842405,5259.835911372363,5102.040831297983,96000.0,76387.66495091925,19612.454387308753,96000.119338228,0.11933822800347116,24999.915842342092,1,0,1499.994950540522,1799.9939406366009,375473.44675842405,0.0,0.0,383862.7941104552,368508.282346037,0.42139349623820643,697.1229144802196,-528.6130676407327,718.267437185849,29158.821473603737,2391.4513079568246
30.55,braking,0.0,1.2,4.999873338449321,-1.169317443611071,-407147.87134085107,-378647.5203469915,-371278.91999253316,0.0,371278.91999253316,5259.835909904819,5102.0408300940335,96000.0,76387.76486257628,19612.33504908075,96000.09991165703,0.09991165703104343,24999.915842342118,1,0,1499.9949505405236,1799.9939406375704,371278.91999253316,0.0,0.0,379668.08056137984,364481.35733892466,0.42193647845522986,697.3409696374714,-522.6730870673046,718.2478931201636,29177.065676095724,2409.7760489489488
30.6,braking,0.0,1.2,4.94141030530193,-1.1692606629478242,-402495.856816405,-374321.1468392567,-367084.52080091136,0.0,367084.52080091136,5259.835908554639,5102.040828986307,96000.0,76387.84955032986,19612.23513742372,96000.08468775358,0.08468775358051062,24999.91584234214,1,0,1499.9949505405255,1799.9939406384617,367084.52080091136,0.0,0.0,375473.44675842405,360454.50888808706,0.4224734683268565,697.5565513010681,-516.7387622061246,718.2261017893131,29195.10853578238,2427.8994456046244
30.65,braking,0.0,1.2,4.882950075557876,-1.1692045948810836,-397844.0133122738,-369994.9323804146,-362890.2645056708,0.0,362890.2645056708,5259.835907313453,5102.040827968266,96000.0,76387.92229112567,19612.15044967014,96000.0727407958,0.07274079580383841,24999.91584234216,1,0,1499.994950540527,1799.9939406392816,362890.2645056708,0.0,0.0,371278.91999253316,356427.76319283183,0.423004466002098,697.7696618234236,-510.81006053116255,718.20206424467,29212.950057670492,2445.8215024066476
30.7,braking,0.0,1.2,4.824492614137899,-1.169149228399533,-393192.3499089026,-365668.8854152794,-358696.16240234603,0.0,358696.16240234603,5259.8359061714655,5102.0408270321905,96000.0,76387.98564009945,19612.077708874334,96000.06334897378,0.06334897378110327,24999.915842342183,1,0,1499.9949505405284,1799.9939406400351,358696.16240234603,0.0,0.0,367084.52080091136,352401.13996887486,0.42352947166026966,697.9803035399717,-504.88694047896394,718.1757811591302,29230.59024778506,2463.54222498569
30.75,braking,0.0,1.2,4.766037886393356,-1.1690945548908616,-388540.8730251875,-361343.0119134244,-354502.2226778666,0.0,354502.2226778666,5259.835905121938,5102.0408261709545,96000.0,76388.0415895726,19612.014359900553,96000.05594947316,0.055949473156942986,24999.9158423422,1,0,1499.9949505405295,1799.9939406407284,354502.2226778666,0.0,0.0,362890.2645056708,348374.65392544394,0.4240484855033199,698.188478766199,-498.96935357780876,718.1472529093113,29248.029112911547,2481.0616198330486
30.8,braking,0.0,1.2,4.707585858012655,-1.1690405676140259,-383889.5870256995,-357017.31593390054,-350308.45111950906,0.0,350308.45111950906,5259.835904156911,5102.040825379212,96000.0,76388.09169302534,19611.958410427396,96000.05010345274,0.05010345274058636,24999.915842342216,1,0,1499.994950540531,1799.9939406413655,350308.45111950906,0.0,0.0,358696.16240234603,344348.3159062522,0.4245615077499093,698.3941897953829,-493.0572460906929,718.1164796390105,29265.266660396952,2498.3796940788407
30.85,braking,0.0,1.2,4.649136494948305,-1.1689872612869934,-379238.4946895578,-352691.8000612888,-346114.85166237067,0.0,346114.85166237067,5259.835903269038,5102.040824651418,96000.0,76388.13716176158,19611.908306974656,96000.04546873624,0.0454687362362165,24999.915842342234,1,0,1499.994950540532,1799.9939406419517,346114.85166237067,0.0,0.0,354502.2226778666,340322.1337707519,0.42506853863083816,698.5974388968724,-487.15056028281623,718.0834613081851,29282.30289799616,2515.4964553207656
30.9,braking,0.0,1.2,4.5906897633600074,-1.16893463176595,-374587.5975724384,-348366.4657423677,-341921.42681210535,0.0,341921.42681210535,5259.835902452806,5102.04082398203,96000.0,76388.17894028126,19611.86283823842,96000.04177851968,0.04177851967688184,24999.91584234225,1,0,1499.994950540533,1799.9939406424905,341921.42681210535,0.0,0.0,350308.45111950906,336296.1130747287,0.42556957838551696,698.7982283147901,-481.24923539908605,718.0481977307535,29299.13783375337,2532.4119114919026
30.95,braking,0.0,1.2,4.532245629570267,-1.1688826757948156,-369936.8962860474,-344041.3135460241,-337728.1779713105,0.0,337728.1779713105,5259.835901702502,5102.040823366296,96000.0,76388.2177650501,19611.821059718743,96000.03882476884,0.03882476883882191,24999.91584234226,1,0,1499.994950540534,1799.9939406429862,337728.1779713105,0.0,0.0,346114.85166237067,332270.2575958758,0.4260646272592428,698.996560267056,-475.3532084176922,718.0106886037637,29315.77147591056,2549.126070758668
31.0,braking,0.0,1.2,4.473804060029766,-1.1688313908100056,-365286.3907138543,-339716.3433638845,-333535.10569150036,0.0,333535.10569150036,5259.83590101241,5102.040822800056,96000.0,76388.25421032391,19611.782234949904,96000.03644527381,0.036445273814024404,24999.915842342274,1,0,1499.9949505405348,1799.993940643442,333535.10569150036,0.0,0.0,341921.42681210535,328244.56973962113,0.426553685501096,699.192436944661,-469.46241463078167,717.9709335298924,29332.203832836825,2565.638941442055
31.05,braking,0.0,1.2,4.415365021290351,-1.1687807747883028,-360636.0801776061,-335391.5545651737,-329342.20986761106,0.0,329342.20986761106,5259.835900377632,5102.040822279553,96000.0,76388.28872387903,19611.74578967609,96000.03451355512,0.03451355511788279,24999.915842342285,1,0,1499.9949505405355,1799.9939406438612,329342.20986761106,0.0,0.0,337728.1779713105,324219.05085245805,0.4270367533623181,699.385860511133,-463.5767880916389,717.9289320347985,29348.434912973888,2581.950531956857
31.1,braking,0.0,1.2,4.356928479983946,-1.1687308261281082,-355985.96356583736,-331066.94611622876,-325149.4898881297,0.0,325149.4898881297,5259.835899793881,5102.04082180043,96000.0,76388.3216548721,19611.711276120972,96000.03293099307,0.032930993067566305,24999.915842342292,1,0,1499.9949505405364,1799.9939406442468,325149.4898881297,0.0,0.0,333535.10569150036,320193.7014638403,0.4275138310950603,699.5768331021502,-457.69626195881557,717.8846835805028,29364.464724794027,2598.0608507647644
31.15,braking,0.0,1.2,4.298494402806104,-1.1686815435568398,-351336.0394330391,-326742.5166727264,-320956.94475095894,0.0,320956.94475095894,5259.8358992572785,5102.04082136011,96000.0,76388.35327556344,19611.678345127904,96000.03162069134,0.03162069134123158,24999.915842342303,1,0,1499.994950540537,1799.9939406446013,320956.94475095894,0.0,0.0,329342.20986761106,316168.52147290664,0.4279849189514173,699.7653568252673,-451.8207687607126,717.8381875756958,29380.29327676762,2613.969906338183
31.2,braking,0.0,1.2,4.240062756503158,-1.168632926058919,-346686.3060761781,-322418.26465084567,-316764.57315282803,0.0,316764.57315282803,5259.835898763336,5102.040820955427,96000.0,76388.38379825494,19611.646724436563,96000.03052269151,0.03052269150794018,24999.91584234231,1,0,1499.9949505405375,1799.9939406449273,316764.57315282803,0.0,0.0,325149.4898881297,312143.5102926045,0.428450017182683,699.9514337597305,-445.95024059876806,717.7894433836813,29395.920577338147,2629.677707132321
31.25,braking,0.0,1.2,4.181633507862188,-1.1685849728194064,-342036.7615937317,-318094.1882821705,-312572.37355828215,0.0,312572.37355828215,5259.835898309397,5102.040820582819,96000.0,76388.41338849733,19611.616201745055,96000.02959024238,0.029590242382255383,24999.915842342318,1,0,1499.9949505405382,1799.9939406452268,312572.37355828215,0.0,0.0,320956.94475095894,308118.66696092056,0.4289091260387755,700.1350659563584,-440.0846093032663,717.7384503284891,29411.346634902857,2645.184261563659
31.3,braking,0.0,1.2,4.123206623703182,-1.1685376831801086,-337387.4039312282,-313770.2856560423,-308380.34425290854,0.0,308380.34425290854,5259.835897892198,5102.040820240898,96000.0,76388.44217538786,19611.586611502673,96000.02878689053,0.028786890528863296,24999.915842342325,1,0,1499.9949505405386,1799.9939406455023,308380.34425290854,0.0,0.0,316764.57315282803,304093.9902267149,0.42936224576779375,700.3162554374734,-434.2238065525889,717.685207699577,29426.57145779787,2660.48957799335
31.35,braking,0.0,1.2,4.064782070872906,-1.168491056605525,-332738.2309163738,-309446.5547522276,-304188.48338439537,0.0,304188.48338439537,5259.8358975080655,5102.0408199259045,96000.0,76388.4702596,19611.557824612144,96000.02808421214,0.028084212142857723,24999.915842342332,1,0,1499.994950540539,1799.9939406457559,304188.48338439537,0.0,0.0,312572.37355828215,300069.47861595085,0.4298093766156765,700.4950041968742,-428.3677639642613,717.6297147554446,29441.59505428673,2675.593664714417
31.4,braking,0.0,1.2,4.006359816240111,-1.168445092655901,-328089.2402861428,-305122.9934661128,-299996.78899420256,0.0,299996.78899420256,5259.835897155569,5102.040819636648,96000.0,76388.49771964429,19611.5297404,96000.0274600443,0.02746004429354798,24999.91584234234,1,0,1499.9949505405395,1799.9939406459887,299996.78899420256,0.0,0.0,308380.34425290854,296045.1304827922,0.43025051882593834,700.6713141998362,-422.51641316424457,717.571970726406,29456.41743255153,2690.496529941886
31.45,braking,0.0,1.2,3.9479398266917722,-1.168399790966772,-323440.4297076677,-300799.59962813096,-295805.25904198637,0.0,295805.25904198637,5259.835896830834,5102.040819370356,96000.0,76388.52461674997,19611.502280355708,96000.02689710568,0.02689710567938164,24999.915842342343,1,0,1499.9949505405398,1799.993940646203,295805.25904198637,0.0,0.0,304188.48338439537,292020.94404901954,0.43068567263946844,700.8451873831356,-416.66968583944714,717.5119748167134,29471.03860068614,2705.198181805181
31.5,braking,0.0,1.2,3.8895220691301478,-1.1683551512324897,-318791.7967943455,-296476.37101874134,-291613.8914244332,0.0,291613.8914244332,5259.835896532631,5102.040819124855,96000.0,76388.5509986716,19611.47538325003,96000.02638192163,0.026381921634310856,24999.91584234235,1,0,1499.9949505405402,1799.9939406464005,291613.8914244332,0.0,0.0,299996.78899420256,287996.91743443446,0.431114838294373,701.0166256550901,-410.8275137773022,717.4497262061823,29485.458566690933,2719.698628342267
31.55,braking,0.0,1.2,3.8311065104704674,-1.168311173193608,-314143.33911825443,-292153.30537997663,-287422.6839897819,0.0,287422.6839897819,5259.835896258104,5102.040818900142,96000.0,76388.57690265682,19611.449001328394,96000.02590398521,0.025903985209879465,24999.915842342354,1,0,1499.9949505405405,1799.9939406465817,287422.6839897819,0.0,0.0,295805.25904198637,283973.0486803069,0.43153801602585473,701.1856308956129,-404.98982889537075,717.3852240514277,29499.67733846872,2733.9978774951355
31.6,braking,0.0,1.2,3.772693117639108,-1.1682678566271854,-309495.0542197235,-287830.4004243429,-283231.63454901817,0.0,283231.63454901817,5259.835896005008,5102.040818692852,96000.0,76388.60235776064,19611.423097343184,96000.02545510382,0.025455103823333047,24999.915842342358,1,0,1499.994950540541,1799.9939406467483,283231.63454901817,0.0,0.0,291613.8914244332,279949.33576745586,0.43195520606612053,701.3522049562741,-399.1565632632599,717.3184674868045,29513.69492382165,2748.09593710633
31.65,braking,0.0,1.2,3.714281857572161,-1.1682252013389416,-304846.9396147089,-283507.6538416793,-279040.7408845027,0.0,279040.7408845027,5259.835895773346,5102.040818502588,96000.0,76388.62738664994,19611.39764223936,96000.0250288893,0.02502888930030167,24999.915842342365,1,0,1499.9949505405411,1799.9939406469014,279040.7408845027,0.0,0.0,287422.6839897819,275925.7766301906,0.43236640864431103,701.5163496603726,-393.3276491186206,717.2494556251174,29527.51133044885,2761.992814916271
31.7,braking,0.0,1.2,3.655872697214296,-1.1681832071572984,-300198.9928004757,-279185.0633044424,-274850.00075662154,0.0,274850.00075662154,5259.835895559644,5102.040818327965,96000.0,76388.65200701042,19611.37261335006,96000.02462036048,0.02462036047654692,24999.91584234237,1,0,1499.9949505405414,1799.993940647042,274850.00075662154,0.0,0.0,283231.63454901817,271902.36916705745,0.4327716239864439,701.6780668030094,-387.5030188785877,717.1781875581529,29541.126565944516,2775.6885185612027
31.75,braking,0.0,1.2,3.5974656035178616,-1.1681418739286897,-295551.2112599755,-274862.6264717772,-270659.41190890886,0.0,270659.41190890886,5259.835895363496,5102.040818167004,96000.0,76388.6762326436,19611.347992989584,96000.02422563318,0.02422563318395987,24999.915842342372,1,0,1499.9949505405418,1799.9939406471717,270659.41190890886,0.0,0.0,279040.7408845027,267879.1112491226,0.43317085231537367,701.8373581511669,-381.68260514770833,717.1046623570752,29554.540637796556,2789.183055571607
31.8,braking,0.0,1.2,3.5390605434421594,-1.1681012015140446,-290903.5924652181,-270540.34099265287,-266468.9720719939,0.0,266468.9720719939,5259.8358951834725,5102.040818019108,96000.0,76388.7000743223,19611.3237673564,96000.0238416787,0.023841678703320213,24999.915842342372,1,0,1499.994950540542,1799.9939406472906,266468.9720719939,0.0,0.0,274850.00075662154,263856.00072635664,0.4335640938507585,701.9942254437887,-375.86634072317537,717.0288790727157,29567.753553385486,2802.476433370994
31.85,braking,0.0,1.2,3.4806574839528723,-1.1680611897857407,-286256.13387986785,-266218.2045082771,-262278.67896664067,0.0,262278.67896664067,5259.835895017532,5102.040817883092,96000.0,76388.72354045746,19611.299925677697,96000.02346613516,0.023466135156922974,24999.915842342376,1,0,1499.9949505405423,1799.9939406474004,262278.67896664067,0.0,0.0,270659.41190890886,259833.0354325525,0.4339513488090352,702.148670391862,-370.05415859798234,716.9508367357813,29580.765319983584,2815.5686592749666
31.9,braking,0.0,1.2,3.4222563920215934,-1.1680218386255792,-281608.83296124084,-261896.214653954,-258088.5303060889,0.0,258088.5303060889,5259.835894865061,5102.040817757964,96000.0,76388.74663761846,19611.27645954254,96000.023097161,0.023097160999896005,24999.91584234238,1,0,1499.9949505405423,1799.9939406475012,258088.53030608888,0.0,0.0,266468.9720719939,255810.21318911415,0.4343326174034005,702.3006946785005,-364.24599196248704,716.870534357,29593.57594475426,2828.4597404905085
31.95,braking,0.0,1.2,3.3638572346254474,-1.1679831479229197,-276961.68716184323,-257574.36906051423,-253898.52379785475,0.0,253898.52379785475,5259.835894724838,5102.040817642342,96000.0,76388.76937093845,19611.25336238154,96000.02273331999,0.022733319987310097,24999.915842342383,1,0,1499.9949505405425,1799.9939406475942,253898.52379785475,0.0,0.0,262278.67896664067,251787.53180797503,0.4347078998437965,702.4502999590263,-358.441774204754,716.7879709272165,29606.185434751562,2841.1496841154353
32.0,braking,0.0,1.2,3.305459978746778,-1.1679451175733835,-272314.6939305533,-253252.66535541456,-249708.6571451179,0.0,249708.6571451179,5259.835894595841,5102.040817536419,96000.0,76388.79174443052,19611.230629061552,96000.02237349207,0.022373492072802037,24999.915842342383,1,0,1499.9949505405427,1799.9939406476794,249708.65714511788,0.0,0.0,258088.53030608888,247764.98909384533,0.4350771963368994,702.5974878610539,-352.6414389099602,716.7031454174523,29618.59379691982,2853.638497137981
32.05,braking,0.0,1.2,3.2470645913728875,-1.1679077474778143,-267667.85071353125,-248931.10116358407,-245518.92804778685,0.0,245518.92804778685,5259.835894476642,5102.04081743901,96000.0,76388.8137612343,19611.20825556948,96000.02201680378,0.022016803777660243,24999.915842342387,1,0,1499.994950540543,1799.9939406477579,245518.92804778685,0.0,0.0,253898.52379785475,243742.58284594055,0.435440507086112,702.7422599845712,-346.84491985908454,716.6160567789345,29630.801038093363,2865.9261864364757
32.1,braking,0.0,1.2,3.188671039495812,-1.1678710375415058,-263021.15495491726,-244609.67410807306,-241329.33420331977,0.0,241329.33420331977,5259.835894367444,5102.04081734952,96000.0,76388.83542380824,19611.186238765702,96000.02166257394,0.02166257394128479,24999.915842342387,1,0,1499.994950540543,1799.99394064783,241329.33420331977,0.0,0.0,249708.65714511788,239720.31085931315,0.43579783229155544,702.8846179020217,-341.0521510270536,716.5267039431038,29642.807164996262,2878.012758779107
32.15,braking,0.0,1.2,3.130279290112142,-1.1678349876734018,-258374.60409736808,-240288.38181055232,-237139.8733073534,0.0,237139.8733073534,5259.835894267022,5102.040817266961,96000.0,76388.85673407934,19611.16457619176,96000.0213102711,0.02131027109862771,24999.91584234239,1,0,1499.9949505405432,1799.9939406478964,237139.8733073534,0.0,0.0,245518.92804778685,235698.17092587537,0.4361491721500664,703.0245631583844,-335.2630665804702,716.4350858216031,29654.61218424223,2889.8982208237367
32.2,braking,0.0,1.2,3.0718893102228533,-1.167799597785777,-253728.19558246835,-235967.22189169558,-232950.54305418706,0.0,232950.54305418706,5259.835894174764,5102.0408171913305,96000.0,76388.87769356015,19611.143265920662,96000.02095948081,0.020959480811143294,24999.91584234239,1,0,1499.9949505405432,1799.9939406479573,232950.5430541871,0.0,0.0,241329.33420331977,231676.16083518698,0.43649452685519163,703.1620972712532,-329.47760087503,716.3412013062543,29666.21610233444,2901.5825791177635
32.25,braking,0.0,1.2,3.013501066833166,-1.167764867793748,-249081.92685104586,-231646.19197147267,-228761.34113715347,0.0,228761.34113715347,5259.835894089651,5102.04081712164,96000.0,76388.8983034399,19611.12230643985,96000.02060987975,0.020609879749827087,24999.915842342394,1,0,1499.9949505405434,1799.9939406480132,228761.34113715347,0.0,0.0,237139.8733073534,227654.27837505928,0.4368338965971874,703.2972217309158,-323.69568845269896,716.2450492690238,29677.618925665498,2913.0658400980196
32.3,braking,0.0,1.2,2.955114526952415,-1.1677307976150164,-244435.79534341287,-227325.28966937397,-224572.26524890296,0.0,224572.26524890296,5259.835894011682,5102.040817057888,96000.0,76388.91856465551,19611.1016965601,96000.02026121561,0.02026121561357286,24999.915842342394,1,0,1499.9949505405434,1799.9939406480648,224572.26524890296,0.0,0.0,232950.5430541871,223632.5213320196,0.4371672815630154,703.4299380004298,-317.917264038715,716.1466285619784,29688.820660517315,2924.348010090697
32.35,braking,0.0,1.2,2.896729657593936,-1.167697387169584,-239789.7984995501,-223004.5126045816,-220383.31308162108,0.0,220383.31308162108,5259.835893939837,5102.040816998493,96000.0,76388.93847794691,19611.081435344488,96000.0199132914,0.019913291398552246,24999.915842342394,1,0,1499.9949505405436,1799.9939406481126,220383.31308162108,0.0,0.0,228761.34113715347,219610.88749166732,0.43749468193634233,703.5602475156991,-312.14226253845726,716.0459380172374,29699.821313061104,2935.4290953112886
32.4,braking,0.0,1.2,2.8383464257749558,-1.1676646363796017,-235143.93375924721,-218683.8583960999,-216194.48232719436,0.0,216194.48232719436,5259.835893874111,5102.040816944244,96000.0,76388.9580439005,19611.06152205309,96000.01956595358,0.019565953582059592,24999.915842342398,1,0,1499.9949505405436,1799.9939406481562,216194.48232719436,0.0,0.0,224572.26524890296,215589.37463894684,0.43781609789753934,703.6881516855474,-306.37061903421943,715.9429764469162,29710.62088935732,2946.309101864554
32.45,braking,0.0,1.2,2.779964798516494,-1.167632545169237,-230498.19856220944,-214363.32466285478,-212005.7706773373,0.0,212005.7706773373,5259.83589381288,5102.04081689455,96000.0,76388.97726298252,19611.041956099507,96000.01921908202,0.01921908202348277,24999.915842342398,1,0,1499.9949505405436,1799.9939406481963,212005.7706773373,0.0,0.0,220383.31308162108,211567.9805583562,0.4381315296236799,703.8136518917921,-300.6022687819129,715.8377426430686,29721.219395355645,2956.9880357444863
32.5,braking,0.0,1.2,2.721584742843267,-1.1676011134645403,-225852.5903481382,-210042.90902376856,-207817.17582368804,0.0,207817.17582368804,5259.835893756954,5102.040816848817,96000.0,76388.99613556548,19611.022737017483,96000.01887258296,0.018872582964831963,24999.915842342398,1,0,1499.9949505405439,1799.9939406482329,207817.17582368804,0.0,0.0,216194.48232719436,207546.70303410658,0.43844097728854103,703.9367494893153,-294.837147207722,715.7302353776241,29731.616836894977,2967.465902834298
32.55,braking,0.0,1.2,2.663206225783599,-1.1675703411933558,-221207.10655679193,-205722.60909781652,-203628.6954578814,0.0,203628.6954578814,5259.835893705722,5102.040816807041,96000.0,76389.01466194866,19611.00386443452,96000.01852638318,0.018526383180869743,24999.915842342398,1,0,1499.9949505405439,1799.9939406482667,203628.6954578814,0.0,0.0,212005.7706773373,203525.5398502438,0.43874444106260124,704.0574458061336,-289.07518990472516,715.6204534023226,29741.813219703403,2977.742708906407
32.6,braking,0.0,1.2,2.6048292143693357,-1.1675402282852687,-216561.74462803104,-201402.42250406888,-199440.3272716036,0.0,199440.3272716036,5259.835893658574,5102.040816768434,96000.0,76389.03284237407,19610.985338051338,96000.01818042541,0.018180425409809686,24999.9158423424,1,0,1499.9949505405439,1799.9939406482977,199440.3272716036,0.0,0.0,207817.17582368804,199504.48879074052,0.43904192111304285,704.175742143468,-283.3163326294953,715.5083954486479,29751.80854939824,2987.8184596224314
32.65,braking,0.0,1.2,2.5464536756357594,-1.1675107746715252,-211916.5020018519,-197082.3468617223,-195252.06895663278,0.0,195252.06895663278,5259.835893615506,5102.040816732796,96000.0,76389.05067703874,19610.967157625928,96000.01783466467,0.01783466467168182,24999.9158423424,1,0,1499.9949505405439,1799.9939406483263,195252.06895663278,0.0,0.0,203628.6954578814,195483.54763956615,0.43933341760374917,704.2916397758102,-277.5605112986893,715.3940602277577,29761.602831485972,2997.6931605331893
32.7,braking,0.0,1.2,2.4880795766215082,-1.1674819802850234,-207271.37611841087,-192762.37979012213,-191063.9182048697,0.0,191063.9182048697,5259.835893575706,5102.040816699932,96000.0,76389.06816610471,19610.949322961256,96000.01748906597,0.017489065969130024,24999.9158423424,1,0,1499.994950540544,1799.9939406483527,191063.9182048697,0.0,0.0,199440.3272716036,191462.71418073945,0.4396189306953066,704.4051399509885,-271.80766198563106,715.2774464304138,29771.1960713623,3007.366817078697
32.75,braking,0.0,1.2,2.4297068843684952,-1.16745384506026,-202626.3644180423,-188442.51890877934,-186875.87270835927,0.0,186875.87270835927,5259.835893538965,5102.040816670234,96000.0,76389.08530970631,19610.93183389529,96000.0171436016,0.0171436015953077,24999.9158423424,1,0,1499.994950540544,1799.9939406483768,186875.87270835927,0.0,0.0,195252.06895663278,187441.98619836746,0.4398984605450039,704.5162438902329,-266.0577209168961,715.1585527269087,29780.588274312133,3016.8394345881748
32.8,braking,0.0,1.2,2.371335565921829,-1.167426368933322,-197981.46434127007,-184122.76183738117,-182687.93015930694,0.0,182687.93015930694,5259.835893505085,5102.040816642515,96000.0,76389.10210795628,19610.914690293692,96000.01679824997,0.016798249969724566,24999.9158423424,1,0,1499.994950540544,1799.993940648399,182687.93015930694,0.0,0.0,191063.9182048697,183421.3614766749,0.44017200730683237,704.6249527882377,-260.3106244688994,715.0373777669937,29789.779445509568,3026.1110182800508
32.85,braking,0.0,1.2,2.312965588329737,-1.1673995518418412,-193336.67332881602,-179803.1061957989,-178500.0882500891,0.0,178500.0882500891,5259.835893474468,5102.0408166169755,96000.0,76389.11856095023,19610.897892043722,96000.01645299395,0.01645299395022448,24999.915842342405,1,0,1499.994950540544,1799.9939406484195,178500.0882500891,0.0,0.0,186875.87270835927,179400.8378000249,0.4404395711314866,704.7312678132229,-254.56630916449143,714.9139201798025,29798.76959001795,3035.1815732619684
32.9,braking,0.0,1.2,2.2545969186434878,-1.1673733937249864,-188691.98882160475,-175483.54960409243,-174312.34467326052,0.0,174312.34467326052,5259.835893445892,5102.040816593613,96000.0,76389.13466877035,19610.881439049772,96000.01610782012,0.016107820119941607,24999.915842342405,1,0,1499.994950540544,1799.9939406484384,174312.34467326052,0.0,0.0,182687.93015930694,175380.41295293465,0.4407011521663641,704.835190106995,-248.824711669563,714.7881785737775,29807.558712789832,3044.051104530792
32.95,braking,0.0,1.2,2.1962295239173133,-1.1673478945234894,-184047.40826076575,-171164.08968251216,-170124.69712155886,0.0,170124.69712155886,5259.835893419563,5102.040816572232,96000.0,76389.1504314881,19610.865331229652,96000.01576271775,0.01576271775411442,24999.915842342405,1,0,1499.9949505405443,1799.9939406484555,170124.69712155886,0.0,0.0,178500.0882500891,171360.08472008552,0.44095675055556544,704.9367207850054,-243.08576878966085,714.6601515365918,29816.146818667,3052.7196169726176
33.0,braking,0.0,1.2,2.1378633712083355,-1.1673230541795565,-179402.92908763434,-166844.72405149994,-165937.1432879064,0.0,165937.1432879064,5259.835893395478,5102.040816552828,96000.0,76389.16584916644,19610.8495685119,96000.01541767834,0.01541767833987251,24999.915842342405,1,0,1499.9949505405443,1799.9939406484714,165937.1432879064,0.0,0.0,174312.34467326052,167339.8508863301,0.4412063664398951,705.0358609364074,-237.3494174666156,714.529837635072,29824.533912380477,3061.1871153627785
33.05,braking,0.0,1.2,2.0794984275764876,-1.167298872636957,-174758.54874375055,-162525.45033168801,-161749.68086541112,0.0,161749.68086541112,5259.835893373434,5102.0408165346125,96000.0,76389.18092186157,19610.834150833558,96000.01507269513,0.015072695125127211,24999.915842342405,1,0,1499.9949505405443,1799.9939406484862,161749.68086541112,0.0,0.0,170124.69712155886,163319.7092366965,0.4414499999568617,705.1326116241132,-231.61559477518216,714.3972354151205,29832.719998550554,3069.453604365854
33.1,braking,0.0,1.2,2.0211346600844404,-1.1672753498409438,-170114.26467085734,-158206.26614389734,-157562.30754736552,0.0,157562.30754736552,5259.835893353431,5102.040816517784,96000.0,76389.19564962416,19610.819078138433,96000.0147277626,0.014727762594702654,24999.915842342405,1,0,1499.9949505405443,1799.9939406484996,157562.30754736552,0.0,0.0,165937.1432879064,159299.65755639013,0.4416876512406779,705.2269738848477,-225.8842379196931,714.2623434016353,29840.705081686778,3077.5190885356815
33.15,braking,0.0,1.2,1.9627720357975282,-1.1672524857382438,-165470.07431089756,-153887.16910913473,-153375.02102724498,0.0,153375.02102724498,5259.835893334652,5102.040816502342,96000.0,76389.21003250049,19610.804350375838,96000.01438287632,0.014382876324816607,24999.915842342405,1,0,1499.9949505405443,1799.993940648512,153375.02102724498,0.0,0.0,161749.68086541112,155279.69363079467,0.4419193204222602,705.3189487292013,-220.1552842307267,714.1251600984305,29848.48916618794,3085.383572315361
33.2,braking,0.0,1.2,1.9044105217836709,-1.1672302802771473,-160825.97510601056,-149568.15684858983,-149187.81899870525,0.0,149187.81899870525,5259.835893317303,5102.040816488086,96000.0,76389.22407053315,19610.789967499513,96000.01403803266,0.014038032662938349,24999.915842342405,1,0,1499.9949505405443,1799.9939406485234,149187.81899870525,0.0,0.0,157562.30754736552,151259.8152454709,0.4421450076292304,705.4085371416829,-214.42867116178667,713.9856839881544,29856.072256342144,3093.0470600372673
33.25,braking,0.0,1.2,1.8460500851133006,-1.1672087334074055,-156181.9644985286,-145249.2269836316,-145000.69915557912,0.0,145000.69915557912,5259.835893301383,5102.04081647502,96000.0,76389.23776376178,19610.77592946685,96000.01369322863,0.013693228625925258,24999.915842342405,1,0,1499.9949505405443,1799.993940648534,145000.69915557912,0.0,0.0,153375.02102724498,147240.02018615516,0.442364712985915,705.4957400807693,-208.70433628599693,713.8439135322092,29863.454356326743,3100.509555923058
33.3,braking,0.0,1.2,1.7876906928592873,-1.1671878450802664,-151538.03993097195,-140930.37713580392,-140813.6591918734,0.0,140813.6591918734,5259.835893286687,5102.0408164629425,96000.0,76389.25111222347,19610.762236238224,96000.0133484617,0.013348461696295999,24999.915842342405,1,0,1499.9949505405443,1799.9939406485435,140813.6591918734,0.0,0.0,149187.81899870525,143220.30623875704,0.442578436613346,705.5805584789548,-202.98221729280942,713.6998471706672,29870.635470208425,3107.771064083681
33.35,braking,0.0,1.2,1.729332312096864,-1.1671676152484656,-146894.19884604466,-136611.60492682154,-136626.69680176434,0.0,136626.69680176434,5259.835893273216,5102.040816452053,96000.0,76389.26411595319,19610.748887776528,96000.01300372972,0.013003729720367119,24999.91584234241,1,0,1499.9949505405443,1799.9939406485523,136626.69680176434,0.0,0.0,145000.69915557912,139200.67118935595,0.44278617862925995,705.6629932427983,-197.26225198472468,713.5534833221873,29877.615601943136,3114.831588519384
33.4,braking,0.0,1.2,1.6709749099035525,-1.1671480438662307,-142250.4386866296,-132292.90797856555,-132439.80967959386,0.0,132439.80967959386,5259.835893260766,5102.040816441956,96000.0,76389.2767749841,19610.735884046808,96000.01265903091,0.012659030908253044,24999.91584234241,1,0,1499.9949505405443,1799.9939406485605,132439.80967959386,0.0,0.0,140813.6591918734,135181.11282419844,0.4429879391481006,705.7430452529704,-191.5443782740266,713.4048203839315,29884.39475537618,3121.6911331197225
33.45,braking,0.0,1.2,1.6126184533590877,-1.167129130889295,-137606.75689578344,-127974.28391307862,-128252.99551986526,0.0,128252.99551986526,5259.835893249539,5102.040816432652,96000.0,76389.28908934773,19610.7232250159,96000.01231436363,0.012314363630139269,24999.91584234241,1,0,1499.9949505405446,1799.993940648568,128252.99551986526,0.0,0.0,136626.69680176434,131161.62892969375,0.44318371828101577,705.8207153642976,-185.82853417952867,713.2538567314788,29890.97293424213,3128.3497016635697
33.5,braking,0.0,1.2,1.5542629095453442,-1.1671108762748705,-132963.15091673168,-123655.73035256047,-124066.25201723837,0.0,124066.25201723837,5259.83589323913,5102.040816424335,96000.0,76389.30105907416,19610.71091065227,96000.01196972643,0.011969726430834271,24999.91584234241,1,0,1499.9949505405446,1799.9939406485748,124066.25201723837,0.0,0.0,132439.80967959386,127142.2172924101,0.443373516135861,705.8960044058064,-180.11465782333346,713.1005907187397,29897.35014216493,3134.807297819122
33.55,low_speed_blending,0.0,1.2,1.4959082455462616,-1.1670932799816525,-128319.61819286318,-119337.24491936277,-119879.5768665253,0.0,119879.5768665253,5259.835893229538,5102.0408164164155,96000.0,76389.31268419225,19610.69894092584,96000.01162511809,0.011625118087977171,24999.91584234241,1,0,1499.9949505405446,1799.9939406485814,119879.57686652528,0.0,0.0,128252.99551986526,123122.87569907065,0.4435573328171979,705.9689131807652,-174.4026874276045,712.9450206778694,29903.52638265785,3141.0639251439093
33.6,low_speed_blending,0.0,1.2,1.43755442844777,-1.1670763419698327,-123676.15616772488,-115018.82523598414,-115692.96776268544,0.0,115692.96776268544,5259.835893220964,5102.040816409288,96000.0,76389.32396472966,19610.687315807747,96000.01128053741,0.01128053740831092,24999.91584234241,1,0,1499.9949505405446,1799.993940648587,115692.96776268545,0.0,0.0,124066.25201723837,119103.60193654883,0.4437351684262944,706.0394424667257,-168.69256131134904,712.7871449191797,29909.501659123493,3147.1195870847996
33.65,low_speed_blending,0.0,1.2,1.3792014253377163,-1.167060062201073,-119031.44340773155,-110699.24236919035,-111506.42240082075,0.0,111506.42240082075,5259.835893212799,5102.040816402359,96000.0,76389.334900713,19610.676035270342,96000.01093598334,0.010935983344097622,24999.91584234241,1,0,1499.9949505405446,1799.9939406485926,111506.42240082075,0.0,0.0,119879.57686652528,115084.39379186426,0.44390702306112517,706.1075930155616,-162.98421788721362,712.6269617310502,29915.275974853805,3152.9742869780102
33.7,low_speed_blending,0.0,1.2,1.3208492033057886,-1.1670444406385538,-114104.76785065023,-106117.43410110472,-107318.74937641078,0.0,107318.74937641078,5259.835893205452,5102.040816396419,96000.0,76388.49910189126,19610.665099286998,95999.16420117825,-0.8357988217467209,24999.91584234241,1,0,1499.9949505405446,1799.9939406485973,107318.74937641078,0.0,0.0,115692.96776268545,111065.24905217803,0.4440728968163725,706.1733655535081,-157.27759565828939,712.4644693798397,29920.849333030117,3158.6280280491114
33.75,low_speed_blending,0.0,1.2,1.262498226930367,-1.1670195275084305,-108556.33489061536,-100957.39144827229,-102876.85869414624,0.0,102876.85869414624,5259.835893198308,5102.040816390678,96000.0,76199.25546394996,19610.834981789594,95810.09044573955,-189.9095542604482,24999.91584234241,1,0,1499.9949505405446,1799.993940648602,102876.85869414624,0.0,0.0,111506.42240082075,107046.16550478792,0.44423278978342523,706.2367607811973,-151.5726332149289,712.2996661097944,29926.221736723088,3164.0808134130357
33.8,low_speed_blending,0.0,1.2,1.2042590984339303,-1.164782569928735,-102244.37645975637,-95087.27010757344,-97874.3915373788,0.0,97874.3915373788,5259.835893192185,5102.040816385728,96000.0,75561.17589529933,19645.25974367368,95206.43563897301,-793.5643610269908,24999.91584234241,1,0,1499.9949505405446,1799.993940648606,97874.3915373788,0.0,0.0,107318.74937641078,103025.99940135435,0.444386700521538,706.297778767611,-145.86765313225257,712.1324848929012,29931.39313752368,3169.3326175356888
33.85,low_speed_blending,0.0,1.2,1.1463754641215884,-1.1576726862468378,-95166.95794360903,-88505.2708875564,-92183.52981611635,0.0,92183.52981611635,5259.835893186265,5102.040816380779,96000.0,74311.739111253,19789.108557781197,94100.8476690342,-1899.1523309657932,24999.91584234241,1,0,1499.9949505405446,1799.9939406486099,92183.52981611635,0.0,0.0,102876.85869414624,98761.78434638039,0.44453430201834143,706.3562905009562,-139.81865196717843,711.9490365796433,29936.352547816274,3174.3773121293825
33.9,low_speed_blending,0.0,1.2,1.0891423114158323,-1.1446630541151226,-87428.64349480084,-81308.63845016478,-85802.5292819579,0.0,85802.5292819579,5259.835893181164,5102.040816376621,96000.0,72067.12751898756,20133.366470605564,92200.49398959312,-3799.5060104068834,24999.91584234241,1,0,1499.9949505405446,1799.9939406486133,85802.5292819579,0.0,0.0,97874.3915373788,93959.41587588364,0.4446748372158457,706.4119965295561,-133.00937177947884,711.7323714007352,29941.074530452417,3179.195342134939
33.95,low_speed_blending,0.0,1.2,1.032851851492314,-1.1258091984703666,-79209.88782635072,-73665.19567850618,-78825.66497491243,0.0,78825.66497491243,5259.83589317606,5102.0408163726615,96000.0,67897.48967222519,20822.100063787697,88719.58973601289,-7280.410263987113,24999.91584234241,1,0,1499.9949505405446,1799.9939406486164,78825.66497491243,0.0,0.0,92183.52981611635,88496.1886234717,0.44480734095297175,706.4645149854763,-125.26628973755466,711.4751665749785,29945.52665601985,3183.756732247423
34.0,low_speed_blending,0.0,1.2,0.9777259858007803,-1.1025173138306732,-70681.32577779965,-65733.63297335367,-71415.63486423781,0.0,71415.63486423781,5259.835893171774,5102.040816368702,96000.0,62088.58098700989,22141.814549623974,84230.39553663386,-11769.604463366137,24999.91584234241,1,0,1499.9949505405446,1799.9939406486196,71415.63486423781,0.0,0.0,85802.5292819579,82370.42811067958,0.444930827566308,706.513455949094,-116.58720356575144,711.1769440917241,29949.675806227948,3188.028397665777
34.05,low_speed_blending,0.0,1.2,0.9238019003315812,-1.0784817093839827,-61928.55482643812,-57593.55598858745,-63726.28332126417,0.0,63726.28332126417,5259.835893167691,5102.040816365534,96000.0,55065.12527447986,24275.28188726838,79340.40716174824,-16659.59283825176,24999.91584234241,1,0,1499.9949505405446,1799.9939406486221,63726.28332126416,0.0,0.0,78825.66497491243,75672.63837591594,0.44504443235403046,706.5584774937295,-107.10031906253296,710.8424902562308,29953.492927095424,3191.9794743279417
34.1,low_speed_blending,0.0,1.2,0.8709939959422847,-1.05615808778593,-53170.98191972021,-49449.0131853398,-55834.785031516614,0.0,55834.785031516614,5259.835893163609,5102.040816362564,96000.0,47219.36890630843,27295.15373508572,74514.52264139416,-21485.477358605844,24999.91584234241,1,0,1499.9949505405446,1799.9939406486246,55834.785031516614,0.0,0.0,71415.63486423781,68559.0094696683,0.4451475132652809,706.5993259468603,-97.02671224289317,710.480394436576,29956.956445713437,3195.5852655240815
34.15,low_speed_blending,0.0,1.2,0.8191976001301817,-1.0359279162420587,-44679.159675690214,-41551.6184983919,-47938.95729881974,0.0,47938.95729881974,5259.835893160344,5102.040816359595,96000.0,39061.51065641474,31189.810035640276,70251.32069205501,-25748.679307944985,24999.91584234241,1,0,1499.9949505405446,1799.993940648627,47938.95729881974,0.0,0.0,63726.28332126416,61177.231988413594,0.4452396492916745,706.6358352102854,-86.57533193205248,710.0988484875676,29960.052216200264,3198.828671560533
34.2,low_speed_blending,0.0,1.2,0.7682590568304216,-1.0187708659952022,-36712.060015059375,-34142.21581400522,-40282.7303636023,0.0,40282.7303636023,5259.835893157283,5102.040816356624,96000.0,31117.405326214124,35857.25374302801,66974.65906924213,-29025.34093075787,24999.91584234241,1,0,1499.9949505405446,1799.9939406486294,40282.7303636023,0.0,0.0,55834.785031516614,53601.393630255945,0.44532054062718956,706.6678871656941,-75.85089771836186,709.7019230744286,29962.77016507357,3201.698137201
34.25,low_speed_blending,0.0,1.2,0.7179731481201846,-1.0057181742047394,-29482.85531731738,-27419.055445105165,-33099.59330957753,0.0,33099.59330957753,5259.835893154221,5102.040816354446,96000.0,23831.424191522,41118.655435201326,64950.07962672332,-31049.920373276676,24999.91584234241,1,0,1499.9949505405446,1799.993940648631,33099.59330957753,0.0,0.0,47938.95729881974,46021.39900686695,0.4453901528272928,706.695468772288,-65.12196701475669,709.3003474528782,29965.109134997037,3204.188707016928
34.3,low_speed_blending,0.0,1.2,0.6681018730339443,-0.9974255017248068,-23136.12533860652,-21516.596564904063,-26581.74235409335,0.0,26581.74235409335,5259.835893151159,5102.040816352467,96000.0,17511.73875641261,46747.051118253825,64258.789874666436,-31741.210125333564,24999.91584234241,1,0,1499.9949505405446,1799.9939406486326,26581.74235409335,0.0,0.0,40282.7303636023,38671.4211490582,0.44544879333165993,706.7187023602315,-54.71967986683681,708.907489554905,29967.079455943775,3206.306027520826
34.35,low_speed_blending,0.0,1.2,0.6183983860285722,-0.9940697401074416,-17742.339147920546,-16500.37540756611,-20859.530605287637,0.0,20859.530605287637,5259.835893148914,5102.040816350486,96000.0,12314.898805641395,52500.75637406658,64815.655179707974,-31184.344820292026,24999.91584234241,1,0,1499.9949505405446,1799.9939406486342,20859.530605287637,0.0,0.0,33099.59330957753,31775.60957719443,0.44549710462739545,706.7378429031104,-44.960956734208274,708.5362811724788,29968.70271548049,3208.0672032889825
34.4,low_speed_blending,0.0,1.2,0.5686283166129863,-0.9954013883117185,-13304.11822594842,-12372.82995013203,-15996.492975765163,0.0,15996.492975765163,5259.835893146873,5102.040816348507,96000.0,8259.079462467414,58153.51907539745,66412.59853786486,-29587.401462135138,24999.91584234241,1,0,1499.9949505405446,1799.9939406486358,15996.492975765164,0.0,0.0,26581.74235409335,25518.472659929615,0.4455360096666093,706.7532563867684,-36.10662197779067,708.19752126588,29970.009924798072,3209.4995553449107
34.45,low_speed_blending,0.0,1.2,0.5185848585461516,-1.000869161336695,-9768.586612740575,-9084.785549848735,-11994.992992515094,0.0,11994.992992515094,5259.835893144831,5102.040816346527,96000.0,5255.9520161791825,63516.805056818106,68772.7570729973,-27227.242927002706,24999.91584234241,1,0,1499.9949505405446,1799.9939406486376,11994.992992515094,0.0,0.0,20859.530605287637,20025.14938107613,0.4455666264548667,706.7653859766516,-28.33351742799933,707.8987266737715,29971.03864888352,3210.638145895936
34.5,low_speed_blending,0.0,1.2,0.4680968086009429,-1.0097609989041734,-7041.92869863915,-6548.99368973441,-8807.357690046903,0.0,8807.357690046903,5259.835893142791,5102.040816344547,96000.0,3149.9851608728954,68452.26687795874,71602.25203883163,-24397.747961168367,24999.91584234241,1,0,1499.9949505405446,1799.993940648639,8807.357690046903,0.0,0.0,15996.492975765164,15356.633256734558,0.44559017330735057,706.7747144968588,-21.727762668570694,707.6438250036016,29971.82982312698,3211.5226904618817
34.55,low_speed_blending,0.0,1.2,0.4170309614970592,-1.0213169420776735,-5004.129421978504,-4653.840362440009,-6349.002914693057,0.0,6349.002914693057,5259.83589314075,5102.040816343359,96000.0,1756.107020462621,72874.82827747295,74630.93529793556,-21369.06470206444,24999.91584234241,1,0,1499.9949505405446,1799.9939406486399,6349.002914693057,0.0,0.0,11994.992992515094,11515.19327281449,0.44560788065448026,706.7817295081339,-16.292432008433753,707.4334267884713,29972.42478999054,3212.19448612512
34.6,low_speed_blending,0.0,1.2,0.3652914165745142,-1.0347908984509002,-3517.7968915978568,-3271.551109186007,-4511.723086855819,0.0,4511.723086855819,5259.835893138708,5102.04081634237,96000.0,890.356712855595,76748.38254344402,77638.73925629961,-18361.26074370039,24999.91584234241,1,0,1499.9949505405446,1799.9939406486408,4511.723086855819,0.0,0.0,8807.357690046903,8455.063382445027,0.4456209179705093,706.7868943772835,-11.962677080896334,707.2654014605193,29972.862843809115,3212.6937425415013
34.65,low_speed_blending,0.0,1.2,0.3128182424497303,-1.0494634824956783,-2440.7863142297365,-2269.931272233655,-3171.6456774646276,0.0,3171.6456774646276,5259.835893137484,5102.0408163413795,96000.0,390.6839455312958,80076.7144509934,80467.3983965247,-15532.601603475297,24999.91584234241,1,0,1499.9949505405446,1799.9939406486415,3171.6456774646276,0.0,0.0,6349.002914693057,6095.042798105334,0.44563033916821226,706.7906266598326,-8.623547862978077,707.1355685743517,29973.17939605193,3213.057495196015
34.7,low_speed_blending,0.0,1.2,0.2595933273239242,-1.0644983025161214,-1665.050106023379,-1548.4965986017426,-2200.6129409095306,0.0,2200.6129409095306,5259.835893136463,5102.040816340389,96000.0,130.19127822732267,82892.2974463951,83022.48872462242,-12977.511275377576,24999.91584234241,1,0,1499.9949505405446,1799.9939406486424,2200.6129409095306,0.0,0.0,4511.723086855819,4331.254163381586,0.4456370469554546,706.7932839911925,-6.128035256536986,707.038405401454,29973.404777703276,3213.3181526200524
34.75,low_speed_blending,0.0,1.2,0.20565161242682248,-1.0788342979420344,-1110.4686205497694,-1032.7358171112855,-1501.2091755906786,0.0,1501.2091755906786,5259.835893135442,5102.0408163394,96000.0,20.452346188766207,85244.7211422048,85265.17348839357,-10734.826511606429,24999.91584234241,1,0,1499.9949505405446,1799.993940648643,1501.2091755906786,0.0,0.0,3171.6456774646276,3044.7798503660424,0.4456417693174811,706.7951547780937,-4.307867463129378,706.9674694766188,29973.563449067366,3213.502553470396
34.8,low_speed_blending,0.0,1.2,0.15105782109531973,-1.0918758266300548,-717.685420393147,-667.4474409656267,-1001.198508287672,0.0,1001.198508287672,5259.835893134421,5102.04081633841,96000.0,0.0,87190.61505980222,87190.61505980222,-8809.384940197779,24999.91584234241,1,0,1499.9949505405446,1799.993940648644,1001.1985082876721,0.0,0.0,2200.6129409095306,2112.588423273149,0.445645051769216,706.7964551345465,-2.9889629580428423,706.9160136528682,29973.673739445658,3213.631487677237
34.85,low_speed_blending,0.0,1.2,0.09588928543364719,-1.1033707132334507,-433.2767139755087,-402.94734399722313,-647.0651750264612,0.0,647.0651750264612,5259.835893133402,5102.0408163374195,96000.0,0.0,88787.48563375803,88787.48563375803,-7212.514366241972,24999.91584234241,1,0,1499.9949505405446,1799.9939406486446,647.0651750264612,0.0,0.0,1501.2091755906786,1441.1608085670514,0.4456472962685761,706.7973443006154,-2.0390014481351764,706.8789043585408,29973.749154624158,3213.720331408033
34.9,stop_hold,0.0,1.2,0.0402252789610453,-1.1132801294520378,-117.07979789235746,-108.88421203989245,-390.64228532031865,0.0,390.64228532031865,5259.835893132382,5102.04081633643,96000.0,0.0,90094.89268134095,90094.89268134095,-5905.107318659051,24999.91584234241,1,0,1499.9949505405446,1799.9939406486455,390.64228532031865,0.0,0.0,1001.1985082876721,961.1505679561652,0.4456487979822547,706.7979392089811,-1.3598661153877232,706.8523338535966,29973.79961220376,3213.780389192446
34.95,stop_hold,0.0,1.2,0.0,-0.804505579220906,-27.340997075452574,-25.427127280170893,-105.5591457797495,0.0,105.5591457797495,5259.835893131361,5102.0408163354405,96000.0,0.0,91165.30703798798,91165.30703798798,-4834.692962012021,24999.91584234241,1,0,1499.9949505405446,1799.9939406486462,105.5591457797495,0.0,0.0,647.0651750264612,621.1825680254028,0.4456497729515524,706.7983254457167,-0.8788681943094256,706.8334801734891,29973.83237117216,3213.8199475208457
35.0,stop_hold,0.0,1.2,0.0,0.0,-4.2193820293304265,-3.924025287277297,-24.65064296322804,0.0,24.65064296322804,5259.835893130339,5102.04081633445,96000.0,0.0,92041.68819031105,92041.68819031105,-3958.311809688952,24999.91584234241,1,0,1499.9949505405446,1799.9939406486471,24.65064296322804,0.0,0.0,390.64228532031865,375.01659390750586,0.44565036764380145,706.798561034563,-0.530584829372859,706.8197844277379,29973.852352831727,3213.844852499894
35.05,stop_hold,0.0,1.2,0.0,0.0,-0.0,-0.0,-3.804194837644312,0.0,3.804194837644312,5259.83589312932,5102.0408163334605,96000.0,0.0,92759.20839113591,92759.20839113591,-3240.7916088640923,24999.91584234241,1,0,1499.9949505405446,1799.993940648648,3.8041948376443124,0.0,0.0,105.5591457797495,101.33677994855951,0.4456505591687438,706.798636907639,-0.1433743284960547,706.8043718807788,29973.858788069792,3213.85676133424
35.1,stop_hold,0.0,1.2,0.0,0.0,-0.0,-0.0,-0.0,-0.0,0.0,5259.835893128299,5102.04081633247,96000.0,0.0,93346.6642455059,93346.6642455059,-2653.3357544940955,24999.91584234241,1,0,1499.9949505405446,1799.9939406486487,0.0,0.0,0.0,24.65064296322804,23.664617244698917,0.4456506059423055,706.798655437099,-0.03348141236921882,706.7999946935938,29973.860359661463,3213.85988636917
35.15,stop_hold,0.0,1.2,0.0,0.0,-0.0,-0.0,-0.0,-0.0,0.0,5259.835893127278,5102.040816332273,96000.0,0.0,93827.63241955433,93827.63241955433,-2172.3675804456725,24999.91584234241,1,0,1499.9949505405446,1799.9939406486487,0.0,0.0,0.0,3.8041948376443124,3.65202704413854,0.4456506143549333,706.7986587697819,-0.0051669976998754835,706.79886544969,29973.86064232576,3213.860569285277
35.2,stop_hold,0.0,1.2,0.0,0.0,-0.0,-0.0,-0.0,-0.0,0.0,5259.835893126257,5102.040816332273,96000.0,0.0,94221.41585489953,94221.41585489953,-1778.5841451004671,24999.91584234241,1,0,1499.9949505405446,1799.9939406486487,0.0,0.0,0.0,0.0,0.0,0.44565061489838975,706.7986589850735,-0.0,706.7986589850735,29973.860660585895,3213.8606605859536
35.25,stop_hold,0.0,1.2,0.0,0.0,-0.0,-0.0,-0.0,-0.0,0.0,5259.8358931260545,5102.040816332273,96000.0,0.0,94543.81846346933,94543.81846346933,-1456.1815365306684,24999.91584234241,1,0,1499.9949505405446,1799.9939406486487,0.0,0.0,0.0,0.0,0.0,0.44565061489838975,706.7986589850735,-0.0,706.7986589850735,29973.860660585895,3213.8606605859536
35.3,stop_hold,0.0,1.2,0.0,0.0,-0.0,-0.0,-0.0,-0.0,0.0,5259.8358931260545,5102.040816332273,96000.0,0.0,94807.779393978,94807.779393978,-1192.220606022005,24999.91584234241,1,0,1499.9949505405446,1799.9939406486487,0.0,0.0,0.0,0.0,0.0,0.44565061489838975,706.7986589850735,-0.0,706.7986589850735,29973.860660585895,3213.8606605859536
35.35,stop_hold,0.0,1.2,0.0,0.0,-0.0,-0.0,-0.0,-0.0,0.0,5259.8358931260545,5102.040816332273,96000.0,0.0,95023.89232539652,95023.89232539652,-976.1076746034814,24999.91584234241,1,0,1499.9949505405446,1799.9939406486487,0.0,0.0,0.0,0.0,0.0,0.44565061489838975,706.7986589850735,-0.0,706.7986589850735,29973.860660585895,3213.8606605859536
35.4,stop_hold,0.0,1.2,0.0,0.0,-0.0,-0.0,-0.0,-0.0,0.0,5259.8358931260545,5102.040816332273,96000.0,0.0,95200.8306284867,95200.8306284867,-799.1693715133006,24999.91584234241,1,0,1499.9949505405446,1799.9939406486487,0.0,0.0,0.0,0.0,0.0,0.44565061489838975,706.7986589850735,-0.0,706.7986589850735,29973.860660585895,3213.8606605859536
35.45,stop_hold,0.0,1.2,0.0,0.0,-0.0,-0.0,-0.0,-0.0,0.0,5259.8358931260545,5102.040816332273,96000.0,0.0,95345.69545862406,95345.69545862406,-654.3045413759392,24999.91584234241,1,0,1499.9949505405446,1799.9939406486487,0.0,0.0,0.0,0.0,0.0,0.44565061489838975,706.7986589850735,-0.0,706.7986589850735,29973.860660585895,3213.8606605859536
35.5,stop_hold,0.0,1.2,0.0,0.0,-0.0,-0.0,-0.0,-0.0,0.0,5259.8358931260545,5102.040816332273,96000.0,0.0,95464.30075009694,95464.30075009694,-535.6992499030603,24999.91584234241,1,0,1499.9949505405446,1799.9939406486487,0.0,0.0,0.0,0.0,0.0,0.44565061489838975,706.7986589850735,-0.0,706.7986589850735,29973.860660585895,3213.8606605859536
35.55,stop_hold,0.0,1.2,0.0,0.0,-0.0,-0.0,-0.0,-0.0,0.0,5259.8358931260545,5102.040816332273,96000.0,0.0,95561.40654970356,95561.40654970356,-438.59345029643737,24999.91584234241,1,0,1499.9949505405446,1799.9939406486487,0.0,0.0,0.0,0.0,0.0,0.44565061489838975,706.7986589850735,-0.0,706.7986589850735,29973.860660585895,3213.8606605859536
35.6,stop_hold,0.0,1.2,0.0,0.0,-0.0,-0.0,-0.0,-0.0,0.0,5259.8358931260545,5102.040816332273,96000.0,0.0,95640.91005414374,95640.91005414374,-359.0899458562635,24999.91584234241,1,0,1499.9949505405446,1799.9939406486487,0.0,0.0,0.0,0.0,0.0,0.44565061489838975,706.7986589850735,-0.0,706.7986589850735,29973.860660585895,3213.8606605859536
35.65,stop_hold,0.0,1.2,0.0,0.0,-0.0,-0.0,-0.0,-0.0,0.0,5259.8358931260545,5102.040816332273,96000.0,0.0,95706.00201820636,95706.00201820636,-293.99798179364007,24999.91584234241,1,0,1499.9949505405446,1799.9939406486487,0.0,0.0,0.0,0.0,0.0,0.44565061489838975,706.7986589850735,-0.0,706.7986589850735,29973.860660585895,3213.8606605859536
35.7,stop_hold,0.0,1.2,0.0,0.0,-0.0,-0.0,-0.0,-0.0,0.0,5259.8358931260545,5102.040816332273,96000.0,0.0,95759.29481096267,95759.29481096267,-240.7051890373259,24999.91584234241,1,0,1499.9949505405446,1799.9939406486487,0.0,0.0,0.0,0.0,0.0,0.44565061489838975,706.7986589850735,-0.0,706.7986589850735,29973.860660585895,3213.8606605859536
35.75,stop_hold,0.0,1.2,0.0,0.0,-0.0,-0.0,-0.0,-0.0,0.0,5259.8358931260545,5102.040816332273,96000.0,0.0,95802.9272593097,95802.9272593097,-197.07274069030245,24999.91584234241,1,0,1499.9949505405446,1799.9939406486487,0.0,0.0,0.0,0.0,0.0,0.44565061489838975,706.7986589850735,-0.0,706.7986589850735,29973.860660585895,3213.8606605859536
35.8,stop_hold,0.0,1.2,0.0,0.0,-0.0,-0.0,-0.0,-0.0,0.0,5259.8358931260545,5102.040816332273,96000.0,0.0,95838.65048660348,95838.65048660348,-161.3495133965189,24999.91584234241,1,0,1499.9949505405446,1799.9939406486487,0.0,0.0,0.0,0.0,0.0,0.44565061489838975,706.7986589850735,-0.0,706.7986589850735,29973.860660585895,3213.8606605859536
35.85,stop_hold,0.0,1.2,0.0,0.0,-0.0,-0.0,-0.0,-0.0,0.0,5259.8358931260545,5102.040816332273,96000.0,0.0,95867.89819138807,95867.89819138807,-132.1018086119293,24999.91584234241,1,0,1499.9949505405446,1799.9939406486487,0.0,0.0,0.0,0.0,0.0,0.44565061489838975,706.7986589850735,-0.0,706.7986589850735,29973.860660585895,3213.8606605859536
35.9,stop_hold,0.0,1.2,0.0,0.0,-0.0,-0.0,-0.0,-0.0,0.0,5259.8358931260545,5102.040816332273,96000.0,0.0,95891.8441867522,95891.8441867522,-108.15581324779487,24999.91584234241,1,0,1499.9949505405446,1799.9939406486487,0.0,0.0,0.0,0.0,0.0,0.44565061489838975,706.7986589850735,-0.0,706.7986589850735,29973.860660585895,3213.8606605859536
35.95,stop_hold,0.0,1.2,0.0,0.0,-0.0,-0.0,-0.0,-0.0,0.0,5259.8358931260545,5102.040816332273,96000.0,0.0,95911.44950956987,95911.44950956987,-88.55049043013423,24999.91584234241,1,0,1499.9949505405446,1799.9939406486487,0.0,0.0,0.0,0.0,0.0,0.44565061489838975,706.7986589850735,-0.0,706.7986589850735,29973.860660585895,3213.8606605859536
36.0,stop_hold,0.0,1.2,0.0,0.0,-0.0,-0.0,-0.0,-0.0,0.0,5259.8358931260545,5102.040816332273,96000.0,0.0,95927.50099028471,95927.50099028471,-72.49900971529132,24999.91584234241,1,0,1499.9949505405446,1799.9939406486487,0.0,0.0,0.0,0.0,0.0,0.44565061489838975,706.7986589850735,-0.0,706.7986589850735,29973.860660585895,3213.8606605859536
36.05,stop_hold,0.0,1.2,0.0,0.0,-0.0,-0.0,-0.0,-0.0,0.0,5259.8358931260545,5102.040816332273,96000.0,0.0,95940.64283117838,95940.64283117838,-59.35716882161796,24999.91584234241,1,0,1499.9949505405446,1799.9939406486487,0.0,0.0,0.0,0.0,0.0,0.44565061489838975,706.7986589850735,-0.0,706.7986589850735,29973.860660585895,3213.8606605859536
36.1,stop_hold,0.0,1.2,0.0,0.0,-0.0,-0.0,-0.0,-0.0,0.0,5259.8358931260545,5102.040816332273,96000.0,0.0,95951.40246047011,95951.40246047011,-48.59753952988831,24999.91584234241,1,0,1499.9949505405446,1799.9939406486487,0.0,0.0,0.0,0.0,0.0,0.44565061489838975,706.7986589850735,-0.0,706.7986589850735,29973.860660585895,3213.8606605859536
36.15,stop_hold,0.0,1.2,0.0,0.0,-0.0,-0.0,-0.0,-0.0,0.0,5259.8358931260545,5102.040816332273,96000.0,0.0,95960.21169986295,95960.21169986295,-39.7883001370501,24999.91584234241,1,0,1499.9949505405446,1799.9939406486487,0.0,0.0,0.0,0.0,0.0,0.44565061489838975,706.7986589850735,-0.0,706.7986589850735,29973.860660585895,3213.8606605859536
36.2,stop_hold,0.0,1.2,0.0,0.0,-0.0,-0.0,-0.0,-0.0,0.0,5259.8358931260545,5102.040816332273,96000.0,0.0,95967.42409506511,95967.42409506511,-32.57590493488533,24999.91584234241,1,0,1499.9949505405446,1799.9939406486487,0.0,0.0,0.0,0.0,0.0,0.44565061489838975,706.7986589850735,-0.0,706.7986589850735,29973.860660585895,3213.8606605859536
36.25,stop_hold,0.0,1.2,0.0,0.0,-0.0,-0.0,-0.0,-0.0,0.0,5259.8358931260545,5102.040816332273,96000.0,0.0,95973.32910482047,95973.32910482047,-26.670895179529907,24999.91584234241,1,0,1499.9949505405446,1799.9939406486487,0.0,0.0,0.0,0.0,0.0,0.44565061489838975,706.7986589850735,-0.0,706.7986589850735,29973.860660585895,3213.8606605859536
36.3,stop_hold,0.0,1.2,0.0,0.0,-0.0,-0.0,-0.0,-0.0,0.0,5259.8358931260545,5102.040816332273,96000.0,0.0,95978.1637179044,95978.1637179044,-21.83628209559538,24999.91584234241,1,0,1499.9949505405446,1799.9939406486487,0.0,0.0,0.0,0.0,0.0,0.44565061489838975,706.7986589850735,-0.0,706.7986589850735,29973.860660585895,3213.8606605859536
36.35,stop_hold,0.0,1.2,0.0,0.0,-0.0,-0.0,-0.0,-0.0,0.0,5259.8358931260545,5102.040816332273,96000.0,0.0,95982.12196431545,95982.12196431545,-17.878035684552742,24999.91584234241,1,0,1499.9949505405446,1799.9939406486487,0.0,0.0,0.0,0.0,0.0,0.44565061489838975,706.7986589850735,-0.0,706.7986589850735,29973.860660585895,3213.8606605859536
36.4,stop_hold,0.0,1.2,0.0,0.0,-0.0,-0.0,-0.0,-0.0,0.0,5259.8358931260545,5102.040816332273,96000.0,0.0,95985.36270238043,95985.36270238043,-14.637297619570745,24999.91584234241,1,0,1499.9949505405446,1799.9939406486487,0.0,0.0,0.0,0.0,0.0,0.44565061489838975,706.7986589850735,-0.0,706.7986589850735,29973.860660585895,3213.8606605859536
36.45,stop_hold,0.0,1.2,0.0,0.0,-0.0,-0.0,-0.0,-0.0,0.0,5259.8358931260545,5102.040816332273,96000.0,0.0,95988.0159942969,95988.0159942969,-11.984005703096045,24999.91584234241,1,0,1499.9949505405446,1799.9939406486487,0.0,0.0,0.0,0.0,0.0,0.44565061489838975,706.7986589850735,-0.0,706.7986589850735,29973.860660585895,3213.8606605859536
36.5,stop_hold,0.0,1.2,0.0,0.0,-0.0,-0.0,-0.0,-0.0,0.0,5259.8358931260545,5102.040816332273,96000.0,0.0,95990.18832598582,95990.18832598582,-9.811674014184973,24999.91584234241,1,0,1499.9949505405446,1799.9939406486487,0.0,0.0,0.0,0.0,0.0,0.44565061489838975,706.7986589850735,-0.0,706.7986589850735,29973.860660585895,3213.8606605859536
36.55,stop_hold,0.0,1.2,0.0,0.0,-0.0,-0.0,-0.0,-0.0,0.0,5259.8358931260545,5102.040816332273,96000.0,0.0,95991.96688074541,95991.96688074541,-8.033119254585472,24999.91584234241,1,0,1499.9949505405446,1799.9939406486487,0.0,0.0,0.0,0.0,0.0,0.44565061489838975,706.7986589850735,-0.0,706.7986589850735,29973.860660585895,3213.8606605859536
36.6,stop_hold,0.0,1.2,0.0,0.0,-0.0,-0.0,-0.0,-0.0,0.0,5259.8358931260545,5102.040816332273,96000.0,0.0,95993.42303822312,95993.42303822312,-6.576961776881944,24999.91584234241,1,0,1499.9949505405446,1799.9939406486487,0.0,0.0,0.0,0.0,0.0,0.44565061489838975,706.7986589850735,-0.0,706.7986589850735,29973.860660585895,3213.8606605859536
36.65,stop_hold,0.0,1.2,0.0,0.0,-0.0,-0.0,-0.0,-0.0,0.0,5259.8358931260545,5102.040816332273,96000.0,0.0,95994.61523913144,95994.61523913144,-5.3847608685609885,24999.91584234241,1,0,1499.9949505405446,1799.9939406486487,0.0,0.0,0.0,0.0,0.0,0.44565061489838975,706.7986589850735,-0.0,706.7986589850735,29973.860660585895,3213.8606605859536
36.7,stop_hold,0.0,1.2,0.0,0.0,-0.0,-0.0,-0.0,-0.0,0.0,5259.8358931260545,5102.040816332273,96000.0,0.0,95995.59133067893,95995.59133067893,-4.408669321070192,24999.91584234241,1,0,1499.9949505405446,1799.9939406486487,0.0,0.0,0.0,0.0,0.0,0.44565061489838975,706.7986589850735,-0.0,706.7986589850735,29973.860660585895,3213.8606605859536
36.75,stop_hold,0.0,1.2,0.0,0.0,-0.0,-0.0,-0.0,-0.0,0.0,5259.8358931260545,5102.040816332273,96000.0,0.0,95996.39048684669,95996.39048684669,-3.609513153307489,24999.91584234241,1,0,1499.9949505405446,1799.9939406486487,0.0,0.0,0.0,0.0,0.0,0.44565061489838975,706.7986589850735,-0.0,706.7986589850735,29973.860660585895,3213.8606605859536
36.8,stop_hold,0.0,1.2,0.0,0.0,-0.0,-0.0,-0.0,-0.0,0.0,5259.8358931260545,5102.040816332273,96000.0,0.0,95997.04478057777,95997.04478057777,-2.9552194222342223,24999.91584234241,1,0,1499.9949505405446,1799.9939406486487,0.0,0.0,0.0,0.0,0.0,0.44565061489838975,706.7986589850735,-0.0,706.7986589850735,29973.860660585895,3213.8606605859536
36.85,stop_hold,0.0,1.2,0.0,0.0,-0.0,-0.0,-0.0,-0.0,0.0,5259.8358931260545,5102.040816332273,96000.0,0.0,95997.58047097691,95997.58047097691,-2.419529023085488,24999.91584234241,1,0,1499.9949505405446,1799.9939406486487,0.0,0.0,0.0,0.0,0.0,0.44565061489838975,706.7986589850735,-0.0,706.7986589850735,29973.860660585895,3213.8606605859536
36.9,stop_hold,0.0,1.2,0.0,0.0,-0.0,-0.0,-0.0,-0.0,0.0,5259.8358931260545,5102.040816332273,96000.0,0.0,95998.01905718083,95998.01905718083,-1.980942819165648,24999.91584234241,1,0,1499.9949505405446,1799.9939406486487,0.0,0.0,0.0,0.0,0.0,0.44565061489838975,706.7986589850735,-0.0,706.7986589850735,29973.860660585895,3213.8606605859536
36.95,stop_hold,0.0,1.2,0.0,0.0,-0.0,-0.0,-0.0,-0.0,0.0,5259.8358931260545,5102.040816332273,96000.0,0.0,95998.37814119385,95998.37814119385,-1.6218588061456103,24999.91584234241,1,0,1499.9949505405446,1799.9939406486487,0.0,0.0,0.0,0.0,0.0,0.44565061489838975,706.7986589850735,-0.0,706.7986589850735,29973.860660585895,3213.8606605859536
37.0,stop_hold,0.0,1.2,0.0,0.0,-0.0,-0.0,-0.0,-0.0,0.0,5259.8358931260545,5102.040816332273,96000.0,0.0,95998.67213431826,95998.67213431826,-1.3278656817419687,24999.91584234241,1,0,1499.9949505405446,1799.9939406486487,0.0,0.0,0.0,0.0,0.0,0.44565061489838975,706.7986589850735,-0.0,706.7986589850735,29973.860660585895,3213.8606605859536
37.05,stop_hold,0.0,1.2,0.0,0.0,-0.0,-0.0,-0.0,-0.0,0.0,5259.8358931260545,5102.040816332273,96000.0,0.0,95998.9128355304,95998.9128355304,-1.0871644696017029,24999.91584234241,1,0,1499.9949505405446,1799.9939406486487,0.0,0.0,0.0,0.0,0.0,0.44565061489838975,706.7986589850735,-0.0,706.7986589850735,29973.860660585895,3213.8606605859536
37.1,stop_hold,0.0,1.2,0.0,0.0,-0.0,-0.0,-0.0,-0.0,0.0,5259.8358931260545,5102.040816332273,96000.0,0.0,95999.10990501508,95999.10990501508,-0.8900949849194149,24999.91584234241,1,0,1499.9949505405446,1799.9939406486487,0.0,0.0,0.0,0.0,0.0,0.44565061489838975,706.7986589850735,-0.0,706.7986589850735,29973.860660585895,3213.8606605859536
37.15,stop_hold,0.0,1.2,0.0,0.0,-0.0,-0.0,-0.0,-0.0,0.0,5259.8358931260545,5102.040816332273,96000.0,0.0,95999.2712518627,95999.2712518627,-0.7287481373059563,24999.91584234241,1,0,1499.9949505405446,1799.9939406486487,0.0,0.0,0.0,0.0,0.0,0.44565061489838975,706.7986589850735,-0.0,706.7986589850735,29973.860660585895,3213.8606605859536
37.2,stop_hold,0.0,1.2,0.0,0.0,-0.0,-0.0,-0.0,-0.0,0.0,5259.8358931260545,5102.040816332273,96000.0,0.0,95999.40335148874,95999.40335148874,-0.596648511258536,24999.91584234241,1,0,1499.9949505405446,1799.9939406486487,0.0,0.0,0.0,0.0,0.0,0.44565061489838975,706.7986589850735,-0.0,706.7986589850735,29973.860660585895,3213.8606605859536
37.25,stop_hold,0.0,1.2,0.0,0.0,-0.0,-0.0,-0.0,-0.0,0.0,5259.8358931260545,5102.040816332273,96000.0,0.0,95999.51150551505,95999.51150551505,-0.48849448494729586,24999.91584234241,1,0,1499.9949505405446,1799.9939406486487,0.0,0.0,0.0,0.0,0.0,0.44565061489838975,706.7986589850735,-0.0,706.7986589850735,29973.860660585895,3213.8606605859536
37.3,stop_hold,0.0,1.2,0.0,0.0,-0.0,-0.0,-0.0,-0.0,0.0,5259.8358931260545,5102.040816332273,96000.0,0.0,95999.60005454245,95999.60005454245,-0.39994545755325817,24999.91584234241,1,0,1499.9949505405446,1799.9939406486487,0.0,0.0,0.0,0.0,0.0,0.44565061489838975,706.7986589850735,-0.0,706.7986589850735,29973.860660585895,3213.8606605859536
37.35,stop_hold,0.0,1.2,0.0,0.0,-0.0,-0.0,-0.0,-0.0,0.0,5259.8358931260545,5102.040816332273,96000.0,0.0,95999.67255235436,95999.67255235436,-0.32744764564267825,24999.91584234241,1,0,1499.9949505405446,1799.9939406486487,0.0,0.0,0.0,0.0,0.0,0.44565061489838975,706.7986589850735,-0.0,706.7986589850735,29973.860660585895,3213.8606605859536
37.4,stop_hold,0.0,1.2,0.0,0.0,-0.0,-0.0,-0.0,-0.0,0.0,5259.8358931260545,5102.040816332273,96000.0,0.0,95999.7319085425,95999.7319085425,-0.26809145750303287,24999.91584234241,1,0,1499.9949505405446,1799.9939406486487,0.0,0.0,0.0,0.0,0.0,0.44565061489838975,706.7986589850735,-0.0,706.7986589850735,29973.860660585895,3213.8606605859536
37.45,stop_hold,0.0,1.2,0.0,0.0,-0.0,-0.0,-0.0,-0.0,0.0,5259.8358931260545,5102.040816332273,96000.0,0.0,95999.78050527911,95999.78050527911,-0.21949472089181654,24999.91584234241,1,0,1499.9949505405446,1799.9939406486487,0.0,0.0,0.0,0.0,0.0,0.44565061489838975,706.7986589850735,-0.0,706.7986589850735,29973.860660585895,3213.8606605859536
37.5,stop_hold,0.0,1.2,0.0,0.0,-0.0,-0.0,-0.0,-0.0,0.0,5259.8358931260545,5102.040816332273,96000.0,0.0,95999.82029292188,95999.82029292188,-0.17970707811764441,24999.91584234241,1,0,1499.9949505405446,1799.9939406486487,0.0,0.0,0.0,0.0,0.0,0.44565061489838975,706.7986589850735,-0.0,706.7986589850735,29973.860660585895,3213.8606605859536
37.55,stop_hold,0.0,1.2,0.0,0.0,-0.0,-0.0,-0.0,-0.0,0.0,5259.8358931260545,5102.040816332273,96000.0,0.0,95999.85286828861,95999.85286828861,-0.14713171139010228,24999.91584234241,1,0,1499.9949505405446,1799.9939406486487,0.0,0.0,0.0,0.0,0.0,0.44565061489838975,706.7986589850735,-0.0,706.7986589850735,29973.860660585895,3213.8606605859536
37.6,stop_hold,0.0,1.2,0.0,0.0,-0.0,-0.0,-0.0,-0.0,0.0,5259.8358931260545,5102.040816332273,96000.0,0.0,95999.87953874313,95999.87953874313,-0.12046125686902087,24999.91584234241,1,0,1499.9949505405446,1799.9939406486487,0.0,0.0,0.0,0.0,0.0,0.44565061489838975,706.7986589850735,-0.0,706.7986589850735,29973.860660585895,3213.8606605859536
37.65,stop_hold,0.0,1.2,0.0,0.0,-0.0,-0.0,-0.0,-0.0,0.0,5259.8358931260545,5102.040816332273,96000.0,0.0,95999.90137466445,95999.90137466445,-0.09862533555133268,24999.91584234241,1,0,1499.9949505405446,1799.9939406486487,0.0,0.0,0.0,0.0,0.0,0.44565061489838975,706.7986589850735,-0.0,706.7986589850735,29973.860660585895,3213.8606605859536
37.7,stop_hold,0.0,1.2,0.0,0.0,-0.0,-0.0,-0.0,-0.0,0.0,5259.8358931260545,5102.040816332273,96000.0,0.0,95999.91925240472,95999.91925240472,-0.08074759527517017,24999.91584234241,1,0,1499.9949505405446,1799.9939406486487,0.0,0.0,0.0,0.0,0.0,0.44565061489838975,706.7986589850735,-0.0,706.7986589850735,29973.860660585895,3213.8606605859536
37.75,stop_hold,0.0,1.2,0.0,0.0,-0.0,-0.0,-0.0,-0.0,0.0,5259.8358931260545,5102.040816332273,96000.0,0.0,95999.93388946052,95999.93388946052,-0.06611053948290646,24999.91584234241,1,0,1499.9949505405446,1799.9939406486487,0.0,0.0,0.0,0.0,0.0,0.44565061489838975,706.7986589850735,-0.0,706.7986589850735,29973.860660585895,3213.8606605859536
37.8,stop_hold,0.0,1.2,0.0,0.0,-0.0,-0.0,-0.0,-0.0,0.0,5259.8358931260545,5102.040816332273,96000.0,0.0,95999.94587326823,95999.94587326823,-0.05412673177488614,24999.91584234241,1,0,1499.9949505405446,1799.9939406486487,0.0,0.0,0.0,0.0,0.0,0.44565061489838975,706.7986589850735,-0.0,706.7986589850735,29973.860660585895,3213.8606605859536
37.85,stop_hold,0.0,1.2,0.0,0.0,-0.0,-0.0,-0.0,-0.0,0.0,5259.8358931260545,5102.040816332273,96000.0,0.0,95999.95568478016,95999.95568478016,-0.044315219842246734,24999.91584234241,1,0,1499.9949505405446,1799.9939406486487,0.0,0.0,0.0,0.0,0.0,0.44565061489838975,706.7986589850735,-0.0,706.7986589850735,29973.860660585895,3213.8606605859536
37.9,stop_hold,0.0,1.2,0.0,0.0,-0.0,-0.0,-0.0,-0.0,0.0,5259.8358931260545,5102.040816332273,96000.0,0.0,95999.96371776669,95999.96371776669,-0.0362822333117947,24999.91584234241,1,0,1499.9949505405446,1799.9939406486487,0.0,0.0,0.0,0.0,0.0,0.44565061489838975,706.7986589850735,-0.0,706.7986589850735,29973.860660585895,3213.8606605859536
37.95,stop_hold,0.0,1.2,0.0,0.0,-0.0,-0.0,-0.0,-0.0,0.0,5259.8358931260545,5102.040816332273,96000.0,0.0,95999.97029461981,95999.97029461981,-0.02970538019144442,24999.91584234241,1,0,1499.9949505405446,1799.9939406486487,0.0,0.0,0.0,0.0,0.0,0.44565061489838975,706.7986589850735,-0.0,706.7986589850735,29973.860660585895,3213.8606605859536
38.0,stop_hold,0.0,1.2,0.0,0.0,-0.0,-0.0,-0.0,-0.0,0.0,5259.8358931260545,5102.040816332273,96000.0,0.0,95999.9756792917,95999.9756792917,-0.02432070829672739,24999.91584234241,1,0,1499.9949505405446,1799.9939406486487,0.0,0.0,0.0,0.0,0.0,0.44565061489838975,706.7986589850735,-0.0,706.7986589850735,29973.860660585895,3213.8606605859536
38.05,stop_hold,0.0,1.2,0.0,0.0,-0.0,-0.0,-0.0,-0.0,0.0,5259.8358931260545,5102.040816332273,96000.0,0.0,95999.98008788818,95999.98008788818,-0.019912111820303835,24999.91584234241,1,0,1499.9949505405446,1799.9939406486487,0.0,0.0,0.0,0.0,0.0,0.44565061489838975,706.7986589850735,-0.0,706.7986589850735,29973.860660585895,3213.8606605859536
38.1,stop_hold,0.0,1.2,0.0,0.0,-0.0,-0.0,-0.0,-0.0,0.0,5259.8358931260545,5102.040816332273,96000.0,0.0,95999.9836973417,95999.9836973417,-0.01630265830317512,24999.91584234241,1,0,1499.9949505405446,1799.9939406486487,0.0,0.0,0.0,0.0,0.0,0.44565061489838975,706.7986589850735,-0.0,706.7986589850735,29973.860660585895,3213.8606605859536
38.15,stop_hold,0.0,1.2,0.0,0.0,-0.0,-0.0,-0.0,-0.0,0.0,5259.8358931260545,5102.040816332273,96000.0,0.0,95999.98665251228,95999.98665251228,-0.01334748772205785,24999.91584234241,1,0,1499.9949505405446,1799.9939406486487,0.0,0.0,0.0,0.0,0.0,0.44565061489838975,706.7986589850735,-0.0,706.7986589850735,29973.860660585895,3213.8606605859536
38.2,stop_hold,0.0,1.2,0.0,0.0,-0.0,-0.0,-0.0,-0.0,0.0,5259.8358931260545,5102.040816332273,96000.0,0.0,95999.98907200132,95999.98907200132,-0.010927998679107986,24999.91584234241,1,0,1499.9949505405446,1799.9939406486487,0.0,0.0,0.0,0.0,0.0,0.44565061489838975,706.7986589850735,-0.0,706.7986589850735,29973.860660585895,3213.8606605859536
38.25,stop_hold,0.0,1.2,0.0,0.0,-0.0,-0.0,-0.0,-0.0,0.0,5259.8358931260545,5102.040816332273,96000.0,0.0,95999.99105291141,95999.99105291141,-0.008947088586864993,24999.91584234241,1,0,1499.9949505405446,1799.9939406486487,0.0,0.0,0.0,0.0,0.0,0.44565061489838975,706.7986589850735,-0.0,706.7986589850735,29973.860660585895,3213.8606605859536
38.3,stop_hold,0.0,1.2,0.0,0.0,-0.0,-0.0,-0.0,-0.0,0.0,5259.8358931260545,5102.040816332273,96000.0,0.0,95999.99267474344,95999.99267474344,-0.007325256563490257,24999.91584234241,1,0,1499.9949505405446,1799.9939406486487,0.0,0.0,0.0,0.0,0.0,0.44565061489838975,706.7986589850735,-0.0,706.7986589850735,29973.860660585895,3213.8606605859536
38.35,stop_hold,0.0,1.2,0.0,0.0,-0.0,-0.0,-0.0,-0.0,0.0,5259.8358931260545,5102.040816332273,96000.0,0.0,95999.99400258718,95999.99400258718,-0.005997412823489867,24999.91584234241,1,0,1499.9949505405446,1799.9939406486487,0.0,0.0,0.0,0.0,0.0,0.44565061489838975,706.7986589850735,-0.0,706.7986589850735,29973.860660585895,3213.8606605859536
38.4,stop_hold,0.0,1.2,0.0,0.0,-0.0,-0.0,-0.0,-0.0,0.0,5259.8358931260545,5102.040816332273,96000.0,0.0,95999.99508973368,95999.99508973368,-0.00491026631789282,24999.91584234241,1,0,1499.9949505405446,1799.9939406486487,0.0,0.0,0.0,0.0,0.0,0.44565061489838975,706.7986589850735,-0.0,706.7986589850735,29973.860660585895,3213.8606605859536
38.45,stop_hold,0.0,1.2,0.0,0.0,-0.0,-0.0,-0.0,-0.0,0.0,5259.8358931260545,5102.040816332273,96000.0,0.0,95999.99597981398,95999.99597981398,-0.004020186024717987,24999.91584234241,1,0,1499.9949505405446,1799.9939406486487,0.0,0.0,0.0,0.0,0.0,0.44565061489838975,706.7986589850735,-0.0,706.7986589850735,29973.860660585895,3213.8606605859536
38.5,stop_hold,0.0,1.2,0.0,0.0,-0.0,-0.0,-0.0,-0.0,0.0,5259.8358931260545,5102.040816332273,96000.0,0.0,95999.99670855007,95999.99670855007,-0.0032914499315666035,24999.91584234241,1,0,1499.9949505405446,1799.9939406486487,0.0,0.0,0.0,0.0,0.0,0.44565061489838975,706.7986589850735,-0.0,706.7986589850735,29973.860660585895,3213.8606605859536
38.55,stop_hold,0.0,1.2,0.0,0.0,-0.0,-0.0,-0.0,-0.0,0.0,5259.8358931260545,5102.040816332273,96000.0,0.0,95999.99730518872,95999.99730518872,-0.0026948112790705636,24999.91584234241,1,0,1499.9949505405446,1799.9939406486487,0.0,0.0,0.0,0.0,0.0,0.44565061489838975,706.7986589850735,-0.0,706.7986589850735,29973.860660585895,3213.8606605859536
38.6,stop_hold,0.0,1.2,0.0,0.0,-0.0,-0.0,-0.0,-0.0,0.0,5259.8358931260545,5102.040816332273,96000.0,0.0,95999.99779367512,95999.99779367512,-0.002206324876169674,24999.91584234241,1,0,1499.9949505405446,1799.9939406486487,0.0,0.0,0.0,0.0,0.0,0.44565061489838975,706.7986589850735,-0.0,706.7986589850735,29973.860660585895,3213.8606605859536
38.65,stop_hold,0.0,1.2,0.0,0.0,-0.0,-0.0,-0.0,-0.0,0.0,5259.8358931260545,5102.040816332273,96000.0,0.0,95999.99819361398,95999.99819361398,-0.0018063860188703984,24999.91584234241,1,0,1499.9949505405446,1799.9939406486487,0.0,0.0,0.0,0.0,0.0,0.44565061489838975,706.7986589850735,-0.0,706.7986589850735,29973.860660585895,3213.8606605859536
38.7,stop_hold,0.0,1.2,0.0,0.0,-0.0,-0.0,-0.0,-0.0,0.0,5259.8358931260545,5102.040816332273,96000.0,0.0,95999.99852105622,95999.99852105622,-0.0014789437846047804,24999.91584234241,1,0,1499.9949505405446,1799.9939406486487,0.0,0.0,0.0,0.0,0.0,0.44565061489838975,706.7986589850735,-0.0,706.7986589850735,29973.860660585895,3213.8606605859536
38.75,stop_hold,0.0,1.2,0.0,0.0,-0.0,-0.0,-0.0,-0.0,0.0,5259.8358931260545,5102.040816332273,96000.0,0.0,95999.99878914324,95999.99878914324,-0.0012108567607356235,24999.91584234241,1,0,1499.9949505405446,1799.9939406486487,0.0,0.0,0.0,0.0,0.0,0.44565061489838975,706.7986589850735,-0.0,706.7986589850735,29973.860660585895,3213.8606605859536
38.8,stop_hold,0.0,1.2,0.0,0.0,-0.0,-0.0,-0.0,-0.0,0.0,5259.8358931260545,5102.040816332273,96000.0,0.0,95999.99900863433,95999.99900863433,-0.0009913656685966998,24999.91584234241,1,0,1499.9949505405446,1799.9939406486487,0.0,0.0,0.0,0.0,0.0,0.44565061489838975,706.7986589850735,-0.0,706.7986589850735,29973.860660585895,3213.8606605859536
38.85,stop_hold,0.0,1.2,0.0,0.0,-0.0,-0.0,-0.0,-0.0,0.0,5259.8358931260545,5102.040816332273,96000.0,0.0,95999.99918833844,95999.99918833844,-0.0008116615645121783,24999.91584234241,1,0,1499.9949505405446,1799.9939406486487,0.0,0.0,0.0,0.0,0.0,0.44565061489838975,706.7986589850735,-0.0,706.7986589850735,29973.860660585895,3213.8606605859536
38.9,stop_hold,0.0,1.2,0.0,0.0,-0.0,-0.0,-0.0,-0.0,0.0,5259.8358931260545,5102.040816332273,96000.0,0.0,95999.99933546773,95999.99933546773,-0.0006645322719123214,24999.91584234241,1,0,1499.9949505405446,1799.9939406486487,0.0,0.0,0.0,0.0,0.0,0.44565061489838975,706.7986589850735,-0.0,706.7986589850735,29973.860660585895,3213.8606605859536
38.95,stop_hold,0.0,1.2,0.0,0.0,-0.0,-0.0,-0.0,-0.0,0.0,5259.8358931260545,5102.040816332273,96000.0,0.0,95999.999455927,95999.999455927,-0.0005440730019472539,24999.91584234241,1,0,1499.9949505405446,1799.9939406486487,0.0,0.0,0.0,0.0,0.0,0.44565061489838975,706.7986589850735,-0.0,706.7986589850735,29973.860660585895,3213.8606605859536
39.0,stop_hold,0.0,1.2,0.0,0.0,-0.0,-0.0,-0.0,-0.0,0.0,5259.8358931260545,5102.040816332273,96000.0,0.0,95999.99955455071,95999.99955455071,-0.0004454492882359773,24999.91584234241,1,0,1499.9949505405446,1799.9939406486487,0.0,0.0,0.0,0.0,0.0,0.44565061489838975,706.7986589850735,-0.0,706.7986589850735,29973.860660585895,3213.8606605859536
39.05,stop_hold,0.0,1.2,0.0,0.0,-0.0,-0.0,-0.0,-0.0,0.0,5259.8358931260545,5102.040816332273,96000.0,0.0,95999.99963529698,95999.99963529698,-0.00036470302438829094,24999.91584234241,1,0,1499.9949505405446,1799.9939406486487,0.0,0.0,0.0,0.0,0.0,0.44565061489838975,706.7986589850735,-0.0,706.7986589850735,29973.860660585895,3213.8606605859536
39.1,stop_hold,0.0,1.2,0.0,0.0,-0.0,-0.0,-0.0,-0.0,0.0,5259.8358931260545,5102.040816332273,96000.0,0.0,95999.99970140641,95999.99970140641,-0.00029859358619432896,24999.91584234241,1,0,1499.9949505405446,1799.9939406486487,0.0,0.0,0.0,0.0,0.0,0.44565061489838975,706.7986589850735,-0.0,706.7986589850735,29973.860660585895,3213.8606605859536
39.15,stop_hold,0.0,1.2,0.0,0.0,-0.0,-0.0,-0.0,-0.0,0.0,5259.8358931260545,5102.040816332273,96000.0,0.0,95999.99975553226,95999.99975553226,-0.00024446773750241846,24999.91584234241,1,0,1499.9949505405446,1799.9939406486487,0.0,0.0,0.0,0.0,0.0,0.44565061489838975,706.7986589850735,-0.0,706.7986589850735,29973.860660585895,3213.8606605859536
39.2,stop_hold,0.0,1.2,0.0,0.0,-0.0,-0.0,-0.0,-0.0,0.0,5259.8358931260545,5102.040816332273,96000.0,0.0,95999.99979984674,95999.99979984674,-0.0002001532557187602,24999.91584234241,1,0,1499.9949505405446,1799.9939406486487,0.0,0.0,0.0,0.0,0.0,0.44565061489838975,706.7986589850735,-0.0,706.7986589850735,29973.860660585895,3213.8606605859536
39.25,stop_hold,0.0,1.2,0.0,0.0,-0.0,-0.0,-0.0,-0.0,0.0,5259.8358931260545,5102.040816332273,96000.0,0.0,95999.99983612837,95999.99983612837,-0.00016387163486797363,24999.91584234241,1,0,1499.9949505405446,1799.9939406486487,0.0,0.0,0.0,0.0,0.0,0.44565061489838975,706.7986589850735,-0.0,706.7986589850735,29973.860660585895,3213.8606605859536
39.3,stop_hold,0.0,1.2,0.0,0.0,-0.0,-0.0,-0.0,-0.0,0.0,5259.8358931260545,5102.040816332273,96000.0,0.0,95999.99986583325,95999.99986583325,-0.00013416675210464746,24999.91584234241,1,0,1499.9949505405446,1799.9939406486487,0.0,0.0,0.0,0.0,0.0,0.44565061489838975,706.7986589850735,-0.0,706.7986589850735,29973.860660585895,3213.8606605859536
39.35,stop_hold,0.0,1.2,0.0,0.0,-0.0,-0.0,-0.0,-0.0,0.0,5259.8358931260545,5102.040816332273,96000.0,0.0,95999.99989015354,95999.99989015354,-0.00010984645632561296,24999.91584234241,1,0,1499.9949505405446,1799.9939406486487,0.0,0.0,0.0,0.0,0.0,0.44565061489838975,706.7986589850735,-0.0,706.7986589850735,29973.860660585895,3213.8606605859536
39.4,stop_hold,0.0,1.2,0.0,0.0,-0.0,-0.0,-0.0,-0.0,0.0,5259.8358931260545,5102.040816332273,96000.0,0.0,95999.99991006534,95999.99991006534,-8.99346632650122e-05,24999.91584234241,1,0,1499.9949505405446,1799.9939406486487,0.0,0.0,0.0,0.0,0.0,0.44565061489838975,706.7986589850735,-0.0,706.7986589850735,29973.860660585895,3213.8606605859536
39.45,stop_hold,0.0,1.2,0.0,0.0,-0.0,-0.0,-0.0,-0.0,0.0,5259.8358931260545,5102.040816332273,96000.0,0.0,95999.99992636773,95999.99992636773,-7.363226904999465e-05,24999.91584234241,1,0,1499.9949505405446,1799.9939406486487,0.0,0.0,0.0,0.0,0.0,0.44565061489838975,706.7986589850735,-0.0,706.7986589850735,29973.860660585895,3213.8606605859536
39.5,stop_hold,0.0,1.2,0.0,0.0,-0.0,-0.0,-0.0,-0.0,0.0,5259.8358931260545,5102.040816332273,96000.0,0.0,95999.999939715,95999.999939715,-6.028500501997769e-05,24999.91584234241,1,0,1499.9949505405446,1799.9939406486487,0.0,0.0,0.0,0.0,0.0,0.44565061489838975,706.7986589850735,-0.0,706.7986589850735,29973.860660585895,3213.8606605859536
39.55,stop_hold,0.0,1.2,0.0,0.0,-0.0,-0.0,-0.0,-0.0,0.0,5259.8358931260545,5102.040816332273,96000.0,0.0,95999.99995064281,95999.99995064281,-4.935718607157469e-05,24999.91584234241,1,0,1499.9949505405446,1799.9939406486487,0.0,0.0,0.0,0.0,0.0,0.44565061489838975,706.7986589850735,-0.0,706.7986589850735,29973.860660585895,3213.8606605859536
39.6,stop_hold,0.0,1.2,0.0,0.0,-0.0,-0.0,-0.0,-0.0,0.0,5259.8358931260545,5102.040816332273,96000.0,0.0,95999.99995958974,95999.99995958974,-4.041026113554835e-05,24999.91584234241,1,0,1499.9949505405446,1799.9939406486487,0.0,0.0,0.0,0.0,0.0,0.44565061489838975,706.7986589850735,-0.0,706.7986589850735,29973.860660585895,3213.8606605859536
39.65,stop_hold,0.0,1.2,0.0,0.0,-0.0,-0.0,-0.0,-0.0,0.0,5259.8358931260545,5102.040816332273,96000.0,0.0,95999.99996691488,95999.99996691488,-3.308511804789305e-05,24999.91584234241,1,0,1499.9949505405446,1799.9939406486487,0.0,0.0,0.0,0.0,0.0,0.44565061489838975,706.7986589850735,-0.0,706.7986589850735,29973.860660585895,3213.8606605859536
39.7,stop_hold,0.0,1.2,0.0,0.0,-0.0,-0.0,-0.0,-0.0,0.0,5259.8358931260545,5102.040816332273,96000.0,0.0,95999.9999729122,95999.9999729122,-2.708779356908053e-05,24999.91584234241,1,0,1499.9949505405446,1799.9939406486487,0.0,0.0,0.0,0.0,0.0,0.44565061489838975,706.7986589850735,-0.0,706.7986589850735,29973.860660585895,3213.8606605859536
39.75,stop_hold,0.0,1.2,0.0,0.0,-0.0,-0.0,-0.0,-0.0,0.0,5259.8358931260545,5102.040816332273,96000.0,0.0,95999.99997782239,95999.99997782239,-2.2177613573148847e-05,24999.91584234241,1,0,1499.9949505405446,1799.9939406486487,0.0,0.0,0.0,0.0,0.0,0.44565061489838975,706.7986589850735,-0.0,706.7986589850735,29973.860660585895,3213.8606605859536
39.8,stop_hold,0.0,1.2,0.0,0.0,-0.0,-0.0,-0.0,-0.0,0.0,5259.8358931260545,5102.040816332273,96000.0,0.0,95999.99998184251,95999.99998184251,-1.8157486920244992e-05,24999.91584234241,1,0,1499.9949505405446,1799.9939406486487,0.0,0.0,0.0,0.0,0.0,0.44565061489838975,706.7986589850735,-0.0,706.7986589850735,29973.860660585895,3213.8606605859536
39.85,stop_hold,0.0,1.2,0.0,0.0,-0.0,-0.0,-0.0,-0.0,0.0,5259.8358931260545,5102.040816332273,96000.0,0.0,95999.9999851339,95999.9999851339,-1.486610563006252e-05,24999.91584234241,1,0,1499.9949505405446,1799.9939406486487,0.0,0.0,0.0,0.0,0.0,0.44565061489838975,706.7986589850735,-0.0,706.7986589850735,29973.860660585895,3213.8606605859536
39.9,stop_hold,0.0,1.2,0.0,0.0,-0.0,-0.0,-0.0,-0.0,0.0,5259.8358931260545,5102.040816332273,96000.0,0.0,95999.99998782865,95999.99998782865,-1.217135286424309e-05,24999.91584234241,1,0,1499.9949505405446,1799.9939406486487,0.0,0.0,0.0,0.0,0.0,0.44565061489838975,706.7986589850735,-0.0,706.7986589850735,29973.860660585895,3213.8606605859536
39.95,stop_hold,0.0,1.2,0.0,0.0,-0.0,-0.0,-0.0,-0.0,0.0,5259.8358931260545,5102.040816332273,96000.0,0.0,95999.99999003494,95999.99999003494,-9.96506423689425e-06,24999.91584234241,1,0,1499.9949505405446,1799.9939406486487,0.0,0.0,0.0,0.0,0.0,0.44565061489838975,706.7986589850735,-0.0,706.7986589850735,29973.860660585895,3213.8606605859536
40.0,stop_hold,0.0,1.2,0.0,0.0,-0.0,-0.0,-0.0,-0.0,0.0,5259.8358931260545,5102.040816332273,96000.0,0.0,95999.9999918413,95999.9999918413,-8.158705895766616e-06,24999.91584234241,1,0,1499.9949505405446,1799.9939406486487,0.0,0.0,0.0,0.0,0.0,0.44565061489838975,706.7986589850735,-0.0,706.7986589850735,29973.860660585895,3213.8606605859536
40.05,stop_hold,0.0,1.2,0.0,0.0,-0.0,-0.0,-0.0,-0.0,0.0,5259.8358931260545,5102.040816332273,96000.0,0.0,95999.99999332022,95999.99999332022,-6.679780199192464e-06,24999.91584234241,1,0,1499.9949505405446,1799.9939406486487,0.0,0.0,0.0,0.0,0.0,0.44565061489838975,706.7986589850735,-0.0,706.7986589850735,29973.860660585895,3213.8606605859536
40.1,stop_hold,0.0,1.2,0.0,0.0,-0.0,-0.0,-0.0,-0.0,0.0,5259.8358931260545,5102.040816332273,96000.0,0.0,95999.99999453107,95999.99999453107,-5.468929884955287e-06,24999.91584234241,1,0,1499.9949505405446,1799.9939406486487,0.0,0.0,0.0,0.0,0.0,0.44565061489838975,706.7986589850735,-0.0,706.7986589850735,29973.860660585895,3213.8606605859536
40.15,stop_hold,0.0,1.2,0.0,0.0,-0.0,-0.0,-0.0,-0.0,0.0,5259.8358931260545,5102.040816332273,96000.0,0.0,95999.9999955224,95999.9999955224,-4.4775952119380236e-06,24999.91584234241,1,0,1499.9949505405446,1799.9939406486487,0.0,0.0,0.0,0.0,0.0,0.44565061489838975,706.7986589850735,-0.0,706.7986589850735,29973.860660585895,3213.8606605859536
40.2,stop_hold,0.0,1.2,0.0,0.0,-0.0,-0.0,-0.0,-0.0,0.0,5259.8358931260545,5102.040816332273,96000.0,0.0,95999.99999633405,95999.99999633405,-3.665947588160634e-06,24999.91584234241,1,0,1499.9949505405446,1799.9939406486487,0.0,0.0,0.0,0.0,0.0,0.44565061489838975,706.7986589850735,-0.0,706.7986589850735,29973.860660585895,3213.8606605859536
40.25,stop_hold,0.0,1.2,0.0,0.0,-0.0,-0.0,-0.0,-0.0,0.0,5259.8358931260545,5102.040816332273,96000.0,0.0,95999.99999699858,95999.99999699858,-3.0014198273420334e-06,24999.91584234241,1,0,1499.9949505405446,1799.9939406486487,0.0,0.0,0.0,0.0,0.0,0.44565061489838975,706.7986589850735,-0.0,706.7986589850735,29973.860660585895,3213.8606605859536
40.3,stop_hold,0.0,1.2,0.0,0.0,-0.0,-0.0,-0.0,-0.0,0.0,5259.8358931260545,5102.040816332273,96000.0,0.0,95999.99999754265,95999.99999754265,-2.4573528207838535e-06,24999.91584234241,1,0,1499.9949505405446,1799.9939406486487,0.0,0.0,0.0,0.0,0.0,0.44565061489838975,706.7986589850735,-0.0,706.7986589850735,29973.860660585895,3213.8606605859536
40.35,stop_hold,0.0,1.2,0.0,0.0,-0.0,-0.0,-0.0,-0.0,0.0,5259.8358931260545,5102.040816332273,96000.0,0.0,95999.99999798808,95999.99999798808,-2.011918695643544e-06,24999.91584234241,1,0,1499.9949505405446,1799.9939406486487,0.0,0.0,0.0,0.0,0.0,0.44565061489838975,706.7986589850735,-0.0,706.7986589850735,29973.860660585895,3213.8606605859536
40.4,stop_hold,0.0,1.2,0.0,0.0,-0.0,-0.0,-0.0,-0.0,0.0,5259.8358931260545,5102.040816332273,96000.0,0.0,95999.99999835278,95999.99999835278,-1.6472185961902142e-06,24999.91584234241,1,0,1499.9949505405446,1799.9939406486487,0.0,0.0,0.0,0.0,0.0,0.44565061489838975,706.7986589850735,-0.0,706.7986589850735,29973.860660585895,3213.8606605859536
40.45,stop_hold,0.0,1.2,0.0,0.0,-0.0,-0.0,-0.0,-0.0,0.0,5259.8358931260545,5102.040816332273,96000.0,0.0,95999.99999865137,95999.99999865137,-1.3486278476193547e-06,24999.91584234241,1,0,1499.9949505405446,1799.9939406486487,0.0,0.0,0.0,0.0,0.0,0.44565061489838975,706.7986589850735,-0.0,706.7986589850735,29973.860660585895,3213.8606605859536
40.5,stop_hold,0.0,1.2,0.0,0.0,-0.0,-0.0,-0.0,-0.0,0.0,5259.8358931260545,5102.040816332273,96000.0,0.0,95999.99999889584,95999.99999889584,-1.1041556717827916e-06,24999.91584234241,1,0,1499.9949505405446,1799.9939406486487,0.0,0.0,0.0,0.0,0.0,0.44565061489838975,706.7986589850735,-0.0,706.7986589850735,29973.860660585895,3213.8606605859536
40.55,stop_hold,0.0,1.2,0.0,0.0,-0.0,-0.0,-0.0,-0.0,0.0,5259.8358931260545,5102.040816332273,96000.0,0.0,95999.99999909598,95999.99999909598,-9.040231816470623e-07,24999.91584234241,1,0,1499.9949505405446,1799.9939406486487,0.0,0.0,0.0,0.0,0.0,0.44565061489838975,706.7986589850735,-0.0,706.7986589850735,29973.860660585895,3213.8606605859536
40.6,stop_hold,0.0,1.2,0.0,0.0,-0.0,-0.0,-0.0,-0.0,0.0,5259.8358931260545,5102.040816332273,96000.0,0.0,95999.99999925985,95999.99999925985,-7.401540642604232e-07,24999.91584234241,1,0,1499.9949505405446,1799.9939406486487,0.0,0.0,0.0,0.0,0.0,0.44565061489838975,706.7986589850735,-0.0,706.7986589850735,29973.860660585895,3213.8606605859536
40.65,stop_hold,0.0,1.2,0.0,0.0,-0.0,-0.0,-0.0,-0.0,0.0,5259.8358931260545,5102.040816332273,96000.0,0.0,95999.99999939401,95999.99999939401,-6.059854058548808e-07,24999.91584234241,1,0,1499.9949505405446,1799.9939406486487,0.0,0.0,0.0,0.0,0.0,0.44565061489838975,706.7986589850735,-0.0,706.7986589850735,29973.860660585895,3213.8606605859536
40.7,stop_hold,0.0,1.2,0.0,0.0,-0.0,-0.0,-0.0,-0.0,0.0,5259.8358931260545,5102.040816332273,96000.0,0.0,95999.99999950385,95999.99999950385,-4.961475497111678e-07,24999.91584234241,1,0,1499.9949505405446,1799.9939406486487,0.0,0.0,0.0,0.0,0.0,0.44565061489838975,706.7986589850735,-0.0,706.7986589850735,29973.860660585895,3213.8606605859536
40.75,stop_hold,0.0,1.2,0.0,0.0,-0.0,-0.0,-0.0,-0.0,0.0,5259.8358931260545,5102.040816332273,96000.0,0.0,95999.99999959377,95999.99999959377,-4.0623126551508904e-07,24999.91584234241,1,0,1499.9949505405446,1799.9939406486487,0.0,0.0,0.0,0.0,0.0,0.44565061489838975,706.7986589850735,-0.0,706.7986589850735,29973.860660585895,3213.8606605859536
40.8,stop_hold,0.0,1.2,0.0,0.0,-0.0,-0.0,-0.0,-0.0,0.0,5259.8358931260545,5102.040816332273,96000.0,0.0,95999.99999966743,95999.99999966743,-3.3256947062909603e-07,24999.91584234241,1,0,1499.9949505405446,1799.9939406486487,0.0,0.0,0.0,0.0,0.0,0.44565061489838975,706.7986589850735,-0.0,706.7986589850735,29973.860660585895,3213.8606605859536
40.85,stop_hold,0.0,1.2,0.0,0.0,-0.0,-0.0,-0.0,-0.0,0.0,5259.8358931260545,5102.040816332273,96000.0,0.0,95999.99999972772,95999.99999972772,-2.7228088583797216e-07,24999.91584234241,1,0,1499.9949505405446,1799.9939406486487,0.0,0.0,0.0,0.0,0.0,0.44565061489838975,706.7986589850735,-0.0,706.7986589850735,29973.860660585895,3213.8606605859536
40.9,stop_hold,0.0,1.2,0.0,0.0,-0.0,-0.0,-0.0,-0.0,0.0,5259.8358931260545,5102.040816332273,96000.0,0.0,95999.99999977708,95999.99999977708,-2.229207893833518e-07,24999.91584234241,1,0,1499.9949505405446,1799.9939406486487,0.0,0.0,0.0,0.0,0.0,0.44565061489838975,706.7986589850735,-0.0,706.7986589850735,29973.860660585895,3213.8606605859536
40.95,stop_hold,0.0,1.2,0.0,0.0,-0.0,-0.0,-0.0,-0.0,0.0,5259.8358931260545,5102.040816332273,96000.0,0.0,95999.99999981749,95999.99999981749,-1.8251012079417706e-07,24999.91584234241,1,0,1499.9949505405446,1799.9939406486487,0.0,0.0,0.0,0.0,0.0,0.44565061489838975,706.7986589850735,-0.0,706.7986589850735,29973.860660585895,3213.8606605859536
41.0,stop_hold,0.0,1.2,0.0,0.0,-0.0,-0.0,-0.0,-0.0,0.0,5259.8358931260545,5102.040816332273,96000.0,0.0,95999.99999985057,95999.99999985057,-1.494336174800992e-07,24999.91584234241,1,0,1499.9949505405446,1799.9939406486487,0.0,0.0,0.0,0.0,0.0,0.44565061489838975,706.7986589850735,-0.0,706.7986589850735,29973.860660585895,3213.8606605859536
41.05,stop_hold,0.0,1.2,0.0,0.0,-0.0,-0.0,-0.0,-0.0,0.0,5259.8358931260545,5102.040816332273,96000.0,0.0,95999.99999987766,95999.99999987766,-1.2233795132488012e-07,24999.91584234241,1,0,1499.9949505405446,1799.9939406486487,0.0,0.0,0.0,0.0,0.0,0.44565061489838975,706.7986589850735,-0.0,706.7986589850735,29973.860660585895,3213.8606605859536
41.1,stop_hold,0.0,1.2,0.0,0.0,-0.0,-0.0,-0.0,-0.0,0.0,5259.8358931260545,5102.040816332273,96000.0,0.0,95999.99999989984,95999.99999989984,-1.0016083251684904e-07,24999.91584234241,1,0,1499.9949505405446,1799.9939406486487,0.0,0.0,0.0,0.0,0.0,0.44565061489838975,706.7986589850735,-0.0,706.7986589850735,29973.860660585895,3213.8606605859536
41.15,stop_hold,0.0,1.2,0.0,0.0,-0.0,-0.0,-0.0,-0.0,0.0,5259.8358931260545,5102.040816332273,96000.0,0.0,95999.99999991799,95999.99999991799,-8.201459422707558e-08,24999.91584234241,1,0,1499.9949505405446,1799.9939406486487,0.0,0.0,0.0,0.0,0.0,0.44565061489838975,706.7986589850735,-0.0,706.7986589850735,29973.860660585895,3213.8606605859536
41.2,stop_hold,0.0,1.2,0.0,0.0,-0.0,-0.0,-0.0,-0.0,0.0,5259.8358931260545,5102.040816332273,96000.0,0.0,95999.99999993283,95999.99999993283,-6.717164069414139e-08,24999.91584234241,1,0,1499.9949505405446,1799.9939406486487,0.0,0.0,0.0,0.0,0.0,0.44565061489838975,706.7986589850735,-0.0,706.7986589850735,29973.860660585895,3213.8606605859536
41.25,stop_hold,0.0,1.2,0.0,0.0,-0.0,-0.0,-0.0,-0.0,0.0,5259.8358931260545,5102.040816332273,96000.0,0.0,95999.99999994501,95999.99999994501,-5.499168764799833e-08,24999.91584234241,1,0,1499.9949505405446,1799.9939406486487,0.0,0.0,0.0,0.0,0.0,0.44565061489838975,706.7986589850735,-0.0,706.7986589850735,29973.860660585895,3213.8606605859536
41.3,stop_hold,0.0,1.2,0.0,0.0,-0.0,-0.0,-0.0,-0.0,0.0,5259.8358931260545,5102.040816332273,96000.0,0.0,95999.99999995496,95999.99999995496,-4.5038177631795406e-08,24999.91584234241,1,0,1499.9949505405446,1799.9939406486487,0.0,0.0,0.0,0.0,0.0,0.44565061489838975,706.7986589850735,-0.0,706.7986589850735,29973.860660585895,3213.8606605859536
41.35,stop_hold,0.0,1.2,0.0,0.0,-0.0,-0.0,-0.0,-0.0,0.0,5259.8358931260545,5102.040816332273,96000.0,0.0,95999.99999996313,95999.99999996313,-3.68745531886816e-08,24999.91584234241,1,0,1499.9949505405446,1799.9939406486487,0.0,0.0,0.0,0.0,0.0,0.44565061489838975,706.7986589850735,-0.0,706.7986589850735,29973.860660585895,3213.8606605859536
41.4,stop_hold,0.0,1.2,0.0,0.0,-0.0,-0.0,-0.0,-0.0,0.0,5259.8358931260545,5102.040816332273,96000.0,0.0,95999.9999999698,95999.9999999698,-3.019522409886122e-08,24999.91584234241,1,0,1499.9949505405446,1799.9939406486487,0.0,0.0,0.0,0.0,0.0,0.44565061489838975,706.7986589850735,-0.0,706.7986589850735,29973.860660585895,3213.8606605859536
41.45,stop_hold,0.0,1.2,0.0,0.0,-0.0,-0.0,-0.0,-0.0,0.0,5259.8358931260545,5102.040816332273,96000.0,0.0,95999.99999997526,95999.99999997526,-2.4738255888223648e-08,24999.91584234241,1,0,1499.9949505405446,1799.9939406486487,0.0,0.0,0.0,0.0,0.0,0.44565061489838975,706.7986589850735,-0.0,706.7986589850735,29973.860660585895,3213.8606605859536
41.5,stop_hold,0.0,1.2,0.0,0.0,-0.0,-0.0,-0.0,-0.0,0.0,5259.8358931260545,5102.040816332273,96000.0,0.0,95999.99999997976,95999.99999997976,-2.024171408265829e-08,24999.91584234241,1,0,1499.9949505405446,1799.9939406486487,0.0,0.0,0.0,0.0,0.0,0.44565061489838975,706.7986589850735,-0.0,706.7986589850735,29973.860660585895,3213.8606605859536
41.55,stop_hold,0.0,1.2,0.0,0.0,-0.0,-0.0,-0.0,-0.0,0.0,5259.8358931260545,5102.040816332273,96000.0,0.0,95999.99999998343,95999.99999998343,-1.6574631445109844e-08,24999.91584234241,1,0,1499.9949505405446,1799.9939406486487,0.0,0.0,0.0,0.0,0.0,0.44565061489838975,706.7986589850735,-0.0,706.7986589850735,29973.860660585895,3213.8606605859536
41.6,stop_hold,0.0,1.2,0.0,0.0,-0.0,-0.0,-0.0,-0.0,0.0,5259.8358931260545,5102.040816332273,96000.0,0.0,95999.99999998644,95999.99999998644,-1.3562384992837906e-08,24999.91584234241,1,0,1499.9949505405446,1799.9939406486487,0.0,0.0,0.0,0.0,0.0,0.44565061489838975,706.7986589850735,-0.0,706.7986589850735,29973.860660585895,3213.8606605859536
41.65,stop_hold,0.0,1.2,0.0,0.0,-0.0,-0.0,-0.0,-0.0,0.0,5259.8358931260545,5102.040816332273,96000.0,0.0,95999.9999999889,95999.9999999889,-1.1103111319243908e-08,24999.91584234241,1,0,1499.9949505405446,1799.9939406486487,0.0,0.0,0.0,0.0,0.0,0.44565061489838975,706.7986589850735,-0.0,706.7986589850735,29973.860660585895,3213.8606605859536
41.7,stop_hold,0.0,1.2,0.0,0.0,-0.0,-0.0,-0.0,-0.0,0.0,5259.8358931260545,5102.040816332273,96000.0,0.0,95999.99999999092,95999.99999999092,-9.080395102500916e-09,24999.91584234241,1,0,1499.9949505405446,1799.9939406486487,0.0,0.0,0.0,0.0,0.0,0.44565061489838975,706.7986589850735,-0.0,706.7986589850735,29973.860660585895,3213.8606605859536
41.75,stop_hold,0.0,1.2,0.0,0.0,-0.0,-0.0,-0.0,-0.0,0.0,5259.8358931260545,5102.040816332273,96000.0,0.0,95999.99999999258,95999.99999999258,-7.4214767664670944e-09,24999.91584234241,1,0,1499.9949505405446,1799.9939406486487,0.0,0.0,0.0,0.0,0.0,0.44565061489838975,706.7986589850735,-0.0,706.7986589850735,29973.860660585895,3213.8606605859536
41.8,stop_hold,0.0,1.2,0.0,0.0,-0.0,-0.0,-0.0,-0.0,0.0,5259.8358931260545,5102.040816332273,96000.0,0.0,95999.99999999392,95999.99999999392,-6.082700565457344e-09,24999.91584234241,1,0,1499.9949505405446,1799.9939406486487,0.0,0.0,0.0,0.0,0.0,0.44565061489838975,706.7986589850735,-0.0,706.7986589850735,29973.860660585895,3213.8606605859536
41.85,stop_hold,0.0,1.2,0.0,0.0,-0.0,-0.0,-0.0,-0.0,0.0,5259.8358931260545,5102.040816332273,96000.0,0.0,95999.99999999502,95999.99999999502,-4.976755008101463e-09,24999.91584234241,1,0,1499.9949505405446,1799.9939406486487,0.0,0.0,0.0,0.0,0.0,0.44565061489838975,706.7986589850735,-0.0,706.7986589850735,29973.860660585895,3213.8606605859536
41.9,stop_hold,0.0,1.2,0.0,0.0,-0.0,-0.0,-0.0,-0.0,0.0,5259.8358931260545,5102.040816332273,96000.0,0.0,95999.99999999591,95999.99999999591,-4.089088179171085e-09,24999.91584234241,1,0,1499.9949505405446,1799.9939406486487,0.0,0.0,0.0,0.0,0.0,0.44565061489838975,706.7986589850735,-0.0,706.7986589850735,29973.860660585895,3213.8606605859536
41.95,stop_hold,0.0,1.2,0.0,0.0,-0.0,-0.0,-0.0,-0.0,0.0,5259.8358931260545,5102.040816332273,96000.0,0.0,95999.99999999665,95999.99999999665,-3.346940502524376e-09,24999.91584234241,1,0,1499.9949505405446,1799.9939406486487,0.0,0.0,0.0,0.0,0.0,0.44565061489838975,706.7986589850735,-0.0,706.7986589850735,29973.860660585895,3213.8606605859536
42.0,stop_hold,0.0,1.2,0.0,0.0,-0.0,-0.0,-0.0,-0.0,0.0,5259.8358931260545,5102.040816332273,96000.0,0.0,95999.99999999726,95999.99999999726,-2.735760062932968e-09,24999.91584234241,1,0,1499.9949505405446,1799.9939406486487,0.0,0.0,0.0,0.0,0.0,0.44565061489838975,706.7986589850735,-0.0,706.7986589850735,29973.860660585895,3213.8606605859536
42.05,stop_hold,0.0,1.2,0.0,0.0,-0.0,-0.0,-0.0,-0.0,0.0,5259.8358931260545,5102.040816332273,96000.0,0.0,95999.99999999776,95999.99999999776,-2.240994945168495e-09,24999.91584234241,1,0,1499.9949505405446,1799.9939406486487,0.0,0.0,0.0,0.0,0.0,0.44565061489838975,706.7986589850735,-0.0,706.7986589850735,29973.860660585895,3213.8606605859536
42.1,stop_hold,0.0,1.2,0.0,0.0,-0.0,-0.0,-0.0,-0.0,0.0,5259.8358931260545,5102.040816332273,96000.0,0.0,95999.99999999817,95999.99999999817,-1.8335413187742233e-09,24999.91584234241,1,0,1499.9949505405446,1799.9939406486487,0.0,0.0,0.0,0.0,0.0,0.44565061489838975,706.7986589850735,-0.0,706.7986589850735,29973.860660585895,3213.8606605859536
42.15,stop_hold,0.0,1.2,0.0,0.0,-0.0,-0.0,-0.0,-0.0,0.0,5259.8358931260545,5102.040816332273,96000.0,0.0,95999.99999999852,95999.99999999852,-1.4842953532934189e-09,24999.91584234241,1,0,1499.9949505405446,1799.9939406486487,0.0,0.0,0.0,0.0,0.0,0.44565061489838975,706.7986589850735,-0.0,706.7986589850735,29973.860660585895,3213.8606605859536
42.2,stop_hold,0.0,1.2,0.0,0.0,-0.0,-0.0,-0.0,-0.0,0.0,5259.8358931260545,5102.040816332273,96000.0,0.0,95999.99999999878,95999.99999999878,-1.2223608791828156e-09,24999.91584234241,1,0,1499.9949505405446,1799.9939406486487,0.0,0.0,0.0,0.0,0.0,0.44565061489838975,706.7986589850735,-0.0,706.7986589850735,29973.860660585895,3213.8606605859536
42.25,stop_hold,0.0,1.2,0.0,0.0,-0.0,-0.0,-0.0,-0.0,0.0,5259.8358931260545,5102.040816332273,96000.0,0.0,95999.999999999,95999.999999999,-1.0040821507573128e-09,24999.91584234241,1,0,1499.9949505405446,1799.9939406486487,0.0,0.0,0.0,0.0,0.0,0.44565061489838975,706.7986589850735,-0.0,706.7986589850735,29973.860660585895,3213.8606605859536
42.3,stop_hold,0.0,1.2,0.0,0.0,-0.0,-0.0,-0.0,-0.0,0.0,5259.8358931260545,5102.040816332273,96000.0,0.0,95999.99999999917,95999.99999999917,-8.294591680169106e-10,24999.91584234241,1,0,1499.9949505405446,1799.9939406486487,0.0,0.0,0.0,0.0,0.0,0.44565061489838975,706.7986589850735,-0.0,706.7986589850735,29973.860660585895,3213.8606605859536
42.35,stop_hold,0.0,1.2,0.0,0.0,-0.0,-0.0,-0.0,-0.0,0.0,5259.8358931260545,5102.040816332273,96000.0,0.0,95999.99999999932,95999.99999999932,-6.83940015733242e-10,24999.91584234241,1,0,1499.9949505405446,1799.9939406486487,0.0,0.0,0.0,0.0,0.0,0.44565061489838975,706.7986589850735,-0.0,706.7986589850735,29973.860660585895,3213.8606605859536
42.4,stop_hold,0.0,1.2,0.0,0.0,-0.0,-0.0,-0.0,-0.0,0.0,5259.8358931260545,5102.040816332273,96000.0,0.0,95999.99999999946,95999.99999999946,-5.384208634495735e-10,24999.91584234241,1,0,1499.9949505405446,1799.9939406486487,0.0,0.0,0.0,0.0,0.0,0.44565061489838975,706.7986589850735,-0.0,706.7986589850735,29973.860660585895,3213.8606605859536
42.45,stop_hold,0.0,1.2,0.0,0.0,-0.0,-0.0,-0.0,-0.0,0.0,5259.8358931260545,5102.040816332273,96000.0,0.0,95999.99999999953,95999.99999999953,-4.656612873077393e-10,24999.91584234241,1,0,1499.9949505405446,1799.9939406486487,0.0,0.0,0.0,0.0,0.0,0.44565061489838975,706.7986589850735,-0.0,706.7986589850735,29973.860660585895,3213.8606605859536
42.5,stop_hold,0.0,1.2,0.0,0.0,-0.0,-0.0,-0.0,-0.0,0.0,5259.8358931260545,5102.040816332273,96000.0,0.0,95999.9999999996,95999.9999999996,-3.92901711165905e-10,24999.91584234241,1,0,1499.9949505405446,1799.9939406486487,0.0,0.0,0.0,0.0,0.0,0.44565061489838975,706.7986589850735,-0.0,706.7986589850735,29973.860660585895,3213.8606605859536
42.55,stop_hold,0.0,1.2,0.0,0.0,-0.0,-0.0,-0.0,-0.0,0.0,5259.8358931260545,5102.040816332273,96000.0,0.0,95999.99999999968,95999.99999999968,-3.2014213502407074e-10,24999.91584234241,1,0,1499.9949505405446,1799.9939406486487,0.0,0.0,0.0,0.0,0.0,0.44565061489838975,706.7986589850735,-0.0,706.7986589850735,29973.860660585895,3213.8606605859536
42.6,stop_hold,0.0,1.2,0.0,0.0,-0.0,-0.0,-0.0,-0.0,0.0,5259.8358931260545,5102.040816332273,96000.0,0.0,95999.99999999975,95999.99999999975,-2.473825588822365e-10,24999.91584234241,1,0,1499.9949505405446,1799.9939406486487,0.0,0.0,0.0,0.0,0.0,0.44565061489838975,706.7986589850735,-0.0,706.7986589850735,29973.860660585895,3213.8606605859536
42.65,stop_hold,0.0,1.2,0.0,0.0,-0.0,-0.0,-0.0,-0.0,0.0,5259.8358931260545,5102.040816332273,96000.0,0.0,95999.99999999983,95999.99999999983,-1.7462298274040222e-10,24999.91584234241,1,0,1499.9949505405446,1799.9939406486487,0.0,0.0,0.0,0.0,0.0,0.44565061489838975,706.7986589850735,-0.0,706.7986589850735,29973.860660585895,3213.8606605859536
42.7,stop_hold,0.0,1.2,0.0,0.0,-0.0,-0.0,-0.0,-0.0,0.0,5259.8358931260545,5102.040816332273,96000.0,0.0,95999.99999999983,95999.99999999983,-1.7462298274040222e-10,24999.91584234241,1,0,1499.9949505405446,1799.9939406486487,0.0,0.0,0.0,0.0,0.0,0.44565061489838975,706.7986589850735,-0.0,706.7986589850735,29973.860660585895,3213.8606605859536
42.75,stop_hold,0.0,1.2,0.0,0.0,-0.0,-0.0,-0.0,-0.0,0.0,5259.8358931260545,5102.040816332273,96000.0,0.0,95999.99999999983,95999.99999999983,-1.7462298274040222e-10,24999.91584234241,1,0,1499.9949505405446,1799.9939406486487,0.0,0.0,0.0,0.0,0.0,0.44565061489838975,706.7986589850735,-0.0,706.7986589850735,29973.860660585895,3213.8606605859536
42.8,stop_hold,0.0,1.2,0.0,0.0,-0.0,-0.0,-0.0,-0.0,0.0,5259.8358931260545,5102.040816332273,96000.0,0.0,95999.99999999983,95999.99999999983,-1.7462298274040222e-10,24999.91584234241,1,0,1499.9949505405446,1799.9939406486487,0.0,0.0,0.0,0.0,0.0,0.44565061489838975,706.7986589850735,-0.0,706.7986589850735,29973.860660585895,3213.8606605859536
42.85,stop_hold,0.0,1.2,0.0,0.0,-0.0,-0.0,-0.0,-0.0,0.0,5259.8358931260545,5102.040816332273,96000.0,0.0,95999.99999999983,95999.99999999983,-1.7462298274040222e-10,24999.91584234241,1,0,1499.9949505405446,1799.9939406486487,0.0,0.0,0.0,0.0,0.0,0.44565061489838975,706.7986589850735,-0.0,706.7986589850735,29973.860660585895,3213.8606605859536
42.9,stop_hold,0.0,1.2,0.0,0.0,-0.0,-0.0,-0.0,-0.0,0.0,5259.8358931260545,5102.040816332273,96000.0,0.0,95999.99999999983,95999.99999999983,-1.7462298274040222e-10,24999.91584234241,1,0,1499.9949505405446,1799.9939406486487,0.0,0.0,0.0,0.0,0.0,0.44565061489838975,706.7986589850735,-0.0,706.7986589850735,29973.860660585895,3213.8606605859536
42.95,stop_hold,0.0,1.2,0.0,0.0,-0.0,-0.0,-0.0,-0.0,0.0,5259.8358931260545,5102.040816332273,96000.0,0.0,95999.99999999983,95999.99999999983,-1.7462298274040222e-10,24999.91584234241,1,0,1499.9949505405446,1799.9939406486487,0.0,0.0,0.0,0.0,0.0,0.44565061489838975,706.7986589850735,-0.0,706.7986589850735,29973.860660585895,3213.8606605859536
43.0,stop_hold,0.0,1.2,0.0,0.0,-0.0,-0.0,-0.0,-0.0,0.0,5259.8358931260545,5102.040816332273,96000.0,0.0,95999.99999999983,95999.99999999983,-1.7462298274040222e-10,24999.91584234241,1,0,1499.9949505405446,1799.9939406486487,0.0,0.0,0.0,0.0,0.0,0.44565061489838975,706.7986589850735,-0.0,706.7986589850735,29973.860660585895,3213.8606605859536
43.05,stop_hold,0.0,1.2,0.0,0.0,-0.0,-0.0,-0.0,-0.0,0.0,5259.8358931260545,5102.040816332273,96000.0,0.0,95999.99999999983,95999.99999999983,-1.7462298274040222e-10,24999.91584234241,1,0,1499.9949505405446,1799.9939406486487,0.0,0.0,0.0,0.0,0.0,0.44565061489838975,706.7986589850735,-0.0,706.7986589850735,29973.860660585895,3213.8606605859536
43.1,stop_hold,0.0,1.2,0.0,0.0,-0.0,-0.0,-0.0,-0.0,0.0,5259.8358931260545,5102.040816332273,96000.0,0.0,95999.99999999983,95999.99999999983,-1.7462298274040222e-10,24999.91584234241,1,0,1499.9949505405446,1799.9939406486487,0.0,0.0,0.0,0.0,0.0,0.44565061489838975,706.7986589850735,-0.0,706.7986589850735,29973.860660585895,3213.8606605859536
43.15,stop_hold,0.0,1.2,0.0,0.0,-0.0,-0.0,-0.0,-0.0,0.0,5259.8358931260545,5102.040816332273,96000.0,0.0,95999.99999999983,95999.99999999983,-1.7462298274040222e-10,24999.91584234241,1,0,1499.9949505405446,1799.9939406486487,0.0,0.0,0.0,0.0,0.0,0.44565061489838975,706.7986589850735,-0.0,706.7986589850735,29973.860660585895,3213.8606605859536
43.2,stop_hold,0.0,1.2,0.0,0.0,-0.0,-0.0,-0.0,-0.0,0.0,5259.8358931260545,5102.040816332273,96000.0,0.0,95999.99999999983,95999.99999999983,-1.7462298274040222e-10,24999.91584234241,1,0,1499.9949505405446,1799.9939406486487,0.0,0.0,0.0,0.0,0.0,0.44565061489838975,706.7986589850735,-0.0,706.7986589850735,29973.860660585895,3213.8606605859536
43.25,stop_hold,0.0,1.2,0.0,0.0,-0.0,-0.0,-0.0,-0.0,0.0,5259.8358931260545,5102.040816332273,96000.0,0.0,95999.99999999983,95999.99999999983,-1.7462298274040222e-10,24999.91584234241,1,0,1499.9949505405446,1799.9939406486487,0.0,0.0,0.0,0.0,0.0,0.44565061489838975,706.7986589850735,-0.0,706.7986589850735,29973.860660585895,3213.8606605859536
43.3,stop_hold,0.0,1.2,0.0,0.0,-0.0,-0.0,-0.0,-0.0,0.0,5259.8358931260545,5102.040816332273,96000.0,0.0,95999.99999999983,95999.99999999983,-1.7462298274040222e-10,24999.91584234241,1,0,1499.9949505405446,1799.9939406486487,0.0,0.0,0.0,0.0,0.0,0.44565061489838975,706.7986589850735,-0.0,706.7986589850735,29973.860660585895,3213.8606605859536
43.35,stop_hold,0.0,1.2,0.0,0.0,-0.0,-0.0,-0.0,-0.0,0.0,5259.8358931260545,5102.040816332273,96000.0,0.0,95999.99999999983,95999.99999999983,-1.7462298274040222e-10,24999.91584234241,1,0,1499.9949505405446,1799.9939406486487,0.0,0.0,0.0,0.0,0.0,0.44565061489838975,706.7986589850735,-0.0,706.7986589850735,29973.860660585895,3213.8606605859536
43.4,stop_hold,0.0,1.2,0.0,0.0,-0.0,-0.0,-0.0,-0.0,0.0,5259.8358931260545,5102.040816332273,96000.0,0.0,95999.99999999983,95999.99999999983,-1.7462298274040222e-10,24999.91584234241,1,0,1499.9949505405446,1799.9939406486487,0.0,0.0,0.0,0.0,0.0,0.44565061489838975,706.7986589850735,-0.0,706.7986589850735,29973.860660585895,3213.8606605859536
43.45,stop_hold,0.0,1.2,0.0,0.0,-0.0,-0.0,-0.0,-0.0,0.0,5259.8358931260545,5102.040816332273,96000.0,0.0,95999.99999999983,95999.99999999983,-1.7462298274040222e-10,24999.91584234241,1,0,1499.9949505405446,1799.9939406486487,0.0,0.0,0.0,0.0,0.0,0.44565061489838975,706.7986589850735,-0.0,706.7986589850735,29973.860660585895,3213.8606605859536
43.5,stop_hold,0.0,1.2,0.0,0.0,-0.0,-0.0,-0.0,-0.0,0.0,5259.8358931260545,5102.040816332273,96000.0,0.0,95999.99999999983,95999.99999999983,-1.7462298274040222e-10,24999.91584234241,1,0,1499.9949505405446,1799.9939406486487,0.0,0.0,0.0,0.0,0.0,0.44565061489838975,706.7986589850735,-0.0,706.7986589850735,29973.860660585895,3213.8606605859536
43.55,stop_hold,0.0,1.2,0.0,0.0,-0.0,-0.0,-0.0,-0.0,0.0,5259.8358931260545,5102.040816332273,96000.0,0.0,95999.99999999983,95999.99999999983,-1.7462298274040222e-10,24999.91584234241,1,0,1499.9949505405446,1799.9939406486487,0.0,0.0,0.0,0.0,0.0,0.44565061489838975,706.7986589850735,-0.0,706.7986589850735,29973.860660585895,3213.8606605859536
43.6,stop_hold,0.0,1.2,0.0,0.0,-0.0,-0.0,-0.0,-0.0,0.0,5259.8358931260545,5102.040816332273,96000.0,0.0,95999.99999999983,95999.99999999983,-1.7462298274040222e-10,24999.91584234241,1,0,1499.9949505405446,1799.9939406486487,0.0,0.0,0.0,0.0,0.0,0.44565061489838975,706.7986589850735,-0.0,706.7986589850735,29973.860660585895,3213.8606605859536
43.65,stop_hold,0.0,1.2,0.0,0.0,-0.0,-0.0,-0.0,-0.0,0.0,5259.8358931260545,5102.040816332273,96000.0,0.0,95999.99999999983,95999.99999999983,-1.7462298274040222e-10,24999.91584234241,1,0,1499.9949505405446,1799.9939406486487,0.0,0.0,0.0,0.0,0.0,0.44565061489838975,706.7986589850735,-0.0,706.7986589850735,29973.860660585895,3213.8606605859536
43.7,stop_hold,0.0,1.2,0.0,0.0,-0.0,-0.0,-0.0,-0.0,0.0,5259.8358931260545,5102.040816332273,96000.0,0.0,95999.99999999983,95999.99999999983,-1.7462298274040222e-10,24999.91584234241,1,0,1499.9949505405446,1799.9939406486487,0.0,0.0,0.0,0.0,0.0,0.44565061489838975,706.7986589850735,-0.0,706.7986589850735,29973.860660585895,3213.8606605859536
43.75,stop_hold,0.0,1.2,0.0,0.0,-0.0,-0.0,-0.0,-0.0,0.0,5259.8358931260545,5102.040816332273,96000.0,0.0,95999.99999999983,95999.99999999983,-1.7462298274040222e-10,24999.91584234241,1,0,1499.9949505405446,1799.9939406486487,0.0,0.0,0.0,0.0,0.0,0.44565061489838975,706.7986589850735,-0.0,706.7986589850735,29973.860660585895,3213.8606605859536
43.8,stop_hold,0.0,1.2,0.0,0.0,-0.0,-0.0,-0.0,-0.0,0.0,5259.8358931260545,5102.040816332273,96000.0,0.0,95999.99999999983,95999.99999999983,-1.7462298274040222e-10,24999.91584234241,1,0,1499.9949505405446,1799.9939406486487,0.0,0.0,0.0,0.0,0.0,0.44565061489838975,706.7986589850735,-0.0,706.7986589850735,29973.860660585895,3213.8606605859536
43.85,stop_hold,0.0,1.2,0.0,0.0,-0.0,-0.0,-0.0,-0.0,0.0,5259.8358931260545,5102.040816332273,96000.0,0.0,95999.99999999983,95999.99999999983,-1.7462298274040222e-10,24999.91584234241,1,0,1499.9949505405446,1799.9939406486487,0.0,0.0,0.0,0.0,0.0,0.44565061489838975,706.7986589850735,-0.0,706.7986589850735,29973.860660585895,3213.8606605859536
43.9,stop_hold,0.0,1.2,0.0,0.0,-0.0,-0.0,-0.0,-0.0,0.0,5259.8358931260545,5102.040816332273,96000.0,0.0,95999.99999999983,95999.99999999983,-1.7462298274040222e-10,24999.91584234241,1,0,1499.9949505405446,1799.9939406486487,0.0,0.0,0.0,0.0,0.0,0.44565061489838975,706.7986589850735,-0.0,706.7986589850735,29973.860660585895,3213.8606605859536
43.95,stop_hold,0.0,1.2,0.0,0.0,-0.0,-0.0,-0.0,-0.0,0.0,5259.8358931260545,5102.040816332273,96000.0,0.0,95999.99999999983,95999.99999999983,-1.7462298274040222e-10,24999.91584234241,1,0,1499.9949505405446,1799.9939406486487,0.0,0.0,0.0,0.0,0.0,0.44565061489838975,706.7986589850735,-0.0,706.7986589850735,29973.860660585895,3213.8606605859536
44.0,stop_hold,0.0,1.2,0.0,0.0,-0.0,-0.0,-0.0,-0.0,0.0,5259.8358931260545,5102.040816332273,96000.0,0.0,95999.99999999983,95999.99999999983,-1.7462298274040222e-10,24999.91584234241,1,0,1499.9949505405446,1799.9939406486487,0.0,0.0,0.0,0.0,0.0,0.44565061489838975,706.7986589850735,-0.0,706.7986589850735,29973.860660585895,3213.8606605859536
44.05,stop_hold,0.0,1.2,0.0,0.0,-0.0,-0.0,-0.0,-0.0,0.0,5259.8358931260545,5102.040816332273,96000.0,0.0,95999.99999999983,95999.99999999983,-1.7462298274040222e-10,24999.91584234241,1,0,1499.9949505405446,1799.9939406486487,0.0,0.0,0.0,0.0,0.0,0.44565061489838975,706.7986589850735,-0.0,706.7986589850735,29973.860660585895,3213.8606605859536
44.1,stop_hold,0.0,1.2,0.0,0.0,-0.0,-0.0,-0.0,-0.0,0.0,5259.8358931260545,5102.040816332273,96000.0,0.0,95999.99999999983,95999.99999999983,-1.7462298274040222e-10,24999.91584234241,1,0,1499.9949505405446,1799.9939406486487,0.0,0.0,0.0,0.0,0.0,0.44565061489838975,706.7986589850735,-0.0,706.7986589850735,29973.860660585895,3213.8606605859536
44.15,stop_hold,0.0,1.2,0.0,0.0,-0.0,-0.0,-0.0,-0.0,0.0,5259.8358931260545,5102.040816332273,96000.0,0.0,95999.99999999983,95999.99999999983,-1.7462298274040222e-10,24999.91584234241,1,0,1499.9949505405446,1799.9939406486487,0.0,0.0,0.0,0.0,0.0,0.44565061489838975,706.7986589850735,-0.0,706.7986589850735,29973.860660585895,3213.8606605859536
44.2,stop_hold,0.0,1.2,0.0,0.0,-0.0,-0.0,-0.0,-0.0,0.0,5259.8358931260545,5102.040816332273,96000.0,0.0,95999.99999999983,95999.99999999983,-1.7462298274040222e-10,24999.91584234241,1,0,1499.9949505405446,1799.9939406486487,0.0,0.0,0.0,0.0,0.0,0.44565061489838975,706.7986589850735,-0.0,706.7986589850735,29973.860660585895,3213.8606605859536
44.25,stop_hold,0.0,1.2,0.0,0.0,-0.0,-0.0,-0.0,-0.0,0.0,5259.8358931260545,5102.040816332273,96000.0,0.0,95999.99999999983,95999.99999999983,-1.7462298274040222e-10,24999.91584234241,1,0,1499.9949505405446,1799.9939406486487,0.0,0.0,0.0,0.0,0.0,0.44565061489838975,706.7986589850735,-0.0,706.7986589850735,29973.860660585895,3213.8606605859536
44.3,stop_hold,0.0,1.2,0.0,0.0,-0.0,-0.0,-0.0,-0.0,0.0,5259.8358931260545,5102.040816332273,96000.0,0.0,95999.99999999983,95999.99999999983,-1.7462298274040222e-10,24999.91584234241,1,0,1499.9949505405446,1799.9939406486487,0.0,0.0,0.0,0.0,0.0,0.44565061489838975,706.7986589850735,-0.0,706.7986589850735,29973.860660585895,3213.8606605859536
44.35,stop_hold,0.0,1.2,0.0,0.0,-0.0,-0.0,-0.0,-0.0,0.0,5259.8358931260545,5102.040816332273,96000.0,0.0,95999.99999999983,95999.99999999983,-1.7462298274040222e-10,24999.91584234241,1,0,1499.9949505405446,1799.9939406486487,0.0,0.0,0.0,0.0,0.0,0.44565061489838975,706.7986589850735,-0.0,706.7986589850735,29973.860660585895,3213.8606605859536
44.4,stop_hold,0.0,1.2,0.0,0.0,-0.0,-0.0,-0.0,-0.0,0.0,5259.8358931260545,5102.040816332273,96000.0,0.0,95999.99999999983,95999.99999999983,-1.7462298274040222e-10,24999.91584234241,1,0,1499.9949505405446,1799.9939406486487,0.0,0.0,0.0,0.0,0.0,0.44565061489838975,706.7986589850735,-0.0,706.7986589850735,29973.860660585895,3213.8606605859536
44.45,stop_hold,0.0,1.2,0.0,0.0,-0.0,-0.0,-0.0,-0.0,0.0,5259.8358931260545,5102.040816332273,96000.0,0.0,95999.99999999983,95999.99999999983,-1.7462298274040222e-10,24999.91584234241,1,0,1499.9949505405446,1799.9939406486487,0.0,0.0,0.0,0.0,0.0,0.44565061489838975,706.7986589850735,-0.0,706.7986589850735,29973.860660585895,3213.8606605859536
44.5,stop_hold,0.0,1.2,0.0,0.0,-0.0,-0.0,-0.0,-0.0,0.0,5259.8358931260545,5102.040816332273,96000.0,0.0,95999.99999999983,95999.99999999983,-1.7462298274040222e-10,24999.91584234241,1,0,1499.9949505405446,1799.9939406486487,0.0,0.0,0.0,0.0,0.0,0.44565061489838975,706.7986589850735,-0.0,706.7986589850735,29973.860660585895,3213.8606605859536
44.55,stop_hold,0.0,1.2,0.0,0.0,-0.0,-0.0,-0.0,-0.0,0.0,5259.8358931260545,5102.040816332273,96000.0,0.0,95999.99999999983,95999.99999999983,-1.7462298274040222e-10,24999.91584234241,1,0,1499.9949505405446,1799.9939406486487,0.0,0.0,0.0,0.0,0.0,0.44565061489838975,706.7986589850735,-0.0,706.7986589850735,29973.860660585895,3213.8606605859536
44.6,stop_hold,0.0,1.2,0.0,0.0,-0.0,-0.0,-0.0,-0.0,0.0,5259.8358931260545,5102.040816332273,96000.0,0.0,95999.99999999983,95999.99999999983,-1.7462298274040222e-10,24999.91584234241,1,0,1499.9949505405446,1799.9939406486487,0.0,0.0,0.0,0.0,0.0,0.44565061489838975,706.7986589850735,-0.0,706.7986589850735,29973.860660585895,3213.8606605859536
44.65,stop_hold,0.0,1.2,0.0,0.0,-0.0,-0.0,-0.0,-0.0,0.0,5259.8358931260545,5102.040816332273,96000.0,0.0,95999.99999999983,95999.99999999983,-1.7462298274040222e-10,24999.91584234241,1,0,1499.9949505405446,1799.9939406486487,0.0,0.0,0.0,0.0,0.0,0.44565061489838975,706.7986589850735,-0.0,706.7986589850735,29973.860660585895,3213.8606605859536
44.7,stop_hold,0.0,1.2,0.0,0.0,-0.0,-0.0,-0.0,-0.0,0.0,5259.8358931260545,5102.040816332273,96000.0,0.0,95999.99999999983,95999.99999999983,-1.7462298274040222e-10,24999.91584234241,1,0,1499.9949505405446,1799.9939406486487,0.0,0.0,0.0,0.0,0.0,0.44565061489838975,706.7986589850735,-0.0,706.7986589850735,29973.860660585895,3213.8606605859536
44.75,stop_hold,0.0,1.2,0.0,0.0,-0.0,-0.0,-0.0,-0.0,0.0,5259.8358931260545,5102.040816332273,96000.0,0.0,95999.99999999983,95999.99999999983,-1.7462298274040222e-10,24999.91584234241,1,0,1499.9949505405446,1799.9939406486487,0.0,0.0,0.0,0.0,0.0,0.44565061489838975,706.7986589850735,-0.0,706.7986589850735,29973.860660585895,3213.8606605859536
44.8,stop_hold,0.0,1.2,0.0,0.0,-0.0,-0.0,-0.0,-0.0,0.0,5259.8358931260545,5102.040816332273,96000.0,0.0,95999.99999999983,95999.99999999983,-1.7462298274040222e-10,24999.91584234241,1,0,1499.9949505405446,1799.9939406486487,0.0,0.0,0.0,0.0,0.0,0.44565061489838975,706.7986589850735,-0.0,706.7986589850735,29973.860660585895,3213.8606605859536
44.85,stop_hold,0.0,1.2,0.0,0.0,-0.0,-0.0,-0.0,-0.0,0.0,5259.8358931260545,5102.040816332273,96000.0,0.0,95999.99999999983,95999.99999999983,-1.7462298274040222e-10,24999.91584234241,1,0,1499.9949505405446,1799.9939406486487,0.0,0.0,0.0,0.0,0.0,0.44565061489838975,706.7986589850735,-0.0,706.7986589850735,29973.860660585895,3213.8606605859536
44.9,stop_hold,0.0,1.2,0.0,0.0,-0.0,-0.0,-0.0,-0.0,0.0,5259.8358931260545,5102.040816332273,96000.0,0.0,95999.99999999983,95999.99999999983,-1.7462298274040222e-10,24999.91584234241,1,0,1499.9949505405446,1799.9939406486487,0.0,0.0,0.0,0.0,0.0,0.44565061489838975,706.7986589850735,-0.0,706.7986589850735,29973.860660585895,3213.8606605859536
44.95,stop_hold,0.0,1.2,0.0,0.0,-0.0,-0.0,-0.0,-0.0,0.0,5259.8358931260545,5102.040816332273,96000.0,0.0,95999.99999999983,95999.99999999983,-1.7462298274040222e-10,24999.91584234241,1,0,1499.9949505405446,1799.9939406486487,0.0,0.0,0.0,0.0,0.0,0.44565061489838975,706.7986589850735,-0.0,706.7986589850735,29973.860660585895,3213.8606605859536
45.0,stop_hold,0.0,1.2,0.0,0.0,-0.0,-0.0,-0.0,-0.0,0.0,5259.8358931260545,5102.040816332273,96000.0,0.0,95999.99999999983,95999.99999999983,-1.7462298274040222e-10,24999.91584234241,1,0,1499.9949505405446,1799.9939406486487,0.0,0.0,0.0,0.0,0.0,0.44565061489838975,706.7986589850735,-0.0,706.7986589850735,29973.860660585895,3213.8606605859536
45.05,stop_hold,0.0,1.2,0.0,0.0,-0.0,-0.0,-0.0,-0.0,0.0,5259.8358931260545,5102.040816332273,96000.0,0.0,95999.99999999983,95999.99999999983,-1.7462298274040222e-10,24999.91584234241,1,0,1499.9949505405446,1799.9939406486487,0.0,0.0,0.0,0.0,0.0,0.44565061489838975,706.7986589850735,-0.0,706.7986589850735,29973.860660585895,3213.8606605859536
45.1,stop_hold,0.0,1.2,0.0,0.0,-0.0,-0.0,-0.0,-0.0,0.0,5259.8358931260545,5102.040816332273,96000.0,0.0,95999.99999999983,95999.99999999983,-1.7462298274040222e-10,24999.91584234241,1,0,1499.9949505405446,1799.9939406486487,0.0,0.0,0.0,0.0,0.0,0.44565061489838975,706.7986589850735,-0.0,706.7986589850735,29973.860660585895,3213.8606605859536
45.15,stop_hold,0.0,1.2,0.0,0.0,-0.0,-0.0,-0.0,-0.0,0.0,5259.8358931260545,5102.040816332273,96000.0,0.0,95999.99999999983,95999.99999999983,-1.7462298274040222e-10,24999.91584234241,1,0,1499.9949505405446,1799.9939406486487,0.0,0.0,0.0,0.0,0.0,0.44565061489838975,706.7986589850735,-0.0,706.7986589850735,29973.860660585895,3213.8606605859536
45.2,stop_hold,0.0,1.2,0.0,0.0,-0.0,-0.0,-0.0,-0.0,0.0,5259.8358931260545,5102.040816332273,96000.0,0.0,95999.99999999983,95999.99999999983,-1.7462298274040222e-10,24999.91584234241,1,0,1499.9949505405446,1799.9939406486487,0.0,0.0,0.0,0.0,0.0,0.44565061489838975,706.7986589850735,-0.0,706.7986589850735,29973.860660585895,3213.8606605859536
45.25,stop_hold,0.0,1.2,0.0,0.0,-0.0,-0.0,-0.0,-0.0,0.0,5259.8358931260545,5102.040816332273,96000.0,0.0,95999.99999999983,95999.99999999983,-1.7462298274040222e-10,24999.91584234241,1,0,1499.9949505405446,1799.9939406486487,0.0,0.0,0.0,0.0,0.0,0.44565061489838975,706.7986589850735,-0.0,706.7986589850735,29973.860660585895,3213.8606605859536
45.3,stop_hold,0.0,1.2,0.0,0.0,-0.0,-0.0,-0.0,-0.0,0.0,5259.8358931260545,5102.040816332273,96000.0,0.0,95999.99999999983,95999.99999999983,-1.7462298274040222e-10,24999.91584234241,1,0,1499.9949505405446,1799.9939406486487,0.0,0.0,0.0,0.0,0.0,0.44565061489838975,706.7986589850735,-0.0,706.7986589850735,29973.860660585895,3213.8606605859536
45.35,stop_hold,0.0,1.2,0.0,0.0,-0.0,-0.0,-0.0,-0.0,0.0,5259.8358931260545,5102.040816332273,96000.0,0.0,95999.99999999983,95999.99999999983,-1.7462298274040222e-10,24999.91584234241,1,0,1499.9949505405446,1799.9939406486487,0.0,0.0,0.0,0.0,0.0,0.44565061489838975,706.7986589850735,-0.0,706.7986589850735,29973.860660585895,3213.8606605859536
45.4,stop_hold,0.0,1.2,0.0,0.0,-0.0,-0.0,-0.0,-0.0,0.0,5259.8358931260545,5102.040816332273,96000.0,0.0,95999.99999999983,95999.99999999983,-1.7462298274040222e-10,24999.91584234241,1,0,1499.9949505405446,1799.9939406486487,0.0,0.0,0.0,0.0,0.0,0.44565061489838975,706.7986589850735,-0.0,706.7986589850735,29973.860660585895,3213.8606605859536
45.45,stop_hold,0.0,1.2,0.0,0.0,-0.0,-0.0,-0.0,-0.0,0.0,5259.8358931260545,5102.040816332273,96000.0,0.0,95999.99999999983,95999.99999999983,-1.7462298274040222e-10,24999.91584234241,1,0,1499.9949505405446,1799.9939406486487,0.0,0.0,0.0,0.0,0.0,0.44565061489838975,706.7986589850735,-0.0,706.7986589850735,29973.860660585895,3213.8606605859536
45.5,stop_hold,0.0,1.2,0.0,0.0,-0.0,-0.0,-0.0,-0.0,0.0,5259.8358931260545,5102.040816332273,96000.0,0.0,95999.99999999983,95999.99999999983,-1.7462298274040222e-10,24999.91584234241,1,0,1499.9949505405446,1799.9939406486487,0.0,0.0,0.0,0.0,0.0,0.44565061489838975,706.7986589850735,-0.0,706.7986589850735,29973.860660585895,3213.8606605859536
45.55,stop_hold,0.0,1.2,0.0,0.0,-0.0,-0.0,-0.0,-0.0,0.0,5259.8358931260545,5102.040816332273,96000.0,0.0,95999.99999999983,95999.99999999983,-1.7462298274040222e-10,24999.91584234241,1,0,1499.9949505405446,1799.9939406486487,0.0,0.0,0.0,0.0,0.0,0.44565061489838975,706.7986589850735,-0.0,706.7986589850735,29973.860660585895,3213.8606605859536
45.6,stop_hold,0.0,1.2,0.0,0.0,-0.0,-0.0,-0.0,-0.0,0.0,5259.8358931260545,5102.040816332273,96000.0,0.0,95999.99999999983,95999.99999999983,-1.7462298274040222e-10,24999.91584234241,1,0,1499.9949505405446,1799.9939406486487,0.0,0.0,0.0,0.0,0.0,0.44565061489838975,706.7986589850735,-0.0,706.7986589850735,29973.860660585895,3213.8606605859536
45.65,stop_hold,0.0,1.2,0.0,0.0,-0.0,-0.0,-0.0,-0.0,0.0,5259.8358931260545,5102.040816332273,96000.0,0.0,95999.99999999983,95999.99999999983,-1.7462298274040222e-10,24999.91584234241,1,0,1499.9949505405446,1799.9939406486487,0.0,0.0,0.0,0.0,0.0,0.44565061489838975,706.7986589850735,-0.0,706.7986589850735,29973.860660585895,3213.8606605859536
45.7,stop_hold,0.0,1.2,0.0,0.0,-0.0,-0.0,-0.0,-0.0,0.0,5259.8358931260545,5102.040816332273,96000.0,0.0,95999.99999999983,95999.99999999983,-1.7462298274040222e-10,24999.91584234241,1,0,1499.9949505405446,1799.9939406486487,0.0,0.0,0.0,0.0,0.0,0.44565061489838975,706.7986589850735,-0.0,706.7986589850735,29973.860660585895,3213.8606605859536
45.75,stop_hold,0.0,1.2,0.0,0.0,-0.0,-0.0,-0.0,-0.0,0.0,5259.8358931260545,5102.040816332273,96000.0,0.0,95999.99999999983,95999.99999999983,-1.7462298274040222e-10,24999.91584234241,1,0,1499.9949505405446,1799.9939406486487,0.0,0.0,0.0,0.0,0.0,0.44565061489838975,706.7986589850735,-0.0,706.7986589850735,29973.860660585895,3213.8606605859536
45.8,stop_hold,0.0,1.2,0.0,0.0,-0.0,-0.0,-0.0,-0.0,0.0,5259.8358931260545,5102.040816332273,96000.0,0.0,95999.99999999983,95999.99999999983,-1.7462298274040222e-10,24999.91584234241,1,0,1499.9949505405446,1799.9939406486487,0.0,0.0,0.0,0.0,0.0,0.44565061489838975,706.7986589850735,-0.0,706.7986589850735,29973.860660585895,3213.8606605859536
45.85,stop_hold,0.0,1.2,0.0,0.0,-0.0,-0.0,-0.0,-0.0,0.0,5259.8358931260545,5102.040816332273,96000.0,0.0,95999.99999999983,95999.99999999983,-1.7462298274040222e-10,24999.91584234241,1,0,1499.9949505405446,1799.9939406486487,0.0,0.0,0.0,0.0,0.0,0.44565061489838975,706.7986589850735,-0.0,706.7986589850735,29973.860660585895,3213.8606605859536
45.9,stop_hold,0.0,1.2,0.0,0.0,-0.0,-0.0,-0.0,-0.0,0.0,5259.8358931260545,5102.040816332273,96000.0,0.0,95999.99999999983,95999.99999999983,-1.7462298274040222e-10,24999.91584234241,1,0,1499.9949505405446,1799.9939406486487,0.0,0.0,0.0,0.0,0.0,0.44565061489838975,706.7986589850735,-0.0,706.7986589850735,29973.860660585895,3213.8606605859536
45.95,stop_hold,0.0,1.2,0.0,0.0,-0.0,-0.0,-0.0,-0.0,0.0,5259.8358931260545,5102.040816332273,96000.0,0.0,95999.99999999983,95999.99999999983,-1.7462298274040222e-10,24999.91584234241,1,0,1499.9949505405446,1799.9939406486487,0.0,0.0,0.0,0.0,0.0,0.44565061489838975,706.7986589850735,-0.0,706.7986589850735,29973.860660585895,3213.8606605859536
46.0,stop_hold,0.0,1.2,0.0,0.0,-0.0,-0.0,-0.0,-0.0,0.0,5259.8358931260545,5102.040816332273,96000.0,0.0,95999.99999999983,95999.99999999983,-1.7462298274040222e-10,24999.91584234241,1,0,1499.9949505405446,1799.9939406486487,0.0,0.0,0.0,0.0,0.0,0.44565061489838975,706.7986589850735,-0.0,706.7986589850735,29973.860660585895,3213.8606605859536
46.05,stop_hold,0.0,1.2,0.0,0.0,-0.0,-0.0,-0.0,-0.0,0.0,5259.8358931260545,5102.040816332273,96000.0,0.0,95999.99999999983,95999.99999999983,-1.7462298274040222e-10,24999.91584234241,1,0,1499.9949505405446,1799.9939406486487,0.0,0.0,0.0,0.0,0.0,0.44565061489838975,706.7986589850735,-0.0,706.7986589850735,29973.860660585895,3213.8606605859536
46.1,stop_hold,0.0,1.2,0.0,0.0,-0.0,-0.0,-0.0,-0.0,0.0,5259.8358931260545,5102.040816332273,96000.0,0.0,95999.99999999983,95999.99999999983,-1.7462298274040222e-10,24999.91584234241,1,0,1499.9949505405446,1799.9939406486487,0.0,0.0,0.0,0.0,0.0,0.44565061489838975,706.7986589850735,-0.0,706.7986589850735,29973.860660585895,3213.8606605859536
46.15,stop_hold,0.0,1.2,0.0,0.0,-0.0,-0.0,-0.0,-0.0,0.0,5259.8358931260545,5102.040816332273,96000.0,0.0,95999.99999999983,95999.99999999983,-1.7462298274040222e-10,24999.91584234241,1,0,1499.9949505405446,1799.9939406486487,0.0,0.0,0.0,0.0,0.0,0.44565061489838975,706.7986589850735,-0.0,706.7986589850735,29973.860660585895,3213.8606605859536
46.2,stop_hold,0.0,1.2,0.0,0.0,-0.0,-0.0,-0.0,-0.0,0.0,5259.8358931260545,5102.040816332273,96000.0,0.0,95999.99999999983,95999.99999999983,-1.7462298274040222e-10,24999.91584234241,1,0,1499.9949505405446,1799.9939406486487,0.0,0.0,0.0,0.0,0.0,0.44565061489838975,706.7986589850735,-0.0,706.7986589850735,29973.860660585895,3213.8606605859536
46.25,stop_hold,0.0,1.2,0.0,0.0,-0.0,-0.0,-0.0,-0.0,0.0,5259.8358931260545,5102.040816332273,96000.0,0.0,95999.99999999983,95999.99999999983,-1.7462298274040222e-10,24999.91584234241,1,0,1499.9949505405446,1799.9939406486487,0.0,0.0,0.0,0.0,0.0,0.44565061489838975,706.7986589850735,-0.0,706.7986589850735,29973.860660585895,3213.8606605859536
46.3,stop_hold,0.0,1.2,0.0,0.0,-0.0,-0.0,-0.0,-0.0,0.0,5259.8358931260545,5102.040816332273,96000.0,0.0,95999.99999999983,95999.99999999983,-1.7462298274040222e-10,24999.91584234241,1,0,1499.9949505405446,1799.9939406486487,0.0,0.0,0.0,0.0,0.0,0.44565061489838975,706.7986589850735,-0.0,706.7986589850735,29973.860660585895,3213.8606605859536
46.35,stop_hold,0.0,1.2,0.0,0.0,-0.0,-0.0,-0.0,-0.0,0.0,5259.8358931260545,5102.040816332273,96000.0,0.0,95999.99999999983,95999.99999999983,-1.7462298274040222e-10,24999.91584234241,1,0,1499.9949505405446,1799.9939406486487,0.0,0.0,0.0,0.0,0.0,0.44565061489838975,706.7986589850735,-0.0,706.7986589850735,29973.860660585895,3213.8606605859536
46.4,stop_hold,0.0,1.2,0.0,0.0,-0.0,-0.0,-0.0,-0.0,0.0,5259.8358931260545,5102.040816332273,96000.0,0.0,95999.99999999983,95999.99999999983,-1.7462298274040222e-10,24999.91584234241,1,0,1499.9949505405446,1799.9939406486487,0.0,0.0,0.0,0.0,0.0,0.44565061489838975,706.7986589850735,-0.0,706.7986589850735,29973.860660585895,3213.8606605859536
46.45,stop_hold,0.0,1.2,0.0,0.0,-0.0,-0.0,-0.0,-0.0,0.0,5259.8358931260545,5102.040816332273,96000.0,0.0,95999.99999999983,95999.99999999983,-1.7462298274040222e-10,24999.91584234241,1,0,1499.9949505405446,1799.9939406486487,0.0,0.0,0.0,0.0,0.0,0.44565061489838975,706.7986589850735,-0.0,706.7986589850735,29973.860660585895,3213.8606605859536
46.5,stop_hold,0.0,1.2,0.0,0.0,-0.0,-0.0,-0.0,-0.0,0.0,5259.8358931260545,5102.040816332273,96000.0,0.0,95999.99999999983,95999.99999999983,-1.7462298274040222e-10,24999.91584234241,1,0,1499.9949505405446,1799.9939406486487,0.0,0.0,0.0,0.0,0.0,0.44565061489838975,706.7986589850735,-0.0,706.7986589850735,29973.860660585895,3213.8606605859536
46.55,stop_hold,0.0,1.2,0.0,0.0,-0.0,-0.0,-0.0,-0.0,0.0,5259.8358931260545,5102.040816332273,96000.0,0.0,95999.99999999983,95999.99999999983,-1.7462298274040222e-10,24999.91584234241,1,0,1499.9949505405446,1799.9939406486487,0.0,0.0,0.0,0.0,0.0,0.44565061489838975,706.7986589850735,-0.0,706.7986589850735,29973.860660585895,3213.8606605859536
46.6,stop_hold,0.0,1.2,0.0,0.0,-0.0,-0.0,-0.0,-0.0,0.0,5259.8358931260545,5102.040816332273,96000.0,0.0,95999.99999999983,95999.99999999983,-1.7462298274040222e-10,24999.91584234241,1,0,1499.9949505405446,1799.9939406486487,0.0,0.0,0.0,0.0,0.0,0.44565061489838975,706.7986589850735,-0.0,706.7986589850735,29973.860660585895,3213.8606605859536
46.65,stop_hold,0.0,1.2,0.0,0.0,-0.0,-0.0,-0.0,-0.0,0.0,5259.8358931260545,5102.040816332273,96000.0,0.0,95999.99999999983,95999.99999999983,-1.7462298274040222e-10,24999.91584234241,1,0,1499.9949505405446,1799.9939406486487,0.0,0.0,0.0,0.0,0.0,0.44565061489838975,706.7986589850735,-0.0,706.7986589850735,29973.860660585895,3213.8606605859536
46.7,stop_hold,0.0,1.2,0.0,0.0,-0.0,-0.0,-0.0,-0.0,0.0,5259.8358931260545,5102.040816332273,96000.0,0.0,95999.99999999983,95999.99999999983,-1.7462298274040222e-10,24999.91584234241,1,0,1499.9949505405446,1799.9939406486487,0.0,0.0,0.0,0.0,0.0,0.44565061489838975,706.7986589850735,-0.0,706.7986589850735,29973.860660585895,3213.8606605859536
46.75,stop_hold,0.0,1.2,0.0,0.0,-0.0,-0.0,-0.0,-0.0,0.0,5259.8358931260545,5102.040816332273,96000.0,0.0,95999.99999999983,95999.99999999983,-1.7462298274040222e-10,24999.91584234241,1,0,1499.9949505405446,1799.9939406486487,0.0,0.0,0.0,0.0,0.0,0.44565061489838975,706.7986589850735,-0.0,706.7986589850735,29973.860660585895,3213.8606605859536
46.8,stop_hold,0.0,1.2,0.0,0.0,-0.0,-0.0,-0.0,-0.0,0.0,5259.8358931260545,5102.040816332273,96000.0,0.0,95999.99999999983,95999.99999999983,-1.7462298274040222e-10,24999.91584234241,1,0,1499.9949505405446,1799.9939406486487,0.0,0.0,0.0,0.0,0.0,0.44565061489838975,706.7986589850735,-0.0,706.7986589850735,29973.860660585895,3213.8606605859536
46.85,stop_hold,0.0,1.2,0.0,0.0,-0.0,-0.0,-0.0,-0.0,0.0,5259.8358931260545,5102.040816332273,96000.0,0.0,95999.99999999983,95999.99999999983,-1.7462298274040222e-10,24999.91584234241,1,0,1499.9949505405446,1799.9939406486487,0.0,0.0,0.0,0.0,0.0,0.44565061489838975,706.7986589850735,-0.0,706.7986589850735,29973.860660585895,3213.8606605859536
46.9,stop_hold,0.0,1.2,0.0,0.0,-0.0,-0.0,-0.0,-0.0,0.0,5259.8358931260545,5102.040816332273,96000.0,0.0,95999.99999999983,95999.99999999983,-1.7462298274040222e-10,24999.91584234241,1,0,1499.9949505405446,1799.9939406486487,0.0,0.0,0.0,0.0,0.0,0.44565061489838975,706.7986589850735,-0.0,706.7986589850735,29973.860660585895,3213.8606605859536
46.95,stop_hold,0.0,1.2,0.0,0.0,-0.0,-0.0,-0.0,-0.0,0.0,5259.8358931260545,5102.040816332273,96000.0,0.0,95999.99999999983,95999.99999999983,-1.7462298274040222e-10,24999.91584234241,1,0,1499.9949505405446,1799.9939406486487,0.0,0.0,0.0,0.0,0.0,0.44565061489838975,706.7986589850735,-0.0,706.7986589850735,29973.860660585895,3213.8606605859536
47.0,stop_hold,0.0,1.2,0.0,0.0,-0.0,-0.0,-0.0,-0.0,0.0,5259.8358931260545,5102.040816332273,96000.0,0.0,95999.99999999983,95999.99999999983,-1.7462298274040222e-10,24999.91584234241,1,0,1499.9949505405446,1799.9939406486487,0.0,0.0,0.0,0.0,0.0,0.44565061489838975,706.7986589850735,-0.0,706.7986589850735,29973.860660585895,3213.8606605859536
47.05,stop_hold,0.0,1.2,0.0,0.0,-0.0,-0.0,-0.0,-0.0,0.0,5259.8358931260545,5102.040816332273,96000.0,0.0,95999.99999999983,95999.99999999983,-1.7462298274040222e-10,24999.91584234241,1,0,1499.9949505405446,1799.9939406486487,0.0,0.0,0.0,0.0,0.0,0.44565061489838975,706.7986589850735,-0.0,706.7986589850735,29973.860660585895,3213.8606605859536
47.1,stop_hold,0.0,1.2,0.0,0.0,-0.0,-0.0,-0.0,-0.0,0.0,5259.8358931260545,5102.040816332273,96000.0,0.0,95999.99999999983,95999.99999999983,-1.7462298274040222e-10,24999.91584234241,1,0,1499.9949505405446,1799.9939406486487,0.0,0.0,0.0,0.0,0.0,0.44565061489838975,706.7986589850735,-0.0,706.7986589850735,29973.860660585895,3213.8606605859536
47.15,stop_hold,0.0,1.2,0.0,0.0,-0.0,-0.0,-0.0,-0.0,0.0,5259.8358931260545,5102.040816332273,96000.0,0.0,95999.99999999983,95999.99999999983,-1.7462298274040222e-10,24999.91584234241,1,0,1499.9949505405446,1799.9939406486487,0.0,0.0,0.0,0.0,0.0,0.44565061489838975,706.7986589850735,-0.0,706.7986589850735,29973.860660585895,3213.8606605859536
47.2,stop_hold,0.0,1.2,0.0,0.0,-0.0,-0.0,-0.0,-0.0,0.0,5259.8358931260545,5102.040816332273,96000.0,0.0,95999.99999999983,95999.99999999983,-1.7462298274040222e-10,24999.91584234241,1,0,1499.9949505405446,1799.9939406486487,0.0,0.0,0.0,0.0,0.0,0.44565061489838975,706.7986589850735,-0.0,706.7986589850735,29973.860660585895,3213.8606605859536
47.25,stop_hold,0.0,1.2,0.0,0.0,-0.0,-0.0,-0.0,-0.0,0.0,5259.8358931260545,5102.040816332273,96000.0,0.0,95999.99999999983,95999.99999999983,-1.7462298274040222e-10,24999.91584234241,1,0,1499.9949505405446,1799.9939406486487,0.0,0.0,0.0,0.0,0.0,0.44565061489838975,706.7986589850735,-0.0,706.7986589850735,29973.860660585895,3213.8606605859536
47.3,stop_hold,0.0,1.2,0.0,0.0,-0.0,-0.0,-0.0,-0.0,0.0,5259.8358931260545,5102.040816332273,96000.0,0.0,95999.99999999983,95999.99999999983,-1.7462298274040222e-10,24999.91584234241,1,0,1499.9949505405446,1799.9939406486487,0.0,0.0,0.0,0.0,0.0,0.44565061489838975,706.7986589850735,-0.0,706.7986589850735,29973.860660585895,3213.8606605859536
47.35,stop_hold,0.0,1.2,0.0,0.0,-0.0,-0.0,-0.0,-0.0,0.0,5259.8358931260545,5102.040816332273,96000.0,0.0,95999.99999999983,95999.99999999983,-1.7462298274040222e-10,24999.91584234241,1,0,1499.9949505405446,1799.9939406486487,0.0,0.0,0.0,0.0,0.0,0.44565061489838975,706.7986589850735,-0.0,706.7986589850735,29973.860660585895,3213.8606605859536
47.4,stop_hold,0.0,1.2,0.0,0.0,-0.0,-0.0,-0.0,-0.0,0.0,5259.8358931260545,5102.040816332273,96000.0,0.0,95999.99999999983,95999.99999999983,-1.7462298274040222e-10,24999.91584234241,1,0,1499.9949505405446,1799.9939406486487,0.0,0.0,0.0,0.0,0.0,0.44565061489838975,706.7986589850735,-0.0,706.7986589850735,29973.860660585895,3213.8606605859536
47.45,stop_hold,0.0,1.2,0.0,0.0,-0.0,-0.0,-0.0,-0.0,0.0,5259.8358931260545,5102.040816332273,96000.0,0.0,95999.99999999983,95999.99999999983,-1.7462298274040222e-10,24999.91584234241,1,0,1499.9949505405446,1799.9939406486487,0.0,0.0,0.0,0.0,0.0,0.44565061489838975,706.7986589850735,-0.0,706.7986589850735,29973.860660585895,3213.8606605859536
47.5,stop_hold,0.0,1.2,0.0,0.0,-0.0,-0.0,-0.0,-0.0,0.0,5259.8358931260545,5102.040816332273,96000.0,0.0,95999.99999999983,95999.99999999983,-1.7462298274040222e-10,24999.91584234241,1,0,1499.9949505405446,1799.9939406486487,0.0,0.0,0.0,0.0,0.0,0.44565061489838975,706.7986589850735,-0.0,706.7986589850735,29973.860660585895,3213.8606605859536
47.55,stop_hold,0.0,1.2,0.0,0.0,-0.0,-0.0,-0.0,-0.0,0.0,5259.8358931260545,5102.040816332273,96000.0,0.0,95999.99999999983,95999.99999999983,-1.7462298274040222e-10,24999.91584234241,1,0,1499.9949505405446,1799.9939406486487,0.0,0.0,0.0,0.0,0.0,0.44565061489838975,706.7986589850735,-0.0,706.7986589850735,29973.860660585895,3213.8606605859536
47.6,stop_hold,0.0,1.2,0.0,0.0,-0.0,-0.0,-0.0,-0.0,0.0,5259.8358931260545,5102.040816332273,96000.0,0.0,95999.99999999983,95999.99999999983,-1.7462298274040222e-10,24999.91584234241,1,0,1499.9949505405446,1799.9939406486487,0.0,0.0,0.0,0.0,0.0,0.44565061489838975,706.7986589850735,-0.0,706.7986589850735,29973.860660585895,3213.8606605859536
47.65,stop_hold,0.0,1.2,0.0,0.0,-0.0,-0.0,-0.0,-0.0,0.0,5259.8358931260545,5102.040816332273,96000.0,0.0,95999.99999999983,95999.99999999983,-1.7462298274040222e-10,24999.91584234241,1,0,1499.9949505405446,1799.9939406486487,0.0,0.0,0.0,0.0,0.0,0.44565061489838975,706.7986589850735,-0.0,706.7986589850735,29973.860660585895,3213.8606605859536
47.7,stop_hold,0.0,1.2,0.0,0.0,-0.0,-0.0,-0.0,-0.0,0.0,5259.8358931260545,5102.040816332273,96000.0,0.0,95999.99999999983,95999.99999999983,-1.7462298274040222e-10,24999.91584234241,1,0,1499.9949505405446,1799.9939406486487,0.0,0.0,0.0,0.0,0.0,0.44565061489838975,706.7986589850735,-0.0,706.7986589850735,29973.860660585895,3213.8606605859536
47.75,stop_hold,0.0,1.2,0.0,0.0,-0.0,-0.0,-0.0,-0.0,0.0,5259.8358931260545,5102.040816332273,96000.0,0.0,95999.99999999983,95999.99999999983,-1.7462298274040222e-10,24999.91584234241,1,0,1499.9949505405446,1799.9939406486487,0.0,0.0,0.0,0.0,0.0,0.44565061489838975,706.7986589850735,-0.0,706.7986589850735,29973.860660585895,3213.8606605859536
47.8,stop_hold,0.0,1.2,0.0,0.0,-0.0,-0.0,-0.0,-0.0,0.0,5259.8358931260545,5102.040816332273,96000.0,0.0,95999.99999999983,95999.99999999983,-1.7462298274040222e-10,24999.91584234241,1,0,1499.9949505405446,1799.9939406486487,0.0,0.0,0.0,0.0,0.0,0.44565061489838975,706.7986589850735,-0.0,706.7986589850735,29973.860660585895,3213.8606605859536
47.85,stop_hold,0.0,1.2,0.0,0.0,-0.0,-0.0,-0.0,-0.0,0.0,5259.8358931260545,5102.040816332273,96000.0,0.0,95999.99999999983,95999.99999999983,-1.7462298274040222e-10,24999.91584234241,1,0,1499.9949505405446,1799.9939406486487,0.0,0.0,0.0,0.0,0.0,0.44565061489838975,706.7986589850735,-0.0,706.7986589850735,29973.860660585895,3213.8606605859536
47.9,stop_hold,0.0,1.2,0.0,0.0,-0.0,-0.0,-0.0,-0.0,0.0,5259.8358931260545,5102.040816332273,96000.0,0.0,95999.99999999983,95999.99999999983,-1.7462298274040222e-10,24999.91584234241,1,0,1499.9949505405446,1799.9939406486487,0.0,0.0,0.0,0.0,0.0,0.44565061489838975,706.7986589850735,-0.0,706.7986589850735,29973.860660585895,3213.8606605859536
47.95,stop_hold,0.0,1.2,0.0,0.0,-0.0,-0.0,-0.0,-0.0,0.0,5259.8358931260545,5102.040816332273,96000.0,0.0,95999.99999999983,95999.99999999983,-1.7462298274040222e-10,24999.91584234241,1,0,1499.9949505405446,1799.9939406486487,0.0,0.0,0.0,0.0,0.0,0.44565061489838975,706.7986589850735,-0.0,706.7986589850735,29973.860660585895,3213.8606605859536
48.0,stop_hold,0.0,1.2,0.0,0.0,-0.0,-0.0,-0.0,-0.0,0.0,5259.8358931260545,5102.040816332273,96000.0,0.0,95999.99999999983,95999.99999999983,-1.7462298274040222e-10,24999.91584234241,1,0,1499.9949505405446,1799.9939406486487,0.0,0.0,0.0,0.0,0.0,0.44565061489838975,706.7986589850735,-0.0,706.7986589850735,29973.860660585895,3213.8606605859536
48.05,stop_hold,0.0,1.2,0.0,0.0,-0.0,-0.0,-0.0,-0.0,0.0,5259.8358931260545,5102.040816332273,96000.0,0.0,95999.99999999983,95999.99999999983,-1.7462298274040222e-10,24999.91584234241,1,0,1499.9949505405446,1799.9939406486487,0.0,0.0,0.0,0.0,0.0,0.44565061489838975,706.7986589850735,-0.0,706.7986589850735,29973.860660585895,3213.8606605859536
48.1,stop_hold,0.0,1.2,0.0,0.0,-0.0,-0.0,-0.0,-0.0,0.0,5259.8358931260545,5102.040816332273,96000.0,0.0,95999.99999999983,95999.99999999983,-1.7462298274040222e-10,24999.91584234241,1,0,1499.9949505405446,1799.9939406486487,0.0,0.0,0.0,0.0,0.0,0.44565061489838975,706.7986589850735,-0.0,706.7986589850735,29973.860660585895,3213.8606605859536
48.15,stop_hold,0.0,1.2,0.0,0.0,-0.0,-0.0,-0.0,-0.0,0.0,5259.8358931260545,5102.040816332273,96000.0,0.0,95999.99999999983,95999.99999999983,-1.7462298274040222e-10,24999.91584234241,1,0,1499.9949505405446,1799.9939406486487,0.0,0.0,0.0,0.0,0.0,0.44565061489838975,706.7986589850735,-0.0,706.7986589850735,29973.860660585895,3213.8606605859536
48.2,stop_hold,0.0,1.2,0.0,0.0,-0.0,-0.0,-0.0,-0.0,0.0,5259.8358931260545,5102.040816332273,96000.0,0.0,95999.99999999983,95999.99999999983,-1.7462298274040222e-10,24999.91584234241,1,0,1499.9949505405446,1799.9939406486487,0.0,0.0,0.0,0.0,0.0,0.44565061489838975,706.7986589850735,-0.0,706.7986589850735,29973.860660585895,3213.8606605859536
48.25,stop_hold,0.0,1.2,0.0,0.0,-0.0,-0.0,-0.0,-0.0,0.0,5259.8358931260545,5102.040816332273,96000.0,0.0,95999.99999999983,95999.99999999983,-1.7462298274040222e-10,24999.91584234241,1,0,1499.9949505405446,1799.9939406486487,0.0,0.0,0.0,0.0,0.0,0.44565061489838975,706.7986589850735,-0.0,706.7986589850735,29973.860660585895,3213.8606605859536
48.3,stop_hold,0.0,1.2,0.0,0.0,-0.0,-0.0,-0.0,-0.0,0.0,5259.8358931260545,5102.040816332273,96000.0,0.0,95999.99999999983,95999.99999999983,-1.7462298274040222e-10,24999.91584234241,1,0,1499.9949505405446,1799.9939406486487,0.0,0.0,0.0,0.0,0.0,0.44565061489838975,706.7986589850735,-0.0,706.7986589850735,29973.860660585895,3213.8606605859536
48.35,stop_hold,0.0,1.2,0.0,0.0,-0.0,-0.0,-0.0,-0.0,0.0,5259.8358931260545,5102.040816332273,96000.0,0.0,95999.99999999983,95999.99999999983,-1.7462298274040222e-10,24999.91584234241,1,0,1499.9949505405446,1799.9939406486487,0.0,0.0,0.0,0.0,0.0,0.44565061489838975,706.7986589850735,-0.0,706.7986589850735,29973.860660585895,3213.8606605859536
48.4,stop_hold,0.0,1.2,0.0,0.0,-0.0,-0.0,-0.0,-0.0,0.0,5259.8358931260545,5102.040816332273,96000.0,0.0,95999.99999999983,95999.99999999983,-1.7462298274040222e-10,24999.91584234241,1,0,1499.9949505405446,1799.9939406486487,0.0,0.0,0.0,0.0,0.0,0.44565061489838975,706.7986589850735,-0.0,706.7986589850735,29973.860660585895,3213.8606605859536
48.45,stop_hold,0.0,1.2,0.0,0.0,-0.0,-0.0,-0.0,-0.0,0.0,5259.8358931260545,5102.040816332273,96000.0,0.0,95999.99999999983,95999.99999999983,-1.7462298274040222e-10,24999.91584234241,1,0,1499.9949505405446,1799.9939406486487,0.0,0.0,0.0,0.0,0.0,0.44565061489838975,706.7986589850735,-0.0,706.7986589850735,29973.860660585895,3213.8606605859536
48.5,stop_hold,0.0,1.2,0.0,0.0,-0.0,-0.0,-0.0,-0.0,0.0,5259.8358931260545,5102.040816332273,96000.0,0.0,95999.99999999983,95999.99999999983,-1.7462298274040222e-10,24999.91584234241,1,0,1499.9949505405446,1799.9939406486487,0.0,0.0,0.0,0.0,0.0,0.44565061489838975,706.7986589850735,-0.0,706.7986589850735,29973.860660585895,3213.8606605859536
48.55,stop_hold,0.0,1.2,0.0,0.0,-0.0,-0.0,-0.0,-0.0,0.0,5259.8358931260545,5102.040816332273,96000.0,0.0,95999.99999999983,95999.99999999983,-1.7462298274040222e-10,24999.91584234241,1,0,1499.9949505405446,1799.9939406486487,0.0,0.0,0.0,0.0,0.0,0.44565061489838975,706.7986589850735,-0.0,706.7986589850735,29973.860660585895,3213.8606605859536
48.6,stop_hold,0.0,1.2,0.0,0.0,-0.0,-0.0,-0.0,-0.0,0.0,5259.8358931260545,5102.040816332273,96000.0,0.0,95999.99999999983,95999.99999999983,-1.7462298274040222e-10,24999.91584234241,1,0,1499.9949505405446,1799.9939406486487,0.0,0.0,0.0,0.0,0.0,0.44565061489838975,706.7986589850735,-0.0,706.7986589850735,29973.860660585895,3213.8606605859536
48.65,stop_hold,0.0,1.2,0.0,0.0,-0.0,-0.0,-0.0,-0.0,0.0,5259.8358931260545,5102.040816332273,96000.0,0.0,95999.99999999983,95999.99999999983,-1.7462298274040222e-10,24999.91584234241,1,0,1499.9949505405446,1799.9939406486487,0.0,0.0,0.0,0.0,0.0,0.44565061489838975,706.7986589850735,-0.0,706.7986589850735,29973.860660585895,3213.8606605859536
48.7,stop_hold,0.0,1.2,0.0,0.0,-0.0,-0.0,-0.0,-0.0,0.0,5259.8358931260545,5102.040816332273,96000.0,0.0,95999.99999999983,95999.99999999983,-1.7462298274040222e-10,24999.91584234241,1,0,1499.9949505405446,1799.9939406486487,0.0,0.0,0.0,0.0,0.0,0.44565061489838975,706.7986589850735,-0.0,706.7986589850735,29973.860660585895,3213.8606605859536
48.75,stop_hold,0.0,1.2,0.0,0.0,-0.0,-0.0,-0.0,-0.0,0.0,5259.8358931260545,5102.040816332273,96000.0,0.0,95999.99999999983,95999.99999999983,-1.7462298274040222e-10,24999.91584234241,1,0,1499.9949505405446,1799.9939406486487,0.0,0.0,0.0,0.0,0.0,0.44565061489838975,706.7986589850735,-0.0,706.7986589850735,29973.860660585895,3213.8606605859536
48.8,stop_hold,0.0,1.2,0.0,0.0,-0.0,-0.0,-0.0,-0.0,0.0,5259.8358931260545,5102.040816332273,96000.0,0.0,95999.99999999983,95999.99999999983,-1.7462298274040222e-10,24999.91584234241,1,0,1499.9949505405446,1799.9939406486487,0.0,0.0,0.0,0.0,0.0,0.44565061489838975,706.7986589850735,-0.0,706.7986589850735,29973.860660585895,3213.8606605859536
48.85,stop_hold,0.0,1.2,0.0,0.0,-0.0,-0.0,-0.0,-0.0,0.0,5259.8358931260545,5102.040816332273,96000.0,0.0,95999.99999999983,95999.99999999983,-1.7462298274040222e-10,24999.91584234241,1,0,1499.9949505405446,1799.9939406486487,0.0,0.0,0.0,0.0,0.0,0.44565061489838975,706.7986589850735,-0.0,706.7986589850735,29973.860660585895,3213.8606605859536
48.9,stop_hold,0.0,1.2,0.0,0.0,-0.0,-0.0,-0.0,-0.0,0.0,5259.8358931260545,5102.040816332273,96000.0,0.0,95999.99999999983,95999.99999999983,-1.7462298274040222e-10,24999.91584234241,1,0,1499.9949505405446,1799.9939406486487,0.0,0.0,0.0,0.0,0.0,0.44565061489838975,706.7986589850735,-0.0,706.7986589850735,29973.860660585895,3213.8606605859536
48.95,stop_hold,0.0,1.2,0.0,0.0,-0.0,-0.0,-0.0,-0.0,0.0,5259.8358931260545,5102.040816332273,96000.0,0.0,95999.99999999983,95999.99999999983,-1.7462298274040222e-10,24999.91584234241,1,0,1499.9949505405446,1799.9939406486487,0.0,0.0,0.0,0.0,0.0,0.44565061489838975,706.7986589850735,-0.0,706.7986589850735,29973.860660585895,3213.8606605859536
49.0,stop_hold,0.0,1.2,0.0,0.0,-0.0,-0.0,-0.0,-0.0,0.0,5259.8358931260545,5102.040816332273,96000.0,0.0,95999.99999999983,95999.99999999983,-1.7462298274040222e-10,24999.91584234241,1,0,1499.9949505405446,1799.9939406486487,0.0,0.0,0.0,0.0,0.0,0.44565061489838975,706.7986589850735,-0.0,706.7986589850735,29973.860660585895,3213.8606605859536
49.05,stop_hold,0.0,1.2,0.0,0.0,-0.0,-0.0,-0.0,-0.0,0.0,5259.8358931260545,5102.040816332273,96000.0,0.0,95999.99999999983,95999.99999999983,-1.7462298274040222e-10,24999.91584234241,1,0,1499.9949505405446,1799.9939406486487,0.0,0.0,0.0,0.0,0.0,0.44565061489838975,706.7986589850735,-0.0,706.7986589850735,29973.860660585895,3213.8606605859536
49.1,stop_hold,0.0,1.2,0.0,0.0,-0.0,-0.0,-0.0,-0.0,0.0,5259.8358931260545,5102.040816332273,96000.0,0.0,95999.99999999983,95999.99999999983,-1.7462298274040222e-10,24999.91584234241,1,0,1499.9949505405446,1799.9939406486487,0.0,0.0,0.0,0.0,0.0,0.44565061489838975,706.7986589850735,-0.0,706.7986589850735,29973.860660585895,3213.8606605859536
49.15,stop_hold,0.0,1.2,0.0,0.0,-0.0,-0.0,-0.0,-0.0,0.0,5259.8358931260545,5102.040816332273,96000.0,0.0,95999.99999999983,95999.99999999983,-1.7462298274040222e-10,24999.91584234241,1,0,1499.9949505405446,1799.9939406486487,0.0,0.0,0.0,0.0,0.0,0.44565061489838975,706.7986589850735,-0.0,706.7986589850735,29973.860660585895,3213.8606605859536
49.2,stop_hold,0.0,1.2,0.0,0.0,-0.0,-0.0,-0.0,-0.0,0.0,5259.8358931260545,5102.040816332273,96000.0,0.0,95999.99999999983,95999.99999999983,-1.7462298274040222e-10,24999.91584234241,1,0,1499.9949505405446,1799.9939406486487,0.0,0.0,0.0,0.0,0.0,0.44565061489838975,706.7986589850735,-0.0,706.7986589850735,29973.860660585895,3213.8606605859536
49.25,stop_hold,0.0,1.2,0.0,0.0,-0.0,-0.0,-0.0,-0.0,0.0,5259.8358931260545,5102.040816332273,96000.0,0.0,95999.99999999983,95999.99999999983,-1.7462298274040222e-10,24999.91584234241,1,0,1499.9949505405446,1799.9939406486487,0.0,0.0,0.0,0.0,0.0,0.44565061489838975,706.7986589850735,-0.0,706.7986589850735,29973.860660585895,3213.8606605859536
49.3,stop_hold,0.0,1.2,0.0,0.0,-0.0,-0.0,-0.0,-0.0,0.0,5259.8358931260545,5102.040816332273,96000.0,0.0,95999.99999999983,95999.99999999983,-1.7462298274040222e-10,24999.91584234241,1,0,1499.9949505405446,1799.9939406486487,0.0,0.0,0.0,0.0,0.0,0.44565061489838975,706.7986589850735,-0.0,706.7986589850735,29973.860660585895,3213.8606605859536
49.35,stop_hold,0.0,1.2,0.0,0.0,-0.0,-0.0,-0.0,-0.0,0.0,5259.8358931260545,5102.040816332273,96000.0,0.0,95999.99999999983,95999.99999999983,-1.7462298274040222e-10,24999.91584234241,1,0,1499.9949505405446,1799.9939406486487,0.0,0.0,0.0,0.0,0.0,0.44565061489838975,706.7986589850735,-0.0,706.7986589850735,29973.860660585895,3213.8606605859536
49.4,stop_hold,0.0,1.2,0.0,0.0,-0.0,-0.0,-0.0,-0.0,0.0,5259.8358931260545,5102.040816332273,96000.0,0.0,95999.99999999983,95999.99999999983,-1.7462298274040222e-10,24999.91584234241,1,0,1499.9949505405446,1799.9939406486487,0.0,0.0,0.0,0.0,0.0,0.44565061489838975,706.7986589850735,-0.0,706.7986589850735,29973.860660585895,3213.8606605859536
49.45,stop_hold,0.0,1.2,0.0,0.0,-0.0,-0.0,-0.0,-0.0,0.0,5259.8358931260545,5102.040816332273,96000.0,0.0,95999.99999999983,95999.99999999983,-1.7462298274040222e-10,24999.91584234241,1,0,1499.9949505405446,1799.9939406486487,0.0,0.0,0.0,0.0,0.0,0.44565061489838975,706.7986589850735,-0.0,706.7986589850735,29973.860660585895,3213.8606605859536
49.5,stop_hold,0.0,1.2,0.0,0.0,-0.0,-0.0,-0.0,-0.0,0.0,5259.8358931260545,5102.040816332273,96000.0,0.0,95999.99999999983,95999.99999999983,-1.7462298274040222e-10,24999.91584234241,1,0,1499.9949505405446,1799.9939406486487,0.0,0.0,0.0,0.0,0.0,0.44565061489838975,706.7986589850735,-0.0,706.7986589850735,29973.860660585895,3213.8606605859536
49.55,stop_hold,0.0,1.2,0.0,0.0,-0.0,-0.0,-0.0,-0.0,0.0,5259.8358931260545,5102.040816332273,96000.0,0.0,95999.99999999983,95999.99999999983,-1.7462298274040222e-10,24999.91584234241,1,0,1499.9949505405446,1799.9939406486487,0.0,0.0,0.0,0.0,0.0,0.44565061489838975,706.7986589850735,-0.0,706.7986589850735,29973.860660585895,3213.8606605859536
49.6,stop_hold,0.0,1.2,0.0,0.0,-0.0,-0.0,-0.0,-0.0,0.0,5259.8358931260545,5102.040816332273,96000.0,0.0,95999.99999999983,95999.99999999983,-1.7462298274040222e-10,24999.91584234241,1,0,1499.9949505405446,1799.9939406486487,0.0,0.0,0.0,0.0,0.0,0.44565061489838975,706.7986589850735,-0.0,706.7986589850735,29973.860660585895,3213.8606605859536
49.65,stop_hold,0.0,1.2,0.0,0.0,-0.0,-0.0,-0.0,-0.0,0.0,5259.8358931260545,5102.040816332273,96000.0,0.0,95999.99999999983,95999.99999999983,-1.7462298274040222e-10,24999.91584234241,1,0,1499.9949505405446,1799.9939406486487,0.0,0.0,0.0,0.0,0.0,0.44565061489838975,706.7986589850735,-0.0,706.7986589850735,29973.860660585895,3213.8606605859536
49.7,stop_hold,0.0,1.2,0.0,0.0,-0.0,-0.0,-0.0,-0.0,0.0,5259.8358931260545,5102.040816332273,96000.0,0.0,95999.99999999983,95999.99999999983,-1.7462298274040222e-10,24999.91584234241,1,0,1499.9949505405446,1799.9939406486487,0.0,0.0,0.0,0.0,0.0,0.44565061489838975,706.7986589850735,-0.0,706.7986589850735,29973.860660585895,3213.8606605859536
49.75,stop_hold,0.0,1.2,0.0,0.0,-0.0,-0.0,-0.0,-0.0,0.0,5259.8358931260545,5102.040816332273,96000.0,0.0,95999.99999999983,95999.99999999983,-1.7462298274040222e-10,24999.91584234241,1,0,1499.9949505405446,1799.9939406486487,0.0,0.0,0.0,0.0,0.0,0.44565061489838975,706.7986589850735,-0.0,706.7986589850735,29973.860660585895,3213.8606605859536
49.8,stop_hold,0.0,1.2,0.0,0.0,-0.0,-0.0,-0.0,-0.0,0.0,5259.8358931260545,5102.040816332273,96000.0,0.0,95999.99999999983,95999.99999999983,-1.7462298274040222e-10,24999.91584234241,1,0,1499.9949505405446,1799.9939406486487,0.0,0.0,0.0,0.0,0.0,0.44565061489838975,706.7986589850735,-0.0,706.7986589850735,29973.860660585895,3213.8606605859536
49.85,stop_hold,0.0,1.2,0.0,0.0,-0.0,-0.0,-0.0,-0.0,0.0,5259.8358931260545,5102.040816332273,96000.0,0.0,95999.99999999983,95999.99999999983,-1.7462298274040222e-10,24999.91584234241,1,0,1499.9949505405446,1799.9939406486487,0.0,0.0,0.0,0.0,0.0,0.44565061489838975,706.7986589850735,-0.0,706.7986589850735,29973.860660585895,3213.8606605859536
49.9,stop_hold,0.0,1.2,0.0,0.0,-0.0,-0.0,-0.0,-0.0,0.0,5259.8358931260545,5102.040816332273,96000.0,0.0,95999.99999999983,95999.99999999983,-1.7462298274040222e-10,24999.91584234241,1,0,1499.9949505405446,1799.9939406486487,0.0,0.0,0.0,0.0,0.0,0.44565061489838975,706.7986589850735,-0.0,706.7986589850735,29973.860660585895,3213.8606605859536
49.95,stop_hold,0.0,1.2,0.0,0.0,-0.0,-0.0,-0.0,-0.0,0.0,5259.8358931260545,5102.040816332273,96000.0,0.0,95999.99999999983,95999.99999999983,-1.7462298274040222e-10,24999.91584234241,1,0,1499.9949505405446,1799.9939406486487,0.0,0.0,0.0,0.0,0.0,0.44565061489838975,706.7986589850735,-0.0,706.7986589850735,29973.860660585895,3213.8606605859536
50.0,stop_hold,0.0,1.2,0.0,0.0,-0.0,-0.0,-0.0,-0.0,0.0,5259.8358931260545,5102.040816332273,96000.0,0.0,95999.99999999983,95999.99999999983,-1.7462298274040222e-10,24999.91584234241,1,0,1499.9949505405446,1799.9939406486487,0.0,0.0,0.0,0.0,0.0,0.44565061489838975,706.7986589850735,-0.0,706.7986589850735,29973.860660585895,3213.8606605859536
