time,scenario_phase,traction_command,service_brake_request,v_train,acceleration,P_motor_mechanical_signed,P_motor_electrical_signed,P_dc_signed,P_dc_traction,P_dc_regen,P_line,P_transformer_out,F_brake_demand,Fregen_actual,Fmechanical_actual,Ftotal_actual,F_brake_tracking_error,U_pantograph,hv_breaker_state,hv_system_fault,U_transformer_secondary,U_dc_link,P_regen_converter,P_grid_returned,P_brake_resistor,P_ess_dc_input,P_ess_absorbed,SOC_energy,Ucap_equivalent,Icap,Uterminal,E_supercap_kJ,Eregen_stored_kJ
0.0,traction,0.0,0.0,0.0,0.0,0.0,0.0,0.0,0.0,-0.0,0.0,0.0,0.0,0.0,0.0,0.0,0.0,0.0,0,0,0.0,0.0,0.0,0.0,0.0,0.0,0.0,0.35,667.83231428256,-0.0,667.83231428256,26760.0,0.0
0.05,traction,0.016666666666666666,0.0,0.0,0.0,0.0,0.0,0.0,0.0,-0.0,0.0,0.0,0.0,0.0,0.0,0.0,0.0,0.0,0,0,0.0,0.0,0.0,0.0,0.0,0.0,0.0,0.35,667.83231428256,-0.0,667.83231428256,26760.0,0.0
0.1,traction,0.03333333333333333,0.0,0.0,0.0,0.0,0.0,0.0,0.0,-0.0,0.0,0.0,0.0,0.0,0.0,0.0,0.0,0.0,0,0,0.0,0.0,0.0,0.0,0.0,0.0,0.0,0.35,667.83231428256,-0.0,667.83231428256,26760.0,0.0
0.15,traction,0.049999999999999996,0.0,0.0,0.0,0.0,0.0,0.0,0.0,-0.0,0.0,0.0,0.0,0.0,0.0,0.0,0.0,0.0,0,0,0.0,0.0,0.0,0.0,0.0,0.0,0.0,0.35,667.83231428256,-0.0,667.83231428256,26760.0,0.0
0.2,traction,0.06666666666666667,0.0,0.0,0.0,0.0,0.0,0.0,0.0,-0.0,0.0,0.0,0.0,0.0,0.0,0.0,0.0,0.0,0,0,0.0,0.0,0.0,0.0,0.0,0.0,0.0,0.35,667.83231428256,-0.0,667.83231428256,26760.0,0.0
0.25,traction,0.08333333333333333,0.0,0.0,0.0,0.0,0.0,0.0,0.0,-0.0,0.0,0.0,0.0,0.0,0.0,0.0,0.0,0.0,0,0,0.0,0.0,0.0,0.0,0.0,0.0,0.0,0.35,667.83231428256,-0.0,667.83231428256,26760.0,0.0
0.3,traction,0.09999999999999999,0.0,0.0,0.0,0.0,0.0,0.0,0.0,-0.0,0.0,0.0,0.0,0.0,0.0,0.0,0.0,0.0,0,0,0.0,0.0,0.0,0.0,0.0,0.0,0.0,0.35,667.83231428256,-0.0,667.83231428256,26760.0,0.0
0.35,traction,0.11666666666666668,0.0,0.0,0.0,0.0,0.0,0.0,0.0,-0.0,0.0,0.0,0.0,0.0,0.0,0.0,0.0,0.0,0,0,0.0,0.0,0.0,0.0,0.0,0.0,0.0,0.35,667.83231428256,-0.0,667.83231428256,26760.0,0.0
0.4,traction,0.13333333333333333,0.0,0.0,0.0,0.0,0.0,0.0,0.0,-0.0,0.0,0.0,0.0,0.0,0.0,0.0,0.0,0.0,0,0,0.0,0.0,0.0,0.0,0.0,0.0,0.0,0.35,667.83231428256,-0.0,667.83231428256,26760.0,0.0
0.45,traction,0.15,0.0,0.0,0.0,0.0,0.0,0.0,0.0,-0.0,0.0,0.0,0.0,0.0,0.0,0.0,0.0,0.0,0,0,0.0,0.0,0.0,0.0,0.0,0.0,0.0,0.35,667.83231428256,-0.0,667.83231428256,26760.0,0.0
0.5,traction,0.16666666666666666,0.0,0.0,0.0,0.0,0.0,0.0,0.0,-0.0,0.0,0.0,0.0,0.0,0.0,0.0,0.0,0.0,0,0,0.0,0.0,0.0,0.0,0.0,0.0,0.0,0.35,667.83231428256,-0.0,667.83231428256,26760.0,0.0
0.55,traction,0.18333333333333335,0.0,0.0,0.0,0.0,0.0,0.0,0.0,-0.0,0.0,0.0,0.0,0.0,0.0,0.0,0.0,0.0,0,0,0.0,0.0,0.0,0.0,0.0,0.0,0.0,0.35,667.83231428256,-0.0,667.83231428256,26760.0,0.0
0.6,traction,0.19999999999999998,0.0,0.0,0.0,0.0,0.0,0.0,0.0,-0.0,0.0,0.0,0.0,0.0,0.0,0.0,0.0,0.0,0,0,0.0,0.0,0.0,0.0,0.0,0.0,0.0,0.35,667.83231428256,-0.0,667.83231428256,26760.0,0.0
0.65,traction,0.21666666666666667,0.0,0.0,0.0,0.0,0.0,0.0,0.0,-0.0,0.0,0.0,0.0,0.0,0.0,0.0,0.0,0.0,0,0,0.0,0.0,0.0,0.0,0.0,0.0,0.0,0.35,667.83231428256,-0.0,667.83231428256,26760.0,0.0
0.7,traction,0.23333333333333336,0.0,0.0,0.0,0.0,0.0,0.0,0.0,-0.0,0.0,0.0,0.0,0.0,0.0,0.0,0.0,0.0,0,0,0.0,0.0,0.0,0.0,0.0,0.0,0.0,0.35,667.83231428256,-0.0,667.83231428256,26760.0,0.0
0.75,traction,0.25,0.0,0.0,0.0,0.0,0.0,0.0,0.0,-0.0,0.0,0.0,0.0,0.0,0.0,0.0,0.0,0.0,0,0,0.0,0.0,0.0,0.0,0.0,0.0,0.0,0.35,667.83231428256,-0.0,667.83231428256,26760.0,0.0
0.8,traction,0.26666666666666666,0.0,0.0,0.0,0.0,0.0,0.0,0.0,-0.0,0.0,0.0,0.0,0.0,0.0,0.0,0.0,0.0,0,0,0.0,0.0,0.0,0.0,0.0,0.0,0.0,0.35,667.83231428256,-0.0,667.83231428256,26760.0,0.0
0.85,traction,0.2833333333333333,0.0,0.0,0.0,0.0,0.0,0.0,0.0,-0.0,0.0,0.0,0.0,0.0,0.0,0.0,0.0,0.0,0,0,0.0,0.0,0.0,0.0,0.0,0.0,0.0,0.35,667.83231428256,-0.0,667.83231428256,26760.0,0.0
0.9,traction,0.3,0.0,0.0,0.0,0.0,0.0,0.0,0.0,-0.0,0.0,0.0,0.0,0.0,0.0,0.0,0.0,0.0,0,0,0.0,0.0,0.0,0.0,0.0,0.0,0.0,0.35,667.83231428256,-0.0,667.83231428256,26760.0,0.0
0.95,traction,0.3166666666666667,0.0,0.0,0.0,0.0,0.0,0.0,0.0,-0.0,0.0,0.0,0.0,0.0,0.0,0.0,0.0,0.0,0,0,0.0,0.0,0.0,0.0,0.0,0.0,0.0,0.35,667.83231428256,-0.0,667.83231428256,26760.0,0.0
1.0,traction,0.3333333333333333,0.0,0.0,0.0,0.0,0.0,0.0,0.0,-0.0,0.0,0.0,0.0,0.0,0.0,0.0,0.0,0.0,0,0,0.0,0.0,0.0,0.0,0.0,0.0,0.0,0.35,667.83231428256,-0.0,667.83231428256,26760.0,0.0
1.05,traction,0.35000000000000003,0.0,0.0,0.0,0.0,0.0,0.0,0.0,-0.0,0.0,0.0,0.0,0.0,0.0,0.0,0.0,0.0,0,0,0.0,0.0,0.0,0.0,0.0,0.0,0.0,0.35,667.83231428256,-0.0,667.83231428256,26760.0,0.0
1.1,traction,0.3666666666666667,0.0,0.0,0.0,0.0,0.0,0.0,0.0,-0.0,0.0,0.0,0.0,0.0,0.0,0.0,0.0,0.0,0,0,0.0,0.0,0.0,0.0,0.0,0.0,0.0,0.35,667.83231428256,-0.0,667.83231428256,26760.0,0.0
1.15,traction,0.38333333333333336,0.0,0.0,0.0,0.0,0.0,0.0,0.0,-0.0,0.0,0.0,0.0,0.0,0.0,0.0,0.0,0.0,0,0,0.0,0.0,0.0,0.0,0.0,0.0,0.0,0.35,667.83231428256,-0.0,667.83231428256,26760.0,0.0
1.2,traction,0.39999999999999997,0.0,0.0,0.0,0.0,0.0,0.0,0.0,-0.0,0.0,0.0,0.0,0.0,0.0,0.0,0.0,0.0,0,0,0.0,0.0,0.0,0.0,0.0,0.0,0.0,0.35,667.83231428256,-0.0,667.83231428256,26760.0,0.0
1.25,traction,0.4166666666666667,0.0,0.0,0.0,0.0,0.0,0.0,0.0,-0.0,0.0,0.0,0.0,0.0,0.0,0.0,0.0,0.0,0,0,0.0,0.0,0.0,0.0,0.0,0.0,0.0,0.35,667.83231428256,-0.0,667.83231428256,26760.0,0.0
1.3,traction,0.43333333333333335,0.0,0.0,0.0,0.0,0.0,0.0,0.0,-0.0,0.0,0.0,0.0,0.0,0.0,0.0,0.0,0.0,0,0,0.0,0.0,0.0,0.0,0.0,0.0,0.0,0.35,667.83231428256,-0.0,667.83231428256,26760.0,0.0
1.35,traction,0.45,0.0,0.0,0.0,0.0,0.0,0.0,0.0,-0.0,0.0,0.0,0.0,0.0,0.0,0.0,0.0,0.0,0,0,0.0,0.0,0.0,0.0,0.0,0.0,0.0,0.35,667.83231428256,-0.0,667.83231428256,26760.0,0.0
1.4,traction,0.46666666666666673,0.0,0.0,0.0,0.0,0.0,0.0,0.0,-0.0,0.0,0.0,0.0,0.0,0.0,0.0,0.0,0.0,0,0,0.0,0.0,0.0,0.0,0.0,0.0,0.0,0.35,667.83231428256,-0.0,667.83231428256,26760.0,0.0
1.45,traction,0.48333333333333334,0.0,0.0,0.0,0.0,0.0,0.0,0.0,-0.0,0.0,0.0,0.0,0.0,0.0,0.0,0.0,0.0,0,0,0.0,0.0,0.0,0.0,0.0,0.0,0.0,0.35,667.83231428256,-0.0,667.83231428256,26760.0,0.0
1.5,traction,0.5,0.0,0.0,0.0,0.0,0.0,0.0,0.0,-0.0,0.0,0.0,0.0,0.0,0.0,0.0,0.0,0.0,0,0,0.0,0.0,0.0,0.0,0.0,0.0,0.0,0.35,667.83231428256,-0.0,667.83231428256,26760.0,0.0
1.55,traction,0.5166666666666667,0.0,0.0,0.0,0.0,0.0,0.0,0.0,-0.0,0.0,0.0,0.0,0.0,0.0,0.0,0.0,0.0,0,0,0.0,0.0,0.0,0.0,0.0,0.0,0.0,0.35,667.83231428256,-0.0,667.83231428256,26760.0,0.0
1.6,traction,0.5333333333333333,0.0,0.0,0.0,0.0,0.0,0.0,0.0,-0.0,0.0,0.0,0.0,0.0,0.0,0.0,0.0,0.0,0,0,0.0,0.0,0.0,0.0,0.0,0.0,0.0,0.35,667.83231428256,-0.0,667.83231428256,26760.0,0.0
1.65,traction,0.55,0.0,0.0,0.0,0.0,0.0,0.0,0.0,-0.0,0.0,0.0,0.0,0.0,0.0,0.0,0.0,0.0,0,0,0.0,0.0,0.0,0.0,0.0,0.0,0.0,0.35,667.83231428256,-0.0,667.83231428256,26760.0,0.0
1.7,traction,0.5666666666666667,0.0,0.0,0.0,0.0,0.0,0.0,0.0,-0.0,0.0,0.0,0.0,0.0,0.0,0.0,0.0,0.0,0,0,0.0,0.0,0.0,0.0,0.0,0.0,0.0,0.35,667.83231428256,-0.0,667.83231428256,26760.0,0.0
1.75,traction,0.5833333333333334,0.0,0.0,0.0,0.0,0.0,0.0,0.0,-0.0,0.0,0.0,0.0,0.0,0.0,0.0,0.0,0.0,0,0,0.0,0.0,0.0,0.0,0.0,0.0,0.0,0.35,667.83231428256,-0.0,667.83231428256,26760.0,0.0
1.8,traction,0.6,0.0,0.0,0.0,0.0,0.0,0.0,0.0,-0.0,0.0,0.0,0.0,0.0,0.0,0.0,0.0,0.0,0,0,0.0,0.0,0.0,0.0,0.0,0.0,0.0,0.35,667.83231428256,-0.0,667.83231428256,26760.0,0.0
1.85,traction,0.6166666666666667,0.0,0.0,0.0,0.0,0.0,0.0,0.0,-0.0,0.0,0.0,0.0,0.0,0.0,0.0,0.0,0.0,0,0,0.0,0.0,0.0,0.0,0.0,0.0,0.0,0.35,667.83231428256,-0.0,667.83231428256,26760.0,0.0
1.9,traction,0.6333333333333334,0.0,0.0,0.0,0.0,0.0,0.0,0.0,-0.0,0.0,0.0,0.0,0.0,0.0,0.0,0.0,0.0,0,0,0.0,0.0,0.0,0.0,0.0,0.0,0.0,0.35,667.83231428256,-0.0,667.83231428256,26760.0,0.0
1.95,traction,0.65,0.0,0.0,0.0,0.0,0.0,0.0,0.0,-0.0,0.0,0.0,0.0,0.0,0.0,0.0,0.0,0.0,0,0,0.0,0.0,0.0,0.0,0.0,0.0,0.0,0.35,667.83231428256,-0.0,667.83231428256,26760.0,0.0
2.0,traction,0.6666666666666666,0.0,0.0,0.0,0.0,0.0,0.0,0.0,-0.0,0.0,0.0,0.0,0.0,0.0,0.0,0.0,0.0,0,0,0.0,0.0,0.0,0.0,0.0,0.0,0.0,0.35,667.83231428256,-0.0,667.83231428256,26760.0,0.0
2.05,traction,0.6833333333333332,0.0,0.0,0.0,0.0,0.0,0.0,0.0,-0.0,0.0,0.0,0.0,0.0,0.0,0.0,0.0,0.0,0,0,0.0,0.0,0.0,0.0,0.0,0.0,0.0,0.35,667.83231428256,-0.0,667.83231428256,26760.0,0.0
2.1,traction,0.7000000000000001,0.0,0.0,0.0,0.0,0.0,0.0,0.0,-0.0,0.0,0.0,0.0,0.0,0.0,0.0,0.0,0.0,0,0,0.0,0.0,0.0,0.0,0.0,0.0,0.0,0.35,667.83231428256,-0.0,667.83231428256,26760.0,0.0
2.15,traction,0.7166666666666667,0.0,0.0,0.0,0.0,0.0,0.0,0.0,-0.0,0.0,0.0,0.0,0.0,0.0,0.0,0.0,0.0,0,0,0.0,0.0,0.0,0.0,0.0,0.0,0.0,0.35,667.83231428256,-0.0,667.83231428256,26760.0,0.0
2.2,traction,0.7333333333333334,0.0,0.0,0.0,0.0,0.0,0.0,0.0,-0.0,0.0,0.0,0.0,0.0,0.0,0.0,0.0,0.0,0,0,0.0,0.0,0.0,0.0,0.0,0.0,0.0,0.35,667.83231428256,-0.0,667.83231428256,26760.0,0.0
2.25,traction,0.75,0.0,0.0,0.0,0.0,0.0,0.0,0.0,-0.0,0.0,0.0,0.0,0.0,0.0,0.0,0.0,0.0,0,0,0.0,0.0,0.0,0.0,0.0,0.0,0.0,0.35,667.83231428256,-0.0,667.83231428256,26760.0,0.0
2.3,traction,0.7666666666666667,0.0,0.0,0.0,0.0,0.0,0.0,0.0,-0.0,0.0,0.0,0.0,0.0,0.0,0.0,0.0,0.0,0,0,0.0,0.0,0.0,0.0,0.0,0.0,0.0,0.35,667.83231428256,-0.0,667.83231428256,26760.0,0.0
2.35,traction,0.7833333333333333,0.0,0.0,0.0,0.0,0.0,0.0,0.0,-0.0,0.0,0.0,0.0,0.0,0.0,0.0,0.0,0.0,0,0,0.0,0.0,0.0,0.0,0.0,0.0,0.0,0.35,667.83231428256,-0.0,667.83231428256,26760.0,0.0
2.4,traction,0.7999999999999999,0.0,0.0,0.0,0.0,0.0,0.0,0.0,-0.0,0.0,0.0,0.0,0.0,0.0,0.0,0.0,0.0,0,0,0.0,0.0,0.0,0.0,0.0,0.0,0.0,0.35,667.83231428256,-0.0,667.83231428256,26760.0,0.0
2.45,traction,0.8166666666666668,0.0,0.0,0.0,0.0,0.0,0.0,0.0,-0.0,0.0,0.0,0.0,0.0,0.0,0.0,0.0,0.0,0,0,0.0,0.0,0.0,0.0,0.0,0.0,0.0,0.35,667.83231428256,-0.0,667.83231428256,26760.0,0.0
2.5,traction,0.8333333333333334,0.0,0.0,0.0,0.0,0.0,0.0,0.0,-0.0,0.0,0.0,0.0,0.0,0.0,0.0,0.0,0.0,0,0,0.0,0.0,0.0,0.0,0.0,0.0,0.0,0.35,667.83231428256,-0.0,667.83231428256,26760.0,0.0
2.55,traction,0.8500000000000001,0.0,0.0,0.0,0.0,0.0,0.0,0.0,-0.0,0.0,0.0,0.0,0.0,0.0,0.0,0.0,0.0,0,0,0.0,0.0,0.0,0.0,0.0,0.0,0.0,0.35,667.83231428256,-0.0,667.83231428256,26760.0,0.0
2.6,traction,0.8666666666666667,0.0,0.0,0.0,0.0,0.0,0.0,0.0,-0.0,0.0,0.0,0.0,0.0,0.0,0.0,0.0,0.0,0,0,0.0,0.0,0.0,0.0,0.0,0.0,0.0,0.35,667.83231428256,-0.0,667.83231428256,26760.0,0.0
2.65,traction,0.8833333333333333,0.0,0.0,0.0,0.0,0.0,0.0,0.0,-0.0,0.0,0.0,0.0,0.0,0.0,0.0,0.0,0.0,0,0,0.0,0.0,0.0,0.0,0.0,0.0,0.0,0.35,667.83231428256,-0.0,667.83231428256,26760.0,0.0
2.7,traction,0.9,0.0,0.0,0.0,0.0,0.0,0.0,0.0,-0.0,0.0,0.0,0.0,0.0,0.0,0.0,0.0,0.0,0,0,0.0,0.0,0.0,0.0,0.0,0.0,0.0,0.35,667.83231428256,-0.0,667.83231428256,26760.0,0.0
2.75,traction,0.9166666666666666,0.0,0.0,0.0,0.0,0.0,0.0,0.0,-0.0,0.0,0.0,0.0,0.0,0.0,0.0,0.0,0.0,0,0,0.0,0.0,0.0,0.0,0.0,0.0,0.0,0.35,667.83231428256,-0.0,667.83231428256,26760.0,0.0
2.8,traction,0.9333333333333335,0.0,0.0,0.0,0.0,0.0,0.0,0.0,-0.0,0.0,0.0,0.0,0.0,0.0,0.0,0.0,0.0,0,0,0.0,0.0,0.0,0.0,0.0,0.0,0.0,0.35,667.83231428256,-0.0,667.83231428256,26760.0,0.0
2.85,traction,0.9500000000000001,0.0,0.0,0.0,0.0,0.0,0.0,0.0,-0.0,0.0,0.0,0.0,0.0,0.0,0.0,0.0,0.0,0,0,0.0,0.0,0.0,0.0,0.0,0.0,0.0,0.35,667.83231428256,-0.0,667.83231428256,26760.0,0.0
2.9,traction,0.9666666666666667,0.0,0.0,0.0,0.0,0.0,0.0,0.0,-0.0,0.0,0.0,0.0,0.0,0.0,0.0,0.0,0.0,0,0,0.0,0.0,0.0,0.0,0.0,0.0,0.0,0.35,667.83231428256,-0.0,667.83231428256,26760.0,0.0
2.95,traction,0.9833333333333334,0.0,0.0,0.0,0.0,0.0,0.0,0.0,-0.0,0.0,0.0,0.0,0.0,0.0,0.0,0.0,0.0,0,0,0.0,0.0,0.0,0.0,0.0,0.0,0.0,0.35,667.83231428256,-0.0,667.83231428256,26760.0,0.0
3.0,traction,1.0,0.0,0.0,0.0,0.0,0.0,0.0,0.0,-0.0,0.0,0.0,0.0,0.0,0.0,0.0,0.0,0.0,0,0,0.0,0.0,0.0,0.0,0.0,0.0,0.0,0.35,667.83231428256,-0.0,667.83231428256,26760.0,0.0
3.05,traction,1.0,0.0,0.0,0.0,0.0,0.0,0.0,0.0,-0.0,0.0,0.0,0.0,0.0,0.0,0.0,0.0,0.0,0,0,0.0,0.0,0.0,0.0,0.0,0.0,0.0,0.35,667.83231428256,-0.0,667.83231428256,26760.0,0.0
3.1,traction,1.0,0.0,0.0,0.0,0.0,0.0,0.0,0.0,-0.0,0.0,0.0,0.0,0.0,0.0,0.0,0.0,0.0,0,0,0.0,0.0,0.0,0.0,0.0,0.0,0.0,0.35,667.83231428256,-0.0,667.83231428256,26760.0,0.0
3.15,traction,1.0,0.0,0.0,0.0,0.0,0.0,0.0,0.0,-0.0,0.0,0.0,0.0,0.0,0.0,0.0,0.0,0.0,0,0,0.0,0.0,0.0,0.0,0.0,0.0,0.0,0.35,667.83231428256,-0.0,667.83231428256,26760.0,0.0
3.2,traction,1.0,0.0,0.0,0.0,0.0,0.0,0.0,0.0,-0.0,0.0,0.0,0.0,0.0,0.0,0.0,0.0,0.0,0,0,0.0,0.0,0.0,0.0,0.0,0.0,0.0,0.35,667.83231428256,-0.0,667.83231428256,26760.0,0.0
3.25,traction,1.0,0.0,0.0,0.0,0.0,0.0,0.0,0.0,-0.0,0.0,0.0,0.0,0.0,0.0,0.0,0.0,0.0,0,0,0.0,0.0,0.0,0.0,0.0,0.0,0.0,0.35,667.83231428256,-0.0,667.83231428256,26760.0,0.0
3.3,traction,1.0,0.0,0.0,0.0,0.0,0.0,0.0,0.0,-0.0,0.0,0.0,0.0,0.0,0.0,0.0,0.0,0.0,0,0,0.0,0.0,0.0,0.0,0.0,0.0,0.0,0.35,667.83231428256,-0.0,667.83231428256,26760.0,0.0
3.35,traction,1.0,0.0,0.0,0.0,0.0,0.0,0.0,0.0,-0.0,0.0,0.0,0.0,0.0,0.0,0.0,0.0,0.0,0,0,0.0,0.0,0.0,0.0,0.0,0.0,0.0,0.35,667.83231428256,-0.0,667.83231428256,26760.0,0.0
3.4,traction,1.0,0.0,0.0,0.0,0.0,0.0,0.0,0.0,-0.0,0.0,0.0,0.0,0.0,0.0,0.0,0.0,0.0,0,0,0.0,0.0,0.0,0.0,0.0,0.0,0.0,0.35,667.83231428256,-0.0,667.83231428256,26760.0,0.0
3.45,traction,1.0,0.0,0.0,0.0,0.0,0.0,0.0,0.0,-0.0,0.0,0.0,0.0,0.0,0.0,0.0,0.0,0.0,0,0,0.0,0.0,0.0,0.0,0.0,0.0,0.0,0.35,667.83231428256,-0.0,667.83231428256,26760.0,0.0
3.5,traction,1.0,0.0,0.0,0.0,0.0,0.0,0.0,0.0,-0.0,0.0,0.0,0.0,0.0,0.0,0.0,0.0,0.0,0,0,0.0,0.0,0.0,0.0,0.0,0.0,0.0,0.35,667.83231428256,-0.0,667.83231428256,26760.0,0.0
3.55,traction,1.0,0.0,0.0,0.0,0.0,0.0,0.0,0.0,-0.0,0.0,0.0,0.0,0.0,0.0,0.0,0.0,0.0,0,0,0.0,0.0,0.0,0.0,0.0,0.0,0.0,0.35,667.83231428256,-0.0,667.83231428256,26760.0,0.0
3.6,traction,1.0,0.0,0.0,0.0,0.0,0.0,0.0,0.0,-0.0,0.0,0.0,0.0,0.0,0.0,0.0,0.0,0.0,0,0,0.0,0.0,0.0,0.0,0.0,0.0,0.0,0.35,667.83231428256,-0.0,667.83231428256,26760.0,0.0
3.65,traction,1.0,0.0,0.0,0.0,0.0,0.0,0.0,0.0,-0.0,0.0,0.0,0.0,0.0,0.0,0.0,0.0,0.0,0,0,0.0,0.0,0.0,0.0,0.0,0.0,0.0,0.35,667.83231428256,-0.0,667.83231428256,26760.0,0.0
3.7,traction,1.0,0.0,0.0,0.0,0.0,0.0,0.0,0.0,-0.0,0.0,0.0,0.0,0.0,0.0,0.0,0.0,0.0,0,0,0.0,0.0,0.0,0.0,0.0,0.0,0.0,0.35,667.83231428256,-0.0,667.83231428256,26760.0,0.0
3.75,traction,1.0,0.0,0.0,0.0,0.0,0.0,0.0,0.0,-0.0,0.0,0.0,0.0,0.0,0.0,0.0,0.0,0.0,0,0,0.0,0.0,0.0,0.0,0.0,0.0,0.0,0.35,667.83231428256,-0.0,667.83231428256,26760.0,0.0
3.8,traction,1.0,0.0,0.0,0.0,0.0,0.0,0.0,0.0,-0.0,0.0,0.0,0.0,0.0,0.0,0.0,0.0,0.0,0,0,0.0,0.0,0.0,0.0,0.0,0.0,0.0,0.35,667.83231428256,-0.0,667.83231428256,26760.0,0.0
3.85,traction,1.0,0.0,0.0,0.0,0.0,0.0,0.0,0.0,-0.0,0.0,0.0,0.0,0.0,0.0,0.0,0.0,0.0,0,0,0.0,0.0,0.0,0.0,0.0,0.0,0.0,0.35,667.83231428256,-0.0,667.83231428256,26760.0,0.0
3.9,traction,1.0,0.0,0.0,0.0,0.0,0.0,0.0,0.0,-0.0,0.0,0.0,0.0,0.0,0.0,0.0,0.0,0.0,0,0,0.0,0.0,0.0,0.0,0.0,0.0,0.0,0.35,667.83231428256,-0.0,667.83231428256,26760.0,0.0
3.95,traction,1.0,0.0,0.0,0.0,0.0,0.0,0.0,0.0,-0.0,0.0,0.0,0.0,0.0,0.0,0.0,0.0,0.0,0,0,0.0,0.0,0.0,0.0,0.0,0.0,0.0,0.35,667.83231428256,-0.0,667.83231428256,26760.0,0.0
4.0,traction,1.0,0.0,0.0,0.0,0.0,0.0,0.0,0.0,-0.0,0.0,0.0,0.0,0.0,0.0,0.0,0.0,0.0,0,0,0.0,0.0,0.0,0.0,0.0,0.0,0.0,0.35,667.83231428256,-0.0,667.83231428256,26760.0,0.0
4.05,traction,1.0,0.0,0.0,0.0,0.0,0.0,0.0,0.0,-0.0,0.0,0.0,0.0,0.0,0.0,0.0,0.0,0.0,0,0,0.0,0.0,0.0,0.0,0.0,0.0,0.0,0.35,667.83231428256,-0.0,667.83231428256,26760.0,0.0
4.1,traction,1.0,0.0,0.0,0.0,0.0,0.0,0.0,0.0,-0.0,0.0,0.0,0.0,0.0,0.0,0.0,0.0,0.0,0,0,0.0,0.0,0.0,0.0,0.0,0.0,0.0,0.35,667.83231428256,-0.0,667.83231428256,26760.0,0.0
4.15,traction,1.0,0.0,0.0,0.0,0.0,0.0,0.0,0.0,-0.0,0.0,0.0,0.0,0.0,0.0,0.0,0.0,0.0,0,0,0.0,0.0,0.0,0.0,0.0,0.0,0.0,0.35,667.83231428256,-0.0,667.83231428256,26760.0,0.0
4.2,traction,1.0,0.0,0.0,0.0,0.0,0.0,0.0,0.0,-0.0,0.0,0.0,0.0,0.0,0.0,0.0,0.0,0.0,0,0,0.0,0.0,0.0,0.0,0.0,0.0,0.0,0.35,667.83231428256,-0.0,667.83231428256,26760.0,0.0
4.25,traction,1.0,0.0,0.0,0.0,0.0,0.0,0.0,0.0,-0.0,0.0,0.0,0.0,0.0,0.0,0.0,0.0,0.0,0,0,0.0,0.0,0.0,0.0,0.0,0.0,0.0,0.35,667.83231428256,-0.0,667.83231428256,26760.0,0.0
4.3,traction,1.0,0.0,0.0,0.0,0.0,0.0,0.0,0.0,-0.0,0.0,0.0,0.0,0.0,0.0,0.0,0.0,0.0,0,0,0.0,0.0,0.0,0.0,0.0,0.0,0.0,0.35,667.83231428256,-0.0,667.83231428256,26760.0,0.0
4.35,traction,1.0,0.0,0.0,0.0,0.0,0.0,0.0,0.0,-0.0,0.0,0.0,0.0,0.0,0.0,0.0,0.0,0.0,0,0,0.0,0.0,0.0,0.0,0.0,0.0,0.0,0.35,667.83231428256,-0.0,667.83231428256,26760.0,0.0
4.4,traction,1.0,0.0,0.0,0.0,0.0,0.0,0.0,0.0,-0.0,0.0,0.0,0.0,0.0,0.0,0.0,0.0,0.0,0,0,0.0,0.0,0.0,0.0,0.0,0.0,0.0,0.35,667.83231428256,-0.0,667.83231428256,26760.0,0.0
4.45,traction,1.0,0.0,0.0,0.0,0.0,0.0,0.0,0.0,-0.0,0.0,0.0,0.0,0.0,0.0,0.0,0.0,0.0,0,0,0.0,0.0,0.0,0.0,0.0,0.0,0.0,0.35,667.83231428256,-0.0,667.83231428256,26760.0,0.0
4.5,traction,1.0,0.0,0.0,0.0,0.0,0.0,0.0,0.0,-0.0,0.0,0.0,0.0,0.0,0.0,0.0,0.0,0.0,0,0,0.0,0.0,0.0,0.0,0.0,0.0,0.0,0.35,667.83231428256,-0.0,667.83231428256,26760.0,0.0
4.55,traction,1.0,0.0,0.0,0.0,0.0,0.0,0.0,0.0,-0.0,0.0,0.0,0.0,0.0,0.0,0.0,0.0,0.0,0,0,0.0,0.0,0.0,0.0,0.0,0.0,0.0,0.35,667.83231428256,-0.0,667.83231428256,26760.0,0.0
4.6,traction,1.0,0.0,0.0,0.0,0.0,0.0,0.0,0.0,-0.0,0.0,0.0,0.0,0.0,0.0,0.0,0.0,0.0,0,0,0.0,0.0,0.0,0.0,0.0,0.0,0.0,0.35,667.83231428256,-0.0,667.83231428256,26760.0,0.0
4.65,traction,1.0,0.0,0.0,0.0,0.0,0.0,0.0,0.0,-0.0,0.0,0.0,0.0,0.0,0.0,0.0,0.0,0.0,0,0,0.0,0.0,0.0,0.0,0.0,0.0,0.0,0.35,667.83231428256,-0.0,667.83231428256,26760.0,0.0
4.7,traction,1.0,0.0,0.0,0.0,0.0,0.0,0.0,0.0,-0.0,0.0,0.0,0.0,0.0,0.0,0.0,0.0,0.0,0,0,0.0,0.0,0.0,0.0,0.0,0.0,0.0,0.35,667.83231428256,-0.0,667.83231428256,26760.0,0.0
4.75,traction,1.0,0.0,0.0,0.0,0.0,0.0,0.0,0.0,-0.0,0.0,0.0,0.0,0.0,0.0,0.0,0.0,0.0,0,0,0.0,0.0,0.0,0.0,0.0,0.0,0.0,0.35,667.83231428256,-0.0,667.83231428256,26760.0,0.0
4.8,traction,1.0,0.0,0.0,0.0,0.0,0.0,0.0,0.0,-0.0,0.0,0.0,0.0,0.0,0.0,0.0,0.0,0.0,0,0,0.0,0.0,0.0,0.0,0.0,0.0,0.0,0.35,667.83231428256,-0.0,667.83231428256,26760.0,0.0
4.85,traction,1.0,0.0,0.0,0.0,0.0,0.0,0.0,0.0,-0.0,0.0,0.0,0.0,0.0,0.0,0.0,0.0,0.0,0,0,0.0,0.0,0.0,0.0,0.0,0.0,0.0,0.35,667.83231428256,-0.0,667.83231428256,26760.0,0.0
4.9,traction,1.0,0.0,0.0,0.0,0.0,0.0,0.0,0.0,-0.0,0.0,0.0,0.0,0.0,0.0,0.0,0.0,0.0,0,0,0.0,0.0,0.0,0.0,0.0,0.0,0.0,0.35,667.83231428256,-0.0,667.83231428256,26760.0,0.0
4.95,traction,1.0,0.0,0.0,0.0,0.0,0.0,0.0,0.0,-0.0,0.0,0.0,0.0,0.0,0.0,0.0,0.0,0.0,0,0,0.0,0.0,0.0,0.0,0.0,0.0,0.0,0.35,667.83231428256,-0.0,667.83231428256,26760.0,0.0
5.0,traction,1.0,0.0,0.0,0.0,0.0,0.0,0.0,0.0,-0.0,0.0,0.0,0.0,0.0,0.0,0.0,0.0,0.0,0,0,0.0,0.0,0.0,0.0,0.0,0.0,0.0,0.35,667.83231428256,-0.0,667.83231428256,26760.0,0.0
5.05,traction,1.0,0.0,0.0,0.0,0.0,0.0,0.0,0.0,-0.0,0.0,0.0,0.0,0.0,0.0,0.0,0.0,0.0,0,0,0.0,0.0,0.0,0.0,0.0,0.0,0.0,0.35,667.83231428256,-0.0,667.83231428256,26760.0,0.0
5.1,traction,1.0,0.0,0.0,0.0,0.0,0.0,0.0,0.0,-0.0,0.0,0.0,0.0,0.0,0.0,0.0,0.0,0.0,0,0,0.0,0.0,0.0,0.0,0.0,0.0,0.0,0.35,667.83231428256,-0.0,667.83231428256,26760.0,0.0
5.15,traction,1.0,0.0,0.0,0.0,0.0,0.0,0.0,0.0,-0.0,0.0,0.0,0.0,0.0,0.0,0.0,0.0,0.0,0,0,0.0,0.0,0.0,0.0,0.0,0.0,0.0,0.35,667.83231428256,-0.0,667.83231428256,26760.0,0.0
5.2,traction,1.0,0.0,0.0,0.0,0.0,0.0,0.0,0.0,-0.0,0.0,0.0,0.0,0.0,0.0,0.0,0.0,0.0,0,0,0.0,0.0,0.0,0.0,0.0,0.0,0.0,0.35,667.83231428256,-0.0,667.83231428256,26760.0,0.0
5.25,traction,1.0,0.0,0.0,0.0,0.0,0.0,0.0,0.0,-0.0,0.0,0.0,0.0,0.0,0.0,0.0,0.0,0.0,0,0,0.0,0.0,0.0,0.0,0.0,0.0,0.0,0.35,667.83231428256,-0.0,667.83231428256,26760.0,0.0
5.3,traction,1.0,0.0,0.0,0.0,0.0,0.0,0.0,0.0,-0.0,0.0,0.0,0.0,0.0,0.0,0.0,0.0,0.0,0,0,0.0,0.0,0.0,0.0,0.0,0.0,0.0,0.35,667.83231428256,-0.0,667.83231428256,26760.0,0.0
5.35,traction,1.0,0.0,0.0,0.0,0.0,0.0,0.0,0.0,-0.0,0.0,0.0,0.0,0.0,0.0,0.0,0.0,0.0,0,0,0.0,0.0,0.0,0.0,0.0,0.0,0.0,0.35,667.83231428256,-0.0,667.83231428256,26760.0,0.0
5.4,traction,1.0,0.0,0.0,0.0,0.0,0.0,0.0,0.0,-0.0,0.0,0.0,0.0,0.0,0.0,0.0,0.0,0.0,0,0,0.0,0.0,0.0,0.0,0.0,0.0,0.0,0.35,667.83231428256,-0.0,667.83231428256,26760.0,0.0
5.45,traction,1.0,0.0,0.0,0.0,0.0,0.0,0.0,0.0,-0.0,0.0,0.0,0.0,0.0,0.0,0.0,0.0,0.0,0,0,0.0,0.0,0.0,0.0,0.0,0.0,0.0,0.35,667.83231428256,-0.0,667.83231428256,26760.0,0.0
5.5,traction,1.0,0.0,0.0,0.0,0.0,0.0,0.0,0.0,-0.0,0.0,0.0,0.0,0.0,0.0,0.0,0.0,0.0,0,0,0.0,0.0,0.0,0.0,0.0,0.0,0.0,0.35,667.83231428256,-0.0,667.83231428256,26760.0,0.0
5.55,traction,1.0,0.0,0.0,0.0,0.0,0.0,0.0,0.0,-0.0,0.0,0.0,0.0,0.0,0.0,0.0,0.0,0.0,0,0,0.0,0.0,0.0,0.0,0.0,0.0,0.0,0.35,667.83231428256,-0.0,667.83231428256,26760.0,0.0
5.6,traction,1.0,0.0,0.0,0.0,0.0,0.0,0.0,0.0,-0.0,0.0,0.0,0.0,0.0,0.0,0.0,0.0,0.0,0,0,0.0,0.0,0.0,0.0,0.0,0.0,0.0,0.35,667.83231428256,-0.0,667.83231428256,26760.0,0.0
5.65,traction,1.0,0.0,0.0,0.0,0.0,0.0,0.0,0.0,-0.0,0.0,0.0,0.0,0.0,0.0,0.0,0.0,0.0,0,0,0.0,0.0,0.0,0.0,0.0,0.0,0.0,0.35,667.83231428256,-0.0,667.83231428256,26760.0,0.0
5.7,traction,1.0,0.0,0.0,0.0,0.0,0.0,0.0,0.0,-0.0,0.0,0.0,0.0,0.0,0.0,0.0,0.0,0.0,0,0,0.0,0.0,0.0,0.0,0.0,0.0,0.0,0.35,667.83231428256,-0.0,667.83231428256,26760.0,0.0
5.75,traction,1.0,0.0,0.0,0.0,0.0,0.0,0.0,0.0,-0.0,0.0,0.0,0.0,0.0,0.0,0.0,0.0,0.0,0,0,0.0,0.0,0.0,0.0,0.0,0.0,0.0,0.35,667.83231428256,-0.0,667.83231428256,26760.0,0.0
5.8,traction,1.0,0.0,0.0,0.0,0.0,0.0,0.0,0.0,-0.0,0.0,0.0,0.0,0.0,0.0,0.0,0.0,0.0,0,0,0.0,0.0,0.0,0.0,0.0,0.0,0.0,0.35,667.83231428256,-0.0,667.83231428256,26760.0,0.0
5.85,traction,1.0,0.0,0.0,0.0,0.0,0.0,0.0,0.0,-0.0,0.0,0.0,0.0,0.0,0.0,0.0,0.0,0.0,0,0,0.0,0.0,0.0,0.0,0.0,0.0,0.0,0.35,667.83231428256,-0.0,667.83231428256,26760.0,0.0
5.9,traction,1.0,0.0,0.0,0.0,0.0,0.0,0.0,0.0,-0.0,0.0,0.0,0.0,0.0,0.0,0.0,0.0,0.0,0,0,0.0,0.0,0.0,0.0,0.0,0.0,0.0,0.35,667.83231428256,-0.0,667.83231428256,26760.0,0.0
5.95,traction,1.0,0.0,0.0,0.0,0.0,0.0,0.0,0.0,-0.0,0.0,0.0,0.0,0.0,0.0,0.0,0.0,0.0,0,0,0.0,0.0,0.0,0.0,0.0,0.0,0.0,0.35,667.83231428256,-0.0,667.83231428256,26760.0,0.0
6.0,traction,1.0,0.0,0.0,0.0,0.0,0.0,0.0,0.0,-0.0,0.0,0.0,0.0,0.0,0.0,0.0,0.0,0.0,0,0,0.0,0.0,0.0,0.0,0.0,0.0,0.0,0.35,667.83231428256,-0.0,667.83231428256,26760.0,0.0
6.05,traction,1.0,0.0,0.0,0.0,0.0,0.0,0.0,0.0,-0.0,0.0,0.0,0.0,0.0,0.0,0.0,0.0,0.0,0,0,0.0,0.0,0.0,0.0,0.0,0.0,0.0,0.35,667.83231428256,-0.0,667.83231428256,26760.0,0.0
6.1,traction,1.0,0.0,0.0,0.0,0.0,0.0,0.0,0.0,-0.0,0.0,0.0,0.0,0.0,0.0,0.0,0.0,0.0,0,0,0.0,0.0,0.0,0.0,0.0,0.0,0.0,0.35,667.83231428256,-0.0,667.83231428256,26760.0,0.0
6.15,traction,1.0,0.0,0.0,0.0,0.0,0.0,0.0,0.0,-0.0,0.0,0.0,0.0,0.0,0.0,0.0,0.0,0.0,0,0,0.0,0.0,0.0,0.0,0.0,0.0,0.0,0.35,667.83231428256,-0.0,667.83231428256,26760.0,0.0
6.2,traction,1.0,0.0,0.0,0.0,0.0,0.0,0.0,0.0,-0.0,0.0,0.0,0.0,0.0,0.0,0.0,0.0,0.0,0,0,0.0,0.0,0.0,0.0,0.0,0.0,0.0,0.35,667.83231428256,-0.0,667.83231428256,26760.0,0.0
6.25,traction,1.0,0.0,0.0,0.0,0.0,0.0,0.0,0.0,-0.0,0.0,0.0,0.0,0.0,0.0,0.0,0.0,0.0,0,0,0.0,0.0,0.0,0.0,0.0,0.0,0.0,0.35,667.83231428256,-0.0,667.83231428256,26760.0,0.0
6.3,traction,1.0,0.0,0.0,0.0,0.0,0.0,0.0,0.0,-0.0,0.0,0.0,0.0,0.0,0.0,0.0,0.0,0.0,0,0,0.0,0.0,0.0,0.0,0.0,0.0,0.0,0.35,667.83231428256,-0.0,667.83231428256,26760.0,0.0
6.35,traction,1.0,0.0,0.0,0.0,0.0,0.0,0.0,0.0,-0.0,0.0,0.0,0.0,0.0,0.0,0.0,0.0,0.0,0,0,0.0,0.0,0.0,0.0,0.0,0.0,0.0,0.35,667.83231428256,-0.0,667.83231428256,26760.0,0.0
6.4,traction,1.0,0.0,0.0,0.0,0.0,0.0,0.0,0.0,-0.0,0.0,0.0,0.0,0.0,0.0,0.0,0.0,0.0,0,0,0.0,0.0,0.0,0.0,0.0,0.0,0.0,0.35,667.83231428256,-0.0,667.83231428256,26760.0,0.0
6.45,traction,1.0,0.0,0.0,0.0,0.0,0.0,0.0,0.0,-0.0,0.0,0.0,0.0,0.0,0.0,0.0,0.0,0.0,0,0,0.0,0.0,0.0,0.0,0.0,0.0,0.0,0.35,667.83231428256,-0.0,667.83231428256,26760.0,0.0
6.5,traction,1.0,0.0,0.0,0.0,0.0,0.0,0.0,0.0,-0.0,0.0,0.0,0.0,0.0,0.0,0.0,0.0,0.0,0,0,0.0,0.0,0.0,0.0,0.0,0.0,0.0,0.35,667.83231428256,-0.0,667.83231428256,26760.0,0.0
6.55,traction,1.0,0.0,0.0,0.0,0.0,0.0,0.0,0.0,-0.0,0.0,0.0,0.0,0.0,0.0,0.0,0.0,0.0,0,0,0.0,0.0,0.0,0.0,0.0,0.0,0.0,0.35,667.83231428256,-0.0,667.83231428256,26760.0,0.0
6.6,traction,1.0,0.0,0.0,0.0,0.0,0.0,0.0,0.0,-0.0,0.0,0.0,0.0,0.0,0.0,0.0,0.0,0.0,0,0,0.0,0.0,0.0,0.0,0.0,0.0,0.0,0.35,667.83231428256,-0.0,667.83231428256,26760.0,0.0
6.65,traction,1.0,0.0,0.0,0.0,0.0,0.0,0.0,0.0,-0.0,0.0,0.0,0.0,0.0,0.0,0.0,0.0,0.0,0,0,0.0,0.0,0.0,0.0,0.0,0.0,0.0,0.35,667.83231428256,-0.0,667.83231428256,26760.0,0.0
6.7,traction,1.0,0.0,0.0,0.0,0.0,0.0,0.0,0.0,-0.0,0.0,0.0,0.0,0.0,0.0,0.0,0.0,0.0,0,0,0.0,0.0,0.0,0.0,0.0,0.0,0.0,0.35,667.83231428256,-0.0,667.83231428256,26760.0,0.0
6.75,traction,1.0,0.0,0.0,0.0,0.0,0.0,0.0,0.0,-0.0,0.0,0.0,0.0,0.0,0.0,0.0,0.0,0.0,0,0,0.0,0.0,0.0,0.0,0.0,0.0,0.0,0.35,667.83231428256,-0.0,667.83231428256,26760.0,0.0
6.8,traction,1.0,0.0,0.0,0.0,0.0,0.0,0.0,0.0,-0.0,0.0,0.0,0.0,0.0,0.0,0.0,0.0,0.0,0,0,0.0,0.0,0.0,0.0,0.0,0.0,0.0,0.35,667.83231428256,-0.0,667.83231428256,26760.0,0.0
6.85,traction,1.0,0.0,0.0,0.0,0.0,0.0,0.0,0.0,-0.0,0.0,0.0,0.0,0.0,0.0,0.0,0.0,0.0,0,0,0.0,0.0,0.0,0.0,0.0,0.0,0.0,0.35,667.83231428256,-0.0,667.83231428256,26760.0,0.0
6.9,traction,1.0,0.0,0.0,0.0,0.0,0.0,0.0,0.0,-0.0,0.0,0.0,0.0,0.0,0.0,0.0,0.0,0.0,0,0,0.0,0.0,0.0,0.0,0.0,0.0,0.0,0.35,667.83231428256,-0.0,667.83231428256,26760.0,0.0
6.95,traction,1.0,0.0,0.0,0.0,0.0,0.0,0.0,0.0,-0.0,0.0,0.0,0.0,0.0,0.0,0.0,0.0,0.0,0,0,0.0,0.0,0.0,0.0,0.0,0.0,0.0,0.35,667.83231428256,-0.0,667.83231428256,26760.0,0.0
7.0,traction,1.0,0.0,0.0,0.0,0.0,0.0,0.0,0.0,-0.0,0.0,0.0,0.0,0.0,0.0,0.0,0.0,0.0,0,0,0.0,0.0,0.0,0.0,0.0,0.0,0.0,0.35,667.83231428256,-0.0,667.83231428256,26760.0,0.0
7.05,traction,1.0,0.0,0.0,0.0,0.0,0.0,0.0,0.0,-0.0,0.0,0.0,0.0,0.0,0.0,0.0,0.0,0.0,0,0,0.0,0.0,0.0,0.0,0.0,0.0,0.0,0.35,667.83231428256,-0.0,667.83231428256,26760.0,0.0
7.1,traction,1.0,0.0,0.0,0.0,0.0,0.0,0.0,0.0,-0.0,0.0,0.0,0.0,0.0,0.0,0.0,0.0,0.0,0,0,0.0,0.0,0.0,0.0,0.0,0.0,0.0,0.35,667.83231428256,-0.0,667.83231428256,26760.0,0.0
7.15,traction,1.0,0.0,0.0,0.0,0.0,0.0,0.0,0.0,-0.0,0.0,0.0,0.0,0.0,0.0,0.0,0.0,0.0,0,0,0.0,0.0,0.0,0.0,0.0,0.0,0.0,0.35,667.83231428256,-0.0,667.83231428256,26760.0,0.0
7.2,traction,1.0,0.0,0.0,0.0,0.0,0.0,0.0,0.0,-0.0,0.0,0.0,0.0,0.0,0.0,0.0,0.0,0.0,0,0,0.0,0.0,0.0,0.0,0.0,0.0,0.0,0.35,667.83231428256,-0.0,667.83231428256,26760.0,0.0
7.25,traction,1.0,0.0,0.0,0.0,0.0,0.0,0.0,0.0,-0.0,0.0,0.0,0.0,0.0,0.0,0.0,0.0,0.0,0,0,0.0,0.0,0.0,0.0,0.0,0.0,0.0,0.35,667.83231428256,-0.0,667.83231428256,26760.0,0.0
7.3,traction,1.0,0.0,0.0,0.0,0.0,0.0,0.0,0.0,-0.0,0.0,0.0,0.0,0.0,0.0,0.0,0.0,0.0,0,0,0.0,0.0,0.0,0.0,0.0,0.0,0.0,0.35,667.83231428256,-0.0,667.83231428256,26760.0,0.0
7.35,traction,1.0,0.0,0.0,0.0,0.0,0.0,0.0,0.0,-0.0,0.0,0.0,0.0,0.0,0.0,0.0,0.0,0.0,0,0,0.0,0.0,0.0,0.0,0.0,0.0,0.0,0.35,667.83231428256,-0.0,667.83231428256,26760.0,0.0
7.4,traction,1.0,0.0,0.0,0.0,0.0,0.0,0.0,0.0,-0.0,0.0,0.0,0.0,0.0,0.0,0.0,0.0,0.0,0,0,0.0,0.0,0.0,0.0,0.0,0.0,0.0,0.35,667.83231428256,-0.0,667.83231428256,26760.0,0.0
7.45,traction,1.0,0.0,0.0,0.0,0.0,0.0,0.0,0.0,-0.0,0.0,0.0,0.0,0.0,0.0,0.0,0.0,0.0,0,0,0.0,0.0,0.0,0.0,0.0,0.0,0.0,0.35,667.83231428256,-0.0,667.83231428256,26760.0,0.0
7.5,traction,1.0,0.0,0.0,0.0,0.0,0.0,0.0,0.0,-0.0,0.0,0.0,0.0,0.0,0.0,0.0,0.0,0.0,0,0,0.0,0.0,0.0,0.0,0.0,0.0,0.0,0.35,667.83231428256,-0.0,667.83231428256,26760.0,0.0
7.55,traction,1.0,0.0,0.0,0.0,0.0,0.0,0.0,0.0,-0.0,0.0,0.0,0.0,0.0,0.0,0.0,0.0,0.0,0,0,0.0,0.0,0.0,0.0,0.0,0.0,0.0,0.35,667.83231428256,-0.0,667.83231428256,26760.0,0.0
7.6,traction,1.0,0.0,0.0,0.0,0.0,0.0,0.0,0.0,-0.0,0.0,0.0,0.0,0.0,0.0,0.0,0.0,0.0,0,0,0.0,0.0,0.0,0.0,0.0,0.0,0.0,0.35,667.83231428256,-0.0,667.83231428256,26760.0,0.0
7.65,traction,1.0,0.0,0.0,0.0,0.0,0.0,0.0,0.0,-0.0,0.0,0.0,0.0,0.0,0.0,0.0,0.0,0.0,0,0,0.0,0.0,0.0,0.0,0.0,0.0,0.0,0.35,667.83231428256,-0.0,667.83231428256,26760.0,0.0
7.7,traction,1.0,0.0,0.0,0.0,0.0,0.0,0.0,0.0,-0.0,0.0,0.0,0.0,0.0,0.0,0.0,0.0,0.0,0,0,0.0,0.0,0.0,0.0,0.0,0.0,0.0,0.35,667.83231428256,-0.0,667.83231428256,26760.0,0.0
7.75,traction,1.0,0.0,0.0,0.0,0.0,0.0,0.0,0.0,-0.0,0.0,0.0,0.0,0.0,0.0,0.0,0.0,0.0,0,0,0.0,0.0,0.0,0.0,0.0,0.0,0.0,0.35,667.83231428256,-0.0,667.83231428256,26760.0,0.0
7.8,traction,1.0,0.0,0.0,0.0,0.0,0.0,0.0,0.0,-0.0,0.0,0.0,0.0,0.0,0.0,0.0,0.0,0.0,0,0,0.0,0.0,0.0,0.0,0.0,0.0,0.0,0.35,667.83231428256,-0.0,667.83231428256,26760.0,0.0
7.85,traction,1.0,0.0,0.0,0.0,0.0,0.0,0.0,0.0,-0.0,0.0,0.0,0.0,0.0,0.0,0.0,0.0,0.0,0,0,0.0,0.0,0.0,0.0,0.0,0.0,0.0,0.35,667.83231428256,-0.0,667.83231428256,26760.0,0.0
7.9,traction,1.0,0.0,0.0,0.0,0.0,0.0,0.0,0.0,-0.0,0.0,0.0,0.0,0.0,0.0,0.0,0.0,0.0,0,0,0.0,0.0,0.0,0.0,0.0,0.0,0.0,0.35,667.83231428256,-0.0,667.83231428256,26760.0,0.0
7.95,traction,1.0,0.0,0.0,0.0,0.0,0.0,0.0,0.0,-0.0,0.0,0.0,0.0,0.0,0.0,0.0,0.0,0.0,0,0,0.0,0.0,0.0,0.0,0.0,0.0,0.0,0.35,667.83231428256,-0.0,667.83231428256,26760.0,0.0
8.0,traction,1.0,0.0,0.0,0.0,0.0,0.0,0.0,0.0,-0.0,0.0,0.0,0.0,0.0,0.0,0.0,0.0,0.0,0,0,0.0,0.0,0.0,0.0,0.0,0.0,0.0,0.35,667.83231428256,-0.0,667.83231428256,26760.0,0.0
8.05,traction,1.0,0.0,0.0,0.0,0.0,0.0,0.0,0.0,-0.0,0.0,0.0,0.0,0.0,0.0,0.0,0.0,0.0,0,0,0.0,0.0,0.0,0.0,0.0,0.0,0.0,0.35,667.83231428256,-0.0,667.83231428256,26760.0,0.0
8.1,traction,1.0,0.0,0.0,0.0,0.0,0.0,0.0,0.0,-0.0,0.0,0.0,0.0,0.0,0.0,0.0,0.0,0.0,0,0,0.0,0.0,0.0,0.0,0.0,0.0,0.0,0.35,667.83231428256,-0.0,667.83231428256,26760.0,0.0
8.15,traction,1.0,0.0,0.0,0.0,0.0,0.0,0.0,0.0,-0.0,0.0,0.0,0.0,0.0,0.0,0.0,0.0,0.0,0,0,0.0,0.0,0.0,0.0,0.0,0.0,0.0,0.35,667.83231428256,-0.0,667.83231428256,26760.0,0.0
8.2,traction,1.0,0.0,0.0,0.0,0.0,0.0,0.0,0.0,-0.0,0.0,0.0,0.0,0.0,0.0,0.0,0.0,0.0,0,0,0.0,0.0,0.0,0.0,0.0,0.0,0.0,0.35,667.83231428256,-0.0,667.83231428256,26760.0,0.0
8.25,traction,1.0,0.0,0.0,0.0,0.0,0.0,0.0,0.0,-0.0,0.0,0.0,0.0,0.0,0.0,0.0,0.0,0.0,0,0,0.0,0.0,0.0,0.0,0.0,0.0,0.0,0.35,667.83231428256,-0.0,667.83231428256,26760.0,0.0
8.3,traction,1.0,0.0,0.0,0.0,0.0,0.0,0.0,0.0,-0.0,0.0,0.0,0.0,0.0,0.0,0.0,0.0,0.0,0,0,0.0,0.0,0.0,0.0,0.0,0.0,0.0,0.35,667.83231428256,-0.0,667.83231428256,26760.0,0.0
8.35,traction,1.0,0.0,0.0,0.0,0.0,0.0,0.0,0.0,-0.0,0.0,0.0,0.0,0.0,0.0,0.0,0.0,0.0,0,0,0.0,0.0,0.0,0.0,0.0,0.0,0.0,0.35,667.83231428256,-0.0,667.83231428256,26760.0,0.0
8.4,traction,1.0,0.0,0.0,0.0,0.0,0.0,0.0,0.0,-0.0,0.0,0.0,0.0,0.0,0.0,0.0,0.0,0.0,0,0,0.0,0.0,0.0,0.0,0.0,0.0,0.0,0.35,667.83231428256,-0.0,667.83231428256,26760.0,0.0
8.45,traction,1.0,0.0,0.0,0.0,0.0,0.0,0.0,0.0,-0.0,0.0,0.0,0.0,0.0,0.0,0.0,0.0,0.0,0,0,0.0,0.0,0.0,0.0,0.0,0.0,0.0,0.35,667.83231428256,-0.0,667.83231428256,26760.0,0.0
8.5,traction,1.0,0.0,0.0,0.0,0.0,0.0,0.0,0.0,-0.0,0.0,0.0,0.0,0.0,0.0,0.0,0.0,0.0,0,0,0.0,0.0,0.0,0.0,0.0,0.0,0.0,0.35,667.83231428256,-0.0,667.83231428256,26760.0,0.0
8.55,traction,1.0,0.0,0.0,0.0,0.0,0.0,0.0,0.0,-0.0,0.0,0.0,0.0,0.0,0.0,0.0,0.0,0.0,0,0,0.0,0.0,0.0,0.0,0.0,0.0,0.0,0.35,667.83231428256,-0.0,667.83231428256,26760.0,0.0
8.6,traction,1.0,0.0,0.0,0.0,0.0,0.0,0.0,0.0,-0.0,0.0,0.0,0.0,0.0,0.0,0.0,0.0,0.0,0,0,0.0,0.0,0.0,0.0,0.0,0.0,0.0,0.35,667.83231428256,-0.0,667.83231428256,26760.0,0.0
8.65,traction,1.0,0.0,0.0,0.0,0.0,0.0,0.0,0.0,-0.0,0.0,0.0,0.0,0.0,0.0,0.0,0.0,0.0,0,0,0.0,0.0,0.0,0.0,0.0,0.0,0.0,0.35,667.83231428256,-0.0,667.83231428256,26760.0,0.0
8.7,traction,1.0,0.0,0.0,0.0,0.0,0.0,0.0,0.0,-0.0,0.0,0.0,0.0,0.0,0.0,0.0,0.0,0.0,0,0,0.0,0.0,0.0,0.0,0.0,0.0,0.0,0.35,667.83231428256,-0.0,667.83231428256,26760.0,0.0
8.75,traction,1.0,0.0,0.0,0.0,0.0,0.0,0.0,0.0,-0.0,0.0,0.0,0.0,0.0,0.0,0.0,0.0,0.0,0,0,0.0,0.0,0.0,0.0,0.0,0.0,0.0,0.35,667.83231428256,-0.0,667.83231428256,26760.0,0.0
8.8,traction,1.0,0.0,0.0,0.0,0.0,0.0,0.0,0.0,-0.0,0.0,0.0,0.0,0.0,0.0,0.0,0.0,0.0,0,0,0.0,0.0,0.0,0.0,0.0,0.0,0.0,0.35,667.83231428256,-0.0,667.83231428256,26760.0,0.0
8.85,traction,1.0,0.0,0.0,0.0,0.0,0.0,0.0,0.0,-0.0,0.0,0.0,0.0,0.0,0.0,0.0,0.0,0.0,0,0,0.0,0.0,0.0,0.0,0.0,0.0,0.0,0.35,667.83231428256,-0.0,667.83231428256,26760.0,0.0
8.9,traction,1.0,0.0,0.0,0.0,0.0,0.0,0.0,0.0,-0.0,0.0,0.0,0.0,0.0,0.0,0.0,0.0,0.0,0,0,0.0,0.0,0.0,0.0,0.0,0.0,0.0,0.35,667.83231428256,-0.0,667.83231428256,26760.0,0.0
8.95,traction,1.0,0.0,0.0,0.0,0.0,0.0,0.0,0.0,-0.0,0.0,0.0,0.0,0.0,0.0,0.0,0.0,0.0,0,0,0.0,0.0,0.0,0.0,0.0,0.0,0.0,0.35,667.83231428256,-0.0,667.83231428256,26760.0,0.0
9.0,traction,1.0,0.0,0.0,0.0,0.0,0.0,0.0,0.0,-0.0,0.0,0.0,0.0,0.0,0.0,0.0,0.0,0.0,0,0,0.0,0.0,0.0,0.0,0.0,0.0,0.0,0.35,667.83231428256,-0.0,667.83231428256,26760.0,0.0
9.05,traction,1.0,0.0,0.0,0.0,0.0,0.0,0.0,0.0,-0.0,0.0,0.0,0.0,0.0,0.0,0.0,0.0,0.0,0,0,0.0,0.0,0.0,0.0,0.0,0.0,0.0,0.35,667.83231428256,-0.0,667.83231428256,26760.0,0.0
9.1,traction,1.0,0.0,0.0,0.0,0.0,0.0,0.0,0.0,-0.0,0.0,0.0,0.0,0.0,0.0,0.0,0.0,0.0,0,0,0.0,0.0,0.0,0.0,0.0,0.0,0.0,0.35,667.83231428256,-0.0,667.83231428256,26760.0,0.0
9.15,traction,1.0,0.0,0.0,0.0,0.0,0.0,0.0,0.0,-0.0,0.0,0.0,0.0,0.0,0.0,0.0,0.0,0.0,0,0,0.0,0.0,0.0,0.0,0.0,0.0,0.0,0.35,667.83231428256,-0.0,667.83231428256,26760.0,0.0
9.2,traction,1.0,0.0,0.0,0.0,0.0,0.0,0.0,0.0,-0.0,0.0,0.0,0.0,0.0,0.0,0.0,0.0,0.0,0,0,0.0,0.0,0.0,0.0,0.0,0.0,0.0,0.35,667.83231428256,-0.0,667.83231428256,26760.0,0.0
9.25,traction,1.0,0.0,0.0,0.0,0.0,0.0,0.0,0.0,-0.0,0.0,0.0,0.0,0.0,0.0,0.0,0.0,0.0,0,0,0.0,0.0,0.0,0.0,0.0,0.0,0.0,0.35,667.83231428256,-0.0,667.83231428256,26760.0,0.0
9.3,traction,1.0,0.0,0.0,0.0,0.0,0.0,0.0,0.0,-0.0,0.0,0.0,0.0,0.0,0.0,0.0,0.0,0.0,0,0,0.0,0.0,0.0,0.0,0.0,0.0,0.0,0.35,667.83231428256,-0.0,667.83231428256,26760.0,0.0
9.35,traction,1.0,0.0,0.0,0.0,0.0,0.0,0.0,0.0,-0.0,0.0,0.0,0.0,0.0,0.0,0.0,0.0,0.0,0,0,0.0,0.0,0.0,0.0,0.0,0.0,0.0,0.35,667.83231428256,-0.0,667.83231428256,26760.0,0.0
9.4,traction,1.0,0.0,0.0,0.0,0.0,0.0,0.0,0.0,-0.0,0.0,0.0,0.0,0.0,0.0,0.0,0.0,0.0,0,0,0.0,0.0,0.0,0.0,0.0,0.0,0.0,0.35,667.83231428256,-0.0,667.83231428256,26760.0,0.0
9.45,traction,1.0,0.0,0.0,0.0,0.0,0.0,0.0,0.0,-0.0,0.0,0.0,0.0,0.0,0.0,0.0,0.0,0.0,0,0,0.0,0.0,0.0,0.0,0.0,0.0,0.0,0.35,667.83231428256,-0.0,667.83231428256,26760.0,0.0
9.5,traction,1.0,0.0,0.0,0.0,0.0,0.0,0.0,0.0,-0.0,0.0,0.0,0.0,0.0,0.0,0.0,0.0,0.0,0,0,0.0,0.0,0.0,0.0,0.0,0.0,0.0,0.35,667.83231428256,-0.0,667.83231428256,26760.0,0.0
9.55,traction,1.0,0.0,0.0,0.0,0.0,0.0,0.0,0.0,-0.0,0.0,0.0,0.0,0.0,0.0,0.0,0.0,0.0,0,0,0.0,0.0,0.0,0.0,0.0,0.0,0.0,0.35,667.83231428256,-0.0,667.83231428256,26760.0,0.0
9.6,traction,1.0,0.0,0.0,0.0,0.0,0.0,0.0,0.0,-0.0,0.0,0.0,0.0,0.0,0.0,0.0,0.0,0.0,0,0,0.0,0.0,0.0,0.0,0.0,0.0,0.0,0.35,667.83231428256,-0.0,667.83231428256,26760.0,0.0
9.65,traction,1.0,0.0,0.0,0.0,0.0,0.0,0.0,0.0,-0.0,0.0,0.0,0.0,0.0,0.0,0.0,0.0,0.0,0,0,0.0,0.0,0.0,0.0,0.0,0.0,0.0,0.35,667.83231428256,-0.0,667.83231428256,26760.0,0.0
9.7,traction,1.0,0.0,0.0,0.0,0.0,0.0,0.0,0.0,-0.0,0.0,0.0,0.0,0.0,0.0,0.0,0.0,0.0,0,0,0.0,0.0,0.0,0.0,0.0,0.0,0.0,0.35,667.83231428256,-0.0,667.83231428256,26760.0,0.0
9.75,traction,1.0,0.0,0.0,0.0,0.0,0.0,0.0,0.0,-0.0,0.0,0.0,0.0,0.0,0.0,0.0,0.0,0.0,0,0,0.0,0.0,0.0,0.0,0.0,0.0,0.0,0.35,667.83231428256,-0.0,667.83231428256,26760.0,0.0
9.8,traction,1.0,0.0,0.0,0.0,0.0,0.0,0.0,0.0,-0.0,0.0,0.0,0.0,0.0,0.0,0.0,0.0,0.0,0,0,0.0,0.0,0.0,0.0,0.0,0.0,0.0,0.35,667.83231428256,-0.0,667.83231428256,26760.0,0.0
9.85,traction,1.0,0.0,0.0,0.0,0.0,0.0,0.0,0.0,-0.0,0.0,0.0,0.0,0.0,0.0,0.0,0.0,0.0,0,0,0.0,0.0,0.0,0.0,0.0,0.0,0.0,0.35,667.83231428256,-0.0,667.83231428256,26760.0,0.0
9.9,traction,1.0,0.0,0.0,0.0,0.0,0.0,0.0,0.0,-0.0,0.0,0.0,0.0,0.0,0.0,0.0,0.0,0.0,0,0,0.0,0.0,0.0,0.0,0.0,0.0,0.0,0.35,667.83231428256,-0.0,667.83231428256,26760.0,0.0
9.95,traction,1.0,0.0,0.0,0.0,0.0,0.0,0.0,0.0,-0.0,0.0,0.0,0.0,0.0,0.0,0.0,0.0,0.0,0,0,0.0,0.0,0.0,0.0,0.0,0.0,0.0,0.35,667.83231428256,-0.0,667.83231428256,26760.0,0.0
10.0,traction,1.0,0.0,0.0,0.0,0.0,0.0,0.0,0.0,-0.0,0.0,0.0,0.0,0.0,0.0,0.0,0.0,0.0,0,0,0.0,0.0,0.0,0.0,0.0,0.0,0.0,0.35,667.83231428256,-0.0,667.83231428256,26760.0,0.0
10.05,traction,1.0,0.0,0.0,0.0,0.0,0.0,0.0,0.0,-0.0,0.0,0.0,0.0,0.0,0.0,0.0,0.0,0.0,0,0,0.0,0.0,0.0,0.0,0.0,0.0,0.0,0.35,667.83231428256,-0.0,667.83231428256,26760.0,0.0
10.1,traction,1.0,0.0,0.0,0.0,0.0,0.0,0.0,0.0,-0.0,0.0,0.0,0.0,0.0,0.0,0.0,0.0,0.0,0,0,0.0,0.0,0.0,0.0,0.0,0.0,0.0,0.35,667.83231428256,-0.0,667.83231428256,26760.0,0.0
10.15,traction,1.0,0.0,0.0,0.0,0.0,0.0,0.0,0.0,-0.0,0.0,0.0,0.0,0.0,0.0,0.0,0.0,0.0,0,0,0.0,0.0,0.0,0.0,0.0,0.0,0.0,0.35,667.83231428256,-0.0,667.83231428256,26760.0,0.0
10.2,traction,1.0,0.0,0.0,0.0,0.0,0.0,0.0,0.0,-0.0,0.0,0.0,0.0,0.0,0.0,0.0,0.0,0.0,0,0,0.0,0.0,0.0,0.0,0.0,0.0,0.0,0.35,667.83231428256,-0.0,667.83231428256,26760.0,0.0
10.25,traction,1.0,0.0,0.0,0.0,0.0,0.0,0.0,0.0,-0.0,0.0,0.0,0.0,0.0,0.0,0.0,0.0,0.0,0,0,0.0,0.0,0.0,0.0,0.0,0.0,0.0,0.35,667.83231428256,-0.0,667.83231428256,26760.0,0.0
10.3,traction,1.0,0.0,0.0,0.0,0.0,0.0,0.0,0.0,-0.0,0.0,0.0,0.0,0.0,0.0,0.0,0.0,0.0,0,0,0.0,0.0,0.0,0.0,0.0,0.0,0.0,0.35,667.83231428256,-0.0,667.83231428256,26760.0,0.0
10.35,traction,1.0,0.0,0.0,0.0,0.0,0.0,0.0,0.0,-0.0,0.0,0.0,0.0,0.0,0.0,0.0,0.0,0.0,0,0,0.0,0.0,0.0,0.0,0.0,0.0,0.0,0.35,667.83231428256,-0.0,667.83231428256,26760.0,0.0
10.4,traction,1.0,0.0,0.0,0.0,0.0,0.0,0.0,0.0,-0.0,0.0,0.0,0.0,0.0,0.0,0.0,0.0,0.0,0,0,0.0,0.0,0.0,0.0,0.0,0.0,0.0,0.35,667.83231428256,-0.0,667.83231428256,26760.0,0.0
10.45,traction,1.0,0.0,0.0,0.0,0.0,0.0,0.0,0.0,-0.0,0.0,0.0,0.0,0.0,0.0,0.0,0.0,0.0,0,0,0.0,0.0,0.0,0.0,0.0,0.0,0.0,0.35,667.83231428256,-0.0,667.83231428256,26760.0,0.0
10.5,traction,1.0,0.0,0.0,0.0,0.0,0.0,0.0,0.0,-0.0,0.0,0.0,0.0,0.0,0.0,0.0,0.0,0.0,0,0,0.0,0.0,0.0,0.0,0.0,0.0,0.0,0.35,667.83231428256,-0.0,667.83231428256,26760.0,0.0
10.55,traction,1.0,0.0,0.0,0.0,0.0,0.0,0.0,0.0,-0.0,0.0,0.0,0.0,0.0,0.0,0.0,0.0,0.0,0,0,0.0,0.0,0.0,0.0,0.0,0.0,0.0,0.35,667.83231428256,-0.0,667.83231428256,26760.0,0.0
10.6,traction,1.0,0.0,0.0,0.0,0.0,0.0,0.0,0.0,-0.0,0.0,0.0,0.0,0.0,0.0,0.0,0.0,0.0,0,0,0.0,0.0,0.0,0.0,0.0,0.0,0.0,0.35,667.83231428256,-0.0,667.83231428256,26760.0,0.0
10.65,traction,1.0,0.0,0.0,0.0,0.0,0.0,0.0,0.0,-0.0,0.0,0.0,0.0,0.0,0.0,0.0,0.0,0.0,0,0,0.0,0.0,0.0,0.0,0.0,0.0,0.0,0.35,667.83231428256,-0.0,667.83231428256,26760.0,0.0
10.7,traction,1.0,0.0,0.0,0.0,0.0,0.0,0.0,0.0,-0.0,0.0,0.0,0.0,0.0,0.0,0.0,0.0,0.0,0,0,0.0,0.0,0.0,0.0,0.0,0.0,0.0,0.35,667.83231428256,-0.0,667.83231428256,26760.0,0.0
10.75,traction,1.0,0.0,0.0,0.0,0.0,0.0,0.0,0.0,-0.0,0.0,0.0,0.0,0.0,0.0,0.0,0.0,0.0,0,0,0.0,0.0,0.0,0.0,0.0,0.0,0.0,0.35,667.83231428256,-0.0,667.83231428256,26760.0,0.0
10.8,traction,1.0,0.0,0.0,0.0,0.0,0.0,0.0,0.0,-0.0,0.0,0.0,0.0,0.0,0.0,0.0,0.0,0.0,0,0,0.0,0.0,0.0,0.0,0.0,0.0,0.0,0.35,667.83231428256,-0.0,667.83231428256,26760.0,0.0
10.85,traction,1.0,0.0,0.0,0.0,0.0,0.0,0.0,0.0,-0.0,0.0,0.0,0.0,0.0,0.0,0.0,0.0,0.0,0,0,0.0,0.0,0.0,0.0,0.0,0.0,0.0,0.35,667.83231428256,-0.0,667.83231428256,26760.0,0.0
10.9,traction,1.0,0.0,0.0,0.0,0.0,0.0,0.0,0.0,-0.0,0.0,0.0,0.0,0.0,0.0,0.0,0.0,0.0,0,0,0.0,0.0,0.0,0.0,0.0,0.0,0.0,0.35,667.83231428256,-0.0,667.83231428256,26760.0,0.0
10.95,traction,1.0,0.0,0.0,0.0,0.0,0.0,0.0,0.0,-0.0,0.0,0.0,0.0,0.0,0.0,0.0,0.0,0.0,0,0,0.0,0.0,0.0,0.0,0.0,0.0,0.0,0.35,667.83231428256,-0.0,667.83231428256,26760.0,0.0
11.0,traction,1.0,0.0,0.0,0.0,0.0,0.0,0.0,0.0,-0.0,0.0,0.0,0.0,0.0,0.0,0.0,0.0,0.0,0,0,0.0,0.0,0.0,0.0,0.0,0.0,0.0,0.35,667.83231428256,-0.0,667.83231428256,26760.0,0.0
11.05,traction,1.0,0.0,0.0,0.0,0.0,0.0,0.0,0.0,-0.0,0.0,0.0,0.0,0.0,0.0,0.0,0.0,0.0,0,0,0.0,0.0,0.0,0.0,0.0,0.0,0.0,0.35,667.83231428256,-0.0,667.83231428256,26760.0,0.0
11.1,traction,1.0,0.0,0.0,0.0,0.0,0.0,0.0,0.0,-0.0,0.0,0.0,0.0,0.0,0.0,0.0,0.0,0.0,0,0,0.0,0.0,0.0,0.0,0.0,0.0,0.0,0.35,667.83231428256,-0.0,667.83231428256,26760.0,0.0
11.15,traction,1.0,0.0,0.0,0.0,0.0,0.0,0.0,0.0,-0.0,0.0,0.0,0.0,0.0,0.0,0.0,0.0,0.0,0,0,0.0,0.0,0.0,0.0,0.0,0.0,0.0,0.35,667.83231428256,-0.0,667.83231428256,26760.0,0.0
11.2,traction,1.0,0.0,0.0,0.0,0.0,0.0,0.0,0.0,-0.0,0.0,0.0,0.0,0.0,0.0,0.0,0.0,0.0,0,0,0.0,0.0,0.0,0.0,0.0,0.0,0.0,0.35,667.83231428256,-0.0,667.83231428256,26760.0,0.0
11.25,traction,1.0,0.0,0.0,0.0,0.0,0.0,0.0,0.0,-0.0,0.0,0.0,0.0,0.0,0.0,0.0,0.0,0.0,0,0,0.0,0.0,0.0,0.0,0.0,0.0,0.0,0.35,667.83231428256,-0.0,667.83231428256,26760.0,0.0
11.3,traction,1.0,0.0,0.0,0.0,0.0,0.0,0.0,0.0,-0.0,0.0,0.0,0.0,0.0,0.0,0.0,0.0,0.0,0,0,0.0,0.0,0.0,0.0,0.0,0.0,0.0,0.35,667.83231428256,-0.0,667.83231428256,26760.0,0.0
11.35,traction,1.0,0.0,0.0,0.0,0.0,0.0,0.0,0.0,-0.0,0.0,0.0,0.0,0.0,0.0,0.0,0.0,0.0,0,0,0.0,0.0,0.0,0.0,0.0,0.0,0.0,0.35,667.83231428256,-0.0,667.83231428256,26760.0,0.0
11.4,traction,1.0,0.0,0.0,0.0,0.0,0.0,0.0,0.0,-0.0,0.0,0.0,0.0,0.0,0.0,0.0,0.0,0.0,0,0,0.0,0.0,0.0,0.0,0.0,0.0,0.0,0.35,667.83231428256,-0.0,667.83231428256,26760.0,0.0
11.45,traction,1.0,0.0,0.0,0.0,0.0,0.0,0.0,0.0,-0.0,0.0,0.0,0.0,0.0,0.0,0.0,0.0,0.0,0,0,0.0,0.0,0.0,0.0,0.0,0.0,0.0,0.35,667.83231428256,-0.0,667.83231428256,26760.0,0.0
11.5,traction,1.0,0.0,0.0,0.0,0.0,0.0,0.0,0.0,-0.0,0.0,0.0,0.0,0.0,0.0,0.0,0.0,0.0,0,0,0.0,0.0,0.0,0.0,0.0,0.0,0.0,0.35,667.83231428256,-0.0,667.83231428256,26760.0,0.0
11.55,traction,1.0,0.0,0.0,0.0,0.0,0.0,0.0,0.0,-0.0,0.0,0.0,0.0,0.0,0.0,0.0,0.0,0.0,0,0,0.0,0.0,0.0,0.0,0.0,0.0,0.0,0.35,667.83231428256,-0.0,667.83231428256,26760.0,0.0
11.6,traction,1.0,0.0,0.0,0.0,0.0,0.0,0.0,0.0,-0.0,0.0,0.0,0.0,0.0,0.0,0.0,0.0,0.0,0,0,0.0,0.0,0.0,0.0,0.0,0.0,0.0,0.35,667.83231428256,-0.0,667.83231428256,26760.0,0.0
11.65,traction,1.0,0.0,0.0,0.0,0.0,0.0,0.0,0.0,-0.0,0.0,0.0,0.0,0.0,0.0,0.0,0.0,0.0,0,0,0.0,0.0,0.0,0.0,0.0,0.0,0.0,0.35,667.83231428256,-0.0,667.83231428256,26760.0,0.0
11.7,traction,1.0,0.0,0.0,0.0,0.0,0.0,0.0,0.0,-0.0,0.0,0.0,0.0,0.0,0.0,0.0,0.0,0.0,0,0,0.0,0.0,0.0,0.0,0.0,0.0,0.0,0.35,667.83231428256,-0.0,667.83231428256,26760.0,0.0
11.75,traction,1.0,0.0,0.0,0.0,0.0,0.0,0.0,0.0,-0.0,0.0,0.0,0.0,0.0,0.0,0.0,0.0,0.0,0,0,0.0,0.0,0.0,0.0,0.0,0.0,0.0,0.35,667.83231428256,-0.0,667.83231428256,26760.0,0.0
11.8,traction,1.0,0.0,0.0,0.0,0.0,0.0,0.0,0.0,-0.0,0.0,0.0,0.0,0.0,0.0,0.0,0.0,0.0,0,0,0.0,0.0,0.0,0.0,0.0,0.0,0.0,0.35,667.83231428256,-0.0,667.83231428256,26760.0,0.0
11.85,traction,1.0,0.0,0.0,0.0,0.0,0.0,0.0,0.0,-0.0,0.0,0.0,0.0,0.0,0.0,0.0,0.0,0.0,0,0,0.0,0.0,0.0,0.0,0.0,0.0,0.0,0.35,667.83231428256,-0.0,667.83231428256,26760.0,0.0
11.9,traction,1.0,0.0,0.0,0.0,0.0,0.0,0.0,0.0,-0.0,0.0,0.0,0.0,0.0,0.0,0.0,0.0,0.0,0,0,0.0,0.0,0.0,0.0,0.0,0.0,0.0,0.35,667.83231428256,-0.0,667.83231428256,26760.0,0.0
11.95,traction,1.0,0.0,0.0,0.0,0.0,0.0,0.0,0.0,-0.0,0.0,0.0,0.0,0.0,0.0,0.0,0.0,0.0,0,0,0.0,0.0,0.0,0.0,0.0,0.0,0.0,0.35,667.83231428256,-0.0,667.83231428256,26760.0,0.0
12.0,traction,1.0,0.0,0.0,0.0,0.0,0.0,0.0,0.0,-0.0,0.0,0.0,0.0,0.0,0.0,0.0,0.0,0.0,0,0,0.0,0.0,0.0,0.0,0.0,0.0,0.0,0.35,667.83231428256,-0.0,667.83231428256,26760.0,0.0
12.05,traction,1.0,0.0,0.0,0.0,0.0,0.0,0.0,0.0,-0.0,0.0,0.0,0.0,0.0,0.0,0.0,0.0,0.0,0,0,0.0,0.0,0.0,0.0,0.0,0.0,0.0,0.35,667.83231428256,-0.0,667.83231428256,26760.0,0.0
12.1,traction,1.0,0.0,0.0,0.0,0.0,0.0,0.0,0.0,-0.0,0.0,0.0,0.0,0.0,0.0,0.0,0.0,0.0,0,0,0.0,0.0,0.0,0.0,0.0,0.0,0.0,0.35,667.83231428256,-0.0,667.83231428256,26760.0,0.0
12.15,traction,1.0,0.0,0.0,0.0,0.0,0.0,0.0,0.0,-0.0,0.0,0.0,0.0,0.0,0.0,0.0,0.0,0.0,0,0,0.0,0.0,0.0,0.0,0.0,0.0,0.0,0.35,667.83231428256,-0.0,667.83231428256,26760.0,0.0
12.2,traction,1.0,0.0,0.0,0.0,0.0,0.0,0.0,0.0,-0.0,0.0,0.0,0.0,0.0,0.0,0.0,0.0,0.0,0,0,0.0,0.0,0.0,0.0,0.0,0.0,0.0,0.35,667.83231428256,-0.0,667.83231428256,26760.0,0.0
12.25,traction,1.0,0.0,0.0,0.0,0.0,0.0,0.0,0.0,-0.0,0.0,0.0,0.0,0.0,0.0,0.0,0.0,0.0,0,0,0.0,0.0,0.0,0.0,0.0,0.0,0.0,0.35,667.83231428256,-0.0,667.83231428256,26760.0,0.0
12.3,traction,1.0,0.0,0.0,0.0,0.0,0.0,0.0,0.0,-0.0,0.0,0.0,0.0,0.0,0.0,0.0,0.0,0.0,0,0,0.0,0.0,0.0,0.0,0.0,0.0,0.0,0.35,667.83231428256,-0.0,667.83231428256,26760.0,0.0
12.35,traction,1.0,0.0,0.0,0.0,0.0,0.0,0.0,0.0,-0.0,0.0,0.0,0.0,0.0,0.0,0.0,0.0,0.0,0,0,0.0,0.0,0.0,0.0,0.0,0.0,0.0,0.35,667.83231428256,-0.0,667.83231428256,26760.0,0.0
12.4,traction,1.0,0.0,0.0,0.0,0.0,0.0,0.0,0.0,-0.0,0.0,0.0,0.0,0.0,0.0,0.0,0.0,0.0,0,0,0.0,0.0,0.0,0.0,0.0,0.0,0.0,0.35,667.83231428256,-0.0,667.83231428256,26760.0,0.0
12.45,traction,1.0,0.0,0.0,0.0,0.0,0.0,0.0,0.0,-0.0,0.0,0.0,0.0,0.0,0.0,0.0,0.0,0.0,0,0,0.0,0.0,0.0,0.0,0.0,0.0,0.0,0.35,667.83231428256,-0.0,667.83231428256,26760.0,0.0
12.5,traction,1.0,0.0,0.0,0.0,0.0,0.0,0.0,0.0,-0.0,0.0,0.0,0.0,0.0,0.0,0.0,0.0,0.0,0,0,0.0,0.0,0.0,0.0,0.0,0.0,0.0,0.35,667.83231428256,-0.0,667.83231428256,26760.0,0.0
12.55,traction,1.0,0.0,0.0,0.0,0.0,0.0,0.0,0.0,-0.0,0.0,0.0,0.0,0.0,0.0,0.0,0.0,0.0,0,0,0.0,0.0,0.0,0.0,0.0,0.0,0.0,0.35,667.83231428256,-0.0,667.83231428256,26760.0,0.0
12.6,traction,1.0,0.0,0.0,0.0,0.0,0.0,0.0,0.0,-0.0,0.0,0.0,0.0,0.0,0.0,0.0,0.0,0.0,0,0,0.0,0.0,0.0,0.0,0.0,0.0,0.0,0.35,667.83231428256,-0.0,667.83231428256,26760.0,0.0
12.65,traction,1.0,0.0,0.0,0.0,0.0,0.0,0.0,0.0,-0.0,0.0,0.0,0.0,0.0,0.0,0.0,0.0,0.0,0,0,0.0,0.0,0.0,0.0,0.0,0.0,0.0,0.35,667.83231428256,-0.0,667.83231428256,26760.0,0.0
12.7,traction,1.0,0.0,0.0,0.0,0.0,0.0,0.0,0.0,-0.0,0.0,0.0,0.0,0.0,0.0,0.0,0.0,0.0,0,0,0.0,0.0,0.0,0.0,0.0,0.0,0.0,0.35,667.83231428256,-0.0,667.83231428256,26760.0,0.0
12.75,traction,1.0,0.0,0.0,0.0,0.0,0.0,0.0,0.0,-0.0,0.0,0.0,0.0,0.0,0.0,0.0,0.0,0.0,0,0,0.0,0.0,0.0,0.0,0.0,0.0,0.0,0.35,667.83231428256,-0.0,667.83231428256,26760.0,0.0
12.8,traction,1.0,0.0,0.0,0.0,0.0,0.0,0.0,0.0,-0.0,0.0,0.0,0.0,0.0,0.0,0.0,0.0,0.0,0,0,0.0,0.0,0.0,0.0,0.0,0.0,0.0,0.35,667.83231428256,-0.0,667.83231428256,26760.0,0.0
12.85,traction,1.0,0.0,0.0,0.0,0.0,0.0,0.0,0.0,-0.0,0.0,0.0,0.0,0.0,0.0,0.0,0.0,0.0,0,0,0.0,0.0,0.0,0.0,0.0,0.0,0.0,0.35,667.83231428256,-0.0,667.83231428256,26760.0,0.0
12.9,traction,1.0,0.0,0.0,0.0,0.0,0.0,0.0,0.0,-0.0,0.0,0.0,0.0,0.0,0.0,0.0,0.0,0.0,0,0,0.0,0.0,0.0,0.0,0.0,0.0,0.0,0.35,667.83231428256,-0.0,667.83231428256,26760.0,0.0
12.95,traction,1.0,0.0,0.0,0.0,0.0,0.0,0.0,0.0,-0.0,0.0,0.0,0.0,0.0,0.0,0.0,0.0,0.0,0,0,0.0,0.0,0.0,0.0,0.0,0.0,0.0,0.35,667.83231428256,-0.0,667.83231428256,26760.0,0.0
13.0,traction,1.0,0.0,0.0,0.0,0.0,0.0,0.0,0.0,-0.0,0.0,0.0,0.0,0.0,0.0,0.0,0.0,0.0,0,0,0.0,0.0,0.0,0.0,0.0,0.0,0.0,0.35,667.83231428256,-0.0,667.83231428256,26760.0,0.0
13.05,traction,1.0,0.0,0.0,0.0,0.0,0.0,0.0,0.0,-0.0,0.0,0.0,0.0,0.0,0.0,0.0,0.0,0.0,0,0,0.0,0.0,0.0,0.0,0.0,0.0,0.0,0.35,667.83231428256,-0.0,667.83231428256,26760.0,0.0
13.1,traction,1.0,0.0,0.0,0.0,0.0,0.0,0.0,0.0,-0.0,0.0,0.0,0.0,0.0,0.0,0.0,0.0,0.0,0,0,0.0,0.0,0.0,0.0,0.0,0.0,0.0,0.35,667.83231428256,-0.0,667.83231428256,26760.0,0.0
13.15,traction,1.0,0.0,0.0,0.0,0.0,0.0,0.0,0.0,-0.0,0.0,0.0,0.0,0.0,0.0,0.0,0.0,0.0,0,0,0.0,0.0,0.0,0.0,0.0,0.0,0.0,0.35,667.83231428256,-0.0,667.83231428256,26760.0,0.0
13.2,traction,1.0,0.0,0.0,0.0,0.0,0.0,0.0,0.0,-0.0,0.0,0.0,0.0,0.0,0.0,0.0,0.0,0.0,0,0,0.0,0.0,0.0,0.0,0.0,0.0,0.0,0.35,667.83231428256,-0.0,667.83231428256,26760.0,0.0
13.25,traction,1.0,0.0,0.0,0.0,0.0,0.0,0.0,0.0,-0.0,0.0,0.0,0.0,0.0,0.0,0.0,0.0,0.0,0,0,0.0,0.0,0.0,0.0,0.0,0.0,0.0,0.35,667.83231428256,-0.0,667.83231428256,26760.0,0.0
13.3,traction,1.0,0.0,0.0,0.0,0.0,0.0,0.0,0.0,-0.0,0.0,0.0,0.0,0.0,0.0,0.0,0.0,0.0,0,0,0.0,0.0,0.0,0.0,0.0,0.0,0.0,0.35,667.83231428256,-0.0,667.83231428256,26760.0,0.0
13.35,traction,1.0,0.0,0.0,0.0,0.0,0.0,0.0,0.0,-0.0,0.0,0.0,0.0,0.0,0.0,0.0,0.0,0.0,0,0,0.0,0.0,0.0,0.0,0.0,0.0,0.0,0.35,667.83231428256,-0.0,667.83231428256,26760.0,0.0
13.4,traction,1.0,0.0,0.0,0.0,0.0,0.0,0.0,0.0,-0.0,0.0,0.0,0.0,0.0,0.0,0.0,0.0,0.0,0,0,0.0,0.0,0.0,0.0,0.0,0.0,0.0,0.35,667.83231428256,-0.0,667.83231428256,26760.0,0.0
13.45,traction,1.0,0.0,0.0,0.0,0.0,0.0,0.0,0.0,-0.0,0.0,0.0,0.0,0.0,0.0,0.0,0.0,0.0,0,0,0.0,0.0,0.0,0.0,0.0,0.0,0.0,0.35,667.83231428256,-0.0,667.83231428256,26760.0,0.0
13.5,traction,1.0,0.0,0.0,0.0,0.0,0.0,0.0,0.0,-0.0,0.0,0.0,0.0,0.0,0.0,0.0,0.0,0.0,0,0,0.0,0.0,0.0,0.0,0.0,0.0,0.0,0.35,667.83231428256,-0.0,667.83231428256,26760.0,0.0
13.55,traction,1.0,0.0,0.0,0.0,0.0,0.0,0.0,0.0,-0.0,0.0,0.0,0.0,0.0,0.0,0.0,0.0,0.0,0,0,0.0,0.0,0.0,0.0,0.0,0.0,0.0,0.35,667.83231428256,-0.0,667.83231428256,26760.0,0.0
13.6,traction,1.0,0.0,0.0,0.0,0.0,0.0,0.0,0.0,-0.0,0.0,0.0,0.0,0.0,0.0,0.0,0.0,0.0,0,0,0.0,0.0,0.0,0.0,0.0,0.0,0.0,0.35,667.83231428256,-0.0,667.83231428256,26760.0,0.0
13.65,traction,1.0,0.0,0.0,0.0,0.0,0.0,0.0,0.0,-0.0,0.0,0.0,0.0,0.0,0.0,0.0,0.0,0.0,0,0,0.0,0.0,0.0,0.0,0.0,0.0,0.0,0.35,667.83231428256,-0.0,667.83231428256,26760.0,0.0
13.7,traction,1.0,0.0,0.0,0.0,0.0,0.0,0.0,0.0,-0.0,0.0,0.0,0.0,0.0,0.0,0.0,0.0,0.0,0,0,0.0,0.0,0.0,0.0,0.0,0.0,0.0,0.35,667.83231428256,-0.0,667.83231428256,26760.0,0.0
13.75,traction,1.0,0.0,0.0,0.0,0.0,0.0,0.0,0.0,-0.0,0.0,0.0,0.0,0.0,0.0,0.0,0.0,0.0,0,0,0.0,0.0,0.0,0.0,0.0,0.0,0.0,0.35,667.83231428256,-0.0,667.83231428256,26760.0,0.0
13.8,traction,1.0,0.0,0.0,0.0,0.0,0.0,0.0,0.0,-0.0,0.0,0.0,0.0,0.0,0.0,0.0,0.0,0.0,0,0,0.0,0.0,0.0,0.0,0.0,0.0,0.0,0.35,667.83231428256,-0.0,667.83231428256,26760.0,0.0
13.85,traction,1.0,0.0,0.0,0.0,0.0,0.0,0.0,0.0,-0.0,0.0,0.0,0.0,0.0,0.0,0.0,0.0,0.0,0,0,0.0,0.0,0.0,0.0,0.0,0.0,0.0,0.35,667.83231428256,-0.0,667.83231428256,26760.0,0.0
13.9,traction,1.0,0.0,0.0,0.0,0.0,0.0,0.0,0.0,-0.0,0.0,0.0,0.0,0.0,0.0,0.0,0.0,0.0,0,0,0.0,0.0,0.0,0.0,0.0,0.0,0.0,0.35,667.83231428256,-0.0,667.83231428256,26760.0,0.0
13.95,traction,1.0,0.0,0.0,0.0,0.0,0.0,0.0,0.0,-0.0,0.0,0.0,0.0,0.0,0.0,0.0,0.0,0.0,0,0,0.0,0.0,0.0,0.0,0.0,0.0,0.0,0.35,667.83231428256,-0.0,667.83231428256,26760.0,0.0
14.0,traction,1.0,0.0,0.0,0.0,0.0,0.0,0.0,0.0,-0.0,0.0,0.0,0.0,0.0,0.0,0.0,0.0,0.0,0,0,0.0,0.0,0.0,0.0,0.0,0.0,0.0,0.35,667.83231428256,-0.0,667.83231428256,26760.0,0.0
14.05,traction,1.0,0.0,0.0,0.0,0.0,0.0,0.0,0.0,-0.0,0.0,0.0,0.0,0.0,0.0,0.0,0.0,0.0,0,0,0.0,0.0,0.0,0.0,0.0,0.0,0.0,0.35,667.83231428256,-0.0,667.83231428256,26760.0,0.0
14.1,traction,1.0,0.0,0.0,0.0,0.0,0.0,0.0,0.0,-0.0,0.0,0.0,0.0,0.0,0.0,0.0,0.0,0.0,0,0,0.0,0.0,0.0,0.0,0.0,0.0,0.0,0.35,667.83231428256,-0.0,667.83231428256,26760.0,0.0
14.15,traction,1.0,0.0,0.0,0.0,0.0,0.0,0.0,0.0,-0.0,0.0,0.0,0.0,0.0,0.0,0.0,0.0,0.0,0,0,0.0,0.0,0.0,0.0,0.0,0.0,0.0,0.35,667.83231428256,-0.0,667.83231428256,26760.0,0.0
14.2,traction,1.0,0.0,0.0,0.0,0.0,0.0,0.0,0.0,-0.0,0.0,0.0,0.0,0.0,0.0,0.0,0.0,0.0,0,0,0.0,0.0,0.0,0.0,0.0,0.0,0.0,0.35,667.83231428256,-0.0,667.83231428256,26760.0,0.0
14.25,traction,1.0,0.0,0.0,0.0,0.0,0.0,0.0,0.0,-0.0,0.0,0.0,0.0,0.0,0.0,0.0,0.0,0.0,0,0,0.0,0.0,0.0,0.0,0.0,0.0,0.0,0.35,667.83231428256,-0.0,667.83231428256,26760.0,0.0
14.3,traction,1.0,0.0,0.0,0.0,0.0,0.0,0.0,0.0,-0.0,0.0,0.0,0.0,0.0,0.0,0.0,0.0,0.0,0,0,0.0,0.0,0.0,0.0,0.0,0.0,0.0,0.35,667.83231428256,-0.0,667.83231428256,26760.0,0.0
14.35,traction,1.0,0.0,0.0,0.0,0.0,0.0,0.0,0.0,-0.0,0.0,0.0,0.0,0.0,0.0,0.0,0.0,0.0,0,0,0.0,0.0,0.0,0.0,0.0,0.0,0.0,0.35,667.83231428256,-0.0,667.83231428256,26760.0,0.0
14.4,traction,1.0,0.0,0.0,0.0,0.0,0.0,0.0,0.0,-0.0,0.0,0.0,0.0,0.0,0.0,0.0,0.0,0.0,0,0,0.0,0.0,0.0,0.0,0.0,0.0,0.0,0.35,667.83231428256,-0.0,667.83231428256,26760.0,0.0
14.45,traction,1.0,0.0,0.0,0.0,0.0,0.0,0.0,0.0,-0.0,0.0,0.0,0.0,0.0,0.0,0.0,0.0,0.0,0,0,0.0,0.0,0.0,0.0,0.0,0.0,0.0,0.35,667.83231428256,-0.0,667.83231428256,26760.0,0.0
14.5,traction,1.0,0.0,0.0,0.0,0.0,0.0,0.0,0.0,-0.0,0.0,0.0,0.0,0.0,0.0,0.0,0.0,0.0,0,0,0.0,0.0,0.0,0.0,0.0,0.0,0.0,0.35,667.83231428256,-0.0,667.83231428256,26760.0,0.0
14.55,traction,1.0,0.0,0.0,0.0,0.0,0.0,0.0,0.0,-0.0,0.0,0.0,0.0,0.0,0.0,0.0,0.0,0.0,0,0,0.0,0.0,0.0,0.0,0.0,0.0,0.0,0.35,667.83231428256,-0.0,667.83231428256,26760.0,0.0
14.6,traction,1.0,0.0,0.0,0.0,0.0,0.0,0.0,0.0,-0.0,0.0,0.0,0.0,0.0,0.0,0.0,0.0,0.0,0,0,0.0,0.0,0.0,0.0,0.0,0.0,0.0,0.35,667.83231428256,-0.0,667.83231428256,26760.0,0.0
14.65,traction,1.0,0.0,0.0,0.0,0.0,0.0,0.0,0.0,-0.0,0.0,0.0,0.0,0.0,0.0,0.0,0.0,0.0,0,0,0.0,0.0,0.0,0.0,0.0,0.0,0.0,0.35,667.83231428256,-0.0,667.83231428256,26760.0,0.0
14.7,traction,1.0,0.0,0.0,0.0,0.0,0.0,0.0,0.0,-0.0,0.0,0.0,0.0,0.0,0.0,0.0,0.0,0.0,0,0,0.0,0.0,0.0,0.0,0.0,0.0,0.0,0.35,667.83231428256,-0.0,667.83231428256,26760.0,0.0
14.75,traction,1.0,0.0,0.0,0.0,0.0,0.0,0.0,0.0,-0.0,0.0,0.0,0.0,0.0,0.0,0.0,0.0,0.0,0,0,0.0,0.0,0.0,0.0,0.0,0.0,0.0,0.35,667.83231428256,-0.0,667.83231428256,26760.0,0.0
14.8,traction,1.0,0.0,0.0,0.0,0.0,0.0,0.0,0.0,-0.0,0.0,0.0,0.0,0.0,0.0,0.0,0.0,0.0,0,0,0.0,0.0,0.0,0.0,0.0,0.0,0.0,0.35,667.83231428256,-0.0,667.83231428256,26760.0,0.0
14.85,traction,1.0,0.0,0.0,0.0,0.0,0.0,0.0,0.0,-0.0,0.0,0.0,0.0,0.0,0.0,0.0,0.0,0.0,0,0,0.0,0.0,0.0,0.0,0.0,0.0,0.0,0.35,667.83231428256,-0.0,667.83231428256,26760.0,0.0
14.9,traction,1.0,0.0,0.0,0.0,0.0,0.0,0.0,0.0,-0.0,0.0,0.0,0.0,0.0,0.0,0.0,0.0,0.0,0,0,0.0,0.0,0.0,0.0,0.0,0.0,0.0,0.35,667.83231428256,-0.0,667.83231428256,26760.0,0.0
14.95,traction,1.0,0.0,0.0,0.0,0.0,0.0,0.0,0.0,-0.0,0.0,0.0,0.0,0.0,0.0,0.0,0.0,0.0,0,0,0.0,0.0,0.0,0.0,0.0,0.0,0.0,0.35,667.83231428256,-0.0,667.83231428256,26760.0,0.0
15.0,traction,1.0,0.0,0.0,0.0,0.0,0.0,0.0,0.0,-0.0,0.0,0.0,0.0,0.0,0.0,0.0,0.0,0.0,0,0,0.0,0.0,0.0,0.0,0.0,0.0,0.0,0.35,667.83231428256,-0.0,667.83231428256,26760.0,0.0
15.05,traction,1.0,0.0,0.0,0.0,0.0,0.0,0.0,0.0,-0.0,0.0,0.0,0.0,0.0,0.0,0.0,0.0,0.0,0,0,0.0,0.0,0.0,0.0,0.0,0.0,0.0,0.35,667.83231428256,-0.0,667.83231428256,26760.0,0.0
15.1,traction,1.0,0.0,0.0,0.0,0.0,0.0,0.0,0.0,-0.0,0.0,0.0,0.0,0.0,0.0,0.0,0.0,0.0,0,0,0.0,0.0,0.0,0.0,0.0,0.0,0.0,0.35,667.83231428256,-0.0,667.83231428256,26760.0,0.0
15.15,traction,1.0,0.0,0.0,0.0,0.0,0.0,0.0,0.0,-0.0,0.0,0.0,0.0,0.0,0.0,0.0,0.0,0.0,0,0,0.0,0.0,0.0,0.0,0.0,0.0,0.0,0.35,667.83231428256,-0.0,667.83231428256,26760.0,0.0
15.2,traction,1.0,0.0,0.0,0.0,0.0,0.0,0.0,0.0,-0.0,0.0,0.0,0.0,0.0,0.0,0.0,0.0,0.0,0,0,0.0,0.0,0.0,0.0,0.0,0.0,0.0,0.35,667.83231428256,-0.0,667.83231428256,26760.0,0.0
15.25,traction,1.0,0.0,0.0,0.0,0.0,0.0,0.0,0.0,-0.0,0.0,0.0,0.0,0.0,0.0,0.0,0.0,0.0,0,0,0.0,0.0,0.0,0.0,0.0,0.0,0.0,0.35,667.83231428256,-0.0,667.83231428256,26760.0,0.0
15.3,traction,1.0,0.0,0.0,0.0,0.0,0.0,0.0,0.0,-0.0,0.0,0.0,0.0,0.0,0.0,0.0,0.0,0.0,0,0,0.0,0.0,0.0,0.0,0.0,0.0,0.0,0.35,667.83231428256,-0.0,667.83231428256,26760.0,0.0
15.35,traction,1.0,0.0,0.0,0.0,0.0,0.0,0.0,0.0,-0.0,0.0,0.0,0.0,0.0,0.0,0.0,0.0,0.0,0,0,0.0,0.0,0.0,0.0,0.0,0.0,0.0,0.35,667.83231428256,-0.0,667.83231428256,26760.0,0.0
15.4,traction,1.0,0.0,0.0,0.0,0.0,0.0,0.0,0.0,-0.0,0.0,0.0,0.0,0.0,0.0,0.0,0.0,0.0,0,0,0.0,0.0,0.0,0.0,0.0,0.0,0.0,0.35,667.83231428256,-0.0,667.83231428256,26760.0,0.0
15.45,traction,1.0,0.0,0.0,0.0,0.0,0.0,0.0,0.0,-0.0,0.0,0.0,0.0,0.0,0.0,0.0,0.0,0.0,0,0,0.0,0.0,0.0,0.0,0.0,0.0,0.0,0.35,667.83231428256,-0.0,667.83231428256,26760.0,0.0
15.5,traction,1.0,0.0,0.0,0.0,0.0,0.0,0.0,0.0,-0.0,0.0,0.0,0.0,0.0,0.0,0.0,0.0,0.0,0,0,0.0,0.0,0.0,0.0,0.0,0.0,0.0,0.35,667.83231428256,-0.0,667.83231428256,26760.0,0.0
15.55,traction,1.0,0.0,0.0,0.0,0.0,0.0,0.0,0.0,-0.0,0.0,0.0,0.0,0.0,0.0,0.0,0.0,0.0,0,0,0.0,0.0,0.0,0.0,0.0,0.0,0.0,0.35,667.83231428256,-0.0,667.83231428256,26760.0,0.0
15.6,traction,1.0,0.0,0.0,0.0,0.0,0.0,0.0,0.0,-0.0,0.0,0.0,0.0,0.0,0.0,0.0,0.0,0.0,0,0,0.0,0.0,0.0,0.0,0.0,0.0,0.0,0.35,667.83231428256,-0.0,667.83231428256,26760.0,0.0
15.65,traction,1.0,0.0,0.0,0.0,0.0,0.0,0.0,0.0,-0.0,0.0,0.0,0.0,0.0,0.0,0.0,0.0,0.0,0,0,0.0,0.0,0.0,0.0,0.0,0.0,0.0,0.35,667.83231428256,-0.0,667.83231428256,26760.0,0.0
15.7,traction,1.0,0.0,0.0,0.0,0.0,0.0,0.0,0.0,-0.0,0.0,0.0,0.0,0.0,0.0,0.0,0.0,0.0,0,0,0.0,0.0,0.0,0.0,0.0,0.0,0.0,0.35,667.83231428256,-0.0,667.83231428256,26760.0,0.0
15.75,traction,1.0,0.0,0.0,0.0,0.0,0.0,0.0,0.0,-0.0,0.0,0.0,0.0,0.0,0.0,0.0,0.0,0.0,0,0,0.0,0.0,0.0,0.0,0.0,0.0,0.0,0.35,667.83231428256,-0.0,667.83231428256,26760.0,0.0
15.8,traction,1.0,0.0,0.0,0.0,0.0,0.0,0.0,0.0,-0.0,0.0,0.0,0.0,0.0,0.0,0.0,0.0,0.0,0,0,0.0,0.0,0.0,0.0,0.0,0.0,0.0,0.35,667.83231428256,-0.0,667.83231428256,26760.0,0.0
15.85,traction,1.0,0.0,0.0,0.0,0.0,0.0,0.0,0.0,-0.0,0.0,0.0,0.0,0.0,0.0,0.0,0.0,0.0,0,0,0.0,0.0,0.0,0.0,0.0,0.0,0.0,0.35,667.83231428256,-0.0,667.83231428256,26760.0,0.0
15.9,traction,1.0,0.0,0.0,0.0,0.0,0.0,0.0,0.0,-0.0,0.0,0.0,0.0,0.0,0.0,0.0,0.0,0.0,0,0,0.0,0.0,0.0,0.0,0.0,0.0,0.0,0.35,667.83231428256,-0.0,667.83231428256,26760.0,0.0
15.95,traction,1.0,0.0,0.0,0.0,0.0,0.0,0.0,0.0,-0.0,0.0,0.0,0.0,0.0,0.0,0.0,0.0,0.0,0,0,0.0,0.0,0.0,0.0,0.0,0.0,0.0,0.35,667.83231428256,-0.0,667.83231428256,26760.0,0.0
16.0,traction,1.0,0.0,0.0,0.0,0.0,0.0,0.0,0.0,-0.0,0.0,0.0,0.0,0.0,0.0,0.0,0.0,0.0,0,0,0.0,0.0,0.0,0.0,0.0,0.0,0.0,0.35,667.83231428256,-0.0,667.83231428256,26760.0,0.0
16.05,traction,1.0,0.0,0.0,0.0,0.0,0.0,0.0,0.0,-0.0,0.0,0.0,0.0,0.0,0.0,0.0,0.0,0.0,0,0,0.0,0.0,0.0,0.0,0.0,0.0,0.0,0.35,667.83231428256,-0.0,667.83231428256,26760.0,0.0
16.1,traction,1.0,0.0,0.0,0.0,0.0,0.0,0.0,0.0,-0.0,0.0,0.0,0.0,0.0,0.0,0.0,0.0,0.0,0,0,0.0,0.0,0.0,0.0,0.0,0.0,0.0,0.35,667.83231428256,-0.0,667.83231428256,26760.0,0.0
16.15,traction,1.0,0.0,0.0,0.0,0.0,0.0,0.0,0.0,-0.0,0.0,0.0,0.0,0.0,0.0,0.0,0.0,0.0,0,0,0.0,0.0,0.0,0.0,0.0,0.0,0.0,0.35,667.83231428256,-0.0,667.83231428256,26760.0,0.0
16.2,traction,1.0,0.0,0.0,0.0,0.0,0.0,0.0,0.0,-0.0,0.0,0.0,0.0,0.0,0.0,0.0,0.0,0.0,0,0,0.0,0.0,0.0,0.0,0.0,0.0,0.0,0.35,667.83231428256,-0.0,667.83231428256,26760.0,0.0
16.25,traction,1.0,0.0,0.0,0.0,0.0,0.0,0.0,0.0,-0.0,0.0,0.0,0.0,0.0,0.0,0.0,0.0,0.0,0,0,0.0,0.0,0.0,0.0,0.0,0.0,0.0,0.35,667.83231428256,-0.0,667.83231428256,26760.0,0.0
16.3,traction,1.0,0.0,0.0,0.0,0.0,0.0,0.0,0.0,-0.0,0.0,0.0,0.0,0.0,0.0,0.0,0.0,0.0,0,0,0.0,0.0,0.0,0.0,0.0,0.0,0.0,0.35,667.83231428256,-0.0,667.83231428256,26760.0,0.0
16.35,traction,1.0,0.0,0.0,0.0,0.0,0.0,0.0,0.0,-0.0,0.0,0.0,0.0,0.0,0.0,0.0,0.0,0.0,0,0,0.0,0.0,0.0,0.0,0.0,0.0,0.0,0.35,667.83231428256,-0.0,667.83231428256,26760.0,0.0
16.4,traction,1.0,0.0,0.0,0.0,0.0,0.0,0.0,0.0,-0.0,0.0,0.0,0.0,0.0,0.0,0.0,0.0,0.0,0,0,0.0,0.0,0.0,0.0,0.0,0.0,0.0,0.35,667.83231428256,-0.0,667.83231428256,26760.0,0.0
16.45,traction,1.0,0.0,0.0,0.0,0.0,0.0,0.0,0.0,-0.0,0.0,0.0,0.0,0.0,0.0,0.0,0.0,0.0,0,0,0.0,0.0,0.0,0.0,0.0,0.0,0.0,0.35,667.83231428256,-0.0,667.83231428256,26760.0,0.0
16.5,traction,1.0,0.0,0.0,0.0,0.0,0.0,0.0,0.0,-0.0,0.0,0.0,0.0,0.0,0.0,0.0,0.0,0.0,0,0,0.0,0.0,0.0,0.0,0.0,0.0,0.0,0.35,667.83231428256,-0.0,667.83231428256,26760.0,0.0
16.55,traction,1.0,0.0,0.0,0.0,0.0,0.0,0.0,0.0,-0.0,0.0,0.0,0.0,0.0,0.0,0.0,0.0,0.0,0,0,0.0,0.0,0.0,0.0,0.0,0.0,0.0,0.35,667.83231428256,-0.0,667.83231428256,26760.0,0.0
16.6,traction,1.0,0.0,0.0,0.0,0.0,0.0,0.0,0.0,-0.0,0.0,0.0,0.0,0.0,0.0,0.0,0.0,0.0,0,0,0.0,0.0,0.0,0.0,0.0,0.0,0.0,0.35,667.83231428256,-0.0,667.83231428256,26760.0,0.0
16.65,traction,1.0,0.0,0.0,0.0,0.0,0.0,0.0,0.0,-0.0,0.0,0.0,0.0,0.0,0.0,0.0,0.0,0.0,0,0,0.0,0.0,0.0,0.0,0.0,0.0,0.0,0.35,667.83231428256,-0.0,667.83231428256,26760.0,0.0
16.7,traction,1.0,0.0,0.0,0.0,0.0,0.0,0.0,0.0,-0.0,0.0,0.0,0.0,0.0,0.0,0.0,0.0,0.0,0,0,0.0,0.0,0.0,0.0,0.0,0.0,0.0,0.35,667.83231428256,-0.0,667.83231428256,26760.0,0.0
16.75,traction,1.0,0.0,0.0,0.0,0.0,0.0,0.0,0.0,-0.0,0.0,0.0,0.0,0.0,0.0,0.0,0.0,0.0,0,0,0.0,0.0,0.0,0.0,0.0,0.0,0.0,0.35,667.83231428256,-0.0,667.83231428256,26760.0,0.0
16.8,traction,1.0,0.0,0.0,0.0,0.0,0.0,0.0,0.0,-0.0,0.0,0.0,0.0,0.0,0.0,0.0,0.0,0.0,0,0,0.0,0.0,0.0,0.0,0.0,0.0,0.0,0.35,667.83231428256,-0.0,667.83231428256,26760.0,0.0
16.85,traction,1.0,0.0,0.0,0.0,0.0,0.0,0.0,0.0,-0.0,0.0,0.0,0.0,0.0,0.0,0.0,0.0,0.0,0,0,0.0,0.0,0.0,0.0,0.0,0.0,0.0,0.35,667.83231428256,-0.0,667.83231428256,26760.0,0.0
16.9,traction,1.0,0.0,0.0,0.0,0.0,0.0,0.0,0.0,-0.0,0.0,0.0,0.0,0.0,0.0,0.0,0.0,0.0,0,0,0.0,0.0,0.0,0.0,0.0,0.0,0.0,0.35,667.83231428256,-0.0,667.83231428256,26760.0,0.0
16.95,traction,1.0,0.0,0.0,0.0,0.0,0.0,0.0,0.0,-0.0,0.0,0.0,0.0,0.0,0.0,0.0,0.0,0.0,0,0,0.0,0.0,0.0,0.0,0.0,0.0,0.0,0.35,667.83231428256,-0.0,667.83231428256,26760.0,0.0
17.0,traction,1.0,0.0,0.0,0.0,0.0,0.0,0.0,0.0,-0.0,0.0,0.0,0.0,0.0,0.0,0.0,0.0,0.0,0,0,0.0,0.0,0.0,0.0,0.0,0.0,0.0,0.35,667.83231428256,-0.0,667.83231428256,26760.0,0.0
17.05,traction,1.0,0.0,0.0,0.0,0.0,0.0,0.0,0.0,-0.0,0.0,0.0,0.0,0.0,0.0,0.0,0.0,0.0,0,0,0.0,0.0,0.0,0.0,0.0,0.0,0.0,0.35,667.83231428256,-0.0,667.83231428256,26760.0,0.0
17.1,traction,1.0,0.0,0.0,0.0,0.0,0.0,0.0,0.0,-0.0,0.0,0.0,0.0,0.0,0.0,0.0,0.0,0.0,0,0,0.0,0.0,0.0,0.0,0.0,0.0,0.0,0.35,667.83231428256,-0.0,667.83231428256,26760.0,0.0
17.15,traction,1.0,0.0,0.0,0.0,0.0,0.0,0.0,0.0,-0.0,0.0,0.0,0.0,0.0,0.0,0.0,0.0,0.0,0,0,0.0,0.0,0.0,0.0,0.0,0.0,0.0,0.35,667.83231428256,-0.0,667.83231428256,26760.0,0.0
17.2,traction,1.0,0.0,0.0,0.0,0.0,0.0,0.0,0.0,-0.0,0.0,0.0,0.0,0.0,0.0,0.0,0.0,0.0,0,0,0.0,0.0,0.0,0.0,0.0,0.0,0.0,0.35,667.83231428256,-0.0,667.83231428256,26760.0,0.0
17.25,traction,1.0,0.0,0.0,0.0,0.0,0.0,0.0,0.0,-0.0,0.0,0.0,0.0,0.0,0.0,0.0,0.0,0.0,0,0,0.0,0.0,0.0,0.0,0.0,0.0,0.0,0.35,667.83231428256,-0.0,667.83231428256,26760.0,0.0
17.3,traction,1.0,0.0,0.0,0.0,0.0,0.0,0.0,0.0,-0.0,0.0,0.0,0.0,0.0,0.0,0.0,0.0,0.0,0,0,0.0,0.0,0.0,0.0,0.0,0.0,0.0,0.35,667.83231428256,-0.0,667.83231428256,26760.0,0.0
17.35,traction,1.0,0.0,0.0,0.0,0.0,0.0,0.0,0.0,-0.0,0.0,0.0,0.0,0.0,0.0,0.0,0.0,0.0,0,0,0.0,0.0,0.0,0.0,0.0,0.0,0.0,0.35,667.83231428256,-0.0,667.83231428256,26760.0,0.0
17.4,traction,1.0,0.0,0.0,0.0,0.0,0.0,0.0,0.0,-0.0,0.0,0.0,0.0,0.0,0.0,0.0,0.0,0.0,0,0,0.0,0.0,0.0,0.0,0.0,0.0,0.0,0.35,667.83231428256,-0.0,667.83231428256,26760.0,0.0
17.45,traction,1.0,0.0,0.0,0.0,0.0,0.0,0.0,0.0,-0.0,0.0,0.0,0.0,0.0,0.0,0.0,0.0,0.0,0,0,0.0,0.0,0.0,0.0,0.0,0.0,0.0,0.35,667.83231428256,-0.0,667.83231428256,26760.0,0.0
17.5,traction,1.0,0.0,0.0,0.0,0.0,0.0,0.0,0.0,-0.0,0.0,0.0,0.0,0.0,0.0,0.0,0.0,0.0,0,0,0.0,0.0,0.0,0.0,0.0,0.0,0.0,0.35,667.83231428256,-0.0,667.83231428256,26760.0,0.0
17.55,traction,1.0,0.0,0.0,0.0,0.0,0.0,0.0,0.0,-0.0,0.0,0.0,0.0,0.0,0.0,0.0,0.0,0.0,0,0,0.0,0.0,0.0,0.0,0.0,0.0,0.0,0.35,667.83231428256,-0.0,667.83231428256,26760.0,0.0
17.6,traction,1.0,0.0,0.0,0.0,0.0,0.0,0.0,0.0,-0.0,0.0,0.0,0.0,0.0,0.0,0.0,0.0,0.0,0,0,0.0,0.0,0.0,0.0,0.0,0.0,0.0,0.35,667.83231428256,-0.0,667.83231428256,26760.0,0.0
17.65,traction,1.0,0.0,0.0,0.0,0.0,0.0,0.0,0.0,-0.0,0.0,0.0,0.0,0.0,0.0,0.0,0.0,0.0,0,0,0.0,0.0,0.0,0.0,0.0,0.0,0.0,0.35,667.83231428256,-0.0,667.83231428256,26760.0,0.0
17.7,traction,1.0,0.0,0.0,0.0,0.0,0.0,0.0,0.0,-0.0,0.0,0.0,0.0,0.0,0.0,0.0,0.0,0.0,0,0,0.0,0.0,0.0,0.0,0.0,0.0,0.0,0.35,667.83231428256,-0.0,667.83231428256,26760.0,0.0
17.75,traction,1.0,0.0,0.0,0.0,0.0,0.0,0.0,0.0,-0.0,0.0,0.0,0.0,0.0,0.0,0.0,0.0,0.0,0,0,0.0,0.0,0.0,0.0,0.0,0.0,0.0,0.35,667.83231428256,-0.0,667.83231428256,26760.0,0.0
17.8,traction,1.0,0.0,0.0,0.0,0.0,0.0,0.0,0.0,-0.0,0.0,0.0,0.0,0.0,0.0,0.0,0.0,0.0,0,0,0.0,0.0,0.0,0.0,0.0,0.0,0.0,0.35,667.83231428256,-0.0,667.83231428256,26760.0,0.0
17.85,traction,1.0,0.0,0.0,0.0,0.0,0.0,0.0,0.0,-0.0,0.0,0.0,0.0,0.0,0.0,0.0,0.0,0.0,0,0,0.0,0.0,0.0,0.0,0.0,0.0,0.0,0.35,667.83231428256,-0.0,667.83231428256,26760.0,0.0
17.9,traction,1.0,0.0,0.0,0.0,0.0,0.0,0.0,0.0,-0.0,0.0,0.0,0.0,0.0,0.0,0.0,0.0,0.0,0,0,0.0,0.0,0.0,0.0,0.0,0.0,0.0,0.35,667.83231428256,-0.0,667.83231428256,26760.0,0.0
17.95,traction,1.0,0.0,0.0,0.0,0.0,0.0,0.0,0.0,-0.0,0.0,0.0,0.0,0.0,0.0,0.0,0.0,0.0,0,0,0.0,0.0,0.0,0.0,0.0,0.0,0.0,0.35,667.83231428256,-0.0,667.83231428256,26760.0,0.0
18.0,traction,1.0,0.0,0.0,0.0,0.0,0.0,0.0,0.0,-0.0,0.0,0.0,0.0,0.0,0.0,0.0,0.0,0.0,0,0,0.0,0.0,0.0,0.0,0.0,0.0,0.0,0.35,667.83231428256,-0.0,667.83231428256,26760.0,0.0
18.05,traction,1.0,0.0,0.0,0.0,0.0,0.0,0.0,0.0,-0.0,0.0,0.0,0.0,0.0,0.0,0.0,0.0,0.0,0,0,0.0,0.0,0.0,0.0,0.0,0.0,0.0,0.35,667.83231428256,-0.0,667.83231428256,26760.0,0.0
18.1,traction,1.0,0.0,0.0,0.0,0.0,0.0,0.0,0.0,-0.0,0.0,0.0,0.0,0.0,0.0,0.0,0.0,0.0,0,0,0.0,0.0,0.0,0.0,0.0,0.0,0.0,0.35,667.83231428256,-0.0,667.83231428256,26760.0,0.0
18.15,traction,1.0,0.0,0.0,0.0,0.0,0.0,0.0,0.0,-0.0,0.0,0.0,0.0,0.0,0.0,0.0,0.0,0.0,0,0,0.0,0.0,0.0,0.0,0.0,0.0,0.0,0.35,667.83231428256,-0.0,667.83231428256,26760.0,0.0
18.2,traction,1.0,0.0,0.0,0.0,0.0,0.0,0.0,0.0,-0.0,0.0,0.0,0.0,0.0,0.0,0.0,0.0,0.0,0,0,0.0,0.0,0.0,0.0,0.0,0.0,0.0,0.35,667.83231428256,-0.0,667.83231428256,26760.0,0.0
18.25,traction,1.0,0.0,0.0,0.0,0.0,0.0,0.0,0.0,-0.0,0.0,0.0,0.0,0.0,0.0,0.0,0.0,0.0,0,0,0.0,0.0,0.0,0.0,0.0,0.0,0.0,0.35,667.83231428256,-0.0,667.83231428256,26760.0,0.0
18.3,traction,1.0,0.0,0.0,0.0,0.0,0.0,0.0,0.0,-0.0,0.0,0.0,0.0,0.0,0.0,0.0,0.0,0.0,0,0,0.0,0.0,0.0,0.0,0.0,0.0,0.0,0.35,667.83231428256,-0.0,667.83231428256,26760.0,0.0
18.35,traction,1.0,0.0,0.0,0.0,0.0,0.0,0.0,0.0,-0.0,0.0,0.0,0.0,0.0,0.0,0.0,0.0,0.0,0,0,0.0,0.0,0.0,0.0,0.0,0.0,0.0,0.35,667.83231428256,-0.0,667.83231428256,26760.0,0.0
18.4,traction,1.0,0.0,0.0,0.0,0.0,0.0,0.0,0.0,-0.0,0.0,0.0,0.0,0.0,0.0,0.0,0.0,0.0,0,0,0.0,0.0,0.0,0.0,0.0,0.0,0.0,0.35,667.83231428256,-0.0,667.83231428256,26760.0,0.0
18.45,traction,1.0,0.0,0.0,0.0,0.0,0.0,0.0,0.0,-0.0,0.0,0.0,0.0,0.0,0.0,0.0,0.0,0.0,0,0,0.0,0.0,0.0,0.0,0.0,0.0,0.0,0.35,667.83231428256,-0.0,667.83231428256,26760.0,0.0
18.5,traction,1.0,0.0,0.0,0.0,0.0,0.0,0.0,0.0,-0.0,0.0,0.0,0.0,0.0,0.0,0.0,0.0,0.0,0,0,0.0,0.0,0.0,0.0,0.0,0.0,0.0,0.35,667.83231428256,-0.0,667.83231428256,26760.0,0.0
18.55,traction,1.0,0.0,0.0,0.0,0.0,0.0,0.0,0.0,-0.0,0.0,0.0,0.0,0.0,0.0,0.0,0.0,0.0,0,0,0.0,0.0,0.0,0.0,0.0,0.0,0.0,0.35,667.83231428256,-0.0,667.83231428256,26760.0,0.0
18.6,traction,1.0,0.0,0.0,0.0,0.0,0.0,0.0,0.0,-0.0,0.0,0.0,0.0,0.0,0.0,0.0,0.0,0.0,0,0,0.0,0.0,0.0,0.0,0.0,0.0,0.0,0.35,667.83231428256,-0.0,667.83231428256,26760.0,0.0
18.65,traction,1.0,0.0,0.0,0.0,0.0,0.0,0.0,0.0,-0.0,0.0,0.0,0.0,0.0,0.0,0.0,0.0,0.0,0,0,0.0,0.0,0.0,0.0,0.0,0.0,0.0,0.35,667.83231428256,-0.0,667.83231428256,26760.0,0.0
18.7,traction,1.0,0.0,0.0,0.0,0.0,0.0,0.0,0.0,-0.0,0.0,0.0,0.0,0.0,0.0,0.0,0.0,0.0,0,0,0.0,0.0,0.0,0.0,0.0,0.0,0.0,0.35,667.83231428256,-0.0,667.83231428256,26760.0,0.0
18.75,traction,1.0,0.0,0.0,0.0,0.0,0.0,0.0,0.0,-0.0,0.0,0.0,0.0,0.0,0.0,0.0,0.0,0.0,0,0,0.0,0.0,0.0,0.0,0.0,0.0,0.0,0.35,667.83231428256,-0.0,667.83231428256,26760.0,0.0
18.8,traction,1.0,0.0,0.0,0.0,0.0,0.0,0.0,0.0,-0.0,0.0,0.0,0.0,0.0,0.0,0.0,0.0,0.0,0,0,0.0,0.0,0.0,0.0,0.0,0.0,0.0,0.35,667.83231428256,-0.0,667.83231428256,26760.0,0.0
18.85,traction,1.0,0.0,0.0,0.0,0.0,0.0,0.0,0.0,-0.0,0.0,0.0,0.0,0.0,0.0,0.0,0.0,0.0,0,0,0.0,0.0,0.0,0.0,0.0,0.0,0.0,0.35,667.83231428256,-0.0,667.83231428256,26760.0,0.0
18.9,traction,1.0,0.0,0.0,0.0,0.0,0.0,0.0,0.0,-0.0,0.0,0.0,0.0,0.0,0.0,0.0,0.0,0.0,0,0,0.0,0.0,0.0,0.0,0.0,0.0,0.0,0.35,667.83231428256,-0.0,667.83231428256,26760.0,0.0
18.95,traction,1.0,0.0,0.0,0.0,0.0,0.0,0.0,0.0,-0.0,0.0,0.0,0.0,0.0,0.0,0.0,0.0,0.0,0,0,0.0,0.0,0.0,0.0,0.0,0.0,0.0,0.35,667.83231428256,-0.0,667.83231428256,26760.0,0.0
19.0,traction,1.0,0.0,0.0,0.0,0.0,0.0,0.0,0.0,-0.0,0.0,0.0,0.0,0.0,0.0,0.0,0.0,0.0,0,0,0.0,0.0,0.0,0.0,0.0,0.0,0.0,0.35,667.83231428256,-0.0,667.83231428256,26760.0,0.0
19.05,traction,1.0,0.0,0.0,0.0,0.0,0.0,0.0,0.0,-0.0,0.0,0.0,0.0,0.0,0.0,0.0,0.0,0.0,0,0,0.0,0.0,0.0,0.0,0.0,0.0,0.0,0.35,667.83231428256,-0.0,667.83231428256,26760.0,0.0
19.1,traction,1.0,0.0,0.0,0.0,0.0,0.0,0.0,0.0,-0.0,0.0,0.0,0.0,0.0,0.0,0.0,0.0,0.0,0,0,0.0,0.0,0.0,0.0,0.0,0.0,0.0,0.35,667.83231428256,-0.0,667.83231428256,26760.0,0.0
19.15,traction,1.0,0.0,0.0,0.0,0.0,0.0,0.0,0.0,-0.0,0.0,0.0,0.0,0.0,0.0,0.0,0.0,0.0,0,0,0.0,0.0,0.0,0.0,0.0,0.0,0.0,0.35,667.83231428256,-0.0,667.83231428256,26760.0,0.0
19.2,traction,1.0,0.0,0.0,0.0,0.0,0.0,0.0,0.0,-0.0,0.0,0.0,0.0,0.0,0.0,0.0,0.0,0.0,0,0,0.0,0.0,0.0,0.0,0.0,0.0,0.0,0.35,667.83231428256,-0.0,667.83231428256,26760.0,0.0
19.25,traction,1.0,0.0,0.0,0.0,0.0,0.0,0.0,0.0,-0.0,0.0,0.0,0.0,0.0,0.0,0.0,0.0,0.0,0,0,0.0,0.0,0.0,0.0,0.0,0.0,0.0,0.35,667.83231428256,-0.0,667.83231428256,26760.0,0.0
19.3,traction,1.0,0.0,0.0,0.0,0.0,0.0,0.0,0.0,-0.0,0.0,0.0,0.0,0.0,0.0,0.0,0.0,0.0,0,0,0.0,0.0,0.0,0.0,0.0,0.0,0.0,0.35,667.83231428256,-0.0,667.83231428256,26760.0,0.0
19.35,traction,1.0,0.0,0.0,0.0,0.0,0.0,0.0,0.0,-0.0,0.0,0.0,0.0,0.0,0.0,0.0,0.0,0.0,0,0,0.0,0.0,0.0,0.0,0.0,0.0,0.0,0.35,667.83231428256,-0.0,667.83231428256,26760.0,0.0
19.4,traction,1.0,0.0,0.0,0.0,0.0,0.0,0.0,0.0,-0.0,0.0,0.0,0.0,0.0,0.0,0.0,0.0,0.0,0,0,0.0,0.0,0.0,0.0,0.0,0.0,0.0,0.35,667.83231428256,-0.0,667.83231428256,26760.0,0.0
19.45,traction,1.0,0.0,0.0,0.0,0.0,0.0,0.0,0.0,-0.0,0.0,0.0,0.0,0.0,0.0,0.0,0.0,0.0,0,0,0.0,0.0,0.0,0.0,0.0,0.0,0.0,0.35,667.83231428256,-0.0,667.83231428256,26760.0,0.0
19.5,traction,1.0,0.0,0.0,0.0,0.0,0.0,0.0,0.0,-0.0,0.0,0.0,0.0,0.0,0.0,0.0,0.0,0.0,0,0,0.0,0.0,0.0,0.0,0.0,0.0,0.0,0.35,667.83231428256,-0.0,667.83231428256,26760.0,0.0
19.55,traction,1.0,0.0,0.0,0.0,0.0,0.0,0.0,0.0,-0.0,0.0,0.0,0.0,0.0,0.0,0.0,0.0,0.0,0,0,0.0,0.0,0.0,0.0,0.0,0.0,0.0,0.35,667.83231428256,-0.0,667.83231428256,26760.0,0.0
19.6,traction,1.0,0.0,0.0,0.0,0.0,0.0,0.0,0.0,-0.0,0.0,0.0,0.0,0.0,0.0,0.0,0.0,0.0,0,0,0.0,0.0,0.0,0.0,0.0,0.0,0.0,0.35,667.83231428256,-0.0,667.83231428256,26760.0,0.0
19.65,traction,1.0,0.0,0.0,0.0,0.0,0.0,0.0,0.0,-0.0,0.0,0.0,0.0,0.0,0.0,0.0,0.0,0.0,0,0,0.0,0.0,0.0,0.0,0.0,0.0,0.0,0.35,667.83231428256,-0.0,667.83231428256,26760.0,0.0
19.7,traction,1.0,0.0,0.0,0.0,0.0,0.0,0.0,0.0,-0.0,0.0,0.0,0.0,0.0,0.0,0.0,0.0,0.0,0,0,0.0,0.0,0.0,0.0,0.0,0.0,0.0,0.35,667.83231428256,-0.0,667.83231428256,26760.0,0.0
19.75,traction,1.0,0.0,0.0,0.0,0.0,0.0,0.0,0.0,-0.0,0.0,0.0,0.0,0.0,0.0,0.0,0.0,0.0,0,0,0.0,0.0,0.0,0.0,0.0,0.0,0.0,0.35,667.83231428256,-0.0,667.83231428256,26760.0,0.0
19.8,traction,1.0,0.0,0.0,0.0,0.0,0.0,0.0,0.0,-0.0,0.0,0.0,0.0,0.0,0.0,0.0,0.0,0.0,0,0,0.0,0.0,0.0,0.0,0.0,0.0,0.0,0.35,667.83231428256,-0.0,667.83231428256,26760.0,0.0
19.85,traction,1.0,0.0,0.0,0.0,0.0,0.0,0.0,0.0,-0.0,0.0,0.0,0.0,0.0,0.0,0.0,0.0,0.0,0,0,0.0,0.0,0.0,0.0,0.0,0.0,0.0,0.35,667.83231428256,-0.0,667.83231428256,26760.0,0.0
19.9,traction,1.0,0.0,0.0,0.0,0.0,0.0,0.0,0.0,-0.0,0.0,0.0,0.0,0.0,0.0,0.0,0.0,0.0,0,0,0.0,0.0,0.0,0.0,0.0,0.0,0.0,0.35,667.83231428256,-0.0,667.83231428256,26760.0,0.0
19.95,traction,1.0,0.0,0.0,0.0,0.0,0.0,0.0,0.0,-0.0,0.0,0.0,0.0,0.0,0.0,0.0,0.0,0.0,0,0,0.0,0.0,0.0,0.0,0.0,0.0,0.0,0.35,667.83231428256,-0.0,667.83231428256,26760.0,0.0
20.0,coast,0.0,0.0,0.0,0.0,0.0,0.0,0.0,0.0,-0.0,0.0,0.0,0.0,0.0,0.0,0.0,0.0,0.0,0,0,0.0,0.0,0.0,0.0,0.0,0.0,0.0,0.35,667.83231428256,-0.0,667.83231428256,26760.0,0.0
20.05,coast,0.0,0.0,0.0,0.0,0.0,0.0,0.0,0.0,-0.0,0.0,0.0,0.0,0.0,0.0,0.0,0.0,0.0,0,0,0.0,0.0,0.0,0.0,0.0,0.0,0.0,0.35,667.83231428256,-0.0,667.83231428256,26760.0,0.0
20.1,coast,0.0,0.0,0.0,0.0,0.0,0.0,0.0,0.0,-0.0,0.0,0.0,0.0,0.0,0.0,0.0,0.0,0.0,0,0,0.0,0.0,0.0,0.0,0.0,0.0,0.0,0.35,667.83231428256,-0.0,667.83231428256,26760.0,0.0
20.15,coast,0.0,0.0,0.0,0.0,0.0,0.0,0.0,0.0,-0.0,0.0,0.0,0.0,0.0,0.0,0.0,0.0,0.0,0,0,0.0,0.0,0.0,0.0,0.0,0.0,0.0,0.35,667.83231428256,-0.0,667.83231428256,26760.0,0.0
20.2,coast,0.0,0.0,0.0,0.0,0.0,0.0,0.0,0.0,-0.0,0.0,0.0,0.0,0.0,0.0,0.0,0.0,0.0,0,0,0.0,0.0,0.0,0.0,0.0,0.0,0.0,0.35,667.83231428256,-0.0,667.83231428256,26760.0,0.0
20.25,coast,0.0,0.0,0.0,0.0,0.0,0.0,0.0,0.0,-0.0,0.0,0.0,0.0,0.0,0.0,0.0,0.0,0.0,0,0,0.0,0.0,0.0,0.0,0.0,0.0,0.0,0.35,667.83231428256,-0.0,667.83231428256,26760.0,0.0
20.3,coast,0.0,0.0,0.0,0.0,0.0,0.0,0.0,0.0,-0.0,0.0,0.0,0.0,0.0,0.0,0.0,0.0,0.0,0,0,0.0,0.0,0.0,0.0,0.0,0.0,0.0,0.35,667.83231428256,-0.0,667.83231428256,26760.0,0.0
20.35,coast,0.0,0.0,0.0,0.0,0.0,0.0,0.0,0.0,-0.0,0.0,0.0,0.0,0.0,0.0,0.0,0.0,0.0,0,0,0.0,0.0,0.0,0.0,0.0,0.0,0.0,0.35,667.83231428256,-0.0,667.83231428256,26760.0,0.0
20.4,coast,0.0,0.0,0.0,0.0,0.0,0.0,0.0,0.0,-0.0,0.0,0.0,0.0,0.0,0.0,0.0,0.0,0.0,0,0,0.0,0.0,0.0,0.0,0.0,0.0,0.0,0.35,667.83231428256,-0.0,667.83231428256,26760.0,0.0
20.45,coast,0.0,0.0,0.0,0.0,0.0,0.0,0.0,0.0,-0.0,0.0,0.0,0.0,0.0,0.0,0.0,0.0,0.0,0,0,0.0,0.0,0.0,0.0,0.0,0.0,0.0,0.35,667.83231428256,-0.0,667.83231428256,26760.0,0.0
20.5,coast,0.0,0.0,0.0,0.0,0.0,0.0,0.0,0.0,-0.0,0.0,0.0,0.0,0.0,0.0,0.0,0.0,0.0,0,0,0.0,0.0,0.0,0.0,0.0,0.0,0.0,0.35,667.83231428256,-0.0,667.83231428256,26760.0,0.0
20.55,coast,0.0,0.0,0.0,0.0,0.0,0.0,0.0,0.0,-0.0,0.0,0.0,0.0,0.0,0.0,0.0,0.0,0.0,0,0,0.0,0.0,0.0,0.0,0.0,0.0,0.0,0.35,667.83231428256,-0.0,667.83231428256,26760.0,0.0
20.6,coast,0.0,0.0,0.0,0.0,0.0,0.0,0.0,0.0,-0.0,0.0,0.0,0.0,0.0,0.0,0.0,0.0,0.0,0,0,0.0,0.0,0.0,0.0,0.0,0.0,0.0,0.35,667.83231428256,-0.0,667.83231428256,26760.0,0.0
20.65,coast,0.0,0.0,0.0,0.0,0.0,0.0,0.0,0.0,-0.0,0.0,0.0,0.0,0.0,0.0,0.0,0.0,0.0,0,0,0.0,0.0,0.0,0.0,0.0,0.0,0.0,0.35,667.83231428256,-0.0,667.83231428256,26760.0,0.0
20.7,coast,0.0,0.0,0.0,0.0,0.0,0.0,0.0,0.0,-0.0,0.0,0.0,0.0,0.0,0.0,0.0,0.0,0.0,0,0,0.0,0.0,0.0,0.0,0.0,0.0,0.0,0.35,667.83231428256,-0.0,667.83231428256,26760.0,0.0
20.75,coast,0.0,0.0,0.0,0.0,0.0,0.0,0.0,0.0,-0.0,0.0,0.0,0.0,0.0,0.0,0.0,0.0,0.0,0,0,0.0,0.0,0.0,0.0,0.0,0.0,0.0,0.35,667.83231428256,-0.0,667.83231428256,26760.0,0.0
20.8,coast,0.0,0.0,0.0,0.0,0.0,0.0,0.0,0.0,-0.0,0.0,0.0,0.0,0.0,0.0,0.0,0.0,0.0,0,0,0.0,0.0,0.0,0.0,0.0,0.0,0.0,0.35,667.83231428256,-0.0,667.83231428256,26760.0,0.0
20.85,coast,0.0,0.0,0.0,0.0,0.0,0.0,0.0,0.0,-0.0,0.0,0.0,0.0,0.0,0.0,0.0,0.0,0.0,0,0,0.0,0.0,0.0,0.0,0.0,0.0,0.0,0.35,667.83231428256,-0.0,667.83231428256,26760.0,0.0
20.9,coast,0.0,0.0,0.0,0.0,0.0,0.0,0.0,0.0,-0.0,0.0,0.0,0.0,0.0,0.0,0.0,0.0,0.0,0,0,0.0,0.0,0.0,0.0,0.0,0.0,0.0,0.35,667.83231428256,-0.0,667.83231428256,26760.0,0.0
20.95,coast,0.0,0.0,0.0,0.0,0.0,0.0,0.0,0.0,-0.0,0.0,0.0,0.0,0.0,0.0,0.0,0.0,0.0,0,0,0.0,0.0,0.0,0.0,0.0,0.0,0.0,0.35,667.83231428256,-0.0,667.83231428256,26760.0,0.0
21.0,coast,0.0,0.0,0.0,0.0,0.0,0.0,0.0,0.0,-0.0,0.0,0.0,0.0,0.0,0.0,0.0,0.0,0.0,0,0,0.0,0.0,0.0,0.0,0.0,0.0,0.0,0.35,667.83231428256,-0.0,667.83231428256,26760.0,0.0
21.05,coast,0.0,0.0,0.0,0.0,0.0,0.0,0.0,0.0,-0.0,0.0,0.0,0.0,0.0,0.0,0.0,0.0,0.0,0,0,0.0,0.0,0.0,0.0,0.0,0.0,0.0,0.35,667.83231428256,-0.0,667.83231428256,26760.0,0.0
21.1,coast,0.0,0.0,0.0,0.0,0.0,0.0,0.0,0.0,-0.0,0.0,0.0,0.0,0.0,0.0,0.0,0.0,0.0,0,0,0.0,0.0,0.0,0.0,0.0,0.0,0.0,0.35,667.83231428256,-0.0,667.83231428256,26760.0,0.0
21.15,coast,0.0,0.0,0.0,0.0,0.0,0.0,0.0,0.0,-0.0,0.0,0.0,0.0,0.0,0.0,0.0,0.0,0.0,0,0,0.0,0.0,0.0,0.0,0.0,0.0,0.0,0.35,667.83231428256,-0.0,667.83231428256,26760.0,0.0
21.2,coast,0.0,0.0,0.0,0.0,0.0,0.0,0.0,0.0,-0.0,0.0,0.0,0.0,0.0,0.0,0.0,0.0,0.0,0,0,0.0,0.0,0.0,0.0,0.0,0.0,0.0,0.35,667.83231428256,-0.0,667.83231428256,26760.0,0.0
21.25,coast,0.0,0.0,0.0,0.0,0.0,0.0,0.0,0.0,-0.0,0.0,0.0,0.0,0.0,0.0,0.0,0.0,0.0,0,0,0.0,0.0,0.0,0.0,0.0,0.0,0.0,0.35,667.83231428256,-0.0,667.83231428256,26760.0,0.0
21.3,coast,0.0,0.0,0.0,0.0,0.0,0.0,0.0,0.0,-0.0,0.0,0.0,0.0,0.0,0.0,0.0,0.0,0.0,0,0,0.0,0.0,0.0,0.0,0.0,0.0,0.0,0.35,667.83231428256,-0.0,667.83231428256,26760.0,0.0
21.35,coast,0.0,0.0,0.0,0.0,0.0,0.0,0.0,0.0,-0.0,0.0,0.0,0.0,0.0,0.0,0.0,0.0,0.0,0,0,0.0,0.0,0.0,0.0,0.0,0.0,0.0,0.35,667.83231428256,-0.0,667.83231428256,26760.0,0.0
21.4,coast,0.0,0.0,0.0,0.0,0.0,0.0,0.0,0.0,-0.0,0.0,0.0,0.0,0.0,0.0,0.0,0.0,0.0,0,0,0.0,0.0,0.0,0.0,0.0,0.0,0.0,0.35,667.83231428256,-0.0,667.83231428256,26760.0,0.0
21.45,coast,0.0,0.0,0.0,0.0,0.0,0.0,0.0,0.0,-0.0,0.0,0.0,0.0,0.0,0.0,0.0,0.0,0.0,0,0,0.0,0.0,0.0,0.0,0.0,0.0,0.0,0.35,667.83231428256,-0.0,667.83231428256,26760.0,0.0
21.5,coast,0.0,0.0,0.0,0.0,0.0,0.0,0.0,0.0,-0.0,0.0,0.0,0.0,0.0,0.0,0.0,0.0,0.0,0,0,0.0,0.0,0.0,0.0,0.0,0.0,0.0,0.35,667.83231428256,-0.0,667.83231428256,26760.0,0.0
21.55,coast,0.0,0.0,0.0,0.0,0.0,0.0,0.0,0.0,-0.0,0.0,0.0,0.0,0.0,0.0,0.0,0.0,0.0,0,0,0.0,0.0,0.0,0.0,0.0,0.0,0.0,0.35,667.83231428256,-0.0,667.83231428256,26760.0,0.0
21.6,coast,0.0,0.0,0.0,0.0,0.0,0.0,0.0,0.0,-0.0,0.0,0.0,0.0,0.0,0.0,0.0,0.0,0.0,0,0,0.0,0.0,0.0,0.0,0.0,0.0,0.0,0.35,667.83231428256,-0.0,667.83231428256,26760.0,0.0
21.65,coast,0.0,0.0,0.0,0.0,0.0,0.0,0.0,0.0,-0.0,0.0,0.0,0.0,0.0,0.0,0.0,0.0,0.0,0,0,0.0,0.0,0.0,0.0,0.0,0.0,0.0,0.35,667.83231428256,-0.0,667.83231428256,26760.0,0.0
21.7,coast,0.0,0.0,0.0,0.0,0.0,0.0,0.0,0.0,-0.0,0.0,0.0,0.0,0.0,0.0,0.0,0.0,0.0,0,0,0.0,0.0,0.0,0.0,0.0,0.0,0.0,0.35,667.83231428256,-0.0,667.83231428256,26760.0,0.0
21.75,coast,0.0,0.0,0.0,0.0,0.0,0.0,0.0,0.0,-0.0,0.0,0.0,0.0,0.0,0.0,0.0,0.0,0.0,0,0,0.0,0.0,0.0,0.0,0.0,0.0,0.0,0.35,667.83231428256,-0.0,667.83231428256,26760.0,0.0
21.8,coast,0.0,0.0,0.0,0.0,0.0,0.0,0.0,0.0,-0.0,0.0,0.0,0.0,0.0,0.0,0.0,0.0,0.0,0,0,0.0,0.0,0.0,0.0,0.0,0.0,0.0,0.35,667.83231428256,-0.0,667.83231428256,26760.0,0.0
21.85,coast,0.0,0.0,0.0,0.0,0.0,0.0,0.0,0.0,-0.0,0.0,0.0,0.0,0.0,0.0,0.0,0.0,0.0,0,0,0.0,0.0,0.0,0.0,0.0,0.0,0.0,0.35,667.83231428256,-0.0,667.83231428256,26760.0,0.0
21.9,coast,0.0,0.0,0.0,0.0,0.0,0.0,0.0,0.0,-0.0,0.0,0.0,0.0,0.0,0.0,0.0,0.0,0.0,0,0,0.0,0.0,0.0,0.0,0.0,0.0,0.0,0.35,667.83231428256,-0.0,667.83231428256,26760.0,0.0
21.95,coast,0.0,0.0,0.0,0.0,0.0,0.0,0.0,0.0,-0.0,0.0,0.0,0.0,0.0,0.0,0.0,0.0,0.0,0,0,0.0,0.0,0.0,0.0,0.0,0.0,0.0,0.35,667.83231428256,-0.0,667.83231428256,26760.0,0.0
22.0,coast,0.0,0.0,0.0,0.0,0.0,0.0,0.0,0.0,-0.0,0.0,0.0,0.0,0.0,0.0,0.0,0.0,0.0,0,0,0.0,0.0,0.0,0.0,0.0,0.0,0.0,0.35,667.83231428256,-0.0,667.83231428256,26760.0,0.0
22.05,coast,0.0,0.0,0.0,0.0,0.0,0.0,0.0,0.0,-0.0,0.0,0.0,0.0,0.0,0.0,0.0,0.0,0.0,0,0,0.0,0.0,0.0,0.0,0.0,0.0,0.0,0.35,667.83231428256,-0.0,667.83231428256,26760.0,0.0
22.1,coast,0.0,0.0,0.0,0.0,0.0,0.0,0.0,0.0,-0.0,0.0,0.0,0.0,0.0,0.0,0.0,0.0,0.0,0,0,0.0,0.0,0.0,0.0,0.0,0.0,0.0,0.35,667.83231428256,-0.0,667.83231428256,26760.0,0.0
22.15,coast,0.0,0.0,0.0,0.0,0.0,0.0,0.0,0.0,-0.0,0.0,0.0,0.0,0.0,0.0,0.0,0.0,0.0,0,0,0.0,0.0,0.0,0.0,0.0,0.0,0.0,0.35,667.83231428256,-0.0,667.83231428256,26760.0,0.0
22.2,coast,0.0,0.0,0.0,0.0,0.0,0.0,0.0,0.0,-0.0,0.0,0.0,0.0,0.0,0.0,0.0,0.0,0.0,0,0,0.0,0.0,0.0,0.0,0.0,0.0,0.0,0.35,667.83231428256,-0.0,667.83231428256,26760.0,0.0
22.25,coast,0.0,0.0,0.0,0.0,0.0,0.0,0.0,0.0,-0.0,0.0,0.0,0.0,0.0,0.0,0.0,0.0,0.0,0,0,0.0,0.0,0.0,0.0,0.0,0.0,0.0,0.35,667.83231428256,-0.0,667.83231428256,26760.0,0.0
22.3,coast,0.0,0.0,0.0,0.0,0.0,0.0,0.0,0.0,-0.0,0.0,0.0,0.0,0.0,0.0,0.0,0.0,0.0,0,0,0.0,0.0,0.0,0.0,0.0,0.0,0.0,0.35,667.83231428256,-0.0,667.83231428256,26760.0,0.0
22.35,coast,0.0,0.0,0.0,0.0,0.0,0.0,0.0,0.0,-0.0,0.0,0.0,0.0,0.0,0.0,0.0,0.0,0.0,0,0,0.0,0.0,0.0,0.0,0.0,0.0,0.0,0.35,667.83231428256,-0.0,667.83231428256,26760.0,0.0
22.4,coast,0.0,0.0,0.0,0.0,0.0,0.0,0.0,0.0,-0.0,0.0,0.0,0.0,0.0,0.0,0.0,0.0,0.0,0,0,0.0,0.0,0.0,0.0,0.0,0.0,0.0,0.35,667.83231428256,-0.0,667.83231428256,26760.0,0.0
22.45,coast,0.0,0.0,0.0,0.0,0.0,0.0,0.0,0.0,-0.0,0.0,0.0,0.0,0.0,0.0,0.0,0.0,0.0,0,0,0.0,0.0,0.0,0.0,0.0,0.0,0.0,0.35,667.83231428256,-0.0,667.83231428256,26760.0,0.0
22.5,coast,0.0,0.0,0.0,0.0,0.0,0.0,0.0,0.0,-0.0,0.0,0.0,0.0,0.0,0.0,0.0,0.0,0.0,0,0,0.0,0.0,0.0,0.0,0.0,0.0,0.0,0.35,667.83231428256,-0.0,667.83231428256,26760.0,0.0
22.55,coast,0.0,0.0,0.0,0.0,0.0,0.0,0.0,0.0,-0.0,0.0,0.0,0.0,0.0,0.0,0.0,0.0,0.0,0,0,0.0,0.0,0.0,0.0,0.0,0.0,0.0,0.35,667.83231428256,-0.0,667.83231428256,26760.0,0.0
22.6,coast,0.0,0.0,0.0,0.0,0.0,0.0,0.0,0.0,-0.0,0.0,0.0,0.0,0.0,0.0,0.0,0.0,0.0,0,0,0.0,0.0,0.0,0.0,0.0,0.0,0.0,0.35,667.83231428256,-0.0,667.83231428256,26760.0,0.0
22.65,coast,0.0,0.0,0.0,0.0,0.0,0.0,0.0,0.0,-0.0,0.0,0.0,0.0,0.0,0.0,0.0,0.0,0.0,0,0,0.0,0.0,0.0,0.0,0.0,0.0,0.0,0.35,667.83231428256,-0.0,667.83231428256,26760.0,0.0
22.7,coast,0.0,0.0,0.0,0.0,0.0,0.0,0.0,0.0,-0.0,0.0,0.0,0.0,0.0,0.0,0.0,0.0,0.0,0,0,0.0,0.0,0.0,0.0,0.0,0.0,0.0,0.35,667.83231428256,-0.0,667.83231428256,26760.0,0.0
22.75,coast,0.0,0.0,0.0,0.0,0.0,0.0,0.0,0.0,-0.0,0.0,0.0,0.0,0.0,0.0,0.0,0.0,0.0,0,0,0.0,0.0,0.0,0.0,0.0,0.0,0.0,0.35,667.83231428256,-0.0,667.83231428256,26760.0,0.0
22.8,coast,0.0,0.0,0.0,0.0,0.0,0.0,0.0,0.0,-0.0,0.0,0.0,0.0,0.0,0.0,0.0,0.0,0.0,0,0,0.0,0.0,0.0,0.0,0.0,0.0,0.0,0.35,667.83231428256,-0.0,667.83231428256,26760.0,0.0
22.85,coast,0.0,0.0,0.0,0.0,0.0,0.0,0.0,0.0,-0.0,0.0,0.0,0.0,0.0,0.0,0.0,0.0,0.0,0,0,0.0,0.0,0.0,0.0,0.0,0.0,0.0,0.35,667.83231428256,-0.0,667.83231428256,26760.0,0.0
22.9,coast,0.0,0.0,0.0,0.0,0.0,0.0,0.0,0.0,-0.0,0.0,0.0,0.0,0.0,0.0,0.0,0.0,0.0,0,0,0.0,0.0,0.0,0.0,0.0,0.0,0.0,0.35,667.83231428256,-0.0,667.83231428256,26760.0,0.0
22.95,coast,0.0,0.0,0.0,0.0,0.0,0.0,0.0,0.0,-0.0,0.0,0.0,0.0,0.0,0.0,0.0,0.0,0.0,0,0,0.0,0.0,0.0,0.0,0.0,0.0,0.0,0.35,667.83231428256,-0.0,667.83231428256,26760.0,0.0
23.0,coast,0.0,0.0,0.0,0.0,0.0,0.0,0.0,0.0,-0.0,0.0,0.0,0.0,0.0,0.0,0.0,0.0,0.0,0,0,0.0,0.0,0.0,0.0,0.0,0.0,0.0,0.35,667.83231428256,-0.0,667.83231428256,26760.0,0.0
23.05,coast,0.0,0.0,0.0,0.0,0.0,0.0,0.0,0.0,-0.0,0.0,0.0,0.0,0.0,0.0,0.0,0.0,0.0,0,0,0.0,0.0,0.0,0.0,0.0,0.0,0.0,0.35,667.83231428256,-0.0,667.83231428256,26760.0,0.0
23.1,coast,0.0,0.0,0.0,0.0,0.0,0.0,0.0,0.0,-0.0,0.0,0.0,0.0,0.0,0.0,0.0,0.0,0.0,0,0,0.0,0.0,0.0,0.0,0.0,0.0,0.0,0.35,667.83231428256,-0.0,667.83231428256,26760.0,0.0
23.15,coast,0.0,0.0,0.0,0.0,0.0,0.0,0.0,0.0,-0.0,0.0,0.0,0.0,0.0,0.0,0.0,0.0,0.0,0,0,0.0,0.0,0.0,0.0,0.0,0.0,0.0,0.35,667.83231428256,-0.0,667.83231428256,26760.0,0.0
23.2,coast,0.0,0.0,0.0,0.0,0.0,0.0,0.0,0.0,-0.0,0.0,0.0,0.0,0.0,0.0,0.0,0.0,0.0,0,0,0.0,0.0,0.0,0.0,0.0,0.0,0.0,0.35,667.83231428256,-0.0,667.83231428256,26760.0,0.0
23.25,coast,0.0,0.0,0.0,0.0,0.0,0.0,0.0,0.0,-0.0,0.0,0.0,0.0,0.0,0.0,0.0,0.0,0.0,0,0,0.0,0.0,0.0,0.0,0.0,0.0,0.0,0.35,667.83231428256,-0.0,667.83231428256,26760.0,0.0
23.3,coast,0.0,0.0,0.0,0.0,0.0,0.0,0.0,0.0,-0.0,0.0,0.0,0.0,0.0,0.0,0.0,0.0,0.0,0,0,0.0,0.0,0.0,0.0,0.0,0.0,0.0,0.35,667.83231428256,-0.0,667.83231428256,26760.0,0.0
23.35,coast,0.0,0.0,0.0,0.0,0.0,0.0,0.0,0.0,-0.0,0.0,0.0,0.0,0.0,0.0,0.0,0.0,0.0,0,0,0.0,0.0,0.0,0.0,0.0,0.0,0.0,0.35,667.83231428256,-0.0,667.83231428256,26760.0,0.0
23.4,coast,0.0,0.0,0.0,0.0,0.0,0.0,0.0,0.0,-0.0,0.0,0.0,0.0,0.0,0.0,0.0,0.0,0.0,0,0,0.0,0.0,0.0,0.0,0.0,0.0,0.0,0.35,667.83231428256,-0.0,667.83231428256,26760.0,0.0
23.45,coast,0.0,0.0,0.0,0.0,0.0,0.0,0.0,0.0,-0.0,0.0,0.0,0.0,0.0,0.0,0.0,0.0,0.0,0,0,0.0,0.0,0.0,0.0,0.0,0.0,0.0,0.35,667.83231428256,-0.0,667.83231428256,26760.0,0.0
23.5,coast,0.0,0.0,0.0,0.0,0.0,0.0,0.0,0.0,-0.0,0.0,0.0,0.0,0.0,0.0,0.0,0.0,0.0,0,0,0.0,0.0,0.0,0.0,0.0,0.0,0.0,0.35,667.83231428256,-0.0,667.83231428256,26760.0,0.0
23.55,coast,0.0,0.0,0.0,0.0,0.0,0.0,0.0,0.0,-0.0,0.0,0.0,0.0,0.0,0.0,0.0,0.0,0.0,0,0,0.0,0.0,0.0,0.0,0.0,0.0,0.0,0.35,667.83231428256,-0.0,667.83231428256,26760.0,0.0
23.6,coast,0.0,0.0,0.0,0.0,0.0,0.0,0.0,0.0,-0.0,0.0,0.0,0.0,0.0,0.0,0.0,0.0,0.0,0,0,0.0,0.0,0.0,0.0,0.0,0.0,0.0,0.35,667.83231428256,-0.0,667.83231428256,26760.0,0.0
23.65,coast,0.0,0.0,0.0,0.0,0.0,0.0,0.0,0.0,-0.0,0.0,0.0,0.0,0.0,0.0,0.0,0.0,0.0,0,0,0.0,0.0,0.0,0.0,0.0,0.0,0.0,0.35,667.83231428256,-0.0,667.83231428256,26760.0,0.0
23.7,coast,0.0,0.0,0.0,0.0,0.0,0.0,0.0,0.0,-0.0,0.0,0.0,0.0,0.0,0.0,0.0,0.0,0.0,0,0,0.0,0.0,0.0,0.0,0.0,0.0,0.0,0.35,667.83231428256,-0.0,667.83231428256,26760.0,0.0
23.75,coast,0.0,0.0,0.0,0.0,0.0,0.0,0.0,0.0,-0.0,0.0,0.0,0.0,0.0,0.0,0.0,0.0,0.0,0,0,0.0,0.0,0.0,0.0,0.0,0.0,0.0,0.35,667.83231428256,-0.0,667.83231428256,26760.0,0.0
23.8,coast,0.0,0.0,0.0,0.0,0.0,0.0,0.0,0.0,-0.0,0.0,0.0,0.0,0.0,0.0,0.0,0.0,0.0,0,0,0.0,0.0,0.0,0.0,0.0,0.0,0.0,0.35,667.83231428256,-0.0,667.83231428256,26760.0,0.0
23.85,coast,0.0,0.0,0.0,0.0,0.0,0.0,0.0,0.0,-0.0,0.0,0.0,0.0,0.0,0.0,0.0,0.0,0.0,0,0,0.0,0.0,0.0,0.0,0.0,0.0,0.0,0.35,667.83231428256,-0.0,667.83231428256,26760.0,0.0
23.9,coast,0.0,0.0,0.0,0.0,0.0,0.0,0.0,0.0,-0.0,0.0,0.0,0.0,0.0,0.0,0.0,0.0,0.0,0,0,0.0,0.0,0.0,0.0,0.0,0.0,0.0,0.35,667.83231428256,-0.0,667.83231428256,26760.0,0.0
23.95,coast,0.0,0.0,0.0,0.0,0.0,0.0,0.0,0.0,-0.0,0.0,0.0,0.0,0.0,0.0,0.0,0.0,0.0,0,0,0.0,0.0,0.0,0.0,0.0,0.0,0.0,0.35,667.83231428256,-0.0,667.83231428256,26760.0,0.0
24.0,coast,0.0,0.0,0.0,0.0,0.0,0.0,0.0,0.0,-0.0,0.0,0.0,0.0,0.0,0.0,0.0,0.0,0.0,0,0,0.0,0.0,0.0,0.0,0.0,0.0,0.0,0.35,667.83231428256,-0.0,667.83231428256,26760.0,0.0
24.05,coast,0.0,0.0,0.0,0.0,0.0,0.0,0.0,0.0,-0.0,0.0,0.0,0.0,0.0,0.0,0.0,0.0,0.0,0,0,0.0,0.0,0.0,0.0,0.0,0.0,0.0,0.35,667.83231428256,-0.0,667.83231428256,26760.0,0.0
24.1,coast,0.0,0.0,0.0,0.0,0.0,0.0,0.0,0.0,-0.0,0.0,0.0,0.0,0.0,0.0,0.0,0.0,0.0,0,0,0.0,0.0,0.0,0.0,0.0,0.0,0.0,0.35,667.83231428256,-0.0,667.83231428256,26760.0,0.0
24.15,coast,0.0,0.0,0.0,0.0,0.0,0.0,0.0,0.0,-0.0,0.0,0.0,0.0,0.0,0.0,0.0,0.0,0.0,0,0,0.0,0.0,0.0,0.0,0.0,0.0,0.0,0.35,667.83231428256,-0.0,667.83231428256,26760.0,0.0
24.2,coast,0.0,0.0,0.0,0.0,0.0,0.0,0.0,0.0,-0.0,0.0,0.0,0.0,0.0,0.0,0.0,0.0,0.0,0,0,0.0,0.0,0.0,0.0,0.0,0.0,0.0,0.35,667.83231428256,-0.0,667.83231428256,26760.0,0.0
24.25,coast,0.0,0.0,0.0,0.0,0.0,0.0,0.0,0.0,-0.0,0.0,0.0,0.0,0.0,0.0,0.0,0.0,0.0,0,0,0.0,0.0,0.0,0.0,0.0,0.0,0.0,0.35,667.83231428256,-0.0,667.83231428256,26760.0,0.0
24.3,coast,0.0,0.0,0.0,0.0,0.0,0.0,0.0,0.0,-0.0,0.0,0.0,0.0,0.0,0.0,0.0,0.0,0.0,0,0,0.0,0.0,0.0,0.0,0.0,0.0,0.0,0.35,667.83231428256,-0.0,667.83231428256,26760.0,0.0
24.35,coast,0.0,0.0,0.0,0.0,0.0,0.0,0.0,0.0,-0.0,0.0,0.0,0.0,0.0,0.0,0.0,0.0,0.0,0,0,0.0,0.0,0.0,0.0,0.0,0.0,0.0,0.35,667.83231428256,-0.0,667.83231428256,26760.0,0.0
24.4,coast,0.0,0.0,0.0,0.0,0.0,0.0,0.0,0.0,-0.0,0.0,0.0,0.0,0.0,0.0,0.0,0.0,0.0,0,0,0.0,0.0,0.0,0.0,0.0,0.0,0.0,0.35,667.83231428256,-0.0,667.83231428256,26760.0,0.0
24.45,coast,0.0,0.0,0.0,0.0,0.0,0.0,0.0,0.0,-0.0,0.0,0.0,0.0,0.0,0.0,0.0,0.0,0.0,0,0,0.0,0.0,0.0,0.0,0.0,0.0,0.0,0.35,667.83231428256,-0.0,667.83231428256,26760.0,0.0
24.5,coast,0.0,0.0,0.0,0.0,0.0,0.0,0.0,0.0,-0.0,0.0,0.0,0.0,0.0,0.0,0.0,0.0,0.0,0,0,0.0,0.0,0.0,0.0,0.0,0.0,0.0,0.35,667.83231428256,-0.0,667.83231428256,26760.0,0.0
24.55,coast,0.0,0.0,0.0,0.0,0.0,0.0,0.0,0.0,-0.0,0.0,0.0,0.0,0.0,0.0,0.0,0.0,0.0,0,0,0.0,0.0,0.0,0.0,0.0,0.0,0.0,0.35,667.83231428256,-0.0,667.83231428256,26760.0,0.0
24.6,coast,0.0,0.0,0.0,0.0,0.0,0.0,0.0,0.0,-0.0,0.0,0.0,0.0,0.0,0.0,0.0,0.0,0.0,0,0,0.0,0.0,0.0,0.0,0.0,0.0,0.0,0.35,667.83231428256,-0.0,667.83231428256,26760.0,0.0
24.65,coast,0.0,0.0,0.0,0.0,0.0,0.0,0.0,0.0,-0.0,0.0,0.0,0.0,0.0,0.0,0.0,0.0,0.0,0,0,0.0,0.0,0.0,0.0,0.0,0.0,0.0,0.35,667.83231428256,-0.0,667.83231428256,26760.0,0.0
24.7,coast,0.0,0.0,0.0,0.0,0.0,0.0,0.0,0.0,-0.0,0.0,0.0,0.0,0.0,0.0,0.0,0.0,0.0,0,0,0.0,0.0,0.0,0.0,0.0,0.0,0.0,0.35,667.83231428256,-0.0,667.83231428256,26760.0,0.0
24.75,coast,0.0,0.0,0.0,0.0,0.0,0.0,0.0,0.0,-0.0,0.0,0.0,0.0,0.0,0.0,0.0,0.0,0.0,0,0,0.0,0.0,0.0,0.0,0.0,0.0,0.0,0.35,667.83231428256,-0.0,667.83231428256,26760.0,0.0
24.8,coast,0.0,0.0,0.0,0.0,0.0,0.0,0.0,0.0,-0.0,0.0,0.0,0.0,0.0,0.0,0.0,0.0,0.0,0,0,0.0,0.0,0.0,0.0,0.0,0.0,0.0,0.35,667.83231428256,-0.0,667.83231428256,26760.0,0.0
24.85,coast,0.0,0.0,0.0,0.0,0.0,0.0,0.0,0.0,-0.0,0.0,0.0,0.0,0.0,0.0,0.0,0.0,0.0,0,0,0.0,0.0,0.0,0.0,0.0,0.0,0.0,0.35,667.83231428256,-0.0,667.83231428256,26760.0,0.0
24.9,coast,0.0,0.0,0.0,0.0,0.0,0.0,0.0,0.0,-0.0,0.0,0.0,0.0,0.0,0.0,0.0,0.0,0.0,0,0,0.0,0.0,0.0,0.0,0.0,0.0,0.0,0.35,667.83231428256,-0.0,667.83231428256,26760.0,0.0
24.95,coast,0.0,0.0,0.0,0.0,0.0,0.0,0.0,0.0,-0.0,0.0,0.0,0.0,0.0,0.0,0.0,0.0,0.0,0,0,0.0,0.0,0.0,0.0,0.0,0.0,0.0,0.35,667.83231428256,-0.0,667.83231428256,26760.0,0.0
25.0,coast,0.0,0.0,0.0,0.0,0.0,0.0,0.0,0.0,-0.0,0.0,0.0,0.0,0.0,0.0,0.0,0.0,0.0,0,0,0.0,0.0,0.0,0.0,0.0,0.0,0.0,0.35,667.83231428256,-0.0,667.83231428256,26760.0,0.0
25.05,coast,0.0,0.0,0.0,0.0,0.0,0.0,0.0,0.0,-0.0,0.0,0.0,0.0,0.0,0.0,0.0,0.0,0.0,0,0,0.0,0.0,0.0,0.0,0.0,0.0,0.0,0.35,667.83231428256,-0.0,667.83231428256,26760.0,0.0
25.1,coast,0.0,0.0,0.0,0.0,0.0,0.0,0.0,0.0,-0.0,0.0,0.0,0.0,0.0,0.0,0.0,0.0,0.0,0,0,0.0,0.0,0.0,0.0,0.0,0.0,0.0,0.35,667.83231428256,-0.0,667.83231428256,26760.0,0.0
25.15,coast,0.0,0.0,0.0,0.0,0.0,0.0,0.0,0.0,-0.0,0.0,0.0,0.0,0.0,0.0,0.0,0.0,0.0,0,0,0.0,0.0,0.0,0.0,0.0,0.0,0.0,0.35,667.83231428256,-0.0,667.83231428256,26760.0,0.0
25.2,coast,0.0,0.0,0.0,0.0,0.0,0.0,0.0,0.0,-0.0,0.0,0.0,0.0,0.0,0.0,0.0,0.0,0.0,0,0,0.0,0.0,0.0,0.0,0.0,0.0,0.0,0.35,667.83231428256,-0.0,667.83231428256,26760.0,0.0
25.25,coast,0.0,0.0,0.0,0.0,0.0,0.0,0.0,0.0,-0.0,0.0,0.0,0.0,0.0,0.0,0.0,0.0,0.0,0,0,0.0,0.0,0.0,0.0,0.0,0.0,0.0,0.35,667.83231428256,-0.0,667.83231428256,26760.0,0.0
25.3,coast,0.0,0.0,0.0,0.0,0.0,0.0,0.0,0.0,-0.0,0.0,0.0,0.0,0.0,0.0,0.0,0.0,0.0,0,0,0.0,0.0,0.0,0.0,0.0,0.0,0.0,0.35,667.83231428256,-0.0,667.83231428256,26760.0,0.0
25.35,coast,0.0,0.0,0.0,0.0,0.0,0.0,0.0,0.0,-0.0,0.0,0.0,0.0,0.0,0.0,0.0,0.0,0.0,0,0,0.0,0.0,0.0,0.0,0.0,0.0,0.0,0.35,667.83231428256,-0.0,667.83231428256,26760.0,0.0
25.4,coast,0.0,0.0,0.0,0.0,0.0,0.0,0.0,0.0,-0.0,0.0,0.0,0.0,0.0,0.0,0.0,0.0,0.0,0,0,0.0,0.0,0.0,0.0,0.0,0.0,0.0,0.35,667.83231428256,-0.0,667.83231428256,26760.0,0.0
25.45,coast,0.0,0.0,0.0,0.0,0.0,0.0,0.0,0.0,-0.0,0.0,0.0,0.0,0.0,0.0,0.0,0.0,0.0,0,0,0.0,0.0,0.0,0.0,0.0,0.0,0.0,0.35,667.83231428256,-0.0,667.83231428256,26760.0,0.0
25.5,coast,0.0,0.0,0.0,0.0,0.0,0.0,0.0,0.0,-0.0,0.0,0.0,0.0,0.0,0.0,0.0,0.0,0.0,0,0,0.0,0.0,0.0,0.0,0.0,0.0,0.0,0.35,667.83231428256,-0.0,667.83231428256,26760.0,0.0
25.55,coast,0.0,0.0,0.0,0.0,0.0,0.0,0.0,0.0,-0.0,0.0,0.0,0.0,0.0,0.0,0.0,0.0,0.0,0,0,0.0,0.0,0.0,0.0,0.0,0.0,0.0,0.35,667.83231428256,-0.0,667.83231428256,26760.0,0.0
25.6,coast,0.0,0.0,0.0,0.0,0.0,0.0,0.0,0.0,-0.0,0.0,0.0,0.0,0.0,0.0,0.0,0.0,0.0,0,0,0.0,0.0,0.0,0.0,0.0,0.0,0.0,0.35,667.83231428256,-0.0,667.83231428256,26760.0,0.0
25.65,coast,0.0,0.0,0.0,0.0,0.0,0.0,0.0,0.0,-0.0,0.0,0.0,0.0,0.0,0.0,0.0,0.0,0.0,0,0,0.0,0.0,0.0,0.0,0.0,0.0,0.0,0.35,667.83231428256,-0.0,667.83231428256,26760.0,0.0
25.7,coast,0.0,0.0,0.0,0.0,0.0,0.0,0.0,0.0,-0.0,0.0,0.0,0.0,0.0,0.0,0.0,0.0,0.0,0,0,0.0,0.0,0.0,0.0,0.0,0.0,0.0,0.35,667.83231428256,-0.0,667.83231428256,26760.0,0.0
25.75,coast,0.0,0.0,0.0,0.0,0.0,0.0,0.0,0.0,-0.0,0.0,0.0,0.0,0.0,0.0,0.0,0.0,0.0,0,0,0.0,0.0,0.0,0.0,0.0,0.0,0.0,0.35,667.83231428256,-0.0,667.83231428256,26760.0,0.0
25.8,coast,0.0,0.0,0.0,0.0,0.0,0.0,0.0,0.0,-0.0,0.0,0.0,0.0,0.0,0.0,0.0,0.0,0.0,0,0,0.0,0.0,0.0,0.0,0.0,0.0,0.0,0.35,667.83231428256,-0.0,667.83231428256,26760.0,0.0
25.85,coast,0.0,0.0,0.0,0.0,0.0,0.0,0.0,0.0,-0.0,0.0,0.0,0.0,0.0,0.0,0.0,0.0,0.0,0,0,0.0,0.0,0.0,0.0,0.0,0.0,0.0,0.35,667.83231428256,-0.0,667.83231428256,26760.0,0.0
25.9,coast,0.0,0.0,0.0,0.0,0.0,0.0,0.0,0.0,-0.0,0.0,0.0,0.0,0.0,0.0,0.0,0.0,0.0,0,0,0.0,0.0,0.0,0.0,0.0,0.0,0.0,0.35,667.83231428256,-0.0,667.83231428256,26760.0,0.0
25.95,coast,0.0,0.0,0.0,0.0,0.0,0.0,0.0,0.0,-0.0,0.0,0.0,0.0,0.0,0.0,0.0,0.0,0.0,0,0,0.0,0.0,0.0,0.0,0.0,0.0,0.0,0.35,667.83231428256,-0.0,667.83231428256,26760.0,0.0
26.0,coast,0.0,0.0,0.0,0.0,0.0,0.0,0.0,0.0,-0.0,0.0,0.0,0.0,0.0,0.0,0.0,0.0,0.0,0,0,0.0,0.0,0.0,0.0,0.0,0.0,0.0,0.35,667.83231428256,-0.0,667.83231428256,26760.0,0.0
26.05,coast,0.0,0.0,0.0,0.0,0.0,0.0,0.0,0.0,-0.0,0.0,0.0,0.0,0.0,0.0,0.0,0.0,0.0,0,0,0.0,0.0,0.0,0.0,0.0,0.0,0.0,0.35,667.83231428256,-0.0,667.83231428256,26760.0,0.0
26.1,coast,0.0,0.0,0.0,0.0,0.0,0.0,0.0,0.0,-0.0,0.0,0.0,0.0,0.0,0.0,0.0,0.0,0.0,0,0,0.0,0.0,0.0,0.0,0.0,0.0,0.0,0.35,667.83231428256,-0.0,667.83231428256,26760.0,0.0
26.15,coast,0.0,0.0,0.0,0.0,0.0,0.0,0.0,0.0,-0.0,0.0,0.0,0.0,0.0,0.0,0.0,0.0,0.0,0,0,0.0,0.0,0.0,0.0,0.0,0.0,0.0,0.35,667.83231428256,-0.0,667.83231428256,26760.0,0.0
26.2,coast,0.0,0.0,0.0,0.0,0.0,0.0,0.0,0.0,-0.0,0.0,0.0,0.0,0.0,0.0,0.0,0.0,0.0,0,0,0.0,0.0,0.0,0.0,0.0,0.0,0.0,0.35,667.83231428256,-0.0,667.83231428256,26760.0,0.0
26.25,coast,0.0,0.0,0.0,0.0,0.0,0.0,0.0,0.0,-0.0,0.0,0.0,0.0,0.0,0.0,0.0,0.0,0.0,0,0,0.0,0.0,0.0,0.0,0.0,0.0,0.0,0.35,667.83231428256,-0.0,667.83231428256,26760.0,0.0
26.3,coast,0.0,0.0,0.0,0.0,0.0,0.0,0.0,0.0,-0.0,0.0,0.0,0.0,0.0,0.0,0.0,0.0,0.0,0,0,0.0,0.0,0.0,0.0,0.0,0.0,0.0,0.35,667.83231428256,-0.0,667.83231428256,26760.0,0.0
26.35,coast,0.0,0.0,0.0,0.0,0.0,0.0,0.0,0.0,-0.0,0.0,0.0,0.0,0.0,0.0,0.0,0.0,0.0,0,0,0.0,0.0,0.0,0.0,0.0,0.0,0.0,0.35,667.83231428256,-0.0,667.83231428256,26760.0,0.0
26.4,coast,0.0,0.0,0.0,0.0,0.0,0.0,0.0,0.0,-0.0,0.0,0.0,0.0,0.0,0.0,0.0,0.0,0.0,0,0,0.0,0.0,0.0,0.0,0.0,0.0,0.0,0.35,667.83231428256,-0.0,667.83231428256,26760.0,0.0
26.45,coast,0.0,0.0,0.0,0.0,0.0,0.0,0.0,0.0,-0.0,0.0,0.0,0.0,0.0,0.0,0.0,0.0,0.0,0,0,0.0,0.0,0.0,0.0,0.0,0.0,0.0,0.35,667.83231428256,-0.0,667.83231428256,26760.0,0.0
26.5,coast,0.0,0.0,0.0,0.0,0.0,0.0,0.0,0.0,-0.0,0.0,0.0,0.0,0.0,0.0,0.0,0.0,0.0,0,0,0.0,0.0,0.0,0.0,0.0,0.0,0.0,0.35,667.83231428256,-0.0,667.83231428256,26760.0,0.0
26.55,coast,0.0,0.0,0.0,0.0,0.0,0.0,0.0,0.0,-0.0,0.0,0.0,0.0,0.0,0.0,0.0,0.0,0.0,0,0,0.0,0.0,0.0,0.0,0.0,0.0,0.0,0.35,667.83231428256,-0.0,667.83231428256,26760.0,0.0
26.6,coast,0.0,0.0,0.0,0.0,0.0,0.0,0.0,0.0,-0.0,0.0,0.0,0.0,0.0,0.0,0.0,0.0,0.0,0,0,0.0,0.0,0.0,0.0,0.0,0.0,0.0,0.35,667.83231428256,-0.0,667.83231428256,26760.0,0.0
26.65,coast,0.0,0.0,0.0,0.0,0.0,0.0,0.0,0.0,-0.0,0.0,0.0,0.0,0.0,0.0,0.0,0.0,0.0,0,0,0.0,0.0,0.0,0.0,0.0,0.0,0.0,0.35,667.83231428256,-0.0,667.83231428256,26760.0,0.0
26.7,coast,0.0,0.0,0.0,0.0,0.0,0.0,0.0,0.0,-0.0,0.0,0.0,0.0,0.0,0.0,0.0,0.0,0.0,0,0,0.0,0.0,0.0,0.0,0.0,0.0,0.0,0.35,667.83231428256,-0.0,667.83231428256,26760.0,0.0
26.75,coast,0.0,0.0,0.0,0.0,0.0,0.0,0.0,0.0,-0.0,0.0,0.0,0.0,0.0,0.0,0.0,0.0,0.0,0,0,0.0,0.0,0.0,0.0,0.0,0.0,0.0,0.35,667.83231428256,-0.0,667.83231428256,26760.0,0.0
26.8,coast,0.0,0.0,0.0,0.0,0.0,0.0,0.0,0.0,-0.0,0.0,0.0,0.0,0.0,0.0,0.0,0.0,0.0,0,0,0.0,0.0,0.0,0.0,0.0,0.0,0.0,0.35,667.83231428256,-0.0,667.83231428256,26760.0,0.0
26.85,coast,0.0,0.0,0.0,0.0,0.0,0.0,0.0,0.0,-0.0,0.0,0.0,0.0,0.0,0.0,0.0,0.0,0.0,0,0,0.0,0.0,0.0,0.0,0.0,0.0,0.0,0.35,667.83231428256,-0.0,667.83231428256,26760.0,0.0
26.9,coast,0.0,0.0,0.0,0.0,0.0,0.0,0.0,0.0,-0.0,0.0,0.0,0.0,0.0,0.0,0.0,0.0,0.0,0,0,0.0,0.0,0.0,0.0,0.0,0.0,0.0,0.35,667.83231428256,-0.0,667.83231428256,26760.0,0.0
26.95,coast,0.0,0.0,0.0,0.0,0.0,0.0,0.0,0.0,-0.0,0.0,0.0,0.0,0.0,0.0,0.0,0.0,0.0,0,0,0.0,0.0,0.0,0.0,0.0,0.0,0.0,0.35,667.83231428256,-0.0,667.83231428256,26760.0,0.0
27.0,coast,0.0,0.0,0.0,0.0,0.0,0.0,0.0,0.0,-0.0,0.0,0.0,0.0,0.0,0.0,0.0,0.0,0.0,0,0,0.0,0.0,0.0,0.0,0.0,0.0,0.0,0.35,667.83231428256,-0.0,667.83231428256,26760.0,0.0
27.05,coast,0.0,0.0,0.0,0.0,0.0,0.0,0.0,0.0,-0.0,0.0,0.0,0.0,0.0,0.0,0.0,0.0,0.0,0,0,0.0,0.0,0.0,0.0,0.0,0.0,0.0,0.35,667.83231428256,-0.0,667.83231428256,26760.0,0.0
27.1,coast,0.0,0.0,0.0,0.0,0.0,0.0,0.0,0.0,-0.0,0.0,0.0,0.0,0.0,0.0,0.0,0.0,0.0,0,0,0.0,0.0,0.0,0.0,0.0,0.0,0.0,0.35,667.83231428256,-0.0,667.83231428256,26760.0,0.0
27.15,coast,0.0,0.0,0.0,0.0,0.0,0.0,0.0,0.0,-0.0,0.0,0.0,0.0,0.0,0.0,0.0,0.0,0.0,0,0,0.0,0.0,0.0,0.0,0.0,0.0,0.0,0.35,667.83231428256,-0.0,667.83231428256,26760.0,0.0
27.2,coast,0.0,0.0,0.0,0.0,0.0,0.0,0.0,0.0,-0.0,0.0,0.0,0.0,0.0,0.0,0.0,0.0,0.0,0,0,0.0,0.0,0.0,0.0,0.0,0.0,0.0,0.35,667.83231428256,-0.0,667.83231428256,26760.0,0.0
27.25,coast,0.0,0.0,0.0,0.0,0.0,0.0,0.0,0.0,-0.0,0.0,0.0,0.0,0.0,0.0,0.0,0.0,0.0,0,0,0.0,0.0,0.0,0.0,0.0,0.0,0.0,0.35,667.83231428256,-0.0,667.83231428256,26760.0,0.0
27.3,coast,0.0,0.0,0.0,0.0,0.0,0.0,0.0,0.0,-0.0,0.0,0.0,0.0,0.0,0.0,0.0,0.0,0.0,0,0,0.0,0.0,0.0,0.0,0.0,0.0,0.0,0.35,667.83231428256,-0.0,667.83231428256,26760.0,0.0
27.35,coast,0.0,0.0,0.0,0.0,0.0,0.0,0.0,0.0,-0.0,0.0,0.0,0.0,0.0,0.0,0.0,0.0,0.0,0,0,0.0,0.0,0.0,0.0,0.0,0.0,0.0,0.35,667.83231428256,-0.0,667.83231428256,26760.0,0.0
27.4,coast,0.0,0.0,0.0,0.0,0.0,0.0,0.0,0.0,-0.0,0.0,0.0,0.0,0.0,0.0,0.0,0.0,0.0,0,0,0.0,0.0,0.0,0.0,0.0,0.0,0.0,0.35,667.83231428256,-0.0,667.83231428256,26760.0,0.0
27.45,coast,0.0,0.0,0.0,0.0,0.0,0.0,0.0,0.0,-0.0,0.0,0.0,0.0,0.0,0.0,0.0,0.0,0.0,0,0,0.0,0.0,0.0,0.0,0.0,0.0,0.0,0.35,667.83231428256,-0.0,667.83231428256,26760.0,0.0
27.5,coast,0.0,0.0,0.0,0.0,0.0,0.0,0.0,0.0,-0.0,0.0,0.0,0.0,0.0,0.0,0.0,0.0,0.0,0,0,0.0,0.0,0.0,0.0,0.0,0.0,0.0,0.35,667.83231428256,-0.0,667.83231428256,26760.0,0.0
27.55,coast,0.0,0.0,0.0,0.0,0.0,0.0,0.0,0.0,-0.0,0.0,0.0,0.0,0.0,0.0,0.0,0.0,0.0,0,0,0.0,0.0,0.0,0.0,0.0,0.0,0.0,0.35,667.83231428256,-0.0,667.83231428256,26760.0,0.0
27.6,coast,0.0,0.0,0.0,0.0,0.0,0.0,0.0,0.0,-0.0,0.0,0.0,0.0,0.0,0.0,0.0,0.0,0.0,0,0,0.0,0.0,0.0,0.0,0.0,0.0,0.0,0.35,667.83231428256,-0.0,667.83231428256,26760.0,0.0
27.65,coast,0.0,0.0,0.0,0.0,0.0,0.0,0.0,0.0,-0.0,0.0,0.0,0.0,0.0,0.0,0.0,0.0,0.0,0,0,0.0,0.0,0.0,0.0,0.0,0.0,0.0,0.35,667.83231428256,-0.0,667.83231428256,26760.0,0.0
27.7,coast,0.0,0.0,0.0,0.0,0.0,0.0,0.0,0.0,-0.0,0.0,0.0,0.0,0.0,0.0,0.0,0.0,0.0,0,0,0.0,0.0,0.0,0.0,0.0,0.0,0.0,0.35,667.83231428256,-0.0,667.83231428256,26760.0,0.0
27.75,coast,0.0,0.0,0.0,0.0,0.0,0.0,0.0,0.0,-0.0,0.0,0.0,0.0,0.0,0.0,0.0,0.0,0.0,0,0,0.0,0.0,0.0,0.0,0.0,0.0,0.0,0.35,667.83231428256,-0.0,667.83231428256,26760.0,0.0
27.8,coast,0.0,0.0,0.0,0.0,0.0,0.0,0.0,0.0,-0.0,0.0,0.0,0.0,0.0,0.0,0.0,0.0,0.0,0,0,0.0,0.0,0.0,0.0,0.0,0.0,0.0,0.35,667.83231428256,-0.0,667.83231428256,26760.0,0.0
27.85,coast,0.0,0.0,0.0,0.0,0.0,0.0,0.0,0.0,-0.0,0.0,0.0,0.0,0.0,0.0,0.0,0.0,0.0,0,0,0.0,0.0,0.0,0.0,0.0,0.0,0.0,0.35,667.83231428256,-0.0,667.83231428256,26760.0,0.0
27.9,coast,0.0,0.0,0.0,0.0,0.0,0.0,0.0,0.0,-0.0,0.0,0.0,0.0,0.0,0.0,0.0,0.0,0.0,0,0,0.0,0.0,0.0,0.0,0.0,0.0,0.0,0.35,667.83231428256,-0.0,667.83231428256,26760.0,0.0
27.95,coast,0.0,0.0,0.0,0.0,0.0,0.0,0.0,0.0,-0.0,0.0,0.0,0.0,0.0,0.0,0.0,0.0,0.0,0,0,0.0,0.0,0.0,0.0,0.0,0.0,0.0,0.35,667.83231428256,-0.0,667.83231428256,26760.0,0.0
28.0,coast,0.0,0.0,0.0,0.0,0.0,0.0,0.0,0.0,-0.0,0.0,0.0,0.0,0.0,0.0,0.0,0.0,0.0,0,0,0.0,0.0,0.0,0.0,0.0,0.0,0.0,0.35,667.83231428256,-0.0,667.83231428256,26760.0,0.0
28.05,coast,0.0,0.0,0.0,0.0,0.0,0.0,0.0,0.0,-0.0,0.0,0.0,0.0,0.0,0.0,0.0,0.0,0.0,0,0,0.0,0.0,0.0,0.0,0.0,0.0,0.0,0.35,667.83231428256,-0.0,667.83231428256,26760.0,0.0
28.1,coast,0.0,0.0,0.0,0.0,0.0,0.0,0.0,0.0,-0.0,0.0,0.0,0.0,0.0,0.0,0.0,0.0,0.0,0,0,0.0,0.0,0.0,0.0,0.0,0.0,0.0,0.35,667.83231428256,-0.0,667.83231428256,26760.0,0.0
28.15,coast,0.0,0.0,0.0,0.0,0.0,0.0,0.0,0.0,-0.0,0.0,0.0,0.0,0.0,0.0,0.0,0.0,0.0,0,0,0.0,0.0,0.0,0.0,0.0,0.0,0.0,0.35,667.83231428256,-0.0,667.83231428256,26760.0,0.0
28.2,coast,0.0,0.0,0.0,0.0,0.0,0.0,0.0,0.0,-0.0,0.0,0.0,0.0,0.0,0.0,0.0,0.0,0.0,0,0,0.0,0.0,0.0,0.0,0.0,0.0,0.0,0.35,667.83231428256,-0.0,667.83231428256,26760.0,0.0
28.25,coast,0.0,0.0,0.0,0.0,0.0,0.0,0.0,0.0,-0.0,0.0,0.0,0.0,0.0,0.0,0.0,0.0,0.0,0,0,0.0,0.0,0.0,0.0,0.0,0.0,0.0,0.35,667.83231428256,-0.0,667.83231428256,26760.0,0.0
28.3,coast,0.0,0.0,0.0,0.0,0.0,0.0,0.0,0.0,-0.0,0.0,0.0,0.0,0.0,0.0,0.0,0.0,0.0,0,0,0.0,0.0,0.0,0.0,0.0,0.0,0.0,0.35,667.83231428256,-0.0,667.83231428256,26760.0,0.0
28.35,coast,0.0,0.0,0.0,0.0,0.0,0.0,0.0,0.0,-0.0,0.0,0.0,0.0,0.0,0.0,0.0,0.0,0.0,0,0,0.0,0.0,0.0,0.0,0.0,0.0,0.0,0.35,667.83231428256,-0.0,667.83231428256,26760.0,0.0
28.4,coast,0.0,0.0,0.0,0.0,0.0,0.0,0.0,0.0,-0.0,0.0,0.0,0.0,0.0,0.0,0.0,0.0,0.0,0,0,0.0,0.0,0.0,0.0,0.0,0.0,0.0,0.35,667.83231428256,-0.0,667.83231428256,26760.0,0.0
28.45,coast,0.0,0.0,0.0,0.0,0.0,0.0,0.0,0.0,-0.0,0.0,0.0,0.0,0.0,0.0,0.0,0.0,0.0,0,0,0.0,0.0,0.0,0.0,0.0,0.0,0.0,0.35,667.83231428256,-0.0,667.83231428256,26760.0,0.0
28.5,coast,0.0,0.0,0.0,0.0,0.0,0.0,0.0,0.0,-0.0,0.0,0.0,0.0,0.0,0.0,0.0,0.0,0.0,0,0,0.0,0.0,0.0,0.0,0.0,0.0,0.0,0.35,667.83231428256,-0.0,667.83231428256,26760.0,0.0
28.55,coast,0.0,0.0,0.0,0.0,0.0,0.0,0.0,0.0,-0.0,0.0,0.0,0.0,0.0,0.0,0.0,0.0,0.0,0,0,0.0,0.0,0.0,0.0,0.0,0.0,0.0,0.35,667.83231428256,-0.0,667.83231428256,26760.0,0.0
28.6,coast,0.0,0.0,0.0,0.0,0.0,0.0,0.0,0.0,-0.0,0.0,0.0,0.0,0.0,0.0,0.0,0.0,0.0,0,0,0.0,0.0,0.0,0.0,0.0,0.0,0.0,0.35,667.83231428256,-0.0,667.83231428256,26760.0,0.0
28.65,coast,0.0,0.0,0.0,0.0,0.0,0.0,0.0,0.0,-0.0,0.0,0.0,0.0,0.0,0.0,0.0,0.0,0.0,0,0,0.0,0.0,0.0,0.0,0.0,0.0,0.0,0.35,667.83231428256,-0.0,667.83231428256,26760.0,0.0
28.7,coast,0.0,0.0,0.0,0.0,0.0,0.0,0.0,0.0,-0.0,0.0,0.0,0.0,0.0,0.0,0.0,0.0,0.0,0,0,0.0,0.0,0.0,0.0,0.0,0.0,0.0,0.35,667.83231428256,-0.0,667.83231428256,26760.0,0.0
28.75,coast,0.0,0.0,0.0,0.0,0.0,0.0,0.0,0.0,-0.0,0.0,0.0,0.0,0.0,0.0,0.0,0.0,0.0,0,0,0.0,0.0,0.0,0.0,0.0,0.0,0.0,0.35,667.83231428256,-0.0,667.83231428256,26760.0,0.0
28.8,coast,0.0,0.0,0.0,0.0,0.0,0.0,0.0,0.0,-0.0,0.0,0.0,0.0,0.0,0.0,0.0,0.0,0.0,0,0,0.0,0.0,0.0,0.0,0.0,0.0,0.0,0.35,667.83231428256,-0.0,667.83231428256,26760.0,0.0
28.85,coast,0.0,0.0,0.0,0.0,0.0,0.0,0.0,0.0,-0.0,0.0,0.0,0.0,0.0,0.0,0.0,0.0,0.0,0,0,0.0,0.0,0.0,0.0,0.0,0.0,0.0,0.35,667.83231428256,-0.0,667.83231428256,26760.0,0.0
28.9,coast,0.0,0.0,0.0,0.0,0.0,0.0,0.0,0.0,-0.0,0.0,0.0,0.0,0.0,0.0,0.0,0.0,0.0,0,0,0.0,0.0,0.0,0.0,0.0,0.0,0.0,0.35,667.83231428256,-0.0,667.83231428256,26760.0,0.0
28.95,coast,0.0,0.0,0.0,0.0,0.0,0.0,0.0,0.0,-0.0,0.0,0.0,0.0,0.0,0.0,0.0,0.0,0.0,0,0,0.0,0.0,0.0,0.0,0.0,0.0,0.0,0.35,667.83231428256,-0.0,667.83231428256,26760.0,0.0
29.0,coast,0.0,0.0,0.0,0.0,0.0,0.0,0.0,0.0,-0.0,0.0,0.0,0.0,0.0,0.0,0.0,0.0,0.0,0,0,0.0,0.0,0.0,0.0,0.0,0.0,0.0,0.35,667.83231428256,-0.0,667.83231428256,26760.0,0.0
29.05,coast,0.0,0.0,0.0,0.0,0.0,0.0,0.0,0.0,-0.0,0.0,0.0,0.0,0.0,0.0,0.0,0.0,0.0,0,0,0.0,0.0,0.0,0.0,0.0,0.0,0.0,0.35,667.83231428256,-0.0,667.83231428256,26760.0,0.0
29.1,coast,0.0,0.0,0.0,0.0,0.0,0.0,0.0,0.0,-0.0,0.0,0.0,0.0,0.0,0.0,0.0,0.0,0.0,0,0,0.0,0.0,0.0,0.0,0.0,0.0,0.0,0.35,667.83231428256,-0.0,667.83231428256,26760.0,0.0
29.15,coast,0.0,0.0,0.0,0.0,0.0,0.0,0.0,0.0,-0.0,0.0,0.0,0.0,0.0,0.0,0.0,0.0,0.0,0,0,0.0,0.0,0.0,0.0,0.0,0.0,0.0,0.35,667.83231428256,-0.0,667.83231428256,26760.0,0.0
29.2,coast,0.0,0.0,0.0,0.0,0.0,0.0,0.0,0.0,-0.0,0.0,0.0,0.0,0.0,0.0,0.0,0.0,0.0,0,0,0.0,0.0,0.0,0.0,0.0,0.0,0.0,0.35,667.83231428256,-0.0,667.83231428256,26760.0,0.0
29.25,coast,0.0,0.0,0.0,0.0,0.0,0.0,0.0,0.0,-0.0,0.0,0.0,0.0,0.0,0.0,0.0,0.0,0.0,0,0,0.0,0.0,0.0,0.0,0.0,0.0,0.0,0.35,667.83231428256,-0.0,667.83231428256,26760.0,0.0
29.3,coast,0.0,0.0,0.0,0.0,0.0,0.0,0.0,0.0,-0.0,0.0,0.0,0.0,0.0,0.0,0.0,0.0,0.0,0,0,0.0,0.0,0.0,0.0,0.0,0.0,0.0,0.35,667.83231428256,-0.0,667.83231428256,26760.0,0.0
29.35,coast,0.0,0.0,0.0,0.0,0.0,0.0,0.0,0.0,-0.0,0.0,0.0,0.0,0.0,0.0,0.0,0.0,0.0,0,0,0.0,0.0,0.0,0.0,0.0,0.0,0.0,0.35,667.83231428256,-0.0,667.83231428256,26760.0,0.0
29.4,coast,0.0,0.0,0.0,0.0,0.0,0.0,0.0,0.0,-0.0,0.0,0.0,0.0,0.0,0.0,0.0,0.0,0.0,0,0,0.0,0.0,0.0,0.0,0.0,0.0,0.0,0.35,667.83231428256,-0.0,667.83231428256,26760.0,0.0
29.45,coast,0.0,0.0,0.0,0.0,0.0,0.0,0.0,0.0,-0.0,0.0,0.0,0.0,0.0,0.0,0.0,0.0,0.0,0,0,0.0,0.0,0.0,0.0,0.0,0.0,0.0,0.35,667.83231428256,-0.0,667.83231428256,26760.0,0.0
29.5,coast,0.0,0.0,0.0,0.0,0.0,0.0,0.0,0.0,-0.0,0.0,0.0,0.0,0.0,0.0,0.0,0.0,0.0,0,0,0.0,0.0,0.0,0.0,0.0,0.0,0.0,0.35,667.83231428256,-0.0,667.83231428256,26760.0,0.0
29.55,coast,0.0,0.0,0.0,0.0,0.0,0.0,0.0,0.0,-0.0,0.0,0.0,0.0,0.0,0.0,0.0,0.0,0.0,0,0,0.0,0.0,0.0,0.0,0.0,0.0,0.0,0.35,667.83231428256,-0.0,667.83231428256,26760.0,0.0
29.6,coast,0.0,0.0,0.0,0.0,0.0,0.0,0.0,0.0,-0.0,0.0,0.0,0.0,0.0,0.0,0.0,0.0,0.0,0,0,0.0,0.0,0.0,0.0,0.0,0.0,0.0,0.35,667.83231428256,-0.0,667.83231428256,26760.0,0.0
29.65,coast,0.0,0.0,0.0,0.0,0.0,0.0,0.0,0.0,-0.0,0.0,0.0,0.0,0.0,0.0,0.0,0.0,0.0,0,0,0.0,0.0,0.0,0.0,0.0,0.0,0.0,0.35,667.83231428256,-0.0,667.83231428256,26760.0,0.0
29.7,coast,0.0,0.0,0.0,0.0,0.0,0.0,0.0,0.0,-0.0,0.0,0.0,0.0,0.0,0.0,0.0,0.0,0.0,0,0,0.0,0.0,0.0,0.0,0.0,0.0,0.0,0.35,667.83231428256,-0.0,667.83231428256,26760.0,0.0
29.75,coast,0.0,0.0,0.0,0.0,0.0,0.0,0.0,0.0,-0.0,0.0,0.0,0.0,0.0,0.0,0.0,0.0,0.0,0,0,0.0,0.0,0.0,0.0,0.0,0.0,0.0,0.35,667.83231428256,-0.0,667.83231428256,26760.0,0.0
29.8,coast,0.0,0.0,0.0,0.0,0.0,0.0,0.0,0.0,-0.0,0.0,0.0,0.0,0.0,0.0,0.0,0.0,0.0,0,0,0.0,0.0,0.0,0.0,0.0,0.0,0.0,0.35,667.83231428256,-0.0,667.83231428256,26760.0,0.0
29.85,coast,0.0,0.0,0.0,0.0,0.0,0.0,0.0,0.0,-0.0,0.0,0.0,0.0,0.0,0.0,0.0,0.0,0.0,0,0,0.0,0.0,0.0,0.0,0.0,0.0,0.0,0.35,667.83231428256,-0.0,667.83231428256,26760.0,0.0
29.9,coast,0.0,0.0,0.0,0.0,0.0,0.0,0.0,0.0,-0.0,0.0,0.0,0.0,0.0,0.0,0.0,0.0,0.0,0,0,0.0,0.0,0.0,0.0,0.0,0.0,0.0,0.35,667.83231428256,-0.0,667.83231428256,26760.0,0.0
29.95,coast,0.0,0.0,0.0,0.0,0.0,0.0,0.0,0.0,-0.0,0.0,0.0,0.0,0.0,0.0,0.0,0.0,0.0,0,0,0.0,0.0,0.0,0.0,0.0,0.0,0.0,0.35,667.83231428256,-0.0,667.83231428256,26760.0,0.0
30.0,stop_hold,0.0,1.0,0.0,0.0,0.0,0.0,0.0,0.0,-0.0,0.0,0.0,80000.0,0.0,0.0,0.0,-80000.0,0.0,0,0,0.0,0.0,0.0,0.0,0.0,0.0,0.0,0.35,667.83231428256,-0.0,667.83231428256,26760.0,0.0
30.05,stop_hold,0.0,1.0,0.0,0.0,0.0,0.0,0.0,0.0,-0.0,0.0,0.0,80000.0,0.0,0.0,0.0,-80000.0,0.0,0,0,0.0,0.0,0.0,0.0,0.0,0.0,0.0,0.35,667.83231428256,-0.0,667.83231428256,26760.0,0.0
30.1,stop_hold,0.0,1.0,0.0,0.0,0.0,0.0,0.0,0.0,-0.0,0.0,0.0,80000.0,0.0,14501.539753761463,14501.539753761463,-65498.46024623854,0.0,0,0,0.0,0.0,0.0,0.0,0.0,0.0,0.0,0.35,667.83231428256,-0.0,667.83231428256,26760.0,0.0
30.15,stop_hold,0.0,1.0,0.0,0.0,0.0,0.0,0.0,0.0,-0.0,0.0,0.0,80000.0,0.0,26374.396317148876,26374.396317148876,-53625.60368285113,0.0,0,0,0.0,0.0,0.0,0.0,0.0,0.0,0.0,0.35,667.83231428256,-0.0,667.83231428256,26760.0,0.0
30.2,stop_hold,0.0,1.0,0.0,0.0,0.0,0.0,0.0,0.0,-0.0,0.0,0.0,80000.0,0.0,36095.069112477904,36095.069112477904,-43904.930887522096,0.0,0,0,0.0,0.0,0.0,0.0,0.0,0.0,0.0,0.35,667.83231428256,-0.0,667.83231428256,26760.0,0.0
30.25,stop_hold,0.0,1.0,0.0,0.0,0.0,0.0,0.0,0.0,-0.0,0.0,0.0,80000.0,0.0,44053.682870622295,44053.682870622295,-35946.317129377705,0.0,0,0,0.0,0.0,0.0,0.0,0.0,0.0,0.0,0.35,667.83231428256,-0.0,667.83231428256,26760.0,0.0
30.3,stop_hold,0.0,1.0,0.0,0.0,0.0,0.0,0.0,0.0,-0.0,0.0,0.0,80000.0,0.0,50569.644706284635,50569.644706284635,-29430.355293715365,0.0,0,0,0.0,0.0,0.0,0.0,0.0,0.0,0.0,0.35,667.83231428256,-0.0,667.83231428256,26760.0,0.0
30.35,stop_hold,0.0,1.0,0.0,0.0,0.0,0.0,0.0,0.0,-0.0,0.0,0.0,80000.0,0.0,55904.46304702385,55904.46304702385,-24095.536952976152,0.0,0,0,0.0,0.0,0.0,0.0,0.0,0.0,0.0,0.35,667.83231428256,-0.0,667.83231428256,26760.0,0.0
30.4,stop_hold,0.0,1.0,0.0,0.0,0.0,0.0,0.0,0.0,-0.0,0.0,0.0,80000.0,0.0,60272.24288467148,60272.24288467148,-19727.757115328517,0.0,0,0,0.0,0.0,0.0,0.0,0.0,0.0,0.0,0.35,667.83231428256,-0.0,667.83231428256,26760.0,0.0
30.45,stop_hold,0.0,1.0,0.0,0.0,0.0,0.0,0.0,0.0,-0.0,0.0,0.0,80000.0,0.0,63848.27856042757,63848.27856042757,-16151.72143957243,0.0,0,0,0.0,0.0,0.0,0.0,0.0,0.0,0.0,0.35,667.83231428256,-0.0,667.83231428256,26760.0,0.0
30.5,stop_hold,0.0,1.0,0.0,0.0,0.0,0.0,0.0,0.0,-0.0,0.0,0.0,80000.0,0.0,66776.08894227308,66776.08894227308,-13223.911057726917,0.0,0,0,0.0,0.0,0.0,0.0,0.0,0.0,0.0,0.35,667.83231428256,-0.0,667.83231428256,26760.0,0.0
30.55,stop_hold,0.0,1.0,0.0,0.0,0.0,0.0,0.0,0.0,-0.0,0.0,0.0,80000.0,0.0,69173.17734107102,69173.17734107102,-10826.822658928984,0.0,0,0,0.0,0.0,0.0,0.0,0.0,0.0,0.0,0.35,667.83231428256,-0.0,667.83231428256,26760.0,0.0
30.6,stop_hold,0.0,1.0,0.0,0.0,0.0,0.0,0.0,0.0,-0.0,0.0,0.0,80000.0,0.0,71135.74733101332,71135.74733101332,-8864.252668986679,0.0,0,0,0.0,0.0,0.0,0.0,0.0,0.0,0.0,0.35,667.83231428256,-0.0,667.83231428256,26760.0,0.0
30.65,stop_hold,0.0,1.0,0.0,0.0,0.0,0.0,0.0,0.0,-0.0,0.0,0.0,80000.0,0.0,72742.56373684703,72742.56373684703,-7257.436263152966,0.0,0,0,0.0,0.0,0.0,0.0,0.0,0.0,0.0,0.35,667.83231428256,-0.0,667.83231428256,26760.0,0.0
30.7,stop_hold,0.0,1.0,0.0,0.0,0.0,0.0,0.0,0.0,-0.0,0.0,0.0,80000.0,0.0,74058.11374285333,74058.11374285333,-5941.886257146674,0.0,0,0,0.0,0.0,0.0,0.0,0.0,0.0,0.0,0.35,667.83231428256,-0.0,667.83231428256,26760.0,0.0
30.75,stop_hold,0.0,1.0,0.0,0.0,0.0,0.0,0.0,0.0,-0.0,0.0,0.0,80000.0,0.0,75135.1949899826,75135.1949899826,-4864.8050100174005,0.0,0,0,0.0,0.0,0.0,0.0,0.0,0.0,0.0,0.35,667.83231428256,-0.0,667.83231428256,26760.0,0.0
30.8,stop_hold,0.0,1.0,0.0,0.0,0.0,0.0,0.0,0.0,-0.0,0.0,0.0,80000.0,0.0,76017.03453057092,76017.03453057092,-3982.9654694290803,0.0,0,0,0.0,0.0,0.0,0.0,0.0,0.0,0.0,0.35,667.83231428256,-0.0,667.83231428256,26760.0,0.0
30.85,stop_hold,0.0,1.0,0.0,0.0,0.0,0.0,0.0,0.0,-0.0,0.0,0.0,80000.0,0.0,76739.02368173073,76739.02368173073,-3260.9763182692695,0.0,0,0,0.0,0.0,0.0,0.0,0.0,0.0,0.0,0.35,667.83231428256,-0.0,667.83231428256,26760.0,0.0
30.9,stop_hold,0.0,1.0,0.0,0.0,0.0,0.0,0.0,0.0,-0.0,0.0,0.0,80000.0,0.0,77330.13840317394,77330.13840317394,-2669.8615968260565,0.0,0,0,0.0,0.0,0.0,0.0,0.0,0.0,0.0,0.35,667.83231428256,-0.0,667.83231428256,26760.0,0.0
30.95,stop_hold,0.0,1.0,0.0,0.0,0.0,0.0,0.0,0.0,-0.0,0.0,0.0,80000.0,0.0,77814.10220421663,77814.10220421663,-2185.8977957833704,0.0,0,0,0.0,0.0,0.0,0.0,0.0,0.0,0.0,0.35,667.83231428256,-0.0,667.83231428256,26760.0,0.0
31.0,stop_hold,0.0,1.0,0.0,0.0,0.0,0.0,0.0,0.0,-0.0,0.0,0.0,80000.0,0.0,78210.33825150676,78210.33825150676,-1789.6617484932358,0.0,0,0,0.0,0.0,0.0,0.0,0.0,0.0,0.0,0.35,667.83231428256,-0.0,667.83231428256,26760.0,0.0
31.05,stop_hold,0.0,1.0,0.0,0.0,0.0,0.0,0.0,0.0,-0.0,0.0,0.0,80000.0,0.0,78534.74888890129,78534.74888890129,-1465.2511110987107,0.0,0,0,0.0,0.0,0.0,0.0,0.0,0.0,0.0,0.35,667.83231428256,-0.0,667.83231428256,26760.0,0.0
31.1,stop_hold,0.0,1.0,0.0,0.0,0.0,0.0,0.0,0.0,-0.0,0.0,0.0,80000.0,0.0,78800.35385436182,78800.35385436182,-1199.6461456381803,0.0,0,0,0.0,0.0,0.0,0.0,0.0,0.0,0.0,0.35,667.83231428256,-0.0,667.83231428256,26760.0,0.0
31.15,stop_hold,0.0,1.0,0.0,0.0,0.0,0.0,0.0,0.0,-0.0,0.0,0.0,80000.0,0.0,79017.81280775456,79017.81280775456,-982.1871922454447,0.0,0,0,0.0,0.0,0.0,0.0,0.0,0.0,0.0,0.35,667.83231428256,-0.0,667.83231428256,26760.0,0.0
31.2,stop_hold,0.0,1.0,0.0,0.0,0.0,0.0,0.0,0.0,-0.0,0.0,0.0,80000.0,0.0,79195.85314042935,79195.85314042935,-804.1468595706538,0.0,0,0,0.0,0.0,0.0,0.0,0.0,0.0,0.0,0.35,667.83231428256,-0.0,667.83231428256,26760.0,0.0
31.25,stop_hold,0.0,1.0,0.0,0.0,0.0,0.0,0.0,0.0,-0.0,0.0,0.0,80000.0,0.0,79341.62023607844,79341.62023607844,-658.3797639215627,0.0,0,0,0.0,0.0,0.0,0.0,0.0,0.0,0.0,0.35,667.83231428256,-0.0,667.83231428256,26760.0,0.0
31.3,stop_hold,0.0,1.0,0.0,0.0,0.0,0.0,0.0,0.0,-0.0,0.0,0.0,80000.0,0.0,79460.9642400732,79460.9642400732,-539.0357599268027,0.0,0,0,0.0,0.0,0.0,0.0,0.0,0.0,0.0,0.35,667.83231428256,-0.0,667.83231428256,26760.0,0.0
31.35,stop_hold,0.0,1.0,0.0,0.0,0.0,0.0,0.0,0.0,-0.0,0.0,0.0,80000.0,0.0,79558.67484633917,79558.67484633917,-441.3251536608295,0.0,0,0,0.0,0.0,0.0,0.0,0.0,0.0,0.0,0.35,667.83231428256,-0.0,667.83231428256,26760.0,0.0
31.4,stop_hold,0.0,1.0,0.0,0.0,0.0,0.0,0.0,0.0,-0.0,0.0,0.0,80000.0,0.0,79638.67352459101,79638.67352459101,-361.3264754089905,0.0,0,0,0.0,0.0,0.0,0.0,0.0,0.0,0.0,0.35,667.83231428256,-0.0,667.83231428256,26760.0,0.0
31.45,stop_hold,0.0,1.0,0.0,0.0,0.0,0.0,0.0,0.0,-0.0,0.0,0.0,80000.0,0.0,79704.17090268138,79704.17090268138,-295.8290973186231,0.0,0,0,0.0,0.0,0.0,0.0,0.0,0.0,0.0,0.35,667.83231428256,-0.0,667.83231428256,26760.0,0.0
31.5,stop_hold,0.0,1.0,0.0,0.0,0.0,0.0,0.0,0.0,-0.0,0.0,0.0,80000.0,0.0,79757.79562036996,79757.79562036996,-242.20437963004224,0.0,0,0,0.0,0.0,0.0,0.0,0.0,0.0,0.0,0.35,667.83231428256,-0.0,667.83231428256,26760.0,0.0
31.55,stop_hold,0.0,1.0,0.0,0.0,0.0,0.0,0.0,0.0,-0.0,0.0,0.0,80000.0,0.0,79801.69982586669,79801.69982586669,-198.3001741333137,0.0,0,0,0.0,0.0,0.0,0.0,0.0,0.0,0.0,0.35,667.83231428256,-0.0,667.83231428256,26760.0,0.0
31.6,stop_hold,0.0,1.0,0.0,0.0,0.0,0.0,0.0,0.0,-0.0,0.0,0.0,80000.0,0.0,79837.64554909634,79837.64554909634,-162.3544509036583,0.0,0,0,0.0,0.0,0.0,0.0,0.0,0.0,0.0,0.35,667.83231428256,-0.0,667.83231428256,26760.0,0.0
31.65,stop_hold,0.0,1.0,0.0,0.0,0.0,0.0,0.0,0.0,-0.0,0.0,0.0,80000.0,0.0,79867.0754181461,79867.0754181461,-132.9245818539057,0.0,0,0,0.0,0.0,0.0,0.0,0.0,0.0,0.0,0.35,667.83231428256,-0.0,667.83231428256,26760.0,0.0
31.7,stop_hold,0.0,1.0,0.0,0.0,0.0,0.0,0.0,0.0,-0.0,0.0,0.0,80000.0,0.0,79891.17055699616,79891.17055699616,-108.82944300383679,0.0,0,0,0.0,0.0,0.0,0.0,0.0,0.0,0.0,0.35,667.83231428256,-0.0,667.83231428256,26760.0,0.0
31.75,stop_hold,0.0,1.0,0.0,0.0,0.0,0.0,0.0,0.0,-0.0,0.0,0.0,80000.0,0.0,79910.89798817241,79910.89798817241,-89.10201182759192,0.0,0,0,0.0,0.0,0.0,0.0,0.0,0.0,0.0,0.35,667.83231428256,-0.0,667.83231428256,26760.0,0.0
31.8,stop_hold,0.0,1.0,0.0,0.0,0.0,0.0,0.0,0.0,-0.0,0.0,0.0,80000.0,0.0,79927.04944275564,79927.04944275564,-72.95055724435952,0.0,0,0,0.0,0.0,0.0,0.0,0.0,0.0,0.0,0.35,667.83231428256,-0.0,667.83231428256,26760.0,0.0
31.85,stop_hold,0.0,1.0,0.0,0.0,0.0,0.0,0.0,0.0,-0.0,0.0,0.0,80000.0,0.0,79940.27313532987,79940.27313532987,-59.726864670126815,0.0,0,0,0.0,0.0,0.0,0.0,0.0,0.0,0.0,0.35,667.83231428256,-0.0,667.83231428256,26760.0,0.0
31.9,stop_hold,0.0,1.0,0.0,0.0,0.0,0.0,0.0,0.0,-0.0,0.0,0.0,80000.0,0.0,79951.09977910963,79951.09977910963,-48.90022089036938,0.0,0,0,0.0,0.0,0.0,0.0,0.0,0.0,0.0,0.35,667.83231428256,-0.0,667.83231428256,26760.0,0.0
31.95,stop_hold,0.0,1.0,0.0,0.0,0.0,0.0,0.0,0.0,-0.0,0.0,0.0,80000.0,0.0,79959.96388532476,79959.96388532476,-40.03611467524024,0.0,0,0,0.0,0.0,0.0,0.0,0.0,0.0,0.0,0.35,667.83231428256,-0.0,667.83231428256,26760.0,0.0
32.0,stop_hold,0.0,1.0,0.0,0.0,0.0,0.0,0.0,0.0,-0.0,0.0,0.0,80000.0,0.0,79967.22120168162,79967.22120168162,-32.77879831838072,0.0,0,0,0.0,0.0,0.0,0.0,0.0,0.0,0.0,0.35,667.83231428256,-0.0,667.83231428256,26760.0,0.0
32.05,stop_hold,0.0,1.0,0.0,0.0,0.0,0.0,0.0,0.0,-0.0,0.0,0.0,80000.0,0.0,79973.1629897678,79973.1629897678,-26.83701023219328,0.0,0,0,0.0,0.0,0.0,0.0,0.0,0.0,0.0,0.35,667.83231428256,-0.0,667.83231428256,26760.0,0.0
32.1,stop_hold,0.0,1.0,0.0,0.0,0.0,0.0,0.0,0.0,-0.0,0.0,0.0,80000.0,0.0,79978.02771440223,79978.02771440223,-21.972285597774317,0.0,0,0,0.0,0.0,0.0,0.0,0.0,0.0,0.0,0.35,667.83231428256,-0.0,667.83231428256,26760.0,0.0
32.15,stop_hold,0.0,1.0,0.0,0.0,0.0,0.0,0.0,0.0,-0.0,0.0,0.0,80000.0,0.0,79982.0106140657,79982.0106140657,-17.989385934299207,0.0,0,0,0.0,0.0,0.0,0.0,0.0,0.0,0.0,0.35,667.83231428256,-0.0,667.83231428256,26760.0,0.0
32.2,stop_hold,0.0,1.0,0.0,0.0,0.0,0.0,0.0,0.0,-0.0,0.0,0.0,80000.0,0.0,79985.2715365066,79985.2715365066,-14.728463493403979,0.0,0,0,0.0,0.0,0.0,0.0,0.0,0.0,0.0,0.35,667.83231428256,-0.0,667.83231428256,26760.0,0.0
32.25,stop_hold,0.0,1.0,0.0,0.0,0.0,0.0,0.0,0.0,-0.0,0.0,0.0,80000.0,0.0,79987.94135399236,79987.94135399236,-12.058646007644711,0.0,0,0,0.0,0.0,0.0,0.0,0.0,0.0,0.0,0.35,667.83231428256,-0.0,667.83231428256,26760.0,0.0
32.3,stop_hold,0.0,1.0,0.0,0.0,0.0,0.0,0.0,0.0,-0.0,0.0,0.0,80000.0,0.0,79990.12721567306,79990.12721567306,-9.872784326944384,0.0,0,0,0.0,0.0,0.0,0.0,0.0,0.0,0.0,0.35,667.83231428256,-0.0,667.83231428256,26760.0,0.0
32.35,stop_hold,0.0,1.0,0.0,0.0,0.0,0.0,0.0,0.0,-0.0,0.0,0.0,80000.0,0.0,79991.91684785303,79991.91684785303,-8.083152146966313,0.0,0,0,0.0,0.0,0.0,0.0,0.0,0.0,0.0,0.35,667.83231428256,-0.0,667.83231428256,26760.0,0.0
32.4,stop_hold,0.0,1.0,0.0,0.0,0.0,0.0,0.0,0.0,-0.0,0.0,0.0,80000.0,0.0,79993.38207475546,79993.38207475546,-6.617925244543585,0.0,0,0,0.0,0.0,0.0,0.0,0.0,0.0,0.0,0.35,667.83231428256,-0.0,667.83231428256,26760.0,0.0
32.45,stop_hold,0.0,1.0,0.0,0.0,0.0,0.0,0.0,0.0,-0.0,0.0,0.0,80000.0,0.0,79994.58170108074,79994.58170108074,-5.418298919263179,0.0,0,0,0.0,0.0,0.0,0.0,0.0,0.0,0.0,0.35,667.83231428256,-0.0,667.83231428256,26760.0,0.0
32.5,stop_hold,0.0,1.0,0.0,0.0,0.0,0.0,0.0,0.0,-0.0,0.0,0.0,80000.0,0.0,79995.56387204543,79995.56387204543,-4.436127954570111,0.0,0,0,0.0,0.0,0.0,0.0,0.0,0.0,0.0,0.35,667.83231428256,-0.0,667.83231428256,26760.0,0.0
32.55,stop_hold,0.0,1.0,0.0,0.0,0.0,0.0,0.0,0.0,-0.0,0.0,0.0,80000.0,0.0,79996.368005619,79996.368005619,-3.6319943809940014,0.0,0,0,0.0,0.0,0.0,0.0,0.0,0.0,0.0,0.35,667.83231428256,-0.0,667.83231428256,26760.0,0.0
32.6,stop_hold,0.0,1.0,0.0,0.0,0.0,0.0,0.0,0.0,-0.0,0.0,0.0,80000.0,0.0,79997.02637450528,79997.02637450528,-2.9736254947201815,0.0,0,0,0.0,0.0,0.0,0.0,0.0,0.0,0.0,0.35,667.83231428256,-0.0,667.83231428256,26760.0,0.0
32.65,stop_hold,0.0,1.0,0.0,0.0,0.0,0.0,0.0,0.0,-0.0,0.0,0.0,80000.0,0.0,79997.56540135933,79997.56540135933,-2.4345986406697193,0.0,0,0,0.0,0.0,0.0,0.0,0.0,0.0,0.0,0.35,667.83231428256,-0.0,667.83231428256,26760.0,0.0
32.7,stop_hold,0.0,1.0,0.0,0.0,0.0,0.0,0.0,0.0,-0.0,0.0,0.0,80000.0,0.0,79998.00671922148,79998.00671922148,-1.9932807785226032,0.0,0,0,0.0,0.0,0.0,0.0,0.0,0.0,0.0,0.35,667.83231428256,-0.0,667.83231428256,26760.0,0.0
32.75,stop_hold,0.0,1.0,0.0,0.0,0.0,0.0,0.0,0.0,-0.0,0.0,0.0,80000.0,0.0,79998.36803972711,79998.36803972711,-1.6319602728908649,0.0,0,0,0.0,0.0,0.0,0.0,0.0,0.0,0.0,0.35,667.83231428256,-0.0,667.83231428256,26760.0,0.0
32.8,stop_hold,0.0,1.0,0.0,0.0,0.0,0.0,0.0,0.0,-0.0,0.0,0.0,80000.0,0.0,79998.66386393679,79998.66386393679,-1.3361360632115975,0.0,0,0,0.0,0.0,0.0,0.0,0.0,0.0,0.0,0.35,667.83231428256,-0.0,667.83231428256,26760.0,0.0
32.85,stop_hold,0.0,1.0,0.0,0.0,0.0,0.0,0.0,0.0,-0.0,0.0,0.0,80000.0,0.0,79998.90606431477,79998.90606431477,-1.0939356852322817,0.0,0,0,0.0,0.0,0.0,0.0,0.0,0.0,0.0,0.35,667.83231428256,-0.0,667.83231428256,26760.0,0.0
32.9,stop_hold,0.0,1.0,0.0,0.0,0.0,0.0,0.0,0.0,-0.0,0.0,0.0,80000.0,0.0,79999.10436121262,79999.10436121262,-0.8956387873768108,0.0,0,0,0.0,0.0,0.0,0.0,0.0,0.0,0.0,0.35,667.83231428256,-0.0,667.83231428256,26760.0,0.0
32.95,stop_hold,0.0,1.0,0.0,0.0,0.0,0.0,0.0,0.0,-0.0,0.0,0.0,80000.0,0.0,79999.26671298112,79999.26671298112,-0.733287018883857,0.0,0,0,0.0,0.0,0.0,0.0,0.0,0.0,0.0,0.35,667.83231428256,-0.0,667.83231428256,26760.0,0.0
33.0,stop_hold,0.0,1.0,0.0,0.0,0.0,0.0,0.0,0.0,-0.0,0.0,0.0,80000.0,0.0,79999.39963536682,79999.39963536682,-0.600364633181016,0.0,0,0,0.0,0.0,0.0,0.0,0.0,0.0,0.0,0.35,667.83231428256,-0.0,667.83231428256,26760.0,0.0
33.05,stop_hold,0.0,1.0,0.0,0.0,0.0,0.0,0.0,0.0,-0.0,0.0,0.0,80000.0,0.0,79999.50846301176,79999.50846301176,-0.49153698823647574,0.0,0,0,0.0,0.0,0.0,0.0,0.0,0.0,0.0,0.35,667.83231428256,-0.0,667.83231428256,26760.0,0.0
33.1,stop_hold,0.0,1.0,0.0,0.0,0.0,0.0,0.0,0.0,-0.0,0.0,0.0,80000.0,0.0,79999.59756355146,79999.59756355146,-0.40243644853762817,0.0,0,0,0.0,0.0,0.0,0.0,0.0,0.0,0.0,0.35,667.83231428256,-0.0,667.83231428256,26760.0,0.0
33.15,stop_hold,0.0,1.0,0.0,0.0,0.0,0.0,0.0,0.0,-0.0,0.0,0.0,80000.0,0.0,79999.67051290342,79999.67051290342,-0.3294870965764858,0.0,0,0,0.0,0.0,0.0,0.0,0.0,0.0,0.0,0.35,667.83231428256,-0.0,667.83231428256,26760.0,0.0
33.2,stop_hold,0.0,1.0,0.0,0.0,0.0,0.0,0.0,0.0,-0.0,0.0,0.0,80000.0,0.0,79999.73023878128,79999.73023878128,-0.2697612187184859,0.0,0,0,0.0,0.0,0.0,0.0,0.0,0.0,0.0,0.35,667.83231428256,-0.0,667.83231428256,26760.0,0.0
33.25,stop_hold,0.0,1.0,0.0,0.0,0.0,0.0,0.0,0.0,-0.0,0.0,0.0,80000.0,0.0,79999.77913819424,79999.77913819424,-0.2208618057629792,0.0,0,0,0.0,0.0,0.0,0.0,0.0,0.0,0.0,0.35,667.83231428256,-0.0,667.83231428256,26760.0,0.0
33.3,stop_hold,0.0,1.0,0.0,0.0,0.0,0.0,0.0,0.0,-0.0,0.0,0.0,80000.0,0.0,79999.81917364744,79999.81917364744,-0.18082635255996138,0.0,0,0,0.0,0.0,0.0,0.0,0.0,0.0,0.0,0.35,667.83231428256,-0.0,667.83231428256,26760.0,0.0
33.35,stop_hold,0.0,1.0,0.0,0.0,0.0,0.0,0.0,0.0,-0.0,0.0,0.0,80000.0,0.0,79999.8519519042,79999.8519519042,-0.1480480957980035,0.0,0,0,0.0,0.0,0.0,0.0,0.0,0.0,0.0,0.35,667.83231428256,-0.0,667.83231428256,26760.0,0.0
33.4,stop_hold,0.0,1.0,0.0,0.0,0.0,0.0,0.0,0.0,-0.0,0.0,0.0,80000.0,0.0,79999.87878847105,79999.87878847105,-0.12121152895269915,0.0,0,0,0.0,0.0,0.0,0.0,0.0,0.0,0.0,0.35,667.83231428256,-0.0,667.83231428256,26760.0,0.0
33.45,stop_hold,0.0,1.0,0.0,0.0,0.0,0.0,0.0,0.0,-0.0,0.0,0.0,80000.0,0.0,79999.90076039362,79999.90076039362,-0.09923960638116114,0.0,0,0,0.0,0.0,0.0,0.0,0.0,0.0,0.0,0.35,667.83231428256,-0.0,667.83231428256,26760.0,0.0
33.5,stop_hold,0.0,1.0,0.0,0.0,0.0,0.0,0.0,0.0,-0.0,0.0,0.0,80000.0,0.0,79999.91874948234,79999.91874948234,-0.0812505176581908,0.0,0,0,0.0,0.0,0.0,0.0,0.0,0.0,0.0,0.35,667.83231428256,-0.0,667.83231428256,26760.0,0.0
33.55,stop_hold,0.0,1.0,0.0,0.0,0.0,0.0,0.0,0.0,-0.0,0.0,0.0,80000.0,0.0,79999.93347770248,79999.93347770248,-0.06652229752216954,0.0,0,0,0.0,0.0,0.0,0.0,0.0,0.0,0.0,0.35,667.83231428256,-0.0,667.83231428256,26760.0,0.0
33.6,stop_hold,0.0,1.0,0.0,0.0,0.0,0.0,0.0,0.0,-0.0,0.0,0.0,80000.0,0.0,79999.94553614926,79999.94553614926,-0.054463850741740316,0.0,0,0,0.0,0.0,0.0,0.0,0.0,0.0,0.0,0.35,667.83231428256,-0.0,667.83231428256,26760.0,0.0
33.65,stop_hold,0.0,1.0,0.0,0.0,0.0,0.0,0.0,0.0,-0.0,0.0,0.0,80000.0,0.0,79999.95540877046,79999.95540877046,-0.04459122953994665,0.0,0,0,0.0,0.0,0.0,0.0,0.0,0.0,0.0,0.35,667.83231428256,-0.0,667.83231428256,26760.0,0.0
33.7,stop_hold,0.0,1.0,0.0,0.0,0.0,0.0,0.0,0.0,-0.0,0.0,0.0,80000.0,0.0,79999.96349178905,79999.96349178905,-0.0365082109492505,0.0,0,0,0.0,0.0,0.0,0.0,0.0,0.0,0.0,0.35,667.83231428256,-0.0,667.83231428256,26760.0,0.0
33.75,stop_hold,0.0,1.0,0.0,0.0,0.0,0.0,0.0,0.0,-0.0,0.0,0.0,80000.0,0.0,79999.97010960497,79999.97010960497,-0.02989039503154345,0.0,0,0,0.0,0.0,0.0,0.0,0.0,0.0,0.0,0.35,667.83231428256,-0.0,667.83231428256,26760.0,0.0
33.8,stop_hold,0.0,1.0,0.0,0.0,0.0,0.0,0.0,0.0,-0.0,0.0,0.0,80000.0,0.0,79999.97552781436,79999.97552781436,-0.02447218564338982,0.0,0,0,0.0,0.0,0.0,0.0,0.0,0.0,0.0,0.35,667.83231428256,-0.0,667.83231428256,26760.0,0.0
33.85,stop_hold,0.0,1.0,0.0,0.0,0.0,0.0,0.0,0.0,-0.0,0.0,0.0,80000.0,0.0,79999.97996386902,79999.97996386902,-0.02003613098349888,0.0,0,0,0.0,0.0,0.0,0.0,0.0,0.0,0.0,0.35,667.83231428256,-0.0,667.83231428256,26760.0,0.0
33.9,stop_hold,0.0,1.0,0.0,0.0,0.0,0.0,0.0,0.0,-0.0,0.0,0.0,80000.0,0.0,79999.98359580338,79999.98359580338,-0.016404196619987488,0.0,0,0,0.0,0.0,0.0,0.0,0.0,0.0,0.0,0.35,667.83231428256,-0.0,667.83231428256,26760.0,0.0
33.95,stop_hold,0.0,1.0,0.0,0.0,0.0,0.0,0.0,0.0,-0.0,0.0,0.0,80000.0,0.0,79999.98656937975,79999.98656937975,-0.013430620252620429,0.0,0,0,0.0,0.0,0.0,0.0,0.0,0.0,0.0,0.35,667.83231428256,-0.0,667.83231428256,26760.0,0.0
34.0,stop_hold,0.0,1.0,0.0,0.0,0.0,0.0,0.0,0.0,-0.0,0.0,0.0,80000.0,0.0,79999.98900393817,79999.98900393817,-0.010996061828336678,0.0,0,0,0.0,0.0,0.0,0.0,0.0,0.0,0.0,0.35,667.83231428256,-0.0,667.83231428256,26760.0,0.0
34.05,stop_hold,0.0,1.0,0.0,0.0,0.0,0.0,0.0,0.0,-0.0,0.0,0.0,80000.0,0.0,79999.990997186,79999.990997186,-0.00900281399663072,0.0,0,0,0.0,0.0,0.0,0.0,0.0,0.0,0.0,0.35,667.83231428256,-0.0,667.83231428256,26760.0,0.0
34.1,stop_hold,0.0,1.0,0.0,0.0,0.0,0.0,0.0,0.0,-0.0,0.0,0.0,80000.0,0.0,79999.99262911931,79999.99262911931,-0.0073708806885406375,0.0,0,0,0.0,0.0,0.0,0.0,0.0,0.0,0.0,0.35,667.83231428256,-0.0,667.83231428256,26760.0,0.0
34.15,stop_hold,0.0,1.0,0.0,0.0,0.0,0.0,0.0,0.0,-0.0,0.0,0.0,80000.0,0.0,79999.99396523328,79999.99396523328,-0.006034766716766171,0.0,0,0,0.0,0.0,0.0,0.0,0.0,0.0,0.0,0.35,667.83231428256,-0.0,667.83231428256,26760.0,0.0
34.2,stop_hold,0.0,1.0,0.0,0.0,0.0,0.0,0.0,0.0,-0.0,0.0,0.0,80000.0,0.0,79999.9950591509,79999.9950591509,-0.004940849103149958,0.0,0,0,0.0,0.0,0.0,0.0,0.0,0.0,0.0,0.35,667.83231428256,-0.0,667.83231428256,26760.0,0.0
34.25,stop_hold,0.0,1.0,0.0,0.0,0.0,0.0,0.0,0.0,-0.0,0.0,0.0,80000.0,0.0,79999.99595477489,79999.99595477489,-0.004045225112349726,0.0,0,0,0.0,0.0,0.0,0.0,0.0,0.0,0.0,0.35,667.83231428256,-0.0,667.83231428256,26760.0,0.0
34.3,stop_hold,0.0,1.0,0.0,0.0,0.0,0.0,0.0,0.0,-0.0,0.0,0.0,80000.0,0.0,79999.9966880498,79999.9966880498,-0.0033119502040790394,0.0,0,0,0.0,0.0,0.0,0.0,0.0,0.0,0.0,0.35,667.83231428256,-0.0,667.83231428256,26760.0,0.0
34.35,stop_hold,0.0,1.0,0.0,0.0,0.0,0.0,0.0,0.0,-0.0,0.0,0.0,80000.0,0.0,79999.99728840453,79999.99728840453,-0.002711595472646877,0.0,0,0,0.0,0.0,0.0,0.0,0.0,0.0,0.0,0.35,667.83231428256,-0.0,667.83231428256,26760.0,0.0
34.4,stop_hold,0.0,1.0,0.0,0.0,0.0,0.0,0.0,0.0,-0.0,0.0,0.0,80000.0,0.0,79999.99777993337,79999.99777993337,-0.002220066628069617,0.0,0,0,0.0,0.0,0.0,0.0,0.0,0.0,0.0,0.35,667.83231428256,-0.0,667.83231428256,26760.0,0.0
34.45,stop_hold,0.0,1.0,0.0,0.0,0.0,0.0,0.0,0.0,-0.0,0.0,0.0,80000.0,0.0,79999.99818236318,79999.99818236318,-0.001817636817577295,0.0,0,0,0.0,0.0,0.0,0.0,0.0,0.0,0.0,0.35,667.83231428256,-0.0,667.83231428256,26760.0,0.0
34.5,stop_hold,0.0,1.0,0.0,0.0,0.0,0.0,0.0,0.0,-0.0,0.0,0.0,80000.0,0.0,79999.99851184485,79999.99851184485,-0.0014881551469443366,0.0,0,0,0.0,0.0,0.0,0.0,0.0,0.0,0.0,0.35,667.83231428256,-0.0,667.83231428256,26760.0,0.0
34.55,stop_hold,0.0,1.0,0.0,0.0,0.0,0.0,0.0,0.0,-0.0,0.0,0.0,80000.0,0.0,79999.99878160161,79999.99878160161,-0.0012183983926661313,0.0,0,0,0.0,0.0,0.0,0.0,0.0,0.0,0.0,0.35,667.83231428256,-0.0,667.83231428256,26760.0,0.0
34.6,stop_hold,0.0,1.0,0.0,0.0,0.0,0.0,0.0,0.0,-0.0,0.0,0.0,80000.0,0.0,79999.99900245976,79999.99900245976,-0.0009975402354029939,0.0,0,0,0.0,0.0,0.0,0.0,0.0,0.0,0.0,0.35,667.83231428256,-0.0,667.83231428256,26760.0,0.0
34.65,stop_hold,0.0,1.0,0.0,0.0,0.0,0.0,0.0,0.0,-0.0,0.0,0.0,80000.0,0.0,79999.99918328313,79999.99918328313,-0.0008167168707586825,0.0,0,0,0.0,0.0,0.0,0.0,0.0,0.0,0.0,0.35,667.83231428256,-0.0,667.83231428256,26760.0,0.0
34.7,stop_hold,0.0,1.0,0.0,0.0,0.0,0.0,0.0,0.0,-0.0,0.0,0.0,80000.0,0.0,79999.99933132877,79999.99933132877,-0.0006686712295049801,0.0,0,0,0.0,0.0,0.0,0.0,0.0,0.0,0.0,0.35,667.83231428256,-0.0,667.83231428256,26760.0,0.0
34.75,stop_hold,0.0,1.0,0.0,0.0,0.0,0.0,0.0,0.0,-0.0,0.0,0.0,80000.0,0.0,79999.99945253831,79999.99945253831,-0.0005474616918945685,0.0,0,0,0.0,0.0,0.0,0.0,0.0,0.0,0.0,0.35,667.83231428256,-0.0,667.83231428256,26760.0,0.0
34.8,stop_hold,0.0,1.0,0.0,0.0,0.0,0.0,0.0,0.0,-0.0,0.0,0.0,80000.0,0.0,79999.99955177627,79999.99955177627,-0.00044822372728958726,0.0,0,0,0.0,0.0,0.0,0.0,0.0,0.0,0.0,0.35,667.83231428256,-0.0,667.83231428256,26760.0,0.0
34.85,stop_hold,0.0,1.0,0.0,0.0,0.0,0.0,0.0,0.0,-0.0,0.0,0.0,80000.0,0.0,79999.99963302545,79999.99963302545,-0.00036697454925160855,0.0,0,0,0.0,0.0,0.0,0.0,0.0,0.0,0.0,0.35,667.83231428256,-0.0,667.83231428256,26760.0,0.0
34.9,stop_hold,0.0,1.0,0.0,0.0,0.0,0.0,0.0,0.0,-0.0,0.0,0.0,80000.0,0.0,79999.99969954665,79999.99969954665,-0.0003004533500643447,0.0,0,0,0.0,0.0,0.0,0.0,0.0,0.0,0.0,0.35,667.83231428256,-0.0,667.83231428256,26760.0,0.0
34.95,stop_hold,0.0,1.0,0.0,0.0,0.0,0.0,0.0,0.0,-0.0,0.0,0.0,80000.0,0.0,79999.9997540096,79999.9997540096,-0.0002459904062561691,0.0,0,0,0.0,0.0,0.0,0.0,0.0,0.0,0.0,0.35,667.83231428256,-0.0,667.83231428256,26760.0,0.0
35.0,stop_hold,0.0,1.0,0.0,0.0,0.0,0.0,0.0,0.0,-0.0,0.0,0.0,80000.0,0.0,79999.99979860008,79999.99979860008,-0.00020139991829637438,0.0,0,0,0.0,0.0,0.0,0.0,0.0,0.0,0.0,0.35,667.83231428256,-0.0,667.83231428256,26760.0,0.0
35.05,stop_hold,0.0,1.0,0.0,0.0,0.0,0.0,0.0,0.0,-0.0,0.0,0.0,80000.0,0.0,79999.9998351077,79999.9998351077,-0.00016489230620209128,0.0,0,0,0.0,0.0,0.0,0.0,0.0,0.0,0.0,0.35,667.83231428256,-0.0,667.83231428256,26760.0,0.0
35.1,stop_hold,0.0,1.0,0.0,0.0,0.0,0.0,0.0,0.0,-0.0,0.0,0.0,80000.0,0.0,79999.9998649976,79999.9998649976,-0.00013500239583663642,0.0,0,0,0.0,0.0,0.0,0.0,0.0,0.0,0.0,0.35,667.83231428256,-0.0,667.83231428256,26760.0,0.0
35.15,stop_hold,0.0,1.0,0.0,0.0,0.0,0.0,0.0,0.0,-0.0,0.0,0.0,80000.0,0.0,79999.99988946939,79999.99988946939,-0.00011053061462007463,0.0,0,0,0.0,0.0,0.0,0.0,0.0,0.0,0.0,0.35,667.83231428256,-0.0,667.83231428256,26760.0,0.0
35.2,stop_hold,0.0,1.0,0.0,0.0,0.0,0.0,0.0,0.0,-0.0,0.0,0.0,80000.0,0.0,79999.99990950519,79999.99990950519,-9.049481013789773e-05,0.0,0,0,0.0,0.0,0.0,0.0,0.0,0.0,0.0,0.35,667.83231428256,-0.0,667.83231428256,26760.0,0.0
35.25,stop_hold,0.0,1.0,0.0,0.0,0.0,0.0,0.0,0.0,-0.0,0.0,0.0,80000.0,0.0,79999.99992590913,79999.99992590913,-7.409087265841663e-05,0.0,0,0,0.0,0.0,0.0,0.0,0.0,0.0,0.0,0.35,667.83231428256,-0.0,667.83231428256,26760.0,0.0
35.3,stop_hold,0.0,1.0,0.0,0.0,0.0,0.0,0.0,0.0,-0.0,0.0,0.0,80000.0,0.0,79999.99993933953,79999.99993933953,-6.066047353670001e-05,0.0,0,0,0.0,0.0,0.0,0.0,0.0,0.0,0.0,0.35,667.83231428256,-0.0,667.83231428256,26760.0,0.0
35.35,stop_hold,0.0,1.0,0.0,0.0,0.0,0.0,0.0,0.0,-0.0,0.0,0.0,80000.0,0.0,79999.99995033539,79999.99995033539,-4.9664609832689166e-05,0.0,0,0,0.0,0.0,0.0,0.0,0.0,0.0,0.0,0.35,667.83231428256,-0.0,667.83231428256,26760.0,0.0
35.4,stop_hold,0.0,1.0,0.0,0.0,0.0,0.0,0.0,0.0,-0.0,0.0,0.0,80000.0,0.0,79999.99995933805,79999.99995933805,-4.0661951061338186e-05,0.0,0,0,0.0,0.0,0.0,0.0,0.0,0.0,0.0,0.35,667.83231428256,-0.0,667.83231428256,26760.0,0.0
35.45,stop_hold,0.0,1.0,0.0,0.0,0.0,0.0,0.0,0.0,-0.0,0.0,0.0,80000.0,0.0,79999.99996670881,79999.99996670881,-3.329118771944195e-05,0.0,0,0,0.0,0.0,0.0,0.0,0.0,0.0,0.0,0.35,667.83231428256,-0.0,667.83231428256,26760.0,0.0
35.5,stop_hold,0.0,1.0,0.0,0.0,0.0,0.0,0.0,0.0,-0.0,0.0,0.0,80000.0,0.0,79999.99997274349,79999.99997274349,-2.7256508474238217e-05,0.0,0,0,0.0,0.0,0.0,0.0,0.0,0.0,0.0,0.35,667.83231428256,-0.0,667.83231428256,26760.0,0.0
35.55,stop_hold,0.0,1.0,0.0,0.0,0.0,0.0,0.0,0.0,-0.0,0.0,0.0,80000.0,0.0,79999.99997768425,79999.99997768425,-2.2315754904411733e-05,0.0,0,0,0.0,0.0,0.0,0.0,0.0,0.0,0.0,0.35,667.83231428256,-0.0,667.83231428256,26760.0,0.0
35.6,stop_hold,0.0,1.0,0.0,0.0,0.0,0.0,0.0,0.0,-0.0,0.0,0.0,80000.0,0.0,79999.9999817294,79999.9999817294,-1.8270598957315087e-05,0.0,0,0,0.0,0.0,0.0,0.0,0.0,0.0,0.0,0.35,667.83231428256,-0.0,667.83231428256,26760.0,0.0
35.65,stop_hold,0.0,1.0,0.0,0.0,0.0,0.0,0.0,0.0,-0.0,0.0,0.0,80000.0,0.0,79999.99998504132,79999.99998504132,-1.495868491474539e-05,0.0,0,0,0.0,0.0,0.0,0.0,0.0,0.0,0.0,0.35,667.83231428256,-0.0,667.83231428256,26760.0,0.0
35.7,stop_hold,0.0,1.0,0.0,0.0,0.0,0.0,0.0,0.0,-0.0,0.0,0.0,80000.0,0.0,79999.99998775286,79999.99998775286,-1.2247139238752425e-05,0.0,0,0,0.0,0.0,0.0,0.0,0.0,0.0,0.0,0.35,667.83231428256,-0.0,667.83231428256,26760.0,0.0
35.75,stop_hold,0.0,1.0,0.0,0.0,0.0,0.0,0.0,0.0,-0.0,0.0,0.0,80000.0,0.0,79999.9999899729,79999.9999899729,-1.0027099051512778e-05,0.0,0,0,0.0,0.0,0.0,0.0,0.0,0.0,0.0,0.35,667.83231428256,-0.0,667.83231428256,26760.0,0.0
35.8,stop_hold,0.0,1.0,0.0,0.0,0.0,0.0,0.0,0.0,-0.0,0.0,0.0,80000.0,0.0,79999.99999179051,79999.99999179051,-8.209492079913616e-06,0.0,0,0,0.0,0.0,0.0,0.0,0.0,0.0,0.0,0.35,667.83231428256,-0.0,667.83231428256,26760.0,0.0
35.85,stop_hold,0.0,1.0,0.0,0.0,0.0,0.0,0.0,0.0,-0.0,0.0,0.0,80000.0,0.0,79999.99999327863,79999.99999327863,-6.721369572915137e-06,0.0,0,0,0.0,0.0,0.0,0.0,0.0,0.0,0.0,0.35,667.83231428256,-0.0,667.83231428256,26760.0,0.0
35.9,stop_hold,0.0,1.0,0.0,0.0,0.0,0.0,0.0,0.0,-0.0,0.0,0.0,80000.0,0.0,79999.999994497,79999.999994497,-5.502995918504894e-06,0.0,0,0,0.0,0.0,0.0,0.0,0.0,0.0,0.0,0.35,667.83231428256,-0.0,667.83231428256,26760.0,0.0
35.95,stop_hold,0.0,1.0,0.0,0.0,0.0,0.0,0.0,0.0,-0.0,0.0,0.0,80000.0,0.0,79999.99999549454,79999.99999549454,-4.505462129600346e-06,0.0,0,0,0.0,0.0,0.0,0.0,0.0,0.0,0.0,0.35,667.83231428256,-0.0,667.83231428256,26760.0,0.0
36.0,stop_hold,0.0,1.0,0.0,0.0,0.0,0.0,0.0,0.0,-0.0,0.0,0.0,80000.0,0.0,79999.99999631124,79999.99999631124,-3.6887649912387133e-06,0.0,0,0,0.0,0.0,0.0,0.0,0.0,0.0,0.0,0.35,667.83231428256,-0.0,667.83231428256,26760.0,0.0
36.05,stop_hold,0.0,1.0,0.0,0.0,0.0,0.0,0.0,0.0,-0.0,0.0,0.0,80000.0,0.0,79999.9999969799,79999.9999969799,-3.0201044864952564e-06,0.0,0,0,0.0,0.0,0.0,0.0,0.0,0.0,0.0,0.35,667.83231428256,-0.0,667.83231428256,26760.0,0.0
36.1,stop_hold,0.0,1.0,0.0,0.0,0.0,0.0,0.0,0.0,-0.0,0.0,0.0,80000.0,0.0,79999.99999752737,79999.99999752737,-2.4726323317736387e-06,0.0,0,0,0.0,0.0,0.0,0.0,0.0,0.0,0.0,0.35,667.83231428256,-0.0,667.83231428256,26760.0,0.0
36.15,stop_hold,0.0,1.0,0.0,0.0,0.0,0.0,0.0,0.0,-0.0,0.0,0.0,80000.0,0.0,79999.99999797557,79999.99999797557,-2.0244333427399397e-06,0.0,0,0,0.0,0.0,0.0,0.0,0.0,0.0,0.0,0.35,667.83231428256,-0.0,667.83231428256,26760.0,0.0
36.2,stop_hold,0.0,1.0,0.0,0.0,0.0,0.0,0.0,0.0,-0.0,0.0,0.0,80000.0,0.0,79999.99999834252,79999.99999834252,-1.6574776964262128e-06,0.0,0,0,0.0,0.0,0.0,0.0,0.0,0.0,0.0,0.35,667.83231428256,-0.0,667.83231428256,26760.0,0.0
36.25,stop_hold,0.0,1.0,0.0,0.0,0.0,0.0,0.0,0.0,-0.0,0.0,0.0,80000.0,0.0,79999.99999864299,79999.99999864299,-1.357009750790894e-06,0.0,0,0,0.0,0.0,0.0,0.0,0.0,0.0,0.0,0.35,667.83231428256,-0.0,667.83231428256,26760.0,0.0
36.3,stop_hold,0.0,1.0,0.0,0.0,0.0,0.0,0.0,0.0,-0.0,0.0,0.0,80000.0,0.0,79999.99999888896,79999.99999888896,-1.1110387276858091e-06,0.0,0,0,0.0,0.0,0.0,0.0,0.0,0.0,0.0,0.35,667.83231428256,-0.0,667.83231428256,26760.0,0.0
36.35,stop_hold,0.0,1.0,0.0,0.0,0.0,0.0,0.0,0.0,-0.0,0.0,0.0,80000.0,0.0,79999.99999909036,79999.99999909036,-9.096402209252119e-07,0.0,0,0,0.0,0.0,0.0,0.0,0.0,0.0,0.0,0.35,667.83231428256,-0.0,667.83231428256,26760.0,0.0
36.4,stop_hold,0.0,1.0,0.0,0.0,0.0,0.0,0.0,0.0,-0.0,0.0,0.0,80000.0,0.0,79999.99999925526,79999.99999925526,-7.447379175573587e-07,0.0,0,0,0.0,0.0,0.0,0.0,0.0,0.0,0.0,0.35,667.83231428256,-0.0,667.83231428256,26760.0,0.0
36.45,stop_hold,0.0,1.0,0.0,0.0,0.0,0.0,0.0,0.0,-0.0,0.0,0.0,80000.0,0.0,79999.99999939026,79999.99999939026,-6.097397999837995e-07,0.0,0,0,0.0,0.0,0.0,0.0,0.0,0.0,0.0,0.35,667.83231428256,-0.0,667.83231428256,26760.0,0.0
36.5,stop_hold,0.0,1.0,0.0,0.0,0.0,0.0,0.0,0.0,-0.0,0.0,0.0,80000.0,0.0,79999.9999995008,79999.9999995008,-4.992034519091249e-07,0.0,0,0,0.0,0.0,0.0,0.0,0.0,0.0,0.0,0.35,667.83231428256,-0.0,667.83231428256,26760.0,0.0
36.55,stop_hold,0.0,1.0,0.0,0.0,0.0,0.0,0.0,0.0,-0.0,0.0,0.0,80000.0,0.0,79999.99999959128,79999.99999959128,-4.0871964301913977e-07,0.0,0,0,0.0,0.0,0.0,0.0,0.0,0.0,0.0,0.35,667.83231428256,-0.0,667.83231428256,26760.0,0.0
36.6,stop_hold,0.0,1.0,0.0,0.0,0.0,0.0,0.0,0.0,-0.0,0.0,0.0,80000.0,0.0,79999.99999966536,79999.99999966536,-3.346358425915241e-07,0.0,0,0,0.0,0.0,0.0,0.0,0.0,0.0,0.0,0.35,667.83231428256,-0.0,667.83231428256,26760.0,0.0
36.65,stop_hold,0.0,1.0,0.0,0.0,0.0,0.0,0.0,0.0,-0.0,0.0,0.0,80000.0,0.0,79999.99999972602,79999.99999972602,-2.739834599196911e-07,0.0,0,0,0.0,0.0,0.0,0.0,0.0,0.0,0.0,0.35,667.83231428256,-0.0,667.83231428256,26760.0,0.0
36.7,stop_hold,0.0,1.0,0.0,0.0,0.0,0.0,0.0,0.0,-0.0,0.0,0.0,80000.0,0.0,79999.99999977568,79999.99999977568,-2.2431777324527502e-07,0.0,0,0,0.0,0.0,0.0,0.0,0.0,0.0,0.0,0.35,667.83231428256,-0.0,667.83231428256,26760.0,0.0
36.75,stop_hold,0.0,1.0,0.0,0.0,0.0,0.0,0.0,0.0,-0.0,0.0,0.0,80000.0,0.0,79999.99999981634,79999.99999981634,-1.8365972209721804e-07,0.0,0,0,0.0,0.0,0.0,0.0,0.0,0.0,0.0,0.35,667.83231428256,-0.0,667.83231428256,26760.0,0.0
36.8,stop_hold,0.0,1.0,0.0,0.0,0.0,0.0,0.0,0.0,-0.0,0.0,0.0,80000.0,0.0,79999.99999984964,79999.99999984964,-1.5036494005471468e-07,0.0,0,0,0.0,0.0,0.0,0.0,0.0,0.0,0.0,0.35,667.83231428256,-0.0,667.83231428256,26760.0,0.0
36.85,stop_hold,0.0,1.0,0.0,0.0,0.0,0.0,0.0,0.0,-0.0,0.0,0.0,80000.0,0.0,79999.99999987688,79999.99999987688,-1.2312375474721193e-07,0.0,0,0,0.0,0.0,0.0,0.0,0.0,0.0,0.0,0.35,667.83231428256,-0.0,667.83231428256,26760.0,0.0
36.9,stop_hold,0.0,1.0,0.0,0.0,0.0,0.0,0.0,0.0,-0.0,0.0,0.0,80000.0,0.0,79999.9999998992,79999.9999998992,-1.0080111678689718e-07,0.0,0,0,0.0,0.0,0.0,0.0,0.0,0.0,0.0,0.35,667.83231428256,-0.0,667.83231428256,26760.0,0.0
36.95,stop_hold,0.0,1.0,0.0,0.0,0.0,0.0,0.0,0.0,-0.0,0.0,0.0,80000.0,0.0,79999.99999991748,79999.99999991748,-8.252391126006842e-08,0.0,0,0,0.0,0.0,0.0,0.0,0.0,0.0,0.0,0.35,667.83231428256,-0.0,667.83231428256,26760.0,0.0
37.0,stop_hold,0.0,1.0,0.0,0.0,0.0,0.0,0.0,0.0,-0.0,0.0,0.0,80000.0,0.0,79999.99999993244,79999.99999993244,-6.756454240530729e-08,0.0,0,0,0.0,0.0,0.0,0.0,0.0,0.0,0.0,0.35,667.83231428256,-0.0,667.83231428256,26760.0,0.0
37.05,stop_hold,0.0,1.0,0.0,0.0,0.0,0.0,0.0,0.0,-0.0,0.0,0.0,80000.0,0.0,79999.99999994467,79999.99999994467,-5.532638169825077e-08,0.0,0,0,0.0,0.0,0.0,0.0,0.0,0.0,0.0,0.35,667.83231428256,-0.0,667.83231428256,26760.0,0.0
37.1,stop_hold,0.0,1.0,0.0,0.0,0.0,0.0,0.0,0.0,-0.0,0.0,0.0,80000.0,0.0,79999.9999999547,79999.9999999547,-4.530011210590601e-08,0.0,0,0,0.0,0.0,0.0,0.0,0.0,0.0,0.0,0.35,667.83231428256,-0.0,667.83231428256,26760.0,0.0
37.15,stop_hold,0.0,1.0,0.0,0.0,0.0,0.0,0.0,0.0,-0.0,0.0,0.0,80000.0,0.0,79999.9999999629,79999.9999999629,-3.7092831917107105e-08,0.0,0,0,0.0,0.0,0.0,0.0,0.0,0.0,0.0,0.35,667.83231428256,-0.0,667.83231428256,26760.0,0.0
37.2,stop_hold,0.0,1.0,0.0,0.0,0.0,0.0,0.0,0.0,-0.0,0.0,0.0,80000.0,0.0,79999.99999996963,79999.99999996963,-3.036984708160162e-08,0.0,0,0,0.0,0.0,0.0,0.0,0.0,0.0,0.0,0.35,667.83231428256,-0.0,667.83231428256,26760.0,0.0
37.25,stop_hold,0.0,1.0,0.0,0.0,0.0,0.0,0.0,0.0,-0.0,0.0,0.0,80000.0,0.0,79999.99999997516,79999.99999997516,-2.4840119294822216e-08,0.0,0,0,0.0,0.0,0.0,0.0,0.0,0.0,0.0,0.35,667.83231428256,-0.0,667.83231428256,26760.0,0.0
37.3,stop_hold,0.0,1.0,0.0,0.0,0.0,0.0,0.0,0.0,-0.0,0.0,0.0,80000.0,0.0,79999.99999997966,79999.99999997966,-2.034357748925686e-08,0.0,0,0,0.0,0.0,0.0,0.0,0.0,0.0,0.0,0.35,667.83231428256,-0.0,667.83231428256,26760.0,0.0
37.35,stop_hold,0.0,1.0,0.0,0.0,0.0,0.0,0.0,0.0,-0.0,0.0,0.0,80000.0,0.0,79999.99999998337,79999.99999998337,-1.663283910602331e-08,0.0,0,0,0.0,0.0,0.0,0.0,0.0,0.0,0.0,0.35,667.83231428256,-0.0,667.83231428256,26760.0,0.0
37.4,stop_hold,0.0,1.0,0.0,0.0,0.0,0.0,0.0,0.0,-0.0,0.0,0.0,80000.0,0.0,79999.99999998638,79999.99999998638,-1.3620592653751373e-08,0.0,0,0,0.0,0.0,0.0,0.0,0.0,0.0,0.0,0.35,667.83231428256,-0.0,667.83231428256,26760.0,0.0
37.45,stop_hold,0.0,1.0,0.0,0.0,0.0,0.0,0.0,0.0,-0.0,0.0,0.0,80000.0,0.0,79999.99999998884,79999.99999998884,-1.1161318980157375e-08,0.0,0,0,0.0,0.0,0.0,0.0,0.0,0.0,0.0,0.35,667.83231428256,-0.0,667.83231428256,26760.0,0.0
37.5,stop_hold,0.0,1.0,0.0,0.0,0.0,0.0,0.0,0.0,-0.0,0.0,0.0,80000.0,0.0,79999.99999999089,79999.99999999089,-9.10949893295765e-09,0.0,0,0,0.0,0.0,0.0,0.0,0.0,0.0,0.0,0.35,667.83231428256,-0.0,667.83231428256,26760.0,0.0
37.55,stop_hold,0.0,1.0,0.0,0.0,0.0,0.0,0.0,0.0,-0.0,0.0,0.0,80000.0,0.0,79999.99999999256,79999.99999999256,-7.436028681695461e-09,0.0,0,0,0.0,0.0,0.0,0.0,0.0,0.0,0.0,0.35,667.83231428256,-0.0,667.83231428256,26760.0,0.0
37.6,stop_hold,0.0,1.0,0.0,0.0,0.0,0.0,0.0,0.0,-0.0,0.0,0.0,80000.0,0.0,79999.99999999392,79999.99999999392,-6.082700565457344e-09,0.0,0,0,0.0,0.0,0.0,0.0,0.0,0.0,0.0,0.35,667.83231428256,-0.0,667.83231428256,26760.0,0.0
37.65,stop_hold,0.0,1.0,0.0,0.0,0.0,0.0,0.0,0.0,-0.0,0.0,0.0,80000.0,0.0,79999.99999999502,79999.99999999502,-4.976755008101463e-09,0.0,0,0,0.0,0.0,0.0,0.0,0.0,0.0,0.0,0.35,667.83231428256,-0.0,667.83231428256,26760.0,0.0
37.7,stop_hold,0.0,1.0,0.0,0.0,0.0,0.0,0.0,0.0,-0.0,0.0,0.0,80000.0,0.0,79999.99999999591,79999.99999999591,-4.089088179171085e-09,0.0,0,0,0.0,0.0,0.0,0.0,0.0,0.0,0.0,0.35,667.83231428256,-0.0,667.83231428256,26760.0,0.0
37.75,stop_hold,0.0,1.0,0.0,0.0,0.0,0.0,0.0,0.0,-0.0,0.0,0.0,80000.0,0.0,79999.99999999665,79999.99999999665,-3.346940502524376e-09,0.0,0,0,0.0,0.0,0.0,0.0,0.0,0.0,0.0,0.35,667.83231428256,-0.0,667.83231428256,26760.0,0.0
37.8,stop_hold,0.0,1.0,0.0,0.0,0.0,0.0,0.0,0.0,-0.0,0.0,0.0,80000.0,0.0,79999.99999999726,79999.99999999726,-2.735760062932968e-09,0.0,0,0,0.0,0.0,0.0,0.0,0.0,0.0,0.0,0.35,667.83231428256,-0.0,667.83231428256,26760.0,0.0
37.85,stop_hold,0.0,1.0,0.0,0.0,0.0,0.0,0.0,0.0,-0.0,0.0,0.0,80000.0,0.0,79999.99999999777,79999.99999999777,-2.2264430299401283e-09,0.0,0,0,0.0,0.0,0.0,0.0,0.0,0.0,0.0,0.35,667.83231428256,-0.0,667.83231428256,26760.0,0.0
37.9,stop_hold,0.0,1.0,0.0,0.0,0.0,0.0,0.0,0.0,-0.0,0.0,0.0,80000.0,0.0,79999.99999999817,79999.99999999817,-1.8335413187742233e-09,0.0,0,0,0.0,0.0,0.0,0.0,0.0,0.0,0.0,0.35,667.83231428256,-0.0,667.83231428256,26760.0,0.0
37.95,stop_hold,0.0,1.0,0.0,0.0,0.0,0.0,0.0,0.0,-0.0,0.0,0.0,80000.0,0.0,79999.9999999985,79999.9999999985,-1.4988472685217857e-09,0.0,0,0,0.0,0.0,0.0,0.0,0.0,0.0,0.0,0.35,667.83231428256,-0.0,667.83231428256,26760.0,0.0
38.0,stop_hold,0.0,1.0,0.0,0.0,0.0,0.0,0.0,0.0,-0.0,0.0,0.0,80000.0,0.0,79999.99999999878,79999.99999999878,-1.2223608791828156e-09,0.0,0,0,0.0,0.0,0.0,0.0,0.0,0.0,0.0,0.35,667.83231428256,-0.0,667.83231428256,26760.0,0.0
38.05,stop_hold,0.0,1.0,0.0,0.0,0.0,0.0,0.0,0.0,-0.0,0.0,0.0,80000.0,0.0,79999.999999999,79999.999999999,-1.0040821507573128e-09,0.0,0,0,0.0,0.0,0.0,0.0,0.0,0.0,0.0,0.35,667.83231428256,-0.0,667.83231428256,26760.0,0.0
38.1,stop_hold,0.0,1.0,0.0,0.0,0.0,0.0,0.0,0.0,-0.0,0.0,0.0,80000.0,0.0,79999.99999999917,79999.99999999917,-8.294591680169106e-10,0.0,0,0,0.0,0.0,0.0,0.0,0.0,0.0,0.0,0.35,667.83231428256,-0.0,667.83231428256,26760.0,0.0
38.15,stop_hold,0.0,1.0,0.0,0.0,0.0,0.0,0.0,0.0,-0.0,0.0,0.0,80000.0,0.0,79999.99999999932,79999.99999999932,-6.83940015733242e-10,0.0,0,0,0.0,0.0,0.0,0.0,0.0,0.0,0.0,0.35,667.83231428256,-0.0,667.83231428256,26760.0,0.0
38.2,stop_hold,0.0,1.0,0.0,0.0,0.0,0.0,0.0,0.0,-0.0,0.0,0.0,80000.0,0.0,79999.99999999946,79999.99999999946,-5.384208634495735e-10,0.0,0,0,0.0,0.0,0.0,0.0,0.0,0.0,0.0,0.35,667.83231428256,-0.0,667.83231428256,26760.0,0.0
38.25,stop_hold,0.0,1.0,0.0,0.0,0.0,0.0,0.0,0.0,-0.0,0.0,0.0,80000.0,0.0,79999.99999999953,79999.99999999953,-4.656612873077393e-10,0.0,0,0,0.0,0.0,0.0,0.0,0.0,0.0,0.0,0.35,667.83231428256,-0.0,667.83231428256,26760.0,0.0
38.3,stop_hold,0.0,1.0,0.0,0.0,0.0,0.0,0.0,0.0,-0.0,0.0,0.0,80000.0,0.0,79999.9999999996,79999.9999999996,-3.92901711165905e-10,0.0,0,0,0.0,0.0,0.0,0.0,0.0,0.0,0.0,0.35,667.83231428256,-0.0,667.83231428256,26760.0,0.0
38.35,stop_hold,0.0,1.0,0.0,0.0,0.0,0.0,0.0,0.0,-0.0,0.0,0.0,80000.0,0.0,79999.99999999968,79999.99999999968,-3.2014213502407074e-10,0.0,0,0,0.0,0.0,0.0,0.0,0.0,0.0,0.0,0.35,667.83231428256,-0.0,667.83231428256,26760.0,0.0
38.4,stop_hold,0.0,1.0,0.0,0.0,0.0,0.0,0.0,0.0,-0.0,0.0,0.0,80000.0,0.0,79999.99999999975,79999.99999999975,-2.473825588822365e-10,0.0,0,0,0.0,0.0,0.0,0.0,0.0,0.0,0.0,0.35,667.83231428256,-0.0,667.83231428256,26760.0,0.0
38.45,stop_hold,0.0,1.0,0.0,0.0,0.0,0.0,0.0,0.0,-0.0,0.0,0.0,80000.0,0.0,79999.99999999983,79999.99999999983,-1.7462298274040222e-10,0.0,0,0,0.0,0.0,0.0,0.0,0.0,0.0,0.0,0.35,667.83231428256,-0.0,667.83231428256,26760.0,0.0
38.5,stop_hold,0.0,1.0,0.0,0.0,0.0,0.0,0.0,0.0,-0.0,0.0,0.0,80000.0,0.0,79999.99999999983,79999.99999999983,-1.7462298274040222e-10,0.0,0,0,0.0,0.0,0.0,0.0,0.0,0.0,0.0,0.35,667.83231428256,-0.0,667.83231428256,26760.0,0.0
38.55,stop_hold,0.0,1.0,0.0,0.0,0.0,0.0,0.0,0.0,-0.0,0.0,0.0,80000.0,0.0,79999.99999999983,79999.99999999983,-1.7462298274040222e-10,0.0,0,0,0.0,0.0,0.0,0.0,0.0,0.0,0.0,0.35,667.83231428256,-0.0,667.83231428256,26760.0,0.0
38.6,stop_hold,0.0,1.0,0.0,0.0,0.0,0.0,0.0,0.0,-0.0,0.0,0.0,80000.0,0.0,79999.99999999983,79999.99999999983,-1.7462298274040222e-10,0.0,0,0,0.0,0.0,0.0,0.0,0.0,0.0,0.0,0.35,667.83231428256,-0.0,667.83231428256,26760.0,0.0
38.65,stop_hold,0.0,1.0,0.0,0.0,0.0,0.0,0.0,0.0,-0.0,0.0,0.0,80000.0,0.0,79999.99999999983,79999.99999999983,-1.7462298274040222e-10,0.0,0,0,0.0,0.0,0.0,0.0,0.0,0.0,0.0,0.35,667.83231428256,-0.0,667.83231428256,26760.0,0.0
38.7,stop_hold,0.0,1.0,0.0,0.0,0.0,0.0,0.0,0.0,-0.0,0.0,0.0,80000.0,0.0,79999.99999999983,79999.99999999983,-1.7462298274040222e-10,0.0,0,0,0.0,0.0,0.0,0.0,0.0,0.0,0.0,0.35,667.83231428256,-0.0,667.83231428256,26760.0,0.0
38.75,stop_hold,0.0,1.0,0.0,0.0,0.0,0.0,0.0,0.0,-0.0,0.0,0.0,80000.0,0.0,79999.99999999983,79999.99999999983,-1.7462298274040222e-10,0.0,0,0,0.0,0.0,0.0,0.0,0.0,0.0,0.0,0.35,667.83231428256,-0.0,667.83231428256,26760.0,0.0
38.8,stop_hold,0.0,1.0,0.0,0.0,0.0,0.0,0.0,0.0,-0.0,0.0,0.0,80000.0,0.0,79999.99999999983,79999.99999999983,-1.7462298274040222e-10,0.0,0,0,0.0,0.0,0.0,0.0,0.0,0.0,0.0,0.35,667.83231428256,-0.0,667.83231428256,26760.0,0.0
38.85,stop_hold,0.0,1.0,0.0,0.0,0.0,0.0,0.0,0.0,-0.0,0.0,0.0,80000.0,0.0,79999.99999999983,79999.99999999983,-1.7462298274040222e-10,0.0,0,0,0.0,0.0,0.0,0.0,0.0,0.0,0.0,0.35,667.83231428256,-0.0,667.83231428256,26760.0,0.0
38.9,stop_hold,0.0,1.0,0.0,0.0,0.0,0.0,0.0,0.0,-0.0,0.0,0.0,80000.0,0.0,79999.99999999983,79999.99999999983,-1.7462298274040222e-10,0.0,0,0,0.0,0.0,0.0,0.0,0.0,0.0,0.0,0.35,667.83231428256,-0.0,667.83231428256,26760.0,0.0
38.95,stop_hold,0.0,1.0,0.0,0.0,0.0,0.0,0.0,0.0,-0.0,0.0,0.0,80000.0,0.0,79999.99999999983,79999.99999999983,-1.7462298274040222e-10,0.0,0,0,0.0,0.0,0.0,0.0,0.0,0.0,0.0,0.35,667.83231428256,-0.0,667.83231428256,26760.0,0.0
39.0,stop_hold,0.0,1.0,0.0,0.0,0.0,0.0,0.0,0.0,-0.0,0.0,0.0,80000.0,0.0,79999.99999999983,79999.99999999983,-1.7462298274040222e-10,0.0,0,0,0.0,0.0,0.0,0.0,0.0,0.0,0.0,0.35,667.83231428256,-0.0,667.83231428256,26760.0,0.0
39.05,stop_hold,0.0,1.0,0.0,0.0,0.0,0.0,0.0,0.0,-0.0,0.0,0.0,80000.0,0.0,79999.99999999983,79999.99999999983,-1.7462298274040222e-10,0.0,0,0,0.0,0.0,0.0,0.0,0.0,0.0,0.0,0.35,667.83231428256,-0.0,667.83231428256,26760.0,0.0
39.1,stop_hold,0.0,1.0,0.0,0.0,0.0,0.0,0.0,0.0,-0.0,0.0,0.0,80000.0,0.0,79999.99999999983,79999.99999999983,-1.7462298274040222e-10,0.0,0,0,0.0,0.0,0.0,0.0,0.0,0.0,0.0,0.35,667.83231428256,-0.0,667.83231428256,26760.0,0.0
39.15,stop_hold,0.0,1.0,0.0,0.0,0.0,0.0,0.0,0.0,-0.0,0.0,0.0,80000.0,0.0,79999.99999999983,79999.99999999983,-1.7462298274040222e-10,0.0,0,0,0.0,0.0,0.0,0.0,0.0,0.0,0.0,0.35,667.83231428256,-0.0,667.83231428256,26760.0,0.0
39.2,stop_hold,0.0,1.0,0.0,0.0,0.0,0.0,0.0,0.0,-0.0,0.0,0.0,80000.0,0.0,79999.99999999983,79999.99999999983,-1.7462298274040222e-10,0.0,0,0,0.0,0.0,0.0,0.0,0.0,0.0,0.0,0.35,667.83231428256,-0.0,667.83231428256,26760.0,0.0
39.25,stop_hold,0.0,1.0,0.0,0.0,0.0,0.0,0.0,0.0,-0.0,0.0,0.0,80000.0,0.0,79999.99999999983,79999.99999999983,-1.7462298274040222e-10,0.0,0,0,0.0,0.0,0.0,0.0,0.0,0.0,0.0,0.35,667.83231428256,-0.0,667.83231428256,26760.0,0.0
39.3,stop_hold,0.0,1.0,0.0,0.0,0.0,0.0,0.0,0.0,-0.0,0.0,0.0,80000.0,0.0,79999.99999999983,79999.99999999983,-1.7462298274040222e-10,0.0,0,0,0.0,0.0,0.0,0.0,0.0,0.0,0.0,0.35,667.83231428256,-0.0,667.83231428256,26760.0,0.0
39.35,stop_hold,0.0,1.0,0.0,0.0,0.0,0.0,0.0,0.0,-0.0,0.0,0.0,80000.0,0.0,79999.99999999983,79999.99999999983,-1.7462298274040222e-10,0.0,0,0,0.0,0.0,0.0,0.0,0.0,0.0,0.0,0.35,667.83231428256,-0.0,667.83231428256,26760.0,0.0
39.4,stop_hold,0.0,1.0,0.0,0.0,0.0,0.0,0.0,0.0,-0.0,0.0,0.0,80000.0,0.0,79999.99999999983,79999.99999999983,-1.7462298274040222e-10,0.0,0,0,0.0,0.0,0.0,0.0,0.0,0.0,0.0,0.35,667.83231428256,-0.0,667.83231428256,26760.0,0.0
39.45,stop_hold,0.0,1.0,0.0,0.0,0.0,0.0,0.0,0.0,-0.0,0.0,0.0,80000.0,0.0,79999.99999999983,79999.99999999983,-1.7462298274040222e-10,0.0,0,0,0.0,0.0,0.0,0.0,0.0,0.0,0.0,0.35,667.83231428256,-0.0,667.83231428256,26760.0,0.0
39.5,stop_hold,0.0,1.0,0.0,0.0,0.0,0.0,0.0,0.0,-0.0,0.0,0.0,80000.0,0.0,79999.99999999983,79999.99999999983,-1.7462298274040222e-10,0.0,0,0,0.0,0.0,0.0,0.0,0.0,0.0,0.0,0.35,667.83231428256,-0.0,667.83231428256,26760.0,0.0
39.55,stop_hold,0.0,1.0,0.0,0.0,0.0,0.0,0.0,0.0,-0.0,0.0,0.0,80000.0,0.0,79999.99999999983,79999.99999999983,-1.7462298274040222e-10,0.0,0,0,0.0,0.0,0.0,0.0,0.0,0.0,0.0,0.35,667.83231428256,-0.0,667.83231428256,26760.0,0.0
39.6,stop_hold,0.0,1.0,0.0,0.0,0.0,0.0,0.0,0.0,-0.0,0.0,0.0,80000.0,0.0,79999.99999999983,79999.99999999983,-1.7462298274040222e-10,0.0,0,0,0.0,0.0,0.0,0.0,0.0,0.0,0.0,0.35,667.83231428256,-0.0,667.83231428256,26760.0,0.0
39.65,stop_hold,0.0,1.0,0.0,0.0,0.0,0.0,0.0,0.0,-0.0,0.0,0.0,80000.0,0.0,79999.99999999983,79999.99999999983,-1.7462298274040222e-10,0.0,0,0,0.0,0.0,0.0,0.0,0.0,0.0,0.0,0.35,667.83231428256,-0.0,667.83231428256,26760.0,0.0
39.7,stop_hold,0.0,1.0,0.0,0.0,0.0,0.0,0.0,0.0,-0.0,0.0,0.0,80000.0,0.0,79999.99999999983,79999.99999999983,-1.7462298274040222e-10,0.0,0,0,0.0,0.0,0.0,0.0,0.0,0.0,0.0,0.35,667.83231428256,-0.0,667.83231428256,26760.0,0.0
39.75,stop_hold,0.0,1.0,0.0,0.0,0.0,0.0,0.0,0.0,-0.0,0.0,0.0,80000.0,0.0,79999.99999999983,79999.99999999983,-1.7462298274040222e-10,0.0,0,0,0.0,0.0,0.0,0.0,0.0,0.0,0.0,0.35,667.83231428256,-0.0,667.83231428256,26760.0,0.0
39.8,stop_hold,0.0,1.0,0.0,0.0,0.0,0.0,0.0,0.0,-0.0,0.0,0.0,80000.0,0.0,79999.99999999983,79999.99999999983,-1.7462298274040222e-10,0.0,0,0,0.0,0.0,0.0,0.0,0.0,0.0,0.0,0.35,667.83231428256,-0.0,667.83231428256,26760.0,0.0
39.85,stop_hold,0.0,1.0,0.0,0.0,0.0,0.0,0.0,0.0,-0.0,0.0,0.0,80000.0,0.0,79999.99999999983,79999.99999999983,-1.7462298274040222e-10,0.0,0,0,0.0,0.0,0.0,0.0,0.0,0.0,0.0,0.35,667.83231428256,-0.0,667.83231428256,26760.0,0.0
39.9,stop_hold,0.0,1.0,0.0,0.0,0.0,0.0,0.0,0.0,-0.0,0.0,0.0,80000.0,0.0,79999.99999999983,79999.99999999983,-1.7462298274040222e-10,0.0,0,0,0.0,0.0,0.0,0.0,0.0,0.0,0.0,0.35,667.83231428256,-0.0,667.83231428256,26760.0,0.0
39.95,stop_hold,0.0,1.0,0.0,0.0,0.0,0.0,0.0,0.0,-0.0,0.0,0.0,80000.0,0.0,79999.99999999983,79999.99999999983,-1.7462298274040222e-10,0.0,0,0,0.0,0.0,0.0,0.0,0.0,0.0,0.0,0.35,667.83231428256,-0.0,667.83231428256,26760.0,0.0
40.0,stop_hold,0.0,1.0,0.0,0.0,0.0,0.0,0.0,0.0,-0.0,0.0,0.0,80000.0,0.0,79999.99999999983,79999.99999999983,-1.7462298274040222e-10,0.0,0,0,0.0,0.0,0.0,0.0,0.0,0.0,0.0,0.35,667.83231428256,-0.0,667.83231428256,26760.0,0.0
40.05,stop_hold,0.0,1.0,0.0,0.0,0.0,0.0,0.0,0.0,-0.0,0.0,0.0,80000.0,0.0,79999.99999999983,79999.99999999983,-1.7462298274040222e-10,0.0,0,0,0.0,0.0,0.0,0.0,0.0,0.0,0.0,0.35,667.83231428256,-0.0,667.83231428256,26760.0,0.0
40.1,stop_hold,0.0,1.0,0.0,0.0,0.0,0.0,0.0,0.0,-0.0,0.0,0.0,80000.0,0.0,79999.99999999983,79999.99999999983,-1.7462298274040222e-10,0.0,0,0,0.0,0.0,0.0,0.0,0.0,0.0,0.0,0.35,667.83231428256,-0.0,667.83231428256,26760.0,0.0
40.15,stop_hold,0.0,1.0,0.0,0.0,0.0,0.0,0.0,0.0,-0.0,0.0,0.0,80000.0,0.0,79999.99999999983,79999.99999999983,-1.7462298274040222e-10,0.0,0,0,0.0,0.0,0.0,0.0,0.0,0.0,0.0,0.35,667.83231428256,-0.0,667.83231428256,26760.0,0.0
40.2,stop_hold,0.0,1.0,0.0,0.0,0.0,0.0,0.0,0.0,-0.0,0.0,0.0,80000.0,0.0,79999.99999999983,79999.99999999983,-1.7462298274040222e-10,0.0,0,0,0.0,0.0,0.0,0.0,0.0,0.0,0.0,0.35,667.83231428256,-0.0,667.83231428256,26760.0,0.0
40.25,stop_hold,0.0,1.0,0.0,0.0,0.0,0.0,0.0,0.0,-0.0,0.0,0.0,80000.0,0.0,79999.99999999983,79999.99999999983,-1.7462298274040222e-10,0.0,0,0,0.0,0.0,0.0,0.0,0.0,0.0,0.0,0.35,667.83231428256,-0.0,667.83231428256,26760.0,0.0
40.3,stop_hold,0.0,1.0,0.0,0.0,0.0,0.0,0.0,0.0,-0.0,0.0,0.0,80000.0,0.0,79999.99999999983,79999.99999999983,-1.7462298274040222e-10,0.0,0,0,0.0,0.0,0.0,0.0,0.0,0.0,0.0,0.35,667.83231428256,-0.0,667.83231428256,26760.0,0.0
40.35,stop_hold,0.0,1.0,0.0,0.0,0.0,0.0,0.0,0.0,-0.0,0.0,0.0,80000.0,0.0,79999.99999999983,79999.99999999983,-1.7462298274040222e-10,0.0,0,0,0.0,0.0,0.0,0.0,0.0,0.0,0.0,0.35,667.83231428256,-0.0,667.83231428256,26760.0,0.0
40.4,stop_hold,0.0,1.0,0.0,0.0,0.0,0.0,0.0,0.0,-0.0,0.0,0.0,80000.0,0.0,79999.99999999983,79999.99999999983,-1.7462298274040222e-10,0.0,0,0,0.0,0.0,0.0,0.0,0.0,0.0,0.0,0.35,667.83231428256,-0.0,667.83231428256,26760.0,0.0
40.45,stop_hold,0.0,1.0,0.0,0.0,0.0,0.0,0.0,0.0,-0.0,0.0,0.0,80000.0,0.0,79999.99999999983,79999.99999999983,-1.7462298274040222e-10,0.0,0,0,0.0,0.0,0.0,0.0,0.0,0.0,0.0,0.35,667.83231428256,-0.0,667.83231428256,26760.0,0.0
40.5,stop_hold,0.0,1.0,0.0,0.0,0.0,0.0,0.0,0.0,-0.0,0.0,0.0,80000.0,0.0,79999.99999999983,79999.99999999983,-1.7462298274040222e-10,0.0,0,0,0.0,0.0,0.0,0.0,0.0,0.0,0.0,0.35,667.83231428256,-0.0,667.83231428256,26760.0,0.0
40.55,stop_hold,0.0,1.0,0.0,0.0,0.0,0.0,0.0,0.0,-0.0,0.0,0.0,80000.0,0.0,79999.99999999983,79999.99999999983,-1.7462298274040222e-10,0.0,0,0,0.0,0.0,0.0,0.0,0.0,0.0,0.0,0.35,667.83231428256,-0.0,667.83231428256,26760.0,0.0
40.6,stop_hold,0.0,1.0,0.0,0.0,0.0,0.0,0.0,0.0,-0.0,0.0,0.0,80000.0,0.0,79999.99999999983,79999.99999999983,-1.7462298274040222e-10,0.0,0,0,0.0,0.0,0.0,0.0,0.0,0.0,0.0,0.35,667.83231428256,-0.0,667.83231428256,26760.0,0.0
40.65,stop_hold,0.0,1.0,0.0,0.0,0.0,0.0,0.0,0.0,-0.0,0.0,0.0,80000.0,0.0,79999.99999999983,79999.99999999983,-1.7462298274040222e-10,0.0,0,0,0.0,0.0,0.0,0.0,0.0,0.0,0.0,0.35,667.83231428256,-0.0,667.83231428256,26760.0,0.0
40.7,stop_hold,0.0,1.0,0.0,0.0,0.0,0.0,0.0,0.0,-0.0,0.0,0.0,80000.0,0.0,79999.99999999983,79999.99999999983,-1.7462298274040222e-10,0.0,0,0,0.0,0.0,0.0,0.0,0.0,0.0,0.0,0.35,667.83231428256,-0.0,667.83231428256,26760.0,0.0
40.75,stop_hold,0.0,1.0,0.0,0.0,0.0,0.0,0.0,0.0,-0.0,0.0,0.0,80000.0,0.0,79999.99999999983,79999.99999999983,-1.7462298274040222e-10,0.0,0,0,0.0,0.0,0.0,0.0,0.0,0.0,0.0,0.35,667.83231428256,-0.0,667.83231428256,26760.0,0.0
40.8,stop_hold,0.0,1.0,0.0,0.0,0.0,0.0,0.0,0.0,-0.0,0.0,0.0,80000.0,0.0,79999.99999999983,79999.99999999983,-1.7462298274040222e-10,0.0,0,0,0.0,0.0,0.0,0.0,0.0,0.0,0.0,0.35,667.83231428256,-0.0,667.83231428256,26760.0,0.0
40.85,stop_hold,0.0,1.0,0.0,0.0,0.0,0.0,0.0,0.0,-0.0,0.0,0.0,80000.0,0.0,79999.99999999983,79999.99999999983,-1.7462298274040222e-10,0.0,0,0,0.0,0.0,0.0,0.0,0.0,0.0,0.0,0.35,667.83231428256,-0.0,667.83231428256,26760.0,0.0
40.9,stop_hold,0.0,1.0,0.0,0.0,0.0,0.0,0.0,0.0,-0.0,0.0,0.0,80000.0,0.0,79999.99999999983,79999.99999999983,-1.7462298274040222e-10,0.0,0,0,0.0,0.0,0.0,0.0,0.0,0.0,0.0,0.35,667.83231428256,-0.0,667.83231428256,26760.0,0.0
40.95,stop_hold,0.0,1.0,0.0,0.0,0.0,0.0,0.0,0.0,-0.0,0.0,0.0,80000.0,0.0,79999.99999999983,79999.99999999983,-1.7462298274040222e-10,0.0,0,0,0.0,0.0,0.0,0.0,0.0,0.0,0.0,0.35,667.83231428256,-0.0,667.83231428256,26760.0,0.0
41.0,stop_hold,0.0,1.0,0.0,0.0,0.0,0.0,0.0,0.0,-0.0,0.0,0.0,80000.0,0.0,79999.99999999983,79999.99999999983,-1.7462298274040222e-10,0.0,0,0,0.0,0.0,0.0,0.0,0.0,0.0,0.0,0.35,667.83231428256,-0.0,667.83231428256,26760.0,0.0
41.05,stop_hold,0.0,1.0,0.0,0.0,0.0,0.0,0.0,0.0,-0.0,0.0,0.0,80000.0,0.0,79999.99999999983,79999.99999999983,-1.7462298274040222e-10,0.0,0,0,0.0,0.0,0.0,0.0,0.0,0.0,0.0,0.35,667.83231428256,-0.0,667.83231428256,26760.0,0.0
41.1,stop_hold,0.0,1.0,0.0,0.0,0.0,0.0,0.0,0.0,-0.0,0.0,0.0,80000.0,0.0,79999.99999999983,79999.99999999983,-1.7462298274040222e-10,0.0,0,0,0.0,0.0,0.0,0.0,0.0,0.0,0.0,0.35,667.83231428256,-0.0,667.83231428256,26760.0,0.0
41.15,stop_hold,0.0,1.0,0.0,0.0,0.0,0.0,0.0,0.0,-0.0,0.0,0.0,80000.0,0.0,79999.99999999983,79999.99999999983,-1.7462298274040222e-10,0.0,0,0,0.0,0.0,0.0,0.0,0.0,0.0,0.0,0.35,667.83231428256,-0.0,667.83231428256,26760.0,0.0
41.2,stop_hold,0.0,1.0,0.0,0.0,0.0,0.0,0.0,0.0,-0.0,0.0,0.0,80000.0,0.0,79999.99999999983,79999.99999999983,-1.7462298274040222e-10,0.0,0,0,0.0,0.0,0.0,0.0,0.0,0.0,0.0,0.35,667.83231428256,-0.0,667.83231428256,26760.0,0.0
41.25,stop_hold,0.0,1.0,0.0,0.0,0.0,0.0,0.0,0.0,-0.0,0.0,0.0,80000.0,0.0,79999.99999999983,79999.99999999983,-1.7462298274040222e-10,0.0,0,0,0.0,0.0,0.0,0.0,0.0,0.0,0.0,0.35,667.83231428256,-0.0,667.83231428256,26760.0,0.0
41.3,stop_hold,0.0,1.0,0.0,0.0,0.0,0.0,0.0,0.0,-0.0,0.0,0.0,80000.0,0.0,79999.99999999983,79999.99999999983,-1.7462298274040222e-10,0.0,0,0,0.0,0.0,0.0,0.0,0.0,0.0,0.0,0.35,667.83231428256,-0.0,667.83231428256,26760.0,0.0
41.35,stop_hold,0.0,1.0,0.0,0.0,0.0,0.0,0.0,0.0,-0.0,0.0,0.0,80000.0,0.0,79999.99999999983,79999.99999999983,-1.7462298274040222e-10,0.0,0,0,0.0,0.0,0.0,0.0,0.0,0.0,0.0,0.35,667.83231428256,-0.0,667.83231428256,26760.0,0.0
41.4,stop_hold,0.0,1.0,0.0,0.0,0.0,0.0,0.0,0.0,-0.0,0.0,0.0,80000.0,0.0,79999.99999999983,79999.99999999983,-1.7462298274040222e-10,0.0,0,0,0.0,0.0,0.0,0.0,0.0,0.0,0.0,0.35,667.83231428256,-0.0,667.83231428256,26760.0,0.0
41.45,stop_hold,0.0,1.0,0.0,0.0,0.0,0.0,0.0,0.0,-0.0,0.0,0.0,80000.0,0.0,79999.99999999983,79999.99999999983,-1.7462298274040222e-10,0.0,0,0,0.0,0.0,0.0,0.0,0.0,0.0,0.0,0.35,667.83231428256,-0.0,667.83231428256,26760.0,0.0
41.5,stop_hold,0.0,1.0,0.0,0.0,0.0,0.0,0.0,0.0,-0.0,0.0,0.0,80000.0,0.0,79999.99999999983,79999.99999999983,-1.7462298274040222e-10,0.0,0,0,0.0,0.0,0.0,0.0,0.0,0.0,0.0,0.35,667.83231428256,-0.0,667.83231428256,26760.0,0.0
41.55,stop_hold,0.0,1.0,0.0,0.0,0.0,0.0,0.0,0.0,-0.0,0.0,0.0,80000.0,0.0,79999.99999999983,79999.99999999983,-1.7462298274040222e-10,0.0,0,0,0.0,0.0,0.0,0.0,0.0,0.0,0.0,0.35,667.83231428256,-0.0,667.83231428256,26760.0,0.0
41.6,stop_hold,0.0,1.0,0.0,0.0,0.0,0.0,0.0,0.0,-0.0,0.0,0.0,80000.0,0.0,79999.99999999983,79999.99999999983,-1.7462298274040222e-10,0.0,0,0,0.0,0.0,0.0,0.0,0.0,0.0,0.0,0.35,667.83231428256,-0.0,667.83231428256,26760.0,0.0
41.65,stop_hold,0.0,1.0,0.0,0.0,0.0,0.0,0.0,0.0,-0.0,0.0,0.0,80000.0,0.0,79999.99999999983,79999.99999999983,-1.7462298274040222e-10,0.0,0,0,0.0,0.0,0.0,0.0,0.0,0.0,0.0,0.35,667.83231428256,-0.0,667.83231428256,26760.0,0.0
41.7,stop_hold,0.0,1.0,0.0,0.0,0.0,0.0,0.0,0.0,-0.0,0.0,0.0,80000.0,0.0,79999.99999999983,79999.99999999983,-1.7462298274040222e-10,0.0,0,0,0.0,0.0,0.0,0.0,0.0,0.0,0.0,0.35,667.83231428256,-0.0,667.83231428256,26760.0,0.0
41.75,stop_hold,0.0,1.0,0.0,0.0,0.0,0.0,0.0,0.0,-0.0,0.0,0.0,80000.0,0.0,79999.99999999983,79999.99999999983,-1.7462298274040222e-10,0.0,0,0,0.0,0.0,0.0,0.0,0.0,0.0,0.0,0.35,667.83231428256,-0.0,667.83231428256,26760.0,0.0
41.8,stop_hold,0.0,1.0,0.0,0.0,0.0,0.0,0.0,0.0,-0.0,0.0,0.0,80000.0,0.0,79999.99999999983,79999.99999999983,-1.7462298274040222e-10,0.0,0,0,0.0,0.0,0.0,0.0,0.0,0.0,0.0,0.35,667.83231428256,-0.0,667.83231428256,26760.0,0.0
41.85,stop_hold,0.0,1.0,0.0,0.0,0.0,0.0,0.0,0.0,-0.0,0.0,0.0,80000.0,0.0,79999.99999999983,79999.99999999983,-1.7462298274040222e-10,0.0,0,0,0.0,0.0,0.0,0.0,0.0,0.0,0.0,0.35,667.83231428256,-0.0,667.83231428256,26760.0,0.0
41.9,stop_hold,0.0,1.0,0.0,0.0,0.0,0.0,0.0,0.0,-0.0,0.0,0.0,80000.0,0.0,79999.99999999983,79999.99999999983,-1.7462298274040222e-10,0.0,0,0,0.0,0.0,0.0,0.0,0.0,0.0,0.0,0.35,667.83231428256,-0.0,667.83231428256,26760.0,0.0
41.95,stop_hold,0.0,1.0,0.0,0.0,0.0,0.0,0.0,0.0,-0.0,0.0,0.0,80000.0,0.0,79999.99999999983,79999.99999999983,-1.7462298274040222e-10,0.0,0,0,0.0,0.0,0.0,0.0,0.0,0.0,0.0,0.35,667.83231428256,-0.0,667.83231428256,26760.0,0.0
42.0,stop_hold,0.0,1.0,0.0,0.0,0.0,0.0,0.0,0.0,-0.0,0.0,0.0,80000.0,0.0,79999.99999999983,79999.99999999983,-1.7462298274040222e-10,0.0,0,0,0.0,0.0,0.0,0.0,0.0,0.0,0.0,0.35,667.83231428256,-0.0,667.83231428256,26760.0,0.0
42.05,stop_hold,0.0,1.0,0.0,0.0,0.0,0.0,0.0,0.0,-0.0,0.0,0.0,80000.0,0.0,79999.99999999983,79999.99999999983,-1.7462298274040222e-10,0.0,0,0,0.0,0.0,0.0,0.0,0.0,0.0,0.0,0.35,667.83231428256,-0.0,667.83231428256,26760.0,0.0
42.1,stop_hold,0.0,1.0,0.0,0.0,0.0,0.0,0.0,0.0,-0.0,0.0,0.0,80000.0,0.0,79999.99999999983,79999.99999999983,-1.7462298274040222e-10,0.0,0,0,0.0,0.0,0.0,0.0,0.0,0.0,0.0,0.35,667.83231428256,-0.0,667.83231428256,26760.0,0.0
42.15,stop_hold,0.0,1.0,0.0,0.0,0.0,0.0,0.0,0.0,-0.0,0.0,0.0,80000.0,0.0,79999.99999999983,79999.99999999983,-1.7462298274040222e-10,0.0,0,0,0.0,0.0,0.0,0.0,0.0,0.0,0.0,0.35,667.83231428256,-0.0,667.83231428256,26760.0,0.0
42.2,stop_hold,0.0,1.0,0.0,0.0,0.0,0.0,0.0,0.0,-0.0,0.0,0.0,80000.0,0.0,79999.99999999983,79999.99999999983,-1.7462298274040222e-10,0.0,0,0,0.0,0.0,0.0,0.0,0.0,0.0,0.0,0.35,667.83231428256,-0.0,667.83231428256,26760.0,0.0
42.25,stop_hold,0.0,1.0,0.0,0.0,0.0,0.0,0.0,0.0,-0.0,0.0,0.0,80000.0,0.0,79999.99999999983,79999.99999999983,-1.7462298274040222e-10,0.0,0,0,0.0,0.0,0.0,0.0,0.0,0.0,0.0,0.35,667.83231428256,-0.0,667.83231428256,26760.0,0.0
42.3,stop_hold,0.0,1.0,0.0,0.0,0.0,0.0,0.0,0.0,-0.0,0.0,0.0,80000.0,0.0,79999.99999999983,79999.99999999983,-1.7462298274040222e-10,0.0,0,0,0.0,0.0,0.0,0.0,0.0,0.0,0.0,0.35,667.83231428256,-0.0,667.83231428256,26760.0,0.0
42.35,stop_hold,0.0,1.0,0.0,0.0,0.0,0.0,0.0,0.0,-0.0,0.0,0.0,80000.0,0.0,79999.99999999983,79999.99999999983,-1.7462298274040222e-10,0.0,0,0,0.0,0.0,0.0,0.0,0.0,0.0,0.0,0.35,667.83231428256,-0.0,667.83231428256,26760.0,0.0
42.4,stop_hold,0.0,1.0,0.0,0.0,0.0,0.0,0.0,0.0,-0.0,0.0,0.0,80000.0,0.0,79999.99999999983,79999.99999999983,-1.7462298274040222e-10,0.0,0,0,0.0,0.0,0.0,0.0,0.0,0.0,0.0,0.35,667.83231428256,-0.0,667.83231428256,26760.0,0.0
42.45,stop_hold,0.0,1.0,0.0,0.0,0.0,0.0,0.0,0.0,-0.0,0.0,0.0,80000.0,0.0,79999.99999999983,79999.99999999983,-1.7462298274040222e-10,0.0,0,0,0.0,0.0,0.0,0.0,0.0,0.0,0.0,0.35,667.83231428256,-0.0,667.83231428256,26760.0,0.0
42.5,stop_hold,0.0,1.0,0.0,0.0,0.0,0.0,0.0,0.0,-0.0,0.0,0.0,80000.0,0.0,79999.99999999983,79999.99999999983,-1.7462298274040222e-10,0.0,0,0,0.0,0.0,0.0,0.0,0.0,0.0,0.0,0.35,667.83231428256,-0.0,667.83231428256,26760.0,0.0
42.55,stop_hold,0.0,1.0,0.0,0.0,0.0,0.0,0.0,0.0,-0.0,0.0,0.0,80000.0,0.0,79999.99999999983,79999.99999999983,-1.7462298274040222e-10,0.0,0,0,0.0,0.0,0.0,0.0,0.0,0.0,0.0,0.35,667.83231428256,-0.0,667.83231428256,26760.0,0.0
42.6,stop_hold,0.0,1.0,0.0,0.0,0.0,0.0,0.0,0.0,-0.0,0.0,0.0,80000.0,0.0,79999.99999999983,79999.99999999983,-1.7462298274040222e-10,0.0,0,0,0.0,0.0,0.0,0.0,0.0,0.0,0.0,0.35,667.83231428256,-0.0,667.83231428256,26760.0,0.0
42.65,stop_hold,0.0,1.0,0.0,0.0,0.0,0.0,0.0,0.0,-0.0,0.0,0.0,80000.0,0.0,79999.99999999983,79999.99999999983,-1.7462298274040222e-10,0.0,0,0,0.0,0.0,0.0,0.0,0.0,0.0,0.0,0.35,667.83231428256,-0.0,667.83231428256,26760.0,0.0
42.7,stop_hold,0.0,1.0,0.0,0.0,0.0,0.0,0.0,0.0,-0.0,0.0,0.0,80000.0,0.0,79999.99999999983,79999.99999999983,-1.7462298274040222e-10,0.0,0,0,0.0,0.0,0.0,0.0,0.0,0.0,0.0,0.35,667.83231428256,-0.0,667.83231428256,26760.0,0.0
42.75,stop_hold,0.0,1.0,0.0,0.0,0.0,0.0,0.0,0.0,-0.0,0.0,0.0,80000.0,0.0,79999.99999999983,79999.99999999983,-1.7462298274040222e-10,0.0,0,0,0.0,0.0,0.0,0.0,0.0,0.0,0.0,0.35,667.83231428256,-0.0,667.83231428256,26760.0,0.0
42.8,stop_hold,0.0,1.0,0.0,0.0,0.0,0.0,0.0,0.0,-0.0,0.0,0.0,80000.0,0.0,79999.99999999983,79999.99999999983,-1.7462298274040222e-10,0.0,0,0,0.0,0.0,0.0,0.0,0.0,0.0,0.0,0.35,667.83231428256,-0.0,667.83231428256,26760.0,0.0
42.85,stop_hold,0.0,1.0,0.0,0.0,0.0,0.0,0.0,0.0,-0.0,0.0,0.0,80000.0,0.0,79999.99999999983,79999.99999999983,-1.7462298274040222e-10,0.0,0,0,0.0,0.0,0.0,0.0,0.0,0.0,0.0,0.35,667.83231428256,-0.0,667.83231428256,26760.0,0.0
42.9,stop_hold,0.0,1.0,0.0,0.0,0.0,0.0,0.0,0.0,-0.0,0.0,0.0,80000.0,0.0,79999.99999999983,79999.99999999983,-1.7462298274040222e-10,0.0,0,0,0.0,0.0,0.0,0.0,0.0,0.0,0.0,0.35,667.83231428256,-0.0,667.83231428256,26760.0,0.0
42.95,stop_hold,0.0,1.0,0.0,0.0,0.0,0.0,0.0,0.0,-0.0,0.0,0.0,80000.0,0.0,79999.99999999983,79999.99999999983,-1.7462298274040222e-10,0.0,0,0,0.0,0.0,0.0,0.0,0.0,0.0,0.0,0.35,667.83231428256,-0.0,667.83231428256,26760.0,0.0
43.0,stop_hold,0.0,1.0,0.0,0.0,0.0,0.0,0.0,0.0,-0.0,0.0,0.0,80000.0,0.0,79999.99999999983,79999.99999999983,-1.7462298274040222e-10,0.0,0,0,0.0,0.0,0.0,0.0,0.0,0.0,0.0,0.35,667.83231428256,-0.0,667.83231428256,26760.0,0.0
43.05,stop_hold,0.0,1.0,0.0,0.0,0.0,0.0,0.0,0.0,-0.0,0.0,0.0,80000.0,0.0,79999.99999999983,79999.99999999983,-1.7462298274040222e-10,0.0,0,0,0.0,0.0,0.0,0.0,0.0,0.0,0.0,0.35,667.83231428256,-0.0,667.83231428256,26760.0,0.0
43.1,stop_hold,0.0,1.0,0.0,0.0,0.0,0.0,0.0,0.0,-0.0,0.0,0.0,80000.0,0.0,79999.99999999983,79999.99999999983,-1.7462298274040222e-10,0.0,0,0,0.0,0.0,0.0,0.0,0.0,0.0,0.0,0.35,667.83231428256,-0.0,667.83231428256,26760.0,0.0
43.15,stop_hold,0.0,1.0,0.0,0.0,0.0,0.0,0.0,0.0,-0.0,0.0,0.0,80000.0,0.0,79999.99999999983,79999.99999999983,-1.7462298274040222e-10,0.0,0,0,0.0,0.0,0.0,0.0,0.0,0.0,0.0,0.35,667.83231428256,-0.0,667.83231428256,26760.0,0.0
43.2,stop_hold,0.0,1.0,0.0,0.0,0.0,0.0,0.0,0.0,-0.0,0.0,0.0,80000.0,0.0,79999.99999999983,79999.99999999983,-1.7462298274040222e-10,0.0,0,0,0.0,0.0,0.0,0.0,0.0,0.0,0.0,0.35,667.83231428256,-0.0,667.83231428256,26760.0,0.0
43.25,stop_hold,0.0,1.0,0.0,0.0,0.0,0.0,0.0,0.0,-0.0,0.0,0.0,80000.0,0.0,79999.99999999983,79999.99999999983,-1.7462298274040222e-10,0.0,0,0,0.0,0.0,0.0,0.0,0.0,0.0,0.0,0.35,667.83231428256,-0.0,667.83231428256,26760.0,0.0
43.3,stop_hold,0.0,1.0,0.0,0.0,0.0,0.0,0.0,0.0,-0.0,0.0,0.0,80000.0,0.0,79999.99999999983,79999.99999999983,-1.7462298274040222e-10,0.0,0,0,0.0,0.0,0.0,0.0,0.0,0.0,0.0,0.35,667.83231428256,-0.0,667.83231428256,26760.0,0.0
43.35,stop_hold,0.0,1.0,0.0,0.0,0.0,0.0,0.0,0.0,-0.0,0.0,0.0,80000.0,0.0,79999.99999999983,79999.99999999983,-1.7462298274040222e-10,0.0,0,0,0.0,0.0,0.0,0.0,0.0,0.0,0.0,0.35,667.83231428256,-0.0,667.83231428256,26760.0,0.0
43.4,stop_hold,0.0,1.0,0.0,0.0,0.0,0.0,0.0,0.0,-0.0,0.0,0.0,80000.0,0.0,79999.99999999983,79999.99999999983,-1.7462298274040222e-10,0.0,0,0,0.0,0.0,0.0,0.0,0.0,0.0,0.0,0.35,667.83231428256,-0.0,667.83231428256,26760.0,0.0
43.45,stop_hold,0.0,1.0,0.0,0.0,0.0,0.0,0.0,0.0,-0.0,0.0,0.0,80000.0,0.0,79999.99999999983,79999.99999999983,-1.7462298274040222e-10,0.0,0,0,0.0,0.0,0.0,0.0,0.0,0.0,0.0,0.35,667.83231428256,-0.0,667.83231428256,26760.0,0.0
43.5,stop_hold,0.0,1.0,0.0,0.0,0.0,0.0,0.0,0.0,-0.0,0.0,0.0,80000.0,0.0,79999.99999999983,79999.99999999983,-1.7462298274040222e-10,0.0,0,0,0.0,0.0,0.0,0.0,0.0,0.0,0.0,0.35,667.83231428256,-0.0,667.83231428256,26760.0,0.0
43.55,stop_hold,0.0,1.0,0.0,0.0,0.0,0.0,0.0,0.0,-0.0,0.0,0.0,80000.0,0.0,79999.99999999983,79999.99999999983,-1.7462298274040222e-10,0.0,0,0,0.0,0.0,0.0,0.0,0.0,0.0,0.0,0.35,667.83231428256,-0.0,667.83231428256,26760.0,0.0
43.6,stop_hold,0.0,1.0,0.0,0.0,0.0,0.0,0.0,0.0,-0.0,0.0,0.0,80000.0,0.0,79999.99999999983,79999.99999999983,-1.7462298274040222e-10,0.0,0,0,0.0,0.0,0.0,0.0,0.0,0.0,0.0,0.35,667.83231428256,-0.0,667.83231428256,26760.0,0.0
43.65,stop_hold,0.0,1.0,0.0,0.0,0.0,0.0,0.0,0.0,-0.0,0.0,0.0,80000.0,0.0,79999.99999999983,79999.99999999983,-1.7462298274040222e-10,0.0,0,0,0.0,0.0,0.0,0.0,0.0,0.0,0.0,0.35,667.83231428256,-0.0,667.83231428256,26760.0,0.0
43.7,stop_hold,0.0,1.0,0.0,0.0,0.0,0.0,0.0,0.0,-0.0,0.0,0.0,80000.0,0.0,79999.99999999983,79999.99999999983,-1.7462298274040222e-10,0.0,0,0,0.0,0.0,0.0,0.0,0.0,0.0,0.0,0.35,667.83231428256,-0.0,667.83231428256,26760.0,0.0
43.75,stop_hold,0.0,1.0,0.0,0.0,0.0,0.0,0.0,0.0,-0.0,0.0,0.0,80000.0,0.0,79999.99999999983,79999.99999999983,-1.7462298274040222e-10,0.0,0,0,0.0,0.0,0.0,0.0,0.0,0.0,0.0,0.35,667.83231428256,-0.0,667.83231428256,26760.0,0.0
43.8,stop_hold,0.0,1.0,0.0,0.0,0.0,0.0,0.0,0.0,-0.0,0.0,0.0,80000.0,0.0,79999.99999999983,79999.99999999983,-1.7462298274040222e-10,0.0,0,0,0.0,0.0,0.0,0.0,0.0,0.0,0.0,0.35,667.83231428256,-0.0,667.83231428256,26760.0,0.0
43.85,stop_hold,0.0,1.0,0.0,0.0,0.0,0.0,0.0,0.0,-0.0,0.0,0.0,80000.0,0.0,79999.99999999983,79999.99999999983,-1.7462298274040222e-10,0.0,0,0,0.0,0.0,0.0,0.0,0.0,0.0,0.0,0.35,667.83231428256,-0.0,667.83231428256,26760.0,0.0
43.9,stop_hold,0.0,1.0,0.0,0.0,0.0,0.0,0.0,0.0,-0.0,0.0,0.0,80000.0,0.0,79999.99999999983,79999.99999999983,-1.7462298274040222e-10,0.0,0,0,0.0,0.0,0.0,0.0,0.0,0.0,0.0,0.35,667.83231428256,-0.0,667.83231428256,26760.0,0.0
43.95,stop_hold,0.0,1.0,0.0,0.0,0.0,0.0,0.0,0.0,-0.0,0.0,0.0,80000.0,0.0,79999.99999999983,79999.99999999983,-1.7462298274040222e-10,0.0,0,0,0.0,0.0,0.0,0.0,0.0,0.0,0.0,0.35,667.83231428256,-0.0,667.83231428256,26760.0,0.0
44.0,stop_hold,0.0,1.0,0.0,0.0,0.0,0.0,0.0,0.0,-0.0,0.0,0.0,80000.0,0.0,79999.99999999983,79999.99999999983,-1.7462298274040222e-10,0.0,0,0,0.0,0.0,0.0,0.0,0.0,0.0,0.0,0.35,667.83231428256,-0.0,667.83231428256,26760.0,0.0
44.05,stop_hold,0.0,1.0,0.0,0.0,0.0,0.0,0.0,0.0,-0.0,0.0,0.0,80000.0,0.0,79999.99999999983,79999.99999999983,-1.7462298274040222e-10,0.0,0,0,0.0,0.0,0.0,0.0,0.0,0.0,0.0,0.35,667.83231428256,-0.0,667.83231428256,26760.0,0.0
44.1,stop_hold,0.0,1.0,0.0,0.0,0.0,0.0,0.0,0.0,-0.0,0.0,0.0,80000.0,0.0,79999.99999999983,79999.99999999983,-1.7462298274040222e-10,0.0,0,0,0.0,0.0,0.0,0.0,0.0,0.0,0.0,0.35,667.83231428256,-0.0,667.83231428256,26760.0,0.0
44.15,stop_hold,0.0,1.0,0.0,0.0,0.0,0.0,0.0,0.0,-0.0,0.0,0.0,80000.0,0.0,79999.99999999983,79999.99999999983,-1.7462298274040222e-10,0.0,0,0,0.0,0.0,0.0,0.0,0.0,0.0,0.0,0.35,667.83231428256,-0.0,667.83231428256,26760.0,0.0
44.2,stop_hold,0.0,1.0,0.0,0.0,0.0,0.0,0.0,0.0,-0.0,0.0,0.0,80000.0,0.0,79999.99999999983,79999.99999999983,-1.7462298274040222e-10,0.0,0,0,0.0,0.0,0.0,0.0,0.0,0.0,0.0,0.35,667.83231428256,-0.0,667.83231428256,26760.0,0.0
44.25,stop_hold,0.0,1.0,0.0,0.0,0.0,0.0,0.0,0.0,-0.0,0.0,0.0,80000.0,0.0,79999.99999999983,79999.99999999983,-1.7462298274040222e-10,0.0,0,0,0.0,0.0,0.0,0.0,0.0,0.0,0.0,0.35,667.83231428256,-0.0,667.83231428256,26760.0,0.0
44.3,stop_hold,0.0,1.0,0.0,0.0,0.0,0.0,0.0,0.0,-0.0,0.0,0.0,80000.0,0.0,79999.99999999983,79999.99999999983,-1.7462298274040222e-10,0.0,0,0,0.0,0.0,0.0,0.0,0.0,0.0,0.0,0.35,667.83231428256,-0.0,667.83231428256,26760.0,0.0
44.35,stop_hold,0.0,1.0,0.0,0.0,0.0,0.0,0.0,0.0,-0.0,0.0,0.0,80000.0,0.0,79999.99999999983,79999.99999999983,-1.7462298274040222e-10,0.0,0,0,0.0,0.0,0.0,0.0,0.0,0.0,0.0,0.35,667.83231428256,-0.0,667.83231428256,26760.0,0.0
44.4,stop_hold,0.0,1.0,0.0,0.0,0.0,0.0,0.0,0.0,-0.0,0.0,0.0,80000.0,0.0,79999.99999999983,79999.99999999983,-1.7462298274040222e-10,0.0,0,0,0.0,0.0,0.0,0.0,0.0,0.0,0.0,0.35,667.83231428256,-0.0,667.83231428256,26760.0,0.0
44.45,stop_hold,0.0,1.0,0.0,0.0,0.0,0.0,0.0,0.0,-0.0,0.0,0.0,80000.0,0.0,79999.99999999983,79999.99999999983,-1.7462298274040222e-10,0.0,0,0,0.0,0.0,0.0,0.0,0.0,0.0,0.0,0.35,667.83231428256,-0.0,667.83231428256,26760.0,0.0
44.5,stop_hold,0.0,1.0,0.0,0.0,0.0,0.0,0.0,0.0,-0.0,0.0,0.0,80000.0,0.0,79999.99999999983,79999.99999999983,-1.7462298274040222e-10,0.0,0,0,0.0,0.0,0.0,0.0,0.0,0.0,0.0,0.35,667.83231428256,-0.0,667.83231428256,26760.0,0.0
44.55,stop_hold,0.0,1.0,0.0,0.0,0.0,0.0,0.0,0.0,-0.0,0.0,0.0,80000.0,0.0,79999.99999999983,79999.99999999983,-1.7462298274040222e-10,0.0,0,0,0.0,0.0,0.0,0.0,0.0,0.0,0.0,0.35,667.83231428256,-0.0,667.83231428256,26760.0,0.0
44.6,stop_hold,0.0,1.0,0.0,0.0,0.0,0.0,0.0,0.0,-0.0,0.0,0.0,80000.0,0.0,79999.99999999983,79999.99999999983,-1.7462298274040222e-10,0.0,0,0,0.0,0.0,0.0,0.0,0.0,0.0,0.0,0.35,667.83231428256,-0.0,667.83231428256,26760.0,0.0
44.65,stop_hold,0.0,1.0,0.0,0.0,0.0,0.0,0.0,0.0,-0.0,0.0,0.0,80000.0,0.0,79999.99999999983,79999.99999999983,-1.7462298274040222e-10,0.0,0,0,0.0,0.0,0.0,0.0,0.0,0.0,0.0,0.35,667.83231428256,-0.0,667.83231428256,26760.0,0.0
44.7,stop_hold,0.0,1.0,0.0,0.0,0.0,0.0,0.0,0.0,-0.0,0.0,0.0,80000.0,0.0,79999.99999999983,79999.99999999983,-1.7462298274040222e-10,0.0,0,0,0.0,0.0,0.0,0.0,0.0,0.0,0.0,0.35,667.83231428256,-0.0,667.83231428256,26760.0,0.0
44.75,stop_hold,0.0,1.0,0.0,0.0,0.0,0.0,0.0,0.0,-0.0,0.0,0.0,80000.0,0.0,79999.99999999983,79999.99999999983,-1.7462298274040222e-10,0.0,0,0,0.0,0.0,0.0,0.0,0.0,0.0,0.0,0.35,667.83231428256,-0.0,667.83231428256,26760.0,0.0
44.8,stop_hold,0.0,1.0,0.0,0.0,0.0,0.0,0.0,0.0,-0.0,0.0,0.0,80000.0,0.0,79999.99999999983,79999.99999999983,-1.7462298274040222e-10,0.0,0,0,0.0,0.0,0.0,0.0,0.0,0.0,0.0,0.35,667.83231428256,-0.0,667.83231428256,26760.0,0.0
44.85,stop_hold,0.0,1.0,0.0,0.0,0.0,0.0,0.0,0.0,-0.0,0.0,0.0,80000.0,0.0,79999.99999999983,79999.99999999983,-1.7462298274040222e-10,0.0,0,0,0.0,0.0,0.0,0.0,0.0,0.0,0.0,0.35,667.83231428256,-0.0,667.83231428256,26760.0,0.0
44.9,stop_hold,0.0,1.0,0.0,0.0,0.0,0.0,0.0,0.0,-0.0,0.0,0.0,80000.0,0.0,79999.99999999983,79999.99999999983,-1.7462298274040222e-10,0.0,0,0,0.0,0.0,0.0,0.0,0.0,0.0,0.0,0.35,667.83231428256,-0.0,667.83231428256,26760.0,0.0
44.95,stop_hold,0.0,1.0,0.0,0.0,0.0,0.0,0.0,0.0,-0.0,0.0,0.0,80000.0,0.0,79999.99999999983,79999.99999999983,-1.7462298274040222e-10,0.0,0,0,0.0,0.0,0.0,0.0,0.0,0.0,0.0,0.35,667.83231428256,-0.0,667.83231428256,26760.0,0.0
45.0,stop_hold,0.0,0.3,0.0,0.0,0.0,0.0,0.0,0.0,-0.0,0.0,0.0,24000.0,0.0,79999.99999999983,79999.99999999983,55999.999999999825,0.0,0,0,0.0,0.0,0.0,0.0,0.0,0.0,0.0,0.35,667.83231428256,-0.0,667.83231428256,26760.0,0.0
45.05,stop_hold,0.0,0.3,0.0,0.0,0.0,0.0,0.0,0.0,-0.0,0.0,0.0,24000.0,0.0,79999.99999999983,79999.99999999983,55999.999999999825,0.0,0,0,0.0,0.0,0.0,0.0,0.0,0.0,0.0,0.35,667.83231428256,-0.0,667.83231428256,26760.0,0.0
45.1,stop_hold,0.0,0.3,0.0,0.0,0.0,0.0,0.0,0.0,-0.0,0.0,0.0,24000.0,0.0,24000.0,24000.0,0.0,0.0,0,0,0.0,0.0,0.0,0.0,0.0,0.0,0.0,0.35,667.83231428256,-0.0,667.83231428256,26760.0,0.0
45.15,stop_hold,0.0,0.3,0.0,0.0,0.0,0.0,0.0,0.0,-0.0,0.0,0.0,24000.0,0.0,24000.0,24000.0,0.0,0.0,0,0,0.0,0.0,0.0,0.0,0.0,0.0,0.0,0.35,667.83231428256,-0.0,667.83231428256,26760.0,0.0
45.2,stop_hold,0.0,0.3,0.0,0.0,0.0,0.0,0.0,0.0,-0.0,0.0,0.0,24000.0,0.0,24000.0,24000.0,0.0,0.0,0,0,0.0,0.0,0.0,0.0,0.0,0.0,0.0,0.35,667.83231428256,-0.0,667.83231428256,26760.0,0.0
45.25,stop_hold,0.0,0.3,0.0,0.0,0.0,0.0,0.0,0.0,-0.0,0.0,0.0,24000.0,0.0,24000.0,24000.0,0.0,0.0,0,0,0.0,0.0,0.0,0.0,0.0,0.0,0.0,0.35,667.83231428256,-0.0,667.83231428256,26760.0,0.0
45.3,stop_hold,0.0,0.3,0.0,0.0,0.0,0.0,0.0,0.0,-0.0,0.0,0.0,24000.0,0.0,24000.0,24000.0,0.0,0.0,0,0,0.0,0.0,0.0,0.0,0.0,0.0,0.0,0.35,667.83231428256,-0.0,667.83231428256,26760.0,0.0
45.35,stop_hold,0.0,0.3,0.0,0.0,0.0,0.0,0.0,0.0,-0.0,0.0,0.0,24000.0,0.0,24000.0,24000.0,0.0,0.0,0,0,0.0,0.0,0.0,0.0,0.0,0.0,0.0,0.35,667.83231428256,-0.0,667.83231428256,26760.0,0.0
45.4,stop_hold,0.0,0.3,0.0,0.0,0.0,0.0,0.0,0.0,-0.0,0.0,0.0,24000.0,0.0,24000.0,24000.0,0.0,0.0,0,0,0.0,0.0,0.0,0.0,0.0,0.0,0.0,0.35,667.83231428256,-0.0,667.83231428256,26760.0,0.0
45.45,stop_hold,0.0,0.3,0.0,0.0,0.0,0.0,0.0,0.0,-0.0,0.0,0.0,24000.0,0.0,24000.0,24000.0,0.0,0.0,0,0,0.0,0.0,0.0,0.0,0.0,0.0,0.0,0.35,667.83231428256,-0.0,667.83231428256,26760.0,0.0
45.5,stop_hold,0.0,0.3,0.0,0.0,0.0,0.0,0.0,0.0,-0.0,0.0,0.0,24000.0,0.0,24000.0,24000.0,0.0,0.0,0,0,0.0,0.0,0.0,0.0,0.0,0.0,0.0,0.35,667.83231428256,-0.0,667.83231428256,26760.0,0.0
45.55,stop_hold,0.0,0.3,0.0,0.0,0.0,0.0,0.0,0.0,-0.0,0.0,0.0,24000.0,0.0,24000.0,24000.0,0.0,0.0,0,0,0.0,0.0,0.0,0.0,0.0,0.0,0.0,0.35,667.83231428256,-0.0,667.83231428256,26760.0,0.0
45.6,stop_hold,0.0,0.3,0.0,0.0,0.0,0.0,0.0,0.0,-0.0,0.0,0.0,24000.0,0.0,24000.0,24000.0,0.0,0.0,0,0,0.0,0.0,0.0,0.0,0.0,0.0,0.0,0.35,667.83231428256,-0.0,667.83231428256,26760.0,0.0
45.65,stop_hold,0.0,0.3,0.0,0.0,0.0,0.0,0.0,0.0,-0.0,0.0,0.0,24000.0,0.0,24000.0,24000.0,0.0,0.0,0,0,0.0,0.0,0.0,0.0,0.0,0.0,0.0,0.35,667.83231428256,-0.0,667.83231428256,26760.0,0.0
45.7,stop_hold,0.0,0.3,0.0,0.0,0.0,0.0,0.0,0.0,-0.0,0.0,0.0,24000.0,0.0,24000.0,24000.0,0.0,0.0,0,0,0.0,0.0,0.0,0.0,0.0,0.0,0.0,0.35,667.83231428256,-0.0,667.83231428256,26760.0,0.0
45.75,stop_hold,0.0,0.3,0.0,0.0,0.0,0.0,0.0,0.0,-0.0,0.0,0.0,24000.0,0.0,24000.0,24000.0,0.0,0.0,0,0,0.0,0.0,0.0,0.0,0.0,0.0,0.0,0.35,667.83231428256,-0.0,667.83231428256,26760.0,0.0
45.8,stop_hold,0.0,0.3,0.0,0.0,0.0,0.0,0.0,0.0,-0.0,0.0,0.0,24000.0,0.0,24000.0,24000.0,0.0,0.0,0,0,0.0,0.0,0.0,0.0,0.0,0.0,0.0,0.35,667.83231428256,-0.0,667.83231428256,26760.0,0.0
45.85,stop_hold,0.0,0.3,0.0,0.0,0.0,0.0,0.0,0.0,-0.0,0.0,0.0,24000.0,0.0,24000.0,24000.0,0.0,0.0,0,0,0.0,0.0,0.0,0.0,0.0,0.0,0.0,0.35,667.83231428256,-0.0,667.83231428256,26760.0,0.0
45.9,stop_hold,0.0,0.3,0.0,0.0,0.0,0.0,0.0,0.0,-0.0,0.0,0.0,24000.0,0.0,24000.0,24000.0,0.0,0.0,0,0,0.0,0.0,0.0,0.0,0.0,0.0,0.0,0.35,667.83231428256,-0.0,667.83231428256,26760.0,0.0
45.95,stop_hold,0.0,0.3,0.0,0.0,0.0,0.0,0.0,0.0,-0.0,0.0,0.0,24000.0,0.0,24000.0,24000.0,0.0,0.0,0,0,0.0,0.0,0.0,0.0,0.0,0.0,0.0,0.35,667.83231428256,-0.0,667.83231428256,26760.0,0.0
46.0,stop_hold,0.0,0.3,0.0,0.0,0.0,0.0,0.0,0.0,-0.0,0.0,0.0,24000.0,0.0,24000.0,24000.0,0.0,0.0,0,0,0.0,0.0,0.0,0.0,0.0,0.0,0.0,0.35,667.83231428256,-0.0,667.83231428256,26760.0,0.0
46.05,stop_hold,0.0,0.3,0.0,0.0,0.0,0.0,0.0,0.0,-0.0,0.0,0.0,24000.0,0.0,24000.0,24000.0,0.0,0.0,0,0,0.0,0.0,0.0,0.0,0.0,0.0,0.0,0.35,667.83231428256,-0.0,667.83231428256,26760.0,0.0
46.1,stop_hold,0.0,0.3,0.0,0.0,0.0,0.0,0.0,0.0,-0.0,0.0,0.0,24000.0,0.0,24000.0,24000.0,0.0,0.0,0,0,0.0,0.0,0.0,0.0,0.0,0.0,0.0,0.35,667.83231428256,-0.0,667.83231428256,26760.0,0.0
46.15,stop_hold,0.0,0.3,0.0,0.0,0.0,0.0,0.0,0.0,-0.0,0.0,0.0,24000.0,0.0,24000.0,24000.0,0.0,0.0,0,0,0.0,0.0,0.0,0.0,0.0,0.0,0.0,0.35,667.83231428256,-0.0,667.83231428256,26760.0,0.0
46.2,stop_hold,0.0,0.3,0.0,0.0,0.0,0.0,0.0,0.0,-0.0,0.0,0.0,24000.0,0.0,24000.0,24000.0,0.0,0.0,0,0,0.0,0.0,0.0,0.0,0.0,0.0,0.0,0.35,667.83231428256,-0.0,667.83231428256,26760.0,0.0
46.25,stop_hold,0.0,0.3,0.0,0.0,0.0,0.0,0.0,0.0,-0.0,0.0,0.0,24000.0,0.0,24000.0,24000.0,0.0,0.0,0,0,0.0,0.0,0.0,0.0,0.0,0.0,0.0,0.35,667.83231428256,-0.0,667.83231428256,26760.0,0.0
46.3,stop_hold,0.0,0.3,0.0,0.0,0.0,0.0,0.0,0.0,-0.0,0.0,0.0,24000.0,0.0,24000.0,24000.0,0.0,0.0,0,0,0.0,0.0,0.0,0.0,0.0,0.0,0.0,0.35,667.83231428256,-0.0,667.83231428256,26760.0,0.0
46.35,stop_hold,0.0,0.3,0.0,0.0,0.0,0.0,0.0,0.0,-0.0,0.0,0.0,24000.0,0.0,24000.0,24000.0,0.0,0.0,0,0,0.0,0.0,0.0,0.0,0.0,0.0,0.0,0.35,667.83231428256,-0.0,667.83231428256,26760.0,0.0
46.4,stop_hold,0.0,0.3,0.0,0.0,0.0,0.0,0.0,0.0,-0.0,0.0,0.0,24000.0,0.0,24000.0,24000.0,0.0,0.0,0,0,0.0,0.0,0.0,0.0,0.0,0.0,0.0,0.35,667.83231428256,-0.0,667.83231428256,26760.0,0.0
46.45,stop_hold,0.0,0.3,0.0,0.0,0.0,0.0,0.0,0.0,-0.0,0.0,0.0,24000.0,0.0,24000.0,24000.0,0.0,0.0,0,0,0.0,0.0,0.0,0.0,0.0,0.0,0.0,0.35,667.83231428256,-0.0,667.83231428256,26760.0,0.0
46.5,stop_hold,0.0,0.3,0.0,0.0,0.0,0.0,0.0,0.0,-0.0,0.0,0.0,24000.0,0.0,24000.0,24000.0,0.0,0.0,0,0,0.0,0.0,0.0,0.0,0.0,0.0,0.0,0.35,667.83231428256,-0.0,667.83231428256,26760.0,0.0
46.55,stop_hold,0.0,0.3,0.0,0.0,0.0,0.0,0.0,0.0,-0.0,0.0,0.0,24000.0,0.0,24000.0,24000.0,0.0,0.0,0,0,0.0,0.0,0.0,0.0,0.0,0.0,0.0,0.35,667.83231428256,-0.0,667.83231428256,26760.0,0.0
46.6,stop_hold,0.0,0.3,0.0,0.0,0.0,0.0,0.0,0.0,-0.0,0.0,0.0,24000.0,0.0,24000.0,24000.0,0.0,0.0,0,0,0.0,0.0,0.0,0.0,0.0,0.0,0.0,0.35,667.83231428256,-0.0,667.83231428256,26760.0,0.0
46.65,stop_hold,0.0,0.3,0.0,0.0,0.0,0.0,0.0,0.0,-0.0,0.0,0.0,24000.0,0.0,24000.0,24000.0,0.0,0.0,0,0,0.0,0.0,0.0,0.0,0.0,0.0,0.0,0.35,667.83231428256,-0.0,667.83231428256,26760.0,0.0
46.7,stop_hold,0.0,0.3,0.0,0.0,0.0,0.0,0.0,0.0,-0.0,0.0,0.0,24000.0,0.0,24000.0,24000.0,0.0,0.0,0,0,0.0,0.0,0.0,0.0,0.0,0.0,0.0,0.35,667.83231428256,-0.0,667.83231428256,26760.0,0.0
46.75,stop_hold,0.0,0.3,0.0,0.0,0.0,0.0,0.0,0.0,-0.0,0.0,0.0,24000.0,0.0,24000.0,24000.0,0.0,0.0,0,0,0.0,0.0,0.0,0.0,0.0,0.0,0.0,0.35,667.83231428256,-0.0,667.83231428256,26760.0,0.0
46.8,stop_hold,0.0,0.3,0.0,0.0,0.0,0.0,0.0,0.0,-0.0,0.0,0.0,24000.0,0.0,24000.0,24000.0,0.0,0.0,0,0,0.0,0.0,0.0,0.0,0.0,0.0,0.0,0.35,667.83231428256,-0.0,667.83231428256,26760.0,0.0
46.85,stop_hold,0.0,0.3,0.0,0.0,0.0,0.0,0.0,0.0,-0.0,0.0,0.0,24000.0,0.0,24000.0,24000.0,0.0,0.0,0,0,0.0,0.0,0.0,0.0,0.0,0.0,0.0,0.35,667.83231428256,-0.0,667.83231428256,26760.0,0.0
46.9,stop_hold,0.0,0.3,0.0,0.0,0.0,0.0,0.0,0.0,-0.0,0.0,0.0,24000.0,0.0,24000.0,24000.0,0.0,0.0,0,0,0.0,0.0,0.0,0.0,0.0,0.0,0.0,0.35,667.83231428256,-0.0,667.83231428256,26760.0,0.0
46.95,stop_hold,0.0,0.3,0.0,0.0,0.0,0.0,0.0,0.0,-0.0,0.0,0.0,24000.0,0.0,24000.0,24000.0,0.0,0.0,0,0,0.0,0.0,0.0,0.0,0.0,0.0,0.0,0.35,667.83231428256,-0.0,667.83231428256,26760.0,0.0
47.0,stop_hold,0.0,0.3,0.0,0.0,0.0,0.0,0.0,0.0,-0.0,0.0,0.0,24000.0,0.0,24000.0,24000.0,0.0,0.0,0,0,0.0,0.0,0.0,0.0,0.0,0.0,0.0,0.35,667.83231428256,-0.0,667.83231428256,26760.0,0.0
47.05,stop_hold,0.0,0.3,0.0,0.0,0.0,0.0,0.0,0.0,-0.0,0.0,0.0,24000.0,0.0,24000.0,24000.0,0.0,0.0,0,0,0.0,0.0,0.0,0.0,0.0,0.0,0.0,0.35,667.83231428256,-0.0,667.83231428256,26760.0,0.0
47.1,stop_hold,0.0,0.3,0.0,0.0,0.0,0.0,0.0,0.0,-0.0,0.0,0.0,24000.0,0.0,24000.0,24000.0,0.0,0.0,0,0,0.0,0.0,0.0,0.0,0.0,0.0,0.0,0.35,667.83231428256,-0.0,667.83231428256,26760.0,0.0
47.15,stop_hold,0.0,0.3,0.0,0.0,0.0,0.0,0.0,0.0,-0.0,0.0,0.0,24000.0,0.0,24000.0,24000.0,0.0,0.0,0,0,0.0,0.0,0.0,0.0,0.0,0.0,0.0,0.35,667.83231428256,-0.0,667.83231428256,26760.0,0.0
47.2,stop_hold,0.0,0.3,0.0,0.0,0.0,0.0,0.0,0.0,-0.0,0.0,0.0,24000.0,0.0,24000.0,24000.0,0.0,0.0,0,0,0.0,0.0,0.0,0.0,0.0,0.0,0.0,0.35,667.83231428256,-0.0,667.83231428256,26760.0,0.0
47.25,stop_hold,0.0,0.3,0.0,0.0,0.0,0.0,0.0,0.0,-0.0,0.0,0.0,24000.0,0.0,24000.0,24000.0,0.0,0.0,0,0,0.0,0.0,0.0,0.0,0.0,0.0,0.0,0.35,667.83231428256,-0.0,667.83231428256,26760.0,0.0
47.3,stop_hold,0.0,0.3,0.0,0.0,0.0,0.0,0.0,0.0,-0.0,0.0,0.0,24000.0,0.0,24000.0,24000.0,0.0,0.0,0,0,0.0,0.0,0.0,0.0,0.0,0.0,0.0,0.35,667.83231428256,-0.0,667.83231428256,26760.0,0.0
47.35,stop_hold,0.0,0.3,0.0,0.0,0.0,0.0,0.0,0.0,-0.0,0.0,0.0,24000.0,0.0,24000.0,24000.0,0.0,0.0,0,0,0.0,0.0,0.0,0.0,0.0,0.0,0.0,0.35,667.83231428256,-0.0,667.83231428256,26760.0,0.0
47.4,stop_hold,0.0,0.3,0.0,0.0,0.0,0.0,0.0,0.0,-0.0,0.0,0.0,24000.0,0.0,24000.0,24000.0,0.0,0.0,0,0,0.0,0.0,0.0,0.0,0.0,0.0,0.0,0.35,667.83231428256,-0.0,667.83231428256,26760.0,0.0
47.45,stop_hold,0.0,0.3,0.0,0.0,0.0,0.0,0.0,0.0,-0.0,0.0,0.0,24000.0,0.0,24000.0,24000.0,0.0,0.0,0,0,0.0,0.0,0.0,0.0,0.0,0.0,0.0,0.35,667.83231428256,-0.0,667.83231428256,26760.0,0.0
47.5,stop_hold,0.0,0.3,0.0,0.0,0.0,0.0,0.0,0.0,-0.0,0.0,0.0,24000.0,0.0,24000.0,24000.0,0.0,0.0,0,0,0.0,0.0,0.0,0.0,0.0,0.0,0.0,0.35,667.83231428256,-0.0,667.83231428256,26760.0,0.0
47.55,stop_hold,0.0,0.3,0.0,0.0,0.0,0.0,0.0,0.0,-0.0,0.0,0.0,24000.0,0.0,24000.0,24000.0,0.0,0.0,0,0,0.0,0.0,0.0,0.0,0.0,0.0,0.0,0.35,667.83231428256,-0.0,667.83231428256,26760.0,0.0
47.6,stop_hold,0.0,0.3,0.0,0.0,0.0,0.0,0.0,0.0,-0.0,0.0,0.0,24000.0,0.0,24000.0,24000.0,0.0,0.0,0,0,0.0,0.0,0.0,0.0,0.0,0.0,0.0,0.35,667.83231428256,-0.0,667.83231428256,26760.0,0.0
47.65,stop_hold,0.0,0.3,0.0,0.0,0.0,0.0,0.0,0.0,-0.0,0.0,0.0,24000.0,0.0,24000.0,24000.0,0.0,0.0,0,0,0.0,0.0,0.0,0.0,0.0,0.0,0.0,0.35,667.83231428256,-0.0,667.83231428256,26760.0,0.0
47.7,stop_hold,0.0,0.3,0.0,0.0,0.0,0.0,0.0,0.0,-0.0,0.0,0.0,24000.0,0.0,24000.0,24000.0,0.0,0.0,0,0,0.0,0.0,0.0,0.0,0.0,0.0,0.0,0.35,667.83231428256,-0.0,667.83231428256,26760.0,0.0
47.75,stop_hold,0.0,0.3,0.0,0.0,0.0,0.0,0.0,0.0,-0.0,0.0,0.0,24000.0,0.0,24000.0,24000.0,0.0,0.0,0,0,0.0,0.0,0.0,0.0,0.0,0.0,0.0,0.35,667.83231428256,-0.0,667.83231428256,26760.0,0.0
47.8,stop_hold,0.0,0.3,0.0,0.0,0.0,0.0,0.0,0.0,-0.0,0.0,0.0,24000.0,0.0,24000.0,24000.0,0.0,0.0,0,0,0.0,0.0,0.0,0.0,0.0,0.0,0.0,0.35,667.83231428256,-0.0,667.83231428256,26760.0,0.0
47.85,stop_hold,0.0,0.3,0.0,0.0,0.0,0.0,0.0,0.0,-0.0,0.0,0.0,24000.0,0.0,24000.0,24000.0,0.0,0.0,0,0,0.0,0.0,0.0,0.0,0.0,0.0,0.0,0.35,667.83231428256,-0.0,667.83231428256,26760.0,0.0
47.9,stop_hold,0.0,0.3,0.0,0.0,0.0,0.0,0.0,0.0,-0.0,0.0,0.0,24000.0,0.0,24000.0,24000.0,0.0,0.0,0,0,0.0,0.0,0.0,0.0,0.0,0.0,0.0,0.35,667.83231428256,-0.0,667.83231428256,26760.0,0.0
47.95,stop_hold,0.0,0.3,0.0,0.0,0.0,0.0,0.0,0.0,-0.0,0.0,0.0,24000.0,0.0,24000.0,24000.0,0.0,0.0,0,0,0.0,0.0,0.0,0.0,0.0,0.0,0.0,0.35,667.83231428256,-0.0,667.83231428256,26760.0,0.0
48.0,stop_hold,0.0,0.3,0.0,0.0,0.0,0.0,0.0,0.0,-0.0,0.0,0.0,24000.0,0.0,24000.0,24000.0,0.0,0.0,0,0,0.0,0.0,0.0,0.0,0.0,0.0,0.0,0.35,667.83231428256,-0.0,667.83231428256,26760.0,0.0
48.05,stop_hold,0.0,0.3,0.0,0.0,0.0,0.0,0.0,0.0,-0.0,0.0,0.0,24000.0,0.0,24000.0,24000.0,0.0,0.0,0,0,0.0,0.0,0.0,0.0,0.0,0.0,0.0,0.35,667.83231428256,-0.0,667.83231428256,26760.0,0.0
48.1,stop_hold,0.0,0.3,0.0,0.0,0.0,0.0,0.0,0.0,-0.0,0.0,0.0,24000.0,0.0,24000.0,24000.0,0.0,0.0,0,0,0.0,0.0,0.0,0.0,0.0,0.0,0.0,0.35,667.83231428256,-0.0,667.83231428256,26760.0,0.0
48.15,stop_hold,0.0,0.3,0.0,0.0,0.0,0.0,0.0,0.0,-0.0,0.0,0.0,24000.0,0.0,24000.0,24000.0,0.0,0.0,0,0,0.0,0.0,0.0,0.0,0.0,0.0,0.0,0.35,667.83231428256,-0.0,667.83231428256,26760.0,0.0
48.2,stop_hold,0.0,0.3,0.0,0.0,0.0,0.0,0.0,0.0,-0.0,0.0,0.0,24000.0,0.0,24000.0,24000.0,0.0,0.0,0,0,0.0,0.0,0.0,0.0,0.0,0.0,0.0,0.35,667.83231428256,-0.0,667.83231428256,26760.0,0.0
48.25,stop_hold,0.0,0.3,0.0,0.0,0.0,0.0,0.0,0.0,-0.0,0.0,0.0,24000.0,0.0,24000.0,24000.0,0.0,0.0,0,0,0.0,0.0,0.0,0.0,0.0,0.0,0.0,0.35,667.83231428256,-0.0,667.83231428256,26760.0,0.0
48.3,stop_hold,0.0,0.3,0.0,0.0,0.0,0.0,0.0,0.0,-0.0,0.0,0.0,24000.0,0.0,24000.0,24000.0,0.0,0.0,0,0,0.0,0.0,0.0,0.0,0.0,0.0,0.0,0.35,667.83231428256,-0.0,667.83231428256,26760.0,0.0
48.35,stop_hold,0.0,0.3,0.0,0.0,0.0,0.0,0.0,0.0,-0.0,0.0,0.0,24000.0,0.0,24000.0,24000.0,0.0,0.0,0,0,0.0,0.0,0.0,0.0,0.0,0.0,0.0,0.35,667.83231428256,-0.0,667.83231428256,26760.0,0.0
48.4,stop_hold,0.0,0.3,0.0,0.0,0.0,0.0,0.0,0.0,-0.0,0.0,0.0,24000.0,0.0,24000.0,24000.0,0.0,0.0,0,0,0.0,0.0,0.0,0.0,0.0,0.0,0.0,0.35,667.83231428256,-0.0,667.83231428256,26760.0,0.0
48.45,stop_hold,0.0,0.3,0.0,0.0,0.0,0.0,0.0,0.0,-0.0,0.0,0.0,24000.0,0.0,24000.0,24000.0,0.0,0.0,0,0,0.0,0.0,0.0,0.0,0.0,0.0,0.0,0.35,667.83231428256,-0.0,667.83231428256,26760.0,0.0
48.5,stop_hold,0.0,0.3,0.0,0.0,0.0,0.0,0.0,0.0,-0.0,0.0,0.0,24000.0,0.0,24000.0,24000.0,0.0,0.0,0,0,0.0,0.0,0.0,0.0,0.0,0.0,0.0,0.35,667.83231428256,-0.0,667.83231428256,26760.0,0.0
48.55,stop_hold,0.0,0.3,0.0,0.0,0.0,0.0,0.0,0.0,-0.0,0.0,0.0,24000.0,0.0,24000.0,24000.0,0.0,0.0,0,0,0.0,0.0,0.0,0.0,0.0,0.0,0.0,0.35,667.83231428256,-0.0,667.83231428256,26760.0,0.0
48.6,stop_hold,0.0,0.3,0.0,0.0,0.0,0.0,0.0,0.0,-0.0,0.0,0.0,24000.0,0.0,24000.0,24000.0,0.0,0.0,0,0,0.0,0.0,0.0,0.0,0.0,0.0,0.0,0.35,667.83231428256,-0.0,667.83231428256,26760.0,0.0
48.65,stop_hold,0.0,0.3,0.0,0.0,0.0,0.0,0.0,0.0,-0.0,0.0,0.0,24000.0,0.0,24000.0,24000.0,0.0,0.0,0,0,0.0,0.0,0.0,0.0,0.0,0.0,0.0,0.35,667.83231428256,-0.0,667.83231428256,26760.0,0.0
48.7,stop_hold,0.0,0.3,0.0,0.0,0.0,0.0,0.0,0.0,-0.0,0.0,0.0,24000.0,0.0,24000.0,24000.0,0.0,0.0,0,0,0.0,0.0,0.0,0.0,0.0,0.0,0.0,0.35,667.83231428256,-0.0,667.83231428256,26760.0,0.0
48.75,stop_hold,0.0,0.3,0.0,0.0,0.0,0.0,0.0,0.0,-0.0,0.0,0.0,24000.0,0.0,24000.0,24000.0,0.0,0.0,0,0,0.0,0.0,0.0,0.0,0.0,0.0,0.0,0.35,667.83231428256,-0.0,667.83231428256,26760.0,0.0
48.8,stop_hold,0.0,0.3,0.0,0.0,0.0,0.0,0.0,0.0,-0.0,0.0,0.0,24000.0,0.0,24000.0,24000.0,0.0,0.0,0,0,0.0,0.0,0.0,0.0,0.0,0.0,0.0,0.35,667.83231428256,-0.0,667.83231428256,26760.0,0.0
48.85,stop_hold,0.0,0.3,0.0,0.0,0.0,0.0,0.0,0.0,-0.0,0.0,0.0,24000.0,0.0,24000.0,24000.0,0.0,0.0,0,0,0.0,0.0,0.0,0.0,0.0,0.0,0.0,0.35,667.83231428256,-0.0,667.83231428256,26760.0,0.0
48.9,stop_hold,0.0,0.3,0.0,0.0,0.0,0.0,0.0,0.0,-0.0,0.0,0.0,24000.0,0.0,24000.0,24000.0,0.0,0.0,0,0,0.0,0.0,0.0,0.0,0.0,0.0,0.0,0.35,667.83231428256,-0.0,667.83231428256,26760.0,0.0
48.95,stop_hold,0.0,0.3,0.0,0.0,0.0,0.0,0.0,0.0,-0.0,0.0,0.0,24000.0,0.0,24000.0,24000.0,0.0,0.0,0,0,0.0,0.0,0.0,0.0,0.0,0.0,0.0,0.35,667.83231428256,-0.0,667.83231428256,26760.0,0.0
49.0,stop_hold,0.0,0.3,0.0,0.0,0.0,0.0,0.0,0.0,-0.0,0.0,0.0,24000.0,0.0,24000.0,24000.0,0.0,0.0,0,0,0.0,0.0,0.0,0.0,0.0,0.0,0.0,0.35,667.83231428256,-0.0,667.83231428256,26760.0,0.0
49.05,stop_hold,0.0,0.3,0.0,0.0,0.0,0.0,0.0,0.0,-0.0,0.0,0.0,24000.0,0.0,24000.0,24000.0,0.0,0.0,0,0,0.0,0.0,0.0,0.0,0.0,0.0,0.0,0.35,667.83231428256,-0.0,667.83231428256,26760.0,0.0
49.1,stop_hold,0.0,0.3,0.0,0.0,0.0,0.0,0.0,0.0,-0.0,0.0,0.0,24000.0,0.0,24000.0,24000.0,0.0,0.0,0,0,0.0,0.0,0.0,0.0,0.0,0.0,0.0,0.35,667.83231428256,-0.0,667.83231428256,26760.0,0.0
49.15,stop_hold,0.0,0.3,0.0,0.0,0.0,0.0,0.0,0.0,-0.0,0.0,0.0,24000.0,0.0,24000.0,24000.0,0.0,0.0,0,0,0.0,0.0,0.0,0.0,0.0,0.0,0.0,0.35,667.83231428256,-0.0,667.83231428256,26760.0,0.0
49.2,stop_hold,0.0,0.3,0.0,0.0,0.0,0.0,0.0,0.0,-0.0,0.0,0.0,24000.0,0.0,24000.0,24000.0,0.0,0.0,0,0,0.0,0.0,0.0,0.0,0.0,0.0,0.0,0.35,667.83231428256,-0.0,667.83231428256,26760.0,0.0
49.25,stop_hold,0.0,0.3,0.0,0.0,0.0,0.0,0.0,0.0,-0.0,0.0,0.0,24000.0,0.0,24000.0,24000.0,0.0,0.0,0,0,0.0,0.0,0.0,0.0,0.0,0.0,0.0,0.35,667.83231428256,-0.0,667.83231428256,26760.0,0.0
49.3,stop_hold,0.0,0.3,0.0,0.0,0.0,0.0,0.0,0.0,-0.0,0.0,0.0,24000.0,0.0,24000.0,24000.0,0.0,0.0,0,0,0.0,0.0,0.0,0.0,0.0,0.0,0.0,0.35,667.83231428256,-0.0,667.83231428256,26760.0,0.0
49.35,stop_hold,0.0,0.3,0.0,0.0,0.0,0.0,0.0,0.0,-0.0,0.0,0.0,24000.0,0.0,24000.0,24000.0,0.0,0.0,0,0,0.0,0.0,0.0,0.0,0.0,0.0,0.0,0.35,667.83231428256,-0.0,667.83231428256,26760.0,0.0
49.4,stop_hold,0.0,0.3,0.0,0.0,0.0,0.0,0.0,0.0,-0.0,0.0,0.0,24000.0,0.0,24000.0,24000.0,0.0,0.0,0,0,0.0,0.0,0.0,0.0,0.0,0.0,0.0,0.35,667.83231428256,-0.0,667.83231428256,26760.0,0.0
49.45,stop_hold,0.0,0.3,0.0,0.0,0.0,0.0,0.0,0.0,-0.0,0.0,0.0,24000.0,0.0,24000.0,24000.0,0.0,0.0,0,0,0.0,0.0,0.0,0.0,0.0,0.0,0.0,0.35,667.83231428256,-0.0,667.83231428256,26760.0,0.0
49.5,stop_hold,0.0,0.3,0.0,0.0,0.0,0.0,0.0,0.0,-0.0,0.0,0.0,24000.0,0.0,24000.0,24000.0,0.0,0.0,0,0,0.0,0.0,0.0,0.0,0.0,0.0,0.0,0.35,667.83231428256,-0.0,667.83231428256,26760.0,0.0
49.55,stop_hold,0.0,0.3,0.0,0.0,0.0,0.0,0.0,0.0,-0.0,0.0,0.0,24000.0,0.0,24000.0,24000.0,0.0,0.0,0,0,0.0,0.0,0.0,0.0,0.0,0.0,0.0,0.35,667.83231428256,-0.0,667.83231428256,26760.0,0.0
49.6,stop_hold,0.0,0.3,0.0,0.0,0.0,0.0,0.0,0.0,-0.0,0.0,0.0,24000.0,0.0,24000.0,24000.0,0.0,0.0,0,0,0.0,0.0,0.0,0.0,0.0,0.0,0.0,0.35,667.83231428256,-0.0,667.83231428256,26760.0,0.0
49.65,stop_hold,0.0,0.3,0.0,0.0,0.0,0.0,0.0,0.0,-0.0,0.0,0.0,24000.0,0.0,24000.0,24000.0,0.0,0.0,0,0,0.0,0.0,0.0,0.0,0.0,0.0,0.0,0.35,667.83231428256,-0.0,667.83231428256,26760.0,0.0
49.7,stop_hold,0.0,0.3,0.0,0.0,0.0,0.0,0.0,0.0,-0.0,0.0,0.0,24000.0,0.0,24000.0,24000.0,0.0,0.0,0,0,0.0,0.0,0.0,0.0,0.0,0.0,0.0,0.35,667.83231428256,-0.0,667.83231428256,26760.0,0.0
49.75,stop_hold,0.0,0.3,0.0,0.0,0.0,0.0,0.0,0.0,-0.0,0.0,0.0,24000.0,0.0,24000.0,24000.0,0.0,0.0,0,0,0.0,0.0,0.0,0.0,0.0,0.0,0.0,0.35,667.83231428256,-0.0,667.83231428256,26760.0,0.0
49.8,stop_hold,0.0,0.3,0.0,0.0,0.0,0.0,0.0,0.0,-0.0,0.0,0.0,24000.0,0.0,24000.0,24000.0,0.0,0.0,0,0,0.0,0.0,0.0,0.0,0.0,0.0,0.0,0.35,667.83231428256,-0.0,667.83231428256,26760.0,0.0
49.85,stop_hold,0.0,0.3,0.0,0.0,0.0,0.0,0.0,0.0,-0.0,0.0,0.0,24000.0,0.0,24000.0,24000.0,0.0,0.0,0,0,0.0,0.0,0.0,0.0,0.0,0.0,0.0,0.35,667.83231428256,-0.0,667.83231428256,26760.0,0.0
49.9,stop_hold,0.0,0.3,0.0,0.0,0.0,0.0,0.0,0.0,-0.0,0.0,0.0,24000.0,0.0,24000.0,24000.0,0.0,0.0,0,0,0.0,0.0,0.0,0.0,0.0,0.0,0.0,0.35,667.83231428256,-0.0,667.83231428256,26760.0,0.0
49.95,stop_hold,0.0,0.3,0.0,0.0,0.0,0.0,0.0,0.0,-0.0,0.0,0.0,24000.0,0.0,24000.0,24000.0,0.0,0.0,0,0,0.0,0.0,0.0,0.0,0.0,0.0,0.0,0.35,667.83231428256,-0.0,667.83231428256,26760.0,0.0
50.0,stop_hold,0.0,0.3,0.0,0.0,0.0,0.0,0.0,0.0,-0.0,0.0,0.0,24000.0,0.0,24000.0,24000.0,0.0,0.0,0,0,0.0,0.0,0.0,0.0,0.0,0.0,0.0,0.35,667.83231428256,-0.0,667.83231428256,26760.0,0.0
