time,scenario_phase,traction_command,service_brake_request,v_train,acceleration,P_motor_mechanical_signed,P_motor_electrical_signed,P_dc_signed,P_dc_traction,P_dc_regen,P_line,P_transformer_out,F_brake_demand,Fregen_actual,Fmechanical_actual,Ftotal_actual,F_brake_tracking_error,U_pantograph,hv_breaker_state,hv_system_fault,U_transformer_secondary,U_dc_link,P_regen_converter,P_grid_returned,P_brake_resistor,P_ess_dc_input,P_ess_absorbed,SOC_energy,Ucap_equivalent,Icap,Uterminal,E_supercap_kJ,Eregen_stored_kJ
0.0,traction,0.0,0.0,0.0,0.0,0.0,0.0,0.0,0.0,-0.0,0.0,0.0,0.0,0.0,0.0,0.0,0.0,0.0,0,0,0.0,0.0,0.0,0.0,0.0,0.0,0.0,0.35,667.83231428256,-0.0,667.83231428256,26760.0,0.0
0.05,traction,0.016666666666666666,0.0,0.0,0.0,0.0,0.0,0.0,0.0,-0.0,0.0,0.0,0.0,0.0,0.0,0.0,0.0,0.0,0,0,0.0,0.0,0.0,0.0,0.0,0.0,0.0,0.35,667.83231428256,-0.0,667.83231428256,26760.0,0.0
0.1,traction,0.03333333333333333,0.0,0.0,0.0,0.0,0.0,0.0,0.0,-0.0,0.0,0.0,0.0,0.0,0.0,0.0,0.0,0.0,0,0,0.0,0.0,0.0,0.0,0.0,0.0,0.0,0.35,667.83231428256,-0.0,667.83231428256,26760.0,0.0
0.15,traction,0.049999999999999996,0.0,0.0,0.0,0.0,0.0,0.0,0.0,-0.0,0.0,0.0,0.0,0.0,0.0,0.0,0.0,0.0,0,0,0.0,0.0,0.0,0.0,0.0,0.0,0.0,0.35,667.83231428256,-0.0,667.83231428256,26760.0,0.0
0.2,traction,0.06666666666666667,0.0,0.0,0.0,0.0,0.0,0.0,0.0,-0.0,0.0,0.0,0.0,0.0,0.0,0.0,0.0,25000.0,0,0,0.0,0.0,0.0,0.0,0.0,0.0,0.0,0.35,667.83231428256,-0.0,667.83231428256,26760.0,0.0
0.25,traction,0.08333333333333333,0.0,0.0,0.0,0.0,0.0,0.0,0.0,-0.0,0.0,0.0,0.0,0.0,0.0,0.0,0.0,25000.0,0,0,0.0,0.0,0.0,0.0,0.0,0.0,0.0,0.35,667.83231428256,-0.0,667.83231428256,26760.0,0.0
0.3,traction,0.09999999999999999,0.0,0.0,0.0,0.0,0.0,0.0,0.0,-0.0,0.0,0.0,0.0,0.0,0.0,0.0,0.0,25000.0,0,0,0.0,0.0,0.0,0.0,0.0,0.0,0.0,0.35,667.83231428256,-0.0,667.83231428256,26760.0,0.0
0.35,traction,0.11666666666666668,0.0,0.0,0.0,0.0,0.0,0.0,0.0,-0.0,0.0,0.0,0.0,0.0,0.0,0.0,0.0,25000.0,0,0,0.0,0.0,0.0,0.0,0.0,0.0,0.0,0.35,667.83231428256,-0.0,667.83231428256,26760.0,0.0
0.4,traction,0.13333333333333333,0.0,0.0,0.0,0.0,0.0,0.0,0.0,-0.0,0.0,0.0,0.0,0.0,0.0,0.0,0.0,25000.0,0,0,0.0,0.0,0.0,0.0,0.0,0.0,0.0,0.35,667.83231428256,-0.0,667.83231428256,26760.0,0.0
0.45,traction,0.15,0.0,0.0,0.0,0.0,0.0,0.0,0.0,-0.0,0.0,0.0,0.0,0.0,0.0,0.0,0.0,25000.0,0,0,0.0,0.0,0.0,0.0,0.0,0.0,0.0,0.35,667.83231428256,-0.0,667.83231428256,26760.0,0.0
0.5,traction,0.16666666666666666,0.0,0.0,0.0,0.0,0.0,0.0,0.0,-0.0,0.0,0.0,0.0,0.0,0.0,0.0,0.0,25000.0,1,0,0.0,0.0,0.0,0.0,0.0,0.0,0.0,0.35,667.83231428256,-0.0,667.83231428256,26760.0,0.0
0.55,traction,0.18333333333333335,0.0,0.0,0.0,0.0,0.0,0.0,0.0,-0.0,0.0,0.0,0.0,0.0,0.0,0.0,0.0,25000.0,1,0,1500.0,0.0,0.0,0.0,0.0,0.0,0.0,0.35,667.83231428256,-0.0,667.83231428256,26760.0,0.0
0.6,traction,0.19999999999999998,0.0,0.0,0.0,0.0,0.0,0.0,0.0,-0.0,0.0,923469.387755102,0.0,0.0,0.0,0.0,0.0,25000.0,1,0,1500.0,474.60509900337144,0.0,0.0,0.0,0.0,0.0,0.35,667.83231428256,-0.0,667.83231428256,26760.0,0.0
0.65,traction,0.21666666666666667,0.0,0.0,0.0,0.0,0.0,0.0,0.0,-0.0,0.0,923469.387755102,0.0,0.0,0.0,0.0,0.0,25000.0,1,0,1500.0,671.006706374832,0.0,0.0,0.0,0.0,0.0,0.35,667.83231428256,-0.0,667.83231428256,26760.0,0.0
0.7,traction,0.23333333333333336,0.0,0.0,0.0,0.0,0.0,0.0,0.0,-0.0,952030.2966547444,893030.0217309147,0.0,0.0,0.0,0.0,0.0,25000.0,1,0,1500.0,820.3658983501971,0.0,0.0,0.0,0.0,0.0,0.35,667.83231428256,-0.0,667.83231428256,26760.0,0.0
0.75,traction,0.25,0.0,0.0,0.0,0.0,0.0,0.0,0.0,-0.0,952030.2966547444,821461.7235810478,0.0,0.0,0.0,0.0,0.0,24984.767515253523,1,0,1500.0,938.0320661508277,0.0,0.0,0.0,0.0,0.0,0.35,667.83231428256,-0.0,667.83231428256,26760.0,0.0
0.8,traction,0.26666666666666666,0.0,0.0,0.0,0.0,0.0,0.0,0.0,-0.0,920088.5557562351,755661.935276757,0.0,0.0,0.0,0.0,0.0,24984.767515253523,1,0,1500.0,1034.4715293882648,0.0,0.0,0.0,0.0,0.0,0.35,667.83231428256,-0.0,667.83231428256,26760.0,0.0
0.85,traction,0.2833333333333333,0.0,0.0,0.0,0.0,0.0,0.0,0.0,-0.0,846351.7602619353,694742.1424193529,0.0,0.0,0.0,0.0,0.0,24985.269607888975,1,0,1499.0860509152112,1115.8073053281673,0.0,0.0,0.0,0.0,0.0,0.35,667.83231428256,-0.0,667.83231428256,26760.0,0.0
0.9,traction,0.3,0.0,0.0,0.0,0.0,0.0,0.0,0.0,-0.0,778573.9045488215,638290.3156168953,0.0,0.0,0.0,0.0,0.0,24986.450115899694,1,0,1499.0860509152112,1185.540231431007,0.0,0.0,0.0,0.0,0.0,0.35,667.83231428256,-0.0,667.83231428256,26760.0,0.0
0.95,traction,0.3166666666666667,0.0,0.0,0.0,0.0,0.0,0.0,0.0,-0.0,716277.2472886889,587266.2130036195,0.0,0.0,0.0,0.0,0.0,24987.535473232547,1,0,1499.1161764733383,1246.2144434027684,0.0,0.0,0.0,0.0,0.0,0.35,667.83231428256,-0.0,667.83231428256,26760.0,0.0
1.0,traction,0.3333333333333333,0.0,0.0,0.0,0.0,0.0,0.0,0.0,-0.0,658104.1537458554,540398.9711332411,0.0,0.0,0.0,0.0,0.0,24988.53334917179,1,0,1499.1870069539816,1299.5050571921374,0.0,0.0,0.0,0.0,0.0,0.35,667.83231428256,-0.0,667.83231428256,26760.0,0.0
1.05,traction,0.35000000000000003,0.0,0.0,0.0,0.0,0.0,0.0,0.0,-0.0,605508.1707249708,497348.6375864463,0.0,0.0,0.0,0.0,0.0,24989.465081028888,1,0,1499.2521283939527,1346.6500526427353,0.0,0.0,0.0,0.0,0.0,0.35,667.83231428256,-0.0,667.83231428256,26760.0,0.0
1.1,traction,0.3666666666666667,0.0,0.0,0.0,0.0,0.0,0.0,0.0,-0.0,557179.5647805413,457760.67849396146,0.0,0.0,0.0,0.0,0.0,24990.307423612838,1,0,1499.3120009503073,1388.5916339194266,0.0,0.0,0.0,0.0,0.0,0.35,667.83231428256,-0.0,667.83231428256,26760.0,0.0
1.15,traction,0.38333333333333336,0.0,0.0,0.0,0.0,0.0,0.0,0.0,-0.0,512787.4331177661,421356.84841763484,0.0,0.0,0.0,0.0,0.0,24991.08136868118,1,0,1499.3679048617332,1426.0719811338756,0.0,0.0,0.0,0.0,0.0,0.35,667.83231428256,-0.0,667.83231428256,26760.0,0.0
1.2,traction,0.39999999999999997,0.0,0.00048060196645087515,0.009612039329017502,0.0,0.0,0.0,0.0,-0.0,471966.3455964655,387881.5001784902,0.0,0.0,0.0,0.0,0.0,24991.7922188883,1,0,1499.4184454167703,1459.6891124271556,0.0,0.0,0.0,0.0,0.0,0.35,667.83231428256,-0.0,667.83231428256,26760.0,0.0
1.25,traction,0.4166666666666667,0.0,0.0029543706426129225,0.04947537352324094,0.0,0.0,0.0,0.0,-0.0,434428.9558471026,357097.3596265945,0.0,0.0,0.0,0.0,0.0,24992.445843561007,1,0,1499.464882120871,1489.933446769068,0.0,0.0,0.0,0.0,0.0,0.35,667.83231428256,-0.0,667.83231428256,26760.0,0.0
1.3,traction,0.43333333333333335,0.0,0.007106591059431541,0.08304440833637236,7.447836539422688,7.923230361087967,0.0,0.0,-0.0,399912.052771388,328788.97810264304,0.0,0.0,0.0,0.0,0.0,24993.0468539104,1,0,1499.5075331332978,1517.2134996884906,0.0,0.0,0.0,0.0,0.0,0.35,667.83231428256,-0.0,667.83231428256,26760.0,0.0
1.35,traction,0.45,0.0,0.012692162790918327,0.11171143462973572,51.50033811211547,54.78759373629306,8.08492893988568,8.08492893988568,0.0,368170.56126715883,302765.48207637237,0.0,0.0,0.0,0.0,0.0,24993.599473132406,1,0,1499.5467506136604,1541.8737385794634,0.0,0.0,0.0,0.0,0.0,0.35,667.83231428256,-0.0,667.83231428256,26760.0,0.0
1.4,traction,0.46666666666666673,0.0,0.01951987427997331,0.13655422978109968,136.1487131062669,144.83905649602863,55.905707894176594,55.905707894176594,0.0,338982.22074187675,278876.1217649431,0.0,0.0,0.0,0.0,0.0,24994.10763219996,1,0,1499.582811234624,1564.2076907524959,0.0,0.0,0.0,0.0,0.0,0.35,667.83231428256,-0.0,667.83231428256,26760.0,0.0
1.45,traction,0.48333333333333334,0.0,0.027439453709698546,0.15839158859450467,263.0106669428111,279.79858185405436,147.79495560819248,147.79495560819248,0.0,312150.1169576589,256956.93502179332,0.0,0.0,0.0,0.0,0.0,24994.574895527054,1,0,1499.6159683879443,1584.4677075095371,0.0,0.0,0.0,0.0,0.0,0.35,667.83231428256,-0.0,667.83231428256,26760.0,0.0
1.5,traction,0.5,0.0,0.036333054113403096,0.177872008074091,432.57733030342155,460.1886492589591,285.50875699393305,285.50875699393305,0.0,287518.7338967203,236854.873723124,0.0,0.0,0.0,0.0,0.0,24995.004420697052,1,0,1499.6464579319977,1602.8723992923447,0.0,0.0,0.0,0.0,0.0,0.35,667.83231428256,-0.0,667.83231428256,26760.0,0.0
1.55,traction,0.5166666666666667,0.0,0.04610927659475787,0.19552444962709553,644.8826384973264,686.0453601035388,469.58025434587665,469.58025434587665,0.0,264918.94758824783,218428.0992614088,0.0,0.0,0.0,0.0,0.0,24995.398701756705,1,0,1499.6744937316232,1619.6123950557765,0.0,0.0,0.0,0.0,0.0,0.35,667.83231428256,-0.0,667.83231428256,26760.0,0.0
1.6,traction,0.5333333333333333,0.0,0.05669723597703579,0.21175918764555837,899.883552154834,957.3229278242915,700.0462858199376,700.0462858199376,0.0,244192.89531078143,201545.71406722718,0.0,0.0,0.0,0.0,0.0,24995.760449678193,1,0,1499.700265241823,1634.854872918284,0.0,0.0,0.0,0.0,0.0,0.35,667.83231428256,-0.0,667.83231428256,26760.0,0.0
1.65,traction,0.55,0.0,0.06804195863115811,0.2268944530824464,1197.6722139761548,1274.1193765703774,976.8601304329505,976.8601304329505,0.0,225194.2884982377,186087.2550428317,0.0,0.0,0.0,0.0,0.0,24996.09219443587,1,0,1499.7239221054022,1648.7471741958793,0.0,0.0,0.0,0.0,0.0,0.35,667.83231428256,-0.0,667.83231428256,26760.0,0.0
1.7,traction,0.5666666666666667,0.0,0.08010081289985203,0.24117708537387844,1538.549625213086,1636.7549204394534,1300.1218128269159,1300.1218128269159,0.0,207788.1291394981,171942.06768560308,0.0,0.0,0.0,0.0,0.0,24996.39628025798,1,0,1499.7456269806914,1661.4197208746134,0.0,0.0,0.0,0.0,0.0,0.35,667.83231428256,-0.0,667.83231428256,26760.0,0.0
1.75,traction,0.5833333333333334,0.0,0.09284073896520235,0.2547985213070064,1923.0423979492434,2045.7897850523868,1670.158082081075,1670.158082081075,0.0,191850.18750057145,159008.67155383978,0.0,0.0,0.0,0.0,0.0,24996.674870175335,1,0,1499.7655316661521,1672.9884039078856,0.0,0.0,0.0,0.0,0.0,0.35,667.83231428256,-0.0,667.83231428256,26760.0,0.0
1.8,traction,0.6,0.0,0.10623609956772467,0.2679072120504464,2351.89091240726,2502.011608943894,2087.5405969922317,2087.5405969922317,0.0,177266.34829519765,147194.02829391925,0.0,0.0,0.0,0.0,0.0,24996.929954456642,1,0,1499.7837768154789,1683.5565513739366,0.0,0.0,0.0,0.0,0.0,0.35,667.83231428256,-0.0,667.83231428256,26760.0,0.0
1.85,traction,0.6166666666666667,0.0,0.12026701330990051,0.2806182748435168,2826.024813205284,3006.409375750302,2553.073070350912,2553.073070350912,0.0,163931.95961978383,136412.86779053576,0.0,0.0,0.0,0.0,0.0,24997.163361139577,1,0,1499.8004922105201,1693.2165671354298,0.0,0.0,0.0,0.0,0.0,0.35,667.83231428256,-0.0,667.83231428256,26760.0,0.0
1.9,traction,0.6333333333333334,0.0,0.13491806218820473,0.2930209775660844,3346.5345772700844,3560.1431673086004,3067.764669132961,3067.764669132961,0.0,151751.07766396363,126587.0542780404,0.0,0.0,0.0,0.0,0.0,24997.37676650823,1,0,1499.8157972673985,1702.0513065237321,0.0,0.0,0.0,0.0,0.0,0.35,667.83231428256,-0.0,667.83231428256,26760.0,0.0
1.95,traction,0.65,0.0,0.15017728932833496,0.30518454280260454,3914.6436858337374,4164.514559397593,3632.7991503148987,3632.7991503148987,0.0,140635.77134811092,117644.99732156488,0.0,0.0,0.0,0.0,0.0,24997.571707229792,1,0,1499.8298016683746,1710.1352399813422,0.0,0.0,0.0,0.0,0.0,0.35,667.83231428256,-0.0,667.83231428256,26760.0,0.0
2.0,traction,0.6666666666666666,0.0,0.16603542176478467,0.31716264872899413,4531.683501813218,4820.9398955459765,4249.504652446523,4249.504652446523,0.0,130505.46822769023,109521.10857609104,0.0,0.0,0.0,0.0,0.0,24997.749591524556,1,0,1499.8426059904937,1717.5354441230265,0.0,0.0,0.0,0.0,0.0,0.35,667.83231428256,-0.0,667.83231428256,26760.0,0.0
2.05,traction,0.6833333333333332,0.0,0.18248526773454016,0.3289969193951098,5199.071629105259,5530.927265005595,4919.326424026507,4919.326424026507,0.0,121286.34671907083,102155.30285714741,0.0,0.0,0.0,0.0,0.0,24997.911709669144,1,0,1499.8543024337876,1724.3124511085043,0.0,0.0,0.0,0.0,0.0,0.35,667.83231428256,-0.0,667.83231428256,26760.0,0.0
2.1,traction,0.7000000000000001,0.0,0.1995212492996921,0.3407196313030386,5918.293828978571,6296.05726487082,5643.803331638362,5643.803331638362,0.0,112910.77559251484,95492.54117389182,0.0,0.0,0.0,0.0,0.0,24998.059243752723,1,0,1499.8649754914734,1730.5209807703977,0.0,0.0,0.0,0.0,0.0,0.35,667.83231428256,-0.0,667.83231428256,26760.0,0.0
2.15,traction,0.7166666666666667,0.0,0.21713903991235747,0.3523558122533077,6690.889225233764,7117.967260886983,6424.548229460021,6424.548229460021,0.0,105316.79920444947,89482.41253365908,0.0,0.0,0.0,0.0,0.0,24998.193276672006,1,0,1499.8747025801486,1736.210574992661,0.0,0.0,0.0,0.0,0.0,0.35,667.83231428256,-0.0,667.83231428256,26760.0,0.0
2.2,traction,0.7333333333333334,0.0,0.23533528335827994,0.36392486891844933,7518.43838706135,7998.338709639735,7263.231898864269,7263.231898864269,0.0,98447.66605293682,84078.75143492468,0.0,0.0,0.0,0.0,0.0,24998.31480039026,1,0,1499.8835546251632,1741.426150034027,0.0,0.0,0.0,0.0,0.0,0.35,667.83231428256,-0.0,667.83231428256,26760.0,0.0
2.25,traction,0.75,0.0,0.2541073758064285,0.3754418489629713,8402.553844399476,8938.887068510081,8161.57011187728,8161.57011187728,0.0,92251.39735607713,79239.28800295819,0.0,0.0,0.0,0.0,0.0,24998.4247234996,1,0,1499.8915966003203,1746.208479530239,0.0,0.0,0.0,0.0,0.0,0.35,667.83231428256,-0.0,667.83231428256,26760.0,0.0
2.3,traction,0.7666666666666667,0.0,0.2734532967948433,0.3869184197682962,9344.872611689038,9941.353842222381,9121.313335214369,9121.313335214369,0.0,86680.39246761242,74925.32789883114,0.0,0.0,0.0,0.0,0.0,24998.523878139902,1,0,1499.8988880234156,1750.5946185840496,0.0,0.0,0.0,0.0,0.0,0.35,667.83231428256,-0.0,667.83231428256,26760.0,0.0
2.35,traction,0.7833333333333333,0.0,0.2933714781646386,0.3983636273959057,10347.050341953265,11007.50036378007,10144.238614512635,10144.238614512635,0.0,81691.06798318443,71101.4593506195,0.0,0.0,0.0,0.0,0.0,24998.61302632584,1,0,1499.905483409976,1754.6182775114094,0.0,0.0,0.0,0.0,0.0,0.35,667.83231428256,-0.0,667.83231428256,26760.0,0.0
2.4,traction,0.7999999999999999,0.0,0.3138607024213265,0.4097844851337584,11410.756787397486,12139.102965316475,11232.14322834701,11232.14322834701,0.0,77243.52757332375,67735.28488371044,0.0,0.0,0.0,0.0,0.0,24998.69286573269,1,0,1499.9114326883941,1758.3101523437379,0.0,0.0,0.0,0.0,0.0,0.35,667.83231428256,-0.0,667.83231428256,26760.0,0.0
2.45,traction,0.8166666666666668,0.0,0.3349200239158872,0.4211864298912138,12537.672296470078,13337.949251563914,12386.839760527015,12386.839760527015,0.0,73301.25980498863,64797.17555002358,0.0,0.0,0.0,0.0,0.0,24998.764034988788,1,0,1499.9167815795502,1761.6982180059335,0.0,0.0,0.0,0.0,0.0,0.35,667.83231428256,-0.0,667.83231428256,26760.0,0.0
2.5,traction,0.8333333333333334,0.0,0.35654870772166425,0.43257367611554076,13729.485126340178,14605.835240787424,13610.152297514198,13610.152297514198,0.0,69830.86144931472,62260.045663865094,0.0,0.0,0.0,0.0,0.0,24998.827118518577,1,0,1499.9215719439612,1764.8079891346508,0.0,0.0,0.0,0.0,0.0,0.35,667.83231428256,-0.0,667.83231428256,26760.0,0.0
2.55,traction,0.8500000000000001,0.0,0.3787461822336877,0.4439494902404695,14987.889392374309,15944.563183376926,14903.913511007577,14903.913511007577,0.0,66801.78400369751,60099.146242926814,0.0,0.0,0.0,0.0,0.0,24998.88265097664,1,0,1499.9258420993272,1767.6627527233982,0.0,0.0,0.0,0.0,0.0,0.35,667.83231428256,-0.0,667.83231428256,26760.0,0.0
2.6,traction,0.8666666666666667,0.0,0.4015120024092081,0.45531640351040736,16314.58351215118,17355.93990654381,16269.96243201727,16269.96243201727,0.0,64186.101371233824,58291.875525449526,0.0,0.0,0.0,0.0,0.0,24998.93112130922,1,0,1499.9296271111145,1770.283776143412,0.0,0.0,0.0,0.0,0.0,0.35,667.83231428256,-0.0,667.83231428256,26760.0,0.0
2.65,traction,0.8833333333333333,0.0,0.4248458212600756,0.4666763770173499,17711.269031251326,18841.775565160988,17710.142761779396,17710.142761779396,0.0,61958.29683772584,56817.605089546036,0.0,0.0,0.0,0.0,0.0,24998.97297647631,1,0,1499.9329590585983,1772.6904935636276,0.0,0.0,0.0,0.0,0.0,0.35,667.83231428256,-0.0,667.83231428256,26760.0,0.0
2.7,traction,0.9,0.0,0.4487473677441069,0.4780309296806262,19179.64974221172,20403.882704480555,19226.30159710305,19226.30159710305,0.0,60095.067664703616,55657.52023938563,0.0,0.0,0.0,0.0,0.0,24999.008624864207,1,0,1499.9358672785531,1774.9006733573622,0.0,0.0,0.0,0.0,0.0,0.35,667.83231428256,-0.0,667.83231428256,26760.0,0.0
2.75,traction,0.9166666666666666,0.0,0.47321642961861976,0.4893812374902573,20721.431027450057,22044.075561117083,20820.28847395975,20820.28847395975,0.0,58575.14577703749,54794.473447018936,0.0,0.0,0.0,0.0,0.0,24999.03843941555,1,0,1499.9383785885786,1776.9305687201966,0.0,0.0,0.0,0.0,0.0,0.35,667.83231428256,-0.0,667.83231428256,26760.0,0.0
2.8,traction,0.9333333333333335,0.0,0.49825284014193477,0.5007282104663002,22338.31937242522,23764.169545133213,22493.954654201105,22493.954654201105,0.0,57379.13316699818,54212.849749570625,0.0,0.0,0.0,0.0,0.0,24999.06276050133,1,0,1499.9405174918525,1778.7950534193974,0.0,0.0,0.0,0.0,0.0,0.35,667.83231428256,-0.0,667.83231428256,26760.0,0.0
2.85,traction,0.9500000000000001,0.0,0.52385646775883,0.5120725523379044,24032.022007520594,25565.980859064464,24249.152597074706,24249.152597074706,0.0,56489.3507647819,53898.443100952485,0.0,0.0,0.0,0.0,0.0,24999.08189855692,1,0,1499.942306364933,1780.5077443392493,0.0,0.0,0.0,0.0,0.0,0.35,667.83231428256,-0.0,667.83231428256,26760.0,0.0
2.9,traction,0.9666666666666667,0.0,0.5500272080999328,0.5234148068220557,25804.24664673272,27451.32621992843,26087.735570473942,26087.735570473942,0.0,55889.699640102684,53838.34276643947,0.0,0.0,0.0,0.0,0.0,24999.0961365023,1,0,1499.9437656300797,1782.0811122702157,0.0,0.0,0.0,0.0,0.0,0.35,667.83231428256,-0.0,667.83231428256,26760.0,0.0
2.95,traction,0.9833333333333334,0.0,0.5767649777754825,0.534755393510995,27656.70129874086,29422.02265823496,28011.55736727391,28011.55736727391,0.0,55565.53350212675,54020.828928666815,0.0,0.0,0.0,0.0,0.0,24999.105731964606,1,0,1499.9449139134151,1783.526582206043,0.0,0.0,0.0,0.0,0.0,0.35,667.83231428256,-0.0,667.83231428256,26760.0,0.0
3.0,traction,1.0,0.0,0.6040697095605595,0.5460946357015395,29591.094131754206,31479.887374206603,30022.472100239756,30022.472100239756,0.0,55503.54155711718,54435.27674590071,0.0,0.0,0.0,0.0,0.0,24999.110919319664,1,0,1499.9457681901379,1784.8546242561397,0.0,0.0,0.0,0.0,0.0,0.35,667.83231428256,-0.0,667.83231428256,26760.0,0.0
3.05,traction,1.0,0.0,0.6319413486593402,0.5574327819756131,31609.13337803486,33626.737636207305,32122.334055312862,32122.334055312862,0.0,55691.64086597548,55072.06816874004,0.0,0.0,0.0,0.0,0.0,24999.11191156752,1,0,1499.9463439178762,1786.0748361463254,0.0,0.0,0.0,0.0,0.0,0.35,667.83231428256,-0.0,667.83231428256,26760.0,0.0
3.1,traction,1.0,0.0,0.6603798498060977,0.56877002293515,33712.527267459605,35864.39071006341,34312.99758796664,34312.99758796664,0.0,56118.87741849925,55922.5108805175,0.0,0.0,0.0,0.0,0.0,24999.108902055825,1,0,1499.9466551591797,1787.1960181656254,0.0,0.0,0.0,0.0,0.0,0.35,667.83231428256,-0.0,667.83231428256,26760.0,0.0
3.15,traction,1.0,0.0,0.689385175015066,0.5801065041793674,35902.983982139245,38194.663810786435,36596.31705108511,36596.31705108511,0.0,56775.33520858665,56978.76378028202,0.0,0.0,0.0,0.0,0.0,24999.102066063515,1,0,1499.9467146940513,1788.2262413172186,0.0,0.0,0.0,0.0,0.0,0.35,667.83231428256,-0.0,667.83231428256,26760.0,0.0
3.2,traction,1.0,0.0,0.7189572918334727,0.5914423363681331,38034.548343253184,40462.28547154594,38974.14674570045,38974.14674570045,0.0,57652.052655629544,58233.76847596226,0.0,0.0,0.0,0.0,0.0,24999.09156225638,1,0,1499.9465341233495,1789.1729093454055,0.0,0.0,0.0,0.0,0.0,0.35,667.83231428256,-0.0,667.83231428256,26760.0,0.0
3.25,traction,1.0,0.0,0.7490961719847605,0.602777603025757,40123.56890858425,42684.64777508963,41288.04639953667,41288.04639953667,0.0,58740.94577267083,59517.62053970614,0.0,0.0,0.0,0.0,0.0,24999.07753402497,1,0,1499.9461239638108,1790.042815235542,0.0,0.0,0.0,0.0,0.0,0.35,667.83231428256,-0.0,667.83231428256,26760.0,0.0
3.3,traction,1.0,0.0,0.779675618655289,0.6115889334105695,42183.61845425914,44876.18984495654,43555.76303580574,43555.76303580574,0.0,60034.73753217722,60840.86044079836,0.0,0.0,0.0,0.0,0.0,24999.060110714403,1,0,1499.9454937353828,1790.8421927185725,0.0,0.0,0.0,0.0,0.0,0.35,667.83231428256,-0.0,667.83231428256,26760.0,0.0
3.35,traction,1.0,0.0,0.8105973474136466,0.6184345751671527,44225.93852374589,47048.87076994244,45792.03045403729,45792.03045403729,0.0,61358.268714243866,62211.562606526255,0.0,0.0,0.0,0.0,0.0,24999.039408754976,1,0,1499.944652041498,1791.5767632546708,0.0,0.0,0.0,0.0,0.0,0.35,667.83231428256,-0.0,667.83231428256,26760.0,0.0
3.4,traction,1.0,0.0,0.841784812027743,0.6237492922819277,46252.45312130274,49204.73736308802,48009.05180606372,48009.05180606372,0.0,62722.405684154764,63635.778898260265,0.0,0.0,0.0,0.0,0.0,24999.018230790396,1,0,1499.943606642864,1792.2517789204117,0.0,0.0,0.0,0.0,0.0,0.35,667.83231428256,-0.0,667.83231428256,26760.0,0.0
3.45,traction,1.0,0.0,0.8731783960045386,0.6278716795359118,48265.09657353664,51345.847418656005,50208.915676620425,50208.915676620425,0.0,64135.47940948985,65109.75491253218,0.0,0.0,0.0,0.0,0.0,24998.996402947192,1,0,1499.9423645252984,1792.872061579824,0.0,0.0,0.0,0.0,0.0,0.35,667.83231428256,-0.0,667.83231428256,26760.0,0.0
3.5,traction,1.0,0.0,0.9047317535813173,0.6310671515355737,50265.652532605345,53474.09843894186,52393.72185577144,52393.72185577144,0.0,65603.7285860081,66630.22819595283,0.0,0.0,0.0,0.0,0.0,24998.973792029472,1,0,1499.9410938474236,1793.4420386808204,0.0,0.0,0.0,0.0,0.0,0.35,667.83231428256,-0.0,667.83231428256,26760.0,0.0
3.55,traction,1.0,0.0,0.9364089410991293,0.6335437503562402,52255.751007631,55591.22447620319,54565.40657034884,54565.40657034884,0.0,67123.28248908147,68194.41227618743,0.0,0.0,0.0,0.0,0.0,24998.95029820352,1,0,1499.9397841768314,1793.9657916940128,0.0,0.0,0.0,0.0,0.0,0.35,667.83231428256,-0.0,667.83231428256,26760.0,0.0
3.6,traction,1.0,0.0,0.9681820823005026,0.6354628240274662,54236.86868394927,57698.79647228646,56725.73926143183,56725.73926143183,0.0,68690.77024153793,69799.49606006438,0.0,0.0,0.0,0.0,0.0,24998.925983393598,1,0,1499.9384275217683,1794.4470675009518,0.0,0.0,0.0,0.0,0.0,0.35,667.83231428256,-0.0,667.83231428256,26760.0,0.0
3.65,traction,1.0,0.0,1.0000295575303524,0.6369495045969953,56210.330368778436,59798.223796572805,58876.322930904564,58876.322930904564,0.0,70303.31977285889,71442.87407457098,0.0,0.0,0.0,0.0,0.0,24998.90090152711,1,0,1499.937017892211,1794.889306320559,0.0,0.0,0.0,0.0,0.0,0.35,667.83231428256,-0.0,667.83231428256,26760.0,0.0
3.7,traction,1.0,0.0,1.031934599242582,0.6381008342445904,58177.308608198444,61890.75383850899,61018.59571078858,61018.59571078858,0.0,71958.03354937841,73122.11759720638,0.0,0.0,0.0,0.0,0.0,24998.87509855712,1,0,1499.9355590036157,1795.2956672283126,0.0,0.0,0.0,0.0,0.0,0.35,667.83231428256,-0.0,667.83231428256,26760.0,0.0
3.75,traction,1.0,0.0,1.0638842026186526,0.6389920675214134,60138.828853832594,63977.47750407723,63153.83044745815,63153.83044745815,0.0,73652.22594473472,74834.95619168306,0.0,0.0,0.0,0.0,0.0,24998.848620844048,1,0,1499.9340540916266,1795.669052269767,0.0,0.0,0.0,0.0,0.0,0.35,667.83231428256,-0.0,667.83231428256,26760.0,0.0
3.8,traction,1.0,0.0,1.0958682806950106,0.6396815615271612,62095.77854623526,66059.3388789737,65283.140310282884,65283.140310282884,0.0,75383.39310406923,76579.24351181423,0.0,0.0,0.0,0.0,0.0,24998.821511357542,1,0,1499.9325059134271,1796.0121275618365,0.0,0.0,0.0,0.0,0.0,0.35,667.83231428256,-0.0,667.83231428256,26760.0,0.0
3.85,traction,1.0,0.0,1.1278790091948472,0.640214569996731,64048.918664622,68137.14751555532,67407.48865201397,67407.48865201397,0.0,77149.19436581469,78352.94425622087,0.0,0.0,0.0,0.0,0.0,24998.793810159063,1,0,1499.9309172506428,1796.327342626055,0.0,0.0,0.0,0.0,0.0,0.35,667.83231428256,-0.0,667.83231428256,26760.0,0.0
3.9,traction,1.0,0.0,1.1599103184691322,0.6406261854856998,65998.89652619328,70211.5920491418,69527.70154648503,69527.70154648503,0.0,78947.41701077168,80154.12634634542,0.0,0.0,0.0,0.0,0.0,24998.765554698955,1,0,1499.9292906814526,1796.6169481555082,0.0,0.0,0.0,0.0,0.0,0.35,667.83231428256,-0.0,667.83231428256,26760.0,0.0
3.95,traction,1.0,0.0,1.1919574995158693,0.6409436209347419,67946.25890222276,72283.25415130082,71644.48168279775,71644.48168279775,0.0,80775.96278881333,81980.95519218732,0.0,0.0,0.0,0.0,0.0,24998.73678038052,1,0,1499.9276286095437,1796.8830122797406,0.0,0.0,0.0,0.0,0.0,0.35,667.83231428256,-0.0,667.83231428256,26760.0,0.0
4.0,traction,1.0,0.0,1.2240168984629825,0.6411879789422636,69891.46478737364,74352.62211422728,73758.42260336818,73758.42260336818,0.0,82632.83986808383,83831.69025459101,0.0,0.0,0.0,0.0,0.0,24998.707520775584,1,0,1499.9259332819372,1797.1274354811273,0.0,0.0,0.0,0.0,0.0,0.35,667.83231428256,-0.0,667.83231428256,26760.0,0.0
4.05,traction,1.0,0.0,1.2560856796514575,0.6413756237695001,71834.89739133936,76420.10360780783,75870.02256553805,75870.02256553805,0.0,84516.15692277437,85704.68265768021,0.0,0.0,0.0,0.0,0.0,24998.67780775334,1,0,1499.9242068228311,1797.351964276646,0.0,0.0,0.0,0.0,0.0,0.35,667.83231428256,-0.0,667.83231428256,26760.0,0.0
4.1,traction,1.0,0.0,1.2881616419153687,0.6415192452782259,73776.8751031351,78486.03734376075,77979.69755898758,77979.69755898758,0.0,86424.11958873278,87598.37329242892,0.0,0.0,0.0,0.0,0.0,24998.64767157498,1,0,1499.922451246535,1797.558203771431,0.0,0.0,0.0,0.0,0.0,0.35,667.83231428256,-0.0,667.83231428256,26760.0,0.0
4.15,traction,1.0,0.0,1.3202430761140564,0.6416286839737539,75717.661311796,80550.70352318723,80087.79320791914,80087.79320791914,0.0,88355.02800058536,89511.29097771346,0.0,0.0,0.0,0.0,0.0,24998.61714095036,1,0,1499.9206684652004,1797.7476291775222,0.0,0.0,0.0,0.0,0.0,0.35,667.83231428256,-0.0,667.83231428256,26760.0,0.0
4.2,traction,1.0,0.0,1.3523286546537754,0.6417115707943788,77657.47306047448,82614.33304305797,82194.5954318237,82194.5954318237,0.0,90307.27483611237,91442.05047473352,0.0,0.0,0.0,0.0,0.0,24998.586243077443,1,0,1499.918860294499,1797.921596384481,0.0,0.0,0.0,0.0,0.0,0.35,667.83231428256,-0.0,667.83231428256,26760.0,0.0
4.25,traction,1.0,0.0,1.3844173458159557,0.6417738232436054,79596.48857244963,84677.11550260599,84300.33983985506,84300.33983985506,0.0,92279.34342008225,93389.35024319345,0.0,0.0,0.0,0.0,0.0,24998.555003673573,1,0,1499.9170284570214,1798.081351661297,0.0,0.0,0.0,0.0,0.0,0.35,667.83231428256,-0.0,667.83231428256,26760.0,0.0
4.3,traction,1.0,0.0,1.4165083473220428,0.6418200301217425,81534.85372519257,86739.2060906304,86405.21990061835,86405.21990061835,0.0,94269.80567699068,95351.96989833727,0.0,0.0,0.0,0.0,0.0,24998.5234470058,1,0,1499.9151745846466,1798.2280405620704,0.0,0.0,0.0,0.0,0.0,0.35,667.83231428256,-0.0,667.83231428256,26760.0,0.0
4.35,traction,1.0,0.0,1.4486010348155747,0.6418537498706378,83472.68756897502,88800.7314563564,88509.39397003101,88509.39397003101,0.0,96277.31981769913,97328.76737826534,0.0,0.0,0.0,0.0,0.0,24998.491595923635,1,0,1499.9133002204144,1798.3627161018183,0.0,0.0,0.0,0.0,0.0,0.35,667.83231428256,-0.0,667.83231428256,26760.0,0.0
4.4,traction,1.0,0.0,1.480694921912,0.6418777419285071,85410.08699480696,90861.79467532656,90612.99128199632,90612.99128199632,0.0,98300.62771775207,99318.67585857594,0.0,0.0,0.0,0.0,0.0,24998.45947189606,1,0,1499.9114068203478,1798.4863462630976,0.0,0.0,0.0,0.0,0.0,0.35,667.83231428256,-0.0,667.83231428256,26760.0,0.0
4.45,traction,1.0,0.0,1.5127896292188432,0.6418941461368632,87347.13065675937,92922.47942208445,92716.11701563935,92716.11701563935,0.0,100338.55199707337,101320.70046606127,0.0,0.0,0.0,0.0,0.0,24998.427095053466,1,0,1499.909495755418,1798.5998208889998,0.0,0.0,0.0,0.0,0.0,0.35,667.83231428256,-0.0,667.83231428256,26760.0,0.0
4.5,traction,1.0,0.0,1.54488486031203,0.6419046218637359,89283.8822489302,94982.85345630873,94818.8565531474,94818.8565531474,0.0,102389.99283921011,103333.91484834487,0.0,0.0,0.0,0.0,0.0,24998.39448423436,1,0,1499.9075683137637,1798.7039580133464,0.0,0.0,0.0,0.0,0.0,0.35,667.83231428256,-0.0,667.83231428256,26760.0,0.0
4.55,traction,1.0,0.0,1.5769803831064455,0.6419104558883104,91220.39322957405,97042.97152082347,96921.27903704972,96921.27903704972,0.0,104453.92460344092,105357.4576556991,0.0,0.0,0.0,0.0,0.0,24998.36165703626,1,0,1499.905625703208,1798.7995096746267,0.0,0.0,0.0,0.0,0.0,0.35,667.83231428256,-0.0,667.83231428256,26760.0,0.0
4.6,traction,1.0,0.0,1.6090760154095198,0.6419126460614866,93156.70507572187,99102.87774012965,99023.44032737089,99023.44032737089,0.0,106529.3922883855,107390.52898705113,0.0,0.0,0.0,0.0,0.0,24998.328629869902,1,0,1499.9036690540615,1798.8871672562877,0.0,0.0,0.0,0.0,0.0,0.35,667.83231428256,-0.0,667.83231428256,26760.0,0.0
4.65,traction,1.0,0.0,1.6411716137185868,0.6419119661813388,95092.85114195815,101162.60759782782,101125.3854491119,101125.3854491119,0.0,108615.50790508589,109432.38684598435,0.0,0.0,0.0,0.0,0.0,24998.29541801579,1,0,1499.9016994221756,1798.9675663924027,0.0,0.0,0.0,0.0,0.0,0.35,667.83231428256,-0.0,667.83231428256,26760.0,0.0
4.7,traction,1.0,0.0,1.6732670645336687,0.6419090163016383,97028.85818754684,103222.18956122005,103227.15061002839,103227.15061002839,0.0,110711.44681317068,111482.34364555762,0.0,0.0,0.0,0.0,0.0,24998.26203568225,1,0,1499.899717792194,1799.0412914744643,0.0,0.0,0.0,0.0,0.0,0.35,667.83231428256,-0.0,667.83231428256,26760.0,0.0
4.75,traction,1.0,0.0,1.7053622776208721,0.6419042617440684,98964.7476271877,105281.6464119018,105328.7648583878,105328.7648583878,0.0,112816.4440673227,113539.76279370624,0.0,0.0,0.0,0.0,0.0,24998.228496064043,1,0,1499.8977250809473,1799.1088797920554,0.0,0.0,0.0,0.0,0.0,0.35,667.83231428256,-0.0,667.83231428256,26760.0,0.0
4.8,traction,1.0,0.0,1.7374571807884158,0.6418980633508742,100900.53655255584,107340.99633250623,107430.25144071614,107430.25144071614,0.0,114929.79081407114,115604.05538426994,0.0,0.0,0.0,0.0,0.0,24998.194811400786,1,0,1499.895722140935,1799.1708253374186,0.0,0.0,0.0,0.0,0.0,0.35,667.83231428256,-0.0,667.83231428256,26760.0,0.0
4.85,traction,1.0,0.0,1.7695517158356402,0.6418907009444874,102836.23856452218,109400.25379204488,109531.62891072064,109531.62891072064,0.0,117050.83077165164,117674.6770126172,0.0,0.0,0.0,0.0,0.0,24998.160993034653,1,0,1499.8937097638425,1799.2275823014338,0.0,0.0,0.0,0.0,0.0,0.35,667.83231428256,-0.0,667.83231428256,26760.0,0.0
4.9,traction,1.0,0.0,1.801645835411622,0.641882391519637,104771.8644495827,111459.43026551353,111632.91203269886,111632.91203269886,0.0,119178.9568187555,119751.1247294797,0.0,0.0,0.0,0.0,0.0,24998.12705146664,1,0,1499.891688684047,1799.279568286241,0.0,0.0,0.0,0.0,0.0,0.35,667.83231428256,-0.0,667.83231428256,26760.0,0.0
4.95,traction,1.0,0.0,1.8337395005791541,0.6418733033506419,106707.42272850801,113518.53481756173,113734.11251583013,113734.11251583013,0.0,121313.60771172147,121832.93414203059,0.0,0.0,0.0,0.0,0.0,24998.092996411186,1,0,1499.889659582079,1799.3271672576363,0.0,0.0,0.0,0.0,0.0,0.35,667.83231428256,-0.0,667.83231428256,26760.0,0.0
5.0,traction,1.0,0.0,1.8658326789257074,0.6418635669310646,108642.92010049669,115577.57457499648,115835.23960975687,115835.23960975687,0.0,123454.26494420713,123919.67666740713,0.0,0.0,0.0,0.0,0.0,24998.058836848664,1,0,1499.8876230879982,1799.3707322584655,0.0,0.0,0.0,0.0,0.0,0.35,667.83231428256,-0.0,667.83231428256,26760.0,0.0
5.05,traction,1.0,0.0,1.8979253430985554,0.6418532834569612,110578.36180210042,117636.55510861748,117936.3005867311,117936.3005867311,0.0,125600.44975865104,126010.95694072312,0.0,0.0,0.0,0.0,0.0,24998.024581075653,1,0,1499.885579784671,1799.4105879024833,0.0,0.0,0.0,0.0,0.0,0.35,667.83231428256,-0.0,667.83231428256,26760.0,0.0
5.1,traction,1.0,0.0,1.930017469668824,0.64184253140537,112513.75189680372,119695.48074128055,120037.30113124233,120037.30113124233,0.0,127751.72031488961,128106.41037710887,0.0,0.0,0.0,0.0,0.0,24997.99023675273,1,0,1499.8835302109198,1799.4470326665441,0.0,0.0,0.0,0.0,0.0,0.35,667.83231428256,-0.0,667.83231428256,26760.0,0.0
5.15,traction,1.0,0.0,1.962109038250607,0.6418313716356616,114449.09350830398,121754.35479606807,122138.24565436791,122138.24565436791,0.0,129907.66901803571,130205.70088531019,0.0,0.0,0.0,0.0,0.0,24997.955810949774,1,0,1499.881474864539,1799.4803409975157,0.0,0.0,0.0,0.0,0.0,0.35,667.83231428256,-0.0,667.83231428256,26760.0,0.0
5.2,traction,1.0,0.0,1.9942000308178771,0.6418198513454021,116384.38900817579,123813.17979593169,124239.13754700824,124239.13754700824,0.0,132067.9200051447,132308.51872888167,0.0,0.0,0.0,0.0,0.0,24997.921310188736,1,0,1499.8794142051636,1799.510765248967,0.0,0.0,0.0,0.0,0.0,0.35,667.83231428256,-0.0,667.83231428256,26760.0,0.0
5.25,traction,1.0,0.0,2.02629043117478,0.6418080071380539,118319.64016664347,125871.9576240888,126339.97938360379,126339.97938360379,0.0,134232.1267881222,134414.57852986734,0.0,0.0,0.0,0.0,0.0,24997.88674048384,1,0,1499.8773486569864,1799.5385374614405,0.0,0.0,0.0,0.0,0.0,0.35,667.83231428256,-0.0,667.83231428256,26760.0,0.0
5.3,traction,1.0,0.0,2.058380224544868,0.6417958674017665,120254.8482735674,127930.6896527313,128440.7730858049,128440.7730858049,0.0,136399.97004878763,136523.61740906964,0.0,0.0,0.0,0.0,0.0,24997.85210737929,1,0,1499.8752786113241,1799.5638709990014,0.0,0.0,0.0,0.0,0.0,0.35,667.83231428256,-0.0,667.83231428256,26760.0,0.0
5.35,traction,1.0,0.0,2.0904693972525727,0.6417834541540923,122190.01423541913,129989.37684619057,130541.52005380744,130541.52005380744,0.0,138571.15558082852,138635.39325647222,0.0,0.0,0.0,0.0,0.0,24997.817415984562,1,0,1499.8732044290302,1799.5869620536996,0.0,0.0,0.0,0.0,0.0,0.35,667.83231428256,-0.0,667.83231428256,26760.0,0.0
5.4,traction,1.0,0.0,2.122557936476199,0.6417707844725218,124125.13865292865,132048.01984354111,132642.22127162304,132642.22127162304,0.0,140745.41237256472,140749.6831250657,0.0,0.0,0.0,0.0,0.0,24997.782671007324,1,0,1499.8711264427575,1799.607991028651,0.0,0.0,0.0,0.0,0.0,0.35,667.83231428256,-0.0,667.83231428256,26760.0,0.0
5.45,traction,1.0,0.0,2.1546458300563844,0.641757871603712,126060.2218831938,134106.61902467426,134742.8773913685,134742.8773913685,0.0,142922.4908238895,142866.28174117394,0.0,0.0,0.0,0.0,0.0,24997.747876784113,1,0,1499.8690449590736,1799.6271238095567,0.0,0.0,0.0,0.0,0.0,0.35,667.83231428256,-0.0,667.83231428256,26760.0,0.0
5.5,traction,1.0,0.0,2.1867330663475726,0.641744725823763,127995.26408931539,136165.1745631015,136843.48880068804,136843.48880068804,0.0,145102.1610904277,144985.00012436823,0.0,0.0,0.0,0.0,0.0,24997.71303730887,1,0,1499.8669602604393,1799.6445129336867,0.0,0.0,0.0,0.0,0.0,0.35,667.83231428256,-0.0,667.83231428256,26760.0,0.0
5.55,traction,1.0,0.0,2.218819634102835,0.6417313551052484,129930.26528002784,138223.68646811473,138944.0556766342,138944.0556766342,0.0,147284.21154779635,147105.66431015887,0.0,0.0,0.0,0.0,0.0,24997.678156259426,1,0,1499.8648726070467,1799.6602986646183,0.0,0.0,0.0,0.0,0.0,0.35,667.83231428256,-0.0,667.83231428256,26760.0,0.0
5.6,traction,1.0,0.0,2.250905522384559,0.6417177656344819,131865.22534131657,140282.1546184219,141044.5780286885,141044.5780286885,0.0,149468.44736884025,149228.11416879357,0.0,0.0,0.0,0.0,0.0,24997.643237022075,1,0,1499.8627822385322,1799.6746099803447,0.0,0.0,0.0,0.0,0.0,0.35,667.83231428256,-0.0,667.83231428256,26760.0,0.0
5.65,traction,1.0,0.0,2.2829907204951954,0.6417039622127252,133800.14406162183,142340.5787889594,143145.05573308357,143145.05573308357,0.0,151654.6892068228,151352.20231375654,0.0,0.0,0.0,0.0,0.0,24997.608282714347,1,0,1499.8606893755655,1799.6875654817538,0.0,0.0,0.0,0.0,0.0,0.35,667.83231428256,-0.0,667.83231428256,26760.0,0.0
5.7,traction,1.0,0.0,2.315075217923553,0.6416899485671568,135735.02115191557,144398.95867225062,145245.48856016266,145245.48856016266,0.0,153842.77197769462,153477.79309378643,0.0,0.0,0.0,0.0,0.0,24997.573296206065,1,0,1499.8585942213244,1799.6992742279067,0.0,0.0,0.0,0.0,0.0,0.35,667.83231428256,-0.0,667.83231428256,26760.0,0.0
5.75,traction,1.0,0.0,2.3471590043031596,0.6416757275921281,137669.85626168305,146457.2938954075,147345.8761961741,147345.8761961741,0.0,156032.5437348365,155604.76166255932,0.0,0.0,0.0,0.0,0.0,24997.53828013884,1,0,1499.8564969628608,1799.7098365040217,0.0,0.0,0.0,0.0,0.0,0.35,667.83231428256,-0.0,667.83231428256,26760.0,0.0
5.8,traction,1.0,0.0,2.3792420693799725,0.6416613015362582,139604.64899163577,148515.5840336551,149446.2182606199,149446.2182606199,0.0,158223.86462990296,157732.99312045722,0.0,0.0,0.0,0.0,0.0,24997.503236944067,1,0,1499.8543977723639,1799.719344527603,0.0,0.0,0.0,0.0,0.0,0.35,667.83231428256,-0.0,667.83231428256,26760.0,0.0
5.85,traction,1.0,0.0,2.411324402987345,0.6416466721474468,141539.3989038182,150573.8286210832,151546.51432005622,151546.51432005622,0.0,160416.60595373283,159862.38172318044,0.0,0.0,0.0,0.0,0.0,24997.468168859563,1,0,1499.8522968083303,1799.7278830976913,0.0,0.0,0.0,0.0,0.0,0.35,667.83231428256,-0.0,667.83231428256,26760.0,0.0
5.9,traction,1.0,0.0,2.443405995026611,0.6416318407853261,143474.10552963783,152632.0271591892,153646.7638990645,153646.7638990645,0.0,162610.64925157375,161992.8301522648,0.0,0.0,0.0,0.0,0.0,24997.433077944894,1,0,1499.850194216644,1799.7355301918378,0.0,0.0,0.0,0.0,0.0,0.35,667.83231428256,-0.0,667.83231428256,26760.0,0.0
5.95,traction,1.0,0.0,2.4754868354520387,0.6416168085085516,145408.76837624132,154690.179123661,155746.96648896858,155746.96648896858,0.0,164805.88550721758,164124.248842875,0.0,0.0,0.0,0.0,0.0,24997.397966095556,1,0,1499.8480901315738,1799.7423575150042,0.0,0.0,0.0,0.0,0.0,0.35,667.83231428256,-0.0,667.83231428256,26760.0,0.0
6.0,traction,1.0,0.0,2.50756691425916,0.6416015761424276,147343.3869315746,156748.28396976023,157847.1215547561,157847.1215547561,0.0,167002.21439095517,166256.55536455032,0.0,0.0,0.0,0.0,0.0,24997.36283505601,1,0,1499.8459846766937,1799.748431004276,0.0,0.0,0.0,0.0,0.0,0.35,667.83231428256,-0.0,667.83231428256,26760.0,0.0
6.05,traction,1.0,0.0,2.5396462214757283,0.6415861443313631,149277.9606683971,158806.34113659267,159947.22854057167,159947.22854057167,0.0,169199.543566578,168389.67385086638,0.0,0.0,0.0,0.0,0.0,24997.327686431723,1,0,1499.8438779657333,1799.7538112929374,0.0,0.0,0.0,0.0,0.0,0.35,667.83231428256,-0.0,667.83231428256,26760.0,0.0
6.1,traction,1.0,0.0,2.5717247471546996,0.6415705135794258,151212.48904746395,160864.35005049358,162047.28687407417,162047.28687407417,0.0,171397.78805296993,170523.53447426987,0.0,0.0,0.0,0.0,0.0,24997.29252170026,1,0,1499.8417701033607,1799.758554137196,0.0,0.0,0.0,0.0,0.0,0.35,667.83231428256,-0.0,667.83231428256,26760.0,0.0
6.15,traction,1.0,0.0,2.603802481368808,0.6415546842821662,153146.9715200479,162922.31012771055,164147.29596989142,164147.29596989142,0.0,173596.8696361275,172658.07296257847,0.0,0.0,0.0,0.0,0.0,24997.25734222149,1,0,1499.8396611859034,1799.7627108085567,0.0,0.0,0.0,0.0,0.0,0.35,667.83231428256,-0.0,667.83231428256,26760.0,0.0
6.2,traction,1.0,0.0,2.635879414206347,0.6415386567507841,155081.4075299367,164980.2207765284,166247.2552323577,166247.2552323577,0.0,175796.7163277502,174793.2301539246,0.0,0.0,0.0,0.0,0.0,24997.222149246998,1,0,1499.8375513020155,1799.7663284546177,0.0,0.0,0.0,0.0,0.0,0.35,667.83231428256,-0.0,667.83231428256,26760.0,0.0
6.25,traction,1.0,0.0,2.667955535767908,0.6415224312312162,157015.79651501524,167038.0813989524,168347.16405768206,168347.16405768206,0.0,177997.2618667849,176928.95158714085,0.0,0.0,0.0,0.0,0.0,24997.18694392875,1,0,1499.8354405332893,1799.769450430827,0.0,0.0,0.0,0.0,0.0,0.35,667.83231428256,-0.0,667.83231428256,26760.0,0.0
6.3,traction,1.0,0.0,2.7000308361638523,0.6415060079188883,158950.137908517,169095.89139203937,170447.0218356657,170447.0218356657,0.0,180198.44526060217,179065.18712479968,0.0,0.0,0.0,0.0,0.0,24997.151727327077,1,0,1499.8333289548198,1799.7721166055449,0.0,0.0,0.0,0.0,0.0,0.35,667.83231428256,-0.0,667.83231428256,26760.0,0.0
6.35,traction,1.0,0.0,2.732105305512356,0.6414893869700755,160884.43114001452,171153.65014895162,172546.82795106058,172546.82795106058,0.0,182400.21036271125,181201.8906063511,0.0,0.0,0.0,0.0,0.0,24997.11650041799,1,0,1499.831216635725,1799.7743636405548,0.0,0.0,0.0,0.0,0.0,0.35,667.83231428256,-0.0,667.83231428256,26760.0,0.0
6.4,traction,1.0,0.0,2.7641789339378926,0.6414725685107303,162818.6756362027,173211.3570597901,174646.5817846445,174646.5817846445,0.0,184602.50548413873,183339.01952897798,0.0,0.0,0.0,0.0,0.0,24997.08126409997,1,0,1499.8291036396245,1799.7762252490056,0.0,0.0,0.0,0.0,0.0,0.35,667.83231428256,-0.0,667.83231428256,26760.0,0.0
6.45,traction,1.0,0.0,2.796251711570059,0.6414555526433308,164752.87082151833,175269.01151225355,176746.28271407154,176746.28271407154,0.0,186805.28303583627,185476.53475397432,0.0,0.0,0.0,0.0,0.0,24997.04601920016,1,0,1499.8269900250793,1799.7777324325966,0.0,0.0,0.0,0.0,0.0,0.35,667.83231428256,-0.0,667.83231428256,26760.0,0.0
6.5,traction,1.0,0.0,2.828323628542673,0.6414383394522805,166687.01611862908,177326.6128921586,178845.93011454443,178845.93011454443,0.0,189008.49919966282,187614.40023662933,0.0,0.0,0.0,0.0,0.0,24997.0107664801,1,0,1499.8248758459981,1799.7789136996814,0.0,0.0,0.0,0.0,0.0,0.35,667.83231428256,-0.0,667.83231428256,26760.0,0.0
6.55,traction,1.0,0.0,2.860394674993071,0.6414209290079587,168621.11094882057,179384.16058385168,180945.5233593455,180945.5233593455,0.0,191212.11362568,189752.5827777439,0.0,0.0,0.0,0.0,0.0,24996.975506640993,1,0,1499.8227611520094,1799.7797952658234,0.0,0.0,0.0,0.0,0.0,0.35,667.83231428256,-0.0,667.83231428256,26760.0,0.0
6.6,traction,1.0,0.0,2.8924648410615683,0.6414033213699444,170555.15473230227,181441.65397053433,183045.06182025681,183045.06182025681,0.0,193416.08915367952,191891.05179506206,0.0,0.0,0.0,0.0,0.0,24996.940240328542,1,0,1499.8206459888058,1799.7804012382155,0.0,0.0,0.0,0.0,0.0,0.35,667.83231428256,-0.0,667.83231428256,26760.0,0.0
6.65,traction,1.0,0.0,2.924534116891041,0.64138551658945,172489.1468884482,183499.09243451935,185144.54486789217,185144.54486789217,0.0,195620.39155701257,194029.77911302977,0.0,0.0,0.0,0.0,0.0,24996.90496813741,1,0,1499.8185303984594,1799.7807537852646,0.0,0.0,0.0,0.0,0.0,0.35,667.83231428256,-0.0,667.83231428256,26760.0,0.0
6.7,traction,1.0,0.0,2.95660249262661,0.6413675147113818,174423.08683598795,185556.475357434,187243.97187195852,187243.97187195852,0.0,197824.98930694998,196168.73876941518,0.0,0.0,0.0,0.0,0.0,24996.869690615313,1,0,1499.8164144197124,1799.780873292532,0.0,0.0,0.0,0.0,0.0,0.35,667.83231428256,-0.0,667.83231428256,26760.0,0.0
6.75,traction,1.0,0.0,2.988669958415393,0.6413493157756633,176356.9739931571,187613.8021203799,189343.3422014633,189343.3422014633,0.0,200029.85335593668,198309.25303191805,0.0,0.0,0.0,0.0,0.0,24996.834408266797,1,0,1499.8142980882444,1799.780873292532,0.0,0.0,0.0,0.0,0.0,0.35,667.83231428256,-0.0,667.83231428256,26760.0,0.0
6.8,traction,1.0,0.0,3.020736504406316,0.6413309198184614,178290.8077778161,189671.0721040597,191442.65522487744,191442.65522487744,0.0,202234.9569382291,200451.406112399,0.0,0.0,0.0,0.0,0.0,24996.799121556713,1,0,1499.8121814369188,1799.780873292532,0.0,0.0,0.0,0.0,0.0,0.35,667.83231428256,-0.0,667.83231428256,26760.0,0.0
6.85,traction,1.0,0.0,3.052802120749972,0.641312326873118,180224.58760754415,191728.28468887677,193541.91031026503,193541.91031026503,0.0,204441.6632100059,202593.5000756949,0.0,0.0,0.0,0.0,0.0,24996.763830913384,1,0,1499.8100644960077,1799.780873292532,0.0,0.0,0.0,0.0,0.0,0.35,667.83231428256,-0.0,667.83231428256,26760.0,0.0
6.9,traction,1.0,0.0,3.0848667975985133,0.6412935369708261,182158.31289971308,193785.43925501392,195641.10682538446,195641.10682538446,0.0,206650.05898666257,204735.5342764669,0.0,0.0,0.0,0.0,0.0,24996.728514523547,1,0,1499.8079472934028,1799.780873292532,0.0,0.0,0.0,0.0,0.0,0.35,667.83231428256,-0.0,667.83231428256,26760.0,0.0
6.95,traction,1.0,0.0,3.1169305251055675,0.6412745501410821,184091.98307154624,195842.535182496,197740.2441377693,197740.2441377693,0.0,208858.3936408842,206877.5080691592,0.0,0.0,0.0,0.0,0.0,24996.693170997904,1,0,1499.805829854803,1799.780873292532,0.0,0.0,0.0,0.0,0.0,0.35,667.83231428256,-0.0,667.83231428256,26760.0,0.0
7.0,traction,1.0,0.0,3.148993293426183,0.6412553664123077,186025.59754016457,197899.57185123893,199839.32161479184,199839.32161479184,0.0,211066.66648617465,209019.42062236313,0.0,0.0,0.0,0.0,0.0,24996.657828347106,1,0,1499.8037108714127,1799.780873292532,0.0,0.0,0.0,0.0,0.0,0.35,667.83231428256,-0.0,667.83231428256,26760.0,0.0
7.05,traction,1.0,0.0,3.1810550927167784,0.6412359858119121,187959.15572262323,199956.54864108854,201938.3386237132,201938.3386237132,0.0,213274.8770863152,211161.27145735227,0.0,0.0,0.0,0.0,0.0,24996.622486581848,1,0,1499.801590259874,1799.780873292532,0.0,0.0,0.0,0.0,0.0,0.35,667.83231428256,-0.0,667.83231428256,26760.0,0.0
7.1,traction,1.0,0.0,3.2131159131351166,0.6412164083667626,189892.65703594068,202013.4649318518,204037.294531723,204037.294531723,0.0,215483.0247735943,213303.06017892313,0.0,0.0,0.0,0.0,0.0,24996.587145712823,1,0,1499.7994697008264,1799.780873292532,0.0,0.0,0.0,0.0,0.0,0.35,667.83231428256,-0.0,667.83231428256,26760.0,0.0
7.15,traction,1.0,0.0,3.24517574484028,0.6411966341032649,191826.10089712145,204070.3201033207,206136.18870597123,206136.18870597123,0.0,217691.10907373286,215444.78590718232,0.0,0.0,0.0,0.0,0.0,24996.55180575073,1,0,1499.7973491949108,1799.780873292532,0.0,0.0,0.0,0.0,0.0,0.35,667.83231428256,-0.0,667.83231428256,26760.0,0.0
7.2,traction,1.0,0.0,3.277234577992657,0.6411766630475402,193759.48672317463,206127.11353529218,208235.02051359255,208235.02051359255,0.0,219899.1293404164,217586.4479963526,0.0,0.0,0.0,0.0,0.0,24996.516466703157,1,0,1499.7952287427693,1799.780873292532,0.0,0.0,0.0,0.0,0.0,0.35,667.83231428256,-0.0,667.83231428256,26760.0,0.0
7.25,traction,1.0,0.0,3.3092924027539348,0.6411564952255588,195692.81393112792,208183.8446075829,210333.7893217267,210333.7893217267,0.0,222107.08466652312,219728.04580066193,0.0,0.0,0.0,0.0,0.0,24996.481128580464,1,0,1499.7931083450437,1799.780873292532,0.0,0.0,0.0,0.0,0.0,0.35,667.83231428256,-0.0,667.83231428256,26760.0,0.0
7.3,traction,1.0,0.0,3.341349209287095,0.6411361306632024,197626.0819380396,210240.51270004213,212432.49449753357,212432.49449753357,0.0,224314.9743863107,221869.57867433096,0.0,0.0,0.0,0.0,0.0,24996.445791397175,1,0,1499.7909880021894,1799.780873292532,0.0,0.0,0.0,0.0,0.0,0.35,667.83231428256,-0.0,667.83231428256,26760.0,0.0
7.35,traction,1.0,0.0,3.3734049877564134,0.6411155693863702,199559.2901610076,212297.1171925613,214531.13540820626,214531.13540820626,0.0,226522.7978340799,224011.0459716663,0.0,0.0,0.0,0.0,0.0,24996.41045516395,1,0,1499.7888677148278,1799.780873292532,0.0,0.0,0.0,0.0,0.0,0.35,667.83231428256,-0.0,667.83231428256,26760.0,0.0
7.4,traction,1.0,0.0,3.4054597283274624,0.6410948114209791,201492.43801717684,214353.65746508175,216629.71142098092,216629.71142098092,0.0,228730.55434411828,226152.44704703157,0.0,0.0,0.0,0.0,0.0,24996.37511989145,1,0,1499.7867474838304,1799.780873292532,0.0,0.0,0.0,0.0,0.0,0.35,667.83231428256,-0.0,667.83231428256,26760.0,0.0
7.45,traction,1.0,0.0,3.4375134211671172,0.6410738567930974,203425.52492374522,216410.13289760132,218728.22190314464,218728.22190314464,0.0,230938.24325077757,228293.78125477085,0.0,0.0,0.0,0.0,0.0,24996.339785590346,1,0,1499.7846273098369,1799.780873292532,0.0,0.0,0.0,0.0,0.0,0.35,667.83231428256,-0.0,667.83231428256,26760.0,0.0
7.5,traction,1.0,0.0,3.46956605644356,0.6410527055288551,205358.55029796853,218466.54287017928,220826.66622204217,220826.66622204217,0.0,233145.8638884297,230435.0479493212,0.0,0.0,0.0,0.0,0.0,24996.304452271288,1,0,1499.782507193487,1799.780873292532,0.0,0.0,0.0,0.0,0.0,0.35,667.83231428256,-0.0,667.83231428256,26760.0,0.0
7.55,traction,1.0,0.0,3.501617624326289,0.6410313576545779,207291.51355716426,220522.8867629407,222925.0437450809,222925.0437450809,0.0,235353.41559146106,232576.24648518363,0.0,0.0,0.0,0.0,0.0,24996.269119944947,1,0,1499.7803871354206,1799.780873292532,0.0,0.0,0.0,0.0,0.0,0.35,667.83231428256,-0.0,667.83231428256,26760.0,0.0
7.6,traction,1.0,0.0,3.5336681149861264,0.6410098131967512,209224.41411871515,222579.16395607995,225023.3538397354,225023.3538397354,0.0,237560.8976943544,234717.37621692757,0.0,0.0,0.0,0.0,0.0,24996.23378862198,1,0,1499.7782671362772,1799.780873292532,0.0,0.0,0.0,0.0,0.0,0.35,667.83231428256,-0.0,667.83231428256,26760.0,0.0
7.65,traction,1.0,0.0,3.5657175185952292,0.640988072182056,211157.25140007143,224635.37382986324,227121.59587355098,227121.59587355098,0.0,239768.3095316578,236858.43649919477,0.0,0.0,0.0,0.0,0.0,24996.198458313047,1,0,1499.7761471966967,1799.780873292532,0.0,0.0,0.0,0.0,0.0,0.35,667.83231428256,-0.0,667.83231428256,26760.0,0.0
7.7,traction,1.0,0.0,3.5977658253270963,0.6409661346373419,213090.02481875365,226691.51576463156,229219.76921414616,229219.76921414616,0.0,241975.6504379904,238999.42668670177,0.0,0.0,0.0,0.0,0.0,24996.16312902881,1,0,1499.7740273173188,1799.780873292532,0.0,0.0,0.0,0.0,0.0,0.35,667.83231428256,-0.0,667.83231428256,26760.0,0.0
7.75,traction,1.0,0.0,3.629813025356582,0.640944000589716,215022.73379235415,228747.5891408023,231317.87322921588,231317.87322921588,0.0,244182.91974804556,241140.3461342428,0.0,0.0,0.0,0.0,0.0,24996.127800779923,1,0,1499.7719074987829,1799.780873292532,0.0,0.0,0.0,0.0,0.0,0.35,667.83231428256,-0.0,667.83231428256,26760.0,0.0
7.8,traction,1.0,0.0,3.6618591088599057,0.6409216700664722,216955.37773853887,230803.59333887114,233415.90728653292,233415.90728653292,0.0,246390.11679659382,243281.1941966918,0.0,0.0,0.0,0.0,0.0,24996.092473577042,1,0,1499.7697877417286,1799.780873292532,0.0,0.0,0.0,0.0,0.0,0.35,667.83231428256,-0.0,667.83231428256,26760.0,0.0
7.85,traction,1.0,0.0,3.6939040660146603,0.6408991430950906,218887.95607504912,232859.52773941398,235513.87075395018,235513.87075395018,0.0,248597.24091848594,245421.97022900413,0.0,0.0,0.0,0.0,0.0,24996.057147430827,1,0,1499.7676680467953,1799.780873292532,0.0,0.0,0.0,0.0,0.0,0.35,667.83231428256,-0.0,667.83231428256,26760.0,0.0
7.9,traction,1.0,0.0,3.725947886999829,0.6408764197033712,220820.46821970236,234915.39172308764,237611.76299940204,237611.76299940204,0.0,250804.29144865464,247562.6735862188,0.0,0.0,0.0,0.0,0.0,24996.021822351933,1,0,1499.7655484146226,1799.780873292532,0.0,0.0,0.0,0.0,0.0,0.35,667.83231428256,-0.0,667.83231428256,26760.0,0.0
7.95,traction,1.0,0.0,3.7579905619957916,0.6408534999192561,222752.91359039358,236971.18467063148,239709.58339090575,239709.58339090575,0.0,253011.26772211678,249703.3036234589,0.0,0.0,0.0,0.0,0.0,24995.98649835101,1,0,1499.7634288458496,1799.780873292532,0.0,0.0,0.0,0.0,0.0,0.35,667.83231428256,-0.0,667.83231428256,26760.0,0.0
8.0,traction,1.0,0.0,3.7900320811843393,0.6408303837709539,224685.29160509657,239026.9059628687,241807.3312965627,241807.3312965627,0.0,255218.16907397524,251843.8596959336,0.0,0.0,0.0,0.0,0.0,24995.951175438713,1,0,1499.761309341116,1799.780873292532,0.0,0.0,0.0,0.0,0.0,0.35,667.83231428256,-0.0,667.83231428256,26760.0,0.0
8.05,traction,1.0,0.0,3.822072434748683,0.6408070712868774,226617.6016818647,241082.55498070715,243905.00608455992,243905.00608455992,0.0,257424.99483941984,253984.34115893935,0.0,0.0,0.0,0.0,0.0,24995.915853625687,1,0,1499.7591899010604,1799.780873292532,0.0,0.0,0.0,0.0,0.0,0.35,667.83231428256,-0.0,667.83231428256,26760.0,0.0
8.1,traction,1.0,0.0,3.8541116128734676,0.6407835624956881,228549.8432388318,243138.1311051402,246002.6071231706,246002.6071231706,0.0,259631.7443537288,256124.74736786072,0.0,0.0,0.0,0.0,0.0,24995.88053292259,1,0,1499.7570705263227,1799.780873292532,0.0,0.0,0.0,0.0,0.0,0.35,667.83231428256,-0.0,667.83231428256,26760.0,0.0
8.15,traction,1.0,0.0,3.886149605744784,0.6407598574263318,230482.01569421304,245193.63371724793,248100.1337807553,248100.1337807553,0.0,261838.41695227067,258265.0776781712,0.0,0.0,0.0,0.0,0.0,24995.845213340064,1,0,1499.7549512175412,1799.780873292532,0.0,0.0,0.0,0.0,0.0,0.35,667.83231428256,-0.0,667.83231428256,26760.0,0.0
8.2,traction,1.0,0.0,3.9181864035501834,0.6407359561079851,232414.1184663058,247249.06219819767,250197.5854257632,250197.5854257632,0.0,264045.0119705045,260405.33144543477,0.0,0.0,0.0,0.0,0.0,24995.80989488876,1,0,1499.7528319753553,1799.780873292532,0.0,0.0,0.0,0.0,0.0,0.35,667.83231428256,-0.0,667.83231428256,26760.0,0.0
8.25,traction,1.0,0.0,3.9502219964786804,0.6407118585699401,234346.1509734907,249304.41592924544,252294.9614267323,252294.9614267323,0.0,266251.5287439813,262545.5080253063,0.0,0.0,0.0,0.0,0.0,24995.774577579323,1,0,1499.7507128004038,1799.780873292532,0.0,0.0,0.0,0.0,0.0,0.35,667.83231428256,-0.0,667.83231428256,26760.0,0.0
8.3,traction,1.0,0.0,3.9822563747207727,0.6406875648418442,236278.1126342321,251359.6942917363,254392.2611522913,254392.2611522913,0.0,268457.96660834533,264685.60677353264,0.0,0.0,0.0,0.0,0.0,24995.739261422397,1,0,1499.7485936933256,1799.780873292532,0.0,0.0,0.0,0.0,0.0,0.35,667.83231428256,-0.0,667.83231428256,26760.0,0.0
8.35,traction,1.0,0.0,4.014289528468452,0.6406630749535847,238210.0028670788,253414.89666710512,256489.4839711595,256489.4839711595,0.0,270664.3248993343,266825.6270459537,0.0,0.0,0.0,0.0,0.0,24995.703946428624,1,0,1499.7464746547594,1799.780873292532,0.0,0.0,0.0,0.0,0.0,0.35,667.83231428256,-0.0,667.83231428256,26760.0,0.0
8.4,traction,1.0,0.0,4.046321447915213,0.6406383889352263,240141.82109066486,255470.02243687754,258586.62925214812,258586.62925214812,0.0,272870.602952781,268965.56819850276,0.0,0.0,0.0,0.0,0.0,24995.668632608646,1,0,1499.7443556853439,1799.780873292532,0.0,0.0,0.0,0.0,0.0,0.35,667.83231428256,-0.0,667.83231428256,26760.0,0.0
8.45,traction,1.0,0.0,4.078352123256067,0.6406135068170826,242073.56672371068,257525.07098267096,260683.69636416074,260683.69636416074,0.0,275076.80010461406,271105.4295872077,0.0,0.0,0.0,0.0,0.0,24995.6333199731,1,0,1499.7422367857175,1799.780873292532,0.0,0.0,0.0,0.0,0.0,0.35,667.83231428256,-0.0,667.83231428256,26760.0,0.0
8.5,traction,1.0,0.0,4.110381544687554,0.6405884286297336,244005.23918502318,259580.0416861949,262780.68467619485,262780.68467619485,0.0,277282.9156908583,273245.2105681918,0.0,0.0,0.0,0.0,0.0,24995.598008532634,1,0,1499.7401179565186,1799.780873292532,0.0,0.0,0.0,0.0,0.0,0.35,667.83231428256,-0.0,667.83231428256,26760.0,0.0
8.55,traction,1.0,0.0,4.142409702407756,0.6405631544040347,245936.83789349682,261634.93392925194,264877.5935573417,264877.5935573417,0.0,279488.9490476362,275384.91049767437,0.0,0.0,0.0,0.0,0.0,24995.56269829788,1,0,1499.737999198386,1799.780873292532,0.0,0.0,0.0,0.0,0.0,0.35,667.83231428256,-0.0,667.83231428256,26760.0,0.0
8.6,traction,1.0,0.0,4.174436586616303,0.6405376841709476,247868.3622681144,263689.74709373876,266974.4223767877,266974.4223767877,0.0,281694.8995111685,277524.52873197163,0.0,0.0,0.0,0.0,0.0,24995.52738927947,1,0,1499.735880511958,1799.780873292532,0.0,0.0,0.0,0.0,0.0,0.35,667.83231428256,-0.0,667.83231428256,26760.0,0.0
8.65,traction,1.0,0.0,4.206462187514397,0.6405120179618784,249799.8117279474,265744.48056164617,269071.17050381505,269071.17050381505,0.0,283900.766417775,279664.06462749763,0.0,0.0,0.0,0.0,0.0,24995.492081488042,1,0,1499.7337618978727,1799.780873292532,0.0,0.0,0.0,0.0,0.0,0.35,667.83231428256,-0.0,667.83231428256,26760.0,0.0
8.7,traction,1.0,0.0,4.238486495304808,0.6404861558082153,251731.18569215696,267799.1337150606,271167.8373078022,271167.8373078022,0.0,286106.5491038752,281803.5175407646,0.0,0.0,0.0,0.0,0.0,24995.45677493423,1,0,1499.731643356768,1799.780873292532,0.0,0.0,0.0,0.0,0.0,0.35,667.83231428256,-0.0,667.83231428256,26760.0,0.0
8.75,traction,1.0,0.0,4.270509500191899,0.6404600977418262,253662.48357999473,269853.7059361646,273264.4221582251,273264.4221582251,0.0,288312.24690598977,283942.8868283843,0.0,0.0,0.0,0.0,0.0,24995.421469628665,1,0,1499.7295248892824,1799.780873292532,0.0,0.0,0.0,0.0,0.0,0.35,667.83231428256,-0.0,667.83231428256,26760.0,0.0
8.8,traction,1.0,0.0,4.302531192381631,0.6404338437946322,255593.704810803,271908.1966072373,275360.9244246578,275360.9244246578,0.0,290517.85916074034,286082.17184706853,0.0,0.0,0.0,0.0,0.0,24995.38616558198,1,0,1499.7274064960538,1799.780873292532,0.0,0.0,0.0,0.0,0.0,0.35,667.83231428256,-0.0,667.83231428256,26760.0,0.0
8.85,traction,1.0,0.0,4.334551562081576,0.6404073939989097,257524.84880401604,273962.60511065536,277457.3434767727,277457.3434767727,0.0,292723.38520485134,288221.3719536294,0.0,0.0,0.0,0.0,0.0,24995.350862804793,1,0,1499.72528817772,1799.780873292532,0.0,0.0,0.0,0.0,0.0,0.35,667.83231428256,-0.0,667.83231428256,26760.0,0.0
8.9,traction,1.0,0.0,4.3665705995009345,0.640380748387166,259455.91497916027,276016.9308288939,279553.6786843422,279553.6786843422,0.0,294928.82437515,290360.48650498135,0.0,0.0,0.0,0.0,0.0,24995.315561307743,1,0,1499.7231699349186,1799.780873292532,0.0,0.0,0.0,0.0,0.0,0.35,667.83231428256,-0.0,667.83231428256,26760.0,0.0
8.95,traction,1.0,0.0,4.398588294850541,0.6403539069921216,261386.90275585535,278071.173144527,281649.9294172387,281649.9294172387,0.0,297134.1760085675,292499.5148581404,0.0,0.0,0.0,0.0,0.0,24995.280261101452,1,0,1499.7210517682875,1799.780873292532,0.0,0.0,0.0,0.0,0.0,0.35,667.83231428256,-0.0,667.83231428256,26760.0,0.0
9.0,traction,1.0,0.0,4.430604638342872,0.6403268698466213,263317.8115538148,280125.3314402285,283746.0950454357,283746.0950454357,0.0,299339.43944213993,294638.45637022617,0.0,0.0,0.0,0.0,0.0,24995.24496219654,1,0,1499.7189336784645,1799.780873292532,0.0,0.0,0.0,0.0,0.0,0.35,667.83231428256,-0.0,667.83231428256,26760.0,0.0
9.05,traction,1.0,0.0,4.462619620192072,0.6402996369840075,265248.6407928465,282179.4050987729,285842.17493900866,285842.17493900866,0.0,301544.61401300854,296777.310398462,0.0,0.0,0.0,0.0,0.0,24995.209664603633,1,0,1499.716815666087,1799.780873292532,0.0,0.0,0.0,0.0,0.0,0.35,667.83231428256,-0.0,667.83231428256,26760.0,0.0
9.1,traction,1.0,0.0,4.494633230613952,0.6402722084376045,267179.38989285345,284233.3935030356,287938.16846813564,287938.16846813564,0.0,303749.69905842113,298916.0763001759,0.0,0.0,0.0,0.0,0.0,24995.17436833335,1,0,1499.7146977317923,1799.780873292532,0.0,0.0,0.0,0.0,0.0,0.35,667.83231428256,-0.0,667.83231428256,26760.0,0.0
9.15,traction,1.0,0.0,4.5266454598260095,0.6402445842411453,269110.05827383447,286287.29603599414,290034.07500309753,290034.07500309753,0.0,305954.6939157325,301054.7534328013,0.0,0.0,0.0,0.0,0.0,24995.139073396316,1,0,1499.712579876218,1799.780873292532,0.0,0.0,0.0,0.0,0.0,0.35,667.83231428256,-0.0,667.83231428256,26760.0,0.0
9.2,traction,1.0,0.0,4.558656298047434,0.6402167644284873,271040.6453558849,288341.11208072864,292129.89391427976,292129.89391427976,0.0,308159.5979224055,303193.3411538777,0.0,0.0,0.0,0.0,0.0,24995.10377980314,1,0,1499.710462100001,1799.780873292532,0.0,0.0,0.0,0.0,0.0,0.35,667.83231428256,-0.0,667.83231428256,26760.0,0.0
9.25,traction,1.0,0.0,4.590665735499125,0.6401887490338254,272971.1505591976,290394.841020423,294225.62457217206,294225.62457217206,0.0,310364.41041601123,305331.8388210515,0.0,0.0,0.0,0.0,0.0,24995.06848756444,1,0,1499.708344403779,1799.780873292532,0.0,0.0,0.0,0.0,0.0,0.35,667.83231428256,-0.0,667.83231428256,26760.0,0.0
9.3,traction,1.0,0.0,4.622673762403703,0.6401605380915498,274901.5733040629,292448.4822383648,296321.2663473704,296321.2663473704,0.0,312569.1307342306,307470.245792077,0.0,0.0,0.0,0.0,0.0,24995.033196690838,1,0,1499.7062267881884,1799.780873292532,0.0,0.0,0.0,0.0,0.0,0.35,667.83231428256,-0.0,667.83231428256,26760.0,0.0
9.35,traction,1.0,0.0,4.654680368985511,0.6401321316361752,276831.9130108698,294502.0351179466,298416.81861057633,298416.81861057633,0.0,314773.7582148546,309608.5614248167,0.0,0.0,0.0,0.0,0.0,24994.997907192937,1,0,1499.7041092538664,1799.780873292532,0.0,0.0,0.0,0.0,0.0,0.35,667.83231428256,-0.0,667.83231428256,26760.0,0.0
9.4,traction,1.0,0.0,4.686685545470647,0.6401035297027136,278762.16910010704,296555.4990426671,300512.2807325986,300512.2807325986,0.0,316978.29219578515,311746.7850772425,0.0,0.0,0.0,0.0,0.0,24994.962619081354,1,0,1499.7019918014503,1799.780873292532,0.0,0.0,0.0,0.0,0.0,0.35,667.83231428256,-0.0,667.83231428256,26760.0,0.0
9.45,traction,1.0,0.0,4.718689282086952,0.6400747323261058,280692.3409923626,298608.87339613045,302607.6520843542,302607.6520843542,0.0,319182.73201503634,313884.9161074361,0.0,0.0,0.0,0.0,0.0,24994.927332366697,1,0,1499.6998744315763,1799.780873292532,0.0,0.0,0.0,0.0,0.0,0.35,667.83231428256,-0.0,667.83231428256,26760.0,0.0
9.5,traction,1.0,0.0,4.750691569064044,0.6400457395418258,282622.4281083257,300662.15756204864,304702.93203686783,304702.93203686783,0.0,321387.07701073424,316022.9538735899,0.0,0.0,0.0,0.0,0.0,24994.892047059573,1,0,1499.6977571448813,1799.780873292532,0.0,0.0,0.0,0.0,0.0,0.35,667.83231428256,-0.0,667.83231428256,26760.0,0.0
9.55,traction,1.0,0.0,4.782692396633312,0.6400165513853651,284552.4298687866,302715.35092424107,306798.11996127415,306798.11996127415,0.0,323591.3265211188,318160.8977340081,0.0,0.0,0.0,0.0,0.0,24994.85676317059,1,0,1499.6956399420017,1799.780873292532,0.0,0.0,0.0,0.0,0.0,0.35,667.83231428256,-0.0,667.83231428256,26760.0,0.0
9.6,traction,1.0,0.0,4.814691755027937,0.6399871678924995,286482.3456946377,304768.45286663587,308893.2152288174,308893.2152288174,0.0,325795.4798845437,320298.7470471069,0.0,0.0,0.0,0.0,0.0,24994.82148071035,1,0,1499.6935228235743,1799.780873292532,0.0,0.0,0.0,0.0,0.0,0.35,667.83231428256,-0.0,667.83231428256,26760.0,0.0
9.65,traction,1.0,0.0,4.8466896344829085,0.6399575890994313,288412.1750068741,306821.4627732703,310988.21721085295,310988.21721085295,0.0,327999.5364394781,322436.5011714155,0.0,0.0,0.0,0.0,0.0,24994.786199689457,1,0,1499.6914057902352,1799.780873292532,0.0,0.0,0.0,0.0,0.0,0.35,667.83231428256,-0.0,667.83231428256,26760.0,0.0
9.7,traction,1.0,0.0,4.878686025235022,0.6399278150422738,290341.917226594,308874.3800282915,313083.1252788473,313083.1252788473,0.0,330203.4955245063,324574.159465577,0.0,0.0,0.0,0.0,0.0,24994.750920118513,1,0,1499.689288842621,1799.780873292532,0.0,0.0,0.0,0.0,0.0,0.35,667.83231428256,-0.0,667.83231428256,26760.0,0.0
9.75,traction,1.0,0.0,4.910680917522904,0.6398978457576376,292271.5717750005,310927.204015958,315177.9388043791,315177.9388043791,0.0,332407.3564783296,326711.72128834855,0.0,0.0,0.0,0.0,0.0,24994.715642008116,1,0,1499.6871719813673,1799.780873292532,0.0,0.0,0.0,0.0,0.0,0.35,667.83231428256,-0.0,667.83231428256,26760.0,0.0
9.8,traction,1.0,0.0,4.942674301587017,0.6398676812822579,294201.1380734004,312979.93412063876,317272.65715914086,317272.65715914086,0.0,334611.1186397661,328849.1859986038,0.0,0.0,0.0,0.0,0.0,24994.680365368862,1,0,1499.6850552071107,1799.780873292532,0.0,0.0,0.0,0.0,0.0,0.35,667.83231428256,-0.0,667.83231428256,26760.0,0.0
9.85,traction,1.0,0.0,4.97466616766967,0.6398373216530651,296130.6155432069,315032.5697268159,319367.2797149375,319367.2797149375,0.0,336814.78134775214,330986.55295533093,0.0,0.0,0.0,0.0,0.0,24994.64509021135,1,0,1499.682938520487,1799.780873292532,0.0,0.0,0.0,0.0,0.0,0.35,667.83231428256,-0.0,667.83231428256,26760.0,0.0
9.9,traction,1.0,0.0,5.006656506015042,0.6398067669074337,298060.00360593863,317085.11021908367,321461.8058436897,321461.8058436897,0.0,339018.34394134354,333123.8215176362,0.0,0.0,0.0,0.0,0.0,24994.609816546174,1,0,1499.6808219221316,1799.780873292532,0.0,0.0,0.0,0.0,0.0,0.35,667.83231428256,-0.0,667.83231428256,26760.0,0.0
9.95,traction,1.0,0.0,5.038645306869178,0.6397760170827205,299989.30168322136,319137.5549821504,323556.2349174323,323556.2349174323,0.0,341221.80575971457,335260.9910447424,0.0,0.0,0.0,0.0,0.0,24994.574544383922,1,0,1499.678705412681,1799.780873292532,0.0,0.0,0.0,0.0,0.0,0.35,667.83231428256,-0.0,667.83231428256,26760.0,0.0
10.0,traction,1.0,0.0,5.07063256048001,0.6397450722166376,301918.50919678825,321189.9034008386,325650.5663083167,325650.5663083167,0.0,343425.16614216106,337398.06089599134,0.0,0.0,0.0,0.0,0.0,24994.53927373519,1,0,1499.6765889927703,1799.780873292532,0.0,0.0,0.0,0.0,0.0,0.35,667.83231428256,-0.0,667.83231428256,26760.0,0.0
10.05,traction,1.0,0.0,5.102618257097369,0.6397139323471812,303847.6255684808,323242.154860086,327744.7993886108,327744.7993886108,0.0,345628.4244280992,339535.03043084365,0.0,0.0,0.0,0.0,0.0,24994.504004610564,1,0,1499.6744726630352,1799.780873292532,0.0,0.0,0.0,0.0,0.0,0.35,667.83231428256,-0.0,667.83231428256,26760.0,0.0
10.1,traction,1.0,0.0,5.134602386972993,0.6396825975124898,305776.65022024926,325294.308744946,329838.9335307,329838.9335307,0.0,347831.5799570675,341671.8990088798,0.0,0.0,0.0,0.0,0.0,24994.46873702063,1,0,1499.6723564241113,1799.780873292532,0.0,0.0,0.0,0.0,0.0,0.35,667.83231428256,-0.0,667.83231428256,26760.0,0.0
10.15,traction,1.0,0.0,5.16658494036054,0.6396510677509326,307705.58257415355,327346.3644405889,331932.96810708777,331932.96810708777,0.0,350034.6320687274,343808.6659898008,0.0,0.0,0.0,0.0,0.0,24994.43347097597,1,0,1499.6702402766339,1799.780873292532,0.0,0.0,0.0,0.0,0.0,0.35,667.83231428256,-0.0,667.83231428256,26760.0,0.0
10.2,traction,1.0,0.0,5.1985659075156025,0.639619343101252,309634.4220523635,329398.32133230165,334026.90249039687,334026.90249039687,0.0,352237.58010286326,345945.3307334294,0.0,0.0,0.0,0.0,0.0,24994.398206487178,1,0,1499.6681242212378,1799.780873292532,0.0,0.0,0.0,0.0,0.0,0.35,667.83231428256,-0.0,667.83231428256,26760.0,0.0
10.25,traction,1.0,0.0,5.2305452786957165,0.6395874236022792,311563.1680771602,331450.1788054896,336120.73605336907,336120.73605336907,0.0,354440.4233993845,348081.8925997096,0.0,0.0,0.0,0.0,0.0,24994.362943564825,1,0,1499.6660082585581,1799.780873292532,0.0,0.0,0.0,0.0,0.0,0.35,667.83231428256,-0.0,667.83231428256,26760.0,0.0
10.3,traction,1.0,0.0,5.262523044160372,0.6395553092931117,313491.8200709362,333501.9362456768,338214.46816886694,338214.46816886694,0.0,356643.16129832546,350218.35094870924,0.0,0.0,0.0,0.0,0.0,24994.327682219493,1,0,1499.6638923892306,1799.780873292532,0.0,0.0,0.0,0.0,0.0,0.35,667.83231428256,-0.0,667.83231428256,26760.0,0.0
10.35,traction,1.0,0.0,5.294499194171032,0.6395230002132024,315420.37745619623,335553.59303850663,340308.0982098743,340308.0982098743,0.0,358845.7931398458,352354.705140619,0.0,0.0,0.0,0.0,0.0,24994.29242246176,1,0,1499.6617766138895,1799.780873292532,0.0,0.0,0.0,0.0,0.0,0.35,667.83231428256,-0.0,667.83231428256,26760.0,0.0
10.4,traction,1.0,0.0,5.326473718991133,0.639490496402022,317348.83965555823,337605.1485697428,342401.62554949656,342401.62554949656,0.0,361048.3182642323,354490.95453575434,0.0,0.0,0.0,0.0,0.0,24994.257164302202,1,0,1499.6596609331696,1799.780873292532,0.0,0.0,0.0,0.0,0.0,0.35,667.83231428256,-0.0,667.83231428256,26760.0,0.0
10.45,traction,1.0,0.0,5.358446608886107,0.6394577978994676,319277.2060917536,339656.60222526983,344495.04956096207,344495.04956096207,0.0,363250.73601189913,356627.0984945558,0.0,0.0,0.0,0.0,0.0,24994.22190775139,1,0,1499.6575453477055,1799.780873292532,0.0,0.0,0.0,0.0,0.0,0.35,667.83231428256,-0.0,667.83231428256,26760.0,0.0
10.5,traction,1.0,0.0,5.390417854123388,0.6394249047456313,321205.47618762817,341707.9533910938,346588.3696176223,346588.3696176223,0.0,365453.0457233886,358763.1363775898,0.0,0.0,0.0,0.0,0.0,24994.186652819903,1,0,1499.655429858132,1799.780873292532,0.0,0.0,0.0,0.0,0.0,0.35,667.83231428256,-0.0,667.83231428256,26760.0,0.0
10.55,traction,1.0,0.0,5.422387444972424,0.6393918169807122,323133.6493661424,343759.201453343,348681.5850929529,348681.5850929529,0.0,367655.2467393723,360899.06754554925,0.0,0.0,0.0,0.0,0.0,24994.1513995183,1,0,1499.6533144650834,1799.780873292532,0.0,0.0,0.0,0.0,0.0,0.35,667.83231428256,-0.0,667.83231428256,26760.0,0.0
10.6,traction,1.0,0.0,5.454355371704691,0.6393585346453357,325061.72505037306,345810.3457982692,350774.6953605541,350774.6953605541,0.0,369857.33840065106,363034.8913592543,0.0,0.0,0.0,0.0,0.0,24994.11614785716,1,0,1499.6511991691941,1799.780873292532,0.0,0.0,0.0,0.0,0.0,0.35,667.83231428256,-0.0,667.83231428256,26760.0,0.0
10.65,traction,1.0,0.0,5.486321624593703,0.6393250577802512,326989.7026635127,347861.3858122476,352867.6997941522,352867.6997941522,0.0,372059.3200481567,365170.6071796538,0.0,0.0,0.0,0.0,0.0,24994.08089784704,1,0,1499.649083971098,1799.780873292532,0.0,0.0,0.0,0.0,0.0,0.35,667.83231428256,-0.0,667.83231428256,26760.0,0.0
10.7,traction,1.0,0.0,5.518286193915026,0.6392913864264571,328917.58162887115,349912.32088177785,354960.59776759957,354960.59776759957,0.0,374261.1910229519,367306.21436782496,0.0,0.0,0.0,0.0,0.0,24994.045649498512,1,0,1499.6469688714294,1799.780873292532,0.0,0.0,0.0,0.0,0.0,0.35,667.83231428256,-0.0,667.83231428256,26760.0,0.0
10.75,traction,1.0,0.0,5.550249069946285,0.6392575206251827,330845.361369876,351963.15039348515,357053.38865487534,357053.38865487534,0.0,376462.950666232,369441.7122849748,0.0,0.0,0.0,0.0,0.0,24994.010402822132,1,0,1499.6448538708223,1799.780873292532,0.0,0.0,0.0,0.0,0.0,0.35,667.83231428256,-0.0,667.83231428256,26760.0,0.0
10.8,traction,1.0,0.0,5.5822102429671805,0.6392234604179059,332773.04131007334,354013.87373412057,359146.0718300869,359146.0718300869,0.0,378664.5983193248,371577.1002924408,0.0,0.0,0.0,0.0,0.0,24993.97515782846,1,0,1499.6427389699106,1799.780873292532,0.0,0.0,0.0,0.0,0.0,0.35,667.83231428256,-0.0,667.83231428256,26760.0,0.0
10.85,traction,1.0,0.0,5.614169703259499,0.6391892058463711,334700.6208731282,356064.4902905619,361238.64666747,361238.64666747,0.0,380866.1333236917,373712.37775169156,0.0,0.0,0.0,0.0,0.0,24993.93991452806,1,0,1499.6406241693278,1799.780873292532,0.0,0.0,0.0,0.0,0.0,0.35,667.83231428256,-0.0,667.83231428256,26760.0,0.0
10.9,traction,1.0,0.0,5.646127441107124,0.6391547569525002,336628.0994828252,358114.9994498141,363331.1125413897,363331.1125413897,0.0,383067.55502092885,375847.5440243278,0.0,0.0,0.0,0.0,0.0,24993.90467293148,1,0,1499.6385094697075,1799.780873292532,0.0,0.0,0.0,0.0,0.0,0.35,667.83231428256,-0.0,667.83231428256,26760.0,0.0
10.95,traction,1.0,0.0,5.6780834467960455,0.6391201137784286,338555.4765630697,360165.4005990103,365423.4688263409,365423.4688263409,0.0,385268.8627527675,377982.59847208235,0.0,0.0,0.0,0.0,0.0,24993.869433049276,1,0,1499.6363948716835,1799.780873292532,0.0,0.0,0.0,0.0,0.0,0.35,667.83231428256,-0.0,667.83231428256,26760.0,0.0
11.0,traction,1.0,0.0,5.710037710614377,0.6390852763666288,340482.75153788785,362215.6931254126,367515.7148969493,367515.7148969493,0.0,387470.05586107494,380117.54045682173,0.0,0.0,0.0,0.0,0.0,24993.834194892006,1,0,1499.6342803758887,1799.780873292532,0.0,0.0,0.0,0.0,0.0,0.35,667.83231428256,-0.0,667.83231428256,26760.0,0.0
11.05,traction,1.0,0.0,5.741990222852364,0.6390502447597335,342409.9238314278,364265.8764164126,369607.8501279721,369607.8501279721,0.0,389671.13368785486,382252.36934054684,0.0,0.0,0.0,0.0,0.0,24993.79895847021,1,0,1499.6321659829566,1799.780873292532,0.0,0.0,0.0,0.0,0.0,0.35,667.83231428256,-0.0,667.83231428256,26760.0,0.0
11.1,traction,1.0,0.0,5.773940973802396,0.6390150190006416,344336.9928679603,366315.94985953224,371699.87389429857,371699.87389429857,0.0,391872.0955752487,384387.084485393,0.0,0.0,0.0,0.0,0.0,24993.763723794447,1,0,1499.6300516935203,1799.780873292532,0.0,0.0,0.0,0.0,0.0,0.35,667.83231428256,-0.0,667.83231428256,26760.0,0.0
11.15,traction,1.0,0.0,5.805889953759016,0.6389795991324121,346263.95807187894,368365.9128424244,373791.7855709513,373791.7855709513,0.0,394072.9408655364,386521.6852536317,0.0,0.0,0.0,0.0,0.0,24993.728490875255,1,0,1499.6279375082127,1799.780873292532,0.0,0.0,0.0,0.0,0.0,0.35,667.83231428256,-0.0,667.83231428256,26760.0,0.0
11.2,traction,1.0,0.0,5.83783715301894,0.6389439851984768,348190.8188677013,370415.76475287374,375883.58453308616,375883.58453308616,0.0,396273.6689011365,388656.17100767046,0.0,0.0,0.0,0.0,0.0,24993.69325972318,1,0,1499.6258234276668,1799.780873292532,0.0,0.0,0.0,0.0,0.0,0.35,667.83231428256,-0.0,667.83231428256,26760.0,0.0
11.25,traction,1.0,0.0,5.869782561881057,0.6389081772423388,350117.5746800694,372465.5049787973,377975.27015599364,377975.27015599364,0.0,398474.2790246078,390790.54111005424,0.0,0.0,0.0,0.0,0.0,24993.65803034876,1,0,1499.6237094525152,1799.780873292532,0.0,0.0,0.0,0.0,0.0,0.35,667.83231428256,-0.0,667.83231428256,26760.0,0.0
11.3,traction,1.0,0.0,5.901726170646452,0.6388721753078919,352044.2249337506,374515.1329082453,380066.8418150993,380066.8418150993,0.0,400674.77057864954,392924.7949234656,0.0,0.0,0.0,0.0,0.0,24993.62280276254,1,0,1499.6215955833907,1799.780873292532,0.0,0.0,0.0,0.0,0.0,0.35,667.83231428256,-0.0,667.83231428256,26760.0,0.0
11.35,traction,1.0,0.0,5.933667969618408,0.6388359794391185,353970.7690536377,376564.64792940184,382158.2988859646,382158.2988859646,0.0,402875.14290610264,395058.93181072595,0.0,0.0,0.0,0.0,0.0,24993.587576975053,1,0,1499.6194818209256,1799.780873292532,0.0,0.0,0.0,0.0,0.0,0.35,667.83231428256,-0.0,667.83231428256,26760.0,0.0
11.4,traction,1.0,0.0,5.9656079491024245,0.6387995896803389,355897.20646475046,378614.04943058564,384249.6407442876,384249.6407442876,0.0,405075.39534994937,397192.9511347959,0.0,0.0,0.0,0.0,0.0,24993.552352996838,1,0,1499.6173681657524,1799.780873292532,0.0,0.0,0.0,0.0,0.0,0.35,667.83231428256,-0.0,667.83231428256,26760.0,0.0
11.45,traction,1.0,0.0,5.997546099406228,0.6387630060760685,357823.53659223544,380663.3368002505,386340.8667659037,386340.8667659037,0.0,407275.527253316,399326.85225877655,0.0,0.0,0.0,0.0,0.0,24993.517130838423,1,0,1499.615254618503,1799.780873292532,0.0,0.0,0.0,0.0,0.0,0.35,667.83231428256,-0.0,667.83231428256,26760.0,0.0
11.5,traction,1.0,0.0,6.029482410839783,0.6387262286711071,359749.7588613676,382712.5094269868,388431.9763267863,388431.9763267863,0.0,409475.5379594717,401460.6345459096,0.0,0.0,0.0,0.0,0.0,24993.48191051034,1,0,1499.61314117981,1799.780873292532,0.0,0.0,0.0,0.0,0.0,0.35,667.83231428256,-0.0,667.83231428256,26760.0,0.0
11.55,traction,1.0,0.0,6.0614168737153005,0.6386892575103431,361675.87269754993,384761.5666995212,390522.9688030478,390522.9688030478,0.0,411675.42681183055,403594.2973595785,0.0,0.0,0.0,0.0,0.0,24993.44669202312,1,0,1499.6110278503054,1799.780873292532,0.0,0.0,0.0,0.0,0.0,0.35,667.83231428256,-0.0,667.83231428256,26760.0,0.0
11.6,traction,1.0,0.0,6.093349478347255,0.6386520926390915,363601.87752631493,386810.508006718,392613.84357094,392613.84357094,0.0,413875.19315395167,405727.840063309,0.0,0.0,0.0,0.0,0.0,24993.41147538729,1,0,1499.6089146306203,1799.780873292532,0.0,0.0,0.0,0.0,0.0,0.35,667.83231428256,-0.0,667.83231428256,26760.0,0.0
11.65,traction,1.0,0.0,6.125280215052391,0.6386147341027204,365527.7727733248,388859.3327375796,394704.6000068551,394704.6000068551,0.0,416074.8363295401,407861.2620207702,0.0,0.0,0.0,0.0,0.0,24993.37626061337,1,0,1499.6068015213873,1799.780873292532,0.0,0.0,0.0,0.0,0.0,0.35,667.83231428256,-0.0,667.83231428256,26760.0,0.0
11.7,traction,1.0,0.0,6.15720907414974,0.638577181946971,367453.55786437256,390908.0402812474,396795.23748732614,396795.23748732614,0.0,418274.35568244813,409994.5625957748,0.0,0.0,0.0,0.0,0.0,24993.341047711885,1,0,1499.6046885232372,1799.780873292532,0.0,0.0,0.0,0.0,0.0,0.35,667.83231428256,-0.0,667.83231428256,26760.0,0.0
11.75,traction,1.0,0.0,6.189136045960627,0.6385394362177443,369379.2322253823,392956.6300270025,398885.755389028,398885.755389028,0.0,420473.7505566752,412127.7411522805,0.0,0.0,0.0,0.0,0.0,24993.305836693355,1,0,1499.6025756368022,1799.780873292532,0.0,0.0,0.0,0.0,0.0,0.35,667.83231428256,-0.0,667.83231428256,26760.0,0.0
11.8,traction,1.0,0.0,6.221061120808686,0.6385014969611902,371304.79528240993,395005.1013642659,400976.153088778,400976.153088778,0.0,422673.02029636904,414260.79705438984,0.0,0.0,0.0,0.0,0.0,24993.270627568294,1,0,1499.6004628627131,1799.780873292532,0.0,0.0,0.0,0.0,0.0,0.35,667.83231428256,-0.0,667.83231428256,26760.0,0.0
11.85,traction,1.0,0.0,6.252984289019869,0.6384633642236537,373230.24646164424,397053.4536826003,403066.4299635366,403066.4299635366,0.0,424872.16424582683,416393.7296663518,0.0,0.0,0.0,0.0,0.0,24993.23542034722,1,0,1499.5983502016013,1799.780873292532,0.0,0.0,0.0,0.0,0.0,0.35,667.83231428256,-0.0,667.83231428256,26760.0,0.0
11.9,traction,1.0,0.0,6.284905540922462,0.638425038051853,375155.585189407,399101.68637170957,405156.58539040847,405156.58539040847,0.0,427071.1817494952,418526.5383525625,0.0,0.0,0.0,0.0,0.0,24993.200215040648,1,0,1499.5962376540976,1799.780873292532,0.0,0.0,0.0,0.0,0.0,0.35,667.83231428256,-0.0,667.83231428256,26760.0,0.0
11.95,traction,1.0,0.0,6.316824866847089,0.6383865184925419,377080.8108921538,401149.79882144026,407246.61874664243,407246.61874664243,0.0,429270.07215197163,420659.2224775651,0.0,0.0,0.0,0.0,0.0,24993.165011659086,1,0,1499.5941252208331,1799.780873292532,0.0,0.0,0.0,0.0,0.0,0.35,667.83231428256,-0.0,667.83231428256,26760.0,0.0
12.0,traction,1.0,0.0,6.348742257126731,0.6383478055928471,379005.9229964755,403197.79042178247,409336.5294096329,409336.5294096329,0.0,431468.8347980053,422791.78140605136,0.0,0.0,0.0,0.0,0.0,24993.129810213042,1,0,1499.592012902439,1799.780873292532,0.0,0.0,0.0,0.0,0.0,0.35,667.83231428256,-0.0,667.83231428256,26760.0,0.0
12.05,traction,1.0,0.0,6.380657702096732,0.6383088994000197,380930.9209290974,405245.66056286957,411426.3167569209,411426.3167569209,0.0,433667.4690324969,424924.21450286236,0.0,0.0,0.0,0.0,0.0,24993.094610713022,1,0,1499.589900699545,1799.780873292532,0.0,0.0,0.0,0.0,0.0,0.35,667.83231428256,-0.0,667.83231428256,26760.0,0.0
12.1,traction,1.0,0.0,6.412571192094816,0.6382697999616838,382855.8041168813,407293.4086349801,413515.98016619345,413515.98016619345,0.0,435865.9742005003,427056.52113298856,0.0,0.0,0.0,0.0,0.0,24993.05941316953,1,0,1499.5877886127826,1799.780873292532,0.0,0.0,0.0,0.0,0.0,0.35,667.83231428256,-0.0,667.83231428256,26760.0,0.0
12.15,traction,1.0,0.0,6.444482717461095,0.6382305073255701,384780.57198682544,409341.03402853775,415605.5190152858,415605.5190152858,0.0,438064.3496472234,429188.7006615713,0.0,0.0,0.0,0.0,0.0,24993.02421759307,1,0,1499.5856766427812,1799.780873292532,0.0,0.0,0.0,0.0,0.0,0.35,667.83231428256,-0.0,667.83231428256,26760.0,0.0
12.2,traction,1.0,0.0,6.476392268538077,0.6381910215396402,386705.22396606527,411388.536134112,417694.93268218136,417694.93268218136,0.0,440262.59471802827,431320.75245390355,0.0,0.0,0.0,0.0,0.0,24992.989023994134,1,0,1499.5835647901717,1799.780873292532,0.0,0.0,0.0,0.0,0.0,0.35,667.83231428256,-0.0,667.83231428256,26760.0,0.0
12.25,traction,1.0,0.0,6.50829983567069,0.6381513426522645,388629.75948187435,413435.91434241954,419784.2205450122,419784.2205450122,0.0,442460.7087584322,433452.6758754295,0.0,0.0,0.0,0.0,0.0,24992.953832383228,1,0,1499.581453055584,1799.780873292532,0.0,0.0,0.0,0.0,0.0,0.35,667.83231428256,-0.0,667.83231428256,26760.0,0.0
12.3,traction,1.0,0.0,6.540205409206277,0.6381114707117419,390554.17796166445,415483.1680443239,421873.38198206073,421873.38198206073,0.0,444658.6911141088,435584.47029174695,0.0,0.0,0.0,0.0,0.0,24992.91864277084,1,0,1499.579341439648,1799.780873292532,0.0,0.0,0.0,0.0,0.0,0.35,667.83231428256,-0.0,667.83231428256,26760.0,0.0
12.35,traction,1.0,0.0,6.572108979494624,0.6380714057669401,392478.4788329874,417530.2966308377,423962.4163717591,423962.4163717591,0.0,446856.5411308878,437716.1350686068,0.0,0.0,0.0,0.0,0.0,24992.883455167466,1,0,1499.5772299429937,1799.780873292532,0.0,0.0,0.0,0.0,0.0,0.35,667.83231428256,-0.0,667.83231428256,26760.0,0.0
12.4,traction,1.0,0.0,6.60401053688796,0.6380311478667089,394402.66152353416,419577.29949312145,426051.32309269154,426051.32309269154,0.0,449054.2581547573,439847.66957191454,0.0,0.0,0.0,0.0,0.0,24992.848269583592,1,0,1499.5751185662505,1799.780873292532,0.0,0.0,0.0,0.0,0.0,0.35,667.83231428256,-0.0,667.83231428256,26760.0,0.0
12.45,traction,1.0,0.0,6.6359100717409705,0.6379906970602178,396326.725461137,421624.17602248624,428140.1015235933,428140.1015235933,0.0,451251.84153186285,441979.07316773,0.0,0.0,0.0,0.0,0.0,24992.813086029706,1,0,1499.5730073100478,1799.780873292532,0.0,0.0,0.0,0.0,0.0,0.35,667.83231428256,-0.0,667.83231428256,26760.0,0.0
12.5,traction,1.0,0.0,6.667807574410812,0.6379500533968319,398250.67007376906,423670.92561039265,430228.7510433533,430228.7510433533,0.0,453449.2906085097,444110.3452222702,0.0,0.0,0.0,0.0,0.0,24992.777904516293,1,0,1499.5708961750154,1799.780873292532,0.0,0.0,0.0,0.0,0.0,0.35,667.83231428256,-0.0,667.83231428256,26760.0,0.0
12.55,traction,1.0,0.0,6.699703035257124,0.6379092169262357,400174.4947895455,425717.5476484527,432317.27103101293,432317.27103101293,0.0,455646.60473116225,446241.4851019071,0.0,0.0,0.0,0.0,0.0,24992.742725053835,1,0,1499.5687851617822,1799.780873292532,0.0,0.0,0.0,0.0,0.0,0.35,667.83231428256,-0.0,667.83231428256,26760.0,0.0
12.6,traction,1.0,0.0,6.731596444642037,0.6378681876982562,402098.1990367242,427764.04152843007,434405.66086576803,434405.66086576803,0.0,457843.7832464466,448372.4921731708,0.0,0.0,0.0,0.0,0.0,24992.707547652815,1,0,1499.5666742709775,1799.780873292532,0.0,0.0,0.0,0.0,0.0,0.35,667.83231428256,-0.0,667.83231428256,26760.0,0.0
12.65,traction,1.0,0.0,6.763487792930185,0.6378269657629687,404021.7822437064,429810.4066422409,436493.91992696945,436493.91992696945,0.0,460040.82550114905,450503.36580274923,0.0,0.0,0.0,0.0,0.0,24992.67237232371,1,0,1499.5645635032301,1799.780873292532,0.0,0.0,0.0,0.0,0.0,0.35,667.83231428256,-0.0,667.83231428256,26760.0,0.0
12.7,traction,1.0,0.0,6.795377070488721,0.6377855511707153,405945.2438390373,431856.6423819546,438582.04759412335,438582.04759412335,0.0,462237.73084221856,452634.1053574888,0.0,0.0,0.0,0.0,0.0,24992.637199076988,1,0,1499.5624528591688,1799.780873292532,0.0,0.0,0.0,0.0,0.0,0.35,667.83231428256,-0.0,667.83231428256,26760.0,0.0
12.75,traction,1.0,0.0,6.827264267687322,0.6377439439720156,407868.5832514064,433902.74813979404,440670.04324689246,440670.04324689246,0.0,464434.4986167668,454764.710204396,0.0,0.0,0.0,0.0,0.0,24992.602027923127,1,0,1499.5603423394225,1799.780873292532,0.0,0.0,0.0,0.0,0.0,0.35,667.83231428256,-0.0,667.83231428256,26760.0,0.0
12.8,traction,1.0,0.0,6.8591493748982035,0.6377021442176378,409791.7999096489,435948.72330813715,442757.906265096,442757.906265096,0.0,466631.1281720691,456895.1797106366,0.0,0.0,0.0,0.0,0.0,24992.566858872597,1,0,1499.5582319446191,1799.780873292532,0.0,0.0,0.0,0.0,0.0,0.35,667.83231428256,-0.0,667.83231428256,26760.0,0.0
12.85,traction,1.0,0.0,6.891032382496136,0.6376601519586522,411714.8932427457,437994.5672795167,444845.6360287114,444845.6360287114,0.0,468827.6188555655,459025.5132435382,0.0,0.0,0.0,0.0,0.0,24992.531691935867,1,0,1499.5561216753877,1799.780873292532,0.0,0.0,0.0,0.0,0.0,0.35,667.83231428256,-0.0,667.83231428256,26760.0,0.0
12.9,traction,1.0,0.0,6.92291328085845,0.6376179672462712,413637.8626798245,440040.27944662183,446933.2319178742,446933.2319178742,0.0,471023.9700148606,461155.7101705894,0.0,0.0,0.0,0.0,0.0,24992.496527123396,1,0,1499.5540115323558,1799.780873292532,0.0,0.0,0.0,0.0,0.0,0.35,667.83231428256,-0.0,667.83231428256,26760.0,0.0
12.95,traction,1.0,0.0,6.954792060365045,0.6375755901319025,415560.7076501604,442085.85920229834,449020.6933128794,449020.6933128794,0.0,473220.18099772534,463285.76985944173,0.0,0.0,0.0,0.0,0.0,24992.461364445655,1,0,1499.551901516152,1799.780873292532,0.0,0.0,0.0,0.0,0.0,0.35,667.83231428256,-0.0,667.83231428256,26760.0,0.0
13.0,traction,1.0,0.0,6.986668711398409,0.6375330206672913,417483.4275831762,444131.3059395492,451108.01959418197,451108.01959418197,0.0,475416.2511520972,465415.69167790975,0.0,0.0,0.0,0.0,0.0,24992.426203913095,1,0,1499.5497916274037,1799.780873292532,0.0,0.0,0.0,0.0,0.0,0.35,667.83231428256,-0.0,667.83231428256,26760.0,0.0
13.05,traction,1.0,0.0,7.01854322434363,0.637490258904414,419406.02190844313,446176.61905153526,453195.21014239715,453195.21014239715,0.0,477612.179826081,467545.4749939718,0.0,0.0,0.0,0.0,0.0,24992.39104553618,1,0,1499.5476818667391,1799.780873292532,0.0,0.0,0.0,0.0,0.0,0.35,667.83231428256,-0.0,667.83231428256,26760.0,0.0
13.1,traction,1.0,0.0,7.050415589588396,0.6374473048953178,421328.4900556822,448221.79793157685,455282.2643383013,455282.2643383013,0.0,479807.9663679501,469675.11917577055,0.0,0.0,0.0,0.0,0.0,24992.35588932536,1,0,1499.5455722347856,1799.780873292532,0.0,0.0,0.0,0.0,0.0,0.35,667.83231428256,-0.0,667.83231428256,26760.0,0.0
13.15,traction,1.0,0.0,7.082285797523018,0.6374041586924406,423250.83145476424,450266.84197315347,457369.18156283355,457369.18156283355,0.0,482003.6101261467,471804.6235916146,0.0,0.0,0.0,0.0,0.0,24992.320735291094,1,0,1499.5434627321708,1799.780873292532,0.0,0.0,0.0,0.0,0.0,0.35,667.83231428256,-0.0,667.83231428256,26760.0,0.0
13.2,traction,1.0,0.0,7.114153838540441,0.6373608203484515,425173.04553571047,452311.7505699048,459455.9611970954,459455.9611970954,0.0,484199.11044928205,473933.9876099782,0.0,0.0,0.0,0.0,0.0,24992.285583443823,1,0,1499.5413533595215,1799.780873292532,0.0,0.0,0.0,0.0,0.0,0.35,667.83231428256,-0.0,667.83231428256,26760.0,0.0
13.25,traction,1.0,0.0,7.146019703036245,0.6373172899160906,427095.13172869344,454356.52311563137,461542.6026223519,461542.6026223519,0.0,486394.4666861386,476063.2105995031,0.0,0.0,0.0,0.0,0.0,24992.250433794,1,0,1499.5392441174656,1799.780873292532,0.0,0.0,0.0,0.0,0.0,0.35,667.83231428256,-0.0,667.83231428256,26760.0,0.0
13.3,traction,1.0,0.0,7.17788338140867,0.6372735674485064,429017.08946403785,456401.1590042956,463629.10522003204,463629.10522003204,0.0,488589.6781856701,478192.2919289975,0.0,0.0,0.0,0.0,0.0,24992.215286352068,1,0,1499.5371350066293,1799.780873292532,0.0,0.0,0.0,0.0,0.0,0.35,667.83231428256,-0.0,667.83231428256,26760.0,0.0
13.35,traction,1.0,0.0,7.209744864058619,0.6372296529989718,430938.91817222064,458445.657630022,465715.4683717302,465715.4683717302,0.0,490784.7442970019,480321.2309674387,0.0,0.0,0.0,0.0,0.0,24992.18014112847,1,0,1499.53502602764,1799.780873292532,0.0,0.0,0.0,0.0,0.0,0.35,667.83231428256,-0.0,667.83231428256,26760.0,0.0
13.4,traction,1.0,0.0,7.241604141389669,0.6371855466209908,432860.6172838726,460490.01838709856,467801.69145920605,467801.69145920605,0.0,492979.66436943214,482450.02708397305,0.0,0.0,0.0,0.0,0.0,24992.144998133637,1,0,1499.532917181124,1799.780873292532,0.0,0.0,0.0,0.0,0.0,0.35,667.83231428256,-0.0,667.83231428256,26760.0,0.0
13.45,traction,1.0,0.0,7.273461203808086,0.6371412483683514,434782.1862297778,462534.2406699764,469887.7738643863,469887.7738643863,0.0,495174.43775243213,484578.6796479166,0.0,0.0,0.0,0.0,0.0,24992.10985737802,1,0,1499.530808467708,1799.780873292532,0.0,0.0,0.0,0.0,0.0,0.35,667.83231428256,-0.0,667.83231428256,26760.0,0.0
13.5,traction,1.0,0.0,7.305316041722839,0.6370967582950549,436703.624440875,464578.32387327135,471973.71496936376,471973.71496936376,0.0,497369.0637956484,486707.1880287552,0.0,0.0,0.0,0.0,0.0,24992.074718872038,1,0,1499.528699888018,1799.780873292532,0.0,0.0,0.0,0.0,0.0,0.35,667.83231428256,-0.0,667.83231428256,26760.0,0.0
13.55,traction,1.0,0.0,7.337168645545602,0.6370520764552623,438624.9313482586,466622.26739176444,474059.51415639935,474059.51415639935,0.0,499563.54184890195,488835.5515961471,0.0,0.0,0.0,0.0,0.0,24992.039582626134,1,0,1499.5265914426811,1799.780873292532,0.0,0.0,0.0,0.0,0.0,0.35,667.83231428256,-0.0,667.83231428256,26760.0,0.0
13.6,traction,1.0,0.0,7.369019005690774,0.6370072029034368,440546.1063831785,468666.0706204027,476145.1708079229,476145.1708079229,0.0,501757.87126218894,490963.76971992117,0.0,0.0,0.0,0.0,0.0,24992.00444865073,1,0,1499.5244831323223,1799.780873292532,0.0,0.0,0.0,0.0,0.0,0.35,667.83231428256,-0.0,667.83231428256,26760.0,0.0
13.65,traction,1.0,0.0,7.400867112575488,0.6369621376942902,442467.14897704124,470709.73295429925,478230.68430653337,478230.68430653337,0.0,503952.051385683,493091.8417700804,0.0,0.0,0.0,0.0,0.0,24991.969316956252,1,0,1499.522374957568,1799.780873292532,0.0,0.0,0.0,0.0,0.0,0.35,667.83231428256,-0.0,667.83231428256,26760.0,0.0
13.7,traction,1.0,0.0,7.432712956619623,0.6369168808826942,444388.0585614109,472753.253788735,480316.05403499916,480316.05403499916,0.0,506146.08156973415,495219.76711679983,0.0,0.0,0.0,0.0,0.0,24991.934187553125,1,0,1499.5202669190437,1799.780873292532,0.0,0.0,0.0,0.0,0.0,0.35,667.83231428256,-0.0,667.83231428256,26760.0,0.0
13.75,traction,1.0,0.0,7.46455652824581,0.6368714325237335,446308.8345680091,474796.6325191586,482401.27937626024,482401.27937626024,0.0,508339.96116487164,497347.5451304299,0.0,0.0,0.0,0.0,0.0,24991.89906045177,1,0,1499.5181590173752,1799.780873292532,0.0,0.0,0.0,0.0,0.0,0.35,667.83231428256,-0.0,667.83231428256,26760.0,0.0
13.8,traction,1.0,0.0,7.4963978178794495,0.6368257926727949,448229.47642871586,476839.86854118714,484486.35971342714,484486.35971342714,0.0,510533.68952180195,499475.17518149497,0.0,0.0,0.0,0.0,0.0,24991.8639356626,1,0,1499.5160512531875,1799.780873292532,0.0,0.0,0.0,0.0,0.0,0.35,667.83231428256,-0.0,667.83231428256,26760.0,0.0
13.85,traction,1.0,0.0,7.528236815948722,0.636779961385443,450149.98357557075,478882.9612506072,486571.2944297827,486571.2944297827,0.0,512727.26599141234,501602.65664069564,0.0,0.0,0.0,0.0,0.0,24991.828813196036,1,0,1499.5139436271063,1799.780873292532,0.0,0.0,0.0,0.0,0.0,0.35,667.83231428256,-0.0,667.83231428256,26760.0,0.0
13.9,traction,1.0,0.0,7.560073512884598,0.6367339387175264,452070.35544077295,480925.9100433755,488656.08290878293,488656.08290878293,0.0,514920.6899247701,503729.9888789079,0.0,0.0,0.0,0.0,0.0,24991.79369306249,1,0,1499.511836139756,1799.780873292532,0.0,0.0,0.0,0.0,0.0,0.35,667.83231428256,-0.0,667.83231428256,26760.0,0.0
13.95,traction,1.0,0.0,7.591907899120851,0.6366877247250535,453990.5914566823,482968.7143156195,490740.72453405673,490740.72453405673,0.0,517113.9606731231,505857.1712671862,0.0,0.0,0.0,0.0,0.0,24991.758575272364,1,0,1499.5097287917622,1799.780873292532,0.0,0.0,0.0,0.0,0.0,0.35,667.83231428256,-0.0,667.83231428256,26760.0,0.0
14.0,traction,1.0,0.0,7.623739965094063,0.6366413194642462,455910.69105581986,485011.3734636382,492825.2186894076,492825.2186894076,0.0,519307.077587901,507984.2031767617,0.0,0.0,0.0,0.0,0.0,24991.72345983607,1,0,1499.5076215837494,1799.780873292532,0.0,0.0,0.0,0.0,0.0,0.35,667.83231428256,-0.0,667.83231428256,26760.0,0.0
14.05,traction,1.0,0.0,7.655569701243647,0.6365947229916813,457830.65367086837,487053.88688390254,494909.56475881446,494909.56475881446,0.0,521500.04002071643,510111.0839790444,0.0,0.0,0.0,0.0,0.0,24991.688346764015,1,0,1499.505514516342,1799.780873292532,0.0,0.0,0.0,0.0,0.0,0.35,667.83231428256,-0.0,667.83231428256,26760.0,0.0
14.1,traction,1.0,0.0,7.687397098011844,0.6365479353639358,459750.47873467294,489096.25397305633,496993.76212643116,496993.76212643116,0.0,523692.8473233654,512237.8130456238,0.0,0.0,0.0,0.0,0.0,24991.65323606659,1,0,1499.5034075901642,1799.780873292532,0.0,0.0,0.0,0.0,0.0,0.35,667.83231428256,-0.0,667.83231428256,26760.0,0.0
14.15,traction,1.0,0.0,7.719222145843747,0.6365009566380664,461670.165680242,491138.474127917,499077.81017658813,499077.81017658813,0.0,525885.4988478271,514364.38974826917,0.0,0.0,0.0,0.0,0.0,24991.618127754202,1,0,1499.5013008058409,1799.780873292532,0.0,0.0,0.0,0.0,0.0,0.35,667.83231428256,-0.0,667.83231428256,26760.0,0.0
14.2,traction,1.0,0.0,7.751044835187308,0.6364537868712183,463589.71394074766,493180.54674547625,501161.7082937929,501161.7082937929,0.0,528077.9939462667,516490.81345893,0.0,0.0,0.0,0.0,0.0,24991.583021837243,1,0,1499.4991941639955,1799.780873292532,0.0,0.0,0.0,0.0,0.0,0.35,667.83231428256,-0.0,667.83231428256,26760.0,0.0
14.25,traction,1.0,0.0,7.782865156493345,0.6364064261207325,465509.1229495266,495222.47122290067,503245.45586273086,503245.45586273086,0.0,530270.3319710338,518617.083549738,0.0,0.0,0.0,0.0,0.0,24991.54791832611,1,0,1499.4970876652521,1799.780873292532,0.0,0.0,0.0,0.0,0.0,0.35,667.83231428256,-0.0,667.83231428256,26760.0,0.0
14.3,traction,1.0,0.0,7.814683100215559,0.6363588744442872,467428.3921400805,497264.2469575325,505329.0522682659,505329.0522682659,0.0,532462.512274665,520743.19939300674,0.0,0.0,0.0,0.0,0.0,24991.51281723118,1,0,1499.4949813102346,1799.780873292532,0.0,0.0,0.0,0.0,0.0,0.35,667.83231428256,-0.0,667.83231428256,26760.0,0.0
14.35,traction,1.0,0.0,7.846498656810543,0.636311131899685,469347.52094607666,499305.8733468901,507412.49689544126,507412.49689544126,0.0,534654.5342098834,522869.16036123235,0.0,0.0,0.0,0.0,0.0,24991.477718562855,1,0,1499.4928750995664,1799.780873292532,0.0,0.0,0.0,0.0,0.0,0.35,667.83231428256,-0.0,667.83231428256,26760.0,0.0
14.4,traction,1.0,0.0,7.878311816737795,0.6362631985450307,471266.50880134915,501347.3497886693,509495.7891294797,509495.7891294797,0.0,536846.3971296006,524994.965827095,0.0,0.0,0.0,0.0,0.0,24991.44262233151,1,0,1499.490769033871,1799.780873292532,0.0,0.0,0.0,0.0,0.0,0.35,667.83231428256,-0.0,667.83231428256,26760.0,0.0
14.45,traction,1.0,0.0,7.910122570459724,0.6362150744385886,473185.3551398988,503388.6756807434,511578.928355785,511578.928355785,0.0,539038.1003869157,527120.6151634587,0.0,0.0,0.0,0.0,0.0,24991.407528547526,1,0,1499.4886631137713,1799.780873292532,0.0,0.0,0.0,0.0,0.0,0.35,667.83231428256,-0.0,667.83231428256,26760.0,0.0
14.5,traction,1.0,0.0,7.9419309084416705,0.6361667596389253,475104.0593958941,505429.850421164,513661.91395994223,513661.91395994223,0.0,541229.6433351181,529246.1077433735,0.0,0.0,0.0,0.0,0.0,24991.372437221286,1,0,1499.4865573398906,1799.780873292532,0.0,0.0,0.0,0.0,0.0,0.35,667.83231428256,-0.0,667.83231428256,26760.0,0.0
14.55,traction,1.0,0.0,7.973736821151906,0.6361182542047139,477022.6210036723,507470.87340816204,515744.7453277184,515744.7453277184,0.0,543421.0253276865,531371.4429400736,0.0,0.0,0.0,0.0,0.0,24991.337348363162,1,0,1499.4844517128515,1799.780873292532,0.0,0.0,0.0,0.0,0.0,0.35,667.83231428256,-0.0,667.83231428256,26760.0,0.0
14.6,traction,1.0,0.0,8.005540299061655,0.6360695581949827,478941.0393977392,509511.74404014816,517827.4218450633,517827.4218450633,0.0,545612.2457182907,533496.6201269815,0.0,0.0,0.0,0.0,0.0,24991.302261983525,1,0,1499.482346233277,1799.780873292532,0.0,0.0,0.0,0.0,0.0,0.35,667.83231428256,-0.0,667.83231428256,26760.0,0.0
14.65,traction,1.0,0.0,8.037341332645102,0.6360206716689376,480859.3140127704,511552.46171571326,519909.94289811037,519909.94289811037,0.0,547803.303860792,535621.6386777055,0.0,0.0,0.0,0.0,0.0,24991.26717809275,1,0,1499.4802409017898,1799.780873292532,0.0,0.0,0.0,0.0,0.0,0.35,667.83231428256,-0.0,667.83231428256,26760.0,0.0
14.7,traction,1.0,0.0,8.069139912379395,0.6359715946858557,482777.44428361184,513593.02583362965,521992.3078731768,521992.3078731768,0.0,549994.1991092442,537746.4979660423,0.0,0.0,0.0,0.0,0.0,24991.232096701195,1,0,1499.4781357190113,1799.780873292532,0.0,0.0,0.0,0.0,0.0,0.35,667.83231428256,-0.0,667.83231428256,26760.0,0.0
14.75,traction,1.0,0.0,8.100936028744679,0.6359223273056713,484695.4296452807,515633.43579285184,524074.51615676493,524074.51615676493,0.0,552184.9308178931,539871.1973659775,0.0,0.0,0.0,0.0,0.0,24991.197017819228,1,0,1499.4760306855649,1799.780873292532,0.0,0.0,0.0,0.0,0.0,0.35,667.83231428256,-0.0,667.83231428256,26760.0,0.0
14.8,traction,1.0,0.0,8.132729672224077,0.6358728695879634,486613.2695329653,517673.69099251635,526156.5671355631,526156.5671355631,0.0,554375.4983411791,541995.7362516858,0.0,0.0,0.0,0.0,0.0,24991.16194145721,1,0,1499.4739258020716,1799.780873292532,0.0,0.0,0.0,0.0,0.0,0.35,667.83231428256,-0.0,667.83231428256,26760.0,0.0
14.85,traction,1.0,0.0,8.164520833303724,0.6358232215929505,488530.9633820266,519713.7908319432,528238.4601964452,528238.4601964452,0.0,556565.901033737,544120.113997532,0.0,0.0,0.0,0.0,0.0,24991.126867625495,1,0,1499.4718210691535,1799.780873292532,0.0,0.0,0.0,0.0,0.0,0.35,667.83231428256,-0.0,667.83231428256,26760.0,0.0
14.9,traction,1.0,0.0,8.196309502472774,0.6357733833809931,490448.51062799816,521753.7347106364,530320.1947264727,530320.1947264727,0.0,558756.1382503968,546244.3299780722,0.0,0.0,0.0,0.0,0.0,24991.09179633444,1,0,1499.4697164874324,1799.780873292532,0.0,0.0,0.0,0.0,0.0,0.35,667.83231428256,-0.0,667.83231428256,26760.0,0.0
14.95,traction,1.0,0.0,8.2280956702234,0.635723355012523,492365.91070658725,523793.5220282843,532401.7701128942,532401.7701128942,0.0,560946.2093461845,548368.3835680531,0.0,0.0,0.0,0.0,0.0,24991.056727594398,1,0,1499.4676120575295,1799.780873292532,0.0,0.0,0.0,0.0,0.0,0.35,667.83231428256,-0.0,667.83231428256,26760.0,0.0
15.0,traction,1.0,0.0,8.259879327050822,0.6356731365484336,494283.16305367544,525833.1521847611,534483.1857431473,534483.1857431473,0.0,563136.1136763226,550492.2741424146,0.0,0.0,0.0,0.0,0.0,24991.021661415714,1,0,1499.4655077800664,1799.780873292532,0.0,0.0,0.0,0.0,0.0,0.35,667.83231428256,-0.0,667.83231428256,26760.0,0.0
15.05,traction,1.0,0.0,8.2916604634533,0.635622728049583,496200.26710531913,527872.6245801267,536564.4410048584,536564.4410048584,0.0,565325.8505962306,552616.0010762886,0.0,0.0,0.0,0.0,0.0,24990.986597808736,1,0,1499.4634036556638,1799.780873292532,0.0,0.0,0.0,0.0,0.0,0.35,667.83231428256,-0.0,667.83231428256,26760.0,0.0
15.1,traction,1.0,0.0,8.323439069932165,0.6355721295772909,498117.2222977501,529911.9386146278,538645.5352858437,538645.5352858437,0.0,567515.4194615276,554739.5637450017,0.0,0.0,0.0,0.0,0.0,24990.951536783803,1,0,1499.4612996849428,1799.780873292532,0.0,0.0,0.0,0.0,0.0,0.35,667.83231428256,-0.0,667.83231428256,26760.0,0.0
15.15,traction,1.0,0.0,8.355215136991813,0.6355213411929483,500034.0280673767,531951.0936886986,540726.46797411,540726.46797411,0.0,569704.8196280302,556862.9615240744,0.0,0.0,0.0,0.0,0.0,24990.916478351257,1,0,1499.4591958685241,1799.780873292532,0.0,0.0,0.0,0.0,0.0,0.35,667.83231428256,-0.0,667.83231428256,26760.0,0.0
15.2,traction,1.0,0.0,8.386988655139724,0.6354703629582303,501950.68385078316,533990.0892029608,542807.2384578558,542807.2384578558,0.0,571894.0504517553,558986.1937892223,0.0,0.0,0.0,0.0,0.0,24990.881422521437,1,0,1499.4570922070282,1799.780873292532,0.0,0.0,0.0,0.0,0.0,0.35,667.83231428256,-0.0,667.83231428256,26760.0,0.0
15.25,traction,1.0,0.0,8.418759614886472,0.6354191949349541,503867.18908473226,536028.9245582258,544887.8461254702,544887.8461254702,0.0,574083.1112889205,561109.2599163569,0.0,0.0,0.0,0.0,0.0,24990.84636930467,1,0,1499.4549887010753,1799.780873292532,0.0,0.0,0.0,0.0,0.0,0.35,667.83231428256,-0.0,667.83231428256,26760.0,0.0
15.3,traction,1.0,0.0,8.45052800674574,0.6353678371853633,505783.5432061642,538067.5991554939,546968.2903655366,546968.2903655366,0.0,576272.001495944,563232.1592815864,0.0,0.0,0.0,0.0,0.0,24990.811318711287,1,0,1499.452885351286,1799.780873292532,0.0,0.0,0.0,0.0,0.0,0.35,667.83231428256,-0.0,667.83231428256,26760.0,0.0
15.35,traction,1.0,0.0,8.482293821234322,0.6353162897716302,507699.745652198,540106.1123959554,549048.5705668305,549048.5705668305,0.0,578460.7204294458,565354.891261216,0.0,0.0,0.0,0.0,0.0,24990.77627075162,1,0,1499.4507821582802,1799.780873292532,0.0,0.0,0.0,0.0,0.0,0.35,667.83231428256,-0.0,667.83231428256,26760.0,0.0
15.4,traction,1.0,0.0,8.514057048872143,0.6352645527564249,509615.7958601322,542144.4636809918,551128.6861183218,551128.6861183218,0.0,580649.2674462497,567477.455231749,0.0,0.0,0.0,0.0,0.0,24990.741225435984,1,0,1499.448679122677,1799.780873292532,0.0,0.0,0.0,0.0,0.0,0.35,667.83231428256,-0.0,667.83231428256,26760.0,0.0
15.45,traction,1.0,0.0,8.545817680182264,0.6352126262024171,511531.6932674454,544182.6524121759,553208.6364091753,553208.6364091753,0.0,582837.641903381,569599.8505698874,0.0,0.0,0.0,0.0,0.0,24990.70618277471,1,0,1499.446576245097,1799.780873292532,0.0,0.0,0.0,0.0,0.0,0.35,667.83231428256,-0.0,667.83231428256,26760.0,0.0
15.5,traction,1.0,0.0,8.577575705690903,0.6351605101727742,513447.4373117965,546220.6779912729,555288.4208287509,555288.4208287509,0.0,585025.8431580708,571722.0766525327,0.0,0.0,0.0,0.0,0.0,24990.67114277811,1,0,1499.444473526159,1799.780873292532,0.0,0.0,0.0,0.0,0.0,0.35,667.83231428256,-0.0,667.83231428256,26760.0,0.0
15.55,traction,1.0,0.0,8.609331115927429,0.6351082047305212,515363.0274310262,548258.5398202407,557368.038766605,557368.038766605,0.0,587213.8705677538,573844.1328567864,0.0,0.0,0.0,0.0,0.0,24990.636105456495,1,0,1499.4423709664825,1799.780873292532,0.0,0.0,0.0,0.0,0.0,0.35,667.83231428256,-0.0,667.83231428256,26760.0,0.0
15.6,traction,1.0,0.0,8.641083901424388,0.6350557099391807,517278.463063157,550296.2373012309,559447.4896124905,559447.4896124905,0.0,589401.723490071,575966.018559951,0.0,0.0,0.0,0.0,0.0,24990.601070820183,1,0,1499.4402685666864,1799.780873292532,0.0,0.0,0.0,0.0,0.0,0.35,667.83231428256,-0.0,667.83231428256,26760.0,0.0
15.65,traction,1.0,0.0,8.672834052717507,0.6350030258623818,519193.74364639394,552333.7698365893,561526.772756358,561526.772756358,0.0,591589.4012828697,578087.7331395302,0.0,0.0,0.0,0.0,0.0,24990.566038879475,1,0,1499.4381663273896,1799.780873292532,0.0,0.0,0.0,0.0,0.0,0.35,667.83231428256,-0.0,667.83231428256,26760.0,0.0
15.7,traction,1.0,0.0,8.704581560345714,0.6349501525641443,521108.8686191252,554371.1368288567,563605.8875883565,563605.8875883565,0.0,593776.9033042038,580209.2759732307,0.0,0.0,0.0,0.0,0.0,24990.531009644685,1,0,1499.4360642492109,1799.780873292532,0.0,0.0,0.0,0.0,0.0,0.35,667.83231428256,-0.0,667.83231428256,26760.0,0.0
15.75,traction,1.0,0.0,8.736326414851135,0.6348970901084172,523023.83741992316,556408.3376807694,565684.8334988334,565684.8334988334,0.0,595964.2289123352,582330.6464389612,0.0,0.0,0.0,0.0,0.0,24990.495983126104,1,0,1499.4339623327685,1799.780873292532,0.0,0.0,0.0,0.0,0.0,0.35,667.83231428256,-0.0,667.83231428256,26760.0,0.0
15.8,traction,1.0,0.0,8.76806860677911,0.6348438385595045,524938.6494875445,558445.3717952602,567763.6098783361,567763.6098783361,0.0,598151.3774657348,584451.8439148348,0.0,0.0,0.0,0.0,0.0,24990.46095933404,1,0,1499.431860578681,1799.780873292532,0.0,0.0,0.0,0.0,0.0,0.35,667.83231428256,-0.0,667.83231428256,26760.0,0.0
15.85,traction,1.0,0.0,8.799808126678213,0.6347903979820657,526853.3042609309,560482.2385754584,569842.2161176124,569842.2161176124,0.0,600338.3483230819,586572.8677791689,0.0,0.0,0.0,0.0,0.0,24990.425938278782,1,0,1499.4297589875662,1799.780873292532,0.0,0.0,0.0,0.0,0.0,0.35,667.83231428256,-0.0,667.83231428256,26760.0,0.0
15.9,traction,1.0,0.0,8.831544965100257,0.6347367684408667,528767.80117921,562518.9374246915,571920.6516076106,571920.6516076106,0.0,602525.1408432663,588693.7174104855,0.0,0.0,0.0,0.0,0.0,24990.390919970625,1,0,1499.4276575600422,1799.780873292532,0.0,0.0,0.0,0.0,0.0,0.35,667.83231428256,-0.0,667.83231428256,26760.0,0.0
15.95,traction,1.0,0.0,8.8632791126003,0.6346829500008511,530682.1396816962,564555.4677464854,573998.9157394811,573998.9157394811,0.0,604711.7543853885,590814.3921875132,0.0,0.0,0.0,0.0,0.0,24990.355904419856,1,0,1499.4255562967269,1799.780873292532,0.0,0.0,0.0,0.0,0.0,0.35,667.83231428256,-0.0,667.83231428256,26760.0,0.0
16.0,traction,1.0,0.0,8.895010559736656,0.6346289427271401,532596.3192078909,566591.8289445648,576077.007904577,576077.007904577,0.0,606898.1883087598,592934.8914891863,0.0,0.0,0.0,0.0,0.0,24990.32089163676,1,0,1499.4234551982374,1799.780873292532,0.0,0.0,0.0,0.0,0.0,0.35,667.83231428256,-0.0,667.83231428256,26760.0,0.0
16.05,traction,1.0,0.0,8.92673929707092,0.6345747466852814,534510.3391974824,568628.0204228536,578154.9274944538,578154.9274944538,0.0,609084.4419729047,595055.2146946471,0.0,0.0,0.0,0.0,0.0,24990.28588163162,1,0,1499.4213542651912,1799.780873292532,0.0,0.0,0.0,0.0,0.0,0.35,667.83231428256,-0.0,667.83231428256,26760.0,0.0
16.1,traction,1.0,0.0,8.958465315167969,0.6345203619409645,536424.1990903484,570664.0415854771,580232.6739008711,580232.6739008711,0.0,611270.51473756,597175.3611832455,0.0,0.0,0.0,0.0,0.0,24990.250874414713,1,0,1499.4192534982055,1799.780873292532,0.0,0.0,0.0,0.0,0.0,0.35,667.83231428256,-0.0,667.83231428256,26760.0,0.0
16.15,traction,1.0,0.0,8.990188604595971,0.6344657885600569,538337.8983265553,572699.8918367609,582310.2465157929,582310.2465157929,0.0,613456.4059626762,599295.3303345395,0.0,0.0,0.0,0.0,0.0,24990.21586999632,1,0,1499.417152897897,1799.780873292532,0.0,0.0,0.0,0.0,0.0,0.35,667.83231428256,-0.0,667.83231428256,26760.0,0.0
16.2,traction,1.0,0.0,9.021909155926393,0.6344110266084257,540251.4363463587,574735.5705812328,584387.6447313887,584387.6447313887,0.0,615642.1150084182,601415.1215282975,0.0,0.0,0.0,0.0,0.0,24990.18086838671,1,0,1499.4150524648826,1799.780873292532,0.0,0.0,0.0,0.0,0.0,0.35,667.83231428256,-0.0,667.83231428256,26760.0,0.0
16.25,traction,1.0,0.0,9.053626959734023,0.6343560761526135,542164.8125902053,576771.0772236227,586464.8679400334,586464.8679400334,0.0,617827.6412351659,603534.7341444977,0.0,0.0,0.0,0.0,0.0,24990.14586959615,1,0,1499.412952199779,1799.780873292532,0.0,0.0,0.0,0.0,0.0,0.35,667.83231428256,-0.0,667.83231428256,26760.0,0.0
16.3,traction,1.0,0.0,9.085342006596976,0.6343009372590558,544078.0264987317,578806.4111688635,588541.9155343089,588541.9155343089,0.0,620012.9840035153,605654.1675633284,0.0,0.0,0.0,0.0,0.0,24990.110873634905,1,0,1499.4108521032026,1799.780873292532,0.0,0.0,0.0,0.0,0.0,0.35,667.83231428256,-0.0,667.83231428256,26760.0,0.0
16.35,traction,1.0,0.0,9.117054287096705,0.6342456099945792,545991.0775127672,580841.5718220928,590618.7869070036,590618.7869070036,0.0,622198.1426742787,607773.4211651891,0.0,0.0,0.0,0.0,0.0,24990.075880513243,1,0,1499.4087521757688,1799.780873292532,0.0,0.0,0.0,0.0,0.0,0.35,667.83231428256,-0.0,667.83231428256,26760.0,0.0
16.4,traction,1.0,0.0,9.148763791818007,0.6341900944260459,547903.9650733321,582876.5585886511,592695.4814511151,592695.4814511151,0.0,624383.1166084858,609892.4943306937,0.0,0.0,0.0,0.0,0.0,24990.040890241416,1,0,1499.4066524180942,1799.780873292532,0.0,0.0,0.0,0.0,0.0,0.35,667.83231428256,-0.0,667.83231428256,26760.0,0.0
16.45,traction,1.0,0.0,9.180470511349043,0.6341343906207086,549816.6886216404,584911.3708740856,594771.998559848,594771.998559848,0.0,626567.9051673836,612011.3864406664,0.0,0.0,0.0,0.0,0.0,24990.005902829686,1,0,1499.4045528307945,1799.780873292532,0.0,0.0,0.0,0.0,0.0,0.35,667.83231428256,-0.0,667.83231428256,26760.0,0.0
16.5,traction,1.0,0.0,9.212174436281343,0.634078498645998,551729.2475990992,586946.008084148,596848.337626618,596848.337626618,0.0,628752.5077124398,614130.0968761462,0.0,0.0,0.0,0.0,0.0,24989.9709182883,1,0,1499.4024534144849,1799.780873292532,0.0,0.0,0.0,0.0,0.0,0.35,667.83231428256,-0.0,667.83231428256,26760.0,0.0
16.55,traction,1.0,0.0,9.243875557209815,0.634022418569451,553641.6414473095,588980.4696247973,598924.498045049,598924.498045049,0.0,630936.923605339,616248.6250183863,0.0,0.0,0.0,0.0,0.0,24989.93593662751,1,0,1499.4003541697812,1799.780873292532,0.0,0.0,0.0,0.0,0.0,0.35,667.83231428256,-0.0,667.83231428256,26760.0,0.0
16.6,traction,1.0,0.0,9.275573864732765,0.6339661504589955,555553.8696080677,591014.7549021997,601000.4792089768,601000.4792089768,0.0,633121.1522079876,618366.9702488544,0.0,0.0,0.0,0.0,0.0,24989.90095785756,1,0,1499.398255097298,1799.780873292532,0.0,0.0,0.0,0.0,0.0,0.35,667.83231428256,-0.0,667.83231428256,26760.0,0.0
16.65,traction,1.0,0.0,9.307269349451898,0.6339096943826661,557465.931523365,593048.8633227288,603076.2805124487,603076.2805124487,0.0,635305.1928825127,620485.1319492351,0.0,0.0,0.0,0.0,0.0,24989.865981988693,1,0,1499.3961561976505,1799.780873292532,0.0,0.0,0.0,0.0,0.0,0.35,667.83231428256,-0.0,667.83231428256,26760.0,0.0
16.7,traction,1.0,0.0,9.33896200197233,0.6338530504086393,559377.8266353887,595082.7942929667,605151.9013497232,605151.9013497232,0.0,637489.0449912625,622603.1095014284,0.0,0.0,0.0,0.0,0.0,24989.831009031146,1,0,1499.3940574714536,1799.780873292532,0.0,0.0,0.0,0.0,0.0,0.35,667.83231428256,-0.0,667.83231428256,26760.0,0.0
16.75,traction,1.0,0.0,9.37065181290261,0.633796218605589,561289.5543865225,597116.5472197048,607227.3411152721,607227.3411152721,0.0,639672.7078968086,624720.9022875512,0.0,0.0,0.0,0.0,0.0,24989.796038995155,1,0,1499.3919589193215,1799.780873292532,0.0,0.0,0.0,0.0,0.0,0.35,667.83231428256,-0.0,667.83231428256,26760.0,0.0
16.8,traction,1.0,0.0,9.402338772854716,0.6337391990421182,563201.1142193478,599150.1215099446,609302.5992037804,609302.5992037804,0.0,641856.1809619445,626838.5096899386,0.0,0.0,0.0,0.0,0.0,24989.761071890953,1,0,1499.3898605418688,1799.780873292532,0.0,0.0,0.0,0.0,0.0,0.35,667.83231428256,-0.0,667.83231428256,26760.0,0.0
16.85,traction,1.0,0.0,9.434022872444077,0.6336819917872205,565112.5055766437,601183.5165708977,611377.6750101475,611377.6750101475,0.0,644039.4635496881,628955.9310911444,0.0,0.0,0.0,0.0,0.0,24989.726107728766,1,0,1499.3877623397093,1799.780873292532,0.0,0.0,0.0,0.0,0.0,0.35,667.83231428256,-0.0,667.83231428256,26760.0,0.0
16.9,traction,1.0,0.0,9.465704102289576,0.6336245969099963,567023.7279013878,603216.7318099871,613452.5679294874,613452.5679294874,0.0,646222.5550232814,631073.1658739415,0.0,0.0,0.0,0.0,0.0,24989.691146518817,1,0,1499.385664313457,1799.780873292532,0.0,0.0,0.0,0.0,0.0,0.35,667.83231428256,-0.0,667.83231428256,26760.0,0.0
16.95,traction,1.0,0.0,9.49738245301357,0.6335670144798655,568934.7806367569,605249.7666348479,615527.2773571297,615527.2773571297,0.0,648405.4547461923,633190.2134213223,0.0,0.0,0.0,0.0,0.0,24989.656188271332,1,0,1499.3835664637259,1799.780873292532,0.0,0.0,0.0,0.0,0.0,0.35,667.83231428256,-0.0,667.83231428256,26760.0,0.0
17.0,traction,1.0,0.0,9.529057915241891,0.6335092445664259,570845.6632261272,607282.6204533268,617601.8026886203,617601.8026886203,0.0,650588.1620821145,635307.0731165002,0.0,0.0,0.0,0.0,0.0,24989.621232996527,1,0,1499.381468791129,1799.780873292532,0.0,0.0,0.0,0.0,0.0,0.35,667.83231428256,-0.0,667.83231428256,26760.0,0.0
17.05,traction,1.0,0.0,9.560730479603858,0.6334512872393461,572756.3751130757,609315.2926734849,619676.1433197213,619676.1433197213,0.0,652770.6763949678,637423.7443429097,0.0,0.0,0.0,0.0,0.0,24989.586280704614,1,0,1499.37937129628,1799.780873292532,0.0,0.0,0.0,0.0,0.0,0.35,667.83231428256,-0.0,667.83231428256,26760.0,0.0
17.1,traction,1.0,0.0,9.5924001367323,0.6333931425688277,574666.9157413808,611347.7827035966,621750.2986464131,621750.2986464131,0.0,654952.9970489001,639540.226484207,0.0,0.0,0.0,0.0,0.0,24989.551331405808,1,0,1499.3772739797917,1799.780873292532,0.0,0.0,0.0,0.0,0.0,0.35,667.83231428256,-0.0,667.83231428256,26760.0,0.0
17.15,traction,1.0,0.0,9.624066877263548,0.6333348106249659,576577.2845550216,613380.0899521506,623824.2680648945,623824.2680648945,0.0,657135.123408287,641656.5189242718,0.0,0.0,0.0,0.0,0.0,24989.51638511031,1,0,1499.3751768422767,1799.780873292532,0.0,0.0,0.0,0.0,0.0,0.35,667.83231428256,-0.0,667.83231428256,26760.0,0.0
17.2,traction,1.0,0.0,9.655730691837462,0.6332762914782819,578487.4809981801,615412.2138278512,625898.0509715823,625898.0509715823,0.0,659317.0548377327,643772.6210472067,0.0,0.0,0.0,0.0,0.0,24989.48144182833,1,0,1499.3730798843485,1799.780873292532,0.0,0.0,0.0,0.0,0.0,0.35,667.83231428256,-0.0,667.83231428256,26760.0,0.0
17.25,traction,1.0,0.0,9.687391571097434,0.6332175851994393,580397.5045152415,617444.1537396186,627971.6467631136,627971.6467631136,0.0,661498.7907020722,645888.5322373378,0.0,0.0,0.0,0.0,0.0,24989.446501570066,1,0,1499.3709831066185,1799.780873292532,0.0,0.0,0.0,0.0,0.0,0.35,667.83231428256,-0.0,667.83231428256,26760.0,0.0
17.3,traction,1.0,0.0,9.719049505690402,0.6331586918593501,582307.3545507938,619475.9090965892,630045.0548363455,630045.0548363455,0.0,663680.3303663695,648004.2518792173,0.0,0.0,0.0,0.0,0.0,24989.41156434571,1,0,1499.3688865097,1799.780873292532,0.0,0.0,0.0,0.0,0.0,0.35,667.83231428256,-0.0,667.83231428256,26760.0,0.0
17.35,traction,1.0,0.0,9.750704486266851,0.6330996115289977,584217.0305496295,621507.4793081165,632118.2745883564,632118.2745883564,0.0,665861.6731959196,650119.7793576216,0.0,0.0,0.0,0.0,0.0,24989.376630165465,1,0,1499.366790094204,1799.780873292532,0.0,0.0,0.0,0.0,0.0,0.35,667.83231428256,-0.0,667.83231428256,26760.0,0.0
17.4,traction,1.0,0.0,9.782356503480846,0.6330403442798982,586126.5319567466,623538.863783773,634191.3054164454,634191.3054164454,0.0,668042.8185562504,652235.1140575536,0.0,0.0,0.0,0.0,0.0,24989.34169903951,1,0,1499.3646938607426,1799.780873292532,0.0,0.0,0.0,0.0,0.0,0.35,667.83231428256,-0.0,667.83231428256,26760.0,0.0
17.45,traction,1.0,0.0,9.814005547990012,0.6329808901833189,588035.8582173472,625570.0619333481,636264.1467181358,636264.1467181358,0.0,670223.765813121,654350.2553642443,0.0,0.0,0.0,0.0,0.0,24989.306770978033,1,0,1499.3625978099278,1799.780873292532,0.0,0.0,0.0,0.0,0.0,0.35,667.83231428256,-0.0,667.83231428256,26760.0,0.0
17.5,traction,1.0,0.0,9.845651610455576,0.6329212493112735,589945.0087768404,627601.0731668515,638336.7978911715,638336.7978911715,0.0,672404.514332524,656465.2026631498,0.0,0.0,0.0,0.0,0.0,24989.271845991225,1,0,1499.3605019423705,1799.780873292532,0.0,0.0,0.0,0.0,0.0,0.35,667.83231428256,-0.0,667.83231428256,26760.0,0.0
17.55,traction,1.0,0.0,9.877294681542354,0.6328614217355621,591853.9830808414,629631.8968945121,640409.258333522,640409.258333522,0.0,674585.0634806872,658579.9553399568,0.0,0.0,0.0,0.0,0.0,24989.23692408925,1,0,1499.358406258682,1799.780873292532,0.0,0.0,0.0,0.0,0.0,0.35,667.83231428256,-0.0,667.83231428256,26760.0,0.0
17.6,traction,1.0,0.0,9.908934751918775,0.6328014075284116,593762.7805751732,631662.53252678,642481.5274433797,642481.5274433797,0.0,676765.4126240698,660694.5127805792,0.0,0.0,0.0,0.0,0.0,24989.202005282295,1,0,1499.3563107594734,1799.780873292532,0.0,0.0,0.0,0.0,0.0,0.35,667.83231428256,-0.0,667.83231428256,26760.0,0.0
17.65,traction,1.0,0.0,9.940571812256886,0.6327412067622262,595671.400705867,633692.9794743266,644553.6046191633,644553.6046191633,0.0,678945.5611293699,662808.8743711612,0.0,0.0,0.0,0.0,0.0,24989.16708958053,1,0,1499.354215445355,1799.780873292532,0.0,0.0,0.0,0.0,0.0,0.35,667.83231428256,-0.0,667.83231428256,26760.0,0.0
17.7,traction,1.0,0.0,9.972205853232367,0.6326808195096234,597579.8429191613,635723.2371480439,646625.4892595169,646625.4892595169,0.0,681125.5083635187,664923.0394980785,0.0,0.0,0.0,0.0,0.0,24989.132176994113,1,0,1499.3521203169378,1799.780873292532,0.0,0.0,0.0,0.0,0.0,0.35,667.83231428256,-0.0,667.83231428256,26760.0,0.0
17.75,traction,1.0,0.0,10.003836865524535,0.6326202458433627,599488.1066615047,637753.3049590476,648697.1807633102,648697.1807633102,0.0,683305.2536936859,667037.0075479355,0.0,0.0,0.0,0.0,0.0,24989.09726753322,1,0,1499.3500253748316,1799.780873292532,0.0,0.0,0.0,0.0,0.0,0.35,667.83231428256,-0.0,667.83231428256,26760.0,0.0
17.8,traction,1.0,0.0,10.035464839816363,0.6325594858365591,601396.191379556,639783.1823186766,650768.6785296404,650768.6785296404,0.0,685484.7964872787,669150.7779075697,0.0,0.0,0.0,0.0,0.0,24989.062361208,1,0,1499.3479306196468,1799.780873292532,0.0,0.0,0.0,0.0,0.0,0.35,667.83231428256,-0.0,667.83231428256,26760.0,0.0
17.85,traction,1.0,0.0,10.067089766794481,0.6324985395623628,603304.0965201831,641812.8686384928,652839.9819578333,652839.9819578333,0.0,687664.1361119407,671264.3499640512,0.0,0.0,0.0,0.0,0.0,24989.02745802862,1,0,1499.345836051993,1799.780873292532,0.0,0.0,0.0,0.0,0.0,0.35,667.83231428256,-0.0,667.83231428256,26760.0,0.0
17.9,traction,1.0,0.0,10.098711637149197,0.6324374070943151,605211.821530466,643842.363330283,654911.0904474416,654911.0904474416,0.0,689843.2719355557,673377.723104682,0.0,0.0,0.0,0.0,0.0,24988.992558005226,1,0,1499.34374167248,1799.780873292532,0.0,0.0,0.0,0.0,0.0,0.35,667.83231428256,-0.0,667.83231428256,26760.0,0.0
17.95,traction,1.0,0.0,10.130330441574502,0.6323760885060992,607119.365857696,645871.6658060596,656982.003398248,656982.003398248,0.0,692022.2033262479,675490.8967169991,0.0,0.0,0.0,0.0,0.0,24988.95766114797,1,0,1499.3416474817172,1799.780873292532,0.0,0.0,0.0,0.0,0.0,0.35,667.83231428256,-0.0,667.83231428256,26760.0,0.0
18.0,traction,1.0,0.0,10.161946170768081,0.632314583871576,609026.7289493767,647900.7754780604,659052.7202102649,659052.7202102649,0.0,694200.9296523794,677603.870188773,0.0,0.0,0.0,0.0,0.0,24988.922767466996,1,0,1499.3395534803135,1799.780873292532,0.0,0.0,0.0,0.0,0.0,0.35,667.83231428256,-0.0,667.83231428256,26760.0,0.0
18.05,traction,1.0,0.0,10.193558815431327,0.6322528932649263,610933.9102532242,649929.6917587492,661123.2402837351,661123.2402837351,0.0,696379.4502825551,679716.6429080103,0.0,0.0,0.0,0.0,0.0,24988.887876972447,1,0,1499.3374596688782,1799.780873292532,0.0,0.0,0.0,0.0,0.0,0.35,667.83231428256,-0.0,667.83231428256,26760.0,0.0
18.1,traction,1.0,0.0,10.225168366269344,0.6321910167603306,612840.9092171689,651958.414060818,663193.5630191319,663193.5630191319,0.0,698557.764585621,681829.214262952,0.0,0.0,0.0,0.0,0.0,24988.852989674462,1,0,1499.3353660480198,1799.780873292532,0.0,0.0,0.0,0.0,0.0,0.35,667.83231428256,-0.0,667.83231428256,26760.0,0.0
18.15,traction,1.0,0.0,10.256774813990962,0.6321289544323605,614747.7252893548,653986.941797186,665263.6878171613,665263.6878171613,0.0,700735.8719306657,683941.5836420767,0.0,0.0,0.0,0.0,0.0,24988.818105583174,1,0,1499.3332726183467,1799.780873292532,0.0,0.0,0.0,0.0,0.0,0.35,667.83231428256,-0.0,667.83231428256,26760.0,0.0
18.2,traction,1.0,0.0,10.288378149308754,0.6320667063558361,616654.3579181408,656015.2743810009,667333.6140787613,667333.6140787613,0.0,702913.7716870203,686053.7504341004,0.0,0.0,0.0,0.0,0.0,24988.78322470871,1,0,1499.3311793804676,1799.780873292532,0.0,0.0,0.0,0.0,0.0,0.35,667.83231428256,-0.0,667.83231428256,26760.0,0.0
18.25,traction,1.0,0.0,10.319978362939036,0.6320042726056485,618560.806552101,658043.4112256394,669403.341205103,669403.341205103,0.0,705091.4632242604,688165.7140279763,0.0,0.0,0.0,0.0,0.0,24988.748347061202,1,0,1499.3290863349903,1799.780873292532,0.0,0.0,0.0,0.0,0.0,0.35,667.83231428256,-0.0,667.83231428256,26760.0,0.0
18.3,traction,1.0,0.0,10.351575445601886,0.6319416532570088,620467.0706400255,660071.351744708,671472.8685975912,671472.8685975912,0.0,707268.9459122058,690277.4738128957,0.0,0.0,0.0,0.0,0.0,24988.71347265077,1,0,1499.3269934825225,1799.780873292532,0.0,0.0,0.0,0.0,0.0,0.35,667.83231428256,-0.0,667.83231428256,26760.0,0.0
18.35,traction,1.0,0.0,10.38316938802115,0.63187884838527,622373.1496309213,662099.095352044,673542.1956578654,673542.1956578654,0.0,709446.2191209218,692389.0291782907,0.0,0.0,0.0,0.0,0.0,24988.678601487532,1,0,1499.3249008236721,1799.780873292532,0.0,0.0,0.0,0.0,0.0,0.35,667.83231428256,-0.0,667.83231428256,26760.0,0.0
18.4,traction,1.0,0.0,10.414760180924452,0.6318158580660338,624279.0429740123,664126.6414617152,675611.3217877999,675611.3217877999,0.0,711623.282220719,694500.3795138317,0.0,0.0,0.0,0.0,0.0,24988.643733581604,1,0,1499.3228083590461,1799.780873292532,0.0,0.0,0.0,0.0,0.0,0.35,667.83231428256,-0.0,667.83231428256,26760.0,0.0
18.45,traction,1.0,0.0,10.446347815043207,0.6317526823751152,626184.7501187404,666153.9894880217,677680.2463895053,677680.2463895053,0.0,713800.1345821555,696611.5242094307,0.0,0.0,0.0,0.0,0.0,24988.6088689431,1,0,1499.3207160892518,1799.780873292532,0.0,0.0,0.0,0.0,0.0,0.35,667.83231428256,-0.0,667.83231428256,26760.0,0.0
18.5,traction,1.0,0.0,10.47793228111263,0.6316893213884356,628090.2705147659,668181.1388454956,679748.9688653282,679748.9688653282,0.0,715976.7755760358,698722.4626552407,0.0,0.0,0.0,0.0,0.0,24988.574007582127,1,0,1499.3186240148962,1799.780873292532,0.0,0.0,0.0,0.0,0.0,0.35,667.83231428256,-0.0,667.83231428256,26760.0,0.0
18.55,traction,1.0,0.0,10.50951356987175,0.6316257751824139,629995.6036119679,670208.088948902,681817.4886178527,681817.4886178527,0.0,718153.2045734131,700833.1942416569,0.0,0.0,0.0,0.0,0.0,24988.539149508786,1,0,1499.3165321365861,1799.780873292532,0.0,0.0,0.0,0.0,0.0,0.35,667.83231428256,-0.0,667.83231428256,26760.0,0.0
18.6,traction,1.0,0.0,10.541091672063414,0.6315620438332914,631900.7488604455,672234.8392132398,683885.8050499,683885.8050499,0.0,720329.4209455894,702943.718359316,0.0,0.0,0.0,0.0,0.0,24988.504294733175,1,0,1499.3144404549275,1799.780873292532,0.0,0.0,0.0,0.0,0.0,0.35,667.83231428256,-0.0,667.83231428256,26760.0,0.0
18.65,traction,1.0,0.0,10.572666578434308,0.6314981274178777,633805.7057105177,674261.3890537423,685953.9175645305,685953.9175645305,0.0,722505.4240641156,705054.0343991,0.0,0.0,0.0,0.0,0.0,24988.4694432654,1,0,1499.3123489705272,1799.780873292532,0.0,0.0,0.0,0.0,0.0,0.35,667.83231428256,-0.0,667.83231428256,26760.0,0.0
18.7,traction,1.0,0.0,10.604238279734954,0.6314340260129114,635710.4736127248,676287.7378858775,688021.8255650431,688021.8255650431,0.0,724681.2133007927,707164.1417521326,0.0,0.0,0.0,0.0,0.0,24988.43459511554,1,0,1499.3102576839904,1799.780873292532,0.0,0.0,0.0,0.0,0.0,0.35,667.83231428256,-0.0,667.83231428256,26760.0,0.0
18.75,traction,1.0,0.0,10.63580676671973,0.631369739695522,637615.0520178289,678313.88512535,690089.5284549771,690089.5284549771,0.0,726856.7880276734,709274.0398097843,0.0,0.0,0.0,0.0,0.0,24988.39975029369,1,0,1499.308166595924,1799.780873292532,0.0,0.0,0.0,0.0,0.0,0.35,667.83231428256,-0.0,667.83231428256,26760.0,0.0
18.8,traction,1.0,0.0,10.667372030146879,0.631305268542981,639519.4403768133,680339.8301880993,692157.0256381122,692157.0256381122,0.0,729032.1476170605,711383.7279636697,0.0,0.0,0.0,0.0,0.0,24988.364908809937,1,0,1499.3060757069325,1799.780873292532,0.0,0.0,0.0,0.0,0.0,0.35,667.83231428256,-0.0,667.83231428256,26760.0,0.0
18.85,traction,1.0,0.0,10.698934060778523,0.6312406126328796,641423.6381408848,682365.5724903031,694224.3165184687,694224.3165184687,0.0,731207.2914415107,713493.2056056496,0.0,0.0,0.0,0.0,0.0,24988.330070674358,1,0,1499.3039850176215,1799.780873292532,0.0,0.0,0.0,0.0,0.0,0.35,667.83231428256,-0.0,667.83231428256,26760.0,0.0
18.9,traction,1.0,0.0,10.730492849380655,0.6311757720426314,643327.644761473,684391.1114483756,696291.4005003093,696291.4005003093,0.0,733382.2188738326,715602.4721278326,0.0,0.0,0.0,0.0,0.0,24988.29523589703,1,0,1499.3018945285962,1799.780873292532,0.0,0.0,0.0,0.0,0.0,0.35,667.83231428256,-0.0,667.83231428256,26760.0,0.0
18.95,traction,1.0,0.0,10.76204838672318,0.6311107468505028,645231.4596902318,686416.4464789701,698358.2769881384,698358.2769881384,0.0,735556.9292870887,717711.5269225726,0.0,0.0,0.0,0.0,0.0,24988.26040448802,1,0,1499.2998042404613,1799.780873292532,0.0,0.0,0.0,0.0,0.0,0.35,667.83231428256,-0.0,667.83231428256,26760.0,0.0
19.0,traction,1.0,0.0,10.793600663579902,0.6310455371344403,647135.0823790395,688441.5769989783,700424.9453867042,700424.9453867042,0.0,737731.4220545964,719820.3693824734,0.0,0.0,0.0,0.0,0.0,24988.225576457407,1,0,1499.2977141538217,1799.780873292532,0.0,0.0,0.0,0.0,0.0,0.35,667.83231428256,-0.0,667.83231428256,26760.0,0.0
19.05,traction,1.0,0.0,10.825149670728539,0.6309801429727457,649038.5122799992,690466.5024255312,702491.4051009982,702491.4051009982,0.0,739905.6965499264,721928.9989003864,0.0,0.0,0.0,0.0,0.0,24988.190751815247,1,0,1499.2956242692812,1799.780873292532,0.0,0.0,0.0,0.0,0.0,0.35,667.83231428256,-0.0,667.83231428256,26760.0,0.0
19.1,traction,1.0,0.0,10.856695398950743,0.6309145644440761,650941.748845441,692491.2221760012,704557.6555362563,704557.6555362563,0.0,742079.7521469069,724037.4148694129,0.0,0.0,0.0,0.0,0.0,24988.155930571604,1,0,1499.2935345874444,1799.780873292532,0.0,0.0,0.0,0.0,0.0,0.35,667.83231428256,-0.0,667.83231428256,26760.0,0.0
19.15,traction,1.0,0.0,10.888237839032096,0.630848801627053,652844.7915279203,694515.7356680003,706623.6960979603,706623.6960979603,0.0,744253.5882196217,726145.616682905,0.0,0.0,0.0,0.0,0.0,24988.121112736535,1,0,1499.2914451089148,1799.780873292532,0.0,0.0,0.0,0.0,0.0,0.35,667.83231428256,-0.0,667.83231428256,26760.0,0.0
19.2,traction,1.0,0.0,10.919776981762128,0.6307828546006533,654747.6397802195,696540.0423193825,708689.526191837,708689.526191837,0.0,746427.2041424118,728253.6037344643,0.0,0.0,0.0,0.0,0.0,24988.086298320093,1,0,1499.2893558342962,1799.780873292532,0.0,0.0,0.0,0.0,0.0,0.35,667.83231428256,-0.0,667.83231428256,26760.0,0.0
19.25,traction,1.0,0.0,10.951312817934339,0.630716723444209,656650.293055349,698564.1415482437,710755.1452238597,710755.1452238597,0.0,748600.5992898768,730361.3754179444,0.0,0.0,0.0,0.0,0.0,24988.051487332323,1,0,1499.287266764192,1799.780873292532,0.0,0.0,0.0,0.0,0.0,0.35,667.83231428256,-0.0,667.83231428256,26760.0,0.0
19.3,traction,1.0,0.0,10.982845338346182,0.6306504082368747,658552.7508065472,700588.0327729227,712820.5526002487,712820.5526002487,0.0,750773.7730368737,732468.9311274511,0.0,0.0,0.0,0.0,0.0,24988.016679783275,1,0,1499.2851778992056,1799.780873292532,0.0,0.0,0.0,0.0,0.0,0.35,667.83231428256,-0.0,667.83231428256,26760.0,0.0
19.35,traction,1.0,0.0,11.0143745337991,0.6305839090583376,660455.0124872813,702611.7154120015,714885.7477274721,714885.7477274721,0.0,752946.7247585191,734576.2702573423,0.0,0.0,0.0,0.0,0.0,24987.981875682985,1,0,1499.2830892399393,1799.780873292532,0.0,0.0,0.0,0.0,0.0,0.35,667.83231428256,-0.0,667.83231428256,26760.0,0.0
19.4,traction,1.0,0.0,11.04590039509852,0.6305172259884273,662357.0775512483,704635.1888843067,716950.7300122464,716950.7300122464,0.0,755119.4538301895,736683.3922022304,0.0,0.0,0.0,0.0,0.0,24987.94707504149,1,0,1499.2810007869964,1799.780873292532,0.0,0.0,0.0,0.0,0.0,0.35,667.83231428256,-0.0,667.83231428256,26760.0,0.0
19.45,traction,1.0,0.0,11.077422913053875,0.6304503591070798,664258.9454523742,706658.4526089088,719015.4988615374,719015.4988615374,0.0,757291.9596275217,738790.2963569814,0.0,0.0,0.0,0.0,0.0,24987.912277868825,1,0,1499.278912540979,1799.780873292532,0.0,0.0,0.0,0.0,0.0,0.35,667.83231428256,-0.0,667.83231428256,26760.0,0.0
19.5,traction,1.0,0.0,11.1089420784786,0.6303833084945154,666160.6156448168,708681.5060051243,721080.05368256,721080.05368256,0.0,759464.2415264145,740896.9821167156,0.0,0.0,0.0,0.0,0.0,24987.877484175016,1,0,1499.2768245024895,1799.780873292532,0.0,0.0,0.0,0.0,0.0,0.35,667.83231428256,-0.0,667.83231428256,26760.0,0.0
19.55,traction,1.0,0.0,11.140457882190162,0.6303160742312386,668062.0875829647,710704.3484925156,723144.3938827799,723144.3938827799,0.0,761636.2989030282,743003.4488768093,0.0,0.0,0.0,0.0,0.0,24987.84269397009,1,0,1499.2747366721294,1799.780873292532,0.0,0.0,0.0,0.0,0.0,0.35,667.83231428256,-0.0,667.83231428256,26760.0,0.0
19.6,traction,1.0,0.0,11.171970315010045,0.6302486563976473,669963.3607214381,712726.9794908916,725208.5188699139,725208.5188699139,0.0,763808.1311337854,745109.6960328955,0.0,0.0,0.0,0.0,0.0,24987.807907264065,1,0,1499.2726490505008,1799.780873292532,0.0,0.0,0.0,0.0,0.0,0.35,667.83231428256,-0.0,667.83231428256,26760.0,0.0
19.65,traction,1.0,0.0,11.203479367763784,0.6301810550747788,671864.4345150896,714749.3984203081,727272.4280519302,727272.4280519302,0.0,765979.7375953727,747215.7229808631,0.0,0.0,0.0,0.0,0.0,24987.77312406696,1,0,1499.2705616382054,1799.780873292532,0.0,0.0,0.0,0.0,0.0,0.35,667.83231428256,-0.0,667.83231428256,26760.0,0.0
19.7,traction,1.0,0.0,11.234985031280969,0.6301132703437062,673765.3084190049,716771.6047010691,729336.1208370491,729336.1208370491,0.0,768151.1176647408,749321.529116858,0.0,0.0,0.0,0.0,0.0,24987.73834438878,1,0,1499.268474435844,1799.780873292532,0.0,0.0,0.0,0.0,0.0,0.35,667.83231428256,-0.0,667.83231428256,26760.0,0.0
19.75,traction,1.0,0.0,11.266487296395239,0.6300453022853958,675665.9818885038,718793.5977537275,731399.596633744,731399.596633744,0.0,770322.2707191043,751427.1138372854,0.0,0.0,0.0,0.0,0.0,24987.703568239544,1,0,1499.2663874440175,1799.780873292532,0.0,0.0,0.0,0.0,0.0,0.35,667.83231428256,-0.0,667.83231428256,26760.0,0.0
19.8,traction,1.0,0.0,11.297986153944324,0.629977150981702,677566.4543791396,720815.3769990847,733462.8548507423,733462.8548507423,0.0,772493.1961359438,753532.4765388088,0.0,0.0,0.0,0.0,0.0,24987.668795629244,1,0,1499.2643006633268,1799.780873292532,0.0,0.0,0.0,0.0,0.0,0.35,667.83231428256,-0.0,667.83231428256,26760.0,0.0
19.85,traction,1.0,0.0,11.329481594770018,0.6299088165138755,679466.7253467009,722836.9418581924,735525.8948970252,735525.8948970252,0.0,774663.8932930056,755637.616618351,0.0,0.0,0.0,0.0,0.0,24987.63402656789,1,0,1499.2622140943727,1799.780873292532,0.0,0.0,0.0,0.0,0.0,0.35,667.83231428256,-0.0,667.83231428256,26760.0,0.0
19.9,traction,1.0,0.0,11.360973609718219,0.6298402989640195,681366.7942472118,724858.291752353,737588.716181829,737588.716181829,0.0,776834.3615683037,757742.5334730946,0.0,0.0,0.0,0.0,0.0,24987.599261065465,1,0,1499.2601277377546,1799.780873292532,0.0,0.0,0.0,0.0,0.0,0.35,667.83231428256,-0.0,667.83231428256,26760.0,0.0
19.95,traction,1.0,0.0,11.392462189638925,0.6297715984141306,683266.6605369316,726879.4261031188,739651.3181146459,739651.3181146459,0.0,779004.6003401182,759847.2265004846,0.0,0.0,0.0,0.0,0.0,24987.56449913197,1,0,1499.2580415940733,1799.780873292532,0.0,0.0,0.0,0.0,0.0,0.35,667.83231428256,-0.0,667.83231428256,26760.0,0.0
20.0,coast,0.0,0.0,11.423947325386251,0.6297027149465251,685166.3236723575,728900.3443322952,741713.7001052233,741713.7001052233,0.0,781174.6089869981,761951.6950982249,0.0,0.0,0.0,0.0,0.0,24987.529740777394,1,0,1499.2559556639278,1799.780873292532,0.0,0.0,0.0,0.0,0.0,0.35,667.83231428256,-0.0,667.83231428256,26760.0,0.0
20.05,coast,0.0,0.0,11.455429007818433,0.629633648643626,687065.783110223,730921.0458619394,743775.8615635666,743775.8615635666,0.0,783344.3868877621,764055.9386642838,0.0,0.0,0.0,0.0,0.0,24987.494986011716,1,0,1499.2538699479182,1799.780873292532,0.0,0.0,0.0,0.0,0.0,0.35,667.83231428256,-0.0,667.83231428256,26760.0,0.0
20.1,coast,0.0,0.0,11.486907227797838,0.6295643995881051,688965.0383074996,732941.5301143613,745837.8018999383,745837.8018999383,0.0,785513.9334214964,766159.9565968912,0.0,0.0,0.0,0.0,0.0,24987.46023484491,1,0,1499.2517844466436,1799.780873292532,0.0,0.0,0.0,0.0,0.0,0.35,667.83231428256,-0.0,667.83231428256,26760.0,0.0
20.15,coast,0.0,0.0,11.518381976190986,0.6294949678629536,254154.5379501662,270377.16803209175,747899.5205248585,747899.5205248585,0.0,787683.2479675594,768263.7482945403,0.0,0.0,0.0,0.0,0.0,24987.42548728696,1,0,1499.249699160703,1799.780873292532,0.0,0.0,0.0,0.0,0.0,0.35,667.83231428256,-0.0,667.83231428256,26760.0,0.0
20.2,coast,0.0,0.0,11.549853243868546,0.6294253535511984,93755.15192487469,99739.52332433479,275895.06942050176,275895.06942050176,0.0,789852.3299055789,286627.2232324904,0.0,0.0,0.0,0.0,0.0,24987.39074334783,1,0,1499.2476140906947,1799.780873292532,0.0,0.0,0.0,0.0,0.0,0.35,667.83231428256,-0.0,667.83231428256,26760.0,0.0
20.25,coast,0.0,0.0,11.55981072896546,0.19914970193827486,34585.098990990504,36792.65850105373,101775.02380034163,101775.02380034163,0.0,792021.1786154549,108953.9544071548,0.0,0.0,0.0,0.0,0.0,24987.35600303749,1,0,1499.2455292372176,1799.780873292532,0.0,0.0,0.0,0.0,0.0,0.35,667.83231428256,-0.0,667.83231428256,26760.0,0.0
20.3,coast,0.0,0.0,11.561853915358189,0.04086372785458536,12757.909893903667,13572.244567982625,37543.529082707886,37543.529082707886,0.0,295490.75010910723,43411.70400792113,0.0,0.0,0.0,0.0,0.0,24987.321266365896,1,0,1499.2434446008697,1799.780873292532,0.0,0.0,0.0,0.0,0.0,0.35,667.83231428256,-0.0,667.83231428256,26760.0,0.0
20.35,coast,0.0,0.0,11.56098577480574,-0.01736281104896875,4697.419063856694,4997.254323251803,13849.229151002679,13849.229151002679,0.0,112323.19584259913,19233.88055577772,0.0,0.0,0.0,0.0,0.0,24995.269755630437,1,0,1499.2413601822493,1799.780873292532,0.0,0.0,0.0,0.0,0.0,0.35,667.83231428256,-0.0,667.83231428256,26760.0,0.0
20.4,coast,0.0,0.0,11.559046797843308,-0.03877953924863675,1728.3893374711624,1838.7120611395346,5099.239105358983,5099.239105358983,0.0,44768.44594431577,10305.33169969408,0.0,0.0,0.0,0.0,0.0,24998.201916969887,1,0,1499.2392759819536,1799.780873292532,0.0,0.0,0.0,0.0,0.0,0.35,667.83231428256,-0.0,667.83231428256,26760.0,0.0
20.45,coast,0.0,0.0,11.556714063046666,-0.04665469593284399,635.7911606002796,676.3735751066804,1876.2367970811579,1876.2367970811579,0.0,19837.3496275049,7018.800136900213,0.0,0.0,0.0,0.0,0.0,24999.283569309202,1,0,1499.7161853378261,1799.780873292532,0.0,0.0,0.0,0.0,0.0,0.35,667.83231428256,-0.0,667.83231428256,26760.0,0.0
20.5,coast,0.0,0.0,11.554236653639885,-0.049548188135624116,233.85526871709848,248.78220076287073,690.1771174557963,690.1771174557963,0.0,10629.139403830375,5806.984310662226,0.0,0.0,0.0,0.0,0.0,24999.68257957603,1,0,1499.8921150181932,1799.780873292532,0.0,0.0,0.0,0.0,0.0,0.35,667.83231428256,-0.0,667.83231428256,26760.0,0.0
20.55,coast,0.0,0.0,11.55170620215779,-0.0506090296418904,86.01318371972837,91.50338693588125,253.85938853354156,253.85938853354156,0.0,7237.153897454472,5463.962420538518,0.0,0.0,0.0,0.0,0.0,24999.82992889577,1,0,1499.957014158552,1799.7881005667975,0.0,0.0,0.0,0.0,0.0,0.35,667.83231428256,-0.0,667.83231428256,26760.0,0.0
20.6,coast,0.0,0.0,11.549156418264925,-0.05099567785730841,31.635698770605895,33.65499869213393,93.37080299579719,93.37080299579719,0.0,5986.971640670816,5380.931921406891,0.0,0.0,0.0,0.0,0.0,24999.884204067403,1,0,1499.9809547745617,1799.8010228348794,0.0,0.0,0.0,0.0,0.0,0.35,667.83231428256,-0.0,667.83231428256,26760.0,0.0
20.65,coast,0.0,0.0,11.54659970299327,-0.05113430543310926,11.63557436163141,12.378270597480224,34.34183540013667,34.34183540013667,0.0,5633.086286732435,5338.74131268249,0.0,0.0,0.0,0.0,0.0,24999.90420780209,1,0,1499.9897957337462,1799.8152192372027,0.0,0.0,0.0,0.0,0.0,0.35,667.83231428256,-0.0,667.83231428256,26760.0,0.0
20.7,coast,0.0,0.0,11.544040618367214,-0.05118169252110505,4.279543770592068,4.552706138927732,12.630888364775739,12.630888364775739,0.0,5547.4016749159,5312.462010389457,0.0,0.0,0.0,0.0,0.0,24999.909870201947,1,0,1499.993052244044,1799.8291264760542,0.0,0.0,0.0,0.0,0.0,0.35,667.83231428256,-0.0,667.83231428256,26760.0,0.0
20.75,coast,0.0,0.0,11.541480842601514,-0.05119551531400646,1.5740076448655649,1.6744762179420905,4.645618509109931,4.645618509109931,0.0,5503.874622924516,5292.859927712719,0.0,0.0,0.0,0.0,0.0,24999.911241233105,1,0,1499.9942524681253,1799.8422276774775,0.0,0.0,0.0,0.0,0.0,0.35,667.83231428256,-0.0,667.83231428256,26760.0,0.0
20.8,coast,0.0,0.0,11.538920993016697,-0.05119699169632952,0.5789167184492344,0.6158688494140792,1.708649201981725,1.708649201981725,0.0,5476.770882239893,5276.511028052473,0.0,0.0,0.0,0.0,0.0,24999.91193768855,1,0,1499.9945922121167,1799.8543889153889,0.0,0.0,0.0,0.0,0.0,0.35,667.83231428256,-0.0,667.83231428256,26760.0,0.0
20.85,coast,0.0,0.0,11.536361296652153,-0.05119392729088901,0.21292433455077522,0.2265152495221013,0.6284376014429379,0.6284376014429379,0.0,5456.558313656949,5261.952691972294,0.0,0.0,0.0,0.0,0.0,24999.91237135477,1,0,1499.9946744739862,1799.865602730146,0.0,0.0,0.0,0.0,0.0,0.35,667.83231428256,-0.0,667.83231428256,26760.0,0.0
20.9,coast,0.0,0.0,11.533801836970886,-0.05118919362534058,0.07831311184994286,0.08331182111696049,0.23113800971642995,0.23113800971642995,0.0,5439.702634998757,5248.822735143796,0.0,0.0,0.0,0.0,0.0,24999.91269475945,1,0,1499.994716261313,1799.8759205903668,0.0,0.0,0.0,0.0,0.0,0.35,667.83231428256,-0.0,667.83231428256,26760.0,0.0
20.95,coast,0.0,0.0,11.531242644617121,-0.05118384707529344,0.028803392905663312,0.030641907346450333,0.0850120623642454,0.0850120623642454,0.0,5424.69381227717,5236.919165007823,0.0,0.0,0.0,0.0,0.0,24999.912964452767,1,0,1499.994742281286,1799.8854108057124,0.0,0.0,0.0,0.0,0.0,0.35,667.83231428256,-0.0,667.83231428256,26760.0,0.0
21.0,coast,0.0,0.0,11.528683730804165,-0.05117827625912952,0.010593825215995435,0.011270026825527059,0.03126725239433707,0.03126725239433707,0.0,5411.157681151227,5226.035653995556,0.0,0.0,0.0,0.0,0.0,24999.913204595894,1,0,1499.9947616855668,1799.8941385684614,0.0,0.0,0.0,0.0,0.0,0.35,667.83231428256,-0.0,667.83231428256,26760.0,0.0
21.05,coast,0.0,0.0,11.5261250995971,-0.05117262414128021,0.003896385753922758,0.004145091227577402,0.011500027372986795,0.011500027372986795,0.0,5398.885917065042,5216.050541718285,0.0,0.0,0.0,0.0,0.0,24999.913421175683,1,0,1499.994777867166,1799.9021647002955,0.0,0.0,0.0,0.0,0.0,0.35,667.83231428256,-0.0,667.83231428256,26760.0,0.0
21.1,coast,0.0,0.0,11.523566752431353,-0.05116694331494642,0.0014330821259412696,0.0015245554531290104,0.00422968492609939,0.00422968492609939,0.0,5387.665779223888,5206.876946982043,0.0,0.0,0.0,0.0,0.0,24999.913617525424,1,0,1499.9947922757535,1799.909545447734,0.0,0.0,0.0,0.0,0.0,0.35,667.83231428256,-0.0,667.83231428256,26760.0,0.0
21.15,coast,0.0,0.0,11.521008689774972,-0.05116125312763842,0.000527084446605313,0.0005607281346865032,0.00155566882972348,0.00155566882972348,0.0,5377.371832966142,5198.444414536376,0.0,0.0,0.0,0.0,0.0,24999.913797048997,1,0,1499.9948052705408,1799.9163326630778,0.0,0.0,0.0,0.0,0.0,0.35,667.83231428256,-0.0,667.83231428256,26760.0,0.0
21.2,coast,0.0,0.0,11.51845091174014,-0.05115556069661409,0.00019386049269746962,0.00020623456669943577,0.0005721715660066359,0.0005721715660066359,0.0,5367.914505541946,5190.69111963883,0.0,0.0,0.0,0.0,0.0,24999.913961753384,1,0,1499.9948170515254,1799.9225740532522,0.0,0.0,0.0,0.0,0.0,0.35,667.83231428256,-0.0,667.83231428256,26760.0,0.0
21.25,coast,0.0,0.0,11.515893418308162,-0.05114986863958393,7.130145832736539e-05,7.585261524187808e-05,0.00021044343540758753,0.00021044343540758753,0.0,5359.221161797207,5183.561638057244,0.0,0.0,0.0,0.0,0.0,24999.91411307176,1,0,1499.99482782294,1799.9283134986429,0.0,0.0,0.0,0.0,0.0,0.35,667.83231428256,-0.0,667.83231428256,26760.0,0.0
21.3,coast,0.0,0.0,11.513336209412191,-0.0511441779194044,2.6224517248768043e-05,2.789842260507239e-05,7.740062779783478e-05,7.740062779783478e-05,0.0,5351.22806446217,5177.00561990312,0.0,0.0,0.0,0.0,0.0,24999.91425216631,1,0,1499.994837705203,1799.9335913620307,0.0,0.0,0.0,0.0,0.0,0.35,667.83231428256,-0.0,667.83231428256,26760.0,0.0
21.35,coast,0.0,0.0,11.510779284967706,-0.05113848888971262,9.645318681391363e-06,1.026097732062911e-05,2.8467778168441214e-05,2.8467778168441214e-05,0.0,5343.878074662592,5170.976879816157,0.0,0.0,0.0,0.0,0.0,24999.914380056824,1,0,1499.9948467843055,1799.9384447640894,0.0,0.0,0.0,0.0,0.0,0.35,667.83231428256,-0.0,667.83231428256,26760.0,0.0
21.4,coast,0.0,0.0,11.508222644883693,-0.05113280168025369,3.5475265109281556e-06,3.773964373327825e-06,1.0470385021050113e-05,1.0470385021050113e-05,0.0,5337.119285078133,5165.432989172933,0.0,0.0,0.0,0.0,0.0,24999.91449765754,1,0,1499.9948551299785,1799.9429078414444,0.0,0.0,0.0,0.0,0.0,0.35,667.83231428256,-0.0,667.83231428256,26760.0,0.0
21.45,coast,0.0,0.0,11.505666289066774,-0.05112711633838529,1.3047722373519648e-06,1.3880555716510265e-06,3.850984054416148e-06,3.850984054416148e-06,0.0,5330.904081818348,5160.334946773005,0.0,0.0,0.0,0.0,0.0,24999.914605798982,1,0,1499.9948628034094,1799.9470119856808,0.0,0.0,0.0,0.0,0.0,0.35,667.83231428256,-0.0,667.83231428256,26760.0,0.0
21.5,coast,0.0,0.0,11.503110217422723,-0.051121432881018336,4.798922697780689e-07,5.105236912532647e-07,1.4163832363785986e-06,1.4163832363785986e-06,0.0,5325.188723958577,5155.646894246506,0.0,0.0,0.0,0.0,0.0,24999.914705242976,1,0,1499.9948698594524,1799.9507860638182,0.0,0.0,0.0,0.0,0.0,0.35,667.83231428256,-0.0,667.83231428256,26760.0,0.0
21.55,coast,0.0,0.0,11.50055442985702,-0.05111575131405033,1.7650328411641944e-07,1.8776945118768025e-07,5.209425420951681e-07,5.209425420951681e-07,0.0,5319.933004016509,5151.3358588105275,0.0,0.0,0.0,0.0,0.0,24999.914796689383,1,0,1499.9948763479388,1799.954256621225,0.0,0.0,0.0,0.0,0.0,0.35,667.83231428256,-0.0,667.83231428256,26760.0,0.0
21.6,coast,0.0,0.0,11.49799892627505,-0.051110071639399735,6.491750440159169e-08,6.906117489531031e-08,1.9160148080375535e-07,1.9160148080375535e-07,0.0,5315.099954551361,5147.371519928688,0.0,0.0,0.0,0.0,0.0,24999.914880781525,1,0,1499.9948823145785,1799.957448068299,0.0,0.0,0.0,0.0,0.0,0.35,667.83231428256,-0.0,667.83231428256,26760.0,0.0
21.65,coast,0.0,0.0,11.495443706582195,-0.05110439385710208,2.3876509124696652e-08,2.5400541622017715e-08,7.047058662786766e-08,7.047058662786766e-08,0.0,5310.655582960638,5143.725995828268,0.0,0.0,0.0,0.0,0.0,24999.914958110894,1,0,1499.994887801363,1799.9603828521772,0.0,0.0,0.0,0.0,0.0,0.35,667.83231428256,-0.0,667.83231428256,26760.0,0.0
21.7,coast,0.0,0.0,11.492888770683846,-0.051098717966979734,8.78172503952878e-09,9.342260680349766e-09,2.5918920022467056e-08,2.5918920022467056e-08,0.0,5306.568630920691,5140.373647142234,0.0,0.0,0.0,0.0,0.0,24999.915029221367,1,0,1499.9948928468914,1799.9630816146473,0.0,0.0,0.0,0.0,0.0,0.35,667.83231428256,-0.0,667.83231428256,26760.0,0.0
21.75,coast,0.0,0.0,11.490334118485428,-0.051093043968357676,3.229898154798732e-09,3.436061866807162e-09,9.532919061581394e-09,9.532919061581394e-09,0.0,5302.8103543006855,5137.290896488231,0.0,0.0,0.0,0.0,0.0,24999.915094613083,1,0,1499.9948974866536,1799.9655633373518,0.0,0.0,0.0,0.0,0.0,0.35,667.83231428256,-0.0,667.83231428256,26760.0,0.0
21.8,coast,0.0,0.0,11.487779749892383,-0.051087371860916164,1.1879490402594672e-09,1.2637755747441141e-09,3.506185578374655e-09,3.506185578374655e-09,0.0,5299.354320731287,5134.456062610654,0.0,0.0,0.0,0.0,0.0,24999.915154745955,1,0,1499.994901753282,1799.9678454753184,0.0,0.0,0.0,0.0,0.0,0.35,667.83231428256,-0.0,667.83231428256,26760.0,0.0
21.85,coast,0.0,0.0,11.485225664810194,-0.05108170164376702,4.369248873243205e-10,4.6481370991948995e-10,1.2895669130041982e-09,1.2895669130041982e-09,0.0,5296.176223603328,5131.849207879127,0.0,0.0,0.0,0.0,0.0,24999.915210042902,1,0,1499.994905676785,1799.9699440797444,0.0,0.0,0.0,0.0,0.0,0.35,667.83231428256,-0.0,667.83231428256,26760.0,0.0
21.9,coast,0.0,0.0,11.482671863144372,-0.05107603331644839,1.6069995089864709e-10,1.7095739457302883e-10,4.742997039994796e-10,4.742997039994796e-10,0.0,5293.253711079989,5129.45199806522,0.0,0.0,0.0,0.0,0.0,24999.915260892834,1,0,1499.9949092847573,1799.9718739109082,0.0,0.0,0.0,0.0,0.0,0.35,667.83231428256,-0.0,667.83231428256,26760.0,0.0
21.95,coast,0.0,0.0,11.480118344800456,-0.05107036687832078,5.910506434558154e-11,6.287772802721441e-11,1.7444632099288657e-10,1.7444632099288657e-10,0.0,5290.5662288785015,5127.247573390157,0.0,0.0,0.0,0.0,0.0,24999.91530765338,1,0,1499.994912602574,1799.9736485419962,0.0,0.0,0.0,0.0,0.0,0.35,667.83231428256,-0.0,667.83231428256,26760.0,0.0
22.0,coast,0.0,0.0,11.477565109684024,-0.051064702328638134,2.1738703249287882e-11,2.312628005243392e-11,6.416094696654531e-11,6.416094696654531e-11,0.0,5288.094875709875,5125.2204299504,0.0,0.0,0.0,0.0,0.0,24999.915350653413,1,0,1499.99491565357,1799.975280454579,0.0,0.0,0.0,0.0,0.0,0.35,667.83231428256,-0.0,667.83231428256,26760.0,0.0
22.05,coast,0.0,0.0,11.475012157700673,-0.05105903966700964,7.995443579674574e-12,8.505791042206994e-12,2.3598244951463183e-11,2.3598244951463183e-11,0.0,5285.822270338198,5123.3563106762585,0.0,0.0,0.0,0.0,0.0,24999.915390195358,1,0,1499.9949184592028,1799.9767811264082,0.0,0.0,0.0,0.0,0.0,0.35,667.83231428256,-0.0,667.83231428256,26760.0,0.0
22.1,coast,0.0,0.0,11.472459488756046,-0.05105337889254713,2.9407051431445645e-12,3.128409726749537e-12,8.679378614496932e-12,8.679378614496932e-12,0.0,5283.732429338812,5121.642105060714,0.0,0.0,0.0,0.0,0.0,24999.915426557312,1,0,1499.9949210392047,1799.97816111215,0.0,0.0,0.0,0.0,0.0,0.35,667.83231428256,-0.0,667.83231428256,26760.0,0.0
22.15,coast,0.0,0.0,11.469907102755807,-0.051047720004788744,1.0815843346492858e-12,1.1506216326056233e-12,3.192254823213813e-12,3.192254823213813e-12,0.0,5281.81065468436,5120.065756951241,0.0,0.0,0.0,0.0,0.0,24999.915459995012,1,0,1499.9949234117214,1799.9794301176269,0.0,0.0,0.0,0.0,0.0,0.35,667.83231428256,-0.0,667.83231428256,26760.0,0.0
22.2,coast,0.0,0.0,11.467354999605654,-0.05104206300305947,3.9780412757258137e-13,4.231958803963632e-13,1.174103706740432e-12,1.174103706740432e-12,0.0,5280.043430372301,5118.616179759411,0.0,0.0,0.0,0.0,0.0,24999.915490743635,1,0,1499.9949255934387,1799.9805970680868,0.0,0.0,0.0,0.0,0.0,0.35,667.83231428256,-0.0,667.83231428256,26760.0,0.0
22.25,coast,0.0,0.0,11.46480317921132,-0.05103640788668429,1.4631140162941422e-13,1.556504272653343e-13,4.3183253101669714e-13,4.3183253101669714e-13,0.0,5278.418327364808,5117.2831784875225,0.0,0.0,0.0,0.0,0.0,24999.915519019432,1,0,1499.9949275997008,1799.981670170981,0.0,0.0,0.0,0.0,0.0,0.35,667.83231428256,-0.0,667.83231428256,26760.0,0.0
22.3,coast,0.0,0.0,11.462251641478566,-0.05103075465505924,5.381298038648347e-14,5.724785147498241e-14,1.5882696659727988e-13,1.5882696659727988e-13,0.0,5276.923916175876,5116.0573780262275,0.0,0.0,0.0,0.0,0.0,24999.915545021275,1,0,1499.994929444618,1799.9826569736929,0.0,0.0,0.0,0.0,0.0,0.35,667.83231428256,-0.0,667.83231428256,26760.0,0.0
22.35,coast,0.0,0.0,11.459700386313186,-0.05102510330761589,1.97922838125721e-14,2.1055621077204362e-14,5.841617497447185e-14,5.841617497447185e-14,0.0,5275.549686486309,5114.930157217896,0.0,0.0,0.0,0.0,0.0,24999.91556893203,1,0,1499.9949311411658,1799.9835644166255,0.0,0.0,0.0,0.0,0.0,0.35,667.83231428256,-0.0,667.83231428256,26760.0,0.0
22.4,coast,0.0,0.0,11.457149413621003,-0.0510194538436437,7.27955385405555e-15,7.74420622771867e-15,2.148532762980037e-14,2.148532762980037e-14,0.0,5274.285973223644,5113.893588224189,0.0,0.0,0.0,0.0,0.0,24999.915590919867,1,0,1499.9949327012764,1799.9843988820169,0.0,0.0,0.0,0.0,0.0,0.35,667.83231428256,-0.0,667.83231428256,26760.0,0.0
22.45,coast,0.0,0.0,11.454598723307875,-0.051013806262574235,2.677402137958879e-15,2.848300146764765e-15,7.902251252774152e-15,7.902251252774152e-15,0.0,5273.1238885861585,5112.940380768247,0.0,0.0,0.0,0.0,0.0,24999.915611139426,1,0,1499.9949341359218,1799.9851662388294,0.0,0.0,0.0,0.0,0.0,0.35,667.83231428256,-0.0,667.83231428256,26760.0,0.0
22.5,coast,0.0,0.0,11.452048315279685,-0.05100816056380353,9.847419462108614e-16,1.0475978151179378e-15,2.9064287211885357e-15,2.9064287211885357e-15,0.0,5272.055259535137,5112.063830862827,0.0,0.0,0.0,0.0,0.0,24999.915629732917,1,0,1499.994935455192,1799.9858718840296,0.0,0.0,0.0,0.0,0.0,0.35,667.83231428256,-0.0,667.83231428256,26760.0,0.0
22.55,coast,0.0,0.0,11.44949818944235,-0.051002516746692095,3.621856659898933e-16,3.8530389998924823e-16,1.0689773623652426e-15,1.0689773623652426e-15,0.0,5271.072570312517,5111.257773658102,0.0,0.0,0.0,0.0,0.0,24999.91564683111,1,0,1499.9949366683654,1799.9865207805503,0.0,0.0,0.0,0.0,0.0,0.35,667.83231428256,-0.0,667.83231428256,26760.0,0.0
22.6,coast,0.0,0.0,11.446948345701824,-0.05099687481052939,1.3321099388747441e-16,1.4171382328454726e-16,3.9316724488698797e-16,3.9316724488698797e-16,0.0,5270.168909583235,5110.516540086252,0.0,0.0,0.0,0.0,0.0,24999.915662554253,1,0,1499.994937783975,1799.9871174921936,0.0,0.0,0.0,0.0,0.0,0.35,667.83231428256,-0.0,667.83231428256,26760.0,0.0
22.65,coast,0.0,0.0,11.444398783964084,-0.05099123475478251,4.899467349500024e-17,5.212199307978749e-17,1.4460594212708904e-16,1.4460594212708904e-16,0.0,5269.3379218246555,5109.834916990178,0.0,0.0,0.0,0.0,0.0,24999.91567701293,1,0,1499.9949388098664,1799.9876662157321,0.0,0.0,0.0,0.0,0.0,0.35,667.83231428256,-0.0,667.83231428256,26760.0,0.0
22.7,coast,0.0,0.0,11.441849504135147,-0.05098559657874091,1.80201190675289e-17,1.9170339433541386e-17,5.318570722427295e-17,5.318570722427295e-17,0.0,5268.573762630202,5109.208110457216,0.0,0.0,0.0,0.0,0.0,24999.915690308833,1,0,1499.994939753255,1799.9881708104272,0.0,0.0,0.0,0.0,0.0,0.35,667.83231428256,-0.0,667.83231428256,26760.0,0.0
22.75,coast,0.0,0.0,11.439300506121054,-0.050979960281871683,6.62775481359484e-18,7.050802993186e-18,1.9561570850552433e-17,1.9561570850552433e-17,0.0,5267.871057604914,5108.631712104015,0.0,0.0,0.0,0.0,0.0,24999.91570253547,1,0,1499.9949406207757,1799.9886348251712,0.0,0.0,0.0,0.0,0.0,0.35,667.83231428256,-0.0,667.83231428256,26760.0,0.0
22.8,coast,0.0,0.0,11.436751789827875,-0.05097432586357087,2.4376716161920197e-18,2.593267676800021e-18,7.194696931822449e-18,7.194696931822449e-18,0.0,5267.224864565091,5108.101668073027,0.0,0.0,0.0,0.0,0.0,24999.91571377883,1,0,1499.9949414185298,1799.9890615234488,0.0,0.0,0.0,0.0,0.0,0.35,667.83231428256,-0.0,667.83231428256,26760.0,0.0
22.85,coast,0.0,0.0,11.434203355161722,-0.05096869332305687,8.96569491015324e-19,9.53797330867366e-19,2.646191506938797e-18,2.646191506938797e-18,0.0,5266.630638780391,5107.614250520435,0.0,0.0,0.0,0.0,0.0,24999.915724117996,1,0,1499.994942152128,1799.98945390629,0.0,0.0,0.0,0.0,0.0,0.35,667.83231428256,-0.0,667.83231428256,26760.0,0.0
22.9,coast,0.0,0.0,11.431655202028727,-0.05096306265990336,3.2975599615982774e-19,3.5080425123385933e-19,9.732625825177204e-19,9.732625825177204e-19,0.0,5266.084201011419,5107.166031397157,0.0,0.0,0.0,0.0,0.0,24999.91573362568,1,0,1499.9949428267298,1799.9898147333784,0.0,0.0,0.0,0.0,0.0,0.35,667.83231428256,-0.0,667.83231428256,26760.0,0.0
22.95,coast,0.0,0.0,11.429107330335059,-0.050957433873364266,1.2128342015979302e-19,1.290249150636096e-19,3.579635216672034e-19,3.579635216672034e-19,0.0,5265.581708115803,5106.753858341165,0.0,0.0,0.0,0.0,0.0,24999.915742368747,1,0,1499.9949434470798,1799.9901465424584,0.0,0.0,0.0,0.0,0.0,0.35,667.83231428256,-0.0,667.83231428256,26760.0,0.0
23.0,coast,0.0,0.0,11.426559739986919,-0.050951806962800106,4.4607733622807366e-20,4.7455035768944007e-20,1.3165807659552e-19,1.3165807659552e-19,0.0,5265.119626018263,5106.374832504703,0.0,0.0,0.0,0.0,0.0,24999.915750408694,1,0,1499.9949440175408,1799.9904516671877,0.0,0.0,0.0,0.0,0.0,0.35,667.83231428256,-0.0,667.83231428256,26760.0,0.0
23.05,coast,0.0,0.0,11.424012430890537,-0.05094618192764244,1.6406610618944464e-20,1.7453841083983473e-20,4.842350588667756e-20,4.842350588667756e-20,0.0,5264.694704857307,5106.02628816715,0.0,0.0,0.0,0.0,0.0,24999.91575780206,1,0,1499.9949445421248,1799.9907322535462,0.0,0.0,0.0,0.0,0.0,0.35,667.83231428256,-0.0,667.83231428256,26760.0,0.0
23.1,coast,0.0,0.0,11.421465402952172,-0.050940558767287314,6.034309376220648e-21,6.4194780598092006e-21,1.7810041922432116e-20,1.7810041922432116e-20,0.0,5264.303956126665,5105.705773986604,0.0,0.0,0.0,0.0,0.0,24999.91576460085,1,0,1499.9949450245217,1799.990990274933,0.0,0.0,0.0,0.0,0.0,0.35,667.83231428256,-0.0,667.83231428256,26760.0,0.0
23.15,coast,0.0,0.0,11.418918656078121,-0.05093493748102418,2.2194034819318976e-21,2.361067533970104e-21,6.5504878161318376e-21,6.5504878161318376e-21,0.0,5263.944631657601,5105.411035760891,0.0,0.0,0.0,0.0,0.0,24999.915770852876,1,0,1499.9949454681237,1799.9912275460429,0.0,0.0,0.0,0.0,0.0,0.35,667.83231428256,-0.0,667.83231428256,26760.0,0.0
23.2,coast,0.0,0.0,11.416372190174704,-0.050929318068355656,8.162908768602832e-22,8.683945498513651e-22,2.4092525856837795e-21,2.4092525856837795e-21,0.0,5263.614204290616,5105.1400005701435,0.0,0.0,0.0,0.0,0.0,24999.91577660211,1,0,1499.994945876051,1799.9914457356317,0.0,0.0,0.0,0.0,0.0,0.35,667.83231428256,-0.0,667.83231428256,26760.0,0.0
23.25,coast,0.0,0.0,11.413826005148273,-0.05092370052860673,3.002296717716655e-22,3.1939326784219736e-22,8.861168876034337e-22,8.861168876034337e-22,0.0,5263.310350103281,5104.890762202095,0.0,0.0,0.0,0.0,0.0,24999.915781888987,1,0,1499.9949462511725,1799.9916463782515,0.0,0.0,0.0,0.0,0.0,0.35,667.83231428256,-0.0,667.83231428256,26760.0,0.0
23.3,coast,0.0,0.0,11.411280100905222,-0.05091808486103133,1.1042369344320214e-22,1.1747201430127888e-22,3.2591149779816057e-22,3.2591149779816057e-22,0.0,5263.030932062361,5104.661567741952,0.0,0.0,0.0,0.0,0.0,24999.91578675069,1,0,1499.9949465961265,1799.9918308850445,0.0,0.0,0.0,0.0,0.0,0.35,667.83231428256,-0.0,667.83231428256,26760.0,0.0
23.35,coast,0.0,0.0,11.408734477351956,-0.05091247106530972,4.061354660612803e-23,4.320590064481706e-23,1.1986940234824377e-22,1.1986940234824377e-22,0.0,5262.77398499832,5104.450805246016,0.0,0.0,0.0,0.0,0.0,24999.91579122141,1,0,1499.9949469133392,1799.9920005536674,0.0,0.0,0.0,0.0,0.0,0.35,667.83231428256,-0.0,667.83231428256,26760.0,0.0
23.4,coast,0.0,0.0,11.406189134394934,-0.050906859140447125,1.4937556198286895e-23,1.5891017232220103e-23,4.408765371920108e-23,4.408765371920108e-23,0.0,5262.5377017804385,5104.256992404062,0.0,0.0,0.0,0.0,0.0,24999.915795332596,1,0,1499.9949472050414,1799.9921565774177,0.0,0.0,0.0,0.0,0.0,0.35,667.83231428256,-0.0,667.83231428256,26760.0,0.0
23.45,coast,0.0,0.0,11.403644071940628,-0.05090124908612381,5.4939939553709555e-24,5.8446744206074e-24,1.6215323706347045e-23,1.6215323706347045e-23,0.0,5262.320420609191,5104.07876611421,0.0,0.0,0.0,0.0,0.0,24999.915799113154,1,0,1499.9949474732846,1799.9923000536269,0.0,0.0,0.0,0.0,0.0,0.35,667.83231428256,-0.0,667.83231428256,26760.0,0.0
23.5,coast,0.0,0.0,11.401099289895548,-0.05089564090159371,2.0206765029536703e-24,2.1496558542060324e-24,5.963953490415714e-24,5.963953490415714e-24,0.0,5262.120613327957,5103.914872895707,0.0,0.0,0.0,0.0,0.0,24999.915802589676,1,0,1499.9949477199557,1799.9924319913778,0.0,0.0,0.0,0.0,0.0,0.35,667.83231428256,-0.0,667.83231428256,26760.0,0.0
23.55,coast,0.0,0.0,11.398554788166239,-0.0508900345861818,7.431994756203068e-25,7.906377400216031e-25,2.19352638184289e-24,2.19352638184289e-24,0.0,5261.936874675463,5103.764160074786,0.0,0.0,0.0,0.0,0.0,24999.91580578662,1,0,1499.9949479467891,1799.992553318602,0.0,0.0,0.0,0.0,0.0,0.35,667.83231428256,-0.0,667.83231428256,26760.0,0.0
23.6,coast,0.0,0.0,11.396010566659267,-0.05088443013942623,2.7334679540635696e-25,2.907944631982521e-25,8.067732041036766e-25,8.067732041036766e-25,0.0,5261.767912402032,5103.625567674025,0.0,0.0,0.0,0.0,0.0,24999.91580872646,1,0,1499.9949481553806,1799.992664888607,0.0,0.0,0.0,0.0,0.0,0.35,667.83231428256,-0.0,667.83231428256,26760.0,0.0
23.65,coast,0.0,0.0,11.39346662528124,-0.0508788275605454,1.0053622361822305e-25,1.0695342938108835e-25,2.967290440798491e-25,2.967290440798491e-25,0.0,5261.61253818284,5103.498120962742,0.0,0.0,0.0,0.0,0.0,24999.915811429873,1,0,1499.9949483471971,1799.9927674860744,0.0,0.0,0.0,0.0,0.0,0.35,667.83231428256,-0.0,667.83231428256,26760.0,0.0
23.7,coast,0.0,0.0,11.390922963938788,-0.05087322684904194,3.697695445542364e-26,3.9337185590876215e-26,1.0913615242968199e-25,1.0913615242968199e-25,0.0,5261.469659256405,5103.380923597397,0.0,0.0,0.0,0.0,0.0,24999.91581391588,1,0,1499.9949485235875,1799.9928618325837,0.0,0.0,0.0,0.0,0.0,0.35,667.83231428256,-0.0,667.83231428256,26760.0,0.0
23.75,coast,0.0,0.0,11.388379582538576,-0.05086762800424083,1.3600024718035755e-26,1.44681114021657e-26,4.0139985296812463e-26,4.0139985296812463e-26,0.0,5261.338270744592,5103.273151317943,0.0,0.0,0.0,0.0,0.0,24999.91581620196,1,0,1499.9949486857925,1799.992948591682,0.0,0.0,0.0,0.0,0.0,0.35,667.83231428256,-0.0,667.83231428256,26760.0,0.0
23.8,coast,0.0,0.0,11.385836480987303,-0.05086203102546705,5.0020525048964586e-27,5.321332452017509e-27,1.4763378981801733e-26,1.4763378981801733e-26,0.0,5261.21744858084,5103.174046153977,0.0,0.0,0.0,0.0,0.0,24999.91581830419,1,0,1499.9949488349528,1799.9930283735548,0.0,0.0,0.0,0.0,0.0,0.35,667.83231428256,-0.0,667.83231428256,26760.0,0.0
23.85,coast,0.0,0.0,11.383293659191692,-0.05085643591222322,1.83974140840615e-27,1.9571717110703726e-27,5.4299310734872544e-27,5.4299310734872544e-27,0.0,5261.1063430115555,5103.082911090817,0.0,0.0,0.0,0.0,0.0,24999.91582023736,1,0,1499.9949489721175,1799.9931017393155,0.0,0.0,0.0,0.0,0.0,0.35,667.83231428256,-0.0,667.83231428256,26760.0,0.0
23.9,coast,0.0,0.0,11.3807511170585,-0.05085084266383433,6.766519065654802e-28,7.198424537930641e-28,1.9971139908881352e-27,1.9971139908881352e-27,0.0,5261.004172623057,5102.999105167192,0.0,0.0,0.0,0.0,0.0,24999.91582201506,1,0,1499.9949490982515,1799.9931692049524,0.0,0.0,0.0,0.0,0.0,0.35,667.83231428256,-0.0,667.83231428256,26760.0,0.0
23.95,coast,0.0,0.0,11.378208854494515,-0.05084525127969641,2.4887073203727223e-28,2.6475609791199177e-28,7.345331161153715e-28,7.345331161153715e-28,0.0,5260.910218842691,5102.922038968896,0.0,0.0,0.0,0.0,0.0,24999.9158236498,1,0,1499.9949492142414,1799.9932312449578,0.0,0.0,0.0,0.0,0.0,0.35,667.83231428256,-0.0,667.83231428256,26760.0,0.0
24.0,coast,0.0,0.0,11.375666871406558,-0.05083966175913446,9.153397647325601e-29,9.73765707162298e-29,2.701592835836651e-28,2.701592835836651e-28,0.0,5260.823820884888,5102.851170483374,0.0,0.0,0.0,0.0,0.0,24999.91582515307,1,0,1499.9949493209035,1799.9932882956646,0.0,0.0,0.0,0.0,0.0,0.35,667.83231428256,-0.0,667.83231428256,26760.0,0.0
24.05,coast,0.0,0.0,11.373125167701478,-0.050834074101615556,3.3665946043987236e-29,3.58148362170077e-29,9.936384766962227e-29,9.936384766962227e-29,0.0,5260.744371105444,5102.78600128671,0.0,0.0,0.0,0.0,0.0,24999.91582653545,1,0,1499.994949418988,1799.9933407583155,0.0,0.0,0.0,0.0,0.0,0.35,667.83231428256,-0.0,667.83231428256,26760.0,0.0
24.1,coast,0.0,0.0,11.370583743286154,-0.05082848830646469,1.2382242506763821e-29,1.3172598411450874e-29,3.6545751241844593e-29,3.6545751241844593e-29,0.0,5260.671310727888,5102.7260730385115,0.0,0.0,0.0,0.0,0.0,24999.915827806653,1,0,1499.9949495091842,1799.9933890018851,0.0,0.0,0.0,0.0,0.0,0.35,667.83231428256,-0.0,667.83231428256,26760.0,0.0
24.15,coast,0.0,0.0,11.368042598067502,-0.05082290437304238,4.554154676257207e-30,4.844845400273624e-30,1.3441426950460075e-29,1.3441426950460075e-29,0.0,5260.604125912551,5102.670964257711,0.0,0.0,0.0,0.0,0.0,24999.91582897563,1,0,1499.9949495921269,1799.9934333656754,0.0,0.0,0.0,0.0,0.0,0.35,667.83231428256,-0.0,667.83231428256,26760.0,0.0
24.2,coast,0.0,0.0,11.36550173195246,-0.05081732230085123,1.6750054990046096e-30,1.7819207436219252e-30,4.9437197961975756e-30,4.9437197961975756e-30,0.0,5260.542344143025,5102.620287360699,0.0,0.0,0.0,0.0,0.0,24999.915830050595,1,0,1499.9949496683992,1799.9934741617005,0.0,0.0,0.0,0.0,0.0,0.35,667.83231428256,-0.0,667.83231428256,26760.0,0.0
24.25,coast,0.0,0.0,11.362961144847999,-0.05081174208921624,6.1606237598156276e-31,6.553855063633646e-31,1.8182864730835972e-30,1.8182864730835972e-30,0.0,5260.485530902246,5102.573685931318,0.0,0.0,0.0,0.0,0.0,24999.91583103911,1,0,1499.9949497385378,1799.9935116768822,0.0,0.0,0.0,0.0,0.0,0.35,667.83231428256,-0.0,667.83231428256,26760.0,0.0
24.3,coast,0.0,0.0,11.360420836661127,-0.05080616373742686,2.2658602713931673e-31,2.410489650418263e-31,6.687607207789436e-31,6.687607207789436e-31,0.0,5260.4332866190325,5102.5308322191095,0.0,0.0,0.0,0.0,0.0,24999.91583194813,1,0,1499.9949498030358,1799.9935461750686,0.0,0.0,0.0,0.0,0.0,0.35,667.83231428256,-0.0,667.83231428256,26760.0,0.0
24.35,coast,0.0,0.0,11.357880807298876,-0.050800587245021234,8.333770798395945e-32,8.865713615314835e-32,2.4596833167533297e-31,2.4596833167533297e-31,0.0,5260.385243853625,5102.491424829616,0.0,0.0,0.0,0.0,0.0,24999.915832784045,1,0,1499.9949498623466,1799.9935778988884,0.0,0.0,0.0,0.0,0.0,0.35,667.83231428256,-0.0,667.83231428256,26760.0,0.0
24.4,coast,0.0,0.0,11.355341056668312,-0.050795012611288826,3.0651375475480663e-32,3.2607846250511343e-32,9.046646546239628e-32,9.046646546239628e-32,0.0,5260.341064718568,5102.4551866069405,0.0,0.0,0.0,0.0,0.0,24999.91583355273,1,0,1499.9949499168877,1799.993607071458,0.0,0.0,0.0,0.0,0.0,0.35,667.83231428256,-0.0,667.83231428256,26760.0,0.0
24.45,coast,0.0,0.0,11.352801584676532,-0.050789439835590144,1.1273489724565396e-32,1.1993074175069571e-32,3.327331250052178e-32,3.327331250052178e-32,0.0,5260.300438497574,5102.421862685358,0.0,0.0,0.0,0.0,0.0,24999.915834259606,1,0,1499.9949499670427,1799.9936338979505,0.0,0.0,0.0,0.0,0.0,0.35,667.83231428256,-0.0,667.83231428256,26760.0,0.0
24.5,coast,0.0,0.0,11.350262391230663,-0.05078386891739228,4.14635772006206e-33,4.411018851129851e-33,1.2237830790887317e-32,1.2237830790887317e-32,0.0,5260.2630794625875,5102.391218694981,0.0,0.0,0.0,0.0,0.0,24999.91583490963,1,0,1499.9949500131638,1799.9936585670391,0.0,0.0,0.0,0.0,0.0,0.35,667.83231428256,-0.0,667.83231428256,26760.0,0.0
24.55,coast,0.0,0.0,11.34772347623786,-0.05077829985605575,1.5250186343970213e-33,1.6223602493585334e-33,4.5010396440100524e-33,4.5010396440100524e-33,0.0,5260.228724865139,5102.363039113537,0.0,0.0,0.0,0.0,0.0,24999.915835507378,1,0,1499.9949500555763,1799.9936812522235,0.0,0.0,0.0,0.0,0.0,0.35,667.83231428256,-0.0,667.83231428256,26760.0,0.0
24.6,coast,0.0,0.0,11.345184839605313,-0.050772732650941066,5.608975233160526e-34,5.966994928894177e-34,1.655469642202585e-33,1.655469642202585e-33,0.0,5260.197133086513,5102.337125752361,0.0,0.0,0.0,0.0,0.0,24999.915836057055,1,0,1499.9949500945777,1799.9937021130506,0.0,0.0,0.0,0.0,0.0,0.35,667.83231428256,-0.0,667.83231428256,26760.0,0.0
24.65,coast,0.0,0.0,11.342646481240237,-0.050767167301515315,2.062965110988294e-34,2.19464373509393e-34,6.088770335606303e-34,6.088770335606303e-34,0.0,5260.168081938545,5102.313296359822,0.0,0.0,0.0,0.0,0.0,24999.915836562526,1,0,1499.9949501304427,1799.9937212962366,0.0,0.0,0.0,0.0,0.0,0.35,667.83231428256,-0.0,667.83231428256,26760.0,0.0
24.7,coast,0.0,0.0,11.340108401049887,-0.0507616038069969,7.587526711425942e-35,8.071836927048874e-35,2.239432382748908e-34,2.239432382748908e-34,0.0,5260.141367102792,5102.291383342523,0.0,0.0,0.0,0.0,0.0,24999.91583702735,1,0,1499.9949501634233,1799.9937389366985,0.0,0.0,0.0,0.0,0.0,0.35,667.83231428256,-0.0,667.83231428256,26760.0,0.0
24.75,coast,0.0,0.0,11.337570598941538,-0.05075604216699503,2.790670565380135e-35,2.9687984738086546e-35,8.236568292907014e-35,8.236568292907014e-35,0.0,5260.116800690761,5102.271232583737,0.0,0.0,0.0,0.0,0.0,24999.91583745479,1,0,1499.9949501937515,1799.9937551585028,0.0,0.0,0.0,0.0,0.0,0.35,667.83231428256,-0.0,667.83231428256,26760.0,0.0
24.8,coast,0.0,0.0,11.335033074822503,-0.050750482380692574,1.0264006047928551e-35,1.0919155370136756e-35,3.0293861977639335e-35,3.0293861977639335e-35,0.0,5260.094209925557,5102.252702361605,0.0,0.0,0.0,0.0,0.0,24999.915837847857,1,0,1499.994950221641,1799.9937700757393,0.0,0.0,0.0,0.0,0.0,0.35,667.83231428256,-0.0,667.83231428256,26760.0,0.0
24.85,coast,0.0,0.0,11.332495828600125,-0.05074492444755663,3.77507179691952e-36,4.016033826510128e-36,1.114199527564975e-35,1.114199527564975e-35,0.0,5260.073435923777,5102.235662352281,0.0,0.0,0.0,0.0,0.0,24999.915838209312,1,0,1499.9949502472875,1799.993783793322,0.0,0.0,0.0,0.0,0.0,0.35,667.83231428256,-0.0,667.83231428256,26760.0,0.0
24.9,coast,0.0,0.0,11.32995886018177,-0.05073936836708981,1.3884604744786378e-36,1.477085611147487e-36,4.0979937005205394e-36,4.0979937005205394e-36,0.0,5260.05433258024,5102.219992711088,0.0,0.0,0.0,0.0,0.0,24999.915838541696,1,0,1499.9949502708714,1799.9937964077283,0.0,0.0,0.0,0.0,0.0,0.35,667.83231428256,-0.0,667.83231428256,26760.0,0.0
24.95,coast,0.0,0.0,11.327422169474849,-0.05073381413843947,5.106717285277679e-37,5.432677963061361e-37,1.5072302154566195e-36,1.5072302154566195e-36,0.0,5260.036765540317,5102.205583232267,0.0,0.0,0.0,0.0,0.0,24999.91583884735,1,0,1499.9949502925588,1799.9938080076756,0.0,0.0,0.0,0.0,0.0,0.35,667.83231428256,-0.0,667.83231428256,26760.0,0.0
25.0,coast,0.0,0.0,11.324885756386784,-0.050728261761285864,1.8782357325461664e-37,1.9981231197299644e-37,5.543548941899348e-37,5.543548941899348e-37,0.0,5260.020611252653,5102.192332572864,0.0,0.0,0.0,0.0,0.0,24999.91583912843,1,0,1499.9949503125017,1799.993818674748,0.0,0.0,0.0,0.0,0.0,0.35,667.83231428256,-0.0,667.83231428256,26760.0,0.0
25.05,coast,0.0,0.0,11.322349620825046,-0.05072271123477634,6.908096100786735e-38,7.349038405092272e-38,2.0389011425815964e-37,2.0389011425815964e-37,0.0,5260.005756102936,5102.180147539803,0.0,0.0,0.0,0.0,0.0,24999.915839386897,1,0,1499.994950330841,1799.9938284839673,0.0,0.0,0.0,0.0,0.0,0.35,667.83231428256,-0.0,667.83231428256,26760.0,0.0
25.1,coast,0.0,0.0,11.319813762697125,-0.05071716255841352,2.540777480024222e-38,2.702954765983215e-38,7.4990187807064e-38,7.4990187807064e-38,0.0,5259.992095613773,5102.168942434539,0.0,0.0,0.0,0.0,0.0,24999.91583962458,1,0,1499.9949503477058,1799.993837504323,0.0,0.0,0.0,0.0,0.0,0.35,667.83231428256,-0.0,667.83231428256,26760.0,0.0
25.15,coast,0.0,0.0,11.31727818191055,-0.05071161573148686,9.344904794645242e-39,9.941388079409833e-39,2.758117108146138e-38,2.758117108146138e-38,0.0,5259.979533709718,5102.158638452175,0.0,0.0,0.0,0.0,0.0,24999.91583984315,1,0,1499.9949503632138,1799.9938457992557,0.0,0.0,0.0,0.0,0.0,0.35,667.83231428256,-0.0,667.83231428256,26760.0,0.0
25.2,coast,0.0,0.0,11.314742878372874,-0.050706070753534505,3.437028392543062e-39,3.656413183556449e-39,1.0144273550418197e-38,1.0144273550418197e-38,0.0,5259.967982041654,5102.149163121573,0.0,0.0,0.0,0.0,0.0,24999.915840044145,1,0,1499.9949503774747,1799.9938534271048,0.0,0.0,0.0,0.0,0.0,0.35,667.83231428256,-0.0,667.83231428256,26760.0,0.0
25.25,coast,0.0,0.0,11.312207851991682,-0.050700527623845915,1.2641288624545067e-39,1.3448179387813901e-39,3.731033860771887e-39,3.731033860771887e-39,0.0,5259.957359367331,5102.140449803243,0.0,0.0,0.0,0.0,0.0,24999.915840228972,1,0,1499.9949503905889,1799.9938604415174,0.0,0.0,0.0,0.0,0.0,0.35,667.83231428256,-0.0,667.83231428256,26760.0,0.0
25.3,coast,0.0,0.0,11.309673102674589,-0.050694986341852655,4.649428393724638e-40,4.946200418855998e-40,1.3722632028381532e-39,1.3722632028381532e-39,0.0,5259.947590974146,5102.1324372155805,0.0,0.0,0.0,0.0,0.0,24999.915840398935,1,0,1499.9949504026486,1799.9938668918264,0.0,0.0,0.0,0.0,0.0,0.35,667.83231428256,-0.0,667.83231428256,26760.0,0.0
25.35,coast,0.0,0.0,11.307138630329238,-0.05068944690702182,1.7100459039187779e-40,1.8191977701263596e-40,5.0471432845469365e-40,5.0471432845469365e-40,0.0,5259.938608161518,5102.125069005424,0.0,0.0,0.0,0.0,0.0,24999.91584055523,1,0,1499.9949504137383,1799.9938728233976,0.0,0.0,0.0,0.0,0.0,0.35,667.83231428256,-0.0,667.83231428256,26760.0,0.0
25.4,coast,0.0,0.0,11.304604434863313,-0.05068390931850075,6.289497698772315e-41,6.690954998693952e-41,1.856324255230979e-40,1.856324255230979e-40,0.0,5259.93034775246,5102.118293351501,0.0,0.0,0.0,0.0,0.0,24999.915840698955,1,0,1499.994950423936,1799.993878277948,0.0,0.0,0.0,0.0,0.0,0.35,667.83231428256,-0.0,667.83231428256,26760.0,0.0
25.45,coast,0.0,0.0,11.30207051618452,-0.050678373575863134,2.313258386466247e-41,2.4609131770917524e-41,6.827505100708114e-41,6.827505100708114e-41,0.0,5259.922751650866,5102.112062599732,0.0,0.0,0.0,0.0,0.0,24999.915840831123,1,0,1499.9949504333138,1799.9938832938399,0.0,0.0,0.0,0.0,0.0,0.35,667.83231428256,-0.0,667.83231428256,26760.0,0.0
25.5,coast,0.0,0.0,11.299536874200593,-0.05067283967854053,8.50809473355892e-42,9.051164610169064e-42,2.511135894991584e-41,2.511135894991584e-41,0.0,5259.915766432685,5102.106332929232,0.0,0.0,0.0,0.0,0.0,24999.915840952664,1,0,1499.9949504419374,1799.9938879063502,0.0,0.0,0.0,0.0,0.0,0.35,667.83231428256,-0.0,667.83231428256,26760.0,0.0
25.55,coast,0.0,0.0,11.297003508819301,-0.05066730762582239,3.129251559347114e-42,3.328991020582037e-42,9.235882255274556e-42,9.235882255274556e-42,0.0,5259.909342969941,5102.101064042464,0.0,0.0,0.0,0.0,0.0,24999.915841064427,1,0,1499.9949504498672,1799.99389214792,0.0,0.0,0.0,0.0,0.0,0.35,667.83231428256,-0.0,667.83231428256,26760.0,0.0
25.6,coast,0.0,0.0,11.294470419948441,-0.05066177741721134,1.1509292474879534e-42,1.2243928164765462e-42,3.396929612838813e-42,3.396929612838813e-42,0.0,5259.903436086412,5102.096218882712,0.0,0.0,0.0,0.0,0.0,24999.915841167203,1,0,1499.9949504571598,1799.9938960483796,0.0,0.0,0.0,0.0,0.0,0.35,667.83231428256,-0.0,667.83231428256,26760.0,0.0
25.65,coast,0.0,0.0,11.291937607495846,-0.050656249051890256,4.233082810491549e-43,4.503279585629308e-43,1.2493804249760677e-42,1.2493804249760677e-42,0.0,5259.898004238199,5102.09176337432,0.0,0.0,0.0,0.0,0.0,24999.915841261714,1,0,1499.9949504638655,1799.993899635162,0.0,0.0,0.0,0.0,0.0,0.35,667.83231428256,-0.0,667.83231428256,26760.0,0.0
25.7,coast,0.0,0.0,11.289405071369373,-0.05065072252946834,1.5569149586875854e-43,1.6562925092421122e-43,4.595183250642151e-43,4.595183250642151e-43,0.0,5259.893009222458,5102.0876661801785,0.0,0.0,0.0,0.0,0.0,24999.915841348626,1,0,1499.994950470032,1799.993902933493,0.0,0.0,0.0,0.0,0.0,0.35,667.83231428256,-0.0,667.83231428256,26760.0,0.0
25.75,coast,0.0,0.0,11.286872811476911,-0.050645197849235046,5.726285628025088e-44,6.091793221303285e-44,1.6900943971858289e-43,1.6900943971858289e-43,0.0,5259.88841590961,5102.0838984851,0.0,0.0,0.0,0.0,0.0,24999.915841428545,1,0,1499.9949504757028,1799.9939059665703,0.0,0.0,0.0,0.0,0.0,0.35,667.83231428256,-0.0,667.83231428256,26760.0,0.0
25.8,coast,0.0,0.0,11.284340827726384,-0.05063967501055089,2.1061102961092217e-44,2.2405428682012997e-44,6.216115531942128e-44,6.216115531942128e-44,0.0,5259.884191993313,5102.08043379073,0.0,0.0,0.0,0.0,0.0,24999.91584150204,1,0,1499.9949504809174,1799.9939087557254,0.0,0.0,0.0,0.0,0.0,0.35,667.83231428256,-0.0,667.83231428256,26760.0,0.0
25.85,coast,0.0,0.0,11.281809120025734,-0.05063415401298954,7.746208891516518e-45,8.240647756932466e-45,2.2862682328584693e-44,2.2862682328584693e-44,0.0,5259.880307767161,5102.07724772943,0.0,0.0,0.0,0.0,0.0,24999.915841569622,1,0,1499.9949504857127,1799.9939113205749,0.0,0.0,0.0,0.0,0.0,0.35,667.83231428256,-0.0,667.83231428256,26760.0,0.0
25.9,coast,0.0,0.0,11.279277688282944,-0.05062863485580493,2.8490317316212015e-45,3.030884820873619e-45,8.408824241767823e-45,8.408824241767823e-45,0.0,5259.87673591323,5102.074317892627,0.0,0.0,0.0,0.0,0.0,24999.91584163177,1,0,1499.9949504901224,1799.9939136791577,0.0,0.0,0.0,0.0,0.0,0.35,667.83231428256,-0.0,667.83231428256,26760.0,0.0
25.95,coast,0.0,0.0,11.27674653240603,-0.05062311753828652,1.0478650539134455e-45,1.1147500573547293e-45,3.092739613136346e-45,3.092739613136346e-45,0.0,5259.873451310212,5102.071623675788,0.0,0.0,0.0,0.0,0.0,24999.91584168892,1,0,1499.9949504941774,1799.9939158480613,0.0,0.0,0.0,0.0,0.0,0.35,667.83231428256,-0.0,667.83231428256,26760.0,0.0
26.0,coast,0.0,0.0,11.27421565230303,-0.05061760206000798,3.854015139936719e-46,4.100016106315659e-46,1.137500058525234e-45,1.137500058525234e-45,0.0,5259.870430856459,5102.069146129344,0.0,0.0,0.0,0.0,0.0,24999.915841741473,1,0,1499.994950497906,1799.9939178425407,0.0,0.0,0.0,0.0,0.0,0.35,667.83231428256,-0.0,667.83231428256,26760.0,0.0
26.05,coast,0.0,0.0,11.271685047882011,-0.05061208842036535,1.4174947679176803e-46,1.5079731573592345e-46,4.1836899044037335e-46,4.1836899044037335e-46,0.0,5259.867653310164,5102.066867828207,0.0,0.0,0.0,0.0,0.0,24999.915841789803,1,0,1499.994950501335,1799.993919676623,0.0,0.0,0.0,0.0,0.0,0.35,667.83231428256,-0.0,667.83231428256,26760.0,0.0
26.1,coast,0.0,0.0,11.269154719051079,-0.05060657661864809,5.213501483609995e-47,5.546278174053186e-47,1.5387481197543208e-46,1.5387481197543208e-46,0.0,5259.865099135665,5102.064772750022,0.0,0.0,0.0,0.0,0.0,24999.91584183424,1,0,1499.9949505044883,1799.9939213632067,0.0,0.0,0.0,0.0,0.0,0.35,667.83231428256,-0.0,667.83231428256,26760.0,0.0
26.15,coast,0.0,0.0,11.266624665718366,-0.050601066654252236,1.9175095125465982e-47,2.0399037367517004e-47,5.659467524544067e-47,5.659467524544067e-47,0.0,5259.862750368934,5102.062846159132,0.0,0.0,0.0,0.0,0.0,24999.91584187511,1,0,1499.9949505073882,1799.9939229141548,0.0,0.0,0.0,0.0,0.0,0.35,667.83231428256,-0.0,667.83231428256,26760.0,0.0
26.2,coast,0.0,0.0,11.26409488779203,-0.050595558526715934,7.052539731414435e-48,7.50270184193025e-48,2.081534425256837e-47,2.081534425256837e-47,0.0,5259.860590492057,5102.061074506216,0.0,0.0,0.0,0.0,0.0,24999.91584191269,1,0,1499.9949505100544,1799.9939243403744,0.0,0.0,0.0,0.0,0.0,0.35,667.83231428256,-0.0,667.83231428256,26760.0,0.0
26.25,coast,0.0,0.0,11.261565385180269,-0.05059005223522206,2.5939018839979767e-48,2.75947008935955e-48,7.655818206051276e-48,7.655818206051276e-48,0.0,5259.858604313621,5102.059445330474,0.0,0.0,0.0,0.0,0.0,24999.915841947248,1,0,1499.9949505125066,1799.9939256518965,0.0,0.0,0.0,0.0,0.0,0.35,667.83231428256,-0.0,667.83231428256,26760.0,0.0
26.3,coast,0.0,0.0,11.259036157791298,-0.050584547779415345,9.540289123149615e-49,1.0149243748031507e-48,2.8157858054689286e-48,2.8157858054689286e-48,0.0,5259.856777865237,5102.057947174294,0.0,0.0,0.0,0.0,0.0,24999.91584197903,1,0,1499.9949505147613,1799.993926857945,0.0,0.0,0.0,0.0,0.0,0.35,667.83231428256,-0.0,667.83231428256,26760.0,0.0
26.35,coast,0.0,0.0,11.256507205533376,-0.05057904515844314,3.508888086670792e-49,3.7328596666710555e-49,1.0356371171460722e-48,1.0356371171460722e-48,0.0,5259.855098300703,5102.056569500505,0.0,0.0,0.0,0.0,0.0,24999.91584200825,1,0,1499.9949505168347,1799.9939279670025,0.0,0.0,0.0,0.0,0.0,0.35,667.83231428256,-0.0,667.83231428256,26760.0,0.0
26.4,coast,0.0,0.0,11.25397852831478,-0.050573544371914636,1.2905578778217253e-49,1.3729339125763036e-49,3.809040476194955e-49,3.809040476194955e-49,0.0,5259.853553808038,5102.055302620493,0.0,0.0,0.0,0.0,0.0,24999.915842035123,1,0,1499.9949505187417,1799.9939289868687,0.0,0.0,0.0,0.0,0.0,0.35,667.83231428256,-0.0,667.83231428256,26760.0,0.0
26.45,coast,0.0,0.0,11.251450126043828,-0.050568045419048246,4.746630703314437e-50,5.049607131185571e-50,1.4009529720166363e-49,1.4009529720166363e-49,0.0,5259.852133524164,5102.054137624128,0.0,0.0,0.0,0.0,0.0,24999.915842059836,1,0,1499.994950520495,1799.993929924717,0.0,0.0,0.0,0.0,0.0,0.35,667.83231428256,-0.0,667.83231428256,26760.0,0.0
26.5,coast,0.0,0.0,11.248921998628859,-0.050562548299382115,1.745795584548618e-50,1.8572293452644874e-50,5.152660337944461e-50,5.152660337944461e-50,0.0,5259.850827460808,5102.053066316598,0.0,0.0,0.0,0.0,0.0,24999.915842082562,1,0,1499.9949505221073,1799.9939307871425,0.0,0.0,0.0,0.0,0.0,0.35,667.83231428256,-0.0,667.83231428256,26760.0,0.0
26.55,coast,0.0,0.0,11.246394145978249,-0.0505570530122057,6.420980131246913e-51,6.830829926858418e-51,1.8951319849637628e-50,1.8951319849637628e-50,0.0,5259.849626432262,5102.052081164366,0.0,0.0,0.0,0.0,0.0,24999.91584210346,1,0,1499.9949505235902,1799.9939315802117,0.0,0.0,0.0,0.0,0.0,0.35,667.83231428256,-0.0,667.83231428256,26760.0,0.0
26.6,coast,0.0,0.0,11.243866568000396,-0.050551559557057146,2.3616158235346307e-51,2.5123572590793946e-51,6.970234619243284e-51,6.970234619243284e-51,0.0,5259.848521990252,5102.051175238932,0.0,0.0,0.0,0.0,0.0,24999.915842122675,1,0,1499.9949505249538,1799.9939323095016,0.0,0.0,0.0,0.0,0.0,0.35,667.83231428256,-0.0,667.83231428256,26760.0,0.0
26.65,coast,0.0,0.0,11.241339264603738,-0.05054606793315486,8.6859467534907e-52,9.240368886692235e-52,2.5636298562034635e-51,2.5636298562034635e-51,0.0,5259.847506368238,5102.05034216913,0.0,0.0,0.0,0.0,0.0,24999.915842140344,1,0,1499.9949505262075,1799.9939329801414,0.0,0.0,0.0,0.0,0.0,0.35,667.83231428256,-0.0,667.83231428256,26760.0,0.0
26.7,coast,0.0,0.0,11.238812235696736,-0.050540578140036985,3.1946630897382545e-52,3.398577755040696e-52,9.428947843563506e-52,9.428947843563506e-52,0.0,5259.8465724234275,5102.049576094792,0.0,0.0,0.0,0.0,0.0,24999.915842156595,1,0,1499.9949505273605,1799.993933596848,0.0,0.0,0.0,0.0,0.0,0.35,667.83231428256,-0.0,667.83231428256,26760.0,0.0
26.75,coast,0.0,0.0,11.236285481187883,-0.050535090177064035,1.1749867090063344e-52,1.2499858606450367e-52,3.467936484735404e-52,3.467936484735404e-52,0.0,5259.845713587602,5102.048871628736,0.0,0.0,0.0,0.0,0.0,24999.91584217154,1,0,1499.9949505284205,1799.9939341639586,0.0,0.0,0.0,0.0,0.0,0.35,667.83231428256,-0.0,667.83231428256,26760.0,0.0
26.8,coast,0.0,0.0,11.233759000985703,-0.05052960404359652,4.321562842456784e-53,4.597407279209345e-53,1.2754957761684049e-52,1.2754957761684049e-52,0.0,5259.844923819345,5102.048223815987,0.0,0.0,0.0,0.0,0.0,24999.91584218528,1,0,1499.9949505293957,1799.9939346854615,0.0,0.0,0.0,0.0,0.0,0.35,667.83231428256,-0.0,667.83231428256,26760.0,0.0
26.85,coast,0.0,0.0,11.231232794998748,-0.050524119739101536,1.5894566951299387e-53,1.6909113777978072e-53,4.691231917560556e-53,4.691231917560556e-53,0.0,5259.844197564853,5102.047628101491,0.0,0.0,0.0,0.0,0.0,24999.91584219792,1,0,1499.9949505302923,1799.993935165025,0.0,0.0,0.0,0.0,0.0,0.35,667.83231428256,-0.0,667.83231428256,26760.0,0.0
26.9,coast,0.0,0.0,11.228706863135601,-0.05051863726293959,5.845969645072363e-54,6.219116643694003e-54,1.7254197732630685e-53,1.7254197732630685e-53,0.0,5259.843529715897,5102.047080294298,0.0,0.0,0.0,0.0,0.0,24999.91584220954,1,0,1499.9949505311167,1799.993935606022,0.0,0.0,0.0,0.0,0.0,0.35,667.83231428256,-0.0,667.83231428256,26760.0,0.0
26.95,coast,0.0,0.0,11.226181205304876,-0.05051315661450673,2.1501284244877464e-54,2.2873706643486665e-54,6.346037391524493e-54,6.346037391524493e-54,0.0,5259.8429155765425,5102.0465765420095,0.0,0.0,0.0,0.0,0.0,24999.915842220224,1,0,1499.994950531875,1799.9939360115536,0.0,0.0,0.0,0.0,0.0,0.35,667.83231428256,-0.0,667.83231428256,26760.0,0.0
27.0,coast,0.0,0.0,11.223655821415218,-0.05050767779316345,7.908101480921275e-55,8.412873915873698e-55,2.3340516983149658e-54,2.3340516983149658e-54,0.0,5259.842350826217,5102.046113301676,0.0,0.0,0.0,0.0,0.0,24999.91584223005,1,0,1499.9949505325724,1799.9939363844721,0.0,0.0,0.0,0.0,0.0,0.35,667.83231428256,-0.0,667.83231428256,26760.0,0.0
27.05,coast,0.0,0.0,11.221130711375297,-0.05050220079841239,2.9085735848239676e-55,3.094227217897838e-55,8.584565220279284e-55,8.584565220279284e-55,0.0,5259.841831493368,5102.045687315845,0.0,0.0,0.0,0.0,0.0,24999.915842239086,1,0,1499.9949505332133,1799.9939367274,0.0,0.0,0.0,0.0,0.0,0.35,667.83231428256,-0.0,667.83231428256,26760.0,0.0
27.1,coast,0.0,0.0,11.21860587509382,-0.05049672562954299,1.0697637223079909e-55,1.1380465130936073e-55,3.1573747121406505e-55,3.1573747121406505e-55,0.0,5259.84135392547,5102.0452955878145,0.0,0.0,0.0,0.0,0.0,24999.915842247396,1,0,1499.994950533803,1799.9939370427498,0.0,0.0,0.0,0.0,0.0,0.35,667.83231428256,-0.0,667.83231428256,26760.0,0.0
27.15,coast,0.0,0.0,11.216081312479515,-0.05049125228609341,3.934555403818235e-56,4.185697238104506e-56,1.161271952136334e-55,1.161271952136334e-55,0.0,5259.840914764319,5102.044935362614,0.0,0.0,0.0,0.0,0.0,24999.915842255035,1,0,1499.9949505343452,1799.993937332739,0.0,0.0,0.0,0.0,0.0,0.35,667.83231428256,-0.0,667.83231428256,26760.0,0.0
27.2,coast,0.0,0.0,11.213557023441151,-0.05048578076728205,1.447116358194206e-56,1.5394854874406448e-56,4.271119630718884e-56,4.271119630718884e-56,0.0,5259.84051092053,5102.044604107221,0.0,0.0,0.0,0.0,0.0,24999.915842262064,1,0,1499.9949505348436,1799.993937599407,0.0,0.0,0.0,0.0,0.0,0.35,667.83231428256,-0.0,667.83231428256,26760.0,0.0
27.25,coast,0.0,0.0,11.211033007887513,-0.050480311072753636,5.322445573257085e-57,5.662176141762857e-57,1.5709035586129028e-56,1.5709035586129028e-56,0.0,5259.84013955392,5102.044299491149,0.0,0.0,0.0,0.0,0.0,24999.915842268525,1,0,1499.994950535302,1799.9939378446293,0.0,0.0,0.0,0.0,0.0,0.35,667.83231428256,-0.0,667.83231428256,26760.0,0.0
27.3,coast,0.0,0.0,11.20850926572743,-0.05047484320165552,1.9575776319437936e-57,2.082529395684887e-57,5.777730756900874e-57,5.777730756900874e-57,0.0,5259.839798053126,5102.044019372794,0.0,0.0,0.0,0.0,0.0,24999.915842274466,1,0,1499.9949505357238,1799.9939380701308,0.0,0.0,0.0,0.0,0.0,0.35,667.83231428256,-0.0,667.83231428256,26760.0,0.0
27.35,coast,0.0,0.0,11.205985796869754,-0.05046937715352584,7.199904689738199e-58,7.659473074189573e-58,2.1250299955968235e-57,2.1250299955968235e-57,0.0,5259.839484015583,5102.0437617818025,0.0,0.0,0.0,0.0,0.0,24999.91584227993,1,0,1499.9949505361114,1799.9939382774971,0.0,0.0,0.0,0.0,0.0,0.35,667.83231428256,-0.0,667.83231428256,26760.0,0.0
27.4,coast,0.0,0.0,11.203462601223368,-0.05046391292772512,2.6481006593207938e-58,2.817128360979568e-58,7.81578885121385e-58,7.81578885121385e-58,0.0,5259.839195233443,5102.043524906611,0.0,0.0,0.0,0.0,0.0,24999.915842284954,1,0,1499.994950536468,1799.993938468187,0.0,0.0,0.0,0.0,0.0,0.35,667.83231428256,-0.0,667.83231428256,26760.0,0.0
27.45,coast,0.0,0.0,11.200939678697182,-0.050458450523720444,9.73962464724925e-59,1.0361302816222606e-58,2.8746207765097635e-58,2.8746207765097635e-58,0.0,5259.838929675418,5102.043307080775,0.0,0.0,0.0,0.0,0.0,24999.915842289574,1,0,1499.9949505367958,1799.9939386435417,0.0,0.0,0.0,0.0,0.0,0.35,667.83231428256,-0.0,667.83231428256,26760.0,0.0
27.5,coast,0.0,0.0,11.19841702920014,-0.0504529899408368,3.582200904573635e-59,3.810852026142165e-59,1.0572757975737353e-58,1.0572757975737353e-58,0.0,5259.838685473912,5102.043106772681,0.0,0.0,0.0,0.0,0.0,24999.915842293824,1,0,1499.994950537097,1799.993938804794,0.0,0.0,0.0,0.0,0.0,0.35,667.83231428256,-0.0,667.83231428256,26760.0,0.0
27.55,coast,0.0,0.0,11.19589465264121,-0.05044753117861234,1.3175213057490233e-59,1.4016184103713014e-59,3.888624516471597e-59,3.888624516471597e-59,0.0,5259.838460910938,5102.0429225730695,0.0,0.0,0.0,0.0,0.0,24999.91584229773,1,0,1499.9949505373745,1799.9939389530787,0.0,0.0,0.0,0.0,0.0,0.35,667.83231428256,-0.0,667.83231428256,26760.0,0.0
27.6,coast,0.0,0.0,11.193372548929396,-0.050442074236265455,4.8457984116448073e-60,5.155104693239156e-60,1.430222867725818e-59,1.430222867725818e-59,0.0,5259.838254407515,5102.042753187512,0.0,0.0,0.0,0.0,0.0,24999.915842301325,1,0,1499.9949505376294,1799.9939390894378,0.0,0.0,0.0,0.0,0.0,0.35,667.83231428256,-0.0,667.83231428256,26760.0,0.0
27.65,coast,0.0,0.0,11.190850717973731,-0.050436619113298775,1.7822680760214127e-60,1.896029868107886e-60,5.260310911468527e-60,5.260310911468527e-60,0.0,5259.838064510791,5102.042597423742,0.0,0.0,0.0,0.0,0.0,24999.91584230463,1,0,1499.9949505378638,1799.993939214831,0.0,0.0,0.0,0.0,0.0,0.35,667.83231428256,-0.0,667.83231428256,26760.0,0.0
27.7,coast,0.0,0.0,11.188329159683278,-0.05043116580907281,6.555120830800541e-61,6.973532798723981e-61,1.9347243552121287e-60,1.9347243552121287e-60,0.0,5259.837889886306,5102.042454187097,0.0,0.0,0.0,0.0,0.0,24999.915842307666,1,0,1499.9949505380794,1799.9939393301397,0.0,0.0,0.0,0.0,0.0,0.35,667.83231428256,-0.0,667.83231428256,26760.0,0.0
27.75,coast,0.0,0.0,11.185807873967125,-0.05042571432305465,2.4109508861355e-61,2.5648413682292555e-61,7.115849794616308e-61,7.115849794616308e-61,0.0,5259.837729304917,5102.042322469041,0.0,0.0,0.0,0.0,0.0,24999.91584231046,1,0,1499.9949505382776,1799.9939394361754,0.0,0.0,0.0,0.0,0.0,0.35,667.83231428256,-0.0,667.83231428256,26760.0,0.0
27.8,coast,0.0,0.0,11.183286860734393,-0.050420264654640334,8.867394166903176e-62,9.433398049896997e-62,2.6171850696216892e-61,2.6171850696216892e-61,0.0,5259.837581638105,5102.042201344587,0.0,0.0,0.0,0.0,0.0,24999.915842313032,1,0,1499.99495053846,1799.9939395336835,0.0,0.0,0.0,0.0,0.0,0.35,667.83231428256,-0.0,667.83231428256,26760.0,0.0
27.85,coast,0.0,0.0,11.180766119894235,-0.05041481680315485,3.261396890560684e-62,3.4695711601709407e-62,9.625916377445915e-62,9.625916377445915e-62,0.0,5259.837445846141,5102.042089960614,0.0,0.0,0.0,0.0,0.0,24999.915842315393,1,0,1499.9949505386276,1799.9939396233501,0.0,0.0,0.0,0.0,0.0,0.35,667.83231428256,-0.0,667.83231428256,26760.0,0.0
27.9,coast,0.0,0.0,11.178245651355828,-0.05040937076813634,1.1995304591538021e-62,1.2760962331423427e-62,3.5403787348683064e-62,3.5403787348683064e-62,0.0,5259.837320975426,5102.041987534092,0.0,0.0,0.0,0.0,0.0,24999.915842317565,1,0,1499.994950538782,1799.9939397058056,0.0,0.0,0.0,0.0,0.0,0.35,667.83231428256,-0.0,667.83231428256,26760.0,0.0
27.95,coast,0.0,0.0,11.175725455028385,-0.05040392654887427,4.411831287805804e-63,4.693437540218941e-63,1.3021390134105539e-62,1.3021390134105539e-62,0.0,5259.837206146458,5102.041893345145,0.0,0.0,0.0,0.0,0.0,24999.915842319562,1,0,1499.9949505389236,1799.99393978163,0.0,0.0,0.0,0.0,0.0,0.35,667.83231428256,-0.0,667.83231428256,26760.0,0.0
28.0,coast,0.0,0.0,11.173205530821143,-0.05039848414483572,1.6226561525239875e-63,1.7262299494936037e-63,4.7892219798152456e-63,4.7892219798152456e-63,0.0,5259.837100551984,5102.041806730523,0.0,0.0,0.0,0.0,0.0,24999.9158423214,1,0,1499.994950539054,1799.9939398513568,0.0,0.0,0.0,0.0,0.0,0.35,667.83231428256,-0.0,667.83231428256,26760.0,0.0
28.05,coast,0.0,0.0,11.170685878643376,-0.050393043555345685,5.9680725481714435e-64,6.349013349118558e-64,1.7614591321363303e-63,1.7614591321363303e-63,0.0,5259.837003449866,5102.04172708142,0.0,0.0,0.0,0.0,0.0,24999.91584232309,1,0,1499.9949505391737,1799.9939399154757,0.0,0.0,0.0,0.0,0.0,0.35,667.83231428256,-0.0,667.83231428256,26760.0,0.0
28.1,coast,0.0,0.0,11.168166498404377,-0.050387604779977835,2.195036141268685e-64,2.335144831136899e-64,6.478585050120977e-64,6.478585050120977e-64,0.0,5259.836914156341,5102.0416538377385,0.0,0.0,0.0,0.0,0.0,24999.915842324644,1,0,1499.994950539284,1799.9939399744385,0.0,0.0,0.0,0.0,0.0,0.35,667.83231428256,-0.0,667.83231428256,26760.0,0.0
28.15,coast,0.0,0.0,11.165647390013477,-0.0503821678179861,8.07326568978735e-65,8.588580521050373e-65,2.3828008480988768e-64,2.3828008480988768e-64,0.0,5259.836832043769,5102.041586484713,0.0,0.0,0.0,0.0,0.0,24999.915842326074,1,0,1499.9949505393854,1799.9939400286594,0.0,0.0,0.0,0.0,0.0,0.35,667.83231428256,-0.0,667.83231428256,26760.0,0.0
28.2,coast,0.0,0.0,11.163128553380039,-0.05037673266876652,2.9693186341443993e-65,3.158849610791914e-65,8.763857674541197e-65,8.763857674541197e-65,0.0,5259.836756534734,5102.041524547972,0.0,0.0,0.0,0.0,0.0,24999.915842327388,1,0,1499.9949505394786,1799.9939400785197,0.0,0.0,0.0,0.0,0.0,0.35,667.83231428256,-0.0,667.83231428256,26760.0,0.0
28.25,coast,0.0,0.0,11.160609988413444,-0.05037129933189277,1.092104887395476e-65,1.1618137099951873e-65,3.2233159293795044e-65,3.2233159293795044e-65,0.0,5259.8366870985465,5102.041467591948,0.0,0.0,0.0,0.0,0.0,24999.915842328595,1,0,1499.9949505395643,1799.9939401243703,0.0,0.0,0.0,0.0,0.0,0.35,667.83231428256,-0.0,667.83231428256,26760.0,0.0
28.3,coast,0.0,0.0,11.158091695023113,-0.05036586780661878,4.0167230275800483e-66,4.273109603808562e-66,1.1855241938726402e-65,1.1855241938726402e-65,0.0,5259.836623246163,5102.04141521671,0.0,0.0,0.0,0.0,0.0,24999.915842329705,1,0,1499.9949505396432,1799.9939401665335,0.0,0.0,0.0,0.0,0.0,0.35,667.83231428256,-0.0,667.83231428256,26760.0,0.0
28.35,coast,0.0,0.0,11.155573673118493,-0.05036043809241164,1.4773364388163651e-66,1.571634509379112e-66,4.3603159222536346e-66,4.3603159222536346e-66,0.0,5259.836564528546,5102.0413670540065,0.0,0.0,0.0,0.0,0.0,24999.915842330727,1,0,1499.9949505397158,1799.993940205306,0.0,0.0,0.0,0.0,0.0,0.35,667.83231428256,-0.0,667.83231428256,26760.0,0.0
28.4,coast,0.0,0.0,11.153055922609061,-0.050355010188631866,5.433590716721665e-67,5.780415656086878e-67,1.6037086830399103e-66,1.6037086830399103e-66,0.0,5259.836510533394,5102.041322764292,0.0,0.0,0.0,0.0,0.0,24999.915842331666,1,0,1499.9949505397822,1799.9939402409602,0.0,0.0,0.0,0.0,0.0,0.35,667.83231428256,-0.0,667.83231428256,26760.0,0.0
28.45,coast,0.0,0.0,11.150538443404322,-0.050349584094782074,1.9984552276490543e-67,2.1260161996266536e-67,5.89838332253763e-67,5.89838332253763e-67,0.0,5259.836460881065,5102.04128203594,0.0,0.0,0.0,0.0,0.0,24999.91584233253,1,0,1499.9949505398436,1799.993940273747,0.0,0.0,0.0,0.0,0.0,0.35,667.83231428256,-0.0,667.83231428256,26760.0,0.0
28.5,coast,0.0,0.0,11.148021235413816,-0.050344159810116196,7.350246639538819e-68,7.819411318658319e-68,2.16940428533332e-67,2.16940428533332e-67,0.0,5259.836415221515,5102.041244583252,0.0,0.0,0.0,0.0,0.0,24999.915842333325,1,0,1499.9949505399,1799.9939403038973,0.0,0.0,0.0,0.0,0.0,0.35,667.83231428256,-0.0,667.83231428256,26760.0,0.0
28.55,coast,0.0,0.0,11.145504298547104,-0.05033873733424343,2.7033942755323987e-68,2.8759513569493607e-68,7.97899114148808e-68,7.97899114148808e-68,0.0,5259.836373233475,5102.04121014311,0.0,0.0,0.0,0.0,0.0,24999.915842334056,1,0,1499.9949505399518,1799.9939403316225,0.0,0.0,0.0,0.0,0.0,0.35,667.83231428256,-0.0,667.83231428256,26760.0,0.0
28.6,coast,0.0,0.0,11.14298763271378,-0.05033331666648877,9.94298664066682e-69,1.0577645362411512e-68,2.934644241785062e-68,2.934644241785062e-68,0.0,5259.836334622412,5102.041178471793,0.0,0.0,0.0,0.0,0.0,24999.91584233473,1,0,1499.9949505399995,1799.9939403571184,0.0,0.0,0.0,0.0,0.0,0.35,667.83231428256,-0.0,667.83231428256,26760.0,0.0
28.65,coast,0.0,0.0,11.14047123782347,-0.05032789780621272,3.656994527052586e-69,3.890419709630411e-69,1.0793515675930114e-68,1.0793515675930114e-68,0.0,5259.836299117072,5102.041149347952,0.0,0.0,0.0,0.0,0.0,24999.915842335344,1,0,1499.9949505400432,1799.993940380564,0.0,0.0,0.0,0.0,0.0,0.35,667.83231428256,-0.0,667.83231428256,26760.0,0.0
28.7,coast,0.0,0.0,11.137955113785829,-0.050322480752811316,1.3450293254412066e-69,1.4308822611076668e-69,3.9698160302351133e-69,3.9698160302351133e-69,0.0,5259.836266466191,5102.041122565884,0.0,0.0,0.0,0.0,0.0,24999.915842335915,1,0,1499.9949505400837,1799.993940402124,0.0,0.0,0.0,0.0,0.0,0.35,667.83231428256,-0.0,667.83231428256,26760.0,0.0
28.75,coast,0.0,0.0,11.135439260510537,-0.05031706550582271,4.946968951229503e-70,5.262732926839897e-70,1.4600839399057825e-69,1.4600839399057825e-69,0.0,5259.83623644158,5102.041097938092,0.0,0.0,0.0,0.0,0.0,24999.915842336435,1,0,1499.9949505401205,1799.99394042195,0.0,0.0,0.0,0.0,0.0,0.35,667.83231428256,-0.0,667.83231428256,26760.0,0.0
28.8,coast,0.0,0.0,11.132923677907314,-0.050311652064465306,1.8194771435862382e-70,1.9356139825385514e-70,5.370135639632548e-70,5.370135639632548e-70,0.0,5259.836208831167,5102.041075290749,0.0,0.0,0.0,0.0,0.0,24999.915842336915,1,0,1499.9949505401548,1799.9939404401814,0.0,0.0,0.0,0.0,0.0,0.35,667.83231428256,-0.0,667.83231428256,26760.0,0.0
28.85,coast,0.0,0.0,11.130408365885897,-0.0503062404283483,6.691970417078365e-71,7.119117464976985e-71,1.9751163087128077e-70,1.9751163087128077e-70,0.0,5259.836183441663,5102.0410544648685,0.0,0.0,0.0,0.0,0.0,24999.91584233736,1,0,1499.994950540186,1799.993940456947,0.0,0.0,0.0,0.0,0.0,0.35,667.83231428256,-0.0,667.83231428256,26760.0,0.0
28.9,coast,0.0,0.0,11.12789332435606,-0.05030083059672563,2.461282188883915e-71,2.618385307323314e-71,7.264405576507127e-71,7.264405576507127e-71,0.0,5259.83616009386,5102.041035313155,0.0,0.0,0.0,0.0,0.0,24999.915842337763,1,0,1499.9949505402149,1799.9939404723643,0.0,0.0,0.0,0.0,0.0,0.35,667.83231428256,-0.0,667.83231428256,26760.0,0.0
28.95,coast,0.0,0.0,11.125378553227602,-0.05029542256917097,9.052505426241133e-72,9.63032492153312e-72,2.671821742166647e-71,2.671821742166647e-71,0.0,5259.836138623856,5102.041017701963,0.0,0.0,0.0,0.0,0.0,24999.915842338138,1,0,1499.9949505402415,1799.9939404865418,0.0,0.0,0.0,0.0,0.0,0.35,667.83231428256,-0.0,667.83231428256,26760.0,0.0
29.0,coast,0.0,0.0,11.122864052410355,-0.05029001634493824,3.329478134167112e-72,3.541998015071396e-72,9.826862164829715e-72,9.826862164829715e-72,0.0,5259.836118879798,5102.041001507159,0.0,0.0,0.0,0.0,0.0,24999.915842338483,1,0,1499.9949505402658,1799.993940499579,0.0,0.0,0.0,0.0,0.0,0.35,667.83231428256,-0.0,667.83231428256,26760.0,0.0
29.05,coast,0.0,0.0,11.120349821814179,-0.050284611923530065,1.2245697546816137e-72,1.302733781576185e-72,3.6142836888483636e-72,3.6142836888483636e-72,0.0,5259.83610072391,5102.040986614901,0.0,0.0,0.0,0.0,0.0,24999.915842338796,1,0,1499.9949505402883,1799.9939405115674,0.0,0.0,0.0,0.0,0.0,0.35,667.83231428256,-0.0,667.83231428256,26760.0,0.0
29.1,coast,0.0,0.0,11.117835861348961,-0.05027920930434249,4.5039221868339776e-73,4.7914065817382744e-73,1.3293201852818214e-72,1.3293201852818214e-72,0.0,5259.836084028217,5102.040972920255,0.0,0.0,0.0,0.0,0.0,24999.915842339087,1,0,1499.994950540309,1799.993940522592,0.0,0.0,0.0,0.0,0.0,0.35,667.83231428256,-0.0,667.83231428256,26760.0,0.0
29.15,coast,0.0,0.0,11.115322170924623,-0.05027380848677154,1.6565258486691007e-73,1.7622615411373413e-73,4.889190389528851e-73,4.889190389528851e-73,0.0,5259.836068675355,5102.040960326804,0.0,0.0,0.0,0.0,0.0,24999.915842339356,1,0,1499.9949505403276,1799.9939405327302,0.0,0.0,0.0,0.0,0.0,0.35,667.83231428256,-0.0,667.83231428256,26760.0,0.0
29.2,coast,0.0,0.0,11.112808750451109,-0.050268409470284325,6.0926403696137336e-74,6.481532308099717e-74,1.7982260623850422e-73,1.7982260623850422e-73,0.0,5259.836054557147,5102.040948746049,0.0,0.0,0.0,0.0,0.0,24999.9158423396,1,0,1499.9949505403451,1799.9939405420525,0.0,0.0,0.0,0.0,0.0,0.35,667.83231428256,-0.0,667.83231428256,26760.0,0.0
29.25,coast,0.0,0.0,11.110295599838402,-0.050263012254134765,2.2408503741203854e-74,2.3838833767238142e-74,6.613808477652773e-74,6.613808477652773e-74,0.0,5259.8360415741945,5102.040938096814,0.0,0.0,0.0,0.0,0.0,24999.915842339826,1,0,1499.9949505403613,1799.9939405506257,0.0,0.0,0.0,0.0,0.0,0.35,667.83231428256,-0.0,667.83231428256,26760.0,0.0
29.3,coast,0.0,0.0,11.107782718996507,-0.050257616837896535,8.241763767007341e-75,8.767833794688661e-75,2.432534057881443e-74,2.432534057881443e-74,0.0,5259.836029635258,5102.040928303866,0.0,0.0,0.0,0.0,0.0,24999.915842340033,1,0,1499.994950540376,1799.9939405585092,0.0,0.0,0.0,0.0,0.0,0.35,667.83231428256,-0.0,667.83231428256,26760.0,0.0
29.35,coast,0.0,0.0,11.105270107835455,-0.05025222322103673,3.0312897706506563e-75,3.2247763517560174e-75,8.946769178253737e-75,8.946769178253737e-75,0.0,5259.836018656652,5102.040919298701,0.0,0.0,0.0,0.0,0.0,24999.915842340226,1,0,1499.9949505403895,1799.9939405657585,0.0,0.0,0.0,0.0,0.0,0.35,667.83231428256,-0.0,667.83231428256,26760.0,0.0
29.4,coast,0.0,0.0,11.102757766265318,-0.05024683140273822,1.114896967011266e-75,1.1860606032034744e-75,3.2905881140367523e-75,3.2905881140367523e-75,0.0,5259.836008560818,5102.040911017569,0.0,0.0,0.0,0.0,0.0,24999.9158423404,1,0,1499.994950540402,1799.993940572425,0.0,0.0,0.0,0.0,0.0,0.35,667.83231428256,-0.0,667.83231428256,26760.0,0.0
29.45,coast,0.0,0.0,11.100245694196186,-0.050241441382645746,4.1005489665021795e-76,4.362286134576787e-76,1.2102659216361984e-75,1.2102659216361984e-75,0.0,5259.835999277133,5102.040903402658,0.0,0.0,0.0,0.0,0.0,24999.915842340564,1,0,1499.9949505404136,1799.9939405785553,0.0,0.0,0.0,0.0,0.0,0.35,667.83231428256,-0.0,667.83231428256,26760.0,0.0
29.5,coast,0.0,0.0,11.097733891538187,-0.0502360531599777,1.508166393105261e-76,1.6044323330907033e-76,4.451312382221211e-76,4.451312382221211e-76,0.0,5259.835990739873,5102.040896400311,0.0,0.0,0.0,0.0,0.0,24999.91584234071,1,0,1499.994950540424,1799.9939405841924,0.0,0.0,0.0,0.0,0.0,0.35,667.83231428256,-0.0,667.83231428256,26760.0,0.0
29.55,coast,0.0,0.0,11.095222358201472,-0.05023066673430776,5.5469787743847105e-77,5.901041249345437e-77,1.6371758500925544e-76,1.6371758500925544e-76,0.0,5259.835982889439,5102.040889960444,0.0,0.0,0.0,0.0,0.0,24999.915842340848,1,0,1499.9949505404338,1799.9939405893767,0.0,0.0,0.0,0.0,0.0,0.35,667.83231428256,-0.0,667.83231428256,26760.0,0.0
29.6,coast,0.0,0.0,11.092711094096224,-0.05022528210496091,2.0401576931599246e-77,2.170380524638218e-77,6.0214706625973846e-77,6.0214706625973846e-77,0.0,5259.835975670518,5102.0408840387,0.0,0.0,0.0,0.0,0.0,24999.91584234097,1,0,1499.9949505404425,1799.9939405941436,0.0,0.0,0.0,0.0,0.0,0.35,667.83231428256,-0.0,667.83231428256,26760.0,0.0
29.65,coast,0.0,0.0,11.090200099132652,-0.05021989927143977,7.503622187977626e-78,7.982576795720878e-78,2.2146740047328754e-77,2.2146740047328754e-77,0.0,5259.83596903147,5102.04087859272,0.0,0.0,0.0,0.0,0.0,24999.915842341088,1,0,1499.9949505404509,1799.9939405985276,0.0,0.0,0.0,0.0,0.0,0.35,667.83231428256,-0.0,667.83231428256,26760.0,0.0
29.7,coast,0.0,0.0,11.087689373220998,-0.05021451823306933,2.759803549021422e-78,2.9359612223632154e-78,8.145486526245795e-78,8.145486526245795e-78,0.0,5259.835962926575,5102.040873585471,0.0,0.0,0.0,0.0,0.0,24999.915842341194,1,0,1499.9949505404581,1799.9939406025585,0.0,0.0,0.0,0.0,0.0,0.35,667.83231428256,-0.0,667.83231428256,26760.0,0.0
29.75,coast,0.0,0.0,11.085178916271534,-0.050209138989281143,1.0150451652369908e-78,1.0798352821670114e-78,2.9958787983298116e-78,2.9958787983298116e-78,0.0,5259.835957312155,5102.040868980333,0.0,0.0,0.0,0.0,0.0,24999.915842341292,1,0,1499.9949505404652,1799.9939406062656,0.0,0.0,0.0,0.0,0.0,0.35,667.83231428256,-0.0,667.83231428256,26760.0,0.0
29.8,coast,0.0,0.0,11.082668728194557,-0.05020376153954231,3.733297103772469e-79,3.971592663587733e-79,1.1018727369051138e-78,1.1018727369051138e-78,0.0,5259.835952150039,5102.040864746219,0.0,0.0,0.0,0.0,0.0,24999.915842341383,1,0,1499.9949505404716,1799.9939406096744,0.0,0.0,0.0,0.0,0.0,0.35,667.83231428256,-0.0,667.83231428256,26760.0,0.0
29.85,coast,0.0,0.0,11.080158808900398,-0.05019838588317782,1.3730922884881824e-79,1.4607364771150878e-79,4.0526455750895234e-79,4.0526455750895234e-79,0.0,5259.835947402467,5102.040860852046,0.0,0.0,0.0,0.0,0.0,24999.915842341466,1,0,1499.9949505404775,1799.993940612809,0.0,0.0,0.0,0.0,0.0,0.35,667.83231428256,-0.0,667.83231428256,26760.0,0.0
29.9,coast,0.0,0.0,11.077649158299412,-0.05019301201972581,5.0501803883828e-80,5.372532328066809e-80,1.4905474256276405e-79,1.4905474256276405e-79,0.0,5259.835943037397,5102.04085727168,0.0,0.0,0.0,0.0,0.0,24999.915842341543,1,0,1499.994950540483,1799.9939406156918,0.0,0.0,0.0,0.0,0.0,0.35,667.83231428256,-0.0,667.83231428256,26760.0,0.0
29.95,coast,0.0,0.0,11.075139776301986,-0.050187639948511276,1.8574367855186708e-80,1.9759965803390117e-80,5.482175844966131e-80,5.482175844966131e-80,0.0,5259.83593902278,5102.040853978589,0.0,0.0,0.0,0.0,0.0,24999.915842341612,1,0,1499.994950540488,1799.9939406183425,0.0,0.0,0.0,0.0,0.0,0.35,667.83231428256,-0.0,667.83231428256,26760.0,0.0
30.0,braking,0.0,1.0,11.072630662818538,-0.05018226966896577,6.831580366482985e-81,7.267638687747857e-81,2.0163230411622568e-80,2.0163230411622568e-80,0.0,5259.835935331676,5102.040850950997,80000.0,0.0,0.0,0.0,-80000.0,24999.915842341674,1,0,1499.9949505404925,1799.9939406207802,0.0,0.0,0.0,0.0,0.0,0.35,667.83231428256,-0.0,667.83231428256,26760.0,0.0
30.05,braking,0.0,1.0,11.070121817759507,-0.05017690118062745,2.512628661394761e-81,2.673009214249746e-81,7.415957844640671e-81,7.415957844640671e-81,0.0,5259.835931936734,5102.040848166135,80000.0,0.0,0.0,0.0,-80000.0,24999.915842341736,1,0,1499.9949505404966,1799.9939406230217,0.0,0.0,0.0,0.0,0.0,0.35,667.83231428256,-0.0,667.83231428256,26760.0,0.0
30.1,braking,0.0,1.0,11.067613241035376,-0.05017153448260814,9.241350142093487e-82,9.831223555418603e-82,2.727560422703823e-81,2.727560422703823e-81,0.0,5259.835928815502,5102.040845605393,80000.0,0.0,14501.539753761463,14501.539753761463,-65498.46024623854,24999.91584234179,1,0,1499.9949505405004,1799.993940625083,0.0,0.0,0.0,0.0,0.0,0.35,667.83231428256,-0.0,667.83231428256,26760.0,0.0
30.15,braking,0.0,1.0,11.05658161419098,-0.22063253688791917,3.39893241871917e-82,3.6158855518289046e-82,1.0031860770835309e-81,1.0031860770835309e-81,0.0,5259.835925944508,5102.040843250953,80000.0,0.0,26374.396317148876,26374.396317148876,-53625.60368285113,24999.915842341838,1,0,1499.994950540504,1799.9939406269787,0.0,0.0,0.0,0.0,0.0,0.35,667.83231428256,-0.0,667.83231428256,26760.0,0.0
30.2,braking,0.0,1.0,11.038572862600882,-0.3601750318019725,1.2501140088959644e-82,1.3299085201020898e-82,3.689679134519291e-82,3.689679134519291e-82,0.0,5259.835923304563,5102.040841085388,80000.0,0.0,36095.069112477904,36095.069112477904,-43904.930887522096,24999.915842341885,1,0,1499.9949505405073,1799.993940628722,0.0,0.0,0.0,0.0,0.0,0.35,667.83231428256,-0.0,667.83231428256,26760.0,0.0
30.25,braking,0.0,1.0,11.014852679940194,-0.47440365321374856,4.594328470887906e-83,4.8875834796679855e-83,1.357049510308255e-82,1.357049510308255e-82,0.0,5259.835920877303,5102.040839094448,80000.0,0.0,44053.682870622295,44053.682870622295,-35946.317129377705,24999.915842341925,1,0,1499.9949505405102,1799.993940630325,0.0,0.0,0.0,0.0,0.0,0.35,667.83231428256,-0.0,667.83231428256,26760.0,0.0
30.3,braking,0.0,1.0,10.986457324645011,-0.5679071059036644,1.6874060913435192e-83,1.7951128631314037e-83,4.987330081293863e-83,4.987330081293863e-83,0.0,5259.835918644759,5102.040837263083,80000.0,0.0,50569.644706284635,50569.644706284635,-29430.355293715365,24999.915842341965,1,0,1499.994950540513,1799.993940631799,0.0,0.0,0.0,0.0,0.0,0.35,667.83231428256,-0.0,667.83231428256,26760.0,0.0
30.35,braking,0.0,1.0,10.954235208927006,-0.6444423143600986,6.19428088540185e-84,6.589660516384948e-84,1.8317478195218404e-83,1.8317478195218404e-83,0.0,5259.835916592241,5102.0408355796135,80000.0,0.0,55904.46304702385,55904.46304702385,-24095.536952976152,24999.915842342,1,0,1499.9949505405154,1799.9939406331544,0.0,0.0,0.0,0.0,0.0,0.35,667.83231428256,-0.0,667.83231428256,26760.0,0.0
30.4,braking,0.0,1.0,10.918880949225146,-0.707085194037198,2.272874170128659e-84,2.4179512448177223e-84,6.724143384066274e-84,6.724143384066274e-84,0.0,5259.835914704234,5102.040834031172,80000.0,0.0,60272.24288467148,60272.24288467148,-19727.757115328517,24999.915842342034,1,0,1499.994950540518,1799.9939406344006,0.0,0.0,0.0,0.0,0.0,0.35,667.83231428256,-0.0,667.83231428256,26760.0,0.0
30.45,braking,0.0,1.0,10.880963244510497,-0.75835409429299,8.336913587067692e-85,8.869057007518822e-85,2.4672971885895126e-84,2.4672971885895126e-84,0.0,5259.835912968697,5102.040832607656,80000.0,0.0,63848.27856042757,63848.27856042757,-16151.72143957243,24999.915842342063,1,0,1499.99495054052,1799.9939406355468,0.0,0.0,0.0,0.0,0.0,0.35,667.83231428256,-0.0,667.83231428256,26760.0,0.0
30.5,braking,0.0,1.0,10.840947701203977,-0.8003108661304026,3.057080586054384e-85,3.252213389419558e-85,9.050058170937575e-85,9.050058170937575e-85,0.0,5259.835911372363,5102.040831297983,80000.0,0.0,66776.08894227308,66776.08894227308,-13223.911057726917,24999.915842342092,1,0,1499.994950540522,1799.9939406366009,0.0,0.0,0.0,0.0,0.0,0.35,667.83231428256,-0.0,667.83231428256,26760.0,0.0
30.55,braking,0.0,1.0,10.799215520691996,-0.8346436102396027,1.1207316005599088e-85,1.1922676601701158e-85,3.3185850912444467e-85,3.3185850912444467e-85,0.0,5259.835909904819,5102.0408300940335,80000.0,0.0,69173.17734107102,69173.17734107102,-10826.822658928984,24999.915842342118,1,0,1499.9949505405236,1799.9939406375704,0.0,0.0,0.0,0.0,0.0,0.35,667.83231428256,-0.0,667.83231428256,26760.0,0.0
30.6,braking,0.0,1.0,10.756078799399303,-0.8627344258538727,4.107778729595497e-86,4.369977371910104e-86,1.2165996532348121e-85,1.2165996532348121e-85,0.0,5259.835908554639,5102.040828986307,80000.0,0.0,71135.74733101332,71135.74733101332,-8864.252668986679,24999.91584234214,1,0,1499.9949505405255,1799.9939406384617,0.0,0.0,0.0,0.0,0.0,0.35,667.83231428256,-0.0,667.83231428256,26760.0,0.0
30.65,braking,0.0,1.0,10.711793055443048,-0.8857148791251035,1.5053501114547942e-86,1.601436288781696e-86,4.459160583581738e-86,4.459160583581738e-86,0.0,5259.835907313453,5102.040827968266,80000.0,0.0,72742.56373684703,72742.56373684703,-7257.436263152966,24999.91584234216,1,0,1499.994950540527,1799.9939406392816,0.0,0.0,0.0,0.0,0.0,0.35,667.83231428256,-0.0,667.83231428256,26760.0,0.0
30.7,braking,0.0,1.0,10.666567484594482,-0.9045114169713031,5.515752923779651e-87,5.867822259340054e-87,1.6341186620221388e-86,1.6341186620221388e-86,0.0,5259.8359061714655,5102.0408270321905,80000.0,0.0,74058.11374285333,74058.11374285333,-5941.886257146674,24999.915842342183,1,0,1499.9949505405284,1799.9939406400351,0.0,0.0,0.0,0.0,0.0,0.35,667.83231428256,-0.0,667.83231428256,26760.0,0.0
30.75,braking,0.0,1.0,10.620573357149667,-0.919882548896318,2.020777606545108e-87,2.1497634112182e-87,5.987573734020464e-87,5.987573734020464e-87,0.0,5259.835905121938,5102.0408261709545,80000.0,0.0,75135.1949899826,75135.1949899826,-4864.8050100174005,24999.9158423422,1,0,1499.9949505405295,1799.9939406407284,0.0,0.0,0.0,0.0,0.0,0.35,667.83231428256,-0.0,667.83231428256,26760.0,0.0
30.8,braking,0.0,1.0,10.573950892702312,-0.9324492889470903,7.402638647063387e-88,7.875147496875944e-88,2.1936361338961225e-87,2.1936361338961225e-87,0.0,5259.835904156911,5102.040825379212,80000.0,0.0,76017.03453057092,76017.03453057092,-3982.9654694290803,24999.915842342216,1,0,1499.994950540531,1799.9939406413655,0.0,0.0,0.0,0.0,0.0,0.35,667.83231428256,-0.0,667.83231428256,26760.0,0.0
30.85,braking,0.0,1.0,10.526814888726946,-0.9427200795073176,2.7115358199671543e-88,2.884612574433143e-88,8.035864792730556e-88,8.035864792730556e-88,0.0,5259.835903269038,5102.040824651418,80000.0,0.0,76739.02368173073,76739.02368173073,-3260.9763182692695,24999.915842342234,1,0,1499.994950540532,1799.9939406419517,0.0,0.0,0.0,0.0,0.0,0.35,667.83231428256,-0.0,667.83231428256,26760.0,0.0
30.9,braking,0.0,1.0,10.47925932886776,-0.9511111971837138,9.931393509083963e-89,1.0565312243706344e-88,2.94348221880933e-88,2.94348221880933e-88,0.0,5259.835902452806,5102.04082398203,80000.0,0.0,77330.13840317394,77330.13840317394,-2669.8615968260565,24999.91584234225,1,0,1499.994950540533,1799.9939406424905,0.0,0.0,0.0,0.0,0.0,0.35,667.83231428256,-0.0,667.83231428256,26760.0,0.0
30.95,braking,0.0,1.0,10.431361155881222,-0.9579634597307773,3.637268866022481e-89,3.869434963853704e-89,1.0780930860924841e-88,1.0780930860924841e-88,0.0,5259.835901702502,5102.040823366296,80000.0,0.0,77814.10220421663,77814.10220421663,-2185.8977957833704,24999.91584234226,1,0,1499.994950540534,1799.9939406429862,0.0,0.0,0.0,0.0,0.0,0.35,667.83231428256,-0.0,667.83231428256,26760.0,0.0
31.0,braking,0.0,1.0,10.38318336065533,-0.9635559045178255,1.3320315918927258e-89,1.4170548849922616e-89,3.9484030243405144e-89,3.9484030243405144e-89,0.0,5259.83590101241,5102.040822800056,80000.0,0.0,78210.33825150676,78210.33825150676,-1789.6617484932358,24999.915842342274,1,0,1499.9949505405348,1799.993940643442,0.0,0.0,0.0,0.0,0.0,0.35,667.83231428256,-0.0,667.83231428256,26760.0,0.0
31.05,braking,0.0,1.0,10.334777511280302,-0.968116987500558,4.877872419641033e-90,5.189225978341525e-90,1.4459743724410831e-89,1.4459743724410831e-89,0.0,5259.835900377632,5102.040822279553,80000.0,0.0,78534.74888890129,78534.74888890129,-1465.2511110987107,24999.915842342285,1,0,1499.9949505405355,1799.9939406438612,0.0,0.0,0.0,0.0,0.0,0.35,667.83231428256,-0.0,667.83231428256,26760.0,0.0
31.1,braking,0.0,1.0,10.286185823672653,-0.9718337521529818,1.7861811296040163e-90,1.9001926910681027e-90,5.295128549328087e-90,5.295128549328087e-90,0.0,5259.835899793881,5102.04082180043,80000.0,0.0,78800.35385436182,78800.35385436182,-1199.6461456381803,24999.915842342292,1,0,1499.9949505405364,1799.9939406442468,0.0,0.0,0.0,0.0,0.0,0.35,667.83231428256,-0.0,667.83231428256,26760.0,0.0
31.15,braking,0.0,1.0,10.237442856855457,-0.9748593363439184,6.540359536781274e-91,6.957829294448164e-91,1.9389721337429621e-90,1.9389721337429621e-90,0.0,5259.8358992572785,5102.04082136011,80000.0,0.0,79017.81280775456,79017.81280775456,-982.1871922454447,24999.915842342303,1,0,1499.994950540537,1799.9939406446013,0.0,0.0,0.0,0.0,0.0,0.35,667.83231428256,-0.0,667.83231428256,26760.0,0.0
31.2,braking,0.0,1.0,10.188576900933572,-0.9773191184376984,2.3947510665991358e-91,2.547607517658655e-91,7.099825810661392e-91,7.099825810661392e-91,0.0,5259.835898763336,5102.040820955427,80000.0,0.0,79195.85314042935,79195.85314042935,-804.1468595706538,24999.91584234231,1,0,1499.9949505405375,1799.9939406449273,0.0,0.0,0.0,0.0,0.0,0.35,667.83231428256,-0.0,667.83231428256,26760.0,0.0
31.25,braking,0.0,1.0,10.139611113469218,-0.9793157492870819,8.768050012791e-92,9.327712779564894e-92,2.5995995078149543e-91,2.5995995078149543e-91,0.0,5259.835898309397,5102.040820582819,80000.0,0.0,79341.62023607844,79341.62023607844,-658.3797639215627,24999.915842342318,1,0,1499.9949505405382,1799.9939406452268,0.0,0.0,0.0,0.0,0.0,0.35,667.83231428256,-0.0,667.83231428256,26760.0,0.0
31.3,braking,0.0,1.0,10.090564449865564,-0.9809332720730879,3.210188787875034e-92,3.415094455186207e-92,9.518074264862137e-92,9.518074264862137e-92,0.0,5259.835897892198,5102.040820240898,80000.0,0.0,79460.9642400732,79460.9642400732,-539.0357599268027,24999.915842342325,1,0,1499.9949505405386,1799.9939406455023,0.0,0.0,0.0,0.0,0.0,0.35,667.83231428256,-0.0,667.83231428256,26760.0,0.0
31.35,braking,0.0,1.0,10.04145242509867,-0.9822404953378694,1.1752868112444733e-92,1.2503051183451845e-92,3.484790260394089e-92,3.484790260394089e-92,0.0,5259.8358975080655,5102.0408199259045,80000.0,0.0,79558.67484633917,79558.67484633917,-441.3251536608295,24999.915842342332,1,0,1499.994950540539,1799.9939406457559,0.0,0.0,0.0,0.0,0.0,0.35,667.83231428256,-0.0,667.83231428256,26760.0,0.0
31.4,braking,0.0,1.0,9.992287737369438,-0.9832937545846576,4.302724531784782e-93,4.5773665231753e-93,1.275821549331821e-92,1.275821549331821e-92,0.0,5259.835897155569,5102.040819636648,80000.0,0.0,79638.67352459101,79638.67352459101,-361.3264754089905,24999.91584234234,1,0,1499.9949505405395,1799.9939406459887,0.0,0.0,0.0,0.0,0.0,0.35,667.83231428256,-0.0,667.83231428256,26760.0,0.0
31.45,braking,0.0,1.0,9.943080778705438,-0.984139173279992,1.5751798046379949e-93,1.6757231964233988e-93,4.670782166505408e-93,4.670782166505408e-93,0.0,5259.835896830834,5102.040819370356,80000.0,0.0,79704.17090268138,79704.17090268138,-295.8290973186231,24999.915842342343,1,0,1499.9949505405398,1799.993940646203,0.0,0.0,0.0,0.0,0.0,0.35,667.83231428256,-0.0,667.83231428256,26760.0,0.0
31.5,braking,0.0,1.0,9.893840053005372,-0.9848145140013287,5.766390502554301e-94,6.134457981440746e-94,1.709921629003468e-93,1.709921629003468e-93,0.0,5259.835896532631,5102.040819124855,80000.0,0.0,79757.79562036996,79757.79562036996,-242.20437963004224,24999.91584234235,1,0,1499.9949505405402,1799.9939406464005,0.0,0.0,0.0,0.0,0.0,0.35,667.83231428256,-0.0,667.83231428256,26760.0,0.0
31.55,braking,0.0,1.0,9.844572518304087,-0.9853506940256906,2.1108900072104864e-94,2.2456276672451983e-94,6.259651001470149e-94,6.259651001470149e-94,0.0,5259.835896258104,5102.040818900142,80000.0,0.0,79801.69982586669,79801.69982586669,-198.3001741333137,24999.915842342354,1,0,1499.9949505405405,1799.9939406465817,0.0,0.0,0.0,0.0,0.0,0.35,667.83231428256,-0.0,667.83231428256,26760.0,0.0
31.6,braking,0.0,1.0,9.795283866994824,-0.9857730261852637,7.727073433376751e-95,8.220290886571012e-95,2.291456803311427e-94,2.291456803311427e-94,0.0,5259.835896005008,5102.040818692852,80000.0,0.0,79837.64554909634,79837.64554909634,-162.3544509036583,24999.915842342358,1,0,1499.994950540541,1799.9939406467483,0.0,0.0,0.0,0.0,0.0,0.35,667.83231428256,-0.0,667.83231428256,26760.0,0.0
31.65,braking,0.0,1.0,9.745978755255214,-0.9861022347921988,2.8284762404694257e-95,3.0090172770951336e-95,8.388051925072462e-95,8.388051925072462e-95,0.0,5259.835895773346,5102.040818502588,80000.0,0.0,79867.0754181461,79867.0754181461,-132.9245818539057,24999.915842342365,1,0,1499.9949505405411,1799.9939406469014,0.0,0.0,0.0,0.0,0.0,0.35,667.83231428256,-0.0,667.83231428256,26760.0,0.0
31.7,braking,0.0,1.0,9.696660990884943,-0.9863552874054093,1.0353286137704836e-95,1.1014134189047698e-95,3.070425792954218e-95,3.070425792954218e-95,0.0,5259.835895559644,5102.040818327965,80000.0,0.0,79891.17055699616,79891.17055699616,-108.82944300383679,24999.91584234237,1,0,1499.9949505405414,1799.993940647042,0.0,0.0,0.0,0.0,0.0,0.35,667.83231428256,-0.0,667.83231428256,26760.0,0.0
31.75,braking,0.0,1.0,9.647333687093857,-0.9865460758217282,3.78958950552274e-96,4.031478197364617e-96,1.1238912437803774e-95,1.1238912437803774e-95,0.0,5259.835895363496,5102.040818167004,80000.0,0.0,79910.89798817241,79910.89798817241,-89.10201182759192,24999.915842342372,1,0,1499.9949505405418,1799.9939406471717,0.0,0.0,0.0,0.0,0.0,0.35,667.83231428256,-0.0,667.83231428256,26760.0,0.0
31.8,braking,0.0,1.0,9.59799938841269,-0.986685973623338,1.387057417352101e-96,1.4755929971830863e-96,4.113753262616957e-96,4.113753262616957e-96,0.0,5259.8358951834725,5102.040818019108,80000.0,0.0,79927.04944275564,79927.04944275564,-72.95055724435952,24999.915842342372,1,0,1499.994950540542,1799.9939406472906,0.0,0.0,0.0,0.0,0.0,0.35,667.83231428256,-0.0,667.83231428256,26760.0,0.0
31.85,braking,0.0,1.0,9.548660173779787,-0.986784292658065,5.07674144060558e-97,5.400788766601681e-97,1.505707139982741e-96,1.505707139982741e-96,0.0,5259.835895017532,5102.040817883092,80000.0,0.0,79940.27313532987,79940.27313532987,-59.726864670126815,24999.915842342376,1,0,1499.9949505405423,1799.9939406474004,0.0,0.0,0.0,0.0,0.0,0.35,667.83231428256,-0.0,667.83231428256,26760.0,0.0
31.9,braking,0.0,1.0,9.499317740941184,-0.986848656772068,1.8580781697140157e-97,1.9766789039510806e-97,5.51100894551192e-97,5.51100894551192e-97,0.0,5259.835894865061,5102.040817757964,80000.0,0.0,79951.09977910963,79951.09977910963,-48.90022089036938,24999.91584234238,1,0,1499.9949505405423,1799.9939406475014,0.0,0.0,0.0,0.0,0.0,0.35,667.83231428256,-0.0,667.83231428256,26760.0,0.0
31.95,braking,0.0,1.0,9.44997347555134,-0.9868853077968609,6.800349265676408e-98,7.234414112421712e-98,2.0170192897460006e-97,2.0170192897460006e-97,0.0,5259.835894724838,5102.040817642342,80000.0,0.0,79959.96388532476,79959.96388532476,-40.03611467524024,24999.915842342383,1,0,1499.9949505405425,1799.9939406475942,0.0,0.0,0.0,0.0,0.0,0.35,667.83231428256,-0.0,667.83231428256,26760.0,0.0
32.0,braking,0.0,1.0,9.400628507747918,-0.9868993560684558,2.488781178358879e-98,2.647639551445616e-98,7.38205521675685e-98,7.38205521675685e-98,0.0,5259.835894595841,5102.040817536419,80000.0,0.0,79967.22120168162,79967.22120168162,-32.77879831838072,24999.915842342383,1,0,1499.9949505405427,1799.9939406476794,0.0,0.0,0.0,0.0,0.0,0.35,667.83231428256,-0.0,667.83231428256,26760.0,0.0
32.05,braking,0.0,1.0,9.351283758471148,-0.9868949855354003,9.108154875805955e-99,9.689526463623357e-99,2.7016730116792e-98,2.7016730116792e-98,0.0,5259.835894476642,5102.04081743901,80000.0,0.0,79973.1629897678,79973.1629897678,-26.83701023219328,24999.915842342387,1,0,1499.994950540543,1799.9939406477579,0.0,0.0,0.0,0.0,0.0,0.35,667.83231428256,-0.0,667.83231428256,26760.0,0.0
32.1,braking,0.0,1.0,9.301939977386835,-0.9868756216862451,3.333206545700686e-99,3.5459644103198792e-99,9.887271901656487e-99,9.887271901656487e-99,0.0,5259.835894367444,5102.04081734952,80000.0,0.0,79978.02771440223,79978.02771440223,-21.972285597774317,24999.915842342387,1,0,1499.994950540543,1799.99394064783,0.0,0.0,0.0,0.0,0.0,0.35,667.83231428256,-0.0,667.83231428256,26760.0,0.0
32.15,braking,0.0,1.0,9.252597773935,-0.9868440690367208,1.219781631307211e-99,1.2976400333055438e-99,3.618331030938652e-99,3.618331030938652e-99,0.0,5259.835894267022,5102.040817266961,80000.0,0.0,79982.0106140657,79982.0106140657,-17.989385934299207,24999.91584234239,1,0,1499.9949505405432,1799.9939406478964,0.0,0.0,0.0,0.0,0.0,0.35,667.83231428256,-0.0,667.83231428256,26760.0,0.0
32.2,braking,0.0,1.0,9.203257642750273,-0.9868026236945227,4.463647642643186e-100,4.748561321960837e-100,1.3241224829648407e-99,1.3241224829648407e-99,0.0,5259.835894174764,5102.0408171913305,80000.0,0.0,79985.2715365066,79985.2715365066,-14.728463493403979,24999.91584234239,1,0,1499.9949505405432,1799.9939406479573,0.0,0.0,0.0,0.0,0.0,0.35,667.83231428256,-0.0,667.83231428256,26760.0,0.0
32.25,braking,0.0,1.0,9.153919984474326,-0.986753165518941,1.633373753627435e-100,1.7376316527951436e-100,4.845470736694731e-100,4.845470736694731e-100,0.0,5259.835894089651,5102.04081712164,80000.0,0.0,79987.94135399236,79987.94135399236,-12.058646007644711,24999.915842342394,1,0,1499.9949505405434,1799.9939406480132,0.0,0.0,0.0,0.0,0.0,0.35,667.83231428256,-0.0,667.83231428256,26760.0,0.0
32.3,braking,0.0,1.0,9.104585122795559,-0.9866972335753488,5.976803640092822e-101,6.358301744779598e-101,1.7730935232603508e-100,1.7730935232603508e-100,0.0,5259.835894011682,5102.040817057888,80000.0,0.0,79990.12721567306,79990.12721567306,-9.872784326944384,24999.915842342394,1,0,1499.9949505405434,1799.9939406480648,0.0,0.0,0.0,0.0,0.0,0.35,667.83231428256,-0.0,667.83231428256,26760.0,0.0
32.35,braking,0.0,1.0,9.055253318400009,-0.9866360879109948,2.1869559612341256e-101,2.326548894929921e-101,6.488063004877141e-101,6.488063004877141e-101,0.0,5259.835893939837,5102.040816998493,80000.0,0.0,79991.91684785303,79991.91684785303,-8.083152146966313,24999.915842342394,1,0,1499.9949505405436,1799.9939406481126,0.0,0.0,0.0,0.0,0.0,0.35,667.83231428256,-0.0,667.83231428256,26760.0,0.0
32.4,braking,0.0,1.0,9.005924780393325,-0.9865707601336737,8.002001060814977e-102,8.512767085973381e-102,2.3740294846223684e-101,2.3740294846223684e-101,0.0,5259.835893874111,5102.040816944244,80000.0,0.0,79993.38207475546,79993.38207475546,-6.617925244543585,24999.915842342398,1,0,1499.9949505405436,1799.9939406481562,0.0,0.0,0.0,0.0,0.0,0.35,667.83231428256,-0.0,667.83231428256,26760.0,0.0
32.45,braking,0.0,1.0,8.956599675652278,-0.9865020948209491,2.927821301122355e-102,3.1147035118322927e-102,8.68649702650345e-102,8.68649702650345e-102,0.0,5259.83589381288,5102.04081689455,80000.0,0.0,79994.58170108074,79994.58170108074,-5.418298919263179,24999.915842342398,1,0,1499.9949505405436,1799.9939406481963,0.0,0.0,0.0,0.0,0.0,0.35,667.83231428256,-0.0,667.83231428256,26760.0,0.0
32.5,braking,0.0,1.0,8.907278136481088,-0.9864307834238062,1.0712178367119707e-102,1.1395934433106071e-102,3.1782688896247885e-102,3.1782688896247885e-102,0.0,5259.835893756954,5102.040816848817,80000.0,0.0,79995.56387204543,79995.56387204543,-4.436127954570111,24999.915842342398,1,0,1499.9949505405439,1799.9939406482329,0.0,0.0,0.0,0.0,0.0,0.35,667.83231428256,-0.0,667.83231428256,26760.0,0.0
32.55,braking,0.0,1.0,8.857960266879887,-0.9863573920240043,3.9192066346336524e-103,4.169368760248567e-103,1.1628504523577625e-102,1.1628504523577625e-102,0.0,5259.835893705722,5102.040816807041,80000.0,0.0,79996.368005619,79996.368005619,-3.6319943809940014,24999.915842342398,1,0,1499.9949505405439,1799.9939406482667,0.0,0.0,0.0,0.0,0.0,0.35,667.83231428256,-0.0,667.83231428256,26760.0,0.0
32.6,braking,0.0,1.0,8.80864614767686,-0.9862823840605373,1.4338559737439733e-103,1.525378695472312e-103,4.2544579186209866e-103,4.2544579186209866e-103,0.0,5259.835893658574,5102.040816768434,80000.0,0.0,79997.02637450528,79997.02637450528,-2.9736254947201815,24999.9158423424,1,0,1499.9949505405439,1799.9939406482977,0.0,0.0,0.0,0.0,0.0,0.35,667.83231428256,-0.0,667.83231428256,26760.0,0.0
32.65,braking,0.0,1.0,8.75933584073009,-0.9862061389354082,5.2456554603232685e-104,5.5804845322587967e-104,1.5565088729309307e-103,1.5565088729309307e-103,0.0,5259.835893615506,5102.040816732796,80000.0,0.0,79997.56540135933,79997.56540135933,-2.4345986406697193,24999.9158423424,1,0,1499.9949505405439,1799.9939406483263,0.0,0.0,0.0,0.0,0.0,0.35,667.83231428256,-0.0,667.83231428256,26760.0,0.0
32.7,braking,0.0,1.0,8.710029392367709,-0.9861289672476303,1.9190253724223596e-104,2.0415163536408082e-104,5.69437197169265e-104,5.69437197169265e-104,0.0,5259.835893575706,5102.040816699932,80000.0,0.0,79998.00671922148,79998.00671922148,-1.9932807785226032,24999.9158423424,1,0,1499.994950540544,1799.9939406483527,0.0,0.0,0.0,0.0,0.0,0.35,667.83231428256,-0.0,667.83231428256,26760.0,0.0
32.75,braking,0.0,1.0,8.66072683620443,-0.9860511232655611,7.020180012503059e-105,7.468276609045808e-105,2.0831799526947024e-104,2.0831799526947024e-104,0.0,5259.835893538965,5102.040816670234,80000.0,0.0,79998.36803972711,79998.36803972711,-1.6319602728908649,24999.9158423424,1,0,1499.994950540544,1799.9939406483768,0.0,0.0,0.0,0.0,0.0,0.35,667.83231428256,-0.0,667.83231428256,26760.0,0.0
32.8,braking,0.0,1.0,8.61142819544755,-0.9859728151376146,2.5680425143498774e-105,2.731960121648806e-105,7.620690417393682e-105,7.620690417393682e-105,0.0,5259.835893505085,5102.040816642515,80000.0,0.0,79998.66386393679,79998.66386393679,-1.3361360632115975,24999.9158423424,1,0,1499.994950540544,1799.993940648399,0.0,0.0,0.0,0.0,0.0,0.35,667.83231428256,-0.0,667.83231428256,26760.0,0.0
32.85,braking,0.0,1.0,8.562133484784884,-0.9858942132533244,9.393824619688725e-106,9.993430446477366e-106,2.7877144098457205e-105,2.7877144098457205e-105,0.0,5259.835893474468,5102.0408166169755,80000.0,0.0,79998.90606431477,79998.90606431477,-1.0939356852322817,24999.915842342405,1,0,1499.994950540544,1799.9939406484195,0.0,0.0,0.0,0.0,0.0,0.35,667.83231428256,-0.0,667.83231428256,26760.0,0.0
32.9,braking,0.0,1.0,8.512842711930501,-0.9858154570876465,3.4361238549969355e-106,3.655450909571208e-106,1.0197378006609558e-105,1.0197378006609558e-105,0.0,5259.835893445892,5102.040816593613,80000.0,0.0,79999.10436121262,79999.10436121262,-0.8956387873768108,24999.915842342405,1,0,1499.994950540544,1799.9939406484384,0.0,0.0,0.0,0.0,0.0,0.35,667.83231428256,-0.0,667.83231428256,26760.0,0.0
32.95,braking,0.0,1.0,8.463555878890238,-0.9857366608052587,1.25684330846571e-106,1.3370673494316063e-106,3.7300519485420492e-106,3.7300519485420492e-106,0.0,5259.835893419563,5102.040816572232,80000.0,0.0,79999.26671298112,79999.26671298112,-0.733287018883857,24999.915842342405,1,0,1499.9949505405443,1799.9939406484555,0.0,0.0,0.0,0.0,0.0,0.35,667.83231428256,-0.0,667.83231428256,26760.0,0.0
33.0,braking,0.0,1.0,8.414272982997808,-0.9856579178486058,4.5970504541175747e-107,4.8904792065080584e-107,1.3643544381955167e-106,1.3643544381955167e-106,0.0,5259.835893395478,5102.040816552828,80000.0,0.0,79999.39963536682,79999.39963536682,-0.600364633181016,24999.915842342405,1,0,1499.9949505405443,1799.9939406484714,0.0,0.0,0.0,0.0,0.0,0.35,667.83231428256,-0.0,667.83231428256,26760.0,0.0
33.05,braking,0.0,1.0,8.364994017763076,-0.9855793046946459,1.6813690355259337e-107,1.7886904633254615e-107,4.9902849046000594e-107,4.9902849046000594e-107,0.0,5259.835893373434,5102.0408165346125,80000.0,0.0,79999.50846301176,79999.50846301176,-0.49153698823647574,24999.915842342405,1,0,1499.9949505405443,1799.9939406484862,0.0,0.0,0.0,0.0,0.0,0.35,667.83231428256,-0.0,667.83231428256,26760.0,0.0
33.1,braking,0.0,1.0,8.315718973566568,-0.9855008839301505,6.149393648616256e-108,6.541908136825805e-108,1.8251943503321037e-107,1.8251943503321037e-107,0.0,5259.835893353431,5102.040816517784,80000.0,0.0,79999.59756355146,79999.59756355146,-0.40243644853762817,24999.915842342405,1,0,1499.9949505405443,1799.9939406484996,0.0,0.0,0.0,0.0,0.0,0.35,667.83231428256,-0.0,667.83231428256,26760.0,0.0
33.15,braking,0.0,1.0,8.266447838228073,-0.9854227067699028,2.248986508295117e-108,2.3925388386118266e-108,6.675416466148781e-108,6.675416466148781e-108,0.0,5259.835893334652,5102.040816502342,80000.0,0.0,79999.67051290342,79999.67051290342,-0.3294870965764858,24999.915842342405,1,0,1499.9949505405443,1799.993940648512,0.0,0.0,0.0,0.0,0.0,0.35,667.83231428256,-0.0,667.83231428256,26760.0,0.0
33.2,braking,0.0,1.0,8.21718059747217,-0.9853448151180544,8.224822563963976e-109,8.74981123825955e-109,2.4413661618488025e-108,2.4413661618488025e-108,0.0,5259.835893317303,5102.040816488086,80000.0,0.0,79999.73023878128,79999.73023878128,-0.2697612187184859,24999.915842342405,1,0,1499.9949505405443,1799.9939406485234,0.0,0.0,0.0,0.0,0.0,0.35,667.83231428256,-0.0,667.83231428256,26760.0,0.0
33.25,braking,0.0,1.0,8.167917235309341,-0.9852672432565868,3.0078154184465895e-109,3.199803636645308e-109,8.928378814550561e-109,8.928378814550561e-109,0.0,5259.835893301383,5102.04081647502,80000.0,0.0,79999.77913819424,79999.77913819424,-0.2208618057629792,24999.915842342405,1,0,1499.9949505405443,1799.993940648534,0.0,0.0,0.0,0.0,0.0,0.35,667.83231428256,-0.0,667.83231428256,26760.0,0.0
33.3,braking,0.0,1.0,8.118657734348027,-0.9851900192262875,1.09991874061817e-109,1.170126319806564e-109,3.265105751678886e-109,3.265105751678886e-109,0.0,5259.835893286687,5102.0408164629425,80000.0,0.0,79999.81917364744,79999.81917364744,-0.18082635255996138,24999.915842342405,1,0,1499.9949505405443,1799.9939406485435,0.0,0.0,0.0,0.0,0.0,0.35,667.83231428256,-0.0,667.83231428256,26760.0,0.0
33.35,braking,0.0,1.0,8.069402076050068,-0.9851131659591772,4.022116226793224e-110,4.278847049780026e-110,1.1940064487822083e-109,1.1940064487822083e-109,0.0,5259.835893273216,5102.040816452053,80000.0,0.0,79999.8519519042,79999.8519519042,-0.1480480957980035,24999.91584234241,1,0,1499.9949505405443,1799.9939406485523,0.0,0.0,0.0,0.0,0.0,0.35,667.83231428256,-0.0,667.83231428256,26760.0,0.0
33.4,braking,0.0,1.0,8.020150240939863,-0.9850367022040984,1.4707302961638922e-110,1.5646066980466938e-110,4.36617045895921e-110,4.36617045895921e-110,0.0,5259.835893260766,5102.040816441956,80000.0,0.0,79999.87878847105,79999.87878847105,-0.12121152895269915,24999.91584234241,1,0,1499.9949505405443,1799.9939406485605,0.0,0.0,0.0,0.0,0.0,0.35,667.83231428256,-0.0,667.83231428256,26760.0,0.0
33.45,braking,0.0,1.0,7.970902208775583,-0.9849606432855929,5.377688962562153e-111,5.720945704853354e-111,1.5965374469864223e-110,1.5965374469864223e-110,0.0,5259.835893249539,5102.040816432652,80000.0,0.0,79999.90076039362,79999.90076039362,-0.09923960638116114,24999.91584234241,1,0,1499.9949505405446,1799.993940648568,0.0,0.0,0.0,0.0,0.0,0.35,667.83231428256,-0.0,667.83231428256,26760.0,0.0
33.5,braking,0.0,1.0,7.921657958689367,-0.9848850017243294,1.9662663460371077e-111,2.0917727085501147e-111,5.837699698829953e-111,5.837699698829953e-111,0.0,5259.83589323913,5102.040816424335,80000.0,0.0,79999.91874948234,79999.91874948234,-0.0812505176581908,24999.91584234241,1,0,1499.9949505405446,1799.9939406485748,0.0,0.0,0.0,0.0,0.0,0.35,667.83231428256,-0.0,667.83231428256,26760.0,0.0
33.55,braking,0.0,1.0,7.872417469302062,-0.9848097877461015,7.189072132351353e-112,7.647949076969525e-112,2.134461947500117e-111,2.134461947500117e-111,0.0,5259.835893229538,5102.0408164164155,80000.0,0.0,79999.93347770248,79999.93347770248,-0.06652229752216954,24999.91584234241,1,0,1499.9949505405446,1799.9939406485814,0.0,0.0,0.0,0.0,0.0,0.35,667.83231428256,-0.0,667.83231428256,26760.0,0.0
33.6,braking,0.0,1.0,7.823180718817181,-0.9847350096976193,2.6283728034632946e-112,2.7961412802801006e-112,7.804029670377067e-112,7.804029670377067e-112,0.0,5259.835893220964,5102.040816409288,80000.0,0.0,79999.94553614926,79999.94553614926,-0.054463850741740316,24999.91584234241,1,0,1499.9949505405446,1799.993940648587,0.0,0.0,0.0,0.0,0.0,0.35,667.83231428256,-0.0,667.83231428256,26760.0,0.0
33.65,braking,0.0,1.0,7.773947685097814,-0.9846606743873387,9.609139820504913e-113,1.0222489170749908e-112,2.853205388040919e-112,2.853205388040919e-112,0.0,5259.835893212799,5102.040816402359,80000.0,0.0,79999.95540877046,79999.95540877046,-0.04459122953994665,24999.91584234241,1,0,1499.9949505405446,1799.9939406485926,0.0,0.0,0.0,0.0,0.0,0.35,667.83231428256,-0.0,667.83231428256,26760.0,0.0
33.7,braking,0.0,1.0,7.724718345729591,-0.9845867873644565,3.512895875434757e-113,3.7371232717391033e-113,1.0431111398724397e-112,1.0431111398724397e-112,0.0,5259.835893205452,5102.040816396419,80000.0,0.0,79999.96349178905,79999.96349178905,-0.0365082109492505,24999.91584234241,1,0,1499.9949505405446,1799.9939406485973,0.0,0.0,0.0,0.0,0.0,0.35,667.83231428256,-0.0,667.83231428256,26760.0,0.0
33.75,braking,0.0,1.0,7.675492678072211,-0.984513353147598,1.2841892978062569e-113,1.366158827453465e-113,3.81339109361133e-113,3.81339109361133e-113,0.0,5259.835893198308,5102.040816390678,80000.0,0.0,79999.97010960497,79999.97010960497,-0.02989039503154345,24999.91584234241,1,0,1499.9949505405446,1799.993940648602,0.0,0.0,0.0,0.0,0.0,0.35,667.83231428256,-0.0,667.83231428256,26760.0,0.0
33.8,braking,0.0,1.0,7.626270659301643,-0.9844403754113529,4.694351486955733e-114,4.993990943569929e-114,1.3940396198504744e-113,1.3940396198504744e-113,0.0,5259.835893192185,5102.040816385728,80000.0,0.0,79999.97552781436,79999.97552781436,-0.02447218564338982,24999.91584234241,1,0,1499.9949505405446,1799.993940648606,0.0,0.0,0.0,0.0,0.0,0.35,667.83231428256,-0.0,667.83231428256,26760.0,0.0
33.85,braking,0.0,1.0,7.577052266444645,-0.984367857139965,1.7159504007427748e-114,1.825479149726356e-114,5.095909126091764e-114,5.095909126091764e-114,0.0,5259.835893186265,5102.040816380779,80000.0,0.0,79999.97996386902,79999.97996386902,-0.02003613098349888,24999.91584234241,1,0,1499.9949505405446,1799.9939406486099,0.0,0.0,0.0,0.0,0.0,0.35,667.83231428256,-0.0,667.83231428256,26760.0,0.0
33.9,braking,0.0,1.0,7.527837476407043,-0.9842958007520508,6.272146610058436e-115,6.672496393679188e-115,1.8627338262513837e-114,1.8627338262513837e-114,0.0,5259.835893181164,5102.040816376621,80000.0,0.0,79999.98359580338,79999.98359580338,-0.016404196619987488,24999.91584234241,1,0,1499.9949505405446,1799.9939406486133,0.0,0.0,0.0,0.0,0.0,0.35,667.83231428256,-0.0,667.83231428256,26760.0,0.0
33.95,braking,0.0,1.0,7.47862626599685,-0.9842242082038588,2.2925023417136247e-115,2.43883227841875e-115,6.80866978946856e-115,6.80866978946856e-115,0.0,5259.83589317606,5102.0408163726615,80000.0,0.0,79999.98656937975,79999.98656937975,-0.013430620252620429,24999.91584234241,1,0,1499.9949505405446,1799.9939406486164,0.0,0.0,0.0,0.0,0.0,0.35,667.83231428256,-0.0,667.83231428256,26760.0,0.0
34.0,braking,0.0,1.0,7.429418611943205,-0.9841530810729004,8.378866237459787e-116,8.913687486659348e-116,2.4886043657334182e-115,2.4886043657334182e-115,0.0,5259.835893171774,5102.040816368702,80000.0,0.0,79999.98900393817,79999.98900393817,-0.010996061828336678,24999.91584234241,1,0,1499.9949505405446,1799.9939406486196,0.0,0.0,0.0,0.0,0.0,0.35,667.83231428256,-0.0,667.83231428256,26760.0,0.0
34.05,braking,0.0,1.0,7.38021449091186,-0.9840824206268906,3.062262186554645e-116,3.257725730377282e-116,9.095599476183008e-116,9.095599476183008e-116,0.0,5259.835893167691,5102.040816365534,80000.0,0.0,79999.990997186,79999.990997186,-0.00900281399663072,24999.91584234241,1,0,1499.9949505405446,1799.9939406486221,0.0,0.0,0.0,0.0,0.0,0.35,667.83231428256,-0.0,667.83231428256,26760.0,0.0
34.1,braking,0.0,1.0,7.331013879517864,-0.9840122278799157,1.1191309040839867e-116,1.1905647915787093e-116,3.32420992895641e-116,3.32420992895641e-116,0.0,5259.835893163609,5102.040816362564,80000.0,0.0,79999.99262911931,79999.99262911931,-0.0073708806885406375,24999.91584234241,1,0,1499.9949505405446,1799.9939406486246,0.0,0.0,0.0,0.0,0.0,0.35,667.83231428256,-0.0,667.83231428256,26760.0,0.0
34.15,braking,0.0,1.0,7.281816754335916,-0.9839425036389748,4.089785786064166e-117,4.3508359426214534e-117,1.2148620322231729e-116,1.2148620322231729e-116,0.0,5259.835893160344,5102.040816359595,80000.0,0.0,79999.99396523328,79999.99396523328,-0.006034766716766171,24999.91584234241,1,0,1499.9949505405446,1799.993940648627,0.0,0.0,0.0,0.0,0.0,0.35,667.83231428256,-0.0,667.83231428256,26760.0,0.0
34.2,braking,0.0,1.0,7.232623091908856,-0.9838732485411938,1.4945179556288908e-117,1.589912718754139e-117,4.439628512879034e-117,4.439628512879034e-117,0.0,5259.835893157283,5102.040816356624,80000.0,0.0,79999.9950591509,79999.9950591509,-0.004940849103149958,24999.91584234241,1,0,1499.9949505405446,1799.9939406486294,0.0,0.0,0.0,0.0,0.0,0.35,667.83231428256,-0.0,667.83231428256,26760.0,0.0
34.25,braking,0.0,1.0,7.183432868754602,-0.9838044630850717,5.461128043954946e-118,5.809710685058453e-118,1.6223599170960605e-117,1.6223599170960605e-117,0.0,5259.835893154221,5102.040816354446,80000.0,0.0,79999.99595477489,79999.99595477489,-0.004045225112349726,24999.91584234241,1,0,1499.9949505405446,1799.993940648631,0.0,0.0,0.0,0.0,0.0,0.35,667.83231428256,-0.0,667.83231428256,26760.0,0.0
34.3,braking,0.0,1.0,7.134246061371815,-0.9837361476557405,1.9954643130455047e-118,2.122834375580324e-118,5.928276209243319e-118,5.928276209243319e-118,0.0,5259.835893151159,5102.040816352467,80000.0,0.0,79999.9966880498,79999.9966880498,-0.0033119502040790394,24999.91584234241,1,0,1499.9949505405446,1799.9939406486326,0.0,0.0,0.0,0.0,0.0,0.35,667.83231428256,-0.0,667.83231428256,26760.0,0.0
34.35,braking,0.0,1.0,7.085062646244537,-0.9836683025455706,7.290976311776502e-119,7.75635777848564e-119,2.1661575261023718e-118,2.1661575261023718e-118,0.0,5259.835893148914,5102.040816350486,80000.0,0.0,79999.99728840453,79999.99728840453,-0.002711595472646877,24999.91584234241,1,0,1499.9949505405446,1799.9939406486342,0.0,0.0,0.0,0.0,0.0,0.35,667.83231428256,-0.0,667.83231428256,26760.0,0.0
34.4,braking,0.0,1.0,7.035882599845968,-0.9836009279713664,2.6638345778000515e-119,2.8338665721277144e-119,7.914650794373103e-119,7.914650794373103e-119,0.0,5259.835893146873,5102.040816348507,80000.0,0.0,79999.99777993337,79999.99777993337,-0.002220066628069617,24999.91584234241,1,0,1499.9949505405446,1799.9939406486358,0.0,0.0,0.0,0.0,0.0,0.35,667.83231428256,-0.0,667.83231428256,26760.0,0.0
34.45,braking,0.0,1.0,6.986705898641573,-0.983534024087902,9.732140734477301e-120,1.0353341206890746e-119,2.8917005838037905e-119,2.8917005838037905e-119,0.0,5259.835893144831,5102.040816346527,80000.0,0.0,79999.99818236318,79999.99818236318,-0.001817636817577295,24999.91584234241,1,0,1499.9949505405446,1799.9939406486376,0.0,0.0,0.0,0.0,0.0,0.35,667.83231428256,-0.0,667.83231428256,26760.0,0.0
34.5,braking,0.0,1.0,6.937532519091587,-0.9834675909997337,3.555402621082714e-120,3.7823432139177814e-120,1.0564633884582394e-119,1.0564633884582394e-119,0.0,5259.835893142791,5102.040816344547,80000.0,0.0,79999.99851184485,79999.99851184485,-0.0014881551469443366,24999.91584234241,1,0,1499.9949505405446,1799.993940648639,0.0,0.0,0.0,0.0,0.0,0.35,667.83231428256,-0.0,667.83231428256,26760.0,0.0
34.55,braking,0.0,1.0,6.888362437653082,-0.9834016287700997,1.298817657834064e-120,1.38172091258943e-120,3.8595338917528384e-120,3.8595338917528384e-120,0.0,5259.83589314075,5102.040816343359,80000.0,0.0,79999.99878160161,79999.99878160161,-0.0012183983926661313,24999.91584234241,1,0,1499.9949505405446,1799.9939406486399,0.0,0.0,0.0,0.0,0.0,0.35,667.83231428256,-0.0,667.83231428256,26760.0,0.0
34.6,braking,0.0,1.0,6.839195630781642,-0.9833361374287897,4.744454347127708e-121,5.047291858646499e-121,1.409919298560643e-120,1.409919298560643e-120,0.0,5259.835893138708,5102.04081634237,80000.0,0.0,79999.99900245976,79999.99900245976,-0.0009975402354029939,24999.91584234241,1,0,1499.9949505405446,1799.9939406486408,0.0,0.0,0.0,0.0,0.0,0.35,667.83231428256,-0.0,667.83231428256,26760.0,0.0
34.65,braking,0.0,1.0,6.790032074932726,-0.9832711169783259,1.7330167015718799e-121,1.8436347889062553e-121,5.150297814945407e-121,5.150297814945407e-121,0.0,5259.835893137484,5102.0408163413795,80000.0,0.0,79999.99918328313,79999.99918328313,-0.0008167168707586825,24999.91584234241,1,0,1499.9949505405446,1799.9939406486415,0.0,0.0,0.0,0.0,0.0,0.35,667.83231428256,-0.0,667.83231428256,26760.0,0.0
34.7,braking,0.0,1.0,6.740871746562776,-0.9832065673989909,6.329906616306167e-122,6.733943208836349e-122,1.8812599886798523e-121,1.8812599886798523e-121,0.0,5259.835893136463,5102.040816340389,80000.0,0.0,79999.99933132877,79999.99933132877,-0.0006686712295049801,24999.91584234241,1,0,1499.9949505405446,1799.9939406486424,0.0,0.0,0.0,0.0,0.0,0.35,667.83231428256,-0.0,667.83231428256,26760.0,0.0
34.75,braking,0.0,1.0,6.6917146221301165,-0.983142488653197,2.311903062662071e-122,2.4594713432575226e-122,6.87137062126158e-122,6.87137062126158e-122,0.0,5259.835893135442,5102.0408163394,80000.0,0.0,79999.99945253831,79999.99945253831,-0.0005474616918945685,24999.91584234241,1,0,1499.9949505405446,1799.993940648643,0.0,0.0,0.0,0.0,0.0,0.35,667.83231428256,-0.0,667.83231428256,26760.0,0.0
34.8,braking,0.0,1.0,6.642560678095683,-0.9830788806886659,8.443439129557832e-123,8.982382052721098e-123,2.509664635977064e-122,2.509664635977064e-122,0.0,5259.835893134421,5102.04081633841,80000.0,0.0,79999.99955177627,79999.99955177627,-0.00044822372728958726,24999.91584234241,1,0,1499.9949505405446,1799.993940648644,0.0,0.0,0.0,0.0,0.0,0.35,667.83231428256,-0.0,667.83231428256,26760.0,0.0
34.85,braking,0.0,1.0,6.593409890923608,-0.9830157434415021,3.0835162554459414e-123,3.2803364419637676e-123,9.165695972164386e-123,9.165695972164386e-123,0.0,5259.835893133402,5102.0408163374195,80000.0,0.0,79999.99963302545,79999.99963302545,-0.00036697454925160855,24999.91584234241,1,0,1499.9949505405446,1799.9939406486446,0.0,0.0,0.0,0.0,0.0,0.35,667.83231428256,-0.0,667.83231428256,26760.0,0.0
34.9,braking,0.0,1.0,6.544262237081697,-0.9829530768382178,1.1260297868361354e-123,1.1979040285490803e-123,3.347282083636498e-123,3.347282083636498e-123,0.0,5259.835893132382,5102.04081633643,80000.0,0.0,79999.99969954665,79999.99969954665,-0.0003004533500643447,24999.91584234241,1,0,1499.9949505405446,1799.9939406486455,0.0,0.0,0.0,0.0,0.0,0.35,667.83231428256,-0.0,667.83231428256,26760.0,0.0
34.95,braking,0.0,1.0,6.495117693041806,-0.9828908807978287,4.111780685200501e-124,4.3742347714898945e-124,1.2223510495398778e-123,1.2223510495398778e-123,0.0,5259.835893131361,5102.0408163354405,80000.0,0.0,79999.9997540096,79999.9997540096,-0.0002459904062561691,24999.91584234241,1,0,1499.9949505405446,1799.9939406486462,0.0,0.0,0.0,0.0,0.0,0.35,667.83231428256,-0.0,667.83231428256,26760.0,0.0
35.0,braking,0.0,1.0,6.445976235280143,-0.982829155233258,1.501364278877726e-124,1.597196041359283e-124,4.463504868867239e-124,4.463504868867239e-124,0.0,5259.835893130339,5102.04081633445,80000.0,0.0,79999.99979860008,79999.99979860008,-0.00020139991829637438,24999.91584234241,1,0,1499.9949505405446,1799.9939406486471,0.0,0.0,0.0,0.0,0.0,0.35,667.83231428256,-0.0,667.83231428256,26760.0,0.0
35.05,braking,0.0,1.0,6.396837840277509,-0.9827679000526857,5.481733626384779e-125,5.831631517430617e-125,1.629791878938044e-124,1.629791878938044e-124,0.0,5259.83589312932,5102.0408163334605,80000.0,0.0,79999.9998351077,79999.9998351077,-0.00016489230620209128,24999.91584234241,1,0,1499.9949505405446,1799.993940648648,0.0,0.0,0.0,0.0,0.0,0.35,667.83231428256,-0.0,667.83231428256,26760.0,0.0
35.1,braking,0.0,1.0,6.347702484519483,-0.9827071151605082,2.0013595652515984e-125,2.129105920480424e-125,5.950644405541446e-125,5.950644405541446e-125,0.0,5259.835893128299,5102.04081633247,80000.0,0.0,79999.9998649976,79999.9998649976,-0.00013500239583663642,24999.91584234241,1,0,1499.9949505405446,1799.9939406486487,0.0,0.0,0.0,0.0,0.0,0.35,667.83231428256,-0.0,667.83231428256,26760.0,0.0
35.15,braking,0.0,1.0,6.298570144496574,-0.9826468004581912,7.306464537694712e-126,7.772834614568843e-126,2.1725570617147186e-125,2.1725570617147186e-125,0.0,5259.835893127278,5102.040816332273,80000.0,0.0,79999.99988946939,79999.99988946939,-0.00011053061462007463,24999.91584234241,1,0,1499.9949505405446,1799.9939406486487,0.0,0.0,0.0,0.0,0.0,0.35,667.83231428256,-0.0,667.83231428256,26760.0,0.0
35.2,braking,0.0,1.0,6.249440796704319,-0.9825869558450862,2.6672518229812145e-126,2.8375019393417177e-126,7.931463892417187e-126,7.931463892417187e-126,0.0,5259.835893126257,5102.040816332273,80000.0,0.0,79999.99990950519,79999.99990950519,-9.049481013789773e-05,24999.91584234241,1,0,1499.9949505405446,1799.9939406486487,0.0,0.0,0.0,0.0,0.0,0.35,667.83231428256,-0.0,667.83231428256,26760.0,0.0
35.25,braking,0.0,1.0,6.200314417643381,-0.9825275812187684,9.736322387084823e-127,1.0357789773494493e-126,2.895410142185426e-126,2.895410142185426e-126,0.0,5259.8358931260545,5102.040816332273,80000.0,0.0,79999.99992590913,79999.99992590913,-7.409087265841663e-05,24999.91584234241,1,0,1499.9949505405446,1799.9939406486487,0.0,0.0,0.0,0.0,0.0,0.35,667.83231428256,-0.0,667.83231428256,26760.0,0.0
35.3,braking,0.0,1.0,6.151190983819597,-0.9824686764756763,3.5538545699708536e-127,3.780696351032823e-127,1.0569173238259687e-126,1.0569173238259687e-126,0.0,5259.8358931260545,5102.040816332273,80000.0,0.0,79999.99993933953,79999.99993933953,-6.066047353670001e-05,24999.91584234241,1,0,1499.9949505405446,1799.9939406486487,0.0,0.0,0.0,0.0,0.0,0.35,667.83231428256,-0.0,667.83231428256,26760.0,0.0
35.35,braking,0.0,1.0,6.102070471744024,-0.9824102415114666,1.297112739533736e-127,1.3799071697167405e-127,3.857853419421249e-127,3.857853419421249e-127,0.0,5259.8358931260545,5102.040816332273,80000.0,0.0,79999.99995033539,79999.99995033539,-4.9664609832689166e-05,24999.91584234241,1,0,1499.9949505405446,1799.9939406486487,0.0,0.0,0.0,0.0,0.0,0.35,667.83231428256,-0.0,667.83231428256,26760.0,0.0
35.4,braking,0.0,1.0,6.052952857932963,-0.98235227622121,4.734005313711077e-128,5.036175865650083e-128,1.4080685405272862e-127,1.4080685405272862e-127,0.0,5259.8358931260545,5102.040816332273,80000.0,0.0,79999.99995933805,79999.99995933805,-4.0661951061338186e-05,24999.91584234241,1,0,1499.9949505405446,1799.9939406486487,0.0,0.0,0.0,0.0,0.0,0.35,667.83231428256,-0.0,667.83231428256,26760.0,0.0
35.45,braking,0.0,1.0,6.003838118907971,-0.9822947804998527,1.727636085889093e-128,1.837910729669248e-128,5.138954964949064e-128,5.138954964949064e-128,0.0,5259.8358931260545,5102.040816332273,80000.0,0.0,79999.99996670881,79999.99996670881,-3.329118771944195e-05,24999.91584234241,1,0,1499.9949505405446,1799.9939406486487,0.0,0.0,0.0,0.0,0.0,0.35,667.83231428256,-0.0,667.83231428256,26760.0,0.0
35.5,braking,0.0,1.0,5.9547262311958615,-0.9822377542421812,6.304459475433246e-129,6.706871782375793e-129,1.875419111907396e-128,1.875419111907396e-128,0.0,5259.8358931260545,5102.040816332273,80000.0,0.0,79999.99997274349,79999.99997274349,-2.7256508474238217e-05,24999.91584234241,1,0,1499.9949505405446,1799.9939406486487,0.0,0.0,0.0,0.0,0.0,0.35,667.83231428256,-0.0,667.83231428256,26760.0,0.0
35.55,braking,0.0,1.0,5.905617171328699,-0.9821811973432482,2.3004619688028848e-129,2.4472999668115798e-129,6.843746716709993e-129,6.843746716709993e-129,0.0,5259.8358931260545,5102.040816332273,80000.0,0.0,79999.99997768425,79999.99997768425,-2.2315754904411733e-05,24999.91584234241,1,0,1499.9949505405446,1799.9939406486487,0.0,0.0,0.0,0.0,0.0,0.35,667.83231428256,-0.0,667.83231428256,26760.0,0.0
35.6,braking,0.0,1.0,5.8565109158437885,-0.9821251096982131,8.393699201943121e-130,8.929467236109705e-130,2.497244864093449e-129,2.497244864093449e-129,0.0,5259.8358931260545,5102.040816332273,80000.0,0.0,79999.9999817294,79999.9999817294,-1.8270598957315087e-05,24999.91584234241,1,0,1499.9949505405446,1799.9939406486487,0.0,0.0,0.0,0.0,0.0,0.35,667.83231428256,-0.0,667.83231428256,26760.0,0.0
35.65,braking,0.0,1.0,5.807407441283648,-0.9820694912028038,3.0624034887149745e-130,3.257876051824441e-130,9.111701261336434e-130,9.111701261336434e-130,0.0,5259.8358931260545,5102.040816332273,80000.0,0.0,79999.99998504132,79999.99998504132,-1.495868491474539e-05,24999.91584234241,1,0,1499.9949505405446,1799.9939406486487,0.0,0.0,0.0,0.0,0.0,0.35,667.83231428256,-0.0,667.83231428256,26760.0,0.0
35.7,braking,0.0,1.0,5.7583067241959975,-0.9820143417530147,1.117227444224814e-130,1.188539834281717e-130,3.3243633181882056e-130,3.3243633181882056e-130,0.0,5259.8358931260545,5102.040816332273,80000.0,0.0,79999.99998775286,79999.99998775286,-1.2247139238752425e-05,24999.91584234241,1,0,1499.9949505405446,1799.9939406486487,0.0,0.0,0.0,0.0,0.0,0.35,667.83231428256,-0.0,667.83231428256,26760.0,0.0
35.75,braking,0.0,1.0,5.709208741133716,-0.9819596612456394,4.0755896731857495e-131,4.3357336948784574e-131,1.2127957492670583e-130,1.2127957492670583e-130,0.0,5259.8358931260545,5102.040816332273,80000.0,0.0,79999.9999899729,79999.9999899729,-1.0027099051512778e-05,24999.91584234241,1,0,1499.9949505405446,1799.9939406486487,0.0,0.0,0.0,0.0,0.0,0.35,667.83231428256,-0.0,667.83231428256,26760.0,0.0
35.8,braking,0.0,1.0,5.6601134686548225,-0.9819054495778623,1.4866490887021501e-131,1.5815415837256918e-131,4.424218055998426e-131,4.424218055998426e-131,0.0,5259.8358931260545,5102.040816332273,80000.0,0.0,79999.99999179051,79999.99999179051,-8.209492079913616e-06,24999.91584234241,1,0,1499.9949505405446,1799.9939406486487,0.0,0.0,0.0,0.0,0.0,0.35,667.83231428256,-0.0,667.83231428256,26760.0,0.0
35.85,braking,0.0,1.0,5.611020883322437,-0.9818517066477028,5.4224444883272776e-132,5.768557966305614e-132,1.6138179425772364e-131,1.6138179425772364e-131,0.0,5259.8358931260545,5102.040816332273,80000.0,0.0,79999.99999327863,79999.99999327863,-6.721369572915137e-06,24999.91584234241,1,0,1499.9949505405446,1799.9939406486487,0.0,0.0,0.0,0.0,0.0,0.35,667.83231428256,-0.0,667.83231428256,26760.0,0.0
35.9,braking,0.0,1.0,5.561930961704749,-0.9817984323537665,1.9776518884502195e-132,2.1038849877129996e-132,5.886283639087362e-132,5.886283639087362e-132,0.0,5259.8358931260545,5102.040816332273,80000.0,0.0,79999.999994497,79999.999994497,-5.502995918504894e-06,24999.91584234241,1,0,1499.9949505405446,1799.9939406486487,0.0,0.0,0.0,0.0,0.0,0.35,667.83231428256,-0.0,667.83231428256,26760.0,0.0
35.95,braking,0.0,1.0,5.512843680374975,-0.981745626595476,7.212272278462439e-133,7.67263008347068e-133,2.146821416033673e-132,2.146821416033673e-132,0.0,5259.8358931260545,5102.040816332273,80000.0,0.0,79999.99999549454,79999.99999549454,-4.505462129600346e-06,24999.91584234241,1,0,1499.9949505405446,1799.9939406486487,0.0,0.0,0.0,0.0,0.0,0.35,667.83231428256,-0.0,667.83231428256,26760.0,0.0
36.0,braking,0.0,1.0,5.463759015911324,-0.9816932892730179,2.6300338656590918e-133,2.7979083677224382e-133,7.829214370888448e-133,7.829214370888448e-133,0.0,5259.8358931260545,5102.040816332273,80000.0,0.0,79999.99999631124,79999.99999631124,-3.6887649912387133e-06,24999.91584234241,1,0,1499.9949505405446,1799.9939406486487,0.0,0.0,0.0,0.0,0.0,0.35,667.83231428256,-0.0,667.83231428256,26760.0,0.0
36.05,braking,0.0,1.0,5.414676944896958,-0.9816414202873247,9.589963252318688e-134,1.0202088566296478e-133,2.855008538492284e-133,2.855008538492284e-133,0.0,5259.8358931260545,5102.040816332273,80000.0,0.0,79999.9999969799,79999.9999969799,-3.0201044864952564e-06,24999.91584234241,1,0,1499.9949505405446,1799.9939406486487,0.0,0.0,0.0,0.0,0.0,0.35,667.83231428256,-0.0,667.83231428256,26760.0,0.0
36.1,braking,0.0,1.0,5.365597443919946,-0.981590019540235,3.4965385375930967e-134,3.7197218485032946e-134,1.041029445540457e-133,1.041029445540457e-133,0.0,5259.8358931260545,5102.040816332273,80000.0,0.0,79999.99999752737,79999.99999752737,-2.4726323317736387e-06,24999.91584234241,1,0,1499.9949505405446,1799.9939406486487,0.0,0.0,0.0,0.0,0.0,0.35,667.83231428256,-0.0,667.83231428256,26760.0,0.0
36.15,braking,0.0,1.0,5.316520489573232,-0.9815390869342799,1.274749504069471e-134,1.3561164936909268e-134,3.795634539289076e-134,3.795634539289076e-134,0.0,5259.8358931260545,5102.040816332273,80000.0,0.0,79999.99999797557,79999.99999797557,-2.0244333427399397e-06,24999.91584234241,1,0,1499.9949505405446,1799.9939406486487,0.0,0.0,0.0,0.0,0.0,0.35,667.83231428256,-0.0,667.83231428256,26760.0,0.0
36.2,braking,0.0,1.0,5.267446058454584,-0.981488622372968,4.647034596341048e-135,4.9436538258947325e-135,1.3837923405009456e-134,1.3837923405009456e-134,0.0,5259.8358931260545,5102.040816332273,80000.0,0.0,79999.99999834252,79999.99999834252,-1.6574776964262128e-06,24999.91584234241,1,0,1499.9949505405446,1799.9939406486487,0.0,0.0,0.0,0.0,0.0,0.35,667.83231428256,-0.0,667.83231428256,26760.0,0.0
36.25,braking,0.0,1.0,5.218374127166555,-0.9814386257605712,1.6939119403121036e-135,1.8020339790554296e-135,5.044544720300748e-135,5.044544720300748e-135,0.0,5259.8358931260545,5102.040816332273,80000.0,0.0,79999.99999864299,79999.99999864299,-1.357009750790894e-06,24999.91584234241,1,0,1499.9949505405446,1799.9939406486487,0.0,0.0,0.0,0.0,0.0,0.35,667.83231428256,-0.0,667.83231428256,26760.0,0.0
36.3,braking,0.0,1.0,5.169304672316442,-0.9813890970022676,6.174033084355614e-136,6.568120302505973e-136,1.838810182709622e-135,1.838810182709622e-135,0.0,5259.8358931260545,5102.040816332273,80000.0,0.0,79999.99999888896,79999.99999888896,-1.1110387276858091e-06,24999.91584234241,1,0,1499.9949505405446,1799.9939406486487,0.0,0.0,0.0,0.0,0.0,0.35,667.83231428256,-0.0,667.83231428256,26760.0,0.0
36.35,braking,0.0,1.0,5.1202376705162385,-0.9813400360040703,2.2501402374093867e-136,2.393766210009986e-136,6.7021635739856865e-136,6.7021635739856865e-136,0.0,5259.8358931260545,5102.040816332273,80000.0,0.0,79999.99999909036,79999.99999909036,-9.096402209252119e-07,24999.91584234241,1,0,1499.9949505405446,1799.9939406486487,0.0,0.0,0.0,0.0,0.0,0.35,667.83231428256,-0.0,667.83231428256,26760.0,0.0
36.4,braking,0.0,1.0,5.071173098382597,-0.981291442672827,8.199965428400318e-137,8.723367477021615e-137,2.442618581642843e-136,2.442618581642843e-136,0.0,5259.8358931260545,5102.040816332273,80000.0,0.0,79999.99999925526,79999.99999925526,-7.447379175573587e-07,24999.91584234241,1,0,1499.9949505405446,1799.9939406486487,0.0,0.0,0.0,0.0,0.0,0.35,667.83231428256,-0.0,667.83231428256,26760.0,0.0
36.45,braking,0.0,1.0,5.02211093253678,-0.9812433169163448,2.9879651668325846e-137,3.178686347694239e-137,8.901395384715935e-137,8.901395384715935e-137,0.0,5259.8358931260545,5102.040816332273,80000.0,0.0,79999.99999939026,79999.99999939026,-6.097397999837995e-07,24999.91584234241,1,0,1499.9949505405446,1799.9939406486487,0.0,0.0,0.0,0.0,0.0,0.35,667.83231428256,-0.0,667.83231428256,26760.0,0.0
36.5,braking,0.0,1.0,4.973051149604617,-0.9811956586432657,1.0886777894452505e-137,1.1581678611119686e-137,3.2435574976471827e-137,3.2435574976471827e-137,0.0,5259.8358931260545,5102.040816332273,80000.0,0.0,79999.9999995008,79999.9999995008,-4.992034519091249e-07,24999.91584234241,1,0,1499.9949505405446,1799.9939406486487,0.0,0.0,0.0,0.0,0.0,0.35,667.83231428256,-0.0,667.83231428256,26760.0,0.0
36.55,braking,0.0,1.0,4.923993726216463,-0.9811484677630666,3.966274314789007e-138,4.2194407604138375e-138,1.181803939910172e-137,1.181803939910172e-137,0.0,5259.8358931260545,5102.040816332273,80000.0,0.0,79999.99999959128,79999.99999959128,-4.0871964301913977e-07,24999.91584234241,1,0,1499.9949505405446,1799.9939406486487,0.0,0.0,0.0,0.0,0.0,0.35,667.83231428256,-0.0,667.83231428256,26760.0,0.0
36.6,braking,0.0,1.0,4.874938639007155,-0.9811017441861658,1.444857079360034e-138,1.537081999319185e-138,4.3055517963406505e-138,4.3055517963406505e-138,0.0,5259.8358931260545,5102.040816332273,80000.0,0.0,79999.99999966536,79999.99999966536,-3.346358425915241e-07,24999.91584234241,1,0,1499.9949505405446,1799.9939406486487,0.0,0.0,0.0,0.0,0.0,0.35,667.83231428256,-0.0,667.83231428256,26760.0,0.0
36.65,braking,0.0,1.0,4.825885864615961,-0.9810554878238875,5.26289824263544e-139,5.598827917697277e-139,1.5684510197134542e-138,1.5684510197134542e-138,0.0,5259.8358931260545,5102.040816332273,80000.0,0.0,79999.99999972602,79999.99999972602,-2.739834599196911e-07,24999.91584234241,1,0,1499.9949505405446,1799.9939406486487,0.0,0.0,0.0,0.0,0.0,0.35,667.83231428256,-0.0,667.83231428256,26760.0,0.0
36.7,braking,0.0,1.0,4.776835379686542,-0.9810096985883732,1.9168236267540764e-139,2.039174071014975e-139,5.713089711935997e-139,5.713089711935997e-139,0.0,5259.8358931260545,5102.040816332273,80000.0,0.0,79999.99999977568,79999.99999977568,-2.2431777324527502e-07,24999.91584234241,1,0,1499.9949505405446,1799.9939406486487,0.0,0.0,0.0,0.0,0.0,0.35,667.83231428256,-0.0,667.83231428256,26760.0,0.0
36.75,braking,0.0,1.0,4.727787160866908,-0.9809643763926701,6.980645195056776e-140,7.426218292613592e-140,2.0807898683826274e-139,2.0807898683826274e-139,0.0,5259.8358931260545,5102.040816332273,80000.0,0.0,79999.99999981634,79999.99999981634,-1.8365972209721804e-07,24999.91584234241,1,0,1499.9949505405446,1799.9939406486487,0.0,0.0,0.0,0.0,0.0,0.35,667.83231428256,-0.0,667.83231428256,26760.0,0.0
36.8,braking,0.0,1.0,4.67874118480937,-0.9809195211507671,2.5419342406422077e-140,2.7041853623853273e-140,7.5777737679730525e-140,7.5777737679730525e-140,0.0,5259.8358931260545,5102.040816332273,80000.0,0.0,79999.99999984964,79999.99999984964,-1.5036494005471468e-07,24999.91584234241,1,0,1499.9949505405446,1799.9939406486487,0.0,0.0,0.0,0.0,0.0,0.35,667.83231428256,-0.0,667.83231428256,26760.0,0.0
36.85,braking,0.0,1.0,4.629697428170498,-0.9808751327774345,9.255235448560815e-141,9.845995158043421e-141,2.759372818760538e-140,2.759372818760538e-140,0.0,5259.8358931260545,5102.040816332273,80000.0,0.0,79999.99999987688,79999.99999987688,-1.2312375474721193e-07,24999.91584234241,1,0,1499.9949505405446,1799.9939406486487,0.0,0.0,0.0,0.0,0.0,0.35,667.83231428256,-0.0,667.83231428256,26760.0,0.0
36.9,braking,0.0,1.0,4.5806558676110765,-0.9808312111884376,3.369489400361932e-141,3.5845631918743955e-141,1.0046933834738185e-140,1.0046933834738185e-140,0.0,5259.8358931260545,5102.040816332273,80000.0,0.0,79999.9999998992,79999.9999998992,-1.0080111678689718e-07,24999.91584234241,1,0,1499.9949505405446,1799.9939406486487,0.0,0.0,0.0,0.0,0.0,0.35,667.83231428256,-0.0,667.83231428256,26760.0,0.0
36.95,braking,0.0,1.0,4.531616479796057,-0.9807877563003942,1.2265724324273586e-141,1.304864289816339e-141,3.657717542728975e-141,3.657717542728975e-141,0.0,5259.8358931260545,5102.040816332273,80000.0,0.0,79999.99999991748,79999.99999991748,-8.252391126006842e-08,24999.91584234241,1,0,1499.9949505405446,1799.9939406486487,0.0,0.0,0.0,0.0,0.0,0.35,667.83231428256,-0.0,667.83231428256,26760.0,0.0
37.0,braking,0.0,1.0,4.482579241394519,-0.9807447680307568,4.4645097367421346e-142,4.749478443342697e-142,1.3314941732819787e-141,1.3314941732819787e-141,0.0,5259.8358931260545,5102.040816332273,80000.0,0.0,79999.99999993244,79999.99999993244,-6.756454240530729e-08,24999.91584234241,1,0,1499.9949505405446,1799.9939406486487,0.0,0.0,0.0,0.0,0.0,0.35,667.83231428256,-0.0,667.83231428256,26760.0,0.0
37.05,braking,0.0,1.0,4.433544129079622,-0.9807022462979376,1.6248181976274575e-142,1.7285299974760188e-142,4.8464065748394866e-142,4.8464065748394866e-142,0.0,5259.8358931260545,5102.040816332273,80000.0,0.0,79999.99999994467,79999.99999994467,-5.532638169825077e-08,24999.91584234241,1,0,1499.9949505405446,1799.9939406486487,0.0,0.0,0.0,0.0,0.0,0.35,667.83231428256,-0.0,667.83231428256,26760.0,0.0
37.1,braking,0.0,1.0,4.384511119528559,-0.9806601910212542,5.912690148778465e-143,6.290095902955814e-143,1.7638061198734887e-142,1.7638061198734887e-142,0.0,5259.8358931260545,5102.040816332273,80000.0,0.0,79999.9999999547,79999.9999999547,-4.530011210590601e-08,24999.91584234241,1,0,1499.9949505405446,1799.9939406486487,0.0,0.0,0.0,0.0,0.0,0.35,667.83231428256,-0.0,667.83231428256,26760.0,0.0
37.15,braking,0.0,1.0,4.33548018942252,-0.9806186021207886,2.1513630173425814e-143,2.2886840610027464e-143,6.41846520709777e-143,6.41846520709777e-143,0.0,5259.8358931260545,5102.040816332273,80000.0,0.0,79999.9999999629,79999.9999999629,-3.7092831917107105e-08,24999.91584234241,1,0,1499.9949505405446,1799.9939406486487,0.0,0.0,0.0,0.0,0.0,0.35,667.83231428256,-0.0,667.83231428256,26760.0,0.0
37.2,braking,0.0,1.0,4.2864513154466355,-0.980577479517688,7.826892285477699e-144,8.326481154763509e-144,2.3353918989823943e-143,2.3353918989823943e-143,0.0,5259.8358931260545,5102.040816332273,80000.0,0.0,79999.99999996963,79999.99999996963,-3.036984708160162e-08,24999.91584234241,1,0,1499.9949505405446,1799.9939406486487,0.0,0.0,0.0,0.0,0.0,0.35,667.83231428256,-0.0,667.83231428256,26760.0,0.0
37.25,braking,0.0,1.0,4.237424474289944,-0.9805368231338285,2.847153652805458e-144,3.0288868646866574e-144,8.496409341595418e-144,8.496409341595418e-144,0.0,5259.8358931260545,5102.040816332273,80000.0,0.0,79999.99999997516,79999.99999997516,-2.4840119294822216e-08,24999.91584234241,1,0,1499.9949505405446,1799.9939406486487,0.0,0.0,0.0,0.0,0.0,0.35,667.83231428256,-0.0,667.83231428256,26760.0,0.0
37.3,braking,0.0,1.0,4.188399642645343,-0.9804966328920273,1.0355644018698077e-144,1.1016642573083061e-144,3.090700882333324e-144,3.090700882333324e-144,0.0,5259.8358931260545,5102.040816332273,80000.0,0.0,79999.99999997966,79999.99999997966,-2.034357748925686e-08,24999.91584234241,1,0,1499.9949505405446,1799.9939406486487,0.0,0.0,0.0,0.0,0.0,0.35,667.83231428256,-0.0,667.83231428256,26760.0,0.0
37.35,braking,0.0,1.0,4.139376797209539,-0.9804569087160786,3.766055415621609e-145,4.00644193151235e-145,1.1241472013350063e-144,1.1241472013350063e-144,0.0,5259.8358931260545,5102.040816332273,80000.0,0.0,79999.99999998337,79999.99999998337,-1.663283910602331e-08,24999.91584234241,1,0,1499.9949505405446,1799.9939406486487,0.0,0.0,0.0,0.0,0.0,0.35,667.83231428256,-0.0,667.83231428256,26760.0,0.0
37.4,braking,0.0,1.0,4.0903559146830135,-0.9804176505305051,1.3694253640945445e-145,1.4568354937176006e-145,4.0882060525636224e-145,4.0882060525636224e-145,0.0,5259.8358931260545,5102.040816332273,80000.0,0.0,79999.99999998638,79999.99999998638,-1.3620592653751373e-08,24999.91584234241,1,0,1499.9949505405446,1799.9939406486487,0.0,0.0,0.0,0.0,0.0,0.35,667.83231428256,-0.0,667.83231428256,26760.0,0.0
37.45,braking,0.0,1.0,4.0413369717699705,-0.9803788582608597,4.978869378827585e-146,5.296669551944239e-146,1.4865668303240822e-145,1.4865668303240822e-145,0.0,5259.8358931260545,5102.040816332273,80000.0,0.0,79999.99999998884,79999.99999998884,-1.1161318980157375e-08,24999.91584234241,1,0,1499.9949505405446,1799.9939406486487,0.0,0.0,0.0,0.0,0.0,0.35,667.83231428256,-0.0,667.83231428256,26760.0,0.0
37.5,braking,0.0,1.0,3.9923199451782936,-0.980340531833539,1.8099325428494157e-146,1.9254601519674636e-146,5.4047648489226925e-146,5.4047648489226925e-146,0.0,5259.8358931260545,5102.040816332273,80000.0,0.0,79999.99999999089,79999.99999999089,-9.10949893295765e-09,24999.91584234241,1,0,1499.9949505405446,1799.9939406486487,0.0,0.0,0.0,0.0,0.0,0.35,667.83231428256,-0.0,667.83231428256,26760.0,0.0
37.55,braking,0.0,1.0,3.943304811619506,-0.9803026711757479,6.57857562995645e-147,6.998484712719627e-147,1.964755257109657e-146,1.964755257109657e-146,0.0,5259.8358931260545,5102.040816332273,80000.0,0.0,79999.99999999256,79999.99999999256,-7.436028681695461e-09,24999.91584234241,1,0,1499.9949505405446,1799.9939406486487,0.0,0.0,0.0,0.0,0.0,0.35,667.83231428256,-0.0,667.83231428256,26760.0,0.0
37.6,braking,0.0,1.0,3.8942915478087228,-0.9802652762156683,2.3907692672219277e-147,2.5433715608743913e-147,7.141310931346559e-147,7.141310931346559e-147,0.0,5259.8358931260545,5102.040816332273,80000.0,0.0,79999.99999999392,79999.99999999392,-6.082700565457344e-09,24999.91584234241,1,0,1499.9949505405446,1799.9939406486487,0.0,0.0,0.0,0.0,0.0,0.35,667.83231428256,-0.0,667.83231428256,26760.0,0.0
37.65,braking,0.0,1.0,3.845280130464605,-0.9802283468823525,8.687167448556485e-148,9.241667498464346e-148,2.5952771029330524e-147,2.5952771029330524e-147,0.0,5259.8358931260545,5102.040816332273,80000.0,0.0,79999.99999999502,79999.99999999502,-4.976755008101463e-09,24999.91584234241,1,0,1499.9949505405446,1799.9939406486487,0.0,0.0,0.0,0.0,0.0,0.35,667.83231428256,-0.0,667.83231428256,26760.0,0.0
37.7,braking,0.0,1.0,3.796270536309318,-0.980191883105741,3.156107768673998e-148,3.357561456036168e-148,9.43027295761668e-148,9.43027295761668e-148,0.0,5259.8358931260545,5102.040816332273,80000.0,0.0,79999.99999999591,79999.99999999591,-4.089088179171085e-09,24999.91584234241,1,0,1499.9949505405446,1799.9939406486487,0.0,0.0,0.0,0.0,0.0,0.35,667.83231428256,-0.0,667.83231428256,26760.0,0.0
37.75,braking,0.0,1.0,3.7472627420684863,-0.9801558848166358,1.1464546077755176e-148,1.2196325614633166e-148,3.426083118404253e-148,3.426083118404253e-148,0.0,5259.8358931260545,5102.040816332273,80000.0,0.0,79999.99999999665,79999.99999999665,-3.346940502524376e-09,24999.91584234241,1,0,1499.9949505405446,1799.9939406486487,0.0,0.0,0.0,0.0,0.0,0.35,667.83231428256,-0.0,667.83231428256,26760.0,0.0
37.8,braking,0.0,1.0,3.6982567244711495,-0.9801203519467361,4.163816220455499e-149,4.429591723888829e-149,1.2445230219013436e-148,1.2445230219013436e-148,0.0,5259.8358931260545,5102.040816332273,80000.0,0.0,79999.99999999726,79999.99999999726,-2.735760062932968e-09,24999.91584234241,1,0,1499.9949505405446,1799.9939406486487,0.0,0.0,0.0,0.0,0.0,0.35,667.83231428256,-0.0,667.83231428256,26760.0,0.0
37.85,braking,0.0,1.0,3.649252460249717,-0.9800852844286467,1.512007904290743e-149,1.6085190471178117e-149,4.519991554988602e-149,4.519991554988602e-149,0.0,5259.8358931260545,5102.040816332273,80000.0,0.0,79999.99999999777,79999.99999999777,-2.2264430299401283e-09,24999.91584234241,1,0,1499.9949505405446,1799.9939406486487,0.0,0.0,0.0,0.0,0.0,0.35,667.83231428256,-0.0,667.83231428256,26760.0,0.0
37.9,braking,0.0,1.0,3.6002499261399254,-0.9800506821958344,5.48962261935631e-150,5.840024063145011e-150,1.6413459664467466e-149,1.6413459664467466e-149,0.0,5259.8358931260545,5102.040816332273,80000.0,0.0,79999.99999999817,79999.99999999817,-1.8335413187742233e-09,24999.91584234241,1,0,1499.9949505405446,1799.9939406486487,0.0,0.0,0.0,0.0,0.0,0.35,667.83231428256,-0.0,667.83231428256,26760.0,0.0
37.95,braking,0.0,1.0,3.5512490988807937,-0.9800165451826359,1.9927593805417578e-150,2.1199567878103807e-150,5.959208227698991e-150,5.959208227698991e-150,0.0,5259.8358931260545,5102.040816332273,80000.0,0.0,79999.9999999985,79999.9999999985,-1.4988472685217857e-09,24999.91584234241,1,0,1499.9949505405446,1799.9939406486487,0.0,0.0,0.0,0.0,0.0,0.35,667.83231428256,-0.0,667.83231428256,26760.0,0.0
38.0,braking,0.0,1.0,3.5022499552145785,-0.9799828733243032,7.232511301136494e-151,7.694160958655844e-151,2.1632212120514093e-150,2.1632212120514093e-150,0.0,5259.8358931260545,5102.040816332273,80000.0,0.0,79999.99999999878,79999.99999999878,-1.2223608791828156e-09,24999.91584234241,1,0,1499.9949505405446,1799.9939406486487,0.0,0.0,0.0,0.0,0.0,0.35,667.83231428256,-0.0,667.83231428256,26760.0,0.0
38.05,braking,0.0,1.0,3.453252471886728,-0.9799496665570118,2.6244791409897254e-151,2.7919990861592825e-151,7.851184651689637e-151,7.851184651689637e-151,0.0,5259.8358931260545,5102.040816332273,80000.0,0.0,79999.999999999,79999.999999999,-1.0040821507573128e-09,24999.91584234241,1,0,1499.9949505405446,1799.9939406486487,0.0,0.0,0.0,0.0,0.0,0.35,667.83231428256,-0.0,667.83231428256,26760.0,0.0
38.1,braking,0.0,1.0,3.404256625645842,-0.9799169248177186,9.521703317804661e-152,1.012947161468581e-151,2.848978659346207e-151,2.848978659346207e-151,0.0,5259.8358931260545,5102.040816332273,80000.0,0.0,79999.99999999917,79999.99999999917,-8.294591680169106e-10,24999.91584234241,1,0,1499.9949505405446,1799.9939406486487,0.0,0.0,0.0,0.0,0.0,0.35,667.83231428256,-0.0,667.83231428256,26760.0,0.0
38.15,braking,0.0,1.0,3.3552623932436254,-0.9798846480443313,3.4538331727817976e-152,3.674290609342338e-152,1.0336195525189603e-151,1.0336195525189603e-151,0.0,5259.8358931260545,5102.040816332273,80000.0,0.0,79999.99999999932,79999.99999999932,-6.83940015733242e-10,24999.91584234241,1,0,1499.9949505405446,1799.9939406486487,0.0,0.0,0.0,0.0,0.0,0.35,667.83231428256,-0.0,667.83231428256,26760.0,0.0
38.2,braking,0.0,1.0,3.3062697514348423,-0.9798528361756631,1.2525666219465384e-152,1.3325176829218495e-152,3.7492761319819776e-152,3.7492761319819776e-152,0.0,5259.8358931260545,5102.040816332273,80000.0,0.0,79999.99999999946,79999.99999999946,-5.384208634495735e-10,24999.91584234241,1,0,1499.9949505405446,1799.9939406486487,0.0,0.0,0.0,0.0,0.0,0.35,667.83231428256,-0.0,667.83231428256,26760.0,0.0
38.25,braking,0.0,1.0,3.2572786769772755,-0.9798214891513357,4.541617455789958e-153,4.831507931691445e-153,1.359711921348826e-152,1.359711921348826e-152,0.0,5259.8358931260545,5102.040816332273,80000.0,0.0,79999.99999999953,79999.99999999953,-4.656612873077393e-10,24999.91584234241,1,0,1499.9949505405446,1799.9939406486487,0.0,0.0,0.0,0.0,0.0,0.35,667.83231428256,-0.0,667.83231428256,26760.0,0.0
38.3,braking,0.0,1.0,3.208289146631679,-0.97979060691193,1.646371589805343e-153,1.7514591380907904e-153,4.930110134379026e-153,4.930110134379026e-153,0.0,5259.8358931260545,5102.040816332273,80000.0,0.0,79999.9999999996,79999.9999999996,-3.92901711165905e-10,24999.91584234241,1,0,1499.9949505405446,1799.9939406486487,0.0,0.0,0.0,0.0,0.0,0.35,667.83231428256,-0.0,667.83231428256,26760.0,0.0
38.35,braking,0.0,1.0,3.159301137161735,-0.9797601893988794,5.966917232232419e-154,6.347784289608957e-154,1.7872032021334595e-153,1.7872032021334595e-153,0.0,5259.8358931260545,5102.040816332273,80000.0,0.0,79999.99999999968,79999.99999999968,-3.2014213502407074e-10,24999.91584234241,1,0,1499.9949505405446,1799.9939406486487,0.0,0.0,0.0,0.0,0.0,0.35,667.83231428256,-0.0,667.83231428256,26760.0,0.0
38.4,braking,0.0,1.0,3.1103146253340115,-0.9797302365544702,2.1620917402190574e-154,2.300097595977721e-154,6.477330907764242e-154,6.477330907764242e-154,0.0,5259.8358931260545,5102.040816332273,80000.0,0.0,79999.99999999975,79999.99999999975,-2.473825588822365e-10,24999.91584234241,1,0,1499.9949505405446,1799.9939406486487,0.0,0.0,0.0,0.0,0.0,0.35,667.83231428256,-0.0,667.83231428256,26760.0,0.0
38.45,braking,0.0,1.0,3.061329587917916,-0.9797007483219122,7.832441456835346e-155,8.33238452854824e-155,2.3470383632425724e-154,2.3470383632425724e-154,0.0,5259.8358931260545,5102.040816332273,80000.0,0.0,79999.99999999983,79999.99999999983,-1.7462298274040222e-10,24999.91584234241,1,0,1499.9949505405446,1799.9939406486487,0.0,0.0,0.0,0.0,0.0,0.35,667.83231428256,-0.0,667.83231428256,26760.0,0.0
38.5,braking,0.0,1.0,3.0123460016856503,-0.9796717246453124,2.8367167577389625e-155,3.0177837848286836e-155,8.502433192396164e-155,8.502433192396164e-155,0.0,5259.8358931260545,5102.040816332273,80000.0,0.0,79999.99999999983,79999.99999999983,-1.7462298274040222e-10,24999.91584234241,1,0,1499.9949505405446,1799.9939406486487,0.0,0.0,0.0,0.0,0.0,0.35,667.83231428256,-0.0,667.83231428256,26760.0,0.0
38.55,braking,0.0,1.0,2.963363843412171,-0.9796431654695859,1.0271343628955253e-155,1.0926961307399206e-155,3.079371209008861e-155,3.079371209008861e-155,0.0,5259.8358931260545,5102.040816332273,80000.0,0.0,79999.99999999983,79999.99999999983,-1.7462298274040222e-10,24999.91584234241,1,0,1499.9949505405446,1799.9939406486487,0.0,0.0,0.0,0.0,0.0,0.35,667.83231428256,-0.0,667.83231428256,26760.0,0.0
38.6,braking,0.0,1.0,2.9143830898751393,-0.9796150707406337,3.7181554410976247e-156,3.955484511805984e-156,1.1149960517754292e-155,1.1149960517754292e-155,0.0,5259.8358931260545,5102.040816332273,80000.0,0.0,79999.99999999983,79999.99999999983,-1.7462298274040222e-10,24999.91584234241,1,0,1499.9949505405446,1799.9939406486487,0.0,0.0,0.0,0.0,0.0,0.35,667.83231428256,-0.0,667.83231428256,26760.0,0.0
38.65,braking,0.0,1.0,2.865403717854883,-0.9795874404051297,1.3455913408751703e-156,1.4314801498672026e-156,4.0362086855163103e-156,4.0362086855163103e-156,0.0,5259.8358931260545,5102.040816332273,80000.0,0.0,79999.99999999983,79999.99999999983,-1.7462298274040222e-10,24999.91584234241,1,0,1499.9949505405446,1799.9939406486487,0.0,0.0,0.0,0.0,0.0,0.35,667.83231428256,-0.0,667.83231428256,26760.0,0.0
38.7,braking,0.0,1.0,2.816425704134346,-0.9795602744107335,4.868333959682107e-157,5.17907868051288e-157,1.4606940304767373e-156,1.4606940304767373e-156,0.0,5259.8358931260545,5102.040816332273,80000.0,0.0,79999.99999999983,79999.99999999983,-1.7462298274040222e-10,24999.91584234241,1,0,1499.9949505405446,1799.9939406486487,0.0,0.0,0.0,0.0,0.0,0.35,667.83231428256,-0.0,667.83231428256,26760.0,0.0
38.75,braking,0.0,1.0,2.7674490254990514,-0.9795335727058951,1.760860949642854e-157,1.8732563294072917e-157,5.284774163788652e-157,5.284774163788652e-157,0.0,5259.8358931260545,5102.040816332273,80000.0,0.0,79999.99999999983,79999.99999999983,-1.7462298274040222e-10,24999.91584234241,1,0,1499.9949505405446,1799.9939406486487,0.0,0.0,0.0,0.0,0.0,0.35,667.83231428256,-0.0,667.83231428256,26760.0,0.0
38.8,braking,0.0,1.0,2.7184736587370515,-0.9795073352399974,6.367120360185677e-158,6.7735322980698695e-158,1.911486050415604e-157,1.911486050415604e-157,0.0,5259.8358931260545,5102.040816332273,80000.0,0.0,79999.99999999983,79999.99999999983,-1.7462298274040222e-10,24999.91584234241,1,0,1499.9949505405446,1799.9939406486487,0.0,0.0,0.0,0.0,0.0,0.35,667.83231428256,-0.0,667.83231428256,26760.0,0.0
38.85,braking,0.0,1.0,2.669499580638886,-0.9794815619633113,2.3016003166991795e-158,2.448510975211893e-158,6.911767651091704e-158,6.911767651091704e-158,0.0,5259.8358931260545,5102.040816332273,80000.0,0.0,79999.99999999983,79999.99999999983,-1.7462298274040222e-10,24999.91584234241,1,0,1499.9949505405446,1799.9939406486487,0.0,0.0,0.0,0.0,0.0,0.35,667.83231428256,-0.0,667.83231428256,26760.0,0.0
38.9,braking,0.0,1.0,2.6205267679975384,-0.9794562528269513,8.317272406398547e-159,8.84816213446654e-159,2.498480586950911e-158,2.498480586950911e-158,0.0,5259.8358931260545,5102.040816332273,80000.0,0.0,79999.99999999983,79999.99999999983,-1.7462298274040222e-10,24999.91584234241,1,0,1499.9949505405446,1799.9939406486487,0.0,0.0,0.0,0.0,0.0,0.35,667.83231428256,-0.0,667.83231428256,26760.0,0.0
38.95,braking,0.0,1.0,2.571555197608393,-0.9794314077829114,3.0046311927374634e-159,3.1964161624866635e-159,9.028736871904634e-159,9.028736871904634e-159,0.0,5259.8358931260545,5102.040816332273,80000.0,0.0,79999.99999999983,79999.99999999983,-1.7462298274040222e-10,24999.91584234241,1,0,1499.9949505405446,1799.9939406486487,0.0,0.0,0.0,0.0,0.0,0.35,667.83231428256,-0.0,667.83231428256,26760.0,0.0
39.0,braking,0.0,1.0,2.522584846269185,-0.9794070267841537,1.0850641953244131e-159,1.1543236120472482e-159,3.2616491453945546e-159,3.2616491453945546e-159,0.0,5259.8358931260545,5102.040816332273,80000.0,0.0,79999.99999999983,79999.99999999983,-1.7462298274040222e-10,24999.91584234241,1,0,1499.9949505405446,1799.9939406486487,0.0,0.0,0.0,0.0,0.0,0.35,667.83231428256,-0.0,667.83231428256,26760.0,0.0
39.05,braking,0.0,1.0,2.473615690779966,-0.9793831097843864,3.917131953580594e-160,4.167161652745313e-160,1.1778812367829063e-159,1.1778812367829063e-159,0.0,5259.8358931260545,5102.040816332273,80000.0,0.0,79999.99999999983,79999.99999999983,-1.7462298274040222e-10,24999.91584234241,1,0,1499.9949505405446,1799.9939406486487,0.0,0.0,0.0,0.0,0.0,0.35,667.83231428256,-0.0,667.83231428256,26760.0,0.0
39.1,braking,0.0,1.0,2.4246477079430515,-0.9793596567382856,1.4135906092384119e-160,1.5038197970621405e-160,4.2522057681074625e-160,4.2522057681074625e-160,0.0,5259.8358931260545,5102.040816332273,80000.0,0.0,79999.99999999983,79999.99999999983,-1.7462298274040222e-10,24999.91584234241,1,0,1499.9949505405446,1799.9939406486487,0.0,0.0,0.0,0.0,0.0,0.35,667.83231428256,-0.0,667.83231428256,26760.0,0.0
39.15,braking,0.0,1.0,2.375680874562981,-0.979336667601407,5.099359308551377e-161,5.424850328246146e-161,1.5345099970021842e-160,1.5345099970021842e-160,0.0,5259.8358931260545,5102.040816332273,80000.0,0.0,79999.99999999983,79999.99999999983,-1.7462298274040222e-10,24999.91584234241,1,0,1499.9949505405446,1799.9939406486487,0.0,0.0,0.0,0.0,0.0,0.35,667.83231428256,-0.0,667.83231428256,26760.0,0.0
39.2,braking,0.0,1.0,2.326715167446474,-0.979314142330141,1.838812940025803e-161,1.9561839787508544e-161,5.535561559434843e-161,5.535561559434843e-161,0.0,5259.8358931260545,5102.040816332273,80000.0,0.0,79999.99999999983,79999.99999999983,-1.7462298274040222e-10,24999.91584234241,1,0,1499.9949505405446,1799.9939406486487,0.0,0.0,0.0,0.0,0.0,0.35,667.83231428256,-0.0,667.83231428256,26760.0,0.0
39.25,braking,0.0,1.0,2.277750563402384,-0.9792920808818018,6.628000379341979e-162,7.051064233342532e-162,1.996106100766178e-161,1.996106100766178e-161,0.0,5259.8358931260545,5102.040816332273,80000.0,0.0,79999.99999999983,79999.99999999983,-1.7462298274040222e-10,24999.91584234241,1,0,1499.9949505405446,1799.9939406486487,0.0,0.0,0.0,0.0,0.0,0.35,667.83231428256,-0.0,667.83231428256,26760.0,0.0
39.3,braking,0.0,1.0,2.228787039241657,-0.9792704832145382,2.3880486066499297e-162,2.5404772411169466e-162,7.194963503410746e-162,7.194963503410746e-162,0.0,5259.8358931260545,5102.040816332273,80000.0,0.0,79999.99999999983,79999.99999999983,-1.7462298274040222e-10,24999.91584234241,1,0,1499.9949505405446,1799.9939406486487,0.0,0.0,0.0,0.0,0.0,0.35,667.83231428256,-0.0,667.83231428256,26760.0,0.0
39.35,braking,0.0,1.0,2.179824571777286,-0.9792493492874232,8.600260816733171e-163,9.149213634822522e-163,2.592323715425456e-162,2.592323715425456e-162,0.0,5259.8358931260545,5102.040816332273,80000.0,0.0,79999.99999999983,79999.99999999983,-1.7462298274040222e-10,24999.91584234241,1,0,1499.9949505405446,1799.9939406486487,0.0,0.0,0.0,0.0,0.0,0.35,667.83231428256,-0.0,667.83231428256,26760.0,0.0
39.4,braking,0.0,1.0,2.130863137824266,-0.9792286790603999,3.0958474407273865e-163,3.293454724178071e-163,9.335932280431146e-163,9.335932280431146e-163,0.0,5259.8358931260545,5102.040816332273,80000.0,0.0,79999.99999999983,79999.99999999983,-1.7462298274040222e-10,24999.91584234241,1,0,1499.9949505405446,1799.9939406486487,0.0,0.0,0.0,0.0,0.0,0.35,667.83231428256,-0.0,667.83231428256,26760.0,0.0
39.45,braking,0.0,1.0,2.0819027141995536,-0.9792084724942463,1.1138790593186975e-163,1.1849777226794655e-163,3.360668085895991e-163,3.360668085895991e-163,0.0,5259.8358931260545,5102.040816332273,80000.0,0.0,79999.99999999983,79999.99999999983,-1.7462298274040222e-10,24999.91584234241,1,0,1499.9949505405446,1799.9939406486487,0.0,0.0,0.0,0.0,0.0,0.35,667.83231428256,-0.0,667.83231428256,26760.0,0.0
39.5,braking,0.0,1.0,2.0329432777220187,-0.9791887295506996,4.005692157853874e-164,4.261374636014759e-164,1.2091609415096587e-163,1.2091609415096587e-163,0.0,5259.8358931260545,5102.040816332273,80000.0,0.0,79999.99999999983,79999.99999999983,-1.7462298274040222e-10,24999.91584234241,1,0,1499.9949505405446,1799.9939406486487,0.0,0.0,0.0,0.0,0.0,0.35,667.83231428256,-0.0,667.83231428256,26760.0,0.0
39.55,braking,0.0,1.0,1.9839848052124058,-0.9791694501922565,1.4397529039288362e-164,1.5316520254562089e-164,4.348341465321183e-164,4.348341465321183e-164,0.0,5259.8358931260545,5102.040816332273,80000.0,0.0,79999.99999999983,79999.99999999983,-1.7462298274040222e-10,24999.91584234241,1,0,1499.9949505405446,1799.9939406486487,0.0,0.0,0.0,0.0,0.0,0.35,667.83231428256,-0.0,667.83231428256,26760.0,0.0
39.6,braking,0.0,1.0,1.9350272734932834,-0.9791506343824485,5.171997558422322e-165,5.502125062151407e-165,1.5629102300573561e-164,1.5629102300573561e-164,0.0,5259.8358931260545,5102.040816332273,80000.0,0.0,79999.99999999983,79999.99999999983,-1.7462298274040222e-10,24999.91584234241,1,0,1499.9949505405446,1799.9939406486487,0.0,0.0,0.0,0.0,0.0,0.35,667.83231428256,-0.0,667.83231428256,26760.0,0.0
39.65,braking,0.0,1.0,1.8860706593890064,-0.9791322820855397,1.8568503748220141e-165,1.9753727391723555e-165,5.614413328725925e-165,5.614413328725925e-165,0.0,5259.8358931260545,5102.040816332273,80000.0,0.0,79999.99999999983,79999.99999999983,-1.7462298274040222e-10,24999.91584234241,1,0,1499.9949505405446,1799.9939406486487,0.0,0.0,0.0,0.0,0.0,0.35,667.83231428256,-0.0,667.83231428256,26760.0,0.0
39.7,braking,0.0,1.0,1.8371149397256676,-0.9791143932667756,6.662407259082915e-166,7.087667296896718e-166,2.01568646854322e-165,2.01568646854322e-165,0.0,5259.8358931260545,5102.040816332273,80000.0,0.0,79999.99999999983,79999.99999999983,-1.7462298274040222e-10,24999.91584234241,1,0,1499.9949505405446,1799.9939406486487,0.0,0.0,0.0,0.0,0.0,0.35,667.83231428256,-0.0,667.83231428256,26760.0,0.0
39.75,braking,0.0,1.0,1.7881600913310578,-0.9790969678921968,2.388952766888537e-166,2.54143911371121e-166,7.232313568261957e-166,7.232313568261957e-166,0.0,5259.8358931260545,5102.040816332273,80000.0,0.0,79999.99999999983,79999.99999999983,-1.7462298274040222e-10,24999.91584234241,1,0,1499.9949505405446,1799.9939406486487,0.0,0.0,0.0,0.0,0.0,0.35,667.83231428256,-0.0,667.83231428256,26760.0,0.0
39.8,braking,0.0,1.0,1.739206091034618,-0.9790800059287941,8.560348610701246e-167,9.10675384117154e-167,2.5933052180726633e-166,2.5933052180726633e-166,0.0,5259.8358931260545,5102.040816332273,80000.0,0.0,79999.99999999983,79999.99999999983,-1.7462298274040222e-10,24999.91584234241,1,0,1499.9949505405446,1799.9939406486487,0.0,0.0,0.0,0.0,0.0,0.35,667.83231428256,-0.0,667.83231428256,26760.0,0.0
39.85,braking,0.0,1.0,1.6902529156673982,-0.9790635073443976,3.0652580263434484e-167,3.2609127939823923e-167,9.292605960379121e-167,9.292605960379121e-167,0.0,5259.8358931260545,5102.040816332273,80000.0,0.0,79999.99999999983,79999.99999999983,-1.7462298274040222e-10,24999.91584234241,1,0,1499.9949505405446,1799.9939406486487,0.0,0.0,0.0,0.0,0.0,0.35,667.83231428256,-0.0,667.83231428256,26760.0,0.0
39.9,braking,0.0,1.0,1.6413005420620124,-0.9790474721077169,1.096774150547335e-167,1.1667810112205693e-167,3.3274620346759105e-167,3.3274620346759105e-167,0.0,5259.8358931260545,5102.040816332273,80000.0,0.0,79999.99999999983,79999.99999999983,-1.7462298274040222e-10,24999.91584234241,1,0,1499.9949505405446,1799.9939406486487,0.0,0.0,0.0,0.0,0.0,0.35,667.83231428256,-0.0,667.83231428256,26760.0,0.0
39.95,braking,0.0,1.0,1.5923489470525947,-0.9790319001883541,3.9212395137717536e-168,4.1715313976295253e-168,1.1905928685924177e-167,1.1905928685924177e-167,0.0,5259.8358931260545,5102.040816332273,80000.0,0.0,79999.99999999983,79999.99999999983,-1.7462298274040222e-10,24999.91584234241,1,0,1499.9949505405446,1799.9939406486487,0.0,0.0,0.0,0.0,0.0,0.35,667.83231428256,-0.0,667.83231428256,26760.0,0.0
40.0,braking,0.0,1.0,1.5433981074747558,-0.9790167915567771,1.400765083204511e-168,1.490175620430331e-168,4.2566646914587e-168,4.2566646914587e-168,0.0,5259.8358931260545,5102.040816332273,80000.0,0.0,79999.99999999983,79999.99999999983,-1.7462298274040222e-10,24999.91584234241,1,0,1499.9949505405446,1799.9939406486487,0.0,0.0,0.0,0.0,0.0,0.35,667.83231428256,-0.0,667.83231428256,26760.0,0.0
40.05,low_speed_blending,0.0,1.0,1.4944480001655398,-0.9790021461843201,4.999435362613051e-169,5.318548258098991e-169,1.5205873677860522e-168,1.5205873677860522e-168,0.0,5259.8358931260545,5102.040816332273,80000.0,0.0,79999.99999999983,79999.99999999983,-1.7462298274040222e-10,24999.91584234241,1,0,1499.9949505405446,1799.9939406486487,0.0,0.0,0.0,0.0,0.0,0.35,667.83231428256,-0.0,667.83231428256,26760.0,0.0
40.1,low_speed_blending,0.0,1.0,1.4454986019633786,-0.9789879640432231,1.7826504544432976e-169,1.8964366536630827e-169,5.427090059284686e-169,5.427090059284686e-169,0.0,5259.8358931260545,5102.040816332273,80000.0,0.0,79999.99999999983,79999.99999999983,-1.7462298274040222e-10,24999.91584234241,1,0,1499.9949505405446,1799.9939406486487,0.0,0.0,0.0,0.0,0.0,0.35,667.83231428256,-0.0,667.83231428256,26760.0,0.0
40.15,low_speed_blending,0.0,1.0,1.3965498897080497,-0.9789742451065786,6.350012162928271e-170,6.755332088221566e-170,1.9351394425133498e-169,1.9351394425133498e-169,0.0,5259.8358931260545,5102.040816332273,80000.0,0.0,79999.99999999983,79999.99999999983,-1.7462298274040222e-10,24999.91584234241,1,0,1499.9949505405446,1799.9939406486487,0.0,0.0,0.0,0.0,0.0,0.35,667.83231428256,-0.0,667.83231428256,26760.0,0.0
40.2,low_speed_blending,0.0,1.0,1.3476018402406307,-0.9789609893483808,2.2595239186573787e-170,2.4037488496355094e-170,6.893196008389353e-170,6.893196008389353e-170,0.0,5259.8358931260545,5102.040816332273,80000.0,0.0,79999.99999999983,79999.99999999983,-1.7462298274040222e-10,24999.91584234241,1,0,1499.9949505405446,1799.9939406486487,0.0,0.0,0.0,0.0,0.0,0.35,667.83231428256,-0.0,667.83231428256,26760.0,0.0
40.25,low_speed_blending,0.0,1.0,1.298654430403457,-0.9789481967434721,8.030844928455132e-171,8.543452051548014e-171,2.452804948607663e-170,2.452804948607663e-170,0.0,5259.8358931260545,5102.040816332273,80000.0,0.0,79999.99999999983,79999.99999999983,-1.7462298274040222e-10,24999.91584234241,1,0,1499.9949505405446,1799.9939406486487,0.0,0.0,0.0,0.0,0.0,0.35,667.83231428256,-0.0,667.83231428256,26760.0,0.0
40.3,low_speed_blending,0.0,1.0,1.249707637040078,-0.978935867267583,2.8508337958342194e-171,3.0328019104619357e-171,8.71780821586532e-171,8.71780821586532e-171,0.0,5259.8358931260545,5102.040816332273,80000.0,0.0,79999.99999999983,79999.99999999983,-1.7462298274040222e-10,24999.91584234241,1,0,1499.9949505405446,1799.9939406486487,0.0,0.0,0.0,0.0,0.0,0.35,667.83231428256,-0.0,667.83231428256,26760.0,0.0
40.35,low_speed_blending,0.0,1.0,1.2007614369952118,-0.9789240008973232,1.0106701121349657e-171,1.0751809703563466e-171,3.094695827001975e-171,3.094695827001975e-171,0.0,5259.8358931260545,5102.040816332273,80000.0,0.0,79999.99999999983,79999.99999999983,-1.7462298274040222e-10,24999.91584234241,1,0,1499.9949505405446,1799.9939406486487,0.0,0.0,0.0,0.0,0.0,0.35,667.83231428256,-0.0,667.83231428256,26760.0,0.0
40.4,low_speed_blending,0.0,1.0,1.1518158071147022,-0.9789125976101909,3.577912893984922e-172,3.806290312749917e-172,1.097123439139129e-171,1.097123439139129e-171,0.0,5259.8358931260545,5102.040816332273,80000.0,0.0,79999.99999999983,79999.99999999983,-1.7462298274040222e-10,24999.91584234241,1,0,1499.9949505405446,1799.9939406486487,0.0,0.0,0.0,0.0,0.0,0.35,667.83231428256,-0.0,667.83231428256,26760.0,0.0
40.45,low_speed_blending,0.0,1.0,1.1028707242454756,-0.9789016573845322,1.2646885580589853e-172,1.3454133596372185e-172,3.883969706887671e-172,3.883969706887671e-172,0.0,5259.8358931260545,5102.040816332273,80000.0,0.0,79999.99999999983,79999.99999999983,-1.7462298274040222e-10,24999.91584234241,1,0,1499.9949505405446,1799.9939406486487,0.0,0.0,0.0,0.0,0.0,0.35,667.83231428256,-0.0,667.83231428256,26760.0,0.0
40.5,low_speed_blending,0.0,1.0,1.053926165235496,-0.9788911801995903,4.462882060046156e-173,4.747746872389528e-173,1.372870775140019e-172,1.372870775140019e-172,0.0,5259.8358931260545,5102.040816332273,80000.0,0.0,79999.99999999983,79999.99999999983,-1.7462298274040222e-10,24999.91584234241,1,0,1499.9949505405446,1799.9939406486487,0.0,0.0,0.0,0.0,0.0,0.35,667.83231428256,-0.0,667.83231428256,26760.0,0.0
40.55,low_speed_blending,0.0,1.0,1.004982106933722,-0.9788811660354835,1.5720360541294379e-173,1.6723787809887638e-173,4.8446396657036e-173,4.8446396657036e-173,0.0,5259.8358931260545,5102.040816332273,80000.0,0.0,79999.99999999983,79999.99999999983,-1.7462298274040222e-10,24999.91584234241,1,0,1499.9949505405446,1799.9939406486487,0.0,0.0,0.0,0.0,0.0,0.35,667.83231428256,-0.0,667.83231428256,26760.0,0.0
40.6,low_speed_blending,0.0,1.0,0.9560385261900622,-0.9788716148731935,5.526543572406491e-174,5.879301672772863e-174,1.706508960192616e-173,1.706508960192616e-173,0.0,5259.8358931260545,5102.040816332273,80000.0,0.0,79999.99999999983,79999.99999999983,-1.7462298274040222e-10,24999.91584234241,1,0,1499.9949505405446,1799.9939406486487,0.0,0.0,0.0,0.0,0.0,0.35,667.83231428256,-0.0,667.83231428256,26760.0,0.0
40.65,low_speed_blending,0.0,1.0,0.9070953998553323,-0.9788625266945994,1.9386850415185834e-174,2.0624308952325355e-174,5.999287421196799e-174,5.999287421196799e-174,0.0,5259.8358931260545,5102.040816332273,80000.0,0.0,79999.99999999983,79999.99999999983,-1.7462298274040222e-10,24999.91584234241,1,0,1499.9949505405446,1799.9939406486487,0.0,0.0,0.0,0.0,0.0,0.35,667.83231428256,-0.0,667.83231428256,26760.0,0.0
40.7,low_speed_blending,0.0,1.0,0.8581527047812101,-0.9788539014824438,6.784687385785753e-175,7.21775253806995e-175,2.1045213216658527e-174,2.1045213216658527e-174,0.0,5259.8358931260545,5102.040816332273,80000.0,0.0,79999.99999999983,79999.99999999983,-1.7462298274040222e-10,24999.91584234241,1,0,1499.9949505405446,1799.9939406486487,0.0,0.0,0.0,0.0,0.0,0.35,667.83231428256,-0.0,667.83231428256,26760.0,0.0
40.75,low_speed_blending,0.0,1.0,0.8092104178201933,-0.9788457392203354,2.368170302340155e-175,2.5193301088725056e-175,7.365053610275459e-175,7.365053610275459e-175,0.0,5259.8358931260545,5102.040816332273,80000.0,0.0,79999.99999999983,79999.99999999983,-1.7462298274040222e-10,24999.91584234241,1,0,1499.9949505405446,1799.9939406486487,0.0,0.0,0.0,0.0,0.0,0.35,667.83231428256,-0.0,667.83231428256,26760.0,0.0
40.8,low_speed_blending,0.0,1.0,0.7602685158255547,-0.9788380398927732,8.241951600156188e-176,8.768033617187434e-176,2.570745009053577e-175,2.570745009053577e-175,0.0,5259.8358931260545,5102.040816332273,80000.0,0.0,79999.99999999983,79999.99999999983,-1.7462298274040222e-10,24999.91584234241,1,0,1499.9949505405446,1799.9939406486487,0.0,0.0,0.0,0.0,0.0,0.35,667.83231428256,-0.0,667.83231428256,26760.0,0.0
40.85,low_speed_blending,0.0,1.0,0.7113269756512984,-0.9788308034851245,2.859120553412127e-176,3.0416176100129012e-176,8.946973078762688e-176,8.946973078762688e-176,0.0,5259.8358931260545,5102.040816332273,80000.0,0.0,79999.99999999983,79999.99999999983,-1.7462298274040222e-10,24999.91584234241,1,0,1499.9949505405446,1799.9939406486487,0.0,0.0,0.0,0.0,0.0,0.35,667.83231428256,-0.0,667.83231428256,26760.0,0.0
40.9,low_speed_blending,0.0,1.0,0.6623857741521161,-0.978824029983647,9.8819698901177e-177,1.0512733925657128e-176,3.1036914387886745e-176,3.1036914387886745e-176,0.0,5259.8358931260545,5102.040816332273,80000.0,0.0,79999.99999999983,79999.99999999983,-1.7462298274040222e-10,24999.91584234241,1,0,1499.9949505405446,1799.9939406486487,0.0,0.0,0.0,0.0,0.0,0.35,667.83231428256,-0.0,667.83231428256,26760.0,0.0
40.95,low_speed_blending,0.0,1.0,0.6134448881833435,-0.978817719375451,3.4013499527779056e-177,3.61845739657224e-177,1.072727951597666e-176,1.072727951597666e-176,0.0,5259.8358931260545,5102.040816332273,80000.0,0.0,79999.99999999983,79999.99999999983,-1.7462298274040222e-10,24999.91584234241,1,0,1499.9949505405446,1799.9939406486487,0.0,0.0,0.0,0.0,0.0,0.35,667.83231428256,-0.0,667.83231428256,26760.0,0.0
41.0,low_speed_blending,0.0,1.0,0.5645042946009167,-0.9788118716485372,1.1651948414573838e-177,1.2395689802738125e-177,3.692303465890041e-177,3.692303465890041e-177,0.0,5259.8358931260545,5102.040816332273,80000.0,0.0,79999.99999999983,79999.99999999983,-1.7462298274040222e-10,24999.91584234241,1,0,1499.9949505405446,1799.9939406486487,0.0,0.0,0.0,0.0,0.0,0.35,667.83231428256,-0.0,667.83231428256,26760.0,0.0
41.05,low_speed_blending,0.0,1.0,0.5155639702613273,-0.9788064867917878,3.9697999920626094e-178,4.22319148091767e-178,1.2648663064018495e-177,1.2648663064018495e-177,0.0,5259.8358931260545,5102.040816332273,80000.0,0.0,79999.99999999983,79999.99999999983,-1.7462298274040222e-10,24999.91584234241,1,0,1499.9949505405446,1799.9939406486487,0.0,0.0,0.0,0.0,0.0,0.35,667.83231428256,-0.0,667.83231428256,26760.0,0.0
41.1,low_speed_blending,0.0,1.0,0.46662389202158017,-0.9788015647949422,1.3438965624144575e-178,1.4296771940579335e-178,4.309379062160888e-178,4.309379062160888e-178,0.0,5259.8358931260545,5102.040816332273,80000.0,0.0,79999.99999999983,79999.99999999983,-1.7462298274040222e-10,24999.91584234241,1,0,1499.9949505405446,1799.9939406486487,0.0,0.0,0.0,0.0,0.0,0.35,667.83231428256,-0.0,667.83231428256,26760.0,0.0
41.15,low_speed_blending,0.0,1.0,0.41768403673914883,-0.9787971056486267,4.5153006223043616e-179,4.803511300323789e-179,1.4588542796509526e-178,1.4588542796509526e-178,0.0,5259.8358931260545,5102.040816332273,80000.0,0.0,79999.99999999983,79999.99999999983,-1.7462298274040222e-10,24999.91584234241,1,0,1499.9949505405446,1799.9939406486487,0.0,0.0,0.0,0.0,0.0,0.35,667.83231428256,-0.0,667.83231428256,26760.0,0.0
41.2,low_speed_blending,0.0,1.0,0.36874438127193165,-0.9787931093443436,1.5034071130627299e-179,1.5993692692156702e-179,4.90154214318754e-179,4.90154214318754e-179,0.0,5259.8358931260545,5102.040816332273,80000.0,0.0,79999.99999999983,79999.99999999983,-1.7462298274040222e-10,24999.91584234241,1,0,1499.9949505405446,1799.9939406486487,0.0,0.0,0.0,0.0,0.0,0.35,667.83231428256,-0.0,667.83231428256,26760.0,0.0
41.25,low_speed_blending,0.0,1.0,0.3198049024782082,-0.9787895758744691,4.9506591285867506e-180,5.266658647432713e-180,1.632009458383337e-179,1.632009458383337e-179,0.0,5259.8358931260545,5102.040816332273,80000.0,0.0,79999.99999999983,79999.99999999983,-1.7462298274040222e-10,24999.91584234241,1,0,1499.9949505405446,1799.9939406486487,0.0,0.0,0.0,0.0,0.0,0.35,667.83231428256,-0.0,667.83231428256,26760.0,0.0
41.3,low_speed_blending,0.0,1.0,0.2708655772165956,-0.978786505232252,1.607852023909653e-180,1.710480876499631e-180,5.3741414769721565e-180,5.3741414769721565e-180,0.0,5259.8358931260545,5102.040816332273,80000.0,0.0,79999.99999999983,79999.99999999983,-1.7462298274040222e-10,24999.91584234241,1,0,1499.9949505405446,1799.9939406486487,0.0,0.0,0.0,0.0,0.0,0.35,667.83231428256,-0.0,667.83231428256,26760.0,0.0
41.35,low_speed_blending,0.0,1.0,0.22192638234600454,-0.9787838974118213,5.129928361078229e-181,5.457370596891733e-181,1.7453886494894195e-180,1.7453886494894195e-180,0.0,5259.8358931260545,5102.040816332273,80000.0,0.0,79999.99999999983,79999.99999999983,-1.7462298274040222e-10,24999.91584234241,1,0,1499.9949505405446,1799.9939406486487,0.0,0.0,0.0,0.0,0.0,0.35,667.83231428256,-0.0,667.83231428256,26760.0,0.0
41.4,low_speed_blending,0.0,1.0,0.1729872947255957,-0.9787817524081766,1.59840017286793e-181,1.700425715816947e-181,5.568745507032381e-181,5.568745507032381e-181,0.0,5259.8358931260545,5102.040816332273,80000.0,0.0,79999.99999999983,79999.99999999983,-1.7462298274040222e-10,24999.91584234241,1,0,1499.9949505405446,1799.9939406486487,0.0,0.0,0.0,0.0,0.0,0.35,667.83231428256,-0.0,667.83231428256,26760.0,0.0
41.45,low_speed_blending,0.0,1.0,0.12404829121473587,-0.9787800702171967,4.8177710006010165e-182,5.12528829851172e-182,1.7351282814458643e-181,1.7351282814458643e-181,0.0,5259.8358931260545,5102.040816332273,80000.0,0.0,79999.99999999983,79999.99999999983,-1.7462298274040222e-10,24999.91584234241,1,0,1499.9949505405446,1799.9939406486487,0.0,0.0,0.0,0.0,0.0,0.35,667.83231428256,-0.0,667.83231428256,26760.0,0.0
41.5,low_speed_blending,0.0,1.0,0.07510934867295418,-0.9787788508356338,1.381519262107291e-182,1.4697013426673308e-182,5.2298860188895106e-182,5.2298860188895106e-182,0.0,5259.8358931260545,5102.040816332273,80000.0,0.0,79999.99999999983,79999.99999999983,-1.7462298274040222e-10,24999.91584234241,1,0,1499.9949505405446,1799.9939406486487,0.0,0.0,0.0,0.0,0.0,0.35,667.83231428256,-0.0,667.83231428256,26760.0,0.0
41.55,stop_hold,0.0,1.0,0.02617044395989838,-0.978778094261116,3.644509123995927e-183,3.877137365953114e-183,1.4996952476197254e-182,1.4996952476197254e-182,0.0,5259.8358931260545,5102.040816332273,80000.0,0.0,79999.99999999983,79999.99999999983,-1.7462298274040222e-10,24999.91584234241,1,0,1499.9949505405446,1799.9939406486487,0.0,0.0,0.0,0.0,0.0,0.35,667.83231428256,-0.0,667.83231428256,26760.0,0.0
41.6,stop_hold,0.0,1.0,0.0,-0.5234088791979676,8.117976123850245e-184,8.636144812606643e-184,3.9562626183195036e-183,3.9562626183195036e-183,0.0,5259.8358931260545,5102.040816332273,80000.0,0.0,79999.99999999983,79999.99999999983,-1.7462298274040222e-10,24999.91584234241,1,0,1499.9949505405446,1799.9939406486487,0.0,0.0,0.0,0.0,0.0,0.35,667.83231428256,-0.0,667.83231428256,26760.0,0.0
41.65,stop_hold,0.0,1.0,0.0,0.0,1.0405677983410738e-184,1.1069870195117806e-184,8.812392665925146e-184,8.812392665925146e-184,0.0,5259.8358931260545,5102.040816332273,80000.0,0.0,79999.99999999983,79999.99999999983,-1.7462298274040222e-10,24999.91584234241,1,0,1499.9949505405446,1799.9939406486487,0.0,0.0,0.0,0.0,0.0,0.35,667.83231428256,-0.0,667.83231428256,26760.0,0.0
41.7,stop_hold,0.0,1.0,0.0,0.0,0.0,0.0,1.1295785913385516e-184,1.1295785913385516e-184,0.0,5259.8358931260545,5102.040816332273,80000.0,0.0,79999.99999999983,79999.99999999983,-1.7462298274040222e-10,24999.91584234241,1,0,1499.9949505405446,1799.9939406486487,0.0,0.0,0.0,0.0,0.0,0.35,667.83231428256,-0.0,667.83231428256,26760.0,0.0
41.75,stop_hold,0.0,1.0,0.0,0.0,0.0,0.0,0.0,0.0,-0.0,5259.8358931260545,5102.040816332273,80000.0,0.0,79999.99999999983,79999.99999999983,-1.7462298274040222e-10,24999.91584234241,1,0,1499.9949505405446,1799.9939406486487,0.0,0.0,0.0,0.0,0.0,0.35,667.83231428256,-0.0,667.83231428256,26760.0,0.0
41.8,stop_hold,0.0,1.0,0.0,0.0,0.0,0.0,0.0,0.0,-0.0,5259.8358931260545,5102.040816332273,80000.0,0.0,79999.99999999983,79999.99999999983,-1.7462298274040222e-10,24999.91584234241,1,0,1499.9949505405446,1799.9939406486487,0.0,0.0,0.0,0.0,0.0,0.35,667.83231428256,-0.0,667.83231428256,26760.0,0.0
41.85,stop_hold,0.0,1.0,0.0,0.0,0.0,0.0,0.0,0.0,-0.0,5259.8358931260545,5102.040816332273,80000.0,0.0,79999.99999999983,79999.99999999983,-1.7462298274040222e-10,24999.91584234241,1,0,1499.9949505405446,1799.9939406486487,0.0,0.0,0.0,0.0,0.0,0.35,667.83231428256,-0.0,667.83231428256,26760.0,0.0
41.9,stop_hold,0.0,1.0,0.0,0.0,0.0,0.0,0.0,0.0,-0.0,5259.8358931260545,5102.040816332273,80000.0,0.0,79999.99999999983,79999.99999999983,-1.7462298274040222e-10,24999.91584234241,1,0,1499.9949505405446,1799.9939406486487,0.0,0.0,0.0,0.0,0.0,0.35,667.83231428256,-0.0,667.83231428256,26760.0,0.0
41.95,stop_hold,0.0,1.0,0.0,0.0,0.0,0.0,0.0,0.0,-0.0,5259.8358931260545,5102.040816332273,80000.0,0.0,79999.99999999983,79999.99999999983,-1.7462298274040222e-10,24999.91584234241,1,0,1499.9949505405446,1799.9939406486487,0.0,0.0,0.0,0.0,0.0,0.35,667.83231428256,-0.0,667.83231428256,26760.0,0.0
42.0,stop_hold,0.0,1.0,0.0,0.0,0.0,0.0,0.0,0.0,-0.0,5259.8358931260545,5102.040816332273,80000.0,0.0,79999.99999999983,79999.99999999983,-1.7462298274040222e-10,24999.91584234241,1,0,1499.9949505405446,1799.9939406486487,0.0,0.0,0.0,0.0,0.0,0.35,667.83231428256,-0.0,667.83231428256,26760.0,0.0
42.05,stop_hold,0.0,1.0,0.0,0.0,0.0,0.0,0.0,0.0,-0.0,5259.8358931260545,5102.040816332273,80000.0,0.0,79999.99999999983,79999.99999999983,-1.7462298274040222e-10,24999.91584234241,1,0,1499.9949505405446,1799.9939406486487,0.0,0.0,0.0,0.0,0.0,0.35,667.83231428256,-0.0,667.83231428256,26760.0,0.0
42.1,stop_hold,0.0,1.0,0.0,0.0,0.0,0.0,0.0,0.0,-0.0,5259.8358931260545,5102.040816332273,80000.0,0.0,79999.99999999983,79999.99999999983,-1.7462298274040222e-10,24999.91584234241,1,0,1499.9949505405446,1799.9939406486487,0.0,0.0,0.0,0.0,0.0,0.35,667.83231428256,-0.0,667.83231428256,26760.0,0.0
42.15,stop_hold,0.0,1.0,0.0,0.0,0.0,0.0,0.0,0.0,-0.0,5259.8358931260545,5102.040816332273,80000.0,0.0,79999.99999999983,79999.99999999983,-1.7462298274040222e-10,24999.91584234241,1,0,1499.9949505405446,1799.9939406486487,0.0,0.0,0.0,0.0,0.0,0.35,667.83231428256,-0.0,667.83231428256,26760.0,0.0
42.2,stop_hold,0.0,1.0,0.0,0.0,0.0,0.0,0.0,0.0,-0.0,5259.8358931260545,5102.040816332273,80000.0,0.0,79999.99999999983,79999.99999999983,-1.7462298274040222e-10,24999.91584234241,1,0,1499.9949505405446,1799.9939406486487,0.0,0.0,0.0,0.0,0.0,0.35,667.83231428256,-0.0,667.83231428256,26760.0,0.0
42.25,stop_hold,0.0,1.0,0.0,0.0,0.0,0.0,0.0,0.0,-0.0,5259.8358931260545,5102.040816332273,80000.0,0.0,79999.99999999983,79999.99999999983,-1.7462298274040222e-10,24999.91584234241,1,0,1499.9949505405446,1799.9939406486487,0.0,0.0,0.0,0.0,0.0,0.35,667.83231428256,-0.0,667.83231428256,26760.0,0.0
42.3,stop_hold,0.0,1.0,0.0,0.0,0.0,0.0,0.0,0.0,-0.0,5259.8358931260545,5102.040816332273,80000.0,0.0,79999.99999999983,79999.99999999983,-1.7462298274040222e-10,24999.91584234241,1,0,1499.9949505405446,1799.9939406486487,0.0,0.0,0.0,0.0,0.0,0.35,667.83231428256,-0.0,667.83231428256,26760.0,0.0
42.35,stop_hold,0.0,1.0,0.0,0.0,0.0,0.0,0.0,0.0,-0.0,5259.8358931260545,5102.040816332273,80000.0,0.0,79999.99999999983,79999.99999999983,-1.7462298274040222e-10,24999.91584234241,1,0,1499.9949505405446,1799.9939406486487,0.0,0.0,0.0,0.0,0.0,0.35,667.83231428256,-0.0,667.83231428256,26760.0,0.0
42.4,stop_hold,0.0,1.0,0.0,0.0,0.0,0.0,0.0,0.0,-0.0,5259.8358931260545,5102.040816332273,80000.0,0.0,79999.99999999983,79999.99999999983,-1.7462298274040222e-10,24999.91584234241,1,0,1499.9949505405446,1799.9939406486487,0.0,0.0,0.0,0.0,0.0,0.35,667.83231428256,-0.0,667.83231428256,26760.0,0.0
42.45,stop_hold,0.0,1.0,0.0,0.0,0.0,0.0,0.0,0.0,-0.0,5259.8358931260545,5102.040816332273,80000.0,0.0,79999.99999999983,79999.99999999983,-1.7462298274040222e-10,24999.91584234241,1,0,1499.9949505405446,1799.9939406486487,0.0,0.0,0.0,0.0,0.0,0.35,667.83231428256,-0.0,667.83231428256,26760.0,0.0
42.5,stop_hold,0.0,1.0,0.0,0.0,0.0,0.0,0.0,0.0,-0.0,5259.8358931260545,5102.040816332273,80000.0,0.0,79999.99999999983,79999.99999999983,-1.7462298274040222e-10,24999.91584234241,1,0,1499.9949505405446,1799.9939406486487,0.0,0.0,0.0,0.0,0.0,0.35,667.83231428256,-0.0,667.83231428256,26760.0,0.0
42.55,stop_hold,0.0,1.0,0.0,0.0,0.0,0.0,0.0,0.0,-0.0,5259.8358931260545,5102.040816332273,80000.0,0.0,79999.99999999983,79999.99999999983,-1.7462298274040222e-10,24999.91584234241,1,0,1499.9949505405446,1799.9939406486487,0.0,0.0,0.0,0.0,0.0,0.35,667.83231428256,-0.0,667.83231428256,26760.0,0.0
42.6,stop_hold,0.0,1.0,0.0,0.0,0.0,0.0,0.0,0.0,-0.0,5259.8358931260545,5102.040816332273,80000.0,0.0,79999.99999999983,79999.99999999983,-1.7462298274040222e-10,24999.91584234241,1,0,1499.9949505405446,1799.9939406486487,0.0,0.0,0.0,0.0,0.0,0.35,667.83231428256,-0.0,667.83231428256,26760.0,0.0
42.65,stop_hold,0.0,1.0,0.0,0.0,0.0,0.0,0.0,0.0,-0.0,5259.8358931260545,5102.040816332273,80000.0,0.0,79999.99999999983,79999.99999999983,-1.7462298274040222e-10,24999.91584234241,1,0,1499.9949505405446,1799.9939406486487,0.0,0.0,0.0,0.0,0.0,0.35,667.83231428256,-0.0,667.83231428256,26760.0,0.0
42.7,stop_hold,0.0,1.0,0.0,0.0,0.0,0.0,0.0,0.0,-0.0,5259.8358931260545,5102.040816332273,80000.0,0.0,79999.99999999983,79999.99999999983,-1.7462298274040222e-10,24999.91584234241,1,0,1499.9949505405446,1799.9939406486487,0.0,0.0,0.0,0.0,0.0,0.35,667.83231428256,-0.0,667.83231428256,26760.0,0.0
42.75,stop_hold,0.0,1.0,0.0,0.0,0.0,0.0,0.0,0.0,-0.0,5259.8358931260545,5102.040816332273,80000.0,0.0,79999.99999999983,79999.99999999983,-1.7462298274040222e-10,24999.91584234241,1,0,1499.9949505405446,1799.9939406486487,0.0,0.0,0.0,0.0,0.0,0.35,667.83231428256,-0.0,667.83231428256,26760.0,0.0
42.8,stop_hold,0.0,1.0,0.0,0.0,0.0,0.0,0.0,0.0,-0.0,5259.8358931260545,5102.040816332273,80000.0,0.0,79999.99999999983,79999.99999999983,-1.7462298274040222e-10,24999.91584234241,1,0,1499.9949505405446,1799.9939406486487,0.0,0.0,0.0,0.0,0.0,0.35,667.83231428256,-0.0,667.83231428256,26760.0,0.0
42.85,stop_hold,0.0,1.0,0.0,0.0,0.0,0.0,0.0,0.0,-0.0,5259.8358931260545,5102.040816332273,80000.0,0.0,79999.99999999983,79999.99999999983,-1.7462298274040222e-10,24999.91584234241,1,0,1499.9949505405446,1799.9939406486487,0.0,0.0,0.0,0.0,0.0,0.35,667.83231428256,-0.0,667.83231428256,26760.0,0.0
42.9,stop_hold,0.0,1.0,0.0,0.0,0.0,0.0,0.0,0.0,-0.0,5259.8358931260545,5102.040816332273,80000.0,0.0,79999.99999999983,79999.99999999983,-1.7462298274040222e-10,24999.91584234241,1,0,1499.9949505405446,1799.9939406486487,0.0,0.0,0.0,0.0,0.0,0.35,667.83231428256,-0.0,667.83231428256,26760.0,0.0
42.95,stop_hold,0.0,1.0,0.0,0.0,0.0,0.0,0.0,0.0,-0.0,5259.8358931260545,5102.040816332273,80000.0,0.0,79999.99999999983,79999.99999999983,-1.7462298274040222e-10,24999.91584234241,1,0,1499.9949505405446,1799.9939406486487,0.0,0.0,0.0,0.0,0.0,0.35,667.83231428256,-0.0,667.83231428256,26760.0,0.0
43.0,stop_hold,0.0,1.0,0.0,0.0,0.0,0.0,0.0,0.0,-0.0,5259.8358931260545,5102.040816332273,80000.0,0.0,79999.99999999983,79999.99999999983,-1.7462298274040222e-10,24999.91584234241,1,0,1499.9949505405446,1799.9939406486487,0.0,0.0,0.0,0.0,0.0,0.35,667.83231428256,-0.0,667.83231428256,26760.0,0.0
43.05,stop_hold,0.0,1.0,0.0,0.0,0.0,0.0,0.0,0.0,-0.0,5259.8358931260545,5102.040816332273,80000.0,0.0,79999.99999999983,79999.99999999983,-1.7462298274040222e-10,24999.91584234241,1,0,1499.9949505405446,1799.9939406486487,0.0,0.0,0.0,0.0,0.0,0.35,667.83231428256,-0.0,667.83231428256,26760.0,0.0
43.1,stop_hold,0.0,1.0,0.0,0.0,0.0,0.0,0.0,0.0,-0.0,5259.8358931260545,5102.040816332273,80000.0,0.0,79999.99999999983,79999.99999999983,-1.7462298274040222e-10,24999.91584234241,1,0,1499.9949505405446,1799.9939406486487,0.0,0.0,0.0,0.0,0.0,0.35,667.83231428256,-0.0,667.83231428256,26760.0,0.0
43.15,stop_hold,0.0,1.0,0.0,0.0,0.0,0.0,0.0,0.0,-0.0,5259.8358931260545,5102.040816332273,80000.0,0.0,79999.99999999983,79999.99999999983,-1.7462298274040222e-10,24999.91584234241,1,0,1499.9949505405446,1799.9939406486487,0.0,0.0,0.0,0.0,0.0,0.35,667.83231428256,-0.0,667.83231428256,26760.0,0.0
43.2,stop_hold,0.0,1.0,0.0,0.0,0.0,0.0,0.0,0.0,-0.0,5259.8358931260545,5102.040816332273,80000.0,0.0,79999.99999999983,79999.99999999983,-1.7462298274040222e-10,24999.91584234241,1,0,1499.9949505405446,1799.9939406486487,0.0,0.0,0.0,0.0,0.0,0.35,667.83231428256,-0.0,667.83231428256,26760.0,0.0
43.25,stop_hold,0.0,1.0,0.0,0.0,0.0,0.0,0.0,0.0,-0.0,5259.8358931260545,5102.040816332273,80000.0,0.0,79999.99999999983,79999.99999999983,-1.7462298274040222e-10,24999.91584234241,1,0,1499.9949505405446,1799.9939406486487,0.0,0.0,0.0,0.0,0.0,0.35,667.83231428256,-0.0,667.83231428256,26760.0,0.0
43.3,stop_hold,0.0,1.0,0.0,0.0,0.0,0.0,0.0,0.0,-0.0,5259.8358931260545,5102.040816332273,80000.0,0.0,79999.99999999983,79999.99999999983,-1.7462298274040222e-10,24999.91584234241,1,0,1499.9949505405446,1799.9939406486487,0.0,0.0,0.0,0.0,0.0,0.35,667.83231428256,-0.0,667.83231428256,26760.0,0.0
43.35,stop_hold,0.0,1.0,0.0,0.0,0.0,0.0,0.0,0.0,-0.0,5259.8358931260545,5102.040816332273,80000.0,0.0,79999.99999999983,79999.99999999983,-1.7462298274040222e-10,24999.91584234241,1,0,1499.9949505405446,1799.9939406486487,0.0,0.0,0.0,0.0,0.0,0.35,667.83231428256,-0.0,667.83231428256,26760.0,0.0
43.4,stop_hold,0.0,1.0,0.0,0.0,0.0,0.0,0.0,0.0,-0.0,5259.8358931260545,5102.040816332273,80000.0,0.0,79999.99999999983,79999.99999999983,-1.7462298274040222e-10,24999.91584234241,1,0,1499.9949505405446,1799.9939406486487,0.0,0.0,0.0,0.0,0.0,0.35,667.83231428256,-0.0,667.83231428256,26760.0,0.0
43.45,stop_hold,0.0,1.0,0.0,0.0,0.0,0.0,0.0,0.0,-0.0,5259.8358931260545,5102.040816332273,80000.0,0.0,79999.99999999983,79999.99999999983,-1.7462298274040222e-10,24999.91584234241,1,0,1499.9949505405446,1799.9939406486487,0.0,0.0,0.0,0.0,0.0,0.35,667.83231428256,-0.0,667.83231428256,26760.0,0.0
43.5,stop_hold,0.0,1.0,0.0,0.0,0.0,0.0,0.0,0.0,-0.0,5259.8358931260545,5102.040816332273,80000.0,0.0,79999.99999999983,79999.99999999983,-1.7462298274040222e-10,24999.91584234241,1,0,1499.9949505405446,1799.9939406486487,0.0,0.0,0.0,0.0,0.0,0.35,667.83231428256,-0.0,667.83231428256,26760.0,0.0
43.55,stop_hold,0.0,1.0,0.0,0.0,0.0,0.0,0.0,0.0,-0.0,5259.8358931260545,5102.040816332273,80000.0,0.0,79999.99999999983,79999.99999999983,-1.7462298274040222e-10,24999.91584234241,1,0,1499.9949505405446,1799.9939406486487,0.0,0.0,0.0,0.0,0.0,0.35,667.83231428256,-0.0,667.83231428256,26760.0,0.0
43.6,stop_hold,0.0,1.0,0.0,0.0,0.0,0.0,0.0,0.0,-0.0,5259.8358931260545,5102.040816332273,80000.0,0.0,79999.99999999983,79999.99999999983,-1.7462298274040222e-10,24999.91584234241,1,0,1499.9949505405446,1799.9939406486487,0.0,0.0,0.0,0.0,0.0,0.35,667.83231428256,-0.0,667.83231428256,26760.0,0.0
43.65,stop_hold,0.0,1.0,0.0,0.0,0.0,0.0,0.0,0.0,-0.0,5259.8358931260545,5102.040816332273,80000.0,0.0,79999.99999999983,79999.99999999983,-1.7462298274040222e-10,24999.91584234241,1,0,1499.9949505405446,1799.9939406486487,0.0,0.0,0.0,0.0,0.0,0.35,667.83231428256,-0.0,667.83231428256,26760.0,0.0
43.7,stop_hold,0.0,1.0,0.0,0.0,0.0,0.0,0.0,0.0,-0.0,5259.8358931260545,5102.040816332273,80000.0,0.0,79999.99999999983,79999.99999999983,-1.7462298274040222e-10,24999.91584234241,1,0,1499.9949505405446,1799.9939406486487,0.0,0.0,0.0,0.0,0.0,0.35,667.83231428256,-0.0,667.83231428256,26760.0,0.0
43.75,stop_hold,0.0,1.0,0.0,0.0,0.0,0.0,0.0,0.0,-0.0,5259.8358931260545,5102.040816332273,80000.0,0.0,79999.99999999983,79999.99999999983,-1.7462298274040222e-10,24999.91584234241,1,0,1499.9949505405446,1799.9939406486487,0.0,0.0,0.0,0.0,0.0,0.35,667.83231428256,-0.0,667.83231428256,26760.0,0.0
43.8,stop_hold,0.0,1.0,0.0,0.0,0.0,0.0,0.0,0.0,-0.0,5259.8358931260545,5102.040816332273,80000.0,0.0,79999.99999999983,79999.99999999983,-1.7462298274040222e-10,24999.91584234241,1,0,1499.9949505405446,1799.9939406486487,0.0,0.0,0.0,0.0,0.0,0.35,667.83231428256,-0.0,667.83231428256,26760.0,0.0
43.85,stop_hold,0.0,1.0,0.0,0.0,0.0,0.0,0.0,0.0,-0.0,5259.8358931260545,5102.040816332273,80000.0,0.0,79999.99999999983,79999.99999999983,-1.7462298274040222e-10,24999.91584234241,1,0,1499.9949505405446,1799.9939406486487,0.0,0.0,0.0,0.0,0.0,0.35,667.83231428256,-0.0,667.83231428256,26760.0,0.0
43.9,stop_hold,0.0,1.0,0.0,0.0,0.0,0.0,0.0,0.0,-0.0,5259.8358931260545,5102.040816332273,80000.0,0.0,79999.99999999983,79999.99999999983,-1.7462298274040222e-10,24999.91584234241,1,0,1499.9949505405446,1799.9939406486487,0.0,0.0,0.0,0.0,0.0,0.35,667.83231428256,-0.0,667.83231428256,26760.0,0.0
43.95,stop_hold,0.0,1.0,0.0,0.0,0.0,0.0,0.0,0.0,-0.0,5259.8358931260545,5102.040816332273,80000.0,0.0,79999.99999999983,79999.99999999983,-1.7462298274040222e-10,24999.91584234241,1,0,1499.9949505405446,1799.9939406486487,0.0,0.0,0.0,0.0,0.0,0.35,667.83231428256,-0.0,667.83231428256,26760.0,0.0
44.0,stop_hold,0.0,1.0,0.0,0.0,0.0,0.0,0.0,0.0,-0.0,5259.8358931260545,5102.040816332273,80000.0,0.0,79999.99999999983,79999.99999999983,-1.7462298274040222e-10,24999.91584234241,1,0,1499.9949505405446,1799.9939406486487,0.0,0.0,0.0,0.0,0.0,0.35,667.83231428256,-0.0,667.83231428256,26760.0,0.0
44.05,stop_hold,0.0,1.0,0.0,0.0,0.0,0.0,0.0,0.0,-0.0,5259.8358931260545,5102.040816332273,80000.0,0.0,79999.99999999983,79999.99999999983,-1.7462298274040222e-10,24999.91584234241,1,0,1499.9949505405446,1799.9939406486487,0.0,0.0,0.0,0.0,0.0,0.35,667.83231428256,-0.0,667.83231428256,26760.0,0.0
44.1,stop_hold,0.0,1.0,0.0,0.0,0.0,0.0,0.0,0.0,-0.0,5259.8358931260545,5102.040816332273,80000.0,0.0,79999.99999999983,79999.99999999983,-1.7462298274040222e-10,24999.91584234241,1,0,1499.9949505405446,1799.9939406486487,0.0,0.0,0.0,0.0,0.0,0.35,667.83231428256,-0.0,667.83231428256,26760.0,0.0
44.15,stop_hold,0.0,1.0,0.0,0.0,0.0,0.0,0.0,0.0,-0.0,5259.8358931260545,5102.040816332273,80000.0,0.0,79999.99999999983,79999.99999999983,-1.7462298274040222e-10,24999.91584234241,1,0,1499.9949505405446,1799.9939406486487,0.0,0.0,0.0,0.0,0.0,0.35,667.83231428256,-0.0,667.83231428256,26760.0,0.0
44.2,stop_hold,0.0,1.0,0.0,0.0,0.0,0.0,0.0,0.0,-0.0,5259.8358931260545,5102.040816332273,80000.0,0.0,79999.99999999983,79999.99999999983,-1.7462298274040222e-10,24999.91584234241,1,0,1499.9949505405446,1799.9939406486487,0.0,0.0,0.0,0.0,0.0,0.35,667.83231428256,-0.0,667.83231428256,26760.0,0.0
44.25,stop_hold,0.0,1.0,0.0,0.0,0.0,0.0,0.0,0.0,-0.0,5259.8358931260545,5102.040816332273,80000.0,0.0,79999.99999999983,79999.99999999983,-1.7462298274040222e-10,24999.91584234241,1,0,1499.9949505405446,1799.9939406486487,0.0,0.0,0.0,0.0,0.0,0.35,667.83231428256,-0.0,667.83231428256,26760.0,0.0
44.3,stop_hold,0.0,1.0,0.0,0.0,0.0,0.0,0.0,0.0,-0.0,5259.8358931260545,5102.040816332273,80000.0,0.0,79999.99999999983,79999.99999999983,-1.7462298274040222e-10,24999.91584234241,1,0,1499.9949505405446,1799.9939406486487,0.0,0.0,0.0,0.0,0.0,0.35,667.83231428256,-0.0,667.83231428256,26760.0,0.0
44.35,stop_hold,0.0,1.0,0.0,0.0,0.0,0.0,0.0,0.0,-0.0,5259.8358931260545,5102.040816332273,80000.0,0.0,79999.99999999983,79999.99999999983,-1.7462298274040222e-10,24999.91584234241,1,0,1499.9949505405446,1799.9939406486487,0.0,0.0,0.0,0.0,0.0,0.35,667.83231428256,-0.0,667.83231428256,26760.0,0.0
44.4,stop_hold,0.0,1.0,0.0,0.0,0.0,0.0,0.0,0.0,-0.0,5259.8358931260545,5102.040816332273,80000.0,0.0,79999.99999999983,79999.99999999983,-1.7462298274040222e-10,24999.91584234241,1,0,1499.9949505405446,1799.9939406486487,0.0,0.0,0.0,0.0,0.0,0.35,667.83231428256,-0.0,667.83231428256,26760.0,0.0
44.45,stop_hold,0.0,1.0,0.0,0.0,0.0,0.0,0.0,0.0,-0.0,5259.8358931260545,5102.040816332273,80000.0,0.0,79999.99999999983,79999.99999999983,-1.7462298274040222e-10,24999.91584234241,1,0,1499.9949505405446,1799.9939406486487,0.0,0.0,0.0,0.0,0.0,0.35,667.83231428256,-0.0,667.83231428256,26760.0,0.0
44.5,stop_hold,0.0,1.0,0.0,0.0,0.0,0.0,0.0,0.0,-0.0,5259.8358931260545,5102.040816332273,80000.0,0.0,79999.99999999983,79999.99999999983,-1.7462298274040222e-10,24999.91584234241,1,0,1499.9949505405446,1799.9939406486487,0.0,0.0,0.0,0.0,0.0,0.35,667.83231428256,-0.0,667.83231428256,26760.0,0.0
44.55,stop_hold,0.0,1.0,0.0,0.0,0.0,0.0,0.0,0.0,-0.0,5259.8358931260545,5102.040816332273,80000.0,0.0,79999.99999999983,79999.99999999983,-1.7462298274040222e-10,24999.91584234241,1,0,1499.9949505405446,1799.9939406486487,0.0,0.0,0.0,0.0,0.0,0.35,667.83231428256,-0.0,667.83231428256,26760.0,0.0
44.6,stop_hold,0.0,1.0,0.0,0.0,0.0,0.0,0.0,0.0,-0.0,5259.8358931260545,5102.040816332273,80000.0,0.0,79999.99999999983,79999.99999999983,-1.7462298274040222e-10,24999.91584234241,1,0,1499.9949505405446,1799.9939406486487,0.0,0.0,0.0,0.0,0.0,0.35,667.83231428256,-0.0,667.83231428256,26760.0,0.0
44.65,stop_hold,0.0,1.0,0.0,0.0,0.0,0.0,0.0,0.0,-0.0,5259.8358931260545,5102.040816332273,80000.0,0.0,79999.99999999983,79999.99999999983,-1.7462298274040222e-10,24999.91584234241,1,0,1499.9949505405446,1799.9939406486487,0.0,0.0,0.0,0.0,0.0,0.35,667.83231428256,-0.0,667.83231428256,26760.0,0.0
44.7,stop_hold,0.0,1.0,0.0,0.0,0.0,0.0,0.0,0.0,-0.0,5259.8358931260545,5102.040816332273,80000.0,0.0,79999.99999999983,79999.99999999983,-1.7462298274040222e-10,24999.91584234241,1,0,1499.9949505405446,1799.9939406486487,0.0,0.0,0.0,0.0,0.0,0.35,667.83231428256,-0.0,667.83231428256,26760.0,0.0
44.75,stop_hold,0.0,1.0,0.0,0.0,0.0,0.0,0.0,0.0,-0.0,5259.8358931260545,5102.040816332273,80000.0,0.0,79999.99999999983,79999.99999999983,-1.7462298274040222e-10,24999.91584234241,1,0,1499.9949505405446,1799.9939406486487,0.0,0.0,0.0,0.0,0.0,0.35,667.83231428256,-0.0,667.83231428256,26760.0,0.0
44.8,stop_hold,0.0,1.0,0.0,0.0,0.0,0.0,0.0,0.0,-0.0,5259.8358931260545,5102.040816332273,80000.0,0.0,79999.99999999983,79999.99999999983,-1.7462298274040222e-10,24999.91584234241,1,0,1499.9949505405446,1799.9939406486487,0.0,0.0,0.0,0.0,0.0,0.35,667.83231428256,-0.0,667.83231428256,26760.0,0.0
44.85,stop_hold,0.0,1.0,0.0,0.0,0.0,0.0,0.0,0.0,-0.0,5259.8358931260545,5102.040816332273,80000.0,0.0,79999.99999999983,79999.99999999983,-1.7462298274040222e-10,24999.91584234241,1,0,1499.9949505405446,1799.9939406486487,0.0,0.0,0.0,0.0,0.0,0.35,667.83231428256,-0.0,667.83231428256,26760.0,0.0
44.9,stop_hold,0.0,1.0,0.0,0.0,0.0,0.0,0.0,0.0,-0.0,5259.8358931260545,5102.040816332273,80000.0,0.0,79999.99999999983,79999.99999999983,-1.7462298274040222e-10,24999.91584234241,1,0,1499.9949505405446,1799.9939406486487,0.0,0.0,0.0,0.0,0.0,0.35,667.83231428256,-0.0,667.83231428256,26760.0,0.0
44.95,stop_hold,0.0,1.0,0.0,0.0,0.0,0.0,0.0,0.0,-0.0,5259.8358931260545,5102.040816332273,80000.0,0.0,79999.99999999983,79999.99999999983,-1.7462298274040222e-10,24999.91584234241,1,0,1499.9949505405446,1799.9939406486487,0.0,0.0,0.0,0.0,0.0,0.35,667.83231428256,-0.0,667.83231428256,26760.0,0.0
45.0,stop_hold,0.0,0.3,0.0,0.0,0.0,0.0,0.0,0.0,-0.0,5259.8358931260545,5102.040816332273,24000.0,0.0,79999.99999999983,79999.99999999983,55999.999999999825,24999.91584234241,1,0,1499.9949505405446,1799.9939406486487,0.0,0.0,0.0,0.0,0.0,0.35,667.83231428256,-0.0,667.83231428256,26760.0,0.0
45.05,stop_hold,0.0,0.3,0.0,0.0,0.0,0.0,0.0,0.0,-0.0,5259.8358931260545,5102.040816332273,24000.0,0.0,79999.99999999983,79999.99999999983,55999.999999999825,24999.91584234241,1,0,1499.9949505405446,1799.9939406486487,0.0,0.0,0.0,0.0,0.0,0.35,667.83231428256,-0.0,667.83231428256,26760.0,0.0
45.1,stop_hold,0.0,0.3,0.0,0.0,0.0,0.0,0.0,0.0,-0.0,5259.8358931260545,5102.040816332273,24000.0,0.0,24000.0,24000.0,0.0,24999.91584234241,1,0,1499.9949505405446,1799.9939406486487,0.0,0.0,0.0,0.0,0.0,0.35,667.83231428256,-0.0,667.83231428256,26760.0,0.0
45.15,stop_hold,0.0,0.3,0.0,0.0,0.0,0.0,0.0,0.0,-0.0,5259.8358931260545,5102.040816332273,24000.0,0.0,24000.0,24000.0,0.0,24999.91584234241,1,0,1499.9949505405446,1799.9939406486487,0.0,0.0,0.0,0.0,0.0,0.35,667.83231428256,-0.0,667.83231428256,26760.0,0.0
45.2,stop_hold,0.0,0.3,0.0,0.0,0.0,0.0,0.0,0.0,-0.0,5259.8358931260545,5102.040816332273,24000.0,0.0,24000.0,24000.0,0.0,24999.91584234241,1,0,1499.9949505405446,1799.9939406486487,0.0,0.0,0.0,0.0,0.0,0.35,667.83231428256,-0.0,667.83231428256,26760.0,0.0
45.25,stop_hold,0.0,0.3,0.0,0.0,0.0,0.0,0.0,0.0,-0.0,5259.8358931260545,5102.040816332273,24000.0,0.0,24000.0,24000.0,0.0,24999.91584234241,1,0,1499.9949505405446,1799.9939406486487,0.0,0.0,0.0,0.0,0.0,0.35,667.83231428256,-0.0,667.83231428256,26760.0,0.0
45.3,stop_hold,0.0,0.3,0.0,0.0,0.0,0.0,0.0,0.0,-0.0,5259.8358931260545,5102.040816332273,24000.0,0.0,24000.0,24000.0,0.0,24999.91584234241,1,0,1499.9949505405446,1799.9939406486487,0.0,0.0,0.0,0.0,0.0,0.35,667.83231428256,-0.0,667.83231428256,26760.0,0.0
45.35,stop_hold,0.0,0.3,0.0,0.0,0.0,0.0,0.0,0.0,-0.0,5259.8358931260545,5102.040816332273,24000.0,0.0,24000.0,24000.0,0.0,24999.91584234241,1,0,1499.9949505405446,1799.9939406486487,0.0,0.0,0.0,0.0,0.0,0.35,667.83231428256,-0.0,667.83231428256,26760.0,0.0
45.4,stop_hold,0.0,0.3,0.0,0.0,0.0,0.0,0.0,0.0,-0.0,5259.8358931260545,5102.040816332273,24000.0,0.0,24000.0,24000.0,0.0,24999.91584234241,1,0,1499.9949505405446,1799.9939406486487,0.0,0.0,0.0,0.0,0.0,0.35,667.83231428256,-0.0,667.83231428256,26760.0,0.0
45.45,stop_hold,0.0,0.3,0.0,0.0,0.0,0.0,0.0,0.0,-0.0,5259.8358931260545,5102.040816332273,24000.0,0.0,24000.0,24000.0,0.0,24999.91584234241,1,0,1499.9949505405446,1799.9939406486487,0.0,0.0,0.0,0.0,0.0,0.35,667.83231428256,-0.0,667.83231428256,26760.0,0.0
45.5,stop_hold,0.0,0.3,0.0,0.0,0.0,0.0,0.0,0.0,-0.0,5259.8358931260545,5102.040816332273,24000.0,0.0,24000.0,24000.0,0.0,24999.91584234241,1,0,1499.9949505405446,1799.9939406486487,0.0,0.0,0.0,0.0,0.0,0.35,667.83231428256,-0.0,667.83231428256,26760.0,0.0
45.55,stop_hold,0.0,0.3,0.0,0.0,0.0,0.0,0.0,0.0,-0.0,5259.8358931260545,5102.040816332273,24000.0,0.0,24000.0,24000.0,0.0,24999.91584234241,1,0,1499.9949505405446,1799.9939406486487,0.0,0.0,0.0,0.0,0.0,0.35,667.83231428256,-0.0,667.83231428256,26760.0,0.0
45.6,stop_hold,0.0,0.3,0.0,0.0,0.0,0.0,0.0,0.0,-0.0,5259.8358931260545,5102.040816332273,24000.0,0.0,24000.0,24000.0,0.0,24999.91584234241,1,0,1499.9949505405446,1799.9939406486487,0.0,0.0,0.0,0.0,0.0,0.35,667.83231428256,-0.0,667.83231428256,26760.0,0.0
45.65,stop_hold,0.0,0.3,0.0,0.0,0.0,0.0,0.0,0.0,-0.0,5259.8358931260545,5102.040816332273,24000.0,0.0,24000.0,24000.0,0.0,24999.91584234241,1,0,1499.9949505405446,1799.9939406486487,0.0,0.0,0.0,0.0,0.0,0.35,667.83231428256,-0.0,667.83231428256,26760.0,0.0
45.7,stop_hold,0.0,0.3,0.0,0.0,0.0,0.0,0.0,0.0,-0.0,5259.8358931260545,5102.040816332273,24000.0,0.0,24000.0,24000.0,0.0,24999.91584234241,1,0,1499.9949505405446,1799.9939406486487,0.0,0.0,0.0,0.0,0.0,0.35,667.83231428256,-0.0,667.83231428256,26760.0,0.0
45.75,stop_hold,0.0,0.3,0.0,0.0,0.0,0.0,0.0,0.0,-0.0,5259.8358931260545,5102.040816332273,24000.0,0.0,24000.0,24000.0,0.0,24999.91584234241,1,0,1499.9949505405446,1799.9939406486487,0.0,0.0,0.0,0.0,0.0,0.35,667.83231428256,-0.0,667.83231428256,26760.0,0.0
45.8,stop_hold,0.0,0.3,0.0,0.0,0.0,0.0,0.0,0.0,-0.0,5259.8358931260545,5102.040816332273,24000.0,0.0,24000.0,24000.0,0.0,24999.91584234241,1,0,1499.9949505405446,1799.9939406486487,0.0,0.0,0.0,0.0,0.0,0.35,667.83231428256,-0.0,667.83231428256,26760.0,0.0
45.85,stop_hold,0.0,0.3,0.0,0.0,0.0,0.0,0.0,0.0,-0.0,5259.8358931260545,5102.040816332273,24000.0,0.0,24000.0,24000.0,0.0,24999.91584234241,1,0,1499.9949505405446,1799.9939406486487,0.0,0.0,0.0,0.0,0.0,0.35,667.83231428256,-0.0,667.83231428256,26760.0,0.0
45.9,stop_hold,0.0,0.3,0.0,0.0,0.0,0.0,0.0,0.0,-0.0,5259.8358931260545,5102.040816332273,24000.0,0.0,24000.0,24000.0,0.0,24999.91584234241,1,0,1499.9949505405446,1799.9939406486487,0.0,0.0,0.0,0.0,0.0,0.35,667.83231428256,-0.0,667.83231428256,26760.0,0.0
45.95,stop_hold,0.0,0.3,0.0,0.0,0.0,0.0,0.0,0.0,-0.0,5259.8358931260545,5102.040816332273,24000.0,0.0,24000.0,24000.0,0.0,24999.91584234241,1,0,1499.9949505405446,1799.9939406486487,0.0,0.0,0.0,0.0,0.0,0.35,667.83231428256,-0.0,667.83231428256,26760.0,0.0
46.0,stop_hold,0.0,0.3,0.0,0.0,0.0,0.0,0.0,0.0,-0.0,5259.8358931260545,5102.040816332273,24000.0,0.0,24000.0,24000.0,0.0,24999.91584234241,1,0,1499.9949505405446,1799.9939406486487,0.0,0.0,0.0,0.0,0.0,0.35,667.83231428256,-0.0,667.83231428256,26760.0,0.0
46.05,stop_hold,0.0,0.3,0.0,0.0,0.0,0.0,0.0,0.0,-0.0,5259.8358931260545,5102.040816332273,24000.0,0.0,24000.0,24000.0,0.0,24999.91584234241,1,0,1499.9949505405446,1799.9939406486487,0.0,0.0,0.0,0.0,0.0,0.35,667.83231428256,-0.0,667.83231428256,26760.0,0.0
46.1,stop_hold,0.0,0.3,0.0,0.0,0.0,0.0,0.0,0.0,-0.0,5259.8358931260545,5102.040816332273,24000.0,0.0,24000.0,24000.0,0.0,24999.91584234241,1,0,1499.9949505405446,1799.9939406486487,0.0,0.0,0.0,0.0,0.0,0.35,667.83231428256,-0.0,667.83231428256,26760.0,0.0
46.15,stop_hold,0.0,0.3,0.0,0.0,0.0,0.0,0.0,0.0,-0.0,5259.8358931260545,5102.040816332273,24000.0,0.0,24000.0,24000.0,0.0,24999.91584234241,1,0,1499.9949505405446,1799.9939406486487,0.0,0.0,0.0,0.0,0.0,0.35,667.83231428256,-0.0,667.83231428256,26760.0,0.0
46.2,stop_hold,0.0,0.3,0.0,0.0,0.0,0.0,0.0,0.0,-0.0,5259.8358931260545,5102.040816332273,24000.0,0.0,24000.0,24000.0,0.0,24999.91584234241,1,0,1499.9949505405446,1799.9939406486487,0.0,0.0,0.0,0.0,0.0,0.35,667.83231428256,-0.0,667.83231428256,26760.0,0.0
46.25,stop_hold,0.0,0.3,0.0,0.0,0.0,0.0,0.0,0.0,-0.0,5259.8358931260545,5102.040816332273,24000.0,0.0,24000.0,24000.0,0.0,24999.91584234241,1,0,1499.9949505405446,1799.9939406486487,0.0,0.0,0.0,0.0,0.0,0.35,667.83231428256,-0.0,667.83231428256,26760.0,0.0
46.3,stop_hold,0.0,0.3,0.0,0.0,0.0,0.0,0.0,0.0,-0.0,5259.8358931260545,5102.040816332273,24000.0,0.0,24000.0,24000.0,0.0,24999.91584234241,1,0,1499.9949505405446,1799.9939406486487,0.0,0.0,0.0,0.0,0.0,0.35,667.83231428256,-0.0,667.83231428256,26760.0,0.0
46.35,stop_hold,0.0,0.3,0.0,0.0,0.0,0.0,0.0,0.0,-0.0,5259.8358931260545,5102.040816332273,24000.0,0.0,24000.0,24000.0,0.0,24999.91584234241,1,0,1499.9949505405446,1799.9939406486487,0.0,0.0,0.0,0.0,0.0,0.35,667.83231428256,-0.0,667.83231428256,26760.0,0.0
46.4,stop_hold,0.0,0.3,0.0,0.0,0.0,0.0,0.0,0.0,-0.0,5259.8358931260545,5102.040816332273,24000.0,0.0,24000.0,24000.0,0.0,24999.91584234241,1,0,1499.9949505405446,1799.9939406486487,0.0,0.0,0.0,0.0,0.0,0.35,667.83231428256,-0.0,667.83231428256,26760.0,0.0
46.45,stop_hold,0.0,0.3,0.0,0.0,0.0,0.0,0.0,0.0,-0.0,5259.8358931260545,5102.040816332273,24000.0,0.0,24000.0,24000.0,0.0,24999.91584234241,1,0,1499.9949505405446,1799.9939406486487,0.0,0.0,0.0,0.0,0.0,0.35,667.83231428256,-0.0,667.83231428256,26760.0,0.0
46.5,stop_hold,0.0,0.3,0.0,0.0,0.0,0.0,0.0,0.0,-0.0,5259.8358931260545,5102.040816332273,24000.0,0.0,24000.0,24000.0,0.0,24999.91584234241,1,0,1499.9949505405446,1799.9939406486487,0.0,0.0,0.0,0.0,0.0,0.35,667.83231428256,-0.0,667.83231428256,26760.0,0.0
46.55,stop_hold,0.0,0.3,0.0,0.0,0.0,0.0,0.0,0.0,-0.0,5259.8358931260545,5102.040816332273,24000.0,0.0,24000.0,24000.0,0.0,24999.91584234241,1,0,1499.9949505405446,1799.9939406486487,0.0,0.0,0.0,0.0,0.0,0.35,667.83231428256,-0.0,667.83231428256,26760.0,0.0
46.6,stop_hold,0.0,0.3,0.0,0.0,0.0,0.0,0.0,0.0,-0.0,5259.8358931260545,5102.040816332273,24000.0,0.0,24000.0,24000.0,0.0,24999.91584234241,1,0,1499.9949505405446,1799.9939406486487,0.0,0.0,0.0,0.0,0.0,0.35,667.83231428256,-0.0,667.83231428256,26760.0,0.0
46.65,stop_hold,0.0,0.3,0.0,0.0,0.0,0.0,0.0,0.0,-0.0,5259.8358931260545,5102.040816332273,24000.0,0.0,24000.0,24000.0,0.0,24999.91584234241,1,0,1499.9949505405446,1799.9939406486487,0.0,0.0,0.0,0.0,0.0,0.35,667.83231428256,-0.0,667.83231428256,26760.0,0.0
46.7,stop_hold,0.0,0.3,0.0,0.0,0.0,0.0,0.0,0.0,-0.0,5259.8358931260545,5102.040816332273,24000.0,0.0,24000.0,24000.0,0.0,24999.91584234241,1,0,1499.9949505405446,1799.9939406486487,0.0,0.0,0.0,0.0,0.0,0.35,667.83231428256,-0.0,667.83231428256,26760.0,0.0
46.75,stop_hold,0.0,0.3,0.0,0.0,0.0,0.0,0.0,0.0,-0.0,5259.8358931260545,5102.040816332273,24000.0,0.0,24000.0,24000.0,0.0,24999.91584234241,1,0,1499.9949505405446,1799.9939406486487,0.0,0.0,0.0,0.0,0.0,0.35,667.83231428256,-0.0,667.83231428256,26760.0,0.0
46.8,stop_hold,0.0,0.3,0.0,0.0,0.0,0.0,0.0,0.0,-0.0,5259.8358931260545,5102.040816332273,24000.0,0.0,24000.0,24000.0,0.0,24999.91584234241,1,0,1499.9949505405446,1799.9939406486487,0.0,0.0,0.0,0.0,0.0,0.35,667.83231428256,-0.0,667.83231428256,26760.0,0.0
46.85,stop_hold,0.0,0.3,0.0,0.0,0.0,0.0,0.0,0.0,-0.0,5259.8358931260545,5102.040816332273,24000.0,0.0,24000.0,24000.0,0.0,24999.91584234241,1,0,1499.9949505405446,1799.9939406486487,0.0,0.0,0.0,0.0,0.0,0.35,667.83231428256,-0.0,667.83231428256,26760.0,0.0
46.9,stop_hold,0.0,0.3,0.0,0.0,0.0,0.0,0.0,0.0,-0.0,5259.8358931260545,5102.040816332273,24000.0,0.0,24000.0,24000.0,0.0,24999.91584234241,1,0,1499.9949505405446,1799.9939406486487,0.0,0.0,0.0,0.0,0.0,0.35,667.83231428256,-0.0,667.83231428256,26760.0,0.0
46.95,stop_hold,0.0,0.3,0.0,0.0,0.0,0.0,0.0,0.0,-0.0,5259.8358931260545,5102.040816332273,24000.0,0.0,24000.0,24000.0,0.0,24999.91584234241,1,0,1499.9949505405446,1799.9939406486487,0.0,0.0,0.0,0.0,0.0,0.35,667.83231428256,-0.0,667.83231428256,26760.0,0.0
47.0,stop_hold,0.0,0.3,0.0,0.0,0.0,0.0,0.0,0.0,-0.0,5259.8358931260545,5102.040816332273,24000.0,0.0,24000.0,24000.0,0.0,24999.91584234241,1,0,1499.9949505405446,1799.9939406486487,0.0,0.0,0.0,0.0,0.0,0.35,667.83231428256,-0.0,667.83231428256,26760.0,0.0
47.05,stop_hold,0.0,0.3,0.0,0.0,0.0,0.0,0.0,0.0,-0.0,5259.8358931260545,5102.040816332273,24000.0,0.0,24000.0,24000.0,0.0,24999.91584234241,1,0,1499.9949505405446,1799.9939406486487,0.0,0.0,0.0,0.0,0.0,0.35,667.83231428256,-0.0,667.83231428256,26760.0,0.0
47.1,stop_hold,0.0,0.3,0.0,0.0,0.0,0.0,0.0,0.0,-0.0,5259.8358931260545,5102.040816332273,24000.0,0.0,24000.0,24000.0,0.0,24999.91584234241,1,0,1499.9949505405446,1799.9939406486487,0.0,0.0,0.0,0.0,0.0,0.35,667.83231428256,-0.0,667.83231428256,26760.0,0.0
47.15,stop_hold,0.0,0.3,0.0,0.0,0.0,0.0,0.0,0.0,-0.0,5259.8358931260545,5102.040816332273,24000.0,0.0,24000.0,24000.0,0.0,24999.91584234241,1,0,1499.9949505405446,1799.9939406486487,0.0,0.0,0.0,0.0,0.0,0.35,667.83231428256,-0.0,667.83231428256,26760.0,0.0
47.2,stop_hold,0.0,0.3,0.0,0.0,0.0,0.0,0.0,0.0,-0.0,5259.8358931260545,5102.040816332273,24000.0,0.0,24000.0,24000.0,0.0,24999.91584234241,1,0,1499.9949505405446,1799.9939406486487,0.0,0.0,0.0,0.0,0.0,0.35,667.83231428256,-0.0,667.83231428256,26760.0,0.0
47.25,stop_hold,0.0,0.3,0.0,0.0,0.0,0.0,0.0,0.0,-0.0,5259.8358931260545,5102.040816332273,24000.0,0.0,24000.0,24000.0,0.0,24999.91584234241,1,0,1499.9949505405446,1799.9939406486487,0.0,0.0,0.0,0.0,0.0,0.35,667.83231428256,-0.0,667.83231428256,26760.0,0.0
47.3,stop_hold,0.0,0.3,0.0,0.0,0.0,0.0,0.0,0.0,-0.0,5259.8358931260545,5102.040816332273,24000.0,0.0,24000.0,24000.0,0.0,24999.91584234241,1,0,1499.9949505405446,1799.9939406486487,0.0,0.0,0.0,0.0,0.0,0.35,667.83231428256,-0.0,667.83231428256,26760.0,0.0
47.35,stop_hold,0.0,0.3,0.0,0.0,0.0,0.0,0.0,0.0,-0.0,5259.8358931260545,5102.040816332273,24000.0,0.0,24000.0,24000.0,0.0,24999.91584234241,1,0,1499.9949505405446,1799.9939406486487,0.0,0.0,0.0,0.0,0.0,0.35,667.83231428256,-0.0,667.83231428256,26760.0,0.0
47.4,stop_hold,0.0,0.3,0.0,0.0,0.0,0.0,0.0,0.0,-0.0,5259.8358931260545,5102.040816332273,24000.0,0.0,24000.0,24000.0,0.0,24999.91584234241,1,0,1499.9949505405446,1799.9939406486487,0.0,0.0,0.0,0.0,0.0,0.35,667.83231428256,-0.0,667.83231428256,26760.0,0.0
47.45,stop_hold,0.0,0.3,0.0,0.0,0.0,0.0,0.0,0.0,-0.0,5259.8358931260545,5102.040816332273,24000.0,0.0,24000.0,24000.0,0.0,24999.91584234241,1,0,1499.9949505405446,1799.9939406486487,0.0,0.0,0.0,0.0,0.0,0.35,667.83231428256,-0.0,667.83231428256,26760.0,0.0
47.5,stop_hold,0.0,0.3,0.0,0.0,0.0,0.0,0.0,0.0,-0.0,5259.8358931260545,5102.040816332273,24000.0,0.0,24000.0,24000.0,0.0,24999.91584234241,1,0,1499.9949505405446,1799.9939406486487,0.0,0.0,0.0,0.0,0.0,0.35,667.83231428256,-0.0,667.83231428256,26760.0,0.0
47.55,stop_hold,0.0,0.3,0.0,0.0,0.0,0.0,0.0,0.0,-0.0,5259.8358931260545,5102.040816332273,24000.0,0.0,24000.0,24000.0,0.0,24999.91584234241,1,0,1499.9949505405446,1799.9939406486487,0.0,0.0,0.0,0.0,0.0,0.35,667.83231428256,-0.0,667.83231428256,26760.0,0.0
47.6,stop_hold,0.0,0.3,0.0,0.0,0.0,0.0,0.0,0.0,-0.0,5259.8358931260545,5102.040816332273,24000.0,0.0,24000.0,24000.0,0.0,24999.91584234241,1,0,1499.9949505405446,1799.9939406486487,0.0,0.0,0.0,0.0,0.0,0.35,667.83231428256,-0.0,667.83231428256,26760.0,0.0
47.65,stop_hold,0.0,0.3,0.0,0.0,0.0,0.0,0.0,0.0,-0.0,5259.8358931260545,5102.040816332273,24000.0,0.0,24000.0,24000.0,0.0,24999.91584234241,1,0,1499.9949505405446,1799.9939406486487,0.0,0.0,0.0,0.0,0.0,0.35,667.83231428256,-0.0,667.83231428256,26760.0,0.0
47.7,stop_hold,0.0,0.3,0.0,0.0,0.0,0.0,0.0,0.0,-0.0,5259.8358931260545,5102.040816332273,24000.0,0.0,24000.0,24000.0,0.0,24999.91584234241,1,0,1499.9949505405446,1799.9939406486487,0.0,0.0,0.0,0.0,0.0,0.35,667.83231428256,-0.0,667.83231428256,26760.0,0.0
47.75,stop_hold,0.0,0.3,0.0,0.0,0.0,0.0,0.0,0.0,-0.0,5259.8358931260545,5102.040816332273,24000.0,0.0,24000.0,24000.0,0.0,24999.91584234241,1,0,1499.9949505405446,1799.9939406486487,0.0,0.0,0.0,0.0,0.0,0.35,667.83231428256,-0.0,667.83231428256,26760.0,0.0
47.8,stop_hold,0.0,0.3,0.0,0.0,0.0,0.0,0.0,0.0,-0.0,5259.8358931260545,5102.040816332273,24000.0,0.0,24000.0,24000.0,0.0,24999.91584234241,1,0,1499.9949505405446,1799.9939406486487,0.0,0.0,0.0,0.0,0.0,0.35,667.83231428256,-0.0,667.83231428256,26760.0,0.0
47.85,stop_hold,0.0,0.3,0.0,0.0,0.0,0.0,0.0,0.0,-0.0,5259.8358931260545,5102.040816332273,24000.0,0.0,24000.0,24000.0,0.0,24999.91584234241,1,0,1499.9949505405446,1799.9939406486487,0.0,0.0,0.0,0.0,0.0,0.35,667.83231428256,-0.0,667.83231428256,26760.0,0.0
47.9,stop_hold,0.0,0.3,0.0,0.0,0.0,0.0,0.0,0.0,-0.0,5259.8358931260545,5102.040816332273,24000.0,0.0,24000.0,24000.0,0.0,24999.91584234241,1,0,1499.9949505405446,1799.9939406486487,0.0,0.0,0.0,0.0,0.0,0.35,667.83231428256,-0.0,667.83231428256,26760.0,0.0
47.95,stop_hold,0.0,0.3,0.0,0.0,0.0,0.0,0.0,0.0,-0.0,5259.8358931260545,5102.040816332273,24000.0,0.0,24000.0,24000.0,0.0,24999.91584234241,1,0,1499.9949505405446,1799.9939406486487,0.0,0.0,0.0,0.0,0.0,0.35,667.83231428256,-0.0,667.83231428256,26760.0,0.0
48.0,stop_hold,0.0,0.3,0.0,0.0,0.0,0.0,0.0,0.0,-0.0,5259.8358931260545,5102.040816332273,24000.0,0.0,24000.0,24000.0,0.0,24999.91584234241,1,0,1499.9949505405446,1799.9939406486487,0.0,0.0,0.0,0.0,0.0,0.35,667.83231428256,-0.0,667.83231428256,26760.0,0.0
48.05,stop_hold,0.0,0.3,0.0,0.0,0.0,0.0,0.0,0.0,-0.0,5259.8358931260545,5102.040816332273,24000.0,0.0,24000.0,24000.0,0.0,24999.91584234241,1,0,1499.9949505405446,1799.9939406486487,0.0,0.0,0.0,0.0,0.0,0.35,667.83231428256,-0.0,667.83231428256,26760.0,0.0
48.1,stop_hold,0.0,0.3,0.0,0.0,0.0,0.0,0.0,0.0,-0.0,5259.8358931260545,5102.040816332273,24000.0,0.0,24000.0,24000.0,0.0,24999.91584234241,1,0,1499.9949505405446,1799.9939406486487,0.0,0.0,0.0,0.0,0.0,0.35,667.83231428256,-0.0,667.83231428256,26760.0,0.0
48.15,stop_hold,0.0,0.3,0.0,0.0,0.0,0.0,0.0,0.0,-0.0,5259.8358931260545,5102.040816332273,24000.0,0.0,24000.0,24000.0,0.0,24999.91584234241,1,0,1499.9949505405446,1799.9939406486487,0.0,0.0,0.0,0.0,0.0,0.35,667.83231428256,-0.0,667.83231428256,26760.0,0.0
48.2,stop_hold,0.0,0.3,0.0,0.0,0.0,0.0,0.0,0.0,-0.0,5259.8358931260545,5102.040816332273,24000.0,0.0,24000.0,24000.0,0.0,24999.91584234241,1,0,1499.9949505405446,1799.9939406486487,0.0,0.0,0.0,0.0,0.0,0.35,667.83231428256,-0.0,667.83231428256,26760.0,0.0
48.25,stop_hold,0.0,0.3,0.0,0.0,0.0,0.0,0.0,0.0,-0.0,5259.8358931260545,5102.040816332273,24000.0,0.0,24000.0,24000.0,0.0,24999.91584234241,1,0,1499.9949505405446,1799.9939406486487,0.0,0.0,0.0,0.0,0.0,0.35,667.83231428256,-0.0,667.83231428256,26760.0,0.0
48.3,stop_hold,0.0,0.3,0.0,0.0,0.0,0.0,0.0,0.0,-0.0,5259.8358931260545,5102.040816332273,24000.0,0.0,24000.0,24000.0,0.0,24999.91584234241,1,0,1499.9949505405446,1799.9939406486487,0.0,0.0,0.0,0.0,0.0,0.35,667.83231428256,-0.0,667.83231428256,26760.0,0.0
48.35,stop_hold,0.0,0.3,0.0,0.0,0.0,0.0,0.0,0.0,-0.0,5259.8358931260545,5102.040816332273,24000.0,0.0,24000.0,24000.0,0.0,24999.91584234241,1,0,1499.9949505405446,1799.9939406486487,0.0,0.0,0.0,0.0,0.0,0.35,667.83231428256,-0.0,667.83231428256,26760.0,0.0
48.4,stop_hold,0.0,0.3,0.0,0.0,0.0,0.0,0.0,0.0,-0.0,5259.8358931260545,5102.040816332273,24000.0,0.0,24000.0,24000.0,0.0,24999.91584234241,1,0,1499.9949505405446,1799.9939406486487,0.0,0.0,0.0,0.0,0.0,0.35,667.83231428256,-0.0,667.83231428256,26760.0,0.0
48.45,stop_hold,0.0,0.3,0.0,0.0,0.0,0.0,0.0,0.0,-0.0,5259.8358931260545,5102.040816332273,24000.0,0.0,24000.0,24000.0,0.0,24999.91584234241,1,0,1499.9949505405446,1799.9939406486487,0.0,0.0,0.0,0.0,0.0,0.35,667.83231428256,-0.0,667.83231428256,26760.0,0.0
48.5,stop_hold,0.0,0.3,0.0,0.0,0.0,0.0,0.0,0.0,-0.0,5259.8358931260545,5102.040816332273,24000.0,0.0,24000.0,24000.0,0.0,24999.91584234241,1,0,1499.9949505405446,1799.9939406486487,0.0,0.0,0.0,0.0,0.0,0.35,667.83231428256,-0.0,667.83231428256,26760.0,0.0
48.55,stop_hold,0.0,0.3,0.0,0.0,0.0,0.0,0.0,0.0,-0.0,5259.8358931260545,5102.040816332273,24000.0,0.0,24000.0,24000.0,0.0,24999.91584234241,1,0,1499.9949505405446,1799.9939406486487,0.0,0.0,0.0,0.0,0.0,0.35,667.83231428256,-0.0,667.83231428256,26760.0,0.0
48.6,stop_hold,0.0,0.3,0.0,0.0,0.0,0.0,0.0,0.0,-0.0,5259.8358931260545,5102.040816332273,24000.0,0.0,24000.0,24000.0,0.0,24999.91584234241,1,0,1499.9949505405446,1799.9939406486487,0.0,0.0,0.0,0.0,0.0,0.35,667.83231428256,-0.0,667.83231428256,26760.0,0.0
48.65,stop_hold,0.0,0.3,0.0,0.0,0.0,0.0,0.0,0.0,-0.0,5259.8358931260545,5102.040816332273,24000.0,0.0,24000.0,24000.0,0.0,24999.91584234241,1,0,1499.9949505405446,1799.9939406486487,0.0,0.0,0.0,0.0,0.0,0.35,667.83231428256,-0.0,667.83231428256,26760.0,0.0
48.7,stop_hold,0.0,0.3,0.0,0.0,0.0,0.0,0.0,0.0,-0.0,5259.8358931260545,5102.040816332273,24000.0,0.0,24000.0,24000.0,0.0,24999.91584234241,1,0,1499.9949505405446,1799.9939406486487,0.0,0.0,0.0,0.0,0.0,0.35,667.83231428256,-0.0,667.83231428256,26760.0,0.0
48.75,stop_hold,0.0,0.3,0.0,0.0,0.0,0.0,0.0,0.0,-0.0,5259.8358931260545,5102.040816332273,24000.0,0.0,24000.0,24000.0,0.0,24999.91584234241,1,0,1499.9949505405446,1799.9939406486487,0.0,0.0,0.0,0.0,0.0,0.35,667.83231428256,-0.0,667.83231428256,26760.0,0.0
48.8,stop_hold,0.0,0.3,0.0,0.0,0.0,0.0,0.0,0.0,-0.0,5259.8358931260545,5102.040816332273,24000.0,0.0,24000.0,24000.0,0.0,24999.91584234241,1,0,1499.9949505405446,1799.9939406486487,0.0,0.0,0.0,0.0,0.0,0.35,667.83231428256,-0.0,667.83231428256,26760.0,0.0
48.85,stop_hold,0.0,0.3,0.0,0.0,0.0,0.0,0.0,0.0,-0.0,5259.8358931260545,5102.040816332273,24000.0,0.0,24000.0,24000.0,0.0,24999.91584234241,1,0,1499.9949505405446,1799.9939406486487,0.0,0.0,0.0,0.0,0.0,0.35,667.83231428256,-0.0,667.83231428256,26760.0,0.0
48.9,stop_hold,0.0,0.3,0.0,0.0,0.0,0.0,0.0,0.0,-0.0,5259.8358931260545,5102.040816332273,24000.0,0.0,24000.0,24000.0,0.0,24999.91584234241,1,0,1499.9949505405446,1799.9939406486487,0.0,0.0,0.0,0.0,0.0,0.35,667.83231428256,-0.0,667.83231428256,26760.0,0.0
48.95,stop_hold,0.0,0.3,0.0,0.0,0.0,0.0,0.0,0.0,-0.0,5259.8358931260545,5102.040816332273,24000.0,0.0,24000.0,24000.0,0.0,24999.91584234241,1,0,1499.9949505405446,1799.9939406486487,0.0,0.0,0.0,0.0,0.0,0.35,667.83231428256,-0.0,667.83231428256,26760.0,0.0
49.0,stop_hold,0.0,0.3,0.0,0.0,0.0,0.0,0.0,0.0,-0.0,5259.8358931260545,5102.040816332273,24000.0,0.0,24000.0,24000.0,0.0,24999.91584234241,1,0,1499.9949505405446,1799.9939406486487,0.0,0.0,0.0,0.0,0.0,0.35,667.83231428256,-0.0,667.83231428256,26760.0,0.0
49.05,stop_hold,0.0,0.3,0.0,0.0,0.0,0.0,0.0,0.0,-0.0,5259.8358931260545,5102.040816332273,24000.0,0.0,24000.0,24000.0,0.0,24999.91584234241,1,0,1499.9949505405446,1799.9939406486487,0.0,0.0,0.0,0.0,0.0,0.35,667.83231428256,-0.0,667.83231428256,26760.0,0.0
49.1,stop_hold,0.0,0.3,0.0,0.0,0.0,0.0,0.0,0.0,-0.0,5259.8358931260545,5102.040816332273,24000.0,0.0,24000.0,24000.0,0.0,24999.91584234241,1,0,1499.9949505405446,1799.9939406486487,0.0,0.0,0.0,0.0,0.0,0.35,667.83231428256,-0.0,667.83231428256,26760.0,0.0
49.15,stop_hold,0.0,0.3,0.0,0.0,0.0,0.0,0.0,0.0,-0.0,5259.8358931260545,5102.040816332273,24000.0,0.0,24000.0,24000.0,0.0,24999.91584234241,1,0,1499.9949505405446,1799.9939406486487,0.0,0.0,0.0,0.0,0.0,0.35,667.83231428256,-0.0,667.83231428256,26760.0,0.0
49.2,stop_hold,0.0,0.3,0.0,0.0,0.0,0.0,0.0,0.0,-0.0,5259.8358931260545,5102.040816332273,24000.0,0.0,24000.0,24000.0,0.0,24999.91584234241,1,0,1499.9949505405446,1799.9939406486487,0.0,0.0,0.0,0.0,0.0,0.35,667.83231428256,-0.0,667.83231428256,26760.0,0.0
49.25,stop_hold,0.0,0.3,0.0,0.0,0.0,0.0,0.0,0.0,-0.0,5259.8358931260545,5102.040816332273,24000.0,0.0,24000.0,24000.0,0.0,24999.91584234241,1,0,1499.9949505405446,1799.9939406486487,0.0,0.0,0.0,0.0,0.0,0.35,667.83231428256,-0.0,667.83231428256,26760.0,0.0
49.3,stop_hold,0.0,0.3,0.0,0.0,0.0,0.0,0.0,0.0,-0.0,5259.8358931260545,5102.040816332273,24000.0,0.0,24000.0,24000.0,0.0,24999.91584234241,1,0,1499.9949505405446,1799.9939406486487,0.0,0.0,0.0,0.0,0.0,0.35,667.83231428256,-0.0,667.83231428256,26760.0,0.0
49.35,stop_hold,0.0,0.3,0.0,0.0,0.0,0.0,0.0,0.0,-0.0,5259.8358931260545,5102.040816332273,24000.0,0.0,24000.0,24000.0,0.0,24999.91584234241,1,0,1499.9949505405446,1799.9939406486487,0.0,0.0,0.0,0.0,0.0,0.35,667.83231428256,-0.0,667.83231428256,26760.0,0.0
49.4,stop_hold,0.0,0.3,0.0,0.0,0.0,0.0,0.0,0.0,-0.0,5259.8358931260545,5102.040816332273,24000.0,0.0,24000.0,24000.0,0.0,24999.91584234241,1,0,1499.9949505405446,1799.9939406486487,0.0,0.0,0.0,0.0,0.0,0.35,667.83231428256,-0.0,667.83231428256,26760.0,0.0
49.45,stop_hold,0.0,0.3,0.0,0.0,0.0,0.0,0.0,0.0,-0.0,5259.8358931260545,5102.040816332273,24000.0,0.0,24000.0,24000.0,0.0,24999.91584234241,1,0,1499.9949505405446,1799.9939406486487,0.0,0.0,0.0,0.0,0.0,0.35,667.83231428256,-0.0,667.83231428256,26760.0,0.0
49.5,stop_hold,0.0,0.3,0.0,0.0,0.0,0.0,0.0,0.0,-0.0,5259.8358931260545,5102.040816332273,24000.0,0.0,24000.0,24000.0,0.0,24999.91584234241,1,0,1499.9949505405446,1799.9939406486487,0.0,0.0,0.0,0.0,0.0,0.35,667.83231428256,-0.0,667.83231428256,26760.0,0.0
49.55,stop_hold,0.0,0.3,0.0,0.0,0.0,0.0,0.0,0.0,-0.0,5259.8358931260545,5102.040816332273,24000.0,0.0,24000.0,24000.0,0.0,24999.91584234241,1,0,1499.9949505405446,1799.9939406486487,0.0,0.0,0.0,0.0,0.0,0.35,667.83231428256,-0.0,667.83231428256,26760.0,0.0
49.6,stop_hold,0.0,0.3,0.0,0.0,0.0,0.0,0.0,0.0,-0.0,5259.8358931260545,5102.040816332273,24000.0,0.0,24000.0,24000.0,0.0,24999.91584234241,1,0,1499.9949505405446,1799.9939406486487,0.0,0.0,0.0,0.0,0.0,0.35,667.83231428256,-0.0,667.83231428256,26760.0,0.0
49.65,stop_hold,0.0,0.3,0.0,0.0,0.0,0.0,0.0,0.0,-0.0,5259.8358931260545,5102.040816332273,24000.0,0.0,24000.0,24000.0,0.0,24999.91584234241,1,0,1499.9949505405446,1799.9939406486487,0.0,0.0,0.0,0.0,0.0,0.35,667.83231428256,-0.0,667.83231428256,26760.0,0.0
49.7,stop_hold,0.0,0.3,0.0,0.0,0.0,0.0,0.0,0.0,-0.0,5259.8358931260545,5102.040816332273,24000.0,0.0,24000.0,24000.0,0.0,24999.91584234241,1,0,1499.9949505405446,1799.9939406486487,0.0,0.0,0.0,0.0,0.0,0.35,667.83231428256,-0.0,667.83231428256,26760.0,0.0
49.75,stop_hold,0.0,0.3,0.0,0.0,0.0,0.0,0.0,0.0,-0.0,5259.8358931260545,5102.040816332273,24000.0,0.0,24000.0,24000.0,0.0,24999.91584234241,1,0,1499.9949505405446,1799.9939406486487,0.0,0.0,0.0,0.0,0.0,0.35,667.83231428256,-0.0,667.83231428256,26760.0,0.0
49.8,stop_hold,0.0,0.3,0.0,0.0,0.0,0.0,0.0,0.0,-0.0,5259.8358931260545,5102.040816332273,24000.0,0.0,24000.0,24000.0,0.0,24999.91584234241,1,0,1499.9949505405446,1799.9939406486487,0.0,0.0,0.0,0.0,0.0,0.35,667.83231428256,-0.0,667.83231428256,26760.0,0.0
49.85,stop_hold,0.0,0.3,0.0,0.0,0.0,0.0,0.0,0.0,-0.0,5259.8358931260545,5102.040816332273,24000.0,0.0,24000.0,24000.0,0.0,24999.91584234241,1,0,1499.9949505405446,1799.9939406486487,0.0,0.0,0.0,0.0,0.0,0.35,667.83231428256,-0.0,667.83231428256,26760.0,0.0
49.9,stop_hold,0.0,0.3,0.0,0.0,0.0,0.0,0.0,0.0,-0.0,5259.8358931260545,5102.040816332273,24000.0,0.0,24000.0,24000.0,0.0,24999.91584234241,1,0,1499.9949505405446,1799.9939406486487,0.0,0.0,0.0,0.0,0.0,0.35,667.83231428256,-0.0,667.83231428256,26760.0,0.0
49.95,stop_hold,0.0,0.3,0.0,0.0,0.0,0.0,0.0,0.0,-0.0,5259.8358931260545,5102.040816332273,24000.0,0.0,24000.0,24000.0,0.0,24999.91584234241,1,0,1499.9949505405446,1799.9939406486487,0.0,0.0,0.0,0.0,0.0,0.35,667.83231428256,-0.0,667.83231428256,26760.0,0.0
50.0,stop_hold,0.0,0.3,0.0,0.0,0.0,0.0,0.0,0.0,-0.0,5259.8358931260545,5102.040816332273,24000.0,0.0,24000.0,24000.0,0.0,24999.91584234241,1,0,1499.9949505405446,1799.9939406486487,0.0,0.0,0.0,0.0,0.0,0.35,667.83231428256,-0.0,667.83231428256,26760.0,0.0
