time,scenario_phase,traction_command,service_brake_request,v_train,acceleration,P_motor_mechanical_signed,P_motor_electrical_signed,P_dc_signed,P_dc_traction,P_dc_regen,P_line,P_transformer_out,F_brake_demand,Fregen_actual,Fmechanical_actual,Ftotal_actual,F_brake_tracking_error,U_pantograph,hv_breaker_state,hv_system_fault,U_transformer_secondary,U_dc_link,P_regen_converter,P_grid_returned,P_brake_resistor,P_ess_dc_input,P_ess_absorbed,SOC_energy,Ucap_equivalent,Icap,Uterminal,E_supercap_kJ,Eregen_stored_kJ
0.0,traction,0.24,0.0,0.0,0.0,0.0,0.0,0.0,0.0,-0.0,0.0,0.0,0.0,0.0,0.0,0.0,0.0,0.0,0,0,0.0,0.0,0.0,0.0,0.0,0.0,0.0,0.35,667.83231428256,-0.0,667.83231428256,26760.0,0.0
0.05,traction,0.24,0.0,0.0,0.0,0.0,0.0,0.0,0.0,-0.0,0.0,0.0,0.0,0.0,0.0,0.0,0.0,0.0,0,0,0.0,0.0,0.0,0.0,0.0,0.0,0.0,0.35,667.83231428256,-0.0,667.83231428256,26760.0,0.0
0.1,traction,0.24,0.0,0.0,0.0,0.0,0.0,0.0,0.0,-0.0,0.0,0.0,0.0,0.0,0.0,0.0,0.0,0.0,0,0,0.0,0.0,0.0,0.0,0.0,0.0,0.0,0.35,667.83231428256,-0.0,667.83231428256,26760.0,0.0
0.15,traction,0.24,0.0,0.0,0.0,0.0,0.0,0.0,0.0,-0.0,0.0,0.0,0.0,0.0,0.0,0.0,0.0,0.0,0,0,0.0,0.0,0.0,0.0,0.0,0.0,0.0,0.35,667.83231428256,-0.0,667.83231428256,26760.0,0.0
0.2,traction,0.24,0.0,0.0,0.0,0.0,0.0,0.0,0.0,-0.0,0.0,0.0,0.0,0.0,0.0,0.0,0.0,25000.0,0,0,0.0,0.0,0.0,0.0,0.0,0.0,0.0,0.35,667.83231428256,-0.0,667.83231428256,26760.0,0.0
0.25,traction,0.24,0.0,0.0,0.0,0.0,0.0,0.0,0.0,-0.0,0.0,0.0,0.0,0.0,0.0,0.0,0.0,25000.0,0,0,0.0,0.0,0.0,0.0,0.0,0.0,0.0,0.35,667.83231428256,-0.0,667.83231428256,26760.0,0.0
0.3,traction,0.24,0.0,0.0,0.0,0.0,0.0,0.0,0.0,-0.0,0.0,0.0,0.0,0.0,0.0,0.0,0.0,25000.0,0,0,0.0,0.0,0.0,0.0,0.0,0.0,0.0,0.35,667.83231428256,-0.0,667.83231428256,26760.0,0.0
0.35,traction,0.24,0.0,0.0,0.0,0.0,0.0,0.0,0.0,-0.0,0.0,0.0,0.0,0.0,0.0,0.0,0.0,25000.0,0,0,0.0,0.0,0.0,0.0,0.0,0.0,0.0,0.35,667.83231428256,-0.0,667.83231428256,26760.0,0.0
0.4,traction,0.24,0.0,0.0,0.0,0.0,0.0,0.0,0.0,-0.0,0.0,0.0,0.0,0.0,0.0,0.0,0.0,25000.0,0,0,0.0,0.0,0.0,0.0,0.0,0.0,0.0,0.35,667.83231428256,-0.0,667.83231428256,26760.0,0.0
0.45,traction,0.24,0.0,0.0,0.0,0.0,0.0,0.0,0.0,-0.0,0.0,0.0,0.0,0.0,0.0,0.0,0.0,25000.0,0,0,0.0,0.0,0.0,0.0,0.0,0.0,0.0,0.35,667.83231428256,-0.0,667.83231428256,26760.0,0.0
0.5,traction,0.24,0.0,0.0,0.0,0.0,0.0,0.0,0.0,-0.0,0.0,0.0,0.0,0.0,0.0,0.0,0.0,25000.0,1,0,0.0,0.0,0.0,0.0,0.0,0.0,0.0,0.35,667.83231428256,-0.0,667.83231428256,26760.0,0.0
0.55,traction,0.24,0.0,0.0,0.0,0.0,0.0,0.0,0.0,-0.0,0.0,0.0,0.0,0.0,0.0,0.0,0.0,25000.0,1,0,1500.0,0.0,0.0,0.0,0.0,0.0,0.0,0.35,667.83231428256,-0.0,667.83231428256,26760.0,0.0
0.6,traction,0.24,0.0,0.0,0.0,0.0,0.0,0.0,0.0,-0.0,0.0,923469.387755102,0.0,0.0,0.0,0.0,0.0,25000.0,1,0,1500.0,474.60509900337144,0.0,0.0,0.0,0.0,0.0,0.35,667.83231428256,-0.0,667.83231428256,26760.0,0.0
0.65,traction,0.24,0.0,0.0,0.0,0.0,0.0,0.0,0.0,-0.0,0.0,923469.387755102,0.0,0.0,0.0,0.0,0.0,25000.0,1,0,1500.0,671.006706374832,0.0,0.0,0.0,0.0,0.0,0.35,667.83231428256,-0.0,667.83231428256,26760.0,0.0
0.7,traction,0.24,0.0,0.0,0.0,0.0,0.0,0.0,0.0,-0.0,952030.2966547444,893030.0217309147,0.0,0.0,0.0,0.0,0.0,25000.0,1,0,1500.0,820.3658983501971,0.0,0.0,0.0,0.0,0.0,0.35,667.83231428256,-0.0,667.83231428256,26760.0,0.0
0.75,traction,0.24,0.0,0.0,0.0,0.0,0.0,0.0,0.0,-0.0,952030.2966547444,821461.7235810478,0.0,0.0,0.0,0.0,0.0,24984.767515253523,1,0,1500.0,938.0320661508277,0.0,0.0,0.0,0.0,0.0,0.35,667.83231428256,-0.0,667.83231428256,26760.0,0.0
0.8,traction,0.24,0.0,0.0,0.0,0.0,0.0,0.0,0.0,-0.0,920088.5557562351,755661.935276757,0.0,0.0,0.0,0.0,0.0,24984.767515253523,1,0,1500.0,1034.4715293882648,0.0,0.0,0.0,0.0,0.0,0.35,667.83231428256,-0.0,667.83231428256,26760.0,0.0
0.85,traction,0.24,0.0,0.0,0.0,0.0,0.0,0.0,0.0,-0.0,846351.7602619353,694742.1424193529,0.0,0.0,0.0,0.0,0.0,24985.269607888975,1,0,1499.0860509152112,1115.8073053281673,0.0,0.0,0.0,0.0,0.0,0.35,667.83231428256,-0.0,667.83231428256,26760.0,0.0
0.9,traction,0.24,0.0,0.0,0.0,0.0,0.0,0.0,0.0,-0.0,778573.9045488215,638290.3156168953,0.0,0.0,0.0,0.0,0.0,24986.450115899694,1,0,1499.0860509152112,1185.540231431007,0.0,0.0,0.0,0.0,0.0,0.35,667.83231428256,-0.0,667.83231428256,26760.0,0.0
0.95,traction,0.24,0.0,0.0,0.0,0.0,0.0,0.0,0.0,-0.0,716277.2472886889,587266.2130036195,0.0,0.0,0.0,0.0,0.0,24987.535473232547,1,0,1499.1161764733383,1246.2144434027684,0.0,0.0,0.0,0.0,0.0,0.35,667.83231428256,-0.0,667.83231428256,26760.0,0.0
1.0,traction,0.24,0.0,0.0,0.0,0.0,0.0,0.0,0.0,-0.0,658104.1537458554,540398.9711332411,0.0,0.0,0.0,0.0,0.0,24988.53334917179,1,0,1499.1870069539816,1299.5050571921374,0.0,0.0,0.0,0.0,0.0,0.35,667.83231428256,-0.0,667.83231428256,26760.0,0.0
1.05,traction,0.24,0.0,0.0,0.0,0.0,0.0,0.0,0.0,-0.0,605508.1707249708,497348.6375864463,0.0,0.0,0.0,0.0,0.0,24989.465081028888,1,0,1499.2521283939527,1346.6500526427353,0.0,0.0,0.0,0.0,0.0,0.35,667.83231428256,-0.0,667.83231428256,26760.0,0.0
1.1,traction,0.24,0.0,0.0,0.0,0.0,0.0,0.0,0.0,-0.0,557179.5647805413,457760.67849396146,0.0,0.0,0.0,0.0,0.0,24990.307423612838,1,0,1499.3120009503073,1388.5916339194266,0.0,0.0,0.0,0.0,0.0,0.35,667.83231428256,-0.0,667.83231428256,26760.0,0.0
1.15,traction,0.24,0.0,0.0,0.0,0.0,0.0,0.0,0.0,-0.0,512787.4331177661,421356.84841763484,0.0,0.0,0.0,0.0,0.0,24991.08136868118,1,0,1499.3679048617332,1426.0719811338756,0.0,0.0,0.0,0.0,0.0,0.35,667.83231428256,-0.0,667.83231428256,26760.0,0.0
1.2,traction,0.24,0.0,0.0,0.0,0.0,0.0,0.0,0.0,-0.0,471966.3455964655,387881.5001784902,0.0,0.0,0.0,0.0,0.0,24991.7922188883,1,0,1499.4184454167703,1459.6891124271556,0.0,0.0,0.0,0.0,0.0,0.35,667.83231428256,-0.0,667.83231428256,26760.0,0.0
1.25,traction,0.24,0.0,0.001315196059806596,0.026303921196131917,0.0,0.0,0.0,0.0,-0.0,434428.9558471026,357097.3596265945,0.0,0.0,0.0,0.0,0.0,24992.445843561007,1,0,1499.464882120871,1489.933446769068,0.0,0.0,0.0,0.0,0.0,0.35,667.83231428256,-0.0,667.83231428256,26760.0,0.0
1.3,traction,0.24,0.0,0.0037323838694811144,0.04834375619349037,0.0,0.0,0.0,0.0,-0.0,399912.052771388,328788.97810264304,0.0,0.0,0.0,0.0,0.0,24993.0468539104,1,0,1499.5075331332978,1517.2134996884906,0.0,0.0,0.0,0.0,0.0,0.35,667.83231428256,-0.0,667.83231428256,26760.0,0.0
1.35,traction,0.24,0.0,0.007007803637114533,0.06550839535266836,14.870839285388437,15.820041792966423,0.0,0.0,-0.0,368170.56126715883,302757.2319331176,0.0,0.0,0.0,0.0,0.0,24993.599473132406,1,0,1499.5467506136604,1541.8737385794634,0.0,0.0,0.0,0.0,0.0,0.35,667.83231428256,-0.0,667.83231428256,26760.0,0.0
1.4,traction,0.24,0.0,0.010951614968101818,0.07887622661974569,44.86789469579661,47.73180286786874,16.14289978874125,16.14289978874125,0.0,338982.22074187675,278835.54649524036,0.0,0.0,0.0,0.0,0.0,24994.10763219996,1,0,1499.582811234624,1564.2076907524959,0.0,0.0,0.0,0.0,0.0,0.35,667.83231428256,-0.0,667.83231428256,26760.0,0.0
1.45,traction,0.24,0.0,0.015415075287564457,0.08926920638925279,88.12440900162804,93.7493712783277,48.70592129374361,48.70592129374361,0.0,312141.61108980293,256855.82152662595,0.0,0.0,0.0,0.0,0.0,24994.574895527054,1,0,1499.6159683879443,1584.4677075095371,0.0,0.0,0.0,0.0,0.0,0.35,667.83231428256,-0.0,667.83231428256,26760.0,0.0
1.5,traction,0.24,0.0,0.020281594058548208,0.09733037541967501,142.4230172181979,151.51384810446586,95.66262375339562,95.66262375339562,0.0,287476.9011643277,236661.14924035865,0.0,0.0,0.0,0.0,0.0,24995.004556823023,1,0,1499.6464579319977,1602.8723992923447,0.0,0.0,0.0,0.0,0.0,0.35,667.83231428256,-0.0,667.83231428256,26760.0,0.0
1.55,traction,0.24,0.0,0.02546068122658295,0.10358174336069483,205.6042051432905,218.72787781201117,154.6059674535366,154.6059674535366,0.0,264814.7024541851,218106.69091924804,0.0,0.0,0.0,0.0,0.0,24995.3993712257,1,0,1499.6744937316232,1619.6123950557765,0.0,0.0,0.0,0.0,0.0,0.35,667.83231428256,-0.0,667.83231428256,26760.0,0.0
1.6,traction,0.24,0.0,0.03088215792091978,0.10842953388673658,275.75228654379026,293.35349632318116,223.19171205307262,223.19171205307262,0.0,243993.17556788548,201059.12050060154,0.0,0.0,0.0,0.0,0.0,24995.762117956776,1,0,1499.7002734093815,1634.854872918284,0.0,0.0,0.0,0.0,0.0,0.35,667.83231428256,-0.0,667.83231428256,26760.0,0.0
1.65,traction,0.24,0.0,0.036491599003992334,0.11218882166145111,351.2682860565194,373.68966601757387,299.340302370593,299.340302370593,0.0,224862.93898310277,185395.9125487619,0.0,0.0,0.0,0.0,0.0,24996.095390644587,1,0,1499.723962273542,1648.747175058159,0.0,0.0,0.0,0.0,0.0,0.35,667.83231428256,-0.0,667.83231428256,26760.0,0.0
1.7,traction,0.24,0.0,0.042246798532455984,0.11510399056927301,430.8628335398201,458.3647165317235,381.3159857322182,381.3159857322182,0.0,207286.48983245416,171004.55825484067,0.0,0.0,0.0,0.0,0.0,24996.401582989598,1,0,1499.7457270774064,1661.4197258697652,0.0,0.0,0.0,0.0,0.0,0.35,667.83231428256,-0.0,667.83231428256,26760.0,0.0
1.75,traction,0.24,0.0,0.04811502725712907,0.11736457449346177,513.5205409637606,546.2984478337879,467.7190985017587,467.7190985017587,0.0,191137.47026321018,157781.81857702436,0.0,0.0,0.0,0.0,0.0,24996.682898083192,1,0,1499.7657234386752,1672.9884188834399,0.0,0.0,0.0,0.0,0.0,0.35,667.83231428256,-0.0,667.83231428256,26760.0,0.0
1.8,traction,0.24,0.0,0.05407090481619577,0.11911755118133388,598.4556945373926,636.6549941887155,557.4473957487631,557.4473957487631,0.0,176299.85322333113,145632.94947280883,0.0,0.0,0.0,0.0,0.0,24996.941360225333,1,0,1499.7840949793758,1683.556584884403,0.0,0.0,0.0,0.0,0.0,0.35,667.83231428256,-0.0,667.83231428256,26760.0,0.0
1.85,traction,0.24,0.0,0.06009474963562329,0.12047689638855053,685.0685573955326,728.796337654822,649.6479532537913,649.6479532537913,0.0,162667.1737688681,134470.99144349637,0.0,0.0,0.0,0.0,0.0,24997.17882802383,1,0,1499.8009738849914,1693.2166304785267,0.0,0.0,0.0,0.0,0.0,0.35,667.83231428256,-0.0,667.83231428256,26760.0,0.0
1.9,traction,0.24,0.0,0.06617129933456842,0.12153099397890249,772.9064202796309,822.2408726379052,743.6697323008387,743.6697323008387,0.0,150141.72971554287,124216.11486562317,0.0,0.0,0.0,0.0,0.0,24997.397006754953,1,0,1499.81648161352,1702.0514137218909,0.0,0.0,0.0,0.0,0.0,0.35,667.83231428256,-0.0,667.83231428256,26760.0,0.0
1.95,traction,0.24,0.0,0.07228871844578688,0.12234838222436928,861.6307911805181,916.6285012558704,839.0212986101074,839.0212986101074,0.0,138633.84848377036,114795.01965727733,0.0,0.0,0.0,0.0,0.0,24997.597461205547,1,0,1499.8307296814296,1710.1354077341343,0.0,0.0,0.0,0.0,0.0,0.35,667.83231428256,-0.0,667.83231428256,26760.0,0.0
2.0,traction,0.24,0.0,0.07843782894030918,0.12298220989044595,950.990718813715,1011.6922540571437,935.3352053631331,935.3352053631331,0.0,128061.21154340125,106140.38676269435,0.0,0.0,0.0,0.0,0.0,24997.78162744791,1,0,1499.843820405297,1717.5356917482036,0.0,0.0,0.0,0.0,0.0,0.35,667.83231428256,-0.0,667.83231428256,26760.0,0.0
2.05,traction,0.24,0.0,0.08461151352919045,0.12347369177762552,1040.8016230946328,1107.2357692496093,1032.3390347521874,1032.3390347521874,0.0,118348.2349531287,98190.37766981771,0.0,0.0,0.0,0.0,0.0,24997.950823686282,1,0,1499.8558476723329,1724.312800483286,0.0,0.0,0.0,0.0,0.0,0.35,667.83231428256,-0.0,667.83231428256,26760.0,0.0
2.1,traction,0.24,0.0,0.09080425294722119,0.12385478836061475,1130.9287892701911,1203.1157332661608,1129.8324176016422,1129.8324176016422,0.0,109425.50340336848,90888.17802915208,0.0,0.0,0.0,0.0,0.0,24998.106260199933,1,0,1499.8668976468743,1730.5214562764145,0.0,0.0,0.0,0.0,0.0,0.35,667.83231428256,-0.0,667.83231428256,26760.0,0.0
2.15,traction,0.24,0.0,0.09701176713444233,0.12415028374442277,1221.27466991396,1299.2283722488937,1227.669115577715,1227.669115577715,0.0,101229.25384381336,84181.58125614966,0.0,0.0,0.0,0.0,0.0,24998.249048425205,1,0,1499.877049421177,1736.2112034671259,0.0,0.0,0.0,0.0,0.0,0.35,667.83231428256,-0.0,667.83231428256,26760.0,0.0
2.2,traction,0.24,0.0,0.10323073698636802,0.12437939703851375,1311.769219908979,1395.4991701159352,1325.7432369886671,1325.7432369886671,0.0,93700.90464081915,78022.60837218558,0.0,0.0,0.0,0.0,0.0,24998.38020924001,1,0,1499.8863756119958,1741.426960728014,0.0,0.0,0.0,0.0,0.0,0.35,667.83231428256,-0.0,667.83231428256,26760.0,0.0
2.25,traction,0.24,0.0,0.10945858858210702,0.12455703191478013,1402.3626044906339,1491.875111160249,1423.9787450162603,1423.9787450162603,0.0,86786.62600914127,72367.16064569919,0.0,0.0,0.0,0.0,0.0,24998.500680516314,1,0,1499.8949429055122,1746.2095040740319,0.0,0.0,0.0,0.0,0.0,0.35,667.83231428256,-0.0,667.83231428256,26760.0,0.0
2.3,traction,0.24,0.0,0.1156933258616636,0.12469474559113153,1493.0197391812521,1588.3188714694172,1522.321542000254,1522.321542000254,0.0,80436.94784898107,67174.70193198779,0.0,0.0,0.0,0.0,0.0,24998.61132400927,1,0,1499.9028125544005,1750.5958909590354,0.0,0.0,0.0,0.0,0.0,0.35,667.83231428256,-0.0,667.83231428256,26760.0,0.0
2.35,traction,0.24,0.0,0.12193340087369221,0.12480150024057224,1583.7162289875002,1684.8044989228727,1620.733542315732,1620.733542315732,0.0,74606.40143646086,62407.96793456348,0.0,0.0,0.0,0.0,0.0,24998.71293164535,1,0,1499.9100408309787,1754.619834027748,0.0,0.0,0.0,0.0,0.0,0.35,667.83231428256,-0.0,667.83231428256,26760.0,0.0
2.4,traction,0.24,0.0,0.12817761315767787,0.12488424567971307,1674.4353672302177,1781.3142204576784,1719.188264207013,1719.188264207013,0.0,69253.19176397199,58032.699907078524,0.0,0.0,0.0,0.0,0.0,24998.8062312667,1,0,1499.9166794405562,1758.3120316229752,0.0,0.0,0.0,0.0,0.0,0.35,667.83231428256,-0.0,667.83231428256,26760.0,0.0
2.45,traction,0.24,0.0,0.13442503171873021,0.12494837122104696,1765.1659309817746,1877.8360967891222,1817.66757189559,1817.66757189559,0.0,64338.89766223493,54017.40057953057,0.0,0.0,0.0,0.0,0.0,24998.89189188334,1,0,1499.922775898721,1761.700460967732,0.0,0.0,0.0,0.0,0.0,0.35,667.83231428256,-0.0,667.83231428256,26760.0,0.0
2.5,traction,0.24,0.0,0.14067493452207097,0.12499805606681513,1855.9005715528567,1974.3623101626135,1916.1592824378797,1916.1592824378797,0.0,59828.19714196601,50333.110325229776,0.0,0.0,0.0,0.0,0.0,24998.970528479367,1,0,1499.9283738760018,1764.8106389868808,0.0,0.0,0.0,0.0,0.0,0.35,667.83231428256,-0.0,667.83231428256,26760.0,0.0
2.55,traction,0.24,0.0,0.14692676157336193,0.12503654102581918,1946.6346468817994,2070.88792221468,2014.655418533279,2014.655418533279,0.0,55688.61566664081,46953.2017891669,0.0,0.0,0.0,0.0,0.0,24999.042706414337,1,0,1499.9335135130004,1767.665854954918,0.0,0.0,0.0,0.0,0.0,0.35,667.83231428256,-0.0,667.83231428256,26760.0,0.0
2.6,traction,0.24,0.0,0.15318007853432458,0.12506633921925303,2037.3653802863212,2167.4099790280015,2113.150941035388,2113.150941035388,0.0,51890.29530840501,43853.19137708112,0.0,0.0,0.0,0.0,0.0,24999.108945456723,1,0,1499.938231708762,1770.2873785189572,0.0,0.0,0.0,0.0,0.0,0.35,667.83231428256,-0.0,667.83231428256,26760.0,0.0
2.65,traction,0.24,0.0,0.15943454850806765,0.12508939947486142,2128.0912589424365,2263.926871215358,2211.6428357428586,2211.6428357428586,0.0,48405.782950150424,41010.56616114907,0.0,0.0,0.0,0.0,0.0,24999.16972348233,1,0,1499.9425623848601,1772.6946461203318,0.0,0.0,0.0,0.0,0.0,0.35,667.83231428256,-0.0,667.83231428256,26760.0,0.0
2.7,traction,0.24,0.0,0.1656899101597064,0.12510723303277516,2218.8116074848185,2360.4378803029986,2310.1294604238346,2310.1294604238346,0.0,45209.83588137486,38404.624895972716,0.0,0.0,0.0,0.0,0.0,24999.22547986721,1,0,1499.9465367274033,1774.9054284025042,0.0,0.0,0.0,0.0,0.0,0.35,667.83231428256,-0.0,667.83231428256,26760.0,0.0
2.75,traction,0.24,0.0,0.1719459607497536,0.12512101180094382,2309.5262887955637,2456.9428604208124,2408.6100819418352,2408.6100819418352,0.0,42279.24329725941,36016.33196018036,0.0,0.0,0.0,0.0,0.0,24999.276618601634,1,0,1499.9501834089397,1776.935980829855,0.0,0.0,0.0,0.0,0.0,0.35,667.83231428256,-0.0,667.83231428256,26760.0,0.0
2.8,traction,0.24,0.0,0.17820254297717428,0.12513164454841352,2400.2354965921763,2553.4420176512517,2507.0845514498087,2507.0845514498087,0.0,39592.662352704196,33828.18314685492,0.0,0.0,0.0,0.0,0.0,24999.323511149076,1,0,1499.9535287920326,1778.8011794377524,0.0,0.0,0.0,0.0,0.0,0.35,667.83231428256,-0.0,667.83231428256,26760.0,0.0
2.85,traction,0.24,0.0,0.1844595347766863,0.1251398359902406,2490.9396138137226,2649.9357593763007,2605.5530792359714,2605.5530792359714,0.0,37130.46754870613,31824.082322186183,0.0,0.0,0.0,0.0,0.0,24999.366499071846,1,0,1499.956597116098,1780.5146433783295,0.0,0.0,0.0,0.0,0.0,0.35,667.83231428256,-0.0,667.83231428256,26760.0,0.0
2.9,traction,0.24,0.0,0.1907168414069641,0.12514613260555585,2581.6391177971605,2746.4245934012347,2704.0160809962254,2704.0160809962254,0.0,34874.612339903135,29989.228057772947,0.0,0.0,0.0,0.0,0.0,24999.405896443044,1,0,1499.9594106689444,1782.088845709933,0.0,0.0,0.0,0.0,0.0,0.35,667.83231428256,-0.0,667.83231428256,26760.0,0.0
2.95,traction,0.24,0.0,0.19697438931534803,0.12515095816767852,2672.3345184212803,2842.9090621502983,2802.474074899219,2802.474074899219,0.0,32808.50195143791,28310.009419368715,0.0,0.0,0.0,0.0,0.0,24999.44199206262,1,0,1499.9619899443107,1783.535213694393,0.0,0.0,0.0,0.0,0.0,0.35,667.83231428256,-0.0,667.83231428256,26760.0,0.0
3.0,traction,0.24,0.0,0.2032321213801654,0.12515464129634724,2763.0263192241455,2939.3897013022824,2900.92761443908,2900.92761443908,0.0,30916.87648212824,26773.91016458341,0.0,0.0,0.0,0.0,0.0,24999.475051493828,1,0,1499.9643537865827,1784.864219709484,0.0,0.0,0.0,0.0,0.0,0.35,667.83231428256,-0.0,667.83231428256,26760.0,0.0
3.05,traction,0.24,0.0,0.20948999322133538,0.12515743682339986,2853.714994313869,3035.8670152275204,2999.377246226819,2999.377246226819,0.0,29185.70345081161,25369.42066517664,0.0,0.0,0.0,0.0,0.0,24999.505318934847,1,0,1499.9665195237571,1786.0854637496825,0.0,0.0,0.0,0.0,0.0,0.35,667.83231428256,-0.0,667.83231428256,26760.0,0.0
3.1,traction,0.24,0.0,0.21574797033938684,0.1251595423610291,2944.400975951538,3132.341463778232,3097.823484926041,3097.823484926041,0.0,27602.07901470965,24085.9569268256,0.0,0.0,0.0,0.0,0.0,24999.533018939146,1,0,1499.9685030896296,1787.2077483729295,0.0,0.0,0.0,0.0,0.0,0.35,667.83231428256,-0.0,667.83231428256,26760.0,0.0
3.15,traction,0.24,0.0,0.22200602589687757,0.12516111114981465,3035.0846491843117,3228.813456579055,3196.266799773706,3196.266799773706,0.0,26154.137153817894,22913.78613130612,0.0,0.0,0.0,0.0,0.0,24999.558357996888,1,0,1499.970319136091,1788.2391468515143,0.0,0.0,0.0,0.0,0.0,0.35,667.83231428256,-0.0,667.83231428256,26760.0,0.0
3.2,traction,0.24,0.0,0.2282641389979719,0.12516226202188674,3125.7663509925937,3325.283352119781,3294.707608754138,3294.707608754138,0.0,24830.966174417237,21843.95817348821,0.0,0.0,0.0,0.0,0.0,24999.58152598876,1,0,1499.9719811363486,1789.1870651989557,0.0,0.0,0.0,0.0,0.0,0.35,667.83231428256,-0.0,667.83231428256,26760.0,0.0
3.25,traction,0.24,0.0,0.2345222933543192,0.12516308712694602,3216.4463721970487,3421.7514597840945,3393.146277673246,3393.146277673246,0.0,23622.531938529526,20868.242708840313,0.0,0.0,0.0,0.0,0.0,24999.60269752259,1,0,1499.9735014798132,1790.0582986698425,0.0,0.0,0.0,0.0,0.0,0.35,667.83231428256,-0.0,667.83231428256,26760.0,0.0
3.3,traction,0.24,0.0,0.24078047625049542,0.12516365792352435,3307.124960930508,3518.218043543094,3491.583122228668,3491.583122228668,0.0,22519.60727512161,19979.071266734052,0.0,0.0,0.0,0.0,0.0,24999.62203316221,1,0,1499.9748915593257,1790.8590832642647,0.0,0.0,0.0,0.0,0.0,0.35,667.83231428256,-0.0,667.83231428256,26760.0,0.0
3.35,traction,0.24,0.0,0.2470386777417427,0.12516402982494568,3397.802326876701,3614.6833264645757,3590.0184117786675,3590.0184117786675,0.0,21513.707073537593,19169.48402105486,0.0,0.0,0.0,0.0,0.0,24999.639680557364,1,0,1499.9761618513553,1791.5951427113564,0.0,0.0,0.0,0.0,0.0,0.35,667.83231428256,-0.0,667.83231428256,26760.0,0.0
3.4,traction,0.24,0.0,0.25329689003184785,0.12516424580210295,3488.478645756931,3711.1474954860973,3688.4523739434444,3688.4523739434444,0.0,20597.028600497768,18433.080842829102,0.0,0.0,0.0,0.0,0.0,24999.655775482606,1,0,1499.9773219897324,1792.2717313563699,0.0,0.0,0.0,0.0,0.0,0.35,667.83231428256,-0.0,667.83231428256,26760.0,0.0
3.45,traction,0.24,0.0,0.2595551069907115,0.12516433917727277,3579.154063739941,3807.610706106321,3786.885199475609,3786.885199475609,0.0,19762.396619366933,17763.976289973783,0.0,0.0,0.0,0.0,0.0,24999.670442792558,1,0,1499.9783808334419,1792.8936733316418,0.0,0.0,0.0,0.0,0.0,0.35,667.83231428256,-0.0,667.83231428256,26760.0,0.0
3.5,traction,0.24,0.0,0.2658133237802414,0.1251643357905985,3669.828701583431,3904.0730867908846,3885.317047047266,3885.317047047266,0.0,19003.212924653548,17156.75821719766,0.0,0.0,0.0,0.0,0.0,24999.683797300302,1,0,1499.9793465289563,1793.4653983529404,0.0,0.0,0.0,0.0,0.0,0.35,667.83231428256,-0.0,667.83231428256,26760.0,0.0
3.55,traction,0.24,0.0,0.2720715365642478,0.125164255680128,3760.502658405538,4000.534742984615,3983.7480477458007,3983.7480477458007,0.0,18313.409936058368,16606.449714693692,0.0,0.0,0.0,0.0,0.0,24999.69594458506,1,0,1499.9802265675535,1793.990974448324,0.0,0.0,0.0,0.0,0.0,0.35,667.83231428256,-0.0,667.83231428256,26760.0,0.0
3.6,traction,0.24,0.0,0.2783297422834778,0.1251641143845994,3851.176015043686,4096.995760684773,4082.178309167975,4082.178309167975,0.0,17687.408025196266,16108.474107764796,0.0,0.0,0.0,0.0,0.0,24999.706981734897,1,0,1499.981027838018,1794.4741378961776,0.0,0.0,0.0,0.0,0.0,0.35,667.83231428256,-0.0,667.83231428256,26760.0,0.0
3.65,traction,0.24,0.0,0.28458793848116415,0.12516392395372722,3941.848836996025,4193.4562095702395,4180.607919066095,4180.607919066095,0.0,17120.07627453401,15658.622771137829,0.0,0.0,0.0,0.0,0.0,24999.716998029664,1,0,1499.9817566751035,1794.9183206220175,0.0,0.0,0.0,0.0,0.0,0.35,667.83231428256,-0.0,667.83231428256,26760.0,0.0
3.7,traction,0.24,0.0,0.2908461231677447,0.1251636937316114,4032.52117696356,4289.916145705915,4279.036948541061,4279.036948541061,0.0,16606.69639232881,15253.025531555142,0.0,0.0,0.0,0.0,0.0,24999.72607556901,1,0,1499.9824189040937,1795.3266752795687,0.0,0.0,0.0,0.0,0.0,0.35,667.83231428256,-0.0,667.83231428256,26760.0,0.0
3.75,traction,0.24,0.0,0.29710429471595745,0.12516343096425464,4123.193077024034,4386.375613855355,4377.465454801954,4377.465454801954,0.0,16142.929529645173,14888.123450467701,0.0,0.0,0.0,0.0,0.0,24999.734289849865,1,0,1499.9830198817797,1795.702098220086,0.0,0.0,0.0,0.0,0.0,0.35,667.83231428256,-0.0,667.83231428256,26760.0,0.0
3.8,traction,0.24,0.0,0.3033624517794913,0.12516314127067663,4213.864570474759,4482.834649441233,4475.893483525873,4475.893483525873,0.0,15724.785765984969,14560.643795414231,0.0,0.0,0.0,0.0,0.0,24999.74171029745,1,0,1499.9835645341407,1796.0472505346838,0.0,0.0,0.0,0.0,0.0,0.35,667.83231428256,-0.0,667.83231428256,26760.0,0.0
3.85,traction,0.24,0.0,0.30962059322990243,0.12516282900822295,4304.535683383459,4579.29328019517,4574.321070858401,4574.321070858401,0.0,15348.596048872207,14267.577024078044,0.0,0.0,0.0,0.0,0.0,24999.748400753644,1,0,1499.984057390992,1796.3645773371834,0.0,0.0,0.0,0.0,0.0,0.35,667.83231428256,-0.0,667.83231428256,26760.0,0.0
3.9,traction,0.24,0.0,0.31587871810769613,0.12516249755587405,4395.20643588537,4675.751527537628,4672.748245097113,4672.748245097113,0.0,15010.986390019738,14006.15561916009,0.0,0.0,0.0,0.0,0.0,24999.754419925986,1,0,1499.984502617847,1796.6563254395494,0.0,0.0,0.0,0.0,0.0,0.35,667.83231428256,-0.0,667.83231428256,26760.0,0.0
3.95,traction,0.24,0.0,0.32213682558439155,0.12516214953390836,4485.876843262327,4772.209407725881,4771.17502809962,4771.17502809962,0.0,14708.854136594444,13773.834625251411,0.0,0.0,0.0,0.0,0.0,24999.759821800613,1,0,1499.9849040452186,1796.924559558064,0.0,0.0,0.0,0.0,0.0,0.35,667.83231428256,-0.0,667.83231428256,26760.0,0.0
4.0,traction,0.24,0.0,0.3283949149331055,0.12516178697427938,4576.54691683637,4868.666932804649,4869.60143645498,4869.60143645498,0.0,14439.3461506868,13568.273750829449,0.0,0.0,0.0,0.0,0.0,24999.764656021984,1,0,1499.9852651955591,1797.1711771758924,0.0,0.0,0.0,0.0,0.0,0.35,667.83231428256,-0.0,667.83231428256,26760.0,0.0
4.05,traction,0.24,0.0,0.3346529855057412,0.1251614114527133,4667.216664706747,4965.124111390157,4968.027482453724,4968.027482453724,0.0,14199.838743542949,13387.320909531134,0.0,0.0,0.0,0.0,0.0,24999.76896824204,1,0,1499.9855893080367,1797.3979221763943,0.0,0.0,0.0,0.0,0.0,0.35,667.83231428256,-0.0,667.83231428256,26760.0,0.0
4.1,traction,0.24,0.0,0.3409110367152982,0.1251610241911405,4757.886092355593,5061.580949314461,5066.453174887915,5066.453174887915,0.0,13987.919223431345,13228.997084965556,0.0,0.0,0.0,0.0,0.0,24999.7728004413,1,0,1499.985879361319,1797.606397351353,0.0,0.0,0.0,0.0,0.0,0.35,667.83231428256,-0.0,667.83231428256,26760.0,0.0
4.15,traction,0.24,0.0,0.3471690680221554,0.12516062613714407,4848.555203144111,5158.03745015331,5164.878519708634,5164.878519708634,0.0,13801.36892738868,13091.482412642828,0.0,0.0,0.0,0.0,0.0,24999.776191224148,1,0,1499.9861380945222,1797.7980758790848,0.0,0.0,0.0,0.0,0.0,0.35,667.83231428256,-0.0,667.83231428256,26760.0,0.0
4.2,traction,0.24,0.0,0.3534270789234336,0.12516021802556399,4939.2239987178655,5254.493615657304,5263.303520564602,5263.303520564602,0.0,13638.14761751469,12973.103381138959,0.0,0.0,0.0,0.0,0.0,24999.779176090316,1,0,1499.986368026478,1797.9743118590384,0.0,0.0,0.0,0.0,0.0,0.35,667.83231428256,-0.0,667.83231428256,26760.0,0.0
4.25,traction,0.24,0.0,0.3596850689447468,0.1251598004262633,5029.892479337018,5350.949446103211,5361.728179242147,5361.728179242147,0.0,13496.379132089565,12872.321062509583,0.0,0.0,0.0,0.0,0.0,24999.781787684606,1,0,1499.9865714734487,1798.1363499819593,0.0,0.0,0.0,0.0,0.0,0.35,667.83231428256,-0.0,667.83231428256,26760.0,0.0
4.3,traction,0.24,0.0,0.3659430376338053,0.1251593737811707,5120.560644144749,5447.40494057952,5460.152496023685,5460.152496023685,0.0,13374.338190596707,12787.720289175862,0.0,0.0,0.0,0.0,0.0,24999.784056026463,1,0,1499.986750565419,1798.285334407809,0.0,0.0,0.0,0.0,0.0,0.35,667.83231428256,-0.0,667.83231428256,26760.0,0.0
4.35,traction,0.24,0.0,0.372200984555456,0.1251589384330143,5211.228491385011,5543.860097218097,5558.5764699791025,5558.5764699791025,0.0,13270.43825987243,12717.999701181443,0.0,0.0,0.0,0.0,0.0,24999.78600872113,1,0,1499.9869072610763,1798.4223169174284,0.0,0.0,0.0,0.0,0.0,0.35,667.83231428256,-0.0,667.83231428256,26760.0,0.0
4.4,traction,0.24,0.0,0.3784589092878353,0.12515849464758588,5301.896018578794,5640.314913381696,5657.00009920214,5657.00009920214,0.0,13183.220396038761,12661.962593825936,0.0,0.0,0.0,0.0,0.0,24999.787671153797,1,0,1499.9870433615877,1798.5482643982593,0.0,0.0,0.0,0.0,0.0,0.35,667.83231428256,-0.0,667.83231428256,26760.0,0.0
4.45,traction,0.24,0.0,0.38471681141938663,0.12515804263102615,5392.563222666585,5736.769385815516,5755.42338100173,5755.42338100173,0.0,13111.342983758706,12618.508501317878,0.0,0.0,0.0,0.0,0.0,24999.78906666815,1,0,1499.9871605232677,1798.6640657192904,0.0,0.0,0.0,0.0,0.0,0.35,667.83231428256,-0.0,667.83231428256,26760.0,0.0
4.5,traction,0.24,0.0,0.3909746905465472,0.12515758254321163,5483.230100123304,5833.223510769472,5853.846312056649,5853.846312056649,0.0,13053.572300649652,12586.625457254726,0.0,0.0,0.0,0.0,0.0,24999.790216730536,1,0,1499.9872602692278,1798.770538045714,0.0,0.0,0.0,0.0,0.0,0.35,667.83231428256,-0.0,667.83231428256,26760.0,0.0
4.55,traction,0.24,0.0,0.39723254627195465,0.1251571145081487,5573.896647050897,5929.677284096699,5952.268888540278,5952.268888540278,0.0,13008.773840503254,12565.382877505222,0.0,0.0,0.0,0.0,0.0,24999.791141080976,1,0,1499.9873440000888,1798.868432639499,0.0,0.0,0.0,0.0,0.0,0.35,667.83231428256,-0.0,667.83231428256,26760.0,0.0
4.6,traction,0.24,0.0,0.4034903782030561,0.1251566386220293,5664.562859252826,6026.130701332793,6050.691106221121,6050.691106221121,0.0,12975.904334285064,12553.925015445864,0.0,0.0,0.0,0.0,0.0,24999.791857871962,1,0,1499.9874130038322,1798.9584401881923,0.0,0.0,0.0,0.0,0.0,0.35,667.83231428256,-0.0,667.83231428256,26760.0,0.0
4.65,traction,0.24,0.0,0.4097481859510294,0.12515615495946597,5755.228732293911,6122.58375775948,6149.112960543666,6149.112960543666,0.0,12954.004412802931,12551.464943516932,0.0,0.0,0.0,0.0,0.0,24999.79238379615,1,0,1499.9874684648585,1799.0411957007143,0.0,0.0,0.0,0.0,0.0,0.35,667.83231428256,-0.0,667.83231428256,26760.0,0.0
4.7,traction,0.24,0.0,0.41600596912994714,0.12515566357835461,5845.894261548361,6219.036448455704,6247.5344466933475,6247.5344466933475,0.0,12942.19185944553,12557.279018781435,0.0,0.0,0.0,0.0,0.0,24999.792734203766,1,0,1499.9875114723177,1799.1172830056553,0.0,0.0,0.0,0.0,0.0,0.35,667.83231428256,-0.0,667.83231428256,26760.0,0.0
4.75,traction,0.24,0.0,0.4222637273561277,0.12515516452361153,5936.559442238258,6315.488768338573,6345.955559648678,6345.955559648678,0.0,12939.655405530522,12570.701793560705,0.0,0.0,0.0,0.0,0.0,24999.79292321055,1,0,1499.9875430277689,1799.1872388846327,0.0,0.0,0.0,0.0,0.0,0.35,667.83231428256,-0.0,667.83231428256,26760.0,0.0
4.8,traction,0.24,0.0,0.42852146024763266,0.12515465783009883,6027.224269464394,6411.940712196164,6444.376294223034,6444.376294223034,0.0,12945.649024635097,12591.121335351483,0.0,0.0,0.0,0.0,0.0,24999.792963797052,1,0,1499.987564052226,1799.2515568705458,0.0,0.0,0.0,0.0,0.0,0.35,667.83231428256,-0.0,667.83231428256,26760.0,0.0
4.85,traction,0.24,0.0,0.4347791674238767,0.1251541435248804,6117.888738230904,6508.392274713728,6542.796645098127,6542.796645098127,0.0,12959.486685777178,12617.974923119471,0.0,0.0,0.0,0.0,0.0,24999.792867899916,1,0,1499.9875753926328,1799.3106907380968,0.0,0.0,0.0,0.0,0.0,0.35,667.83231428256,-0.0,667.83231428256,26760.0,0.0
4.9,traction,0.24,0.0,0.44103684850532515,0.12515362162896948,6208.552843464991,6604.843450494672,6641.216606850742,6641.216606850742,0.0,12980.53752854373,12650.745089690525,0.0,0.0,0.0,0.0,0.0,24999.79264649584,1,0,1499.987577827823,1799.36505771168,0.0,0.0,0.0,0.0,0.0,0.35,667.83231428256,-0.0,667.83231428256,26760.0,0.0
4.95,traction,0.24,0.0,0.44729450311325997,0.1251530921586963,6299.216580032646,6701.294234077283,6739.636173974155,6739.636173974155,0.0,13008.221426242419,12688.955982420135,0.0,0.0,0.0,0.0,0.0,24999.79230967877,1,0,1499.987572073995,1799.4150414136627,0.0,0.0,0.0,0.0,0.0,0.35,667.83231428256,-0.0,667.83231428256,26760.0,0.0
5.0,traction,0.24,0.0,0.45355213086959734,0.1251525551267474,6389.879942751198,6797.744619948083,6838.055340895187,6838.055340895187,0.0,13042.004905860245,12732.17001652891,0.0,0.0,0.0,0.0,0.0,24999.791866730895,1,0,1499.9875587897504,1799.4609945741915,0.0,0.0,0.0,0.0,0.0,0.35,667.83231428256,-0.0,667.83231428256,26760.0,0.0
5.05,traction,0.24,0.0,0.45980973139674713,0.12515201054299596,6480.542926399331,6894.19460255248,6936.474101987839,6936.474101987839,0.0,13081.397396148806,12779.984797587462,0.0,0.0,0.0,0.0,0.0,24999.791326187926,1,0,1499.987538580726,1799.5032415219123,0.0,0.0,0.0,0.0,0.0,0.35,667.83231428256,-0.0,667.83231428256,26760.0,0.0
5.1,traction,0.24,0.0,0.4660673043175036,0.1251514584151292,6571.20552572504,6990.644176303234,7034.892451584164,7034.892451584164,0.0,13125.947777430865,12832.030291486244,0.0,0.0,0.0,0.0,0.0,24999.790695899137,1,0,1499.9875120038537,1799.5420804734028,0.0,0.0,0.0,0.0,0.0,0.35,667.83231428256,-0.0,667.83231428256,26760.0,0.0
5.15,traction,0.24,0.0,0.47232484925496004,0.125150898749129,6661.867735451991,7087.093335587226,7133.310383982893,7133.310383982893,0.0,13175.241208883961,12887.966222003877,0.0,0.0,0.0,0.0,0.0,24999.78998308256,1,0,1499.9874795712756,1799.5777856376587,0.0,0.0,0.0,0.0,0.0,0.35,667.83231428256,-0.0,667.83231428256,26760.0,0.0
5.2,traction,0.24,0.0,0.47858236583244423,0.1251503315496838,6752.529550284554,7183.542074770802,7231.727893456353,7231.727893456353,0.0,13228.896210965871,12947.479677661799,0.0,0.0,0.0,0.0,0.0,24999.789194375757,1,0,1499.9874417539481,1799.6106091506342,0.0,0.0,0.0,0.0,0.0,0.35,667.83231428256,-0.0,667.83231428256,26760.0,0.0
5.25,traction,0.24,0.0,0.4848398536734667,0.1251497568204496,6843.1909649118215,7279.990388204066,7330.144974255922,7330.144974255922,0.0,13286.561982480178,13010.28291103454,0.0,0.0,0.0,0.0,0.0,24999.788335882502,1,0,1499.9873989849534,1799.6407828536126,0.0,0.0,0.0,0.0,0.0,0.35,667.83231428256,-0.0,667.83231428256,26760.0,0.0
5.3,traction,0.24,0.0,0.49109731240168136,0.12514917456429298,6933.851974010801,7376.438270224257,7428.561620616394,7428.561620616394,0.0,13347.91593340296,13076.111315044074,0.0,0.0,0.0,0.0,0.0,24999.7874132157,1,0,1499.9873516625453,1799.6685199280573,0.0,0.0,0.0,0.0,0.0,0.35,667.83231428256,-0.0,667.83231428256,26760.0,0.0
5.35,traction,0.24,0.0,0.49735474164085497,0.12514858478347213,7024.512572248948,7472.885715158456,7526.977826759447,7526.977826759447,0.0,13412.661416119083,13144.721561999728,0.0,0.0,0.0,0.0,0.0,24999.786431536875,1,0,1499.98730015295,1799.6940163985648,0.0,0.0,0.0,0.0,0.0,0.35,667.83231428256,-0.0,667.83231428256,26760.0,0.0
5.4,traction,0.24,0.0,0.5036121410148438,0.12514798747977562,7115.172754286167,7569.33271732571,7625.393586896384,7625.393586896384,0.0,13480.525639117874,13215.889892295867,0.0,0.0,0.0,0.0,0.0,24999.78539559246,1,0,1499.987244792942,1799.7174525145892,0.0,0.0,0.0,0.0,0.0,0.35,667.83231428256,-0.0,667.83231428256,26760.0,0.0
5.45,traction,0.24,0.0,0.5098695101475749,0.12514738265462233,7205.832514776409,7665.779271038733,7723.808895230317,7723.808895230317,0.0,13551.257748468952,13289.41054073463,0.0,0.0,0.0,0.0,0.0,24999.78430974719,1,0,1499.9871858922124,1799.7389940207472,0.0,0.0,0.0,0.0,0.0,0.35,667.83231428256,-0.0,667.83231428256,26760.0,0.0
5.5,traction,0.24,0.0,0.5161268486630317,0.1251467703091369,7296.49184836894,7762.225370605255,7822.223745957891,7822.223745957891,0.0,13624.627063585556,13365.094289407602,0.0,0.0,0.0,0.0,0.0,24999.783178014786,1,0,1499.9871237355474,1799.7587933247053,0.0,0.0,0.0,0.0,0.0,0.35,667.83231428256,-0.0,667.83231428256,26760.0,0.0
5.55,traction,0.24,0.0,0.5223841561852436,0.1251461504442375,7387.1507497093435,7858.671010329089,7920.63813327067,7920.63813327067,0.0,13700.421454870337,13442.76713694901,0.0,0.0,0.0,0.0,0.0,24999.7820040862,1,0,1499.9870585848312,1799.7769905709313,0.0,0.0,0.0,0.0,0.0,0.35,667.83231428256,-0.0,667.83231428256,26760.0,0.0
5.6,traction,0.24,0.0,0.5286414323382771,0.12514552306067017,7477.809213440306,7955.116184510965,8019.052051356213,8019.052051356213,0.0,13778.445851835053,13522.269074815445,0.0,0.0,0.0,0.0,0.0,24999.78079135555,1,0,1499.9869906808872,1799.7937146279094,0.0,0.0,0.0,0.0,0.0,0.35,667.83231428256,-0.0,667.83231428256,26760.0,0.0
5.65,traction,0.24,0.0,0.534898676746229,0.1251448881590389,7568.467234202253,8051.560887449206,8117.465494398944,8117.465494398944,0.0,13858.52087119166,13603.452961972596,0.0,0.0,0.0,0.0,0.0,24999.77954294402,1,0,1499.9869202451719,1799.809083995808,0.0,0.0,0.0,0.0,0.0,0.35,667.83231428256,-0.0,667.83231428256,26760.0,0.0
5.7,traction,0.24,0.0,0.5411558890332222,0.12514424573986327,7659.124806633848,8148.005113440264,8215.878456580824,8215.878456580824,0.0,13940.48155528061,13686.18349008103,0.0,0.0,0.0,0.0,0.0,24999.77826172178,1,0,1499.9868474813331,1799.823207641022,0.0,0.0,0.0,0.0,0.0,0.35,667.83231428256,-0.0,667.83231428256,26760.0,0.0
5.75,traction,0.24,0.0,0.5474130688234006,0.12514359580356738,7749.781925372383,8244.44885677913,8314.290932081902,8314.290932081902,0.0,14024.176211950215,13770.336231906993,0.0,0.0,0.0,0.0,0.0,24999.7769503282,1,0,1499.9867725766412,1799.8361857634911,0.0,0.0,0.0,0.0,0.0,0.35,667.83231428256,-0.0,667.83231428256,26760.0,0.0
5.8,traction,0.24,0.0,0.5536702157409266,0.12514293835051982,7840.438585054091,8340.892111759671,8412.702915080745,8412.702915080745,0.0,14109.465347734418,13855.79676625343,0.0,0.0,0.0,0.0,0.0,24999.775611190384,1,0,1499.9866957033069,1799.8481105022136,0.0,0.0,0.0,0.0,0.0,0.35,667.83231428256,-0.0,667.83231428256,26760.0,0.0
5.85,traction,0.24,0.0,0.5599273294099794,0.12514227338105588,7931.094780314393,8437.334872674886,8511.114399754766,8511.114399754766,0.0,14196.220686830013,13942.459873271138,0.0,0.0,0.0,0.0,0.0,24999.774246540266,1,0,1499.986617019692,1799.8590665839465,0.0,0.0,0.0,0.0,0.0,0.35,667.83231428256,-0.0,667.83231428256,26760.0,0.0
5.9,traction,0.24,0.0,0.5661844094547519,0.1251416008954509,8021.75050578809,8533.777133817117,8609.525380280496,8609.525380280496,0.0,14284.324268960958,14030.228794479457,0.0,0.0,0.0,0.0,0.0,24999.77285843029,1,0,1499.986536671423,1799.8691319196666,0.0,0.0,0.0,0.0,0.0,0.35,667.83231428256,-0.0,667.83231428256,26760.0,0.0
5.95,traction,0.24,0.0,0.5724414554994506,0.12514092089397355,8112.405756109532,8630.218889478227,8707.935850833794,8707.935850833794,0.0,14373.667619799879,14119.014552297047,0.0,0.0,0.0,0.0,0.0,24999.771448747848,1,0,1499.986454792416,1799.8783781530121,0.0,0.0,0.0,0.0,0.0,0.35,667.83231428256,-0.0,667.83231428256,26760.0,0.0
6.0,traction,0.24,0.0,0.5786984671682941,0.1251402333768703,8203.060525912713,8726.660133949696,8806.345805590026,8806.345805590026,0.0,14464.150988100666,14208.735324297346,0.0,0.0,0.0,0.0,0.0,24999.770019228556,1,0,1499.9863715058173,1799.8868711645637,0.0,0.0,0.0,0.0,0.0,0.35,667.83231428256,-0.0,667.83231428256,26760.0,0.0
6.05,traction,0.24,0.0,0.5849554440855119,0.12513953834435654,8293.714809831401,8823.100861522767,8904.75523872418,8904.75523872418,0.0,14555.682644181921,14299.315867787584,0.0,0.0,0.0,0.0,0.0,24999.76857146846,1,0,1499.986286924871,1799.8946715355369,0.0,0.0,0.0,0.0,0.0,0.35,667.83231428256,-0.0,667.83231428256,26760.0,0.0
6.1,traction,0.24,0.0,0.5912123858753445,0.12513883579665208,8384.368602499184,8919.541066488495,9003.164144410988,9003.164144410988,0.0,14648.178234827807,14390.686990661716,0.0,0.0,0.0,0.0,0.0,24999.767106935255,1,0,1499.9862011537132,1799.9018349741466,0.0,0.0,0.0,0.0,0.0,0.35,667.83231428256,-0.0,667.83231428256,26760.0,0.0
6.15,traction,0.24,0.0,0.5974692921620425,0.125138125733959,8475.021898549554,9015.980743137823,9101.572516824996,9101.572516824996,0.0,14741.56019006896,14482.785064807551,0.0,0.0,0.0,0.0,0.0,24999.76562697862,1,0,1499.9861142881075,1799.9084127076546,0.0,0.0,0.0,0.0,0.0,0.35,667.83231428256,-0.0,667.83231428256,26760.0,0.0
6.2,traction,0.24,0.0,0.6037261625698663,0.12513740815647711,8565.67469261594,9112.419885761637,9199.980350140637,9199.980350140637,0.0,14835.75717766876,14575.551578649032,0.0,0.0,0.0,0.0,0.0,24999.764132839686,1,0,1499.9860264161152,1799.9144518428639,0.0,0.0,0.0,0.0,0.0,0.35,667.83231428256,-0.0,667.83231428256,26760.0,0.0
6.25,traction,0.24,0.0,0.6099829967230864,0.12513668306440184,8656.326979331758,9208.858488650807,9298.387638532284,9298.387638532284,0.0,14930.703601479883,14668.932725669254,0.0,0.0,0.0,0.0,0.0,24999.76262565979,1,0,1499.9859376187171,1799.9199956976024,0.0,0.0,0.0,0.0,0.0,0.35,667.83231428256,-0.0,667.83231428256,26760.0,0.0
6.3,traction,0.24,0.0,0.6162397942459825,0.12513595045792192,8746.978753330428,9305.2965460962,9396.794376174294,9396.794376174294,0.0,15026.339140146627,14762.879026027656,0.0,0.0,0.0,0.0,0.0,24999.76110648849,1,0,1499.9858479703812,1799.9250841055302,0.0,0.0,0.0,0.0,0.0,0.35,667.83231428256,-0.0,667.83231428256,26760.0,0.0
6.35,traction,0.24,0.0,0.6224965547628437,0.12513521033722386,8837.630009245415,9401.73405238874,9495.200557241022,9495.200557241022,0.0,15122.608322900789,14857.344978604828,0.0,0.0,0.0,0.0,0.0,24999.75957629094,1,0,1499.9857575395874,1799.9297536964182,0.0,0.0,0.0,0.0,0.0,0.35,667.83231428256,-0.0,667.83231428256,26760.0,0.0
6.4,traction,0.24,0.0,0.6287532778979689,0.12513446270250306,8928.280741710227,9498.17100181939,9593.606175906878,9593.606175906878,0.0,15219.460139475414,14952.288741032206,0.0,0.0,0.0,0.0,0.0,24999.75803595469,1,0,1499.9856663893095,1799.9340381538766,0.0,0.0,0.0,0.0,0.0,0.35,667.83231428256,-0.0,667.83231428256,26760.0,0.0
6.45,traction,0.24,0.0,0.6350099632756662,0.12513370755394604,9018.93094535845,9594.607388679202,9692.011226346316,9692.011226346316,0.0,15316.847681387266,15047.671835454797,0.0,0.0,0.0,0.0,0.0,24999.756486295908,1,0,1499.9855745774564,1799.937968452343,0.0,0.0,0.0,0.0,0.0,0.35,667.83231428256,-0.0,667.83231428256,26760.0,0.0
6.5,traction,0.24,0.0,0.6412666105202529,0.12513294489173488,9109.580614823753,9691.043207259312,9790.415702733879,9790.415702733879,0.0,15414.72781206975,15143.45887795016,0.0,0.0,0.0,0.0,0.0,24999.754928065155,1,0,1499.9854821572812,1799.9415730750065,0.0,0.0,0.0,0.0,0.0,0.35,667.83231428256,-0.0,667.83231428256,26760.0,0.0
6.55,traction,0.24,0.0,0.6475232192560557,0.1251321747160561,9200.229744739901,9787.478451850959,9888.819599244196,9888.819599244196,0.0,15513.060863534889,15239.617329716699,0.0,0.0,0.0,0.0,0.0,24999.75336195262,1,0,1499.9853891777543,1799.9448782141953,0.0,0.0,0.0,0.0,0.0,0.35,667.83231428256,-0.0,667.83231428256,26760.0,0.0
6.6,traction,0.24,0.0,0.653779789107411,0.12513139702710507,9290.878329740754,9883.913116745483,9987.222910051998,9987.222910051998,0.0,15611.810357423126,15336.117268265565,0.0,0.0,0.0,0.0,0.0,24999.751788593,1,0,1499.9852956839093,1799.9479079556445,0.0,0.0,0.0,0.0,0.0,0.35,667.83231428256,-0.0,667.83231428256,26760.0,0.0
6.65,traction,0.24,0.0,0.6600363196986644,0.12513061182506835,9381.526364460278,9980.34719623434,10085.625629332126,10085.625629332126,0.0,15710.942748495896,15432.93117701673,0.0,0.0,0.0,0.0,0.0,24999.75020856996,1,0,1499.985201717157,1799.9506844479386,0.0,0.0,0.0,0.0,0.0,0.35,667.83231428256,-0.0,667.83231428256,26760.0,0.0
6.7,traction,0.24,0.0,0.6662928106541712,0.12512981911013688,9472.173843532559,10076.780684609106,10184.02775125953,10184.02775125953,0.0,15810.427188750427,15530.033751809904,0.0,0.0,0.0,0.0,0.0,24999.748622420233,1,0,1499.9851073155799,1799.9532280583242,0.0,0.0,0.0,0.0,0.0,0.35,667.83231428256,-0.0,667.83231428256,26760.0,0.0
6.75,traction,0.24,0.0,0.6725492615982965,0.12512901888250605,9562.820761591798,10173.213576161488,10282.429270009292,10282.429270009292,0.0,15910.235310508022,15627.401722986493,0.0,0.0,0.0,0.0,0.0,24999.747030637398,1,0,1499.9850125141975,1799.9555575159868,0.0,0.0,0.0,0.0,0.0,0.35,667.83231428256,-0.0,667.83231428256,26760.0,0.0
6.8,traction,0.24,0.0,0.6788056721554144,0.12512821114235795,9653.467113272325,10269.645865183325,10380.83017975662,10380.83017975662,0.0,16010.341026940327,15725.013691768334,0.0,0.0,0.0,0.0,0.0,24999.74543367534,1,0,1499.984917345214,1799.9576900438033,0.0,0.0,0.0,0.0,0.0,0.35,667.83231428256,-0.0,667.83231428256,26760.0,0.0
6.85,traction,0.24,0.0,0.6850620419499097,0.12512739588990573,9744.112893208589,10366.077545966584,10479.230474676862,10479.230474676862,0.0,16110.720348648263,15822.849979804223,0.0,0.0,0.0,0.0,0.0,24999.743831951462,1,0,1499.9848218382438,1799.9596414794935,0.0,0.0,0.0,0.0,0.0,0.35,667.83231428256,-0.0,667.83231428256,26760.0,0.0
6.9,traction,0.24,0.0,0.6913183706061763,0.1251265731253315,9834.75809603516,10462.508612803364,10577.630148945495,10577.630148945495,0.0,16211.351214979954,15920.8924908092,0.0,0.0,0.0,0.0,0.0,24999.742225849597,1,0,1499.9847260205204,1799.9614263870296,0.0,0.0,0.0,0.0,0.0,0.35,667.83231428256,-0.0,667.83231428256,26760.0,0.0
6.95,traction,0.24,0.0,0.6975746577486179,0.12512574284883282,9925.402716386756,10558.93905998591,10676.029196738125,10676.029196738125,0.0,16312.213338923702,16019.124583336728,0.0,0.0,0.0,0.0,0.0,24999.740615722723,1,0,1499.9846299170877,1799.9630581590825,0.0,0.0,0.0,0.0,0.0,0.35,667.83231428256,-0.0,667.83231428256,26760.0,0.0
7.0,low_speed_blending,0.0,0.55,0.7038309030016493,0.12512490506062734,10016.046748898216,10655.368881806613,10774.427612230522,10774.427612230522,0.0,16413.288064467764,16117.530953776093,44000.0,0.0,0.0,0.0,-44000.0,24999.739001895436,1,0,1499.9845335509758,1799.964549111227,0.0,0.0,0.0,0.0,0.0,0.35,667.83231428256,-0.0,667.83231428256,26760.0,0.0
7.05,low_speed_blending,0.0,0.55,0.710087105989694,0.1251240597608949,10106.690188204511,10751.798072557991,10872.825389598585,10872.825389598585,0.0,16514.558235437366,16216.097528766288,44000.0,0.0,7975.846864568804,7975.846864568804,-36024.153135431196,24999.737384666238,1,0,1499.9844369433633,1799.9659105685705,0.0,0.0,0.0,0.0,0.0,0.35,667.83231428256,-0.0,667.83231428256,26760.0,0.0
7.1,low_speed_blending,0.0,0.55,0.7116552536990839,0.03136295418779689,10197.333028940768,10848.226626532733,10971.222523018358,10971.222523018358,0.0,16616.0080748732,16314.81136625581,44000.0,0.0,14505.917974431879,14505.917974431879,-29494.08202556812,24999.735764309633,1,0,1499.9843401137261,1799.9671529454135,0.0,0.0,0.0,0.0,0.0,0.35,667.83231428256,-0.0,667.83231428256,26760.0,0.0
7.15,low_speed_blending,0.0,0.55,0.7093851707421814,-0.045401659138049055,3784.734475505126,4026.313271813964,11069.619006666055,11069.619006666055,0.0,16717.62307411765,16413.6605645242,44000.0,0.0,19852.288011862845,19852.288011862845,-24147.711988137155,24999.734141078057,1,0,1499.9842430799742,1799.9682858185033,0.0,0.0,0.0,0.0,0.0,0.35,667.83231428256,-0.0,667.83231428256,26760.0,0.0
7.2,low_speed_blending,0.0,0.55,0.7039726346852151,-0.10825072113932688,2849.005452361476,3030.856864214336,4108.482930422412,4108.482930422412,0.0,16819.38989081438,9309.03066144285,44000.0,0.0,24229.525578842262,24229.525578842262,-19770.474421157738,24999.732515203654,1,0,1499.984145858578,1799.9693179943931,0.0,0.0,0.0,0.0,0.0,0.35,667.83231428256,-0.0,667.83231428256,26760.0,0.0
7.25,low_speed_blending,0.0,0.55,0.6908195504611699,-0.26306168448090306,2102.457350764854,2236.6567561328234,3092.711085932996,3092.711085932996,0.0,16921.296255115856,8271.213587093378,44000.0,0.0,27813.304588456547,27813.304588456547,-16186.695411543453,24999.730886899903,1,0,1499.9840484646834,1799.9702575713884,0.0,0.0,0.0,0.0,0.0,0.35,667.83231428256,-0.0,667.83231428256,26760.0,0.0
7.3,low_speed_blending,0.0,0.55,0.6748115356768016,-0.32016029568736615,1514.970574314193,1611.6708237385033,2282.302812380432,2282.302812380432,0.0,9596.936953881843,7443.056938427785,44000.0,0.0,30747.454675863115,30747.454675863115,-13252.545324136885,24999.729256363127,1,0,1499.9839509122191,1799.9711119965064,0.0,0.0,0.0,0.0,0.0,0.35,667.83231428256,-0.0,667.83231428256,26760.0,0.0
7.35,low_speed_blending,0.0,0.55,0.6564924048532871,-0.366382616470291,1056.8546671956829,1124.3134757400883,1644.562065039289,1644.562065039289,0.0,8527.022650490075,6791.188900112737,44000.0,0.0,33149.733586569324,33149.733586569324,-10850.266413430676,24999.846447355816,1,0,1499.983853213994,1799.9718881178553,0.0,0.0,0.0,0.0,0.0,0.35,667.83231428256,-0.0,667.83231428256,26760.0,0.0
7.4,low_speed_blending,0.0,0.55,0.6363033492271537,-0.4037811125226676,715.4238874112646,761.0892419268772,1147.2586487143758,1147.2586487143758,0.0,7673.289545289217,6282.713697567802,44000.0,0.0,35116.55320823517,35116.55320823517,-8883.446791764829,24999.86356616005,1,0,1499.9837553817877,1799.972592232803,0.0,0.0,0.0,0.0,0.0,0.35,667.83231428256,-0.0,667.83231428256,26760.0,0.0
7.45,low_speed_blending,0.0,0.55,0.6146072967450025,-0.4339210496430246,467.8397112849019,497.7018205158531,776.621675435589,776.621675435589,0.0,7001.262827316978,5903.60027151478,44000.0,0.0,36726.848918250194,36726.848918250194,-7273.151081749806,24999.87722661319,1,0,1499.9907868413488,1799.9732301322679,0.0,0.0,0.0,0.0,0.0,0.35,667.83231428256,-0.0,667.83231428256,26760.0,0.0
7.5,low_speed_blending,0.0,0.55,0.5916998594675855,-0.45814874554833906,295.26961920869246,314.1166161794601,507.8590005263808,507.8590005263808,0.0,6477.062767174432,5638.258618297601,44000.0,0.0,38045.24753758904,38045.24753758904,-5954.752462410957,24999.887979183426,1,0,1499.9918139696028,1799.9744967150432,0.0,0.0,0.0,0.0,0.0,0.35,667.83231428256,-0.0,667.83231428256,26760.0,0.0
7.55,low_speed_blending,0.0,0.55,0.5678215207326052,-0.47756677469960707,182.18509856524645,193.8139346438792,320.527159366796,320.527159366796,0.0,6086.195957801411,5447.063847952513,44000.0,0.0,39124.661032057316,39124.661032057316,-4875.338967942684,24999.896366486788,1,0,1499.9926335967914,1799.9757605550196,0.0,0.0,0.0,0.0,0.0,0.35,667.83231428256,-0.0,667.83231428256,26760.0,0.0
7.6,low_speed_blending,0.0,0.55,0.5431685853367259,-0.4930587079175863,113.3143723200513,120.54720459579927,197.76932106518288,197.76932106518288,0.0,5812.645377120586,5321.479180118919,44000.0,0.0,40008.41005526586,40008.41005526586,-3991.5899447341435,24999.902620428333,1,0,1499.9932787510056,1799.977001803245,0.0,0.0,0.0,0.0,0.0,0.35,667.83231428256,-0.0,667.83231428256,26760.0,0.0
7.65,low_speed_blending,0.0,0.55,0.5179017542060979,-0.50533662261256,73.54161084393192,78.23575621694886,123.00735162836659,123.00735162836659,0.0,5615.535444174208,5244.65621232145,44000.0,0.0,40731.96255856932,40731.96255856932,-3268.037441430679,24999.90699728844,1,0,1499.9937819892073,1799.9782054052023,0.0,0.0,0.0,0.0,0.0,0.35,667.83231428256,-0.0,667.83231428256,26760.0,0.0
7.7,low_speed_blending,0.0,0.55,0.4921505608536921,-0.5150238670481155,51.00209257473392,54.25754529227013,79.83240430300904,79.83240430300904,0.0,5486.065183829952,5199.913098826605,44000.0,0.0,41324.35724449043,41324.35724449043,-2675.6427555095725,24999.910151082917,1,0,1499.9941572256998,1799.979360668799,0.0,0.0,0.0,0.0,0.0,0.35,667.83231428256,-0.0,667.83231428256,26760.0,0.0
7.75,low_speed_blending,0.0,0.55,0.4660163153295781,-0.5226849104822795,37.35323434397094,39.73748334464994,55.36484213496952,55.36484213496952,0.0,5406.865055826955,5174.138703210719,44000.0,0.0,41809.368991814,41809.368991814,-2190.6310081859992,24999.91222263052,1,0,1499.9944198373064,1799.9804591095835,0.0,0.0,0.0,0.0,0.0,0.35,667.83231428256,-0.0,667.83231428256,26760.0,0.0
7.8,low_speed_blending,0.0,0.55,0.4395770114844448,-0.5287860769026664,27.644274347402423,29.40880249723662,40.54845239249994,40.54845239249994,0.0,5360.737212432023,5158.122906942205,44000.0,0.0,42206.4630249519,42206.4630249519,-1793.5369750480968,24999.913489848193,1,0,1499.994609064975,1799.9814944142593,0.0,0.0,0.0,0.0,0.0,0.35,667.83231428256,-0.0,667.83231428256,26760.0,0.0
7.85,low_speed_blending,0.0,0.55,0.41289213207794423,-0.533697588130011,20.38612633266928,21.687368439009877,30.008982140037364,30.008982140037364,0.0,5334.164996857635,5146.442808459359,44000.0,0.0,42531.57612174567,42531.57612174567,-1468.4238782543325,24999.914227903446,1,0,1499.9947333578311,1799.9824645738781,0.0,0.0,0.0,0.0,0.0,0.35,667.83231428256,-0.0,667.83231428256,26760.0,0.0
7.9,low_speed_blending,0.0,0.55,0.386007263663278,-0.537697368293325,14.975969300258765,15.931882234317836,22.129967794908037,22.129967794908037,0.0,5317.653348551426,5137.462890319545,44000.0,0.0,42797.75621231914,42797.75621231914,-1202.2437876808617,24999.914653064716,1,0,1499.9948093908915,1799.983368558639,0.0,0.0,0.0,0.0,0.0,0.35,667.83231428256,-0.0,667.83231428256,26760.0,0.0
7.95,low_speed_blending,0.0,0.55,0.3589590307835948,-0.5409646575936633,10.955266726807997,11.654539071072337,16.257022688079424,16.257022688079424,0.0,5305.611658540968,5130.539497861386,44000.0,0.0,43015.68603832872,43015.68603832872,-984.3139616712797,24999.914917254515,1,0,1499.9948536742068,1799.9842070345917,0.0,0.0,0.0,0.0,0.0,0.35,667.83231428256,-0.0,667.83231428256,26760.0,0.0
8.0,low_speed_blending,0.0,0.55,0.3317773381752133,-0.5436338521676298,7.976423514645787,8.485556930474242,11.89238680721667,11.89238680721667,0.0,5296.3537975777745,5125.186620090995,44000.0,0.0,43194.11188889571,43194.11188889571,-805.8881111042865,24999.91510992366,1,0,1499.9948791838829,1799.9849822109888,0.0,0.0,0.0,0.0,0.0,0.35,667.83231428256,-0.0,667.83231428256,26760.0,0.0
8.05,low_speed_blending,0.0,0.55,0.3044866064570216,-0.5458146343638348,17.751963569947907,18.88506762760416,8.65873156170841,8.65873156170841,0.0,5289.216163785142,5121.034512421913,44000.0,0.0,43340.194619899004,43340.194619899004,-659.8053801009955,24999.915258050834,1,0,1499.994895035271,1799.9856973740882,0.0,0.0,0.0,0.0,0.0,0.35,667.83231428256,-0.0,667.83231428256,26760.0,0.0
8.1,low_speed_blending,0.0,0.55,0.27710677993573246,-0.5475965304257824,6.036062815358026,6.421343420593645,19.270477171024652,19.270477171024652,0.0,5283.697674348547,5131.065821102429,44000.0,0.0,43459.79704426501,43459.79704426501,-540.2029557349888,24999.915372254018,1,0,1499.9949065954195,1799.9863564269224,0.0,0.0,0.0,0.0,0.0,0.35,667.83231428256,-0.0,667.83231428256,26760.0,0.0
8.15,low_speed_blending,0.0,0.55,0.24967297313936437,-0.5486761359273618,2.0378900281772956,2.1679681150822296,6.552391245503719,6.552391245503719,0.0,5279.417119200986,5117.349527535695,44000.0,0.0,43557.71922723614,43557.71922723614,-442.2807727638574,24999.91546055065,1,0,1499.99491548305,1799.9869634770405,0.0,0.0,0.0,0.0,0.0,0.35,667.83231428256,-0.0,667.83231428256,26760.0,0.0
8.2,low_speed_blending,0.0,0.55,0.22216403735141269,-0.5501787157590338,0.682284052150977,0.7258340980329543,2.2122123623288057,2.2122123623288057,0.0,5289.75865264565,5112.237985256978,44000.0,0.0,43637.89112984314,43637.89112984314,-362.10887015685876,24999.91552904015,1,0,1499.994922335241,1799.9875224574776,0.0,0.0,0.0,0.0,0.0,0.35,667.83231428256,-0.0,667.83231428256,26760.0,0.0
8.25,low_speed_blending,0.0,0.55,0.19460154891994474,-0.5512497686293588,0.22614923313221721,0.24058429056618855,0.7406470388091371,0.7406470388091371,0.0,5275.618126810068,5110.105838133071,44000.0,0.0,43703.53033204025,43703.53033204025,-296.4696679597473,24999.915363575354,1,0,1499.9949276330387,1799.9880370458764,0.0,0.0,0.0,0.0,0.0,0.35,667.83231428256,-0.0,667.83231428256,26760.0,0.0
8.3,low_speed_blending,0.0,0.55,0.1669981445651655,-0.5520680870955846,0.07402916719653062,0.07875443318779854,0.24549417404713114,0.24549417404713114,0.0,5270.348436579667,5109.018718825553,44000.0,0.0,43757.27116548654,43757.27116548654,-242.72883451345842,24999.915589824763,1,0,1499.9949317424089,1799.9885106699792,0.0,0.0,0.0,0.0,0.0,0.35,667.83231428256,-0.0,667.83231428256,26760.0,0.0
8.35,low_speed_blending,0.0,0.55,0.13936231961799506,-0.5527164989434091,0.023855082087741862,0.025377746901853047,0.08036166651816178,0.08036166651816178,0.0,5268.150375832307,5108.31357706005,44000.0,0.0,43801.27043852506,43801.27043852506,-198.72956147493824,24999.915674139535,1,0,1499.9949218145211,1799.9889465166411,0.0,0.0,0.0,0.0,0.0,0.35,667.83231428256,-0.0,667.83231428256,26760.0,0.0
8.4,low_speed_blending,0.0,0.55,0.11170034775935347,-0.5532394371728316,0.007530985071281469,0.008011686246044116,0.02589566010393168,0.02589566010393168,0.0,5267.029637606466,5107.745453163258,44000.0,0.0,43837.29399647477,43837.29399647477,-162.70600352522888,24999.915709309385,1,0,1499.9949353894858,1799.989346273084,0.0,0.0,0.0,0.0,0.0,0.35,667.83231428256,-0.0,667.83231428256,26760.0,0.0
8.45,low_speed_blending,0.0,0.55,0.08401711380074166,-0.5536646791722363,0.002312017011282615,0.0024595925651942716,0.008175190046983792,0.008175190046983792,0.0,5266.302729592787,5107.288323409987,44000.0,0.0,43866.78759120347,43866.78759120347,-133.2124087965276,24999.915727241543,1,0,1499.994940448372,1799.9897151214905,0.0,0.0,0.0,0.0,0.0,0.35,667.83231428256,-0.0,667.83231428256,26760.0,0.0
8.5,low_speed_blending,0.0,0.55,0.056316523655753,-0.5540118028997731,0.0006817194770371643,0.0007252334862097494,0.0025097883318308894,0.0025097883318308894,0.0,5265.71699096799,5106.8671994745555,44000.0,0.0,43890.9349042267,43890.9349042267,-109.06509577330144,24999.91573887223,1,0,1499.994942558563,1799.9900547294128,0.0,0.0,0.0,0.0,0.0,0.35,667.83231428256,-0.0,667.83231428256,26760.0,0.0
8.55,stop_hold,0.0,0.55,0.028601739987674867,-0.5542956733615626,0.00018863594557695475,0.00020067653784782422,0.0007400341696017851,0.0007400341696017851,0.0,5265.245707870488,5106.479482594897,44000.0,0.0,43910.705052003,43910.705052003,-89.29494799699751,24999.91574824414,1,0,1499.9949436344925,1799.9903671684835,0.0,0.0,0.0,0.0,0.0,0.35,667.83231428256,-0.0,667.83231428256,26760.0,0.0
8.6,stop_hold,0.0,0.55,0.0008753383502056875,-0.5545280327493836,4.6515538353406245e-05,4.9484615269581115e-05,0.00020477197739573902,0.00020477197739573902,0.0,5264.811554049451,5106.122711428905,44000.0,0.0,43926.89147998036,43926.89147998036,-73.1085200196394,24999.915755784732,1,0,1499.9949443323337,1799.990654528525,0.0,0.0,0.0,0.0,0.0,0.35,667.83231428256,-0.0,667.83231428256,26760.0,0.0
8.65,stop_hold,0.0,0.55,0.0,-0.01750676700411375,8.690808600910462e-06,9.245541064798365e-06,5.049450537712359e-05,5.049450537712359e-05,0.0,5264.411843737242,5105.79452256609,44000.0,0.0,43940.1438063479,43940.1438063479,-59.856193652100046,24999.91576273125,1,0,1499.9949448946484,1799.9909187943813,0.0,0.0,0.0,0.0,0.0,0.35,667.83231428256,-0.0,667.83231428256,26760.0,0.0
8.7,stop_hold,0.0,0.55,0.0,0.0,9.784738093805969e-08,1.0409295844474436e-07,9.434225576324862e-06,9.434225576324862e-06,0.0,5264.044037424746,5105.49270290401,44000.0,0.0,43950.99389349484,43950.99389349484,-49.00610650516319,24999.915769126663,1,0,1499.9949453470838,1799.9911618143758,0.0,0.0,0.0,0.0,0.0,0.35,667.83231428256,-0.0,667.83231428256,26760.0,0.0
8.75,stop_hold,0.0,0.55,0.0,0.0,0.0,0.0,1.0621730453545345e-07,1.0621730453545345e-07,0.0,5263.705697763896,5105.215088617231,44000.0,0.0,43959.87719351561,43959.87719351561,-40.122806484389,24999.915775011606,1,0,1499.994945763875,1799.9913852903337,0.0,0.0,0.0,0.0,0.0,0.35,667.83231428256,-0.0,667.83231428256,26760.0,0.0
8.8,stop_hold,0.0,0.55,0.0,0.0,0.0,0.0,0.0,0.0,-0.0,5263.394543124257,5104.959810121989,44000.0,0.0,43967.15022443143,43967.15022443143,-32.849775568567566,24999.91578042508,1,0,1499.9949461475996,1799.99159079409,0.0,0.0,0.0,0.0,0.0,0.35,667.83231428256,-0.0,667.83231428256,26760.0,0.0
8.85,stop_hold,0.0,0.55,0.0,0.0,0.0,0.0,0.0,0.0,-0.0,5263.108342505645,5104.72506211803,44000.0,0.0,43973.104878510305,43973.104878510305,-26.895121489695157,24999.91578540359,1,0,1499.9949465006964,1799.9917797710357,0.0,0.0,0.0,0.0,0.0,0.35,667.83231428256,-0.0,667.83231428256,26760.0,0.0
8.9,stop_hold,0.0,0.55,0.0,0.0,0.0,0.0,0.0,0.0,-0.0,5262.845168500745,5104.50919306986,44000.0,0.0,43977.98013692862,43977.98013692862,-22.019863071378495,24999.915789982835,1,0,1499.9949468255047,1799.991953550297,0.0,0.0,0.0,0.0,0.0,0.35,667.83231428256,-0.0,667.83231428256,26760.0,0.0
8.95,stop_hold,0.0,0.55,0.0,0.0,0.0,0.0,0.0,0.0,-0.0,5262.603159974227,5104.310684519063,44000.0,0.0,43981.9716609249,43981.9716609249,-18.02833907509921,24999.91579419365,1,0,1499.9949471242155,1799.9921133540959,0.0,0.0,0.0,0.0,0.0,0.35,667.83231428256,-0.0,667.83231428256,26760.0,0.0
9.0,stop_hold,0.0,0.55,0.0,0.0,0.0,0.0,0.0,0.0,-0.0,5262.380614310456,5104.128140194949,44000.0,0.0,43985.239644372305,43985.239644372305,-14.76035562769539,24999.915798065813,1,0,1499.99494739897,1799.9922603063535,0.0,0.0,0.0,0.0,0.0,0.35,667.83231428256,-0.0,667.83231428256,26760.0,0.0
9.05,stop_hold,0.0,0.55,0.0,0.0,0.0,0.0,0.0,0.0,-0.0,5262.175966086957,5103.960276298649,44000.0,0.0,43987.91524292124,43987.91524292124,-12.08475707875914,24999.915801626572,1,0,1499.994947651619,1799.9923954406079,0.0,0.0,0.0,0.0,0.0,0.35,667.83231428256,-0.0,667.83231428256,26760.0,0.0
9.1,stop_hold,0.0,0.55,0.0,0.0,0.0,0.0,0.0,0.0,-0.0,5261.987775847631,5103.805912109318,44000.0,0.0,43990.10583773615,43990.10583773615,-9.894162263852195,24999.915804900967,1,0,1499.9949478839487,1799.9925197072705,0.0,0.0,0.0,0.0,0.0,0.35,667.83231428256,-0.0,667.83231428256,26760.0,0.0
9.15,stop_hold,0.0,0.55,0.0,0.0,0.0,0.0,0.0,0.0,-0.0,5261.814720087263,5103.663961984472,44000.0,0.0,43991.89934507864,43991.89934507864,-8.100654921363457,24999.91580791203,1,0,1499.9949480975943,1799.9926339803217,0.0,0.0,0.0,0.0,0.0,0.35,667.83231428256,-0.0,667.83231428256,26760.0,0.0
9.2,stop_hold,0.0,0.55,0.0,0.0,0.0,0.0,0.0,0.0,-0.0,5261.655581566446,5103.5334275791165,44000.0,0.0,43993.36774469581,43993.36774469581,-6.632255304190039,24999.915810680945,1,0,1499.994948294058,1799.992739063455,0.0,0.0,0.0,0.0,0.0,0.35,667.83231428256,-0.0,667.83231428256,26760.0,0.0
9.25,stop_hold,0.0,0.55,0.0,0.0,0.0,0.0,0.0,0.0,-0.0,5261.509241064843,5103.413390833098,44000.0,0.0,43994.56996862019,43994.56996862019,-5.430031379808497,24999.91581322718,1,0,1499.994948474722,1799.9928356957307,0.0,0.0,0.0,0.0,0.0,0.35,667.83231428256,-0.0,667.83231428256,26760.0,0.0
9.3,stop_hold,0.0,0.55,0.0,0.0,0.0,0.0,0.0,0.0,-0.0,5261.374669359636,5103.303007518163,44000.0,0.0,43995.554266319166,43995.554266319166,-4.445733680833655,24999.915815568645,1,0,1499.9949486408566,1799.9929245567726,0.0,0.0,0.0,0.0,0.0,0.35,667.83231428256,-0.0,667.83231428256,26760.0,0.0
9.35,stop_hold,0.0,0.55,0.0,0.0,0.0,0.0,0.0,0.0,-0.0,5261.250919995977,5103.201501299778,44000.0,0.0,43996.36014111551,43996.36014111551,-3.639858884489513,24999.91581772181,1,0,1499.9949487936308,1799.9930062715491,0.0,0.0,0.0,0.0,0.0,0.35,667.83231428256,-0.0,667.83231428256,26760.0,0.0
9.4,stop_hold,0.0,0.55,0.0,0.0,0.0,0.0,0.0,0.0,-0.0,5261.137122634469,5103.108158276105,44000.0,0.0,43997.019935594406,43997.019935594406,-2.980064405594021,24999.915819701815,1,0,1499.9949489341186,1799.9930814147679,0.0,0.0,0.0,0.0,0.0,0.35,667.83231428256,-0.0,667.83231428256,26760.0,0.0
9.45,stop_hold,0.0,0.55,0.0,0.0,0.0,0.0,0.0,0.0,-0.0,5261.0324769293165,5103.022321957488,44000.0,0.0,43997.56012962498,43997.56012962498,-2.4398703750193818,24999.915821522583,1,0,1499.9949490633085,1799.9931505149186,0.0,0.0,0.0,0.0,0.0,0.35,667.83231428256,-0.0,667.83231428256,26760.0,0.0
9.5,stop_hold,0.0,0.55,0.0,0.0,0.0,0.0,0.0,0.0,-0.0,5260.936246898405,5102.94338865062,44000.0,0.0,43998.002403090446,43998.002403090446,-1.9975969095539767,24999.915823196927,1,0,1499.994949182109,1799.993214057989,0.0,0.0,0.0,0.0,0.0,0.35,667.83231428256,-0.0,667.83231428256,26760.0,0.0
9.55,stop_hold,0.0,0.55,0.0,0.0,0.0,0.0,0.0,0.0,-0.0,5260.847755747503,5102.8708032101795,44000.0,0.0,43998.364505977894,43998.364505977894,-1.6354940221062861,24999.91582473662,1,0,1499.994949291355,1799.9932724908833,0.0,0.0,0.0,0.0,0.0,0.35,667.83231428256,-0.0,667.83231428256,26760.0,0.0
9.6,stop_hold,0.0,0.55,0.0,0.0,0.0,0.0,0.0,0.0,-0.0,5260.766381111667,5102.804055136938,44000.0,0.0,43998.66097074763,43998.66097074763,-1.3390292523690732,24999.91582615249,1,0,1499.9949493918155,1799.9933262245656,0.0,0.0,0.0,0.0,0.0,0.35,667.83231428256,-0.0,667.83231428256,26760.0,0.0
9.65,stop_hold,0.0,0.55,0.0,0.0,0.0,0.0,0.0,0.0,-0.0,5260.69155067548,5102.7426749860915,44000.0,0.0,43998.90369557182,43998.90369557182,-1.096304428181611,24999.915827454493,1,0,1499.9949494841972,1799.993375636949,0.0,0.0,0.0,0.0,0.0,0.35,667.83231428256,-0.0,667.83231428256,26760.0,0.0
9.7,stop_hold,0.0,0.55,0.0,0.0,0.0,0.0,0.0,0.0,-0.0,5260.622738150477,5102.686231066666,44000.0,0.0,43999.102421849915,43999.102421849915,-0.8975781500848825,24999.91582865179,1,0,1499.9949495691494,1799.9934210755564,0.0,0.0,0.0,0.0,0.0,0.35,667.83231428256,-0.0,667.83231428256,26760.0,0.0
9.75,stop_hold,0.0,0.55,0.0,0.0,0.0,0.0,0.0,0.0,-0.0,5260.55945957239,5102.634326402436,44000.0,0.0,43999.265125165235,43999.265125165235,-0.7348748347649234,24999.915829752797,1,0,1499.9949496472696,1799.993462859961,0.0,0.0,0.0,0.0,0.0,0.35,667.83231428256,-0.0,667.83231428256,26760.0,0.0
9.8,stop_hold,0.0,0.55,0.0,0.0,0.0,0.0,0.0,0.0,-0.0,5260.501269898472,5102.586595944883,44000.0,0.0,43999.39833537312,43999.39833537312,-0.6016646268835757,24999.91583076526,1,0,1499.9949497191074,1799.9935012840363,0.0,0.0,0.0,0.0,0.0,0.35,667.83231428256,-0.0,667.83231428256,26760.0,0.0
9.85,stop_hold,0.0,0.55,0.0,0.0,0.0,0.0,0.0,0.0,-0.0,5260.447759874416,5102.542704000771,44000.0,0.0,43999.50739866693,43999.50739866693,-0.49260133306961507,24999.915831696304,1,0,1499.9949497851678,1799.993536618022,0.0,0.0,0.0,0.0,0.0,0.35,667.83231428256,-0.0,667.83231428256,26760.0,0.0
9.9,stop_hold,0.0,0.55,0.0,0.0,0.0,0.0,0.0,0.0,-0.0,5260.398553161115,5102.502341874543,44000.0,0.0,43999.5966921396,43999.5966921396,-0.40330786039703526,24999.91583255247,1,0,1499.9949498459157,1799.9935691104258,0.0,0.0,0.0,0.0,0.0,0.35,667.83231428256,-0.0,667.83231428256,26760.0,0.0
9.95,stop_hold,0.0,0.55,0.0,0.0,0.0,0.0,0.0,0.0,-0.0,5260.353303682671,5102.465225696811,44000.0,0.0,43999.66979945174,43999.66979945174,-0.3302005482619279,24999.915833339783,1,0,1499.9949499017782,1799.9935989897692,0.0,0.0,0.0,0.0,0.0,0.35,667.83231428256,-0.0,667.83231428256,26760.0,0.0
10.0,stop_hold,0.0,0.55,0.0,0.0,0.0,0.0,0.0,0.0,-0.0,5260.311693195881,5102.431094425106,44000.0,0.0,43999.729654656454,43999.729654656454,-0.27034534354606876,24999.91583406378,1,0,1499.994949953148,1799.9936264661965,0.0,0.0,0.0,0.0,0.0,0.35,667.83231428256,-0.0,667.83231428256,26760.0,0.0
10.05,stop_hold,0.0,0.55,0.0,0.0,0.0,0.0,0.0,0.0,-0.0,5260.273429051558,5102.399708011919,44000.0,0.0,43999.778659953285,43999.778659953285,-0.22134004671534058,24999.915834729552,1,0,1499.994950000387,1799.9936517329515,0.0,0.0,0.0,0.0,0.0,0.35,667.83231428256,-0.0,667.83231428256,26760.0,0.0
10.1,stop_hold,0.0,0.55,0.0,0.0,0.0,0.0,0.0,0.0,-0.0,5260.238242133448,5102.370845714492,44000.0,0.0,43999.818782096874,43999.818782096874,-0.18121790312579833,24999.915835341784,1,0,1499.9949500438267,1799.993674967738,0.0,0.0,0.0,0.0,0.0,0.35,667.83231428256,-0.0,667.83231428256,26760.0,0.0
10.15,stop_hold,0.0,0.55,0.0,0.0,0.0,0.0,0.0,0.0,-0.0,5260.2058849696095,5102.344304541043,44000.0,0.0,43999.8516313297,43999.8516313297,-0.14836867029953282,24999.91583590478,1,0,1499.9949500837731,1799.9936963339676,0.0,0.0,0.0,0.0,0.0,0.35,667.83231428256,-0.0,667.83231428256,26760.0,0.0
10.2,stop_hold,0.0,0.55,0.0,0.0,0.0,0.0,0.0,0.0,-0.0,5260.17612998993,5102.319897825854,44000.0,0.0,43999.87852600683,43999.87852600683,-0.12147399316745577,24999.915836422497,1,0,1499.994950120507,1799.993715981911,0.0,0.0,0.0,0.0,0.0,0.35,667.83231428256,-0.0,667.83231428256,26760.0,0.0
10.25,stop_hold,0.0,0.55,0.0,0.0,0.0,0.0,0.0,0.0,-0.0,5260.148767924293,5102.297453914262,44000.0,0.0,43999.90054550609,43999.90054550609,-0.09945449390943395,24999.91583689858,1,0,1499.9949501542867,1799.9937340497545,0.0,0.0,0.0,0.0,0.0,0.35,667.83231428256,-0.0,667.83231428256,26760.0,0.0
10.3,stop_hold,0.0,0.55,0.0,0.0,0.0,0.0,0.0,0.0,-0.0,5260.123606333595,5102.27681495632,44000.0,0.0,43999.91857354731,43999.91857354731,-0.0814264526925399,24999.915837336375,1,0,1499.9949501853498,1799.99375066457,0.0,0.0,0.0,0.0,0.0,0.35,667.83231428256,-0.0,667.83231428256,26760.0,0.0
10.35,stop_hold,0.0,0.55,0.0,0.0,0.0,0.0,0.0,0.0,-0.0,5260.100468254062,5102.257835796115,44000.0,0.0,43999.93333365907,43999.93333365907,-0.06666634092835011,24999.915837738965,1,0,1499.9949502139148,1799.9937659432119,0.0,0.0,0.0,0.0,0.0,0.35,667.83231428256,-0.0,667.83231428256,26760.0,0.0
10.4,stop_hold,0.0,0.55,0.0,0.0,0.0,0.0,0.0,0.0,-0.0,5260.079190953608,5102.240382952138,44000.0,0.0,43999.945418216485,43999.945418216485,-0.05458178351545939,24999.915838109177,1,0,1499.9949502401826,1799.9937799931354,0.0,0.0,0.0,0.0,0.0,0.35,667.83231428256,-0.0,667.83231428256,26760.0,0.0
10.45,stop_hold,0.0,0.55,0.0,0.0,0.0,0.0,0.0,0.0,-0.0,5260.059624786791,5102.224333677243,44000.0,0.0,43999.95531221529,43999.95531221529,-0.04468778471346013,24999.915838449615,1,0,1499.9949502643378,1799.9937929131547,0.0,0.0,0.0,0.0,0.0,0.35,667.83231428256,-0.0,667.83231428256,26760.0,0.0
10.5,stop_hold,0.0,0.55,0.0,0.0,0.0,0.0,0.0,0.0,-0.0,5260.041632143649,5102.209575095245,44000.0,0.0,43999.96341273636,43999.96341273636,-0.03658726363937603,24999.915838762678,1,0,1499.9949502865506,1799.993804794138,0.0,0.0,0.0,0.0,0.0,0.35,667.83231428256,-0.0,667.83231428256,26760.0,0.0
10.55,stop_hold,0.0,0.55,0.0,0.0,0.0,0.0,0.0,0.0,-0.0,5260.02508648059,5102.196003407777,44000.0,0.0,43999.970044882095,43999.970044882095,-0.02995511790504679,24999.91583905056,1,0,1499.9949503069768,1799.993815719645,0.0,0.0,0.0,0.0,0.0,0.35,667.83231428256,-0.0,667.83231428256,26760.0,0.0
10.6,stop_hold,0.0,0.55,0.0,0.0,0.0,0.0,0.0,0.0,-0.0,5260.009871430279,5102.183523163346,44000.0,0.0,43999.97547482376,43999.97547482376,-0.024525176238967106,24999.915839315294,1,0,1499.9949503257606,1799.9938257665156,0.0,0.0,0.0,0.0,0.0,0.35,667.83231428256,-0.0,667.83231428256,26760.0,0.0
10.65,stop_hold,0.0,0.55,0.0,0.0,0.0,0.0,0.0,0.0,-0.0,5259.9958799839715,5102.172046588912,44000.0,0.0,43999.97992048399,43999.97992048399,-0.02007951601262903,24999.915839558736,1,0,1499.9949503430337,1799.9938350054108,0.0,0.0,0.0,0.0,0.0,0.35,667.83231428256,-0.0,667.83231428256,26760.0,0.0
10.7,stop_hold,0.0,0.55,0.0,0.0,0.0,0.0,0.0,0.0,-0.0,5259.98301373795,5102.161492967441,44000.0,0.0,43999.98356028272,43999.98356028272,-0.016439717277535237,24999.9158397826,1,0,1499.9949503589175,1799.993843501308,0.0,0.0,0.0,0.0,0.0,0.35,667.83231428256,-0.0,667.83231428256,26760.0,0.0
10.75,stop_hold,0.0,0.55,0.0,0.0,0.0,0.0,0.0,0.0,-0.0,5259.971182204445,5102.1517880752235,44000.0,0.0,43999.98654029789,43999.98654029789,-0.013459702109685168,24999.91583998846,1,0,1499.994950373524,1799.9938513139596,0.0,0.0,0.0,0.0,0.0,0.35,667.83231428256,-0.0,667.83231428256,26760.0,0.0
10.8,stop_hold,0.0,0.55,0.0,0.0,0.0,0.0,0.0,0.0,-0.0,5259.960302169923,5102.142863656818,44000.0,0.0,43999.98898012796,43999.98898012796,-0.01101987204310717,24999.915840177768,1,0,1499.994950386956,1799.9938584983124,0.0,0.0,0.0,0.0,0.0,0.35,667.83231428256,-0.0,667.83231428256,26760.0,0.0
10.85,stop_hold,0.0,0.55,0.0,0.0,0.0,0.0,0.0,0.0,-0.0,5259.9502971150105,5102.134656945529,44000.0,0.0,43999.990977691865,43999.990977691865,-0.009022308135172352,24999.91584035185,1,0,1499.9949503993078,1799.9938651048951,0.0,0.0,0.0,0.0,0.0,0.35,667.83231428256,-0.0,667.83231428256,26760.0,0.0
10.9,stop_hold,0.0,0.55,0.0,0.0,0.0,0.0,0.0,0.0,-0.0,5259.94109667319,5102.127110223087,44000.0,0.0,43999.992613158865,43999.992613158865,-0.007386841134575661,24999.91584051193,1,0,1499.994950410666,1799.9938711801726,0.0,0.0,0.0,0.0,0.0,0.35,667.83231428256,-0.0,667.83231428256,26760.0,0.0
10.95,stop_hold,0.0,0.55,0.0,0.0,0.0,0.0,0.0,0.0,-0.0,5259.932636136455,5102.1201704129935,44000.0,0.0,43999.993952166,43999.993952166,-0.006047834001947194,24999.91584065914,1,0,1499.9949504211108,1799.9938767668718,0.0,0.0,0.0,0.0,0.0,0.35,667.83231428256,-0.0,667.83231428256,26760.0,0.0
11.0,stop_hold,0.0,0.55,0.0,0.0,0.0,0.0,0.0,0.0,-0.0,5259.924856001369,5102.113788707112,44000.0,0.0,43999.995048452314,43999.995048452314,-0.0049515476857777685,24999.91584079451,1,0,1499.9949504307158,1799.9938819042854,0.0,0.0,0.0,0.0,0.0,0.35,667.83231428256,-0.0,667.83231428256,26760.0,0.0
11.05,stop_hold,0.0,0.55,0.0,0.0,0.0,0.0,0.0,0.0,-0.0,5259.91770154983,5102.1079202217725,44000.0,0.0,43999.99594601563,43999.99594601563,-0.00405398436851101,24999.91584091899,1,0,1499.9949504395483,1799.993886628545,0.0,0.0,0.0,0.0,0.0,0.35,667.83231428256,-0.0,667.83231428256,26760.0,0.0
11.1,stop_hold,0.0,0.55,0.0,0.0,0.0,0.0,0.0,0.0,-0.0,5259.91112246411,5102.102523683765,44000.0,0.0,43999.99668087833,43999.99668087833,-0.0033191216716659255,24999.915841033464,1,0,1499.9949504476706,1799.9938909728767,0.0,0.0,0.0,0.0,0.0,0.35,667.83231428256,-0.0,667.83231428256,26760.0,0.0
11.15,stop_hold,0.0,0.55,0.0,0.0,0.0,0.0,0.0,0.0,-0.0,5259.905072472337,5102.097561139102,44000.0,0.0,43999.99728253301,43999.99728253301,-0.002717466988542583,24999.915841138733,1,0,1499.9949504551394,1799.9938949678342,0.0,0.0,0.0,0.0,0.0,0.35,667.83231428256,-0.0,667.83231428256,26760.0,0.0
11.2,stop_hold,0.0,0.55,0.0,0.0,0.0,0.0,0.0,0.0,-0.0,5259.899509024758,5102.092997684558,44000.0,0.0,43999.997775126205,43999.997775126205,-0.002224873795057647,24999.915841235532,1,0,1499.9949504620079,1799.993898641515,0.0,0.0,0.0,0.0,0.0,0.35,667.83231428256,-0.0,667.83231428256,26760.0,0.0
11.25,stop_hold,0.0,0.55,0.0,0.0,0.0,0.0,0.0,0.0,-0.0,5259.894392993509,5102.088801226906,44000.0,0.0,43999.998178427406,43999.998178427406,-0.0018215725940535776,24999.915841324546,1,0,1499.9949504683239,1799.9939020197558,0.0,0.0,0.0,0.0,0.0,0.35,667.83231428256,-0.0,667.83231428256,26760.0,0.0
11.3,stop_hold,0.0,0.55,0.0,0.0,0.0,0.0,0.0,0.0,-0.0,5259.889688395839,5102.084942250493,44000.0,0.0,43999.9985086225,43999.9985086225,-0.0014913775012246333,24999.915841406404,1,0,1499.9949504741319,1799.9939051263166,0.0,0.0,0.0,0.0,0.0,0.35,667.83231428256,-0.0,667.83231428256,26760.0,0.0
11.35,stop_hold,0.0,0.55,0.0,0.0,0.0,0.0,0.0,0.0,-0.0,5259.885362145911,5102.081393615293,44000.0,0.0,43999.998778963374,43999.998778963374,-0.0012210366257932037,24999.915841481677,1,0,1499.9949504794727,1799.9939079830456,0.0,0.0,0.0,0.0,0.0,0.35,667.83231428256,-0.0,667.83231428256,26760.0,0.0
11.4,stop_hold,0.0,0.55,0.0,0.0,0.0,0.0,0.0,0.0,-0.0,5259.881383815183,5102.078130363474,44000.0,0.0,43999.999000299766,43999.999000299766,-0.0009997002343880013,24999.9158415509,1,0,1499.9949504843842,1799.9939106100348,0.0,0.0,0.0,0.0,0.0,0.35,667.83231428256,-0.0,667.83231428256,26760.0,0.0
11.45,stop_hold,0.0,0.55,0.0,0.0,0.0,0.0,0.0,0.0,-0.0,5259.877725424215,5102.075129544968,44000.0,0.0,43999.99918151467,43999.99918151467,-0.0008184853286365978,24999.915841614555,1,0,1499.9949504889005,1799.9939130257596,0.0,0.0,0.0,0.0,0.0,0.35,667.83231428256,-0.0,667.83231428256,26760.0,0.0
11.5,stop_hold,0.0,0.55,0.0,0.0,0.0,0.0,0.0,0.0,-0.0,5259.874361243251,5102.07237005415,44000.0,0.0,43999.99932988089,43999.99932988089,-0.0006701191086904146,24999.915841673086,1,0,1499.994950493054,1799.99391524721,0.0,0.0,0.0,0.0,0.0,0.35,667.83231428256,-0.0,667.83231428256,26760.0,0.0
11.55,stop_hold,0.0,0.55,0.0,0.0,0.0,0.0,0.0,0.0,-0.0,5259.871267612405,5102.069832483503,44000.0,0.0,43999.99945135288,43999.99945135288,-0.0005486471200129017,24999.915841726914,1,0,1499.9949504968731,1799.9939172900104,0.0,0.0,0.0,0.0,0.0,0.35,667.83231428256,-0.0,667.83231428256,26760.0,0.0
11.6,stop_hold,0.0,0.55,0.0,0.0,0.0,0.0,0.0,0.0,-0.0,5259.86842277327,5102.067498985837,44000.0,0.0,43999.99955080573,43999.99955080573,-0.0004491942672757432,24999.915841776412,1,0,1499.9949505003851,1799.9939191685273,0.0,0.0,0.0,0.0,0.0,0.35,667.83231428256,-0.0,667.83231428256,26760.0,0.0
11.65,stop_hold,0.0,0.55,0.0,0.0,0.0,0.0,0.0,0.0,-0.0,5259.865806718079,5102.065353149163,44000.0,0.0,43999.999632230836,43999.999632230836,-0.00036776916385861114,24999.91584182193,1,0,1499.9949505036147,1799.993920895973,0.0,0.0,0.0,0.0,0.0,0.35,667.83231428256,-0.0,667.83231428256,26760.0,0.0
11.7,stop_hold,0.0,0.55,0.0,0.0,0.0,0.0,0.0,0.0,-0.0,5259.8634010476435,5102.063379882243,44000.0,0.0,43999.999698896085,43999.999698896085,-0.0003011039152625017,24999.91584186379,1,0,1499.9949505065847,1799.9939224844961,0.0,0.0,0.0,0.0,0.0,0.35,667.83231428256,-0.0,667.83231428256,26760.0,0.0
11.75,stop_hold,0.0,0.55,0.0,0.0,0.0,0.0,0.0,0.0,-0.0,5259.8611888423675,5102.061565306701,44000.0,0.0,43999.999753476965,43999.999753476965,-0.00024652303545735776,24999.91584190228,1,0,1499.9949505093157,1799.993923945269,0.0,0.0,0.0,0.0,0.0,0.35,667.83231428256,-0.0,667.83231428256,26760.0,0.0
11.8,stop_hold,0.0,0.55,0.0,0.0,0.0,0.0,0.0,0.0,-0.0,5259.859154544258,5102.059896660208,44000.0,0.0,43999.99979816401,43999.99979816401,-0.00020183598826406524,24999.915841937676,1,0,1499.9949505118273,1799.9939252885658,0.0,0.0,0.0,0.0,0.0,0.35,667.83231428256,-0.0,667.83231428256,26760.0,0.0
11.85,stop_hold,0.0,0.55,0.0,0.0,0.0,0.0,0.0,0.0,-0.0,5259.857283845694,5102.05836220817,44000.0,0.0,43999.99983475067,43999.99983475067,-0.00016524933016626164,24999.915841970225,1,0,1499.9949505141367,1799.9939265238338,0.0,0.0,0.0,0.0,0.0,0.35,667.83231428256,-0.0,667.83231428256,26760.0,0.0
11.9,stop_hold,0.0,0.55,0.0,0.0,0.0,0.0,0.0,0.0,-0.0,5259.855563589618,5102.056951157024,44000.0,0.0,43999.99986470529,43999.99986470529,-0.00013529470743378624,24999.915842000155,1,0,1499.9949505162606,1799.9939276597609,0.0,0.0,0.0,0.0,0.0,0.35,667.83231428256,-0.0,667.83231428256,26760.0,0.0
11.95,stop_hold,0.0,0.55,0.0,0.0,0.0,0.0,0.0,0.0,-0.0,5259.8539816785,5102.05565358394,44000.0,0.0,43999.99988923006,43999.99988923006,-0.00011076994269387797,24999.91584202768,1,0,1499.9949505182135,1799.9939287043358,0.0,0.0,0.0,0.0,0.0,0.35,667.83231428256,-0.0,667.83231428256,26760.0,0.0
12.0,stop_hold,0.0,0.55,0.0,0.0,0.0,0.0,0.0,0.0,-0.0,5259.852526984941,5102.054460362191,44000.0,0.0,43999.99990930924,43999.99990930924,-9.06907589524053e-05,24999.91584205299,1,0,1499.9949505200093,1799.9939296649056,0.0,0.0,0.0,0.0,0.0,0.35,667.83231428256,-0.0,667.83231428256,26760.0,0.0
12.05,stop_hold,0.0,0.55,0.0,0.0,0.0,0.0,0.0,0.0,-0.0,5259.851189279207,5102.0533630999735,44000.0,0.0,43999.99992574869,43999.99992574869,-7.425130752380937e-05,24999.915842076265,1,0,1499.9949505216607,1799.9939305482255,0.0,0.0,0.0,0.0,0.0,0.35,667.83231428256,-0.0,667.83231428256,26760.0,0.0
12.1,stop_hold,0.0,0.55,0.0,0.0,0.0,0.0,0.0,0.0,-0.0,5259.849959152293,5102.052354080411,44000.0,0.0,43999.99993920817,43999.99993920817,-6.0791826399508864e-05,24999.91584209767,1,0,1499.9949505231793,1799.9939313605082,0.0,0.0,0.0,0.0,0.0,0.35,667.83231428256,-0.0,667.83231428256,26760.0,0.0
12.15,stop_hold,0.0,0.55,0.0,0.0,0.0,0.0,0.0,0.0,-0.0,5259.848827952844,5102.051426206918,44000.0,0.0,43999.999950227866,43999.999950227866,-4.977213393431157e-05,24999.915842117352,1,0,1499.9949505245759,1799.993932107467,0.0,0.0,0.0,0.0,0.0,0.35,667.83231428256,-0.0,667.83231428256,26760.0,0.0
12.2,stop_hold,0.0,0.55,0.0,0.0,0.0,0.0,0.0,0.0,-0.0,5259.847787725305,5102.050572953304,44000.0,0.0,43999.999959250024,43999.999959250024,-4.074997559655458e-05,24999.91584213545,1,0,1499.9949505258603,1799.9939327943548,0.0,0.0,0.0,0.0,0.0,0.35,667.83231428256,-0.0,667.83231428256,26760.0,0.0
12.25,stop_hold,0.0,0.55,0.0,0.0,0.0,0.0,0.0,0.0,-0.0,5259.846831153605,5102.049788319424,44000.0,0.0,43999.99996663674,43999.99996663674,-3.336326335556805e-05,24999.915842152095,1,0,1499.994950527041,1799.9939334260025,0.0,0.0,0.0,0.0,0.0,0.35,667.83231428256,-0.0,667.83231428256,26760.0,0.0
12.3,stop_hold,0.0,0.55,0.0,0.0,0.0,0.0,0.0,0.0,-0.0,5259.845951509703,5102.049066786046,44000.0,0.0,43999.999972684476,43999.999972684476,-2.731552376644686e-05,24999.9158421674,1,0,1499.994950528127,1799.9939340068527,0.0,0.0,0.0,0.0,0.0,0.35,667.83231428256,-0.0,667.83231428256,26760.0,0.0
12.35,stop_hold,0.0,0.55,0.0,0.0,0.0,0.0,0.0,0.0,-0.0,5259.845142607875,5102.048403278601,44000.0,0.0,43999.99997763594,43999.99997763594,-2.2364059987012297e-05,24999.915842181475,1,0,1499.9949505291256,1799.9939345409905,0.0,0.0,0.0,0.0,0.0,0.35,667.83231428256,-0.0,667.83231428256,26760.0,0.0
12.4,stop_hold,0.0,0.55,0.0,0.0,0.0,0.0,0.0,0.0,-0.0,5259.844398758183,5102.047793131173,44000.0,0.0,43999.999981689856,43999.999981689856,-1.8310143786948174e-05,24999.915842194416,1,0,1499.994950530044,1799.9939350321724,0.0,0.0,0.0,0.0,0.0,0.35,667.83231428256,-0.0,667.83231428256,26760.0,0.0
12.45,stop_hold,0.0,0.55,0.0,0.0,0.0,0.0,0.0,0.0,-0.0,5259.843714729111,5102.0472320524295,44000.0,0.0,43999.999985008915,43999.999985008915,-1.499108475400135e-05,24999.91584220632,1,0,1499.9949505308884,1799.9939354838534,0.0,0.0,0.0,0.0,0.0,0.35,667.83231428256,-0.0,667.83231428256,26760.0,0.0
12.5,stop_hold,0.0,0.55,0.0,0.0,0.0,0.0,0.0,0.0,-0.0,5259.8430857104295,5102.046716095929,44000.0,0.0,43999.99998772634,43999.99998772634,-1.2273660104256123e-05,24999.915842217262,1,0,1499.994950531665,1799.9939358992096,0.0,0.0,0.0,0.0,0.0,0.35,667.83231428256,-0.0,667.83231428256,26760.0,0.0
12.55,stop_hold,0.0,0.55,0.0,0.0,0.0,0.0,0.0,0.0,-0.0,5259.842507278076,5102.046241632599,44000.0,0.0,43999.999989951175,43999.999989951175,-1.004882506094873e-05,24999.91584222733,1,0,1499.994950532379,1799.9939362811629,0.0,0.0,0.0,0.0,0.0,0.35,667.83231428256,-0.0,667.83231428256,26760.0,0.0
12.6,stop_hold,0.0,0.55,0.0,0.0,0.0,0.0,0.0,0.0,-0.0,5259.841975363553,5102.045805325992,44000.0,0.0,43999.99999177272,43999.99999177272,-8.227281796280295e-06,24999.915842236584,1,0,1499.9949505330358,1799.9939366323995,0.0,0.0,0.0,0.0,0.0,0.35,667.83231428256,-0.0,667.83231428256,26760.0,0.0
12.65,stop_hold,0.0,0.55,0.0,0.0,0.0,0.0,0.0,0.0,-0.0,5259.841486225541,5102.045404107533,44000.0,0.0,43999.99999326407,43999.99999326407,-6.735928764101118e-06,24999.915842245093,1,0,1499.9949505336397,1799.993936955389,0.0,0.0,0.0,0.0,0.0,0.35,667.83231428256,-0.0,667.83231428256,26760.0,0.0
12.7,stop_hold,0.0,0.55,0.0,0.0,0.0,0.0,0.0,0.0,-0.0,5259.841036424403,5102.0450351555355,44000.0,0.0,43999.999994485086,43999.999994485086,-5.514913937076926e-06,24999.915842252918,1,0,1499.994950534195,1799.9939372524036,0.0,0.0,0.0,0.0,0.0,0.35,667.83231428256,-0.0,667.83231428256,26760.0,0.0
12.75,stop_hold,0.0,0.55,0.0,0.0,0.0,0.0,0.0,0.0,-0.0,5259.840622796655,5102.044695874411,44000.0,0.0,43999.999995484766,43999.999995484766,-4.5152337406761944e-06,24999.915842260118,1,0,1499.9949505347056,1799.9939375255321,0.0,0.0,0.0,0.0,0.0,0.35,667.83231428256,-0.0,667.83231428256,26760.0,0.0
12.8,stop_hold,0.0,0.55,0.0,0.0,0.0,0.0,0.0,0.0,-0.0,5259.840242433339,5102.044383878832,44000.0,0.0,43999.99999630324,43999.99999630324,-3.696761268656701e-06,24999.915842266735,1,0,1499.9949505351751,1799.9939377766957,0.0,0.0,0.0,0.0,0.0,0.35,667.83231428256,-0.0,667.83231428256,26760.0,0.0
12.85,stop_hold,0.0,0.55,0.0,0.0,0.0,0.0,0.0,0.0,-0.0,5259.839892658586,5102.044096974134,44000.0,0.0,43999.99999697334,43999.99999697334,-3.0266601243056357e-06,24999.91584227282,1,0,1499.994950535607,1799.99393800766,0.0,0.0,0.0,0.0,0.0,0.35,667.83231428256,-0.0,667.83231428256,26760.0,0.0
12.9,stop_hold,0.0,0.55,0.0,0.0,0.0,0.0,0.0,0.0,-0.0,5259.839571013293,5102.043833142052,44000.0,0.0,43999.999997521976,43999.999997521976,-2.4780238163657486e-06,24999.915842278417,1,0,1499.9949505360041,1799.9939382200507,0.0,0.0,0.0,0.0,0.0,0.35,667.83231428256,-0.0,667.83231428256,26760.0,0.0
12.95,stop_hold,0.0,0.55,0.0,0.0,0.0,0.0,0.0,0.0,-0.0,5259.839275234916,5102.043590528254,44000.0,0.0,43999.99999797117,43999.99999797117,-2.0288280211389065e-06,24999.915842283564,1,0,1499.9949505363693,1799.9939384153604,0.0,0.0,0.0,0.0,0.0,0.35,667.83231428256,-0.0,667.83231428256,26760.0,0.0
13.0,stop_hold,0.0,0.55,0.0,0.0,0.0,0.0,0.0,0.0,-0.0,5259.83900324277,5102.043367424921,44000.0,0.0,43999.999998338935,43999.999998338935,-1.6610647435300052e-06,24999.915842288294,1,0,1499.994950536705,1799.9939385949633,0.0,0.0,0.0,0.0,0.0,0.35,667.83231428256,-0.0,667.83231428256,26760.0,0.0
13.05,stop_hold,0.0,0.55,0.0,0.0,0.0,0.0,0.0,0.0,-0.0,5259.8387531251665,5102.043162263812,44000.0,0.0,43999.999998640036,43999.999998640036,-1.3599637895822525e-06,24999.91584229265,1,0,1499.994950537014,1799.9939387601223,0.0,0.0,0.0,0.0,0.0,0.35,667.83231428256,-0.0,667.83231428256,26760.0,0.0
13.1,stop_hold,0.0,0.55,0.0,0.0,0.0,0.0,0.0,0.0,-0.0,5259.83852312147,5102.042973602203,44000.0,0.0,43999.99999888655,43999.99999888655,-1.1134470696561038e-06,24999.91584229665,1,0,1499.9949505372977,1799.9939389119993,0.0,0.0,0.0,0.0,0.0,0.35,667.83231428256,-0.0,667.83231428256,26760.0,0.0
13.15,stop_hold,0.0,0.55,0.0,0.0,0.0,0.0,0.0,0.0,-0.0,5259.838311614931,5102.04280011261,44000.0,0.0,43999.99999908838,43999.99999908838,-9.116192813962698e-07,24999.91584230033,1,0,1499.994950537559,1799.9939390516622,0.0,0.0,0.0,0.0,0.0,0.35,667.83231428256,-0.0,667.83231428256,26760.0,0.0
13.2,stop_hold,0.0,0.55,0.0,0.0,0.0,0.0,0.0,0.0,-0.0,5259.838117118205,5102.042640575239,44000.0,0.0,43999.999999253625,43999.999999253625,-7.4637500802055e-07,24999.915842303715,1,0,1499.994950537799,1799.9939391800933,0.0,0.0,0.0,0.0,0.0,0.35,667.83231428256,-0.0,667.83231428256,26760.0,0.0
13.25,stop_hold,0.0,0.55,0.0,0.0,0.0,0.0,0.0,0.0,-0.0,5259.837938262752,5102.042493868108,44000.0,0.0,43999.99999938892,43999.99999938892,-6.110785761848092e-07,24999.915842306826,1,0,1499.9949505380196,1799.993939298196,0.0,0.0,0.0,0.0,0.0,0.35,667.83231428256,-0.0,667.83231428256,26760.0,0.0
13.3,stop_hold,0.0,0.55,0.0,0.0,0.0,0.0,0.0,0.0,-0.0,5259.837773791047,5102.042358958728,44000.0,0.0,43999.99999949969,43999.99999949969,-5.003093974664807e-07,24999.91584230969,1,0,1499.9949505382228,1799.9939394068003,0.0,0.0,0.0,0.0,0.0,0.35,667.83231428256,-0.0,667.83231428256,26760.0,0.0
13.35,stop_hold,0.0,0.55,0.0,0.0,0.0,0.0,0.0,0.0,-0.0,5259.837622546412,5102.042234899339,44000.0,0.0,43999.99999959038,43999.99999959038,-4.096218617632985e-07,24999.91584231232,1,0,1499.9949505384095,1799.993939506671,0.0,0.0,0.0,0.0,0.0,0.35,667.83231428256,-0.0,667.83231428256,26760.0,0.0
13.4,stop_hold,0.0,0.55,0.0,0.0,0.0,0.0,0.0,0.0,-0.0,5259.837483464416,5102.042120817024,44000.0,0.0,43999.99999966463,43999.99999966463,-3.3537071431055665e-07,24999.91584231474,1,0,1499.9949505385812,1799.9939395985102,0.0,0.0,0.0,0.0,0.0,0.35,667.83231428256,-0.0,667.83231428256,26760.0,0.0
13.45,stop_hold,0.0,0.55,0.0,0.0,0.0,0.0,0.0,0.0,-0.0,5259.837355567994,5102.042015908754,44000.0,0.0,43999.99999972541,43999.99999972541,-2.745873644016683e-07,24999.915842316965,1,0,1499.994950538739,1799.9939396829634,0.0,0.0,0.0,0.0,0.0,0.35,667.83231428256,-0.0,667.83231428256,26760.0,0.0
13.5,stop_hold,0.0,0.55,0.0,0.0,0.0,0.0,0.0,0.0,-0.0,5259.8372379572265,5102.041919437236,44000.0,0.0,43999.99999977519,43999.99999977519,-2.248125383630395e-07,24999.91584231901,1,0,1499.9949505388843,1799.993939760625,0.0,0.0,0.0,0.0,0.0,0.35,667.83231428256,-0.0,667.83231428256,26760.0,0.0
13.55,stop_hold,0.0,0.55,0.0,0.0,0.0,0.0,0.0,0.0,-0.0,5259.8371298042475,5102.041830724562,44000.0,0.0,43999.99999981594,43999.99999981594,-1.8405989976599813e-07,24999.915842320894,1,0,1499.9949505390177,1799.9939398320407,0.0,0.0,0.0,0.0,0.0,0.35,667.83231428256,-0.0,667.83231428256,26760.0,0.0
13.6,stop_hold,0.0,0.55,0.0,0.0,0.0,0.0,0.0,0.0,-0.0,5259.83703034896,5102.041749146094,44000.0,0.0,43999.99999984931,43999.99999984931,-1.5069235814735293e-07,24999.91584232262,1,0,1499.9949505391405,1799.9939398977133,0.0,0.0,0.0,0.0,0.0,0.35,667.83231428256,-0.0,667.83231428256,26760.0,0.0
13.65,stop_hold,0.0,0.55,0.0,0.0,0.0,0.0,0.0,0.0,-0.0,5259.836938892491,5102.041674128265,44000.0,0.0,43999.99999987662,43999.99999987662,-1.2337841326370835e-07,24999.915842324215,1,0,1499.9949505392535,1799.9939399581042,0.0,0.0,0.0,0.0,0.0,0.35,667.83231428256,-0.0,667.83231428256,26760.0,0.0
13.7,stop_hold,0.0,0.55,0.0,0.0,0.0,0.0,0.0,0.0,-0.0,5259.836854790883,5102.041605143246,44000.0,0.0,43999.999999898995,43999.999999898995,-1.0100484360009432e-07,24999.915842325678,1,0,1499.9949505393572,1799.9939400136386,0.0,0.0,0.0,0.0,0.0,0.35,667.83231428256,-0.0,667.83231428256,26760.0,0.0
13.75,stop_hold,0.0,0.55,0.0,0.0,0.0,0.0,0.0,0.0,-0.0,5259.836777452826,5102.041541705975,44000.0,0.0,43999.99999991731,43999.99999991731,-8.269125828519464e-08,24999.915842327024,1,0,1499.994950539453,1799.993940064707,0.0,0.0,0.0,0.0,0.0,0.35,667.83231428256,-0.0,667.83231428256,26760.0,0.0
13.8,stop_hold,0.0,0.55,0.0,0.0,0.0,0.0,0.0,0.0,-0.0,5259.836706334169,5102.041483370784,44000.0,0.0,43999.99999993229,43999.99999993229,-6.771006155759096e-08,24999.91584232826,1,0,1499.9949505395407,1799.9939401116683,0.0,0.0,0.0,0.0,0.0,0.35,667.83231428256,-0.0,667.83231428256,26760.0,0.0
13.85,stop_hold,0.0,0.55,0.0,0.0,0.0,0.0,0.0,0.0,-0.0,5259.8366409348455,5102.04142972666,44000.0,0.0,43999.99999994457,43999.99999994457,-5.542824510484934e-08,24999.9158423294,1,0,1499.9949505396214,1799.9939401548531,0.0,0.0,0.0,0.0,0.0,0.35,667.83231428256,-0.0,667.83231428256,26760.0,0.0
13.9,stop_hold,0.0,0.55,0.0,0.0,0.0,0.0,0.0,0.0,-0.0,5259.836580795406,5102.041380396634,44000.0,0.0,43999.99999995463,43999.99999995463,-4.5372871682047844e-08,24999.915842330443,1,0,1499.9949505396955,1799.9939401945646,0.0,0.0,0.0,0.0,0.0,0.35,667.83231428256,-0.0,667.83231428256,26760.0,0.0
13.95,stop_hold,0.0,0.55,0.0,0.0,0.0,0.0,0.0,0.0,-0.0,5259.836525492121,5102.041335033445,44000.0,0.0,43999.999999962856,43999.999999962856,-3.714376362040639e-08,24999.915842331407,1,0,1499.994950539764,1799.993940231083,0.0,0.0,0.0,0.0,0.0,0.35,667.83231428256,-0.0,667.83231428256,26760.0,0.0
14.0,stop_hold,0.0,0.55,0.0,0.0,0.0,0.0,0.0,0.0,-0.0,5259.836474636367,5102.0412933189245,44000.0,0.0,43999.999999969594,43999.999999969594,-3.040622686967254e-08,24999.91584233229,1,0,1499.9949505398265,1799.9939402646642,0.0,0.0,0.0,0.0,0.0,0.35,667.83231428256,-0.0,667.83231428256,26760.0,0.0
14.05,stop_hold,0.0,0.55,0.0,0.0,0.0,0.0,0.0,0.0,-0.0,5259.836427870138,5102.041254958872,44000.0,0.0,43999.9999999751,43999.9999999751,-2.4898326955735683e-08,24999.915842333106,1,0,1499.9949505398845,1799.9939402955447,0.0,0.0,0.0,0.0,0.0,0.35,667.83231428256,-0.0,667.83231428256,26760.0,0.0
14.1,stop_hold,0.0,0.55,0.0,0.0,0.0,0.0,0.0,0.0,-0.0,5259.836384865431,5102.0412196840225,44000.0,0.0,43999.99999997961,43999.99999997961,-2.038723323494196e-08,24999.915842333852,1,0,1499.9949505399375,1799.9939403239418,0.0,0.0,0.0,0.0,0.0,0.35,667.83231428256,-0.0,667.83231428256,26760.0,0.0
14.15,stop_hold,0.0,0.55,0.0,0.0,0.0,0.0,0.0,0.0,-0.0,5259.836345318939,5102.041187245711,44000.0,0.0,43999.99999998331,43999.99999998331,-1.669104676693678e-08,24999.915842334543,1,0,1499.9949505399863,1799.9939403500555,0.0,0.0,0.0,0.0,0.0,0.35,667.83231428256,-0.0,667.83231428256,26760.0,0.0
14.2,stop_hold,0.0,0.55,0.0,0.0,0.0,0.0,0.0,0.0,-0.0,5259.836308953074,5102.041157416252,44000.0,0.0,43999.99999998633,43999.99999998633,-1.3671524357050657e-08,24999.915842335173,1,0,1499.9949505400311,1799.9939403740686,0.0,0.0,0.0,0.0,0.0,0.35,667.83231428256,-0.0,667.83231428256,26760.0,0.0
14.25,stop_hold,0.0,0.55,0.0,0.0,0.0,0.0,0.0,0.0,-0.0,5259.836275511477,5102.041129985384,44000.0,0.0,43999.99999998882,43999.99999998882,-1.1183146852999926e-08,24999.915842335755,1,0,1499.9949505400725,1799.993940396151,0.0,0.0,0.0,0.0,0.0,0.35,667.83231428256,-0.0,667.83231428256,26760.0,0.0
14.3,stop_hold,0.0,0.55,0.0,0.0,0.0,0.0,0.0,0.0,-0.0,5259.836244759423,5102.041104761061,44000.0,0.0,43999.99999999084,43999.99999999084,-9.160430636256933e-09,24999.91584233629,1,0,1499.9949505401103,1799.9939404164575,0.0,0.0,0.0,0.0,0.0,0.35,667.83231428256,-0.0,667.83231428256,26760.0,0.0
14.35,stop_hold,0.0,0.55,0.0,0.0,0.0,0.0,0.0,0.0,-0.0,5259.836216480145,5102.041081564903,44000.0,0.0,43999.9999999925,43999.9999999925,-7.501512300223112e-09,24999.915842336784,1,0,1499.9949505401453,1799.9939404351308,0.0,0.0,0.0,0.0,0.0,0.35,667.83231428256,-0.0,667.83231428256,26760.0,0.0
14.4,stop_hold,0.0,0.55,0.0,0.0,0.0,0.0,0.0,0.0,-0.0,5259.83619047566,5102.04106023436,44000.0,0.0,43999.99999999385,43999.99999999385,-6.148184183984995e-09,24999.915842337236,1,0,1499.9949505401773,1799.993940452302,0.0,0.0,0.0,0.0,0.0,0.35,667.83231428256,-0.0,667.83231428256,26760.0,0.0
14.45,stop_hold,0.0,0.55,0.0,0.0,0.0,0.0,0.0,0.0,-0.0,5259.836166562068,5102.041040619359,44000.0,0.0,43999.999999994965,43999.999999994965,-5.034962669014931e-09,24999.91584233765,1,0,1499.994950540207,1799.9939404680927,0.0,0.0,0.0,0.0,0.0,0.35,667.83231428256,-0.0,667.83231428256,26760.0,0.0
14.5,stop_hold,0.0,0.55,0.0,0.0,0.0,0.0,0.0,0.0,-0.0,5259.836144571792,5102.041022581906,44000.0,0.0,43999.999999995875,43999.999999995875,-4.1254679672420025e-09,24999.915842338036,1,0,1499.9949505402342,1799.9939404826134,0.0,0.0,0.0,0.0,0.0,0.35,667.83231428256,-0.0,667.83231428256,26760.0,0.0
14.55,stop_hold,0.0,0.55,0.0,0.0,0.0,0.0,0.0,0.0,-0.0,5259.836124350118,5102.041005994893,44000.0,0.0,43999.999999996624,43999.999999996624,-3.3760443329811096e-09,24999.915842338385,1,0,1499.994950540259,1799.9939404959664,0.0,0.0,0.0,0.0,0.0,0.35,667.83231428256,-0.0,667.83231428256,26760.0,0.0
14.6,stop_hold,0.0,0.55,0.0,0.0,0.0,0.0,0.0,0.0,-0.0,5259.8361057547845,5102.040990741311,44000.0,0.0,43999.999999997235,43999.999999997235,-2.764863893389702e-09,24999.91584233871,1,0,1499.9949505402822,1799.9939405082455,0.0,0.0,0.0,0.0,0.0,0.35,667.83231428256,-0.0,667.83231428256,26760.0,0.0
14.65,stop_hold,0.0,0.55,0.0,0.0,0.0,0.0,0.0,0.0,-0.0,5259.836088654752,5102.040976715238,44000.0,0.0,43999.99999999774,43999.99999999774,-2.2628228180110455e-09,24999.915842339007,1,0,1499.994950540303,1799.9939405195373,0.0,0.0,0.0,0.0,0.0,0.35,667.83231428256,-0.0,667.83231428256,26760.0,0.0
14.7,stop_hold,0.0,0.55,0.0,0.0,0.0,0.0,0.0,0.0,-0.0,5259.836072929391,5102.0409638162955,44000.0,0.0,43999.999999998145,43999.999999998145,-1.8553691916167736e-09,24999.91584233928,1,0,1499.9949505403224,1799.9939405299208,0.0,0.0,0.0,0.0,0.0,0.35,667.83231428256,-0.0,667.83231428256,26760.0,0.0
14.75,stop_hold,0.0,0.55,0.0,0.0,0.0,0.0,0.0,0.0,-0.0,5259.836058469505,5102.040951954996,44000.0,0.0,43999.99999999849,43999.99999999849,-1.5133991837501526e-09,24999.91584233953,1,0,1499.9949505403404,1799.9939405394693,0.0,0.0,0.0,0.0,0.0,0.35,667.83231428256,-0.0,667.83231428256,26760.0,0.0
14.8,stop_hold,0.0,0.55,0.0,0.0,0.0,0.0,0.0,0.0,-0.0,5259.836045171613,5102.040941048181,44000.0,0.0,43999.99999999876,43999.99999999876,-1.2369127944111824e-09,24999.915842339764,1,0,1499.9949505403567,1799.9939405482498,0.0,0.0,0.0,0.0,0.0,0.35,667.83231428256,-0.0,667.83231428256,26760.0,0.0
14.85,stop_hold,0.0,0.55,0.0,0.0,0.0,0.0,0.0,0.0,-0.0,5259.836032943454,5102.0409310178475,44000.0,0.0,43999.99999999899,43999.99999999899,-1.0113581083714962e-09,24999.91584233998,1,0,1499.9949505403717,1799.9939405563243,0.0,0.0,0.0,0.0,0.0,0.35,667.83231428256,-0.0,667.83231428256,26760.0,0.0
14.9,stop_hold,0.0,0.55,0.0,0.0,0.0,0.0,0.0,0.0,-0.0,5259.836021699302,5102.040921794108,44000.0,0.0,43999.99999999917,43999.99999999917,-8.294591680169106e-10,24999.91584234017,1,0,1499.9949505403858,1799.9939405637494,0.0,0.0,0.0,0.0,0.0,0.35,667.83231428256,-0.0,667.83231428256,26760.0,0.0
14.95,stop_hold,0.0,0.55,0.0,0.0,0.0,0.0,0.0,0.0,-0.0,5259.836011358741,5102.040913312416,44000.0,0.0,43999.999999999316,43999.999999999316,-6.83940015733242e-10,24999.915842340353,1,0,1499.9949505403986,1799.9939405705777,0.0,0.0,0.0,0.0,0.0,0.35,667.83231428256,-0.0,667.83231428256,26760.0,0.0
15.0,stop_hold,0.0,0.55,0.0,0.0,0.0,0.0,0.0,0.0,-0.0,5259.83600184972,5102.040905512783,44000.0,0.0,43999.99999999944,43999.99999999944,-5.602487362921238e-10,24999.915842340517,1,0,1499.9949505404102,1799.9939405768564,0.0,0.0,0.0,0.0,0.0,0.35,667.83231428256,-0.0,667.83231428256,26760.0,0.0
15.05,stop_hold,0.0,0.55,0.0,0.0,0.0,0.0,0.0,0.0,-0.0,5259.835993105697,5102.040898340172,44000.0,0.0,43999.99999999955,43999.99999999955,-4.511093720793724e-10,24999.91584234067,1,0,1499.994950540421,1799.9939405826303,0.0,0.0,0.0,0.0,0.0,0.35,667.83231428256,-0.0,667.83231428256,26760.0,0.0
15.1,stop_hold,0.0,0.55,0.0,0.0,0.0,0.0,0.0,0.0,-0.0,5259.83598506483,5102.040891745082,44000.0,0.0,43999.99999999962,43999.99999999962,-3.7834979593753815e-10,24999.91584234081,1,0,1499.9949505404309,1799.99394058794,0.0,0.0,0.0,0.0,0.0,0.35,667.83231428256,-0.0,667.83231428256,26760.0,0.0
15.15,stop_hold,0.0,0.55,0.0,0.0,0.0,0.0,0.0,0.0,-0.0,5259.835977670376,5102.040885679605,44000.0,0.0,43999.999999999694,43999.999999999694,-3.055902197957039e-10,24999.91584234094,1,0,1499.9949505404402,1799.9939405928224,0.0,0.0,0.0,0.0,0.0,0.35,667.83231428256,-0.0,667.83231428256,26760.0,0.0
15.2,stop_hold,0.0,0.55,0.0,0.0,0.0,0.0,0.0,0.0,-0.0,5259.835970871308,5102.040880102555,44000.0,0.0,43999.999999999745,43999.999999999745,-2.546585164964199e-10,24999.915842341055,1,0,1499.9949505404486,1799.9939405973123,0.0,0.0,0.0,0.0,0.0,0.35,667.83231428256,-0.0,667.83231428256,26760.0,0.0
15.25,stop_hold,0.0,0.55,0.0,0.0,0.0,0.0,0.0,0.0,-0.0,5259.83596461823,5102.040874973745,44000.0,0.0,43999.99999999978,43999.99999999978,-2.1827872842550278e-10,24999.915842341165,1,0,1499.9949505404563,1799.9939406014412,0.0,0.0,0.0,0.0,0.0,0.35,667.83231428256,-0.0,667.83231428256,26760.0,0.0
15.3,stop_hold,0.0,0.55,0.0,0.0,0.0,0.0,0.0,0.0,-0.0,5259.835958868688,5102.04087025714,44000.0,0.0,43999.99999999982,43999.99999999982,-1.8189894035458565e-10,24999.915842341266,1,0,1499.9949505404634,1799.993940605238,0.0,0.0,0.0,0.0,0.0,0.35,667.83231428256,-0.0,667.83231428256,26760.0,0.0
15.35,stop_hold,0.0,0.55,0.0,0.0,0.0,0.0,0.0,0.0,-0.0,5259.83595358125,5102.040865919677,44000.0,0.0,43999.999999999854,43999.999999999854,-1.4551915228366852e-10,24999.915842341357,1,0,1499.9949505404697,1799.9939406087299,0.0,0.0,0.0,0.0,0.0,0.35,667.83231428256,-0.0,667.83231428256,26760.0,0.0
15.4,stop_hold,0.0,0.55,0.0,0.0,0.0,0.0,0.0,0.0,-0.0,5259.8359487187645,5102.040861931264,44000.0,0.0,43999.99999999989,43999.99999999989,-1.0913936421275139e-10,24999.91584234144,1,0,1499.9949505404759,1799.9939406119404,0.0,0.0,0.0,0.0,0.0,0.35,667.83231428256,-0.0,667.83231428256,26760.0,0.0
15.45,stop_hold,0.0,0.55,0.0,0.0,0.0,0.0,0.0,0.0,-0.0,5259.835944247148,5102.040858263783,44000.0,0.0,43999.99999999991,43999.99999999991,-8.731149137020111e-11,24999.91584234152,1,0,1499.9949505404813,1799.9939406148928,0.0,0.0,0.0,0.0,0.0,0.35,667.83231428256,-0.0,667.83231428256,26760.0,0.0
15.5,stop_hold,0.0,0.55,0.0,0.0,0.0,0.0,0.0,0.0,-0.0,5259.835940135376,5102.040854891499,44000.0,0.0,43999.99999999991,43999.99999999991,-8.731149137020111e-11,24999.91584234159,1,0,1499.9949505404863,1799.9939406176077,0.0,0.0,0.0,0.0,0.0,0.35,667.83231428256,-0.0,667.83231428256,26760.0,0.0
15.55,stop_hold,0.0,0.55,0.0,0.0,0.0,0.0,0.0,0.0,-0.0,5259.835936354465,5102.040851789861,44000.0,0.0,43999.99999999991,43999.99999999991,-8.731149137020111e-11,24999.915842341656,1,0,1499.9949505404911,1799.9939406201042,0.0,0.0,0.0,0.0,0.0,0.35,667.83231428256,-0.0,667.83231428256,26760.0,0.0
15.6,stop_hold,0.0,0.55,0.0,0.0,0.0,0.0,0.0,0.0,-0.0,5259.83593287788,5102.040848938476,44000.0,0.0,43999.99999999991,43999.99999999991,-8.731149137020111e-11,24999.915842341718,1,0,1499.9949505404954,1799.9939406224,0.0,0.0,0.0,0.0,0.0,0.35,667.83231428256,-0.0,667.83231428256,26760.0,0.0
15.65,stop_hold,0.0,0.55,0.0,0.0,0.0,0.0,0.0,0.0,-0.0,5259.835929680311,5102.0408463157655,44000.0,0.0,43999.99999999991,43999.99999999991,-8.731149137020111e-11,24999.915842341772,1,0,1499.9949505404993,1799.9939406245114,0.0,0.0,0.0,0.0,0.0,0.35,667.83231428256,-0.0,667.83231428256,26760.0,0.0
15.7,stop_hold,0.0,0.55,0.0,0.0,0.0,0.0,0.0,0.0,-0.0,5259.835926740736,5102.04084390371,44000.0,0.0,43999.99999999991,43999.99999999991,-8.731149137020111e-11,24999.915842341823,1,0,1499.994950540503,1799.993940626453,0.0,0.0,0.0,0.0,0.0,0.35,667.83231428256,-0.0,667.83231428256,26760.0,0.0
15.75,stop_hold,0.0,0.55,0.0,0.0,0.0,0.0,0.0,0.0,-0.0,5259.835924036907,5102.040841686076,44000.0,0.0,43999.99999999991,43999.99999999991,-8.731149137020111e-11,24999.91584234187,1,0,1499.9949505405064,1799.9939406282383,0.0,0.0,0.0,0.0,0.0,0.35,667.83231428256,-0.0,667.83231428256,26760.0,0.0
15.8,stop_hold,0.0,0.55,0.0,0.0,0.0,0.0,0.0,0.0,-0.0,5259.835921550249,5102.0408396468265,44000.0,0.0,43999.99999999991,43999.99999999991,-8.731149137020111e-11,24999.915842341914,1,0,1499.9949505405093,1799.9939406298802,0.0,0.0,0.0,0.0,0.0,0.35,667.83231428256,-0.0,667.83231428256,26760.0,0.0
15.85,stop_hold,0.0,0.55,0.0,0.0,0.0,0.0,0.0,0.0,-0.0,5259.8359192640255,5102.0408377709155,44000.0,0.0,43999.99999999991,43999.99999999991,-8.731149137020111e-11,24999.915842341954,1,0,1499.9949505405123,1799.99394063139,0.0,0.0,0.0,0.0,0.0,0.35,667.83231428256,-0.0,667.83231428256,26760.0,0.0
15.9,stop_hold,0.0,0.55,0.0,0.0,0.0,0.0,0.0,0.0,-0.0,5259.835917161704,5102.040836046661,44000.0,0.0,43999.99999999991,43999.99999999991,-8.731149137020111e-11,24999.91584234199,1,0,1499.9949505405148,1799.9939406327783,0.0,0.0,0.0,0.0,0.0,0.35,667.83231428256,-0.0,667.83231428256,26760.0,0.0
15.95,stop_hold,0.0,0.55,0.0,0.0,0.0,0.0,0.0,0.0,-0.0,5259.835915227773,5102.040834460601,44000.0,0.0,43999.99999999991,43999.99999999991,-8.731149137020111e-11,24999.915842342027,1,0,1499.9949505405173,1799.993940634055,0.0,0.0,0.0,0.0,0.0,0.35,667.83231428256,-0.0,667.83231428256,26760.0,0.0
16.0,stop_hold,0.0,0.55,0.0,0.0,0.0,0.0,0.0,0.0,-0.0,5259.83591345019,5102.040833002637,44000.0,0.0,43999.99999999991,43999.99999999991,-8.731149137020111e-11,24999.915842342056,1,0,1499.9949505405193,1799.993940635229,0.0,0.0,0.0,0.0,0.0,0.35,667.83231428256,-0.0,667.83231428256,26760.0,0.0
16.05,stop_hold,0.0,0.55,0.0,0.0,0.0,0.0,0.0,0.0,-0.0,5259.835911815075,5102.040831660891,44000.0,0.0,43999.99999999991,43999.99999999991,-8.731149137020111e-11,24999.915842342085,1,0,1499.9949505405216,1799.9939406363087,0.0,0.0,0.0,0.0,0.0,0.35,667.83231428256,-0.0,667.83231428256,26760.0,0.0
16.1,stop_hold,0.0,0.55,0.0,0.0,0.0,0.0,0.0,0.0,-0.0,5259.8359103120165,5102.040830428036,44000.0,0.0,43999.99999999991,43999.99999999991,-8.731149137020111e-11,24999.91584234211,1,0,1499.9949505405234,1799.9939406373014,0.0,0.0,0.0,0.0,0.0,0.35,667.83231428256,-0.0,667.83231428256,26760.0,0.0
16.15,stop_hold,0.0,0.55,0.0,0.0,0.0,0.0,0.0,0.0,-0.0,5259.8359089287715,5102.040829293976,44000.0,0.0,43999.99999999991,43999.99999999991,-8.731149137020111e-11,24999.915842342136,1,0,1499.994950540525,1799.9939406382146,0.0,0.0,0.0,0.0,0.0,0.35,667.83231428256,-0.0,667.83231428256,26760.0,0.0
16.2,stop_hold,0.0,0.55,0.0,0.0,0.0,0.0,0.0,0.0,-0.0,5259.835907657786,5102.040828250593,44000.0,0.0,43999.99999999991,43999.99999999991,-8.731149137020111e-11,24999.915842342158,1,0,1499.9949505405266,1799.9939406390542,0.0,0.0,0.0,0.0,0.0,0.35,667.83231428256,-0.0,667.83231428256,26760.0,0.0
16.25,stop_hold,0.0,0.55,0.0,0.0,0.0,0.0,0.0,0.0,-0.0,5259.83590648865,5102.04082729175,44000.0,0.0,43999.99999999991,43999.99999999991,-8.731149137020111e-11,24999.915842342176,1,0,1499.9949505405282,1799.9939406398262,0.0,0.0,0.0,0.0,0.0,0.35,667.83231428256,-0.0,667.83231428256,26760.0,0.0
16.3,stop_hold,0.0,0.55,0.0,0.0,0.0,0.0,0.0,0.0,-0.0,5259.835905412996,5102.040826409923,44000.0,0.0,43999.99999999991,43999.99999999991,-8.731149137020111e-11,24999.915842342194,1,0,1499.9949505405293,1799.9939406405363,0.0,0.0,0.0,0.0,0.0,0.35,667.83231428256,-0.0,667.83231428256,26760.0,0.0
16.35,stop_hold,0.0,0.55,0.0,0.0,0.0,0.0,0.0,0.0,-0.0,5259.835904424496,5102.040825598579,44000.0,0.0,43999.99999999991,43999.99999999991,-8.731149137020111e-11,24999.915842342212,1,0,1499.9949505405305,1799.993940641189,0.0,0.0,0.0,0.0,0.0,0.35,667.83231428256,-0.0,667.83231428256,26760.0,0.0
16.4,stop_hold,0.0,0.55,0.0,0.0,0.0,0.0,0.0,0.0,-0.0,5259.835903515397,5102.040824852768,44000.0,0.0,43999.99999999991,43999.99999999991,-8.731149137020111e-11,24999.91584234223,1,0,1499.9949505405316,1799.9939406417893,0.0,0.0,0.0,0.0,0.0,0.35,667.83231428256,-0.0,667.83231428256,26760.0,0.0
16.45,stop_hold,0.0,0.55,0.0,0.0,0.0,0.0,0.0,0.0,-0.0,5259.83590267896,5102.0408241669475,44000.0,0.0,43999.99999999991,43999.99999999991,-8.731149137020111e-11,24999.915842342245,1,0,1499.9949505405327,1799.9939406423414,0.0,0.0,0.0,0.0,0.0,0.35,667.83231428256,-0.0,667.83231428256,26760.0,0.0
16.5,stop_hold,0.0,0.55,0.0,0.0,0.0,0.0,0.0,0.0,-0.0,5259.835901910083,5102.040823536761,44000.0,0.0,43999.99999999991,43999.99999999991,-8.731149137020111e-11,24999.915842342256,1,0,1499.9949505405339,1799.993940642849,0.0,0.0,0.0,0.0,0.0,0.35,667.83231428256,-0.0,667.83231428256,26760.0,0.0
16.55,stop_hold,0.0,0.55,0.0,0.0,0.0,0.0,0.0,0.0,-0.0,5259.835901203048,5102.040822957258,44000.0,0.0,43999.99999999991,43999.99999999991,-8.731149137020111e-11,24999.91584234227,1,0,1499.9949505405345,1799.9939406433157,0.0,0.0,0.0,0.0,0.0,0.35,667.83231428256,-0.0,667.83231428256,26760.0,0.0
16.6,stop_hold,0.0,0.55,0.0,0.0,0.0,0.0,0.0,0.0,-0.0,5259.83590055337,5102.040822423685,44000.0,0.0,43999.99999999991,43999.99999999991,-8.731149137020111e-11,24999.91584234228,1,0,1499.9949505405352,1799.993940643745,0.0,0.0,0.0,0.0,0.0,0.35,667.83231428256,-0.0,667.83231428256,26760.0,0.0
16.65,stop_hold,0.0,0.55,0.0,0.0,0.0,0.0,0.0,0.0,-0.0,5259.835899955944,5102.040821933079,44000.0,0.0,43999.99999999991,43999.99999999991,-8.731149137020111e-11,24999.915842342292,1,0,1499.9949505405361,1799.9939406441397,0.0,0.0,0.0,0.0,0.0,0.35,667.83231428256,-0.0,667.83231428256,26760.0,0.0
16.7,stop_hold,0.0,0.55,0.0,0.0,0.0,0.0,0.0,0.0,-0.0,5259.835899405869,5102.040821482662,44000.0,0.0,43999.99999999991,43999.99999999991,-8.731149137020111e-11,24999.9158423423,1,0,1499.9949505405368,1799.9939406445026,0.0,0.0,0.0,0.0,0.0,0.35,667.83231428256,-0.0,667.83231428256,26760.0,0.0
16.75,stop_hold,0.0,0.55,0.0,0.0,0.0,0.0,0.0,0.0,-0.0,5259.835898900089,5102.040821067884,44000.0,0.0,43999.99999999991,43999.99999999991,-8.731149137020111e-11,24999.91584234231,1,0,1499.9949505405375,1799.9939406448366,0.0,0.0,0.0,0.0,0.0,0.35,667.83231428256,-0.0,667.83231428256,26760.0,0.0
16.8,stop_hold,0.0,0.55,0.0,0.0,0.0,0.0,0.0,0.0,-0.0,5259.83589843574,5102.040820686564,44000.0,0.0,43999.99999999991,43999.99999999991,-8.731149137020111e-11,24999.915842342318,1,0,1499.994950540538,1799.9939406451435,0.0,0.0,0.0,0.0,0.0,0.35,667.83231428256,-0.0,667.83231428256,26760.0,0.0
16.85,stop_hold,0.0,0.55,0.0,0.0,0.0,0.0,0.0,0.0,-0.0,5259.835898008133,5102.040820335932,44000.0,0.0,43999.99999999991,43999.99999999991,-8.731149137020111e-11,24999.915842342325,1,0,1499.9949505405386,1799.993940645426,0.0,0.0,0.0,0.0,0.0,0.35,667.83231428256,-0.0,667.83231428256,26760.0,0.0
16.9,stop_hold,0.0,0.55,0.0,0.0,0.0,0.0,0.0,0.0,-0.0,5259.835897615019,5102.040820013612,44000.0,0.0,43999.99999999991,43999.99999999991,-8.731149137020111e-11,24999.915842342332,1,0,1499.994950540539,1799.9939406456854,0.0,0.0,0.0,0.0,0.0,0.35,667.83231428256,-0.0,667.83231428256,26760.0,0.0
16.95,stop_hold,0.0,0.55,0.0,0.0,0.0,0.0,0.0,0.0,-0.0,5259.8358972535425,5102.040819717426,44000.0,0.0,43999.99999999991,43999.99999999991,-8.731149137020111e-11,24999.915842342336,1,0,1499.9949505405395,1799.9939406459239,0.0,0.0,0.0,0.0,0.0,0.35,667.83231428256,-0.0,667.83231428256,26760.0,0.0
17.0,stop_hold,0.0,0.55,0.0,0.0,0.0,0.0,0.0,0.0,-0.0,5259.835896921253,5102.040819444799,44000.0,0.0,43999.99999999991,43999.99999999991,-8.731149137020111e-11,24999.915842342343,1,0,1499.9949505405398,1799.9939406461433,0.0,0.0,0.0,0.0,0.0,0.35,667.83231428256,-0.0,667.83231428256,26760.0,0.0
17.05,stop_hold,0.0,0.55,0.0,0.0,0.0,0.0,0.0,0.0,-0.0,5259.835896615907,5102.040819193556,44000.0,0.0,43999.99999999991,43999.99999999991,-8.731149137020111e-11,24999.91584234235,1,0,1499.99495054054,1799.993940646345,0.0,0.0,0.0,0.0,0.0,0.35,667.83231428256,-0.0,667.83231428256,26760.0,0.0
17.1,stop_hold,0.0,0.55,0.0,0.0,0.0,0.0,0.0,0.0,-0.0,5259.835896334848,5102.0408189633,44000.0,0.0,43999.99999999991,43999.99999999991,-8.731149137020111e-11,24999.915842342354,1,0,1499.9949505405405,1799.9939406465307,0.0,0.0,0.0,0.0,0.0,0.35,667.83231428256,-0.0,667.83231428256,26760.0,0.0
17.15,stop_hold,0.0,0.55,0.0,0.0,0.0,0.0,0.0,0.0,-0.0,5259.835896075835,5102.040818751257,44000.0,0.0,43999.99999999991,43999.99999999991,-8.731149137020111e-11,24999.915842342358,1,0,1499.994950540541,1799.9939406467013,0.0,0.0,0.0,0.0,0.0,0.35,667.83231428256,-0.0,667.83231428256,26760.0,0.0
17.2,stop_hold,0.0,0.55,0.0,0.0,0.0,0.0,0.0,0.0,-0.0,5259.835895838457,5102.040818556241,44000.0,0.0,43999.99999999991,43999.99999999991,-8.731149137020111e-11,24999.91584234236,1,0,1499.9949505405411,1799.9939406468584,0.0,0.0,0.0,0.0,0.0,0.35,667.83231428256,-0.0,667.83231428256,26760.0,0.0
17.25,stop_hold,0.0,0.55,0.0,0.0,0.0,0.0,0.0,0.0,-0.0,5259.835895619854,5102.040818376867,44000.0,0.0,43999.99999999991,43999.99999999991,-8.731149137020111e-11,24999.915842342365,1,0,1499.9949505405414,1799.993940647003,0.0,0.0,0.0,0.0,0.0,0.35,667.83231428256,-0.0,667.83231428256,26760.0,0.0
17.3,stop_hold,0.0,0.55,0.0,0.0,0.0,0.0,0.0,0.0,-0.0,5259.835895418808,5102.0408182119445,44000.0,0.0,43999.99999999991,43999.99999999991,-8.731149137020111e-11,24999.91584234237,1,0,1499.9949505405416,1799.9939406471358,0.0,0.0,0.0,0.0,0.0,0.35,667.83231428256,-0.0,667.83231428256,26760.0,0.0
17.35,stop_hold,0.0,0.55,0.0,0.0,0.0,0.0,0.0,0.0,-0.0,5259.835895233886,5102.040818060288,44000.0,0.0,43999.99999999991,43999.99999999991,-8.731149137020111e-11,24999.915842342372,1,0,1499.9949505405418,1799.9939406472577,0.0,0.0,0.0,0.0,0.0,0.35,667.83231428256,-0.0,667.83231428256,26760.0,0.0
17.4,stop_hold,0.0,0.55,0.0,0.0,0.0,0.0,0.0,0.0,-0.0,5259.835895063863,5102.040817920709,44000.0,0.0,43999.99999999991,43999.99999999991,-8.731149137020111e-11,24999.915842342376,1,0,1499.994950540542,1799.9939406473698,0.0,0.0,0.0,0.0,0.0,0.35,667.83231428256,-0.0,667.83231428256,26760.0,0.0
17.45,stop_hold,0.0,0.55,0.0,0.0,0.0,0.0,0.0,0.0,-0.0,5259.8358949075155,5102.040817792415,44000.0,0.0,43999.99999999991,43999.99999999991,-8.731149137020111e-11,24999.91584234238,1,0,1499.9949505405423,1799.993940647473,0.0,0.0,0.0,0.0,0.0,0.35,667.83231428256,-0.0,667.83231428256,26760.0,0.0
17.5,stop_hold,0.0,0.55,0.0,0.0,0.0,0.0,0.0,0.0,-0.0,5259.83589476362,5102.040817675207,44000.0,0.0,43999.99999999991,43999.99999999991,-8.731149137020111e-11,24999.91584234238,1,0,1499.9949505405425,1799.9939406475678,0.0,0.0,0.0,0.0,0.0,0.35,667.83231428256,-0.0,667.83231428256,26760.0,0.0
17.55,stop_hold,0.0,0.55,0.0,0.0,0.0,0.0,0.0,0.0,-0.0,5259.8358946313565,5102.040817566513,44000.0,0.0,43999.99999999991,43999.99999999991,-8.731149137020111e-11,24999.915842342383,1,0,1499.9949505405427,1799.993940647655,0.0,0.0,0.0,0.0,0.0,0.35,667.83231428256,-0.0,667.83231428256,26760.0,0.0
17.6,stop_hold,0.0,0.55,0.0,0.0,0.0,0.0,0.0,0.0,-0.0,5259.835894510524,5102.040817466728,44000.0,0.0,43999.99999999991,43999.99999999991,-8.731149137020111e-11,24999.915842342387,1,0,1499.9949505405427,1799.9939406477356,0.0,0.0,0.0,0.0,0.0,0.35,667.83231428256,-0.0,667.83231428256,26760.0,0.0
17.65,stop_hold,0.0,0.55,0.0,0.0,0.0,0.0,0.0,0.0,-0.0,5259.8358943984695,5102.040817374864,44000.0,0.0,43999.99999999991,43999.99999999991,-8.731149137020111e-11,24999.915842342387,1,0,1499.994950540543,1799.9939406478093,0.0,0.0,0.0,0.0,0.0,0.35,667.83231428256,-0.0,667.83231428256,26760.0,0.0
17.7,stop_hold,0.0,0.55,0.0,0.0,0.0,0.0,0.0,0.0,-0.0,5259.835894295597,5102.040817290718,44000.0,0.0,43999.99999999991,43999.99999999991,-8.731149137020111e-11,24999.91584234239,1,0,1499.9949505405432,1799.9939406478773,0.0,0.0,0.0,0.0,0.0,0.35,667.83231428256,-0.0,667.83231428256,26760.0,0.0
17.75,stop_hold,0.0,0.55,0.0,0.0,0.0,0.0,0.0,0.0,-0.0,5259.835894200893,5102.040817213307,44000.0,0.0,43999.99999999991,43999.99999999991,-8.731149137020111e-11,24999.91584234239,1,0,1499.9949505405432,1799.9939406479396,0.0,0.0,0.0,0.0,0.0,0.35,667.83231428256,-0.0,667.83231428256,26760.0,0.0
17.8,stop_hold,0.0,0.55,0.0,0.0,0.0,0.0,0.0,0.0,-0.0,5259.835894114143,5102.040817141835,44000.0,0.0,43999.99999999991,43999.99999999991,-8.731149137020111e-11,24999.91584234239,1,0,1499.9949505405434,1799.9939406479969,0.0,0.0,0.0,0.0,0.0,0.35,667.83231428256,-0.0,667.83231428256,26760.0,0.0
17.85,stop_hold,0.0,0.55,0.0,0.0,0.0,0.0,0.0,0.0,-0.0,5259.835894034338,5102.040817076697,44000.0,0.0,43999.99999999991,43999.99999999991,-8.731149137020111e-11,24999.915842342394,1,0,1499.9949505405434,1799.9939406480498,0.0,0.0,0.0,0.0,0.0,0.35,667.83231428256,-0.0,667.83231428256,26760.0,0.0
17.9,stop_hold,0.0,0.55,0.0,0.0,0.0,0.0,0.0,0.0,-0.0,5259.835893960656,5102.040817016311,44000.0,0.0,43999.99999999991,43999.99999999991,-8.731149137020111e-11,24999.915842342394,1,0,1499.9949505405434,1799.9939406480983,0.0,0.0,0.0,0.0,0.0,0.35,667.83231428256,-0.0,667.83231428256,26760.0,0.0
17.95,stop_hold,0.0,0.55,0.0,0.0,0.0,0.0,0.0,0.0,-0.0,5259.8358938935025,5102.040816960876,44000.0,0.0,43999.99999999991,43999.99999999991,-8.731149137020111e-11,24999.915842342398,1,0,1499.9949505405436,1799.9939406481428,0.0,0.0,0.0,0.0,0.0,0.35,667.83231428256,-0.0,667.83231428256,26760.0,0.0
18.0,stop_hold,0.0,0.55,0.0,0.0,0.0,0.0,0.0,0.0,-0.0,5259.83589383125,5102.0408169097955,44000.0,0.0,43999.99999999991,43999.99999999991,-8.731149137020111e-11,24999.915842342398,1,0,1499.9949505405436,1799.9939406481838,0.0,0.0,0.0,0.0,0.0,0.35,667.83231428256,-0.0,667.83231428256,26760.0,0.0
18.05,stop_hold,0.0,0.55,0.0,0.0,0.0,0.0,0.0,0.0,-0.0,5259.8358937741,5102.040816862874,44000.0,0.0,43999.99999999991,43999.99999999991,-8.731149137020111e-11,24999.915842342398,1,0,1499.9949505405439,1799.9939406482217,0.0,0.0,0.0,0.0,0.0,0.35,667.83231428256,-0.0,667.83231428256,26760.0,0.0
18.1,stop_hold,0.0,0.55,0.0,0.0,0.0,0.0,0.0,0.0,-0.0,5259.83589372144,5102.0408168201075,44000.0,0.0,43999.99999999991,43999.99999999991,-8.731149137020111e-11,24999.915842342398,1,0,1499.9949505405439,1799.9939406482563,0.0,0.0,0.0,0.0,0.0,0.35,667.83231428256,-0.0,667.83231428256,26760.0,0.0
18.15,stop_hold,0.0,0.55,0.0,0.0,0.0,0.0,0.0,0.0,-0.0,5259.835893673066,5102.040816780115,44000.0,0.0,43999.99999999991,43999.99999999991,-8.731149137020111e-11,24999.9158423424,1,0,1499.9949505405439,1799.9939406482883,0.0,0.0,0.0,0.0,0.0,0.35,667.83231428256,-0.0,667.83231428256,26760.0,0.0
18.2,stop_hold,0.0,0.55,0.0,0.0,0.0,0.0,0.0,0.0,-0.0,5259.835893628978,5102.040816743488,44000.0,0.0,43999.99999999991,43999.99999999991,-8.731149137020111e-11,24999.9158423424,1,0,1499.9949505405439,1799.9939406483177,0.0,0.0,0.0,0.0,0.0,0.35,667.83231428256,-0.0,667.83231428256,26760.0,0.0
18.25,stop_hold,0.0,0.55,0.0,0.0,0.0,0.0,0.0,0.0,-0.0,5259.835893587748,5102.04081670983,44000.0,0.0,43999.99999999991,43999.99999999991,-8.731149137020111e-11,24999.9158423424,1,0,1499.994950540544,1799.9939406483447,0.0,0.0,0.0,0.0,0.0,0.35,667.83231428256,-0.0,667.83231428256,26760.0,0.0
18.3,stop_hold,0.0,0.55,0.0,0.0,0.0,0.0,0.0,0.0,-0.0,5259.835893549988,5102.040816679143,44000.0,0.0,43999.99999999991,43999.99999999991,-8.731149137020111e-11,24999.9158423424,1,0,1499.994950540544,1799.9939406483697,0.0,0.0,0.0,0.0,0.0,0.35,667.83231428256,-0.0,667.83231428256,26760.0,0.0
18.35,stop_hold,0.0,0.55,0.0,0.0,0.0,0.0,0.0,0.0,-0.0,5259.835893515289,5102.040816650633,44000.0,0.0,43999.99999999991,43999.99999999991,-8.731149137020111e-11,24999.9158423424,1,0,1499.994950540544,1799.9939406483925,0.0,0.0,0.0,0.0,0.0,0.35,667.83231428256,-0.0,667.83231428256,26760.0,0.0
18.4,stop_hold,0.0,0.55,0.0,0.0,0.0,0.0,0.0,0.0,-0.0,5259.835893483653,5102.040816624499,44000.0,0.0,43999.99999999991,43999.99999999991,-8.731149137020111e-11,24999.915842342405,1,0,1499.994950540544,1799.9939406484134,0.0,0.0,0.0,0.0,0.0,0.35,667.83231428256,-0.0,667.83231428256,26760.0,0.0
18.45,stop_hold,0.0,0.55,0.0,0.0,0.0,0.0,0.0,0.0,-0.0,5259.835893454262,5102.040816600542,44000.0,0.0,43999.99999999991,43999.99999999991,-8.731149137020111e-11,24999.915842342405,1,0,1499.994950540544,1799.9939406484327,0.0,0.0,0.0,0.0,0.0,0.35,667.83231428256,-0.0,667.83231428256,26760.0,0.0
18.5,stop_hold,0.0,0.55,0.0,0.0,0.0,0.0,0.0,0.0,-0.0,5259.835893427319,5102.040816578368,44000.0,0.0,43999.99999999991,43999.99999999991,-8.731149137020111e-11,24999.915842342405,1,0,1499.9949505405443,1799.9939406484507,0.0,0.0,0.0,0.0,0.0,0.35,667.83231428256,-0.0,667.83231428256,26760.0,0.0
18.55,stop_hold,0.0,0.55,0.0,0.0,0.0,0.0,0.0,0.0,-0.0,5259.83589340262,5102.040816558371,44000.0,0.0,43999.99999999991,43999.99999999991,-8.731149137020111e-11,24999.915842342405,1,0,1499.9949505405443,1799.993940648467,0.0,0.0,0.0,0.0,0.0,0.35,667.83231428256,-0.0,667.83231428256,26760.0,0.0
18.6,stop_hold,0.0,0.55,0.0,0.0,0.0,0.0,0.0,0.0,-0.0,5259.835893379762,5102.040816539563,44000.0,0.0,43999.99999999991,43999.99999999991,-8.731149137020111e-11,24999.915842342405,1,0,1499.9949505405443,1799.993940648482,0.0,0.0,0.0,0.0,0.0,0.35,667.83231428256,-0.0,667.83231428256,26760.0,0.0
18.65,stop_hold,0.0,0.55,0.0,0.0,0.0,0.0,0.0,0.0,-0.0,5259.835893359146,5102.040816522338,44000.0,0.0,43999.99999999991,43999.99999999991,-8.731149137020111e-11,24999.915842342405,1,0,1499.9949505405443,1799.993940648496,0.0,0.0,0.0,0.0,0.0,0.35,667.83231428256,-0.0,667.83231428256,26760.0,0.0
18.7,stop_hold,0.0,0.55,0.0,0.0,0.0,0.0,0.0,0.0,-0.0,5259.835893339756,5102.040816506697,44000.0,0.0,43999.99999999991,43999.99999999991,-8.731149137020111e-11,24999.915842342405,1,0,1499.9949505405443,1799.9939406485084,0.0,0.0,0.0,0.0,0.0,0.35,667.83231428256,-0.0,667.83231428256,26760.0,0.0
18.75,stop_hold,0.0,0.55,0.0,0.0,0.0,0.0,0.0,0.0,-0.0,5259.835893321997,5102.040816492245,44000.0,0.0,43999.99999999991,43999.99999999991,-8.731149137020111e-11,24999.915842342405,1,0,1499.9949505405443,1799.99394064852,0.0,0.0,0.0,0.0,0.0,0.35,667.83231428256,-0.0,667.83231428256,26760.0,0.0
18.8,stop_hold,0.0,0.55,0.0,0.0,0.0,0.0,0.0,0.0,-0.0,5259.835893305874,5102.04081647898,44000.0,0.0,43999.99999999991,43999.99999999991,-8.731149137020111e-11,24999.915842342405,1,0,1499.9949505405443,1799.9939406485307,0.0,0.0,0.0,0.0,0.0,0.35,667.83231428256,-0.0,667.83231428256,26760.0,0.0
18.85,stop_hold,0.0,0.55,0.0,0.0,0.0,0.0,0.0,0.0,-0.0,5259.835893290974,5102.040816466704,44000.0,0.0,43999.99999999991,43999.99999999991,-8.731149137020111e-11,24999.915842342405,1,0,1499.9949505405443,1799.9939406485405,0.0,0.0,0.0,0.0,0.0,0.35,667.83231428256,-0.0,667.83231428256,26760.0,0.0
18.9,stop_hold,0.0,0.55,0.0,0.0,0.0,0.0,0.0,0.0,-0.0,5259.835893277299,5102.040816455419,44000.0,0.0,43999.99999999991,43999.99999999991,-8.731149137020111e-11,24999.915842342405,1,0,1499.9949505405443,1799.9939406485496,0.0,0.0,0.0,0.0,0.0,0.35,667.83231428256,-0.0,667.83231428256,26760.0,0.0
18.95,stop_hold,0.0,0.55,0.0,0.0,0.0,0.0,0.0,0.0,-0.0,5259.835893264643,5102.040816445125,44000.0,0.0,43999.99999999991,43999.99999999991,-8.731149137020111e-11,24999.91584234241,1,0,1499.9949505405443,1799.993940648558,0.0,0.0,0.0,0.0,0.0,0.35,667.83231428256,-0.0,667.83231428256,26760.0,0.0
19.0,stop_hold,0.0,0.55,0.0,0.0,0.0,0.0,0.0,0.0,-0.0,5259.83589325301,5102.040816435621,44000.0,0.0,43999.99999999991,43999.99999999991,-8.731149137020111e-11,24999.91584234241,1,0,1499.9949505405443,1799.9939406485655,0.0,0.0,0.0,0.0,0.0,0.35,667.83231428256,-0.0,667.83231428256,26760.0,0.0
19.05,stop_hold,0.0,0.55,0.0,0.0,0.0,0.0,0.0,0.0,-0.0,5259.835893242397,5102.040816426713,44000.0,0.0,43999.99999999991,43999.99999999991,-8.731149137020111e-11,24999.91584234241,1,0,1499.9949505405446,1799.9939406485726,0.0,0.0,0.0,0.0,0.0,0.35,667.83231428256,-0.0,667.83231428256,26760.0,0.0
19.1,stop_hold,0.0,0.55,0.0,0.0,0.0,0.0,0.0,0.0,-0.0,5259.835893232601,5102.040816419188,44000.0,0.0,43999.99999999991,43999.99999999991,-8.731149137020111e-11,24999.91584234241,1,0,1499.9949505405446,1799.993940648579,0.0,0.0,0.0,0.0,0.0,0.35,667.83231428256,-0.0,667.83231428256,26760.0,0.0
19.15,stop_hold,0.0,0.55,0.0,0.0,0.0,0.0,0.0,0.0,-0.0,5259.835893223416,5102.040816411664,44000.0,0.0,43999.99999999991,43999.99999999991,-8.731149137020111e-11,24999.91584234241,1,0,1499.9949505405446,1799.993940648585,0.0,0.0,0.0,0.0,0.0,0.35,667.83231428256,-0.0,667.83231428256,26760.0,0.0
19.2,stop_hold,0.0,0.55,0.0,0.0,0.0,0.0,0.0,0.0,-0.0,5259.835893215657,5102.040816404735,44000.0,0.0,43999.99999999991,43999.99999999991,-8.731149137020111e-11,24999.91584234241,1,0,1499.9949505405446,1799.9939406485908,0.0,0.0,0.0,0.0,0.0,0.35,667.83231428256,-0.0,667.83231428256,26760.0,0.0
19.25,stop_hold,0.0,0.55,0.0,0.0,0.0,0.0,0.0,0.0,-0.0,5259.835893207901,5102.040816398597,44000.0,0.0,43999.99999999991,43999.99999999991,-8.731149137020111e-11,24999.91584234241,1,0,1499.9949505405446,1799.9939406485955,0.0,0.0,0.0,0.0,0.0,0.35,667.83231428256,-0.0,667.83231428256,26760.0,0.0
19.3,stop_hold,0.0,0.55,0.0,0.0,0.0,0.0,0.0,0.0,-0.0,5259.835893200758,5102.040816392658,44000.0,0.0,43999.99999999991,43999.99999999991,-8.731149137020111e-11,24999.91584234241,1,0,1499.9949505405446,1799.9939406486003,0.0,0.0,0.0,0.0,0.0,0.35,667.83231428256,-0.0,667.83231428256,26760.0,0.0
19.35,stop_hold,0.0,0.55,0.0,0.0,0.0,0.0,0.0,0.0,-0.0,5259.835893194429,5102.040816387511,44000.0,0.0,43999.99999999991,43999.99999999991,-8.731149137020111e-11,24999.91584234241,1,0,1499.9949505405446,1799.9939406486046,0.0,0.0,0.0,0.0,0.0,0.35,667.83231428256,-0.0,667.83231428256,26760.0,0.0
19.4,stop_hold,0.0,0.55,0.0,0.0,0.0,0.0,0.0,0.0,-0.0,5259.835893188307,5102.0408163825605,44000.0,0.0,43999.99999999991,43999.99999999991,-8.731149137020111e-11,24999.91584234241,1,0,1499.9949505405446,1799.9939406486085,0.0,0.0,0.0,0.0,0.0,0.35,667.83231428256,-0.0,667.83231428256,26760.0,0.0
19.45,stop_hold,0.0,0.55,0.0,0.0,0.0,0.0,0.0,0.0,-0.0,5259.835893183001,5102.040816378008,44000.0,0.0,43999.99999999991,43999.99999999991,-8.731149137020111e-11,24999.91584234241,1,0,1499.9949505405446,1799.9939406486121,0.0,0.0,0.0,0.0,0.0,0.35,667.83231428256,-0.0,667.83231428256,26760.0,0.0
19.5,stop_hold,0.0,0.55,0.0,0.0,0.0,0.0,0.0,0.0,-0.0,5259.835893177898,5102.040816374048,44000.0,0.0,43999.99999999991,43999.99999999991,-8.731149137020111e-11,24999.91584234241,1,0,1499.9949505405446,1799.9939406486153,0.0,0.0,0.0,0.0,0.0,0.35,667.83231428256,-0.0,667.83231428256,26760.0,0.0
19.55,stop_hold,0.0,0.55,0.0,0.0,0.0,0.0,0.0,0.0,-0.0,5259.835893173204,5102.040816370087,44000.0,0.0,43999.99999999991,43999.99999999991,-8.731149137020111e-11,24999.91584234241,1,0,1499.9949505405446,1799.9939406486185,0.0,0.0,0.0,0.0,0.0,0.35,667.83231428256,-0.0,667.83231428256,26760.0,0.0
19.6,stop_hold,0.0,0.55,0.0,0.0,0.0,0.0,0.0,0.0,-0.0,5259.835893169121,5102.040816366523,44000.0,0.0,43999.99999999991,43999.99999999991,-8.731149137020111e-11,24999.91584234241,1,0,1499.9949505405446,1799.9939406486212,0.0,0.0,0.0,0.0,0.0,0.35,667.83231428256,-0.0,667.83231428256,26760.0,0.0
19.65,stop_hold,0.0,0.55,0.0,0.0,0.0,0.0,0.0,0.0,-0.0,5259.835893165038,5102.040816363554,44000.0,0.0,43999.99999999991,43999.99999999991,-8.731149137020111e-11,24999.91584234241,1,0,1499.9949505405446,1799.9939406486237,0.0,0.0,0.0,0.0,0.0,0.35,667.83231428256,-0.0,667.83231428256,26760.0,0.0
19.7,stop_hold,0.0,0.55,0.0,0.0,0.0,0.0,0.0,0.0,-0.0,5259.835893161364,5102.040816360583,44000.0,0.0,43999.99999999991,43999.99999999991,-8.731149137020111e-11,24999.91584234241,1,0,1499.9949505405446,1799.9939406486262,0.0,0.0,0.0,0.0,0.0,0.35,667.83231428256,-0.0,667.83231428256,26760.0,0.0
19.75,stop_hold,0.0,0.55,0.0,0.0,0.0,0.0,0.0,0.0,-0.0,5259.8358931583025,5102.040816357614,44000.0,0.0,43999.99999999991,43999.99999999991,-8.731149137020111e-11,24999.91584234241,1,0,1499.9949505405446,1799.9939406486285,0.0,0.0,0.0,0.0,0.0,0.35,667.83231428256,-0.0,667.83231428256,26760.0,0.0
19.8,stop_hold,0.0,0.55,0.0,0.0,0.0,0.0,0.0,0.0,-0.0,5259.83589315524,5102.040816355041,44000.0,0.0,43999.99999999991,43999.99999999991,-8.731149137020111e-11,24999.91584234241,1,0,1499.9949505405446,1799.9939406486305,0.0,0.0,0.0,0.0,0.0,0.35,667.83231428256,-0.0,667.83231428256,26760.0,0.0
19.85,stop_hold,0.0,0.55,0.0,0.0,0.0,0.0,0.0,0.0,-0.0,5259.83589315218,5102.040816353061,44000.0,0.0,43999.99999999991,43999.99999999991,-8.731149137020111e-11,24999.91584234241,1,0,1499.9949505405446,1799.9939406486321,0.0,0.0,0.0,0.0,0.0,0.35,667.83231428256,-0.0,667.83231428256,26760.0,0.0
19.9,stop_hold,0.0,0.55,0.0,0.0,0.0,0.0,0.0,0.0,-0.0,5259.835893149526,5102.04081635108,44000.0,0.0,43999.99999999991,43999.99999999991,-8.731149137020111e-11,24999.91584234241,1,0,1499.9949505405446,1799.9939406486337,0.0,0.0,0.0,0.0,0.0,0.35,667.83231428256,-0.0,667.83231428256,26760.0,0.0
19.95,stop_hold,0.0,0.55,0.0,0.0,0.0,0.0,0.0,0.0,-0.0,5259.835893147486,5102.040816349101,44000.0,0.0,43999.99999999991,43999.99999999991,-8.731149137020111e-11,24999.91584234241,1,0,1499.9949505405446,1799.9939406486353,0.0,0.0,0.0,0.0,0.0,0.35,667.83231428256,-0.0,667.83231428256,26760.0,0.0
20.0,stop_hold,0.0,0.55,0.0,0.0,0.0,0.0,0.0,0.0,-0.0,5259.835893145443,5102.040816347121,44000.0,0.0,43999.99999999991,43999.99999999991,-8.731149137020111e-11,24999.91584234241,1,0,1499.9949505405446,1799.993940648637,0.0,0.0,0.0,0.0,0.0,0.35,667.83231428256,-0.0,667.83231428256,26760.0,0.0
20.05,stop_hold,0.0,0.55,0.0,0.0,0.0,0.0,0.0,0.0,-0.0,5259.835893143403,5102.040816345141,44000.0,0.0,43999.99999999991,43999.99999999991,-8.731149137020111e-11,24999.91584234241,1,0,1499.9949505405446,1799.9939406486385,0.0,0.0,0.0,0.0,0.0,0.35,667.83231428256,-0.0,667.83231428256,26760.0,0.0
20.1,stop_hold,0.0,0.55,0.0,0.0,0.0,0.0,0.0,0.0,-0.0,5259.835893141362,5102.040816343755,44000.0,0.0,43999.99999999991,43999.99999999991,-8.731149137020111e-11,24999.91584234241,1,0,1499.9949505405446,1799.9939406486396,0.0,0.0,0.0,0.0,0.0,0.35,667.83231428256,-0.0,667.83231428256,26760.0,0.0
20.15,stop_hold,0.0,0.55,0.0,0.0,0.0,0.0,0.0,0.0,-0.0,5259.83589313932,5102.0408163427655,44000.0,0.0,43999.99999999991,43999.99999999991,-8.731149137020111e-11,24999.91584234241,1,0,1499.9949505405446,1799.9939406486403,0.0,0.0,0.0,0.0,0.0,0.35,667.83231428256,-0.0,667.83231428256,26760.0,0.0
20.2,stop_hold,0.0,0.55,0.0,0.0,0.0,0.0,0.0,0.0,-0.0,5259.835893137892,5102.040816341776,44000.0,0.0,43999.99999999991,43999.99999999991,-8.731149137020111e-11,24999.91584234241,1,0,1499.9949505405446,1799.9939406486412,0.0,0.0,0.0,0.0,0.0,0.35,667.83231428256,-0.0,667.83231428256,26760.0,0.0
20.25,stop_hold,0.0,0.55,0.0,0.0,0.0,0.0,0.0,0.0,-0.0,5259.835893136872,5102.040816340786,44000.0,0.0,43999.99999999991,43999.99999999991,-8.731149137020111e-11,24999.91584234241,1,0,1499.9949505405446,1799.9939406486421,0.0,0.0,0.0,0.0,0.0,0.35,667.83231428256,-0.0,667.83231428256,26760.0,0.0
20.3,stop_hold,0.0,0.55,0.0,0.0,0.0,0.0,0.0,0.0,-0.0,5259.835893135852,5102.040816339795,44000.0,0.0,43999.99999999991,43999.99999999991,-8.731149137020111e-11,24999.91584234241,1,0,1499.9949505405446,1799.9939406486428,0.0,0.0,0.0,0.0,0.0,0.35,667.83231428256,-0.0,667.83231428256,26760.0,0.0
20.35,stop_hold,0.0,0.55,0.0,0.0,0.0,0.0,0.0,0.0,-0.0,5259.83589313483,5102.0408163388065,44000.0,0.0,43999.99999999991,43999.99999999991,-8.731149137020111e-11,24999.91584234241,1,0,1499.9949505405446,1799.9939406486435,0.0,0.0,0.0,0.0,0.0,0.35,667.83231428256,-0.0,667.83231428256,26760.0,0.0
20.4,stop_hold,0.0,0.55,0.0,0.0,0.0,0.0,0.0,0.0,-0.0,5259.835893133809,5102.040816337816,44000.0,0.0,43999.99999999991,43999.99999999991,-8.731149137020111e-11,24999.91584234241,1,0,1499.9949505405446,1799.9939406486444,0.0,0.0,0.0,0.0,0.0,0.35,667.83231428256,-0.0,667.83231428256,26760.0,0.0
20.45,stop_hold,0.0,0.55,0.0,0.0,0.0,0.0,0.0,0.0,-0.0,5259.835893132789,5102.040816336826,44000.0,0.0,43999.99999999991,43999.99999999991,-8.731149137020111e-11,24999.91584234241,1,0,1499.9949505405446,1799.9939406486453,0.0,0.0,0.0,0.0,0.0,0.35,667.83231428256,-0.0,667.83231428256,26760.0,0.0
20.5,stop_hold,0.0,0.55,0.0,0.0,0.0,0.0,0.0,0.0,-0.0,5259.835893131769,5102.040816335836,44000.0,0.0,43999.99999999991,43999.99999999991,-8.731149137020111e-11,24999.91584234241,1,0,1499.9949505405446,1799.993940648646,0.0,0.0,0.0,0.0,0.0,0.35,667.83231428256,-0.0,667.83231428256,26760.0,0.0
20.55,stop_hold,0.0,0.55,0.0,0.0,0.0,0.0,0.0,0.0,-0.0,5259.8358931307475,5102.040816334846,44000.0,0.0,43999.99999999991,43999.99999999991,-8.731149137020111e-11,24999.91584234241,1,0,1499.9949505405446,1799.993940648647,0.0,0.0,0.0,0.0,0.0,0.35,667.83231428256,-0.0,667.83231428256,26760.0,0.0
20.6,stop_hold,0.0,0.55,0.0,0.0,0.0,0.0,0.0,0.0,-0.0,5259.835893129728,5102.040816333856,44000.0,0.0,43999.99999999991,43999.99999999991,-8.731149137020111e-11,24999.91584234241,1,0,1499.9949505405446,1799.9939406486476,0.0,0.0,0.0,0.0,0.0,0.35,667.83231428256,-0.0,667.83231428256,26760.0,0.0
20.65,stop_hold,0.0,0.55,0.0,0.0,0.0,0.0,0.0,0.0,-0.0,5259.835893128707,5102.040816332867,44000.0,0.0,43999.99999999991,43999.99999999991,-8.731149137020111e-11,24999.91584234241,1,0,1499.9949505405446,1799.9939406486485,0.0,0.0,0.0,0.0,0.0,0.35,667.83231428256,-0.0,667.83231428256,26760.0,0.0
20.7,stop_hold,0.0,0.55,0.0,0.0,0.0,0.0,0.0,0.0,-0.0,5259.835893127687,5102.040816332273,44000.0,0.0,43999.99999999991,43999.99999999991,-8.731149137020111e-11,24999.91584234241,1,0,1499.9949505405446,1799.9939406486487,0.0,0.0,0.0,0.0,0.0,0.35,667.83231428256,-0.0,667.83231428256,26760.0,0.0
20.75,stop_hold,0.0,0.55,0.0,0.0,0.0,0.0,0.0,0.0,-0.0,5259.835893126667,5102.040816332273,44000.0,0.0,43999.99999999991,43999.99999999991,-8.731149137020111e-11,24999.91584234241,1,0,1499.9949505405446,1799.9939406486487,0.0,0.0,0.0,0.0,0.0,0.35,667.83231428256,-0.0,667.83231428256,26760.0,0.0
20.8,stop_hold,0.0,0.55,0.0,0.0,0.0,0.0,0.0,0.0,-0.0,5259.8358931260545,5102.040816332273,44000.0,0.0,43999.99999999991,43999.99999999991,-8.731149137020111e-11,24999.91584234241,1,0,1499.9949505405446,1799.9939406486487,0.0,0.0,0.0,0.0,0.0,0.35,667.83231428256,-0.0,667.83231428256,26760.0,0.0
20.85,stop_hold,0.0,0.55,0.0,0.0,0.0,0.0,0.0,0.0,-0.0,5259.8358931260545,5102.040816332273,44000.0,0.0,43999.99999999991,43999.99999999991,-8.731149137020111e-11,24999.91584234241,1,0,1499.9949505405446,1799.9939406486487,0.0,0.0,0.0,0.0,0.0,0.35,667.83231428256,-0.0,667.83231428256,26760.0,0.0
20.9,stop_hold,0.0,0.55,0.0,0.0,0.0,0.0,0.0,0.0,-0.0,5259.8358931260545,5102.040816332273,44000.0,0.0,43999.99999999991,43999.99999999991,-8.731149137020111e-11,24999.91584234241,1,0,1499.9949505405446,1799.9939406486487,0.0,0.0,0.0,0.0,0.0,0.35,667.83231428256,-0.0,667.83231428256,26760.0,0.0
20.95,stop_hold,0.0,0.55,0.0,0.0,0.0,0.0,0.0,0.0,-0.0,5259.8358931260545,5102.040816332273,44000.0,0.0,43999.99999999991,43999.99999999991,-8.731149137020111e-11,24999.91584234241,1,0,1499.9949505405446,1799.9939406486487,0.0,0.0,0.0,0.0,0.0,0.35,667.83231428256,-0.0,667.83231428256,26760.0,0.0
21.0,stop_hold,0.0,0.55,0.0,0.0,0.0,0.0,0.0,0.0,-0.0,5259.8358931260545,5102.040816332273,44000.0,0.0,43999.99999999991,43999.99999999991,-8.731149137020111e-11,24999.91584234241,1,0,1499.9949505405446,1799.9939406486487,0.0,0.0,0.0,0.0,0.0,0.35,667.83231428256,-0.0,667.83231428256,26760.0,0.0
21.05,stop_hold,0.0,0.55,0.0,0.0,0.0,0.0,0.0,0.0,-0.0,5259.8358931260545,5102.040816332273,44000.0,0.0,43999.99999999991,43999.99999999991,-8.731149137020111e-11,24999.91584234241,1,0,1499.9949505405446,1799.9939406486487,0.0,0.0,0.0,0.0,0.0,0.35,667.83231428256,-0.0,667.83231428256,26760.0,0.0
21.1,stop_hold,0.0,0.55,0.0,0.0,0.0,0.0,0.0,0.0,-0.0,5259.8358931260545,5102.040816332273,44000.0,0.0,43999.99999999991,43999.99999999991,-8.731149137020111e-11,24999.91584234241,1,0,1499.9949505405446,1799.9939406486487,0.0,0.0,0.0,0.0,0.0,0.35,667.83231428256,-0.0,667.83231428256,26760.0,0.0
21.15,stop_hold,0.0,0.55,0.0,0.0,0.0,0.0,0.0,0.0,-0.0,5259.8358931260545,5102.040816332273,44000.0,0.0,43999.99999999991,43999.99999999991,-8.731149137020111e-11,24999.91584234241,1,0,1499.9949505405446,1799.9939406486487,0.0,0.0,0.0,0.0,0.0,0.35,667.83231428256,-0.0,667.83231428256,26760.0,0.0
21.2,stop_hold,0.0,0.55,0.0,0.0,0.0,0.0,0.0,0.0,-0.0,5259.8358931260545,5102.040816332273,44000.0,0.0,43999.99999999991,43999.99999999991,-8.731149137020111e-11,24999.91584234241,1,0,1499.9949505405446,1799.9939406486487,0.0,0.0,0.0,0.0,0.0,0.35,667.83231428256,-0.0,667.83231428256,26760.0,0.0
21.25,stop_hold,0.0,0.55,0.0,0.0,0.0,0.0,0.0,0.0,-0.0,5259.8358931260545,5102.040816332273,44000.0,0.0,43999.99999999991,43999.99999999991,-8.731149137020111e-11,24999.91584234241,1,0,1499.9949505405446,1799.9939406486487,0.0,0.0,0.0,0.0,0.0,0.35,667.83231428256,-0.0,667.83231428256,26760.0,0.0
21.3,stop_hold,0.0,0.55,0.0,0.0,0.0,0.0,0.0,0.0,-0.0,5259.8358931260545,5102.040816332273,44000.0,0.0,43999.99999999991,43999.99999999991,-8.731149137020111e-11,24999.91584234241,1,0,1499.9949505405446,1799.9939406486487,0.0,0.0,0.0,0.0,0.0,0.35,667.83231428256,-0.0,667.83231428256,26760.0,0.0
21.35,stop_hold,0.0,0.55,0.0,0.0,0.0,0.0,0.0,0.0,-0.0,5259.8358931260545,5102.040816332273,44000.0,0.0,43999.99999999991,43999.99999999991,-8.731149137020111e-11,24999.91584234241,1,0,1499.9949505405446,1799.9939406486487,0.0,0.0,0.0,0.0,0.0,0.35,667.83231428256,-0.0,667.83231428256,26760.0,0.0
21.4,stop_hold,0.0,0.55,0.0,0.0,0.0,0.0,0.0,0.0,-0.0,5259.8358931260545,5102.040816332273,44000.0,0.0,43999.99999999991,43999.99999999991,-8.731149137020111e-11,24999.91584234241,1,0,1499.9949505405446,1799.9939406486487,0.0,0.0,0.0,0.0,0.0,0.35,667.83231428256,-0.0,667.83231428256,26760.0,0.0
21.45,stop_hold,0.0,0.55,0.0,0.0,0.0,0.0,0.0,0.0,-0.0,5259.8358931260545,5102.040816332273,44000.0,0.0,43999.99999999991,43999.99999999991,-8.731149137020111e-11,24999.91584234241,1,0,1499.9949505405446,1799.9939406486487,0.0,0.0,0.0,0.0,0.0,0.35,667.83231428256,-0.0,667.83231428256,26760.0,0.0
21.5,stop_hold,0.0,0.55,0.0,0.0,0.0,0.0,0.0,0.0,-0.0,5259.8358931260545,5102.040816332273,44000.0,0.0,43999.99999999991,43999.99999999991,-8.731149137020111e-11,24999.91584234241,1,0,1499.9949505405446,1799.9939406486487,0.0,0.0,0.0,0.0,0.0,0.35,667.83231428256,-0.0,667.83231428256,26760.0,0.0
21.55,stop_hold,0.0,0.55,0.0,0.0,0.0,0.0,0.0,0.0,-0.0,5259.8358931260545,5102.040816332273,44000.0,0.0,43999.99999999991,43999.99999999991,-8.731149137020111e-11,24999.91584234241,1,0,1499.9949505405446,1799.9939406486487,0.0,0.0,0.0,0.0,0.0,0.35,667.83231428256,-0.0,667.83231428256,26760.0,0.0
21.6,stop_hold,0.0,0.55,0.0,0.0,0.0,0.0,0.0,0.0,-0.0,5259.8358931260545,5102.040816332273,44000.0,0.0,43999.99999999991,43999.99999999991,-8.731149137020111e-11,24999.91584234241,1,0,1499.9949505405446,1799.9939406486487,0.0,0.0,0.0,0.0,0.0,0.35,667.83231428256,-0.0,667.83231428256,26760.0,0.0
21.65,stop_hold,0.0,0.55,0.0,0.0,0.0,0.0,0.0,0.0,-0.0,5259.8358931260545,5102.040816332273,44000.0,0.0,43999.99999999991,43999.99999999991,-8.731149137020111e-11,24999.91584234241,1,0,1499.9949505405446,1799.9939406486487,0.0,0.0,0.0,0.0,0.0,0.35,667.83231428256,-0.0,667.83231428256,26760.0,0.0
21.7,stop_hold,0.0,0.55,0.0,0.0,0.0,0.0,0.0,0.0,-0.0,5259.8358931260545,5102.040816332273,44000.0,0.0,43999.99999999991,43999.99999999991,-8.731149137020111e-11,24999.91584234241,1,0,1499.9949505405446,1799.9939406486487,0.0,0.0,0.0,0.0,0.0,0.35,667.83231428256,-0.0,667.83231428256,26760.0,0.0
21.75,stop_hold,0.0,0.55,0.0,0.0,0.0,0.0,0.0,0.0,-0.0,5259.8358931260545,5102.040816332273,44000.0,0.0,43999.99999999991,43999.99999999991,-8.731149137020111e-11,24999.91584234241,1,0,1499.9949505405446,1799.9939406486487,0.0,0.0,0.0,0.0,0.0,0.35,667.83231428256,-0.0,667.83231428256,26760.0,0.0
21.8,stop_hold,0.0,0.55,0.0,0.0,0.0,0.0,0.0,0.0,-0.0,5259.8358931260545,5102.040816332273,44000.0,0.0,43999.99999999991,43999.99999999991,-8.731149137020111e-11,24999.91584234241,1,0,1499.9949505405446,1799.9939406486487,0.0,0.0,0.0,0.0,0.0,0.35,667.83231428256,-0.0,667.83231428256,26760.0,0.0
21.85,stop_hold,0.0,0.55,0.0,0.0,0.0,0.0,0.0,0.0,-0.0,5259.8358931260545,5102.040816332273,44000.0,0.0,43999.99999999991,43999.99999999991,-8.731149137020111e-11,24999.91584234241,1,0,1499.9949505405446,1799.9939406486487,0.0,0.0,0.0,0.0,0.0,0.35,667.83231428256,-0.0,667.83231428256,26760.0,0.0
21.9,stop_hold,0.0,0.55,0.0,0.0,0.0,0.0,0.0,0.0,-0.0,5259.8358931260545,5102.040816332273,44000.0,0.0,43999.99999999991,43999.99999999991,-8.731149137020111e-11,24999.91584234241,1,0,1499.9949505405446,1799.9939406486487,0.0,0.0,0.0,0.0,0.0,0.35,667.83231428256,-0.0,667.83231428256,26760.0,0.0
21.95,stop_hold,0.0,0.55,0.0,0.0,0.0,0.0,0.0,0.0,-0.0,5259.8358931260545,5102.040816332273,44000.0,0.0,43999.99999999991,43999.99999999991,-8.731149137020111e-11,24999.91584234241,1,0,1499.9949505405446,1799.9939406486487,0.0,0.0,0.0,0.0,0.0,0.35,667.83231428256,-0.0,667.83231428256,26760.0,0.0
22.0,stop_hold,0.0,0.55,0.0,0.0,0.0,0.0,0.0,0.0,-0.0,5259.8358931260545,5102.040816332273,44000.0,0.0,43999.99999999991,43999.99999999991,-8.731149137020111e-11,24999.91584234241,1,0,1499.9949505405446,1799.9939406486487,0.0,0.0,0.0,0.0,0.0,0.35,667.83231428256,-0.0,667.83231428256,26760.0,0.0
22.05,stop_hold,0.0,0.55,0.0,0.0,0.0,0.0,0.0,0.0,-0.0,5259.8358931260545,5102.040816332273,44000.0,0.0,43999.99999999991,43999.99999999991,-8.731149137020111e-11,24999.91584234241,1,0,1499.9949505405446,1799.9939406486487,0.0,0.0,0.0,0.0,0.0,0.35,667.83231428256,-0.0,667.83231428256,26760.0,0.0
22.1,stop_hold,0.0,0.55,0.0,0.0,0.0,0.0,0.0,0.0,-0.0,5259.8358931260545,5102.040816332273,44000.0,0.0,43999.99999999991,43999.99999999991,-8.731149137020111e-11,24999.91584234241,1,0,1499.9949505405446,1799.9939406486487,0.0,0.0,0.0,0.0,0.0,0.35,667.83231428256,-0.0,667.83231428256,26760.0,0.0
22.15,stop_hold,0.0,0.55,0.0,0.0,0.0,0.0,0.0,0.0,-0.0,5259.8358931260545,5102.040816332273,44000.0,0.0,43999.99999999991,43999.99999999991,-8.731149137020111e-11,24999.91584234241,1,0,1499.9949505405446,1799.9939406486487,0.0,0.0,0.0,0.0,0.0,0.35,667.83231428256,-0.0,667.83231428256,26760.0,0.0
22.2,stop_hold,0.0,0.55,0.0,0.0,0.0,0.0,0.0,0.0,-0.0,5259.8358931260545,5102.040816332273,44000.0,0.0,43999.99999999991,43999.99999999991,-8.731149137020111e-11,24999.91584234241,1,0,1499.9949505405446,1799.9939406486487,0.0,0.0,0.0,0.0,0.0,0.35,667.83231428256,-0.0,667.83231428256,26760.0,0.0
22.25,stop_hold,0.0,0.55,0.0,0.0,0.0,0.0,0.0,0.0,-0.0,5259.8358931260545,5102.040816332273,44000.0,0.0,43999.99999999991,43999.99999999991,-8.731149137020111e-11,24999.91584234241,1,0,1499.9949505405446,1799.9939406486487,0.0,0.0,0.0,0.0,0.0,0.35,667.83231428256,-0.0,667.83231428256,26760.0,0.0
22.3,stop_hold,0.0,0.55,0.0,0.0,0.0,0.0,0.0,0.0,-0.0,5259.8358931260545,5102.040816332273,44000.0,0.0,43999.99999999991,43999.99999999991,-8.731149137020111e-11,24999.91584234241,1,0,1499.9949505405446,1799.9939406486487,0.0,0.0,0.0,0.0,0.0,0.35,667.83231428256,-0.0,667.83231428256,26760.0,0.0
22.35,stop_hold,0.0,0.55,0.0,0.0,0.0,0.0,0.0,0.0,-0.0,5259.8358931260545,5102.040816332273,44000.0,0.0,43999.99999999991,43999.99999999991,-8.731149137020111e-11,24999.91584234241,1,0,1499.9949505405446,1799.9939406486487,0.0,0.0,0.0,0.0,0.0,0.35,667.83231428256,-0.0,667.83231428256,26760.0,0.0
22.4,stop_hold,0.0,0.55,0.0,0.0,0.0,0.0,0.0,0.0,-0.0,5259.8358931260545,5102.040816332273,44000.0,0.0,43999.99999999991,43999.99999999991,-8.731149137020111e-11,24999.91584234241,1,0,1499.9949505405446,1799.9939406486487,0.0,0.0,0.0,0.0,0.0,0.35,667.83231428256,-0.0,667.83231428256,26760.0,0.0
22.45,stop_hold,0.0,0.55,0.0,0.0,0.0,0.0,0.0,0.0,-0.0,5259.8358931260545,5102.040816332273,44000.0,0.0,43999.99999999991,43999.99999999991,-8.731149137020111e-11,24999.91584234241,1,0,1499.9949505405446,1799.9939406486487,0.0,0.0,0.0,0.0,0.0,0.35,667.83231428256,-0.0,667.83231428256,26760.0,0.0
22.5,stop_hold,0.0,0.55,0.0,0.0,0.0,0.0,0.0,0.0,-0.0,5259.8358931260545,5102.040816332273,44000.0,0.0,43999.99999999991,43999.99999999991,-8.731149137020111e-11,24999.91584234241,1,0,1499.9949505405446,1799.9939406486487,0.0,0.0,0.0,0.0,0.0,0.35,667.83231428256,-0.0,667.83231428256,26760.0,0.0
22.55,stop_hold,0.0,0.55,0.0,0.0,0.0,0.0,0.0,0.0,-0.0,5259.8358931260545,5102.040816332273,44000.0,0.0,43999.99999999991,43999.99999999991,-8.731149137020111e-11,24999.91584234241,1,0,1499.9949505405446,1799.9939406486487,0.0,0.0,0.0,0.0,0.0,0.35,667.83231428256,-0.0,667.83231428256,26760.0,0.0
22.6,stop_hold,0.0,0.55,0.0,0.0,0.0,0.0,0.0,0.0,-0.0,5259.8358931260545,5102.040816332273,44000.0,0.0,43999.99999999991,43999.99999999991,-8.731149137020111e-11,24999.91584234241,1,0,1499.9949505405446,1799.9939406486487,0.0,0.0,0.0,0.0,0.0,0.35,667.83231428256,-0.0,667.83231428256,26760.0,0.0
22.65,stop_hold,0.0,0.55,0.0,0.0,0.0,0.0,0.0,0.0,-0.0,5259.8358931260545,5102.040816332273,44000.0,0.0,43999.99999999991,43999.99999999991,-8.731149137020111e-11,24999.91584234241,1,0,1499.9949505405446,1799.9939406486487,0.0,0.0,0.0,0.0,0.0,0.35,667.83231428256,-0.0,667.83231428256,26760.0,0.0
22.7,stop_hold,0.0,0.55,0.0,0.0,0.0,0.0,0.0,0.0,-0.0,5259.8358931260545,5102.040816332273,44000.0,0.0,43999.99999999991,43999.99999999991,-8.731149137020111e-11,24999.91584234241,1,0,1499.9949505405446,1799.9939406486487,0.0,0.0,0.0,0.0,0.0,0.35,667.83231428256,-0.0,667.83231428256,26760.0,0.0
22.75,stop_hold,0.0,0.55,0.0,0.0,0.0,0.0,0.0,0.0,-0.0,5259.8358931260545,5102.040816332273,44000.0,0.0,43999.99999999991,43999.99999999991,-8.731149137020111e-11,24999.91584234241,1,0,1499.9949505405446,1799.9939406486487,0.0,0.0,0.0,0.0,0.0,0.35,667.83231428256,-0.0,667.83231428256,26760.0,0.0
22.8,stop_hold,0.0,0.55,0.0,0.0,0.0,0.0,0.0,0.0,-0.0,5259.8358931260545,5102.040816332273,44000.0,0.0,43999.99999999991,43999.99999999991,-8.731149137020111e-11,24999.91584234241,1,0,1499.9949505405446,1799.9939406486487,0.0,0.0,0.0,0.0,0.0,0.35,667.83231428256,-0.0,667.83231428256,26760.0,0.0
22.85,stop_hold,0.0,0.55,0.0,0.0,0.0,0.0,0.0,0.0,-0.0,5259.8358931260545,5102.040816332273,44000.0,0.0,43999.99999999991,43999.99999999991,-8.731149137020111e-11,24999.91584234241,1,0,1499.9949505405446,1799.9939406486487,0.0,0.0,0.0,0.0,0.0,0.35,667.83231428256,-0.0,667.83231428256,26760.0,0.0
22.9,stop_hold,0.0,0.55,0.0,0.0,0.0,0.0,0.0,0.0,-0.0,5259.8358931260545,5102.040816332273,44000.0,0.0,43999.99999999991,43999.99999999991,-8.731149137020111e-11,24999.91584234241,1,0,1499.9949505405446,1799.9939406486487,0.0,0.0,0.0,0.0,0.0,0.35,667.83231428256,-0.0,667.83231428256,26760.0,0.0
22.95,stop_hold,0.0,0.55,0.0,0.0,0.0,0.0,0.0,0.0,-0.0,5259.8358931260545,5102.040816332273,44000.0,0.0,43999.99999999991,43999.99999999991,-8.731149137020111e-11,24999.91584234241,1,0,1499.9949505405446,1799.9939406486487,0.0,0.0,0.0,0.0,0.0,0.35,667.83231428256,-0.0,667.83231428256,26760.0,0.0
23.0,stop_hold,0.0,0.55,0.0,0.0,0.0,0.0,0.0,0.0,-0.0,5259.8358931260545,5102.040816332273,44000.0,0.0,43999.99999999991,43999.99999999991,-8.731149137020111e-11,24999.91584234241,1,0,1499.9949505405446,1799.9939406486487,0.0,0.0,0.0,0.0,0.0,0.35,667.83231428256,-0.0,667.83231428256,26760.0,0.0
23.05,stop_hold,0.0,0.55,0.0,0.0,0.0,0.0,0.0,0.0,-0.0,5259.8358931260545,5102.040816332273,44000.0,0.0,43999.99999999991,43999.99999999991,-8.731149137020111e-11,24999.91584234241,1,0,1499.9949505405446,1799.9939406486487,0.0,0.0,0.0,0.0,0.0,0.35,667.83231428256,-0.0,667.83231428256,26760.0,0.0
23.1,stop_hold,0.0,0.55,0.0,0.0,0.0,0.0,0.0,0.0,-0.0,5259.8358931260545,5102.040816332273,44000.0,0.0,43999.99999999991,43999.99999999991,-8.731149137020111e-11,24999.91584234241,1,0,1499.9949505405446,1799.9939406486487,0.0,0.0,0.0,0.0,0.0,0.35,667.83231428256,-0.0,667.83231428256,26760.0,0.0
23.15,stop_hold,0.0,0.55,0.0,0.0,0.0,0.0,0.0,0.0,-0.0,5259.8358931260545,5102.040816332273,44000.0,0.0,43999.99999999991,43999.99999999991,-8.731149137020111e-11,24999.91584234241,1,0,1499.9949505405446,1799.9939406486487,0.0,0.0,0.0,0.0,0.0,0.35,667.83231428256,-0.0,667.83231428256,26760.0,0.0
23.2,stop_hold,0.0,0.55,0.0,0.0,0.0,0.0,0.0,0.0,-0.0,5259.8358931260545,5102.040816332273,44000.0,0.0,43999.99999999991,43999.99999999991,-8.731149137020111e-11,24999.91584234241,1,0,1499.9949505405446,1799.9939406486487,0.0,0.0,0.0,0.0,0.0,0.35,667.83231428256,-0.0,667.83231428256,26760.0,0.0
23.25,stop_hold,0.0,0.55,0.0,0.0,0.0,0.0,0.0,0.0,-0.0,5259.8358931260545,5102.040816332273,44000.0,0.0,43999.99999999991,43999.99999999991,-8.731149137020111e-11,24999.91584234241,1,0,1499.9949505405446,1799.9939406486487,0.0,0.0,0.0,0.0,0.0,0.35,667.83231428256,-0.0,667.83231428256,26760.0,0.0
23.3,stop_hold,0.0,0.55,0.0,0.0,0.0,0.0,0.0,0.0,-0.0,5259.8358931260545,5102.040816332273,44000.0,0.0,43999.99999999991,43999.99999999991,-8.731149137020111e-11,24999.91584234241,1,0,1499.9949505405446,1799.9939406486487,0.0,0.0,0.0,0.0,0.0,0.35,667.83231428256,-0.0,667.83231428256,26760.0,0.0
23.35,stop_hold,0.0,0.55,0.0,0.0,0.0,0.0,0.0,0.0,-0.0,5259.8358931260545,5102.040816332273,44000.0,0.0,43999.99999999991,43999.99999999991,-8.731149137020111e-11,24999.91584234241,1,0,1499.9949505405446,1799.9939406486487,0.0,0.0,0.0,0.0,0.0,0.35,667.83231428256,-0.0,667.83231428256,26760.0,0.0
23.4,stop_hold,0.0,0.55,0.0,0.0,0.0,0.0,0.0,0.0,-0.0,5259.8358931260545,5102.040816332273,44000.0,0.0,43999.99999999991,43999.99999999991,-8.731149137020111e-11,24999.91584234241,1,0,1499.9949505405446,1799.9939406486487,0.0,0.0,0.0,0.0,0.0,0.35,667.83231428256,-0.0,667.83231428256,26760.0,0.0
23.45,stop_hold,0.0,0.55,0.0,0.0,0.0,0.0,0.0,0.0,-0.0,5259.8358931260545,5102.040816332273,44000.0,0.0,43999.99999999991,43999.99999999991,-8.731149137020111e-11,24999.91584234241,1,0,1499.9949505405446,1799.9939406486487,0.0,0.0,0.0,0.0,0.0,0.35,667.83231428256,-0.0,667.83231428256,26760.0,0.0
23.5,stop_hold,0.0,0.55,0.0,0.0,0.0,0.0,0.0,0.0,-0.0,5259.8358931260545,5102.040816332273,44000.0,0.0,43999.99999999991,43999.99999999991,-8.731149137020111e-11,24999.91584234241,1,0,1499.9949505405446,1799.9939406486487,0.0,0.0,0.0,0.0,0.0,0.35,667.83231428256,-0.0,667.83231428256,26760.0,0.0
23.55,stop_hold,0.0,0.55,0.0,0.0,0.0,0.0,0.0,0.0,-0.0,5259.8358931260545,5102.040816332273,44000.0,0.0,43999.99999999991,43999.99999999991,-8.731149137020111e-11,24999.91584234241,1,0,1499.9949505405446,1799.9939406486487,0.0,0.0,0.0,0.0,0.0,0.35,667.83231428256,-0.0,667.83231428256,26760.0,0.0
23.6,stop_hold,0.0,0.55,0.0,0.0,0.0,0.0,0.0,0.0,-0.0,5259.8358931260545,5102.040816332273,44000.0,0.0,43999.99999999991,43999.99999999991,-8.731149137020111e-11,24999.91584234241,1,0,1499.9949505405446,1799.9939406486487,0.0,0.0,0.0,0.0,0.0,0.35,667.83231428256,-0.0,667.83231428256,26760.0,0.0
23.65,stop_hold,0.0,0.55,0.0,0.0,0.0,0.0,0.0,0.0,-0.0,5259.8358931260545,5102.040816332273,44000.0,0.0,43999.99999999991,43999.99999999991,-8.731149137020111e-11,24999.91584234241,1,0,1499.9949505405446,1799.9939406486487,0.0,0.0,0.0,0.0,0.0,0.35,667.83231428256,-0.0,667.83231428256,26760.0,0.0
23.7,stop_hold,0.0,0.55,0.0,0.0,0.0,0.0,0.0,0.0,-0.0,5259.8358931260545,5102.040816332273,44000.0,0.0,43999.99999999991,43999.99999999991,-8.731149137020111e-11,24999.91584234241,1,0,1499.9949505405446,1799.9939406486487,0.0,0.0,0.0,0.0,0.0,0.35,667.83231428256,-0.0,667.83231428256,26760.0,0.0
23.75,stop_hold,0.0,0.55,0.0,0.0,0.0,0.0,0.0,0.0,-0.0,5259.8358931260545,5102.040816332273,44000.0,0.0,43999.99999999991,43999.99999999991,-8.731149137020111e-11,24999.91584234241,1,0,1499.9949505405446,1799.9939406486487,0.0,0.0,0.0,0.0,0.0,0.35,667.83231428256,-0.0,667.83231428256,26760.0,0.0
23.8,stop_hold,0.0,0.55,0.0,0.0,0.0,0.0,0.0,0.0,-0.0,5259.8358931260545,5102.040816332273,44000.0,0.0,43999.99999999991,43999.99999999991,-8.731149137020111e-11,24999.91584234241,1,0,1499.9949505405446,1799.9939406486487,0.0,0.0,0.0,0.0,0.0,0.35,667.83231428256,-0.0,667.83231428256,26760.0,0.0
23.85,stop_hold,0.0,0.55,0.0,0.0,0.0,0.0,0.0,0.0,-0.0,5259.8358931260545,5102.040816332273,44000.0,0.0,43999.99999999991,43999.99999999991,-8.731149137020111e-11,24999.91584234241,1,0,1499.9949505405446,1799.9939406486487,0.0,0.0,0.0,0.0,0.0,0.35,667.83231428256,-0.0,667.83231428256,26760.0,0.0
23.9,stop_hold,0.0,0.55,0.0,0.0,0.0,0.0,0.0,0.0,-0.0,5259.8358931260545,5102.040816332273,44000.0,0.0,43999.99999999991,43999.99999999991,-8.731149137020111e-11,24999.91584234241,1,0,1499.9949505405446,1799.9939406486487,0.0,0.0,0.0,0.0,0.0,0.35,667.83231428256,-0.0,667.83231428256,26760.0,0.0
23.95,stop_hold,0.0,0.55,0.0,0.0,0.0,0.0,0.0,0.0,-0.0,5259.8358931260545,5102.040816332273,44000.0,0.0,43999.99999999991,43999.99999999991,-8.731149137020111e-11,24999.91584234241,1,0,1499.9949505405446,1799.9939406486487,0.0,0.0,0.0,0.0,0.0,0.35,667.83231428256,-0.0,667.83231428256,26760.0,0.0
24.0,stop_hold,0.0,0.55,0.0,0.0,0.0,0.0,0.0,0.0,-0.0,5259.8358931260545,5102.040816332273,44000.0,0.0,43999.99999999991,43999.99999999991,-8.731149137020111e-11,24999.91584234241,1,0,1499.9949505405446,1799.9939406486487,0.0,0.0,0.0,0.0,0.0,0.35,667.83231428256,-0.0,667.83231428256,26760.0,0.0
24.05,stop_hold,0.0,0.55,0.0,0.0,0.0,0.0,0.0,0.0,-0.0,5259.8358931260545,5102.040816332273,44000.0,0.0,43999.99999999991,43999.99999999991,-8.731149137020111e-11,24999.91584234241,1,0,1499.9949505405446,1799.9939406486487,0.0,0.0,0.0,0.0,0.0,0.35,667.83231428256,-0.0,667.83231428256,26760.0,0.0
24.1,stop_hold,0.0,0.55,0.0,0.0,0.0,0.0,0.0,0.0,-0.0,5259.8358931260545,5102.040816332273,44000.0,0.0,43999.99999999991,43999.99999999991,-8.731149137020111e-11,24999.91584234241,1,0,1499.9949505405446,1799.9939406486487,0.0,0.0,0.0,0.0,0.0,0.35,667.83231428256,-0.0,667.83231428256,26760.0,0.0
24.15,stop_hold,0.0,0.55,0.0,0.0,0.0,0.0,0.0,0.0,-0.0,5259.8358931260545,5102.040816332273,44000.0,0.0,43999.99999999991,43999.99999999991,-8.731149137020111e-11,24999.91584234241,1,0,1499.9949505405446,1799.9939406486487,0.0,0.0,0.0,0.0,0.0,0.35,667.83231428256,-0.0,667.83231428256,26760.0,0.0
24.2,stop_hold,0.0,0.55,0.0,0.0,0.0,0.0,0.0,0.0,-0.0,5259.8358931260545,5102.040816332273,44000.0,0.0,43999.99999999991,43999.99999999991,-8.731149137020111e-11,24999.91584234241,1,0,1499.9949505405446,1799.9939406486487,0.0,0.0,0.0,0.0,0.0,0.35,667.83231428256,-0.0,667.83231428256,26760.0,0.0
24.25,stop_hold,0.0,0.55,0.0,0.0,0.0,0.0,0.0,0.0,-0.0,5259.8358931260545,5102.040816332273,44000.0,0.0,43999.99999999991,43999.99999999991,-8.731149137020111e-11,24999.91584234241,1,0,1499.9949505405446,1799.9939406486487,0.0,0.0,0.0,0.0,0.0,0.35,667.83231428256,-0.0,667.83231428256,26760.0,0.0
24.3,stop_hold,0.0,0.55,0.0,0.0,0.0,0.0,0.0,0.0,-0.0,5259.8358931260545,5102.040816332273,44000.0,0.0,43999.99999999991,43999.99999999991,-8.731149137020111e-11,24999.91584234241,1,0,1499.9949505405446,1799.9939406486487,0.0,0.0,0.0,0.0,0.0,0.35,667.83231428256,-0.0,667.83231428256,26760.0,0.0
24.35,stop_hold,0.0,0.55,0.0,0.0,0.0,0.0,0.0,0.0,-0.0,5259.8358931260545,5102.040816332273,44000.0,0.0,43999.99999999991,43999.99999999991,-8.731149137020111e-11,24999.91584234241,1,0,1499.9949505405446,1799.9939406486487,0.0,0.0,0.0,0.0,0.0,0.35,667.83231428256,-0.0,667.83231428256,26760.0,0.0
24.4,stop_hold,0.0,0.55,0.0,0.0,0.0,0.0,0.0,0.0,-0.0,5259.8358931260545,5102.040816332273,44000.0,0.0,43999.99999999991,43999.99999999991,-8.731149137020111e-11,24999.91584234241,1,0,1499.9949505405446,1799.9939406486487,0.0,0.0,0.0,0.0,0.0,0.35,667.83231428256,-0.0,667.83231428256,26760.0,0.0
24.45,stop_hold,0.0,0.55,0.0,0.0,0.0,0.0,0.0,0.0,-0.0,5259.8358931260545,5102.040816332273,44000.0,0.0,43999.99999999991,43999.99999999991,-8.731149137020111e-11,24999.91584234241,1,0,1499.9949505405446,1799.9939406486487,0.0,0.0,0.0,0.0,0.0,0.35,667.83231428256,-0.0,667.83231428256,26760.0,0.0
24.5,stop_hold,0.0,0.55,0.0,0.0,0.0,0.0,0.0,0.0,-0.0,5259.8358931260545,5102.040816332273,44000.0,0.0,43999.99999999991,43999.99999999991,-8.731149137020111e-11,24999.91584234241,1,0,1499.9949505405446,1799.9939406486487,0.0,0.0,0.0,0.0,0.0,0.35,667.83231428256,-0.0,667.83231428256,26760.0,0.0
24.55,stop_hold,0.0,0.55,0.0,0.0,0.0,0.0,0.0,0.0,-0.0,5259.8358931260545,5102.040816332273,44000.0,0.0,43999.99999999991,43999.99999999991,-8.731149137020111e-11,24999.91584234241,1,0,1499.9949505405446,1799.9939406486487,0.0,0.0,0.0,0.0,0.0,0.35,667.83231428256,-0.0,667.83231428256,26760.0,0.0
24.6,stop_hold,0.0,0.55,0.0,0.0,0.0,0.0,0.0,0.0,-0.0,5259.8358931260545,5102.040816332273,44000.0,0.0,43999.99999999991,43999.99999999991,-8.731149137020111e-11,24999.91584234241,1,0,1499.9949505405446,1799.9939406486487,0.0,0.0,0.0,0.0,0.0,0.35,667.83231428256,-0.0,667.83231428256,26760.0,0.0
24.65,stop_hold,0.0,0.55,0.0,0.0,0.0,0.0,0.0,0.0,-0.0,5259.8358931260545,5102.040816332273,44000.0,0.0,43999.99999999991,43999.99999999991,-8.731149137020111e-11,24999.91584234241,1,0,1499.9949505405446,1799.9939406486487,0.0,0.0,0.0,0.0,0.0,0.35,667.83231428256,-0.0,667.83231428256,26760.0,0.0
24.7,stop_hold,0.0,0.55,0.0,0.0,0.0,0.0,0.0,0.0,-0.0,5259.8358931260545,5102.040816332273,44000.0,0.0,43999.99999999991,43999.99999999991,-8.731149137020111e-11,24999.91584234241,1,0,1499.9949505405446,1799.9939406486487,0.0,0.0,0.0,0.0,0.0,0.35,667.83231428256,-0.0,667.83231428256,26760.0,0.0
24.75,stop_hold,0.0,0.55,0.0,0.0,0.0,0.0,0.0,0.0,-0.0,5259.8358931260545,5102.040816332273,44000.0,0.0,43999.99999999991,43999.99999999991,-8.731149137020111e-11,24999.91584234241,1,0,1499.9949505405446,1799.9939406486487,0.0,0.0,0.0,0.0,0.0,0.35,667.83231428256,-0.0,667.83231428256,26760.0,0.0
24.8,stop_hold,0.0,0.55,0.0,0.0,0.0,0.0,0.0,0.0,-0.0,5259.8358931260545,5102.040816332273,44000.0,0.0,43999.99999999991,43999.99999999991,-8.731149137020111e-11,24999.91584234241,1,0,1499.9949505405446,1799.9939406486487,0.0,0.0,0.0,0.0,0.0,0.35,667.83231428256,-0.0,667.83231428256,26760.0,0.0
24.85,stop_hold,0.0,0.55,0.0,0.0,0.0,0.0,0.0,0.0,-0.0,5259.8358931260545,5102.040816332273,44000.0,0.0,43999.99999999991,43999.99999999991,-8.731149137020111e-11,24999.91584234241,1,0,1499.9949505405446,1799.9939406486487,0.0,0.0,0.0,0.0,0.0,0.35,667.83231428256,-0.0,667.83231428256,26760.0,0.0
24.9,stop_hold,0.0,0.55,0.0,0.0,0.0,0.0,0.0,0.0,-0.0,5259.8358931260545,5102.040816332273,44000.0,0.0,43999.99999999991,43999.99999999991,-8.731149137020111e-11,24999.91584234241,1,0,1499.9949505405446,1799.9939406486487,0.0,0.0,0.0,0.0,0.0,0.35,667.83231428256,-0.0,667.83231428256,26760.0,0.0
24.95,stop_hold,0.0,0.55,0.0,0.0,0.0,0.0,0.0,0.0,-0.0,5259.8358931260545,5102.040816332273,44000.0,0.0,43999.99999999991,43999.99999999991,-8.731149137020111e-11,24999.91584234241,1,0,1499.9949505405446,1799.9939406486487,0.0,0.0,0.0,0.0,0.0,0.35,667.83231428256,-0.0,667.83231428256,26760.0,0.0
25.0,stop_hold,0.0,0.55,0.0,0.0,0.0,0.0,0.0,0.0,-0.0,5259.8358931260545,5102.040816332273,44000.0,0.0,43999.99999999991,43999.99999999991,-8.731149137020111e-11,24999.91584234241,1,0,1499.9949505405446,1799.9939406486487,0.0,0.0,0.0,0.0,0.0,0.35,667.83231428256,-0.0,667.83231428256,26760.0,0.0
25.05,stop_hold,0.0,0.55,0.0,0.0,0.0,0.0,0.0,0.0,-0.0,5259.8358931260545,5102.040816332273,44000.0,0.0,43999.99999999991,43999.99999999991,-8.731149137020111e-11,24999.91584234241,1,0,1499.9949505405446,1799.9939406486487,0.0,0.0,0.0,0.0,0.0,0.35,667.83231428256,-0.0,667.83231428256,26760.0,0.0
25.1,stop_hold,0.0,0.55,0.0,0.0,0.0,0.0,0.0,0.0,-0.0,5259.8358931260545,5102.040816332273,44000.0,0.0,43999.99999999991,43999.99999999991,-8.731149137020111e-11,24999.91584234241,1,0,1499.9949505405446,1799.9939406486487,0.0,0.0,0.0,0.0,0.0,0.35,667.83231428256,-0.0,667.83231428256,26760.0,0.0
25.15,stop_hold,0.0,0.55,0.0,0.0,0.0,0.0,0.0,0.0,-0.0,5259.8358931260545,5102.040816332273,44000.0,0.0,43999.99999999991,43999.99999999991,-8.731149137020111e-11,24999.91584234241,1,0,1499.9949505405446,1799.9939406486487,0.0,0.0,0.0,0.0,0.0,0.35,667.83231428256,-0.0,667.83231428256,26760.0,0.0
25.2,stop_hold,0.0,0.55,0.0,0.0,0.0,0.0,0.0,0.0,-0.0,5259.8358931260545,5102.040816332273,44000.0,0.0,43999.99999999991,43999.99999999991,-8.731149137020111e-11,24999.91584234241,1,0,1499.9949505405446,1799.9939406486487,0.0,0.0,0.0,0.0,0.0,0.35,667.83231428256,-0.0,667.83231428256,26760.0,0.0
25.25,stop_hold,0.0,0.55,0.0,0.0,0.0,0.0,0.0,0.0,-0.0,5259.8358931260545,5102.040816332273,44000.0,0.0,43999.99999999991,43999.99999999991,-8.731149137020111e-11,24999.91584234241,1,0,1499.9949505405446,1799.9939406486487,0.0,0.0,0.0,0.0,0.0,0.35,667.83231428256,-0.0,667.83231428256,26760.0,0.0
25.3,stop_hold,0.0,0.55,0.0,0.0,0.0,0.0,0.0,0.0,-0.0,5259.8358931260545,5102.040816332273,44000.0,0.0,43999.99999999991,43999.99999999991,-8.731149137020111e-11,24999.91584234241,1,0,1499.9949505405446,1799.9939406486487,0.0,0.0,0.0,0.0,0.0,0.35,667.83231428256,-0.0,667.83231428256,26760.0,0.0
25.35,stop_hold,0.0,0.55,0.0,0.0,0.0,0.0,0.0,0.0,-0.0,5259.8358931260545,5102.040816332273,44000.0,0.0,43999.99999999991,43999.99999999991,-8.731149137020111e-11,24999.91584234241,1,0,1499.9949505405446,1799.9939406486487,0.0,0.0,0.0,0.0,0.0,0.35,667.83231428256,-0.0,667.83231428256,26760.0,0.0
25.4,stop_hold,0.0,0.55,0.0,0.0,0.0,0.0,0.0,0.0,-0.0,5259.8358931260545,5102.040816332273,44000.0,0.0,43999.99999999991,43999.99999999991,-8.731149137020111e-11,24999.91584234241,1,0,1499.9949505405446,1799.9939406486487,0.0,0.0,0.0,0.0,0.0,0.35,667.83231428256,-0.0,667.83231428256,26760.0,0.0
25.45,stop_hold,0.0,0.55,0.0,0.0,0.0,0.0,0.0,0.0,-0.0,5259.8358931260545,5102.040816332273,44000.0,0.0,43999.99999999991,43999.99999999991,-8.731149137020111e-11,24999.91584234241,1,0,1499.9949505405446,1799.9939406486487,0.0,0.0,0.0,0.0,0.0,0.35,667.83231428256,-0.0,667.83231428256,26760.0,0.0
25.5,stop_hold,0.0,0.55,0.0,0.0,0.0,0.0,0.0,0.0,-0.0,5259.8358931260545,5102.040816332273,44000.0,0.0,43999.99999999991,43999.99999999991,-8.731149137020111e-11,24999.91584234241,1,0,1499.9949505405446,1799.9939406486487,0.0,0.0,0.0,0.0,0.0,0.35,667.83231428256,-0.0,667.83231428256,26760.0,0.0
25.55,stop_hold,0.0,0.55,0.0,0.0,0.0,0.0,0.0,0.0,-0.0,5259.8358931260545,5102.040816332273,44000.0,0.0,43999.99999999991,43999.99999999991,-8.731149137020111e-11,24999.91584234241,1,0,1499.9949505405446,1799.9939406486487,0.0,0.0,0.0,0.0,0.0,0.35,667.83231428256,-0.0,667.83231428256,26760.0,0.0
25.6,stop_hold,0.0,0.55,0.0,0.0,0.0,0.0,0.0,0.0,-0.0,5259.8358931260545,5102.040816332273,44000.0,0.0,43999.99999999991,43999.99999999991,-8.731149137020111e-11,24999.91584234241,1,0,1499.9949505405446,1799.9939406486487,0.0,0.0,0.0,0.0,0.0,0.35,667.83231428256,-0.0,667.83231428256,26760.0,0.0
25.65,stop_hold,0.0,0.55,0.0,0.0,0.0,0.0,0.0,0.0,-0.0,5259.8358931260545,5102.040816332273,44000.0,0.0,43999.99999999991,43999.99999999991,-8.731149137020111e-11,24999.91584234241,1,0,1499.9949505405446,1799.9939406486487,0.0,0.0,0.0,0.0,0.0,0.35,667.83231428256,-0.0,667.83231428256,26760.0,0.0
25.7,stop_hold,0.0,0.55,0.0,0.0,0.0,0.0,0.0,0.0,-0.0,5259.8358931260545,5102.040816332273,44000.0,0.0,43999.99999999991,43999.99999999991,-8.731149137020111e-11,24999.91584234241,1,0,1499.9949505405446,1799.9939406486487,0.0,0.0,0.0,0.0,0.0,0.35,667.83231428256,-0.0,667.83231428256,26760.0,0.0
25.75,stop_hold,0.0,0.55,0.0,0.0,0.0,0.0,0.0,0.0,-0.0,5259.8358931260545,5102.040816332273,44000.0,0.0,43999.99999999991,43999.99999999991,-8.731149137020111e-11,24999.91584234241,1,0,1499.9949505405446,1799.9939406486487,0.0,0.0,0.0,0.0,0.0,0.35,667.83231428256,-0.0,667.83231428256,26760.0,0.0
25.8,stop_hold,0.0,0.55,0.0,0.0,0.0,0.0,0.0,0.0,-0.0,5259.8358931260545,5102.040816332273,44000.0,0.0,43999.99999999991,43999.99999999991,-8.731149137020111e-11,24999.91584234241,1,0,1499.9949505405446,1799.9939406486487,0.0,0.0,0.0,0.0,0.0,0.35,667.83231428256,-0.0,667.83231428256,26760.0,0.0
25.85,stop_hold,0.0,0.55,0.0,0.0,0.0,0.0,0.0,0.0,-0.0,5259.8358931260545,5102.040816332273,44000.0,0.0,43999.99999999991,43999.99999999991,-8.731149137020111e-11,24999.91584234241,1,0,1499.9949505405446,1799.9939406486487,0.0,0.0,0.0,0.0,0.0,0.35,667.83231428256,-0.0,667.83231428256,26760.0,0.0
25.9,stop_hold,0.0,0.55,0.0,0.0,0.0,0.0,0.0,0.0,-0.0,5259.8358931260545,5102.040816332273,44000.0,0.0,43999.99999999991,43999.99999999991,-8.731149137020111e-11,24999.91584234241,1,0,1499.9949505405446,1799.9939406486487,0.0,0.0,0.0,0.0,0.0,0.35,667.83231428256,-0.0,667.83231428256,26760.0,0.0
25.95,stop_hold,0.0,0.55,0.0,0.0,0.0,0.0,0.0,0.0,-0.0,5259.8358931260545,5102.040816332273,44000.0,0.0,43999.99999999991,43999.99999999991,-8.731149137020111e-11,24999.91584234241,1,0,1499.9949505405446,1799.9939406486487,0.0,0.0,0.0,0.0,0.0,0.35,667.83231428256,-0.0,667.83231428256,26760.0,0.0
26.0,stop_hold,0.0,0.55,0.0,0.0,0.0,0.0,0.0,0.0,-0.0,5259.8358931260545,5102.040816332273,44000.0,0.0,43999.99999999991,43999.99999999991,-8.731149137020111e-11,24999.91584234241,1,0,1499.9949505405446,1799.9939406486487,0.0,0.0,0.0,0.0,0.0,0.35,667.83231428256,-0.0,667.83231428256,26760.0,0.0
26.05,stop_hold,0.0,0.55,0.0,0.0,0.0,0.0,0.0,0.0,-0.0,5259.8358931260545,5102.040816332273,44000.0,0.0,43999.99999999991,43999.99999999991,-8.731149137020111e-11,24999.91584234241,1,0,1499.9949505405446,1799.9939406486487,0.0,0.0,0.0,0.0,0.0,0.35,667.83231428256,-0.0,667.83231428256,26760.0,0.0
26.1,stop_hold,0.0,0.55,0.0,0.0,0.0,0.0,0.0,0.0,-0.0,5259.8358931260545,5102.040816332273,44000.0,0.0,43999.99999999991,43999.99999999991,-8.731149137020111e-11,24999.91584234241,1,0,1499.9949505405446,1799.9939406486487,0.0,0.0,0.0,0.0,0.0,0.35,667.83231428256,-0.0,667.83231428256,26760.0,0.0
26.15,stop_hold,0.0,0.55,0.0,0.0,0.0,0.0,0.0,0.0,-0.0,5259.8358931260545,5102.040816332273,44000.0,0.0,43999.99999999991,43999.99999999991,-8.731149137020111e-11,24999.91584234241,1,0,1499.9949505405446,1799.9939406486487,0.0,0.0,0.0,0.0,0.0,0.35,667.83231428256,-0.0,667.83231428256,26760.0,0.0
26.2,stop_hold,0.0,0.55,0.0,0.0,0.0,0.0,0.0,0.0,-0.0,5259.8358931260545,5102.040816332273,44000.0,0.0,43999.99999999991,43999.99999999991,-8.731149137020111e-11,24999.91584234241,1,0,1499.9949505405446,1799.9939406486487,0.0,0.0,0.0,0.0,0.0,0.35,667.83231428256,-0.0,667.83231428256,26760.0,0.0
26.25,stop_hold,0.0,0.55,0.0,0.0,0.0,0.0,0.0,0.0,-0.0,5259.8358931260545,5102.040816332273,44000.0,0.0,43999.99999999991,43999.99999999991,-8.731149137020111e-11,24999.91584234241,1,0,1499.9949505405446,1799.9939406486487,0.0,0.0,0.0,0.0,0.0,0.35,667.83231428256,-0.0,667.83231428256,26760.0,0.0
26.3,stop_hold,0.0,0.55,0.0,0.0,0.0,0.0,0.0,0.0,-0.0,5259.8358931260545,5102.040816332273,44000.0,0.0,43999.99999999991,43999.99999999991,-8.731149137020111e-11,24999.91584234241,1,0,1499.9949505405446,1799.9939406486487,0.0,0.0,0.0,0.0,0.0,0.35,667.83231428256,-0.0,667.83231428256,26760.0,0.0
26.35,stop_hold,0.0,0.55,0.0,0.0,0.0,0.0,0.0,0.0,-0.0,5259.8358931260545,5102.040816332273,44000.0,0.0,43999.99999999991,43999.99999999991,-8.731149137020111e-11,24999.91584234241,1,0,1499.9949505405446,1799.9939406486487,0.0,0.0,0.0,0.0,0.0,0.35,667.83231428256,-0.0,667.83231428256,26760.0,0.0
26.4,stop_hold,0.0,0.55,0.0,0.0,0.0,0.0,0.0,0.0,-0.0,5259.8358931260545,5102.040816332273,44000.0,0.0,43999.99999999991,43999.99999999991,-8.731149137020111e-11,24999.91584234241,1,0,1499.9949505405446,1799.9939406486487,0.0,0.0,0.0,0.0,0.0,0.35,667.83231428256,-0.0,667.83231428256,26760.0,0.0
26.45,stop_hold,0.0,0.55,0.0,0.0,0.0,0.0,0.0,0.0,-0.0,5259.8358931260545,5102.040816332273,44000.0,0.0,43999.99999999991,43999.99999999991,-8.731149137020111e-11,24999.91584234241,1,0,1499.9949505405446,1799.9939406486487,0.0,0.0,0.0,0.0,0.0,0.35,667.83231428256,-0.0,667.83231428256,26760.0,0.0
26.5,stop_hold,0.0,0.55,0.0,0.0,0.0,0.0,0.0,0.0,-0.0,5259.8358931260545,5102.040816332273,44000.0,0.0,43999.99999999991,43999.99999999991,-8.731149137020111e-11,24999.91584234241,1,0,1499.9949505405446,1799.9939406486487,0.0,0.0,0.0,0.0,0.0,0.35,667.83231428256,-0.0,667.83231428256,26760.0,0.0
26.55,stop_hold,0.0,0.55,0.0,0.0,0.0,0.0,0.0,0.0,-0.0,5259.8358931260545,5102.040816332273,44000.0,0.0,43999.99999999991,43999.99999999991,-8.731149137020111e-11,24999.91584234241,1,0,1499.9949505405446,1799.9939406486487,0.0,0.0,0.0,0.0,0.0,0.35,667.83231428256,-0.0,667.83231428256,26760.0,0.0
26.6,stop_hold,0.0,0.55,0.0,0.0,0.0,0.0,0.0,0.0,-0.0,5259.8358931260545,5102.040816332273,44000.0,0.0,43999.99999999991,43999.99999999991,-8.731149137020111e-11,24999.91584234241,1,0,1499.9949505405446,1799.9939406486487,0.0,0.0,0.0,0.0,0.0,0.35,667.83231428256,-0.0,667.83231428256,26760.0,0.0
26.65,stop_hold,0.0,0.55,0.0,0.0,0.0,0.0,0.0,0.0,-0.0,5259.8358931260545,5102.040816332273,44000.0,0.0,43999.99999999991,43999.99999999991,-8.731149137020111e-11,24999.91584234241,1,0,1499.9949505405446,1799.9939406486487,0.0,0.0,0.0,0.0,0.0,0.35,667.83231428256,-0.0,667.83231428256,26760.0,0.0
26.7,stop_hold,0.0,0.55,0.0,0.0,0.0,0.0,0.0,0.0,-0.0,5259.8358931260545,5102.040816332273,44000.0,0.0,43999.99999999991,43999.99999999991,-8.731149137020111e-11,24999.91584234241,1,0,1499.9949505405446,1799.9939406486487,0.0,0.0,0.0,0.0,0.0,0.35,667.83231428256,-0.0,667.83231428256,26760.0,0.0
26.75,stop_hold,0.0,0.55,0.0,0.0,0.0,0.0,0.0,0.0,-0.0,5259.8358931260545,5102.040816332273,44000.0,0.0,43999.99999999991,43999.99999999991,-8.731149137020111e-11,24999.91584234241,1,0,1499.9949505405446,1799.9939406486487,0.0,0.0,0.0,0.0,0.0,0.35,667.83231428256,-0.0,667.83231428256,26760.0,0.0
26.8,stop_hold,0.0,0.55,0.0,0.0,0.0,0.0,0.0,0.0,-0.0,5259.8358931260545,5102.040816332273,44000.0,0.0,43999.99999999991,43999.99999999991,-8.731149137020111e-11,24999.91584234241,1,0,1499.9949505405446,1799.9939406486487,0.0,0.0,0.0,0.0,0.0,0.35,667.83231428256,-0.0,667.83231428256,26760.0,0.0
26.85,stop_hold,0.0,0.55,0.0,0.0,0.0,0.0,0.0,0.0,-0.0,5259.8358931260545,5102.040816332273,44000.0,0.0,43999.99999999991,43999.99999999991,-8.731149137020111e-11,24999.91584234241,1,0,1499.9949505405446,1799.9939406486487,0.0,0.0,0.0,0.0,0.0,0.35,667.83231428256,-0.0,667.83231428256,26760.0,0.0
26.9,stop_hold,0.0,0.55,0.0,0.0,0.0,0.0,0.0,0.0,-0.0,5259.8358931260545,5102.040816332273,44000.0,0.0,43999.99999999991,43999.99999999991,-8.731149137020111e-11,24999.91584234241,1,0,1499.9949505405446,1799.9939406486487,0.0,0.0,0.0,0.0,0.0,0.35,667.83231428256,-0.0,667.83231428256,26760.0,0.0
26.95,stop_hold,0.0,0.55,0.0,0.0,0.0,0.0,0.0,0.0,-0.0,5259.8358931260545,5102.040816332273,44000.0,0.0,43999.99999999991,43999.99999999991,-8.731149137020111e-11,24999.91584234241,1,0,1499.9949505405446,1799.9939406486487,0.0,0.0,0.0,0.0,0.0,0.35,667.83231428256,-0.0,667.83231428256,26760.0,0.0
27.0,stop_hold,0.0,0.55,0.0,0.0,0.0,0.0,0.0,0.0,-0.0,5259.8358931260545,5102.040816332273,44000.0,0.0,43999.99999999991,43999.99999999991,-8.731149137020111e-11,24999.91584234241,1,0,1499.9949505405446,1799.9939406486487,0.0,0.0,0.0,0.0,0.0,0.35,667.83231428256,-0.0,667.83231428256,26760.0,0.0
27.05,stop_hold,0.0,0.55,0.0,0.0,0.0,0.0,0.0,0.0,-0.0,5259.8358931260545,5102.040816332273,44000.0,0.0,43999.99999999991,43999.99999999991,-8.731149137020111e-11,24999.91584234241,1,0,1499.9949505405446,1799.9939406486487,0.0,0.0,0.0,0.0,0.0,0.35,667.83231428256,-0.0,667.83231428256,26760.0,0.0
27.1,stop_hold,0.0,0.55,0.0,0.0,0.0,0.0,0.0,0.0,-0.0,5259.8358931260545,5102.040816332273,44000.0,0.0,43999.99999999991,43999.99999999991,-8.731149137020111e-11,24999.91584234241,1,0,1499.9949505405446,1799.9939406486487,0.0,0.0,0.0,0.0,0.0,0.35,667.83231428256,-0.0,667.83231428256,26760.0,0.0
27.15,stop_hold,0.0,0.55,0.0,0.0,0.0,0.0,0.0,0.0,-0.0,5259.8358931260545,5102.040816332273,44000.0,0.0,43999.99999999991,43999.99999999991,-8.731149137020111e-11,24999.91584234241,1,0,1499.9949505405446,1799.9939406486487,0.0,0.0,0.0,0.0,0.0,0.35,667.83231428256,-0.0,667.83231428256,26760.0,0.0
27.2,stop_hold,0.0,0.55,0.0,0.0,0.0,0.0,0.0,0.0,-0.0,5259.8358931260545,5102.040816332273,44000.0,0.0,43999.99999999991,43999.99999999991,-8.731149137020111e-11,24999.91584234241,1,0,1499.9949505405446,1799.9939406486487,0.0,0.0,0.0,0.0,0.0,0.35,667.83231428256,-0.0,667.83231428256,26760.0,0.0
27.25,stop_hold,0.0,0.55,0.0,0.0,0.0,0.0,0.0,0.0,-0.0,5259.8358931260545,5102.040816332273,44000.0,0.0,43999.99999999991,43999.99999999991,-8.731149137020111e-11,24999.91584234241,1,0,1499.9949505405446,1799.9939406486487,0.0,0.0,0.0,0.0,0.0,0.35,667.83231428256,-0.0,667.83231428256,26760.0,0.0
27.3,stop_hold,0.0,0.55,0.0,0.0,0.0,0.0,0.0,0.0,-0.0,5259.8358931260545,5102.040816332273,44000.0,0.0,43999.99999999991,43999.99999999991,-8.731149137020111e-11,24999.91584234241,1,0,1499.9949505405446,1799.9939406486487,0.0,0.0,0.0,0.0,0.0,0.35,667.83231428256,-0.0,667.83231428256,26760.0,0.0
27.35,stop_hold,0.0,0.55,0.0,0.0,0.0,0.0,0.0,0.0,-0.0,5259.8358931260545,5102.040816332273,44000.0,0.0,43999.99999999991,43999.99999999991,-8.731149137020111e-11,24999.91584234241,1,0,1499.9949505405446,1799.9939406486487,0.0,0.0,0.0,0.0,0.0,0.35,667.83231428256,-0.0,667.83231428256,26760.0,0.0
27.4,stop_hold,0.0,0.55,0.0,0.0,0.0,0.0,0.0,0.0,-0.0,5259.8358931260545,5102.040816332273,44000.0,0.0,43999.99999999991,43999.99999999991,-8.731149137020111e-11,24999.91584234241,1,0,1499.9949505405446,1799.9939406486487,0.0,0.0,0.0,0.0,0.0,0.35,667.83231428256,-0.0,667.83231428256,26760.0,0.0
27.45,stop_hold,0.0,0.55,0.0,0.0,0.0,0.0,0.0,0.0,-0.0,5259.8358931260545,5102.040816332273,44000.0,0.0,43999.99999999991,43999.99999999991,-8.731149137020111e-11,24999.91584234241,1,0,1499.9949505405446,1799.9939406486487,0.0,0.0,0.0,0.0,0.0,0.35,667.83231428256,-0.0,667.83231428256,26760.0,0.0
27.5,stop_hold,0.0,0.55,0.0,0.0,0.0,0.0,0.0,0.0,-0.0,5259.8358931260545,5102.040816332273,44000.0,0.0,43999.99999999991,43999.99999999991,-8.731149137020111e-11,24999.91584234241,1,0,1499.9949505405446,1799.9939406486487,0.0,0.0,0.0,0.0,0.0,0.35,667.83231428256,-0.0,667.83231428256,26760.0,0.0
27.55,stop_hold,0.0,0.55,0.0,0.0,0.0,0.0,0.0,0.0,-0.0,5259.8358931260545,5102.040816332273,44000.0,0.0,43999.99999999991,43999.99999999991,-8.731149137020111e-11,24999.91584234241,1,0,1499.9949505405446,1799.9939406486487,0.0,0.0,0.0,0.0,0.0,0.35,667.83231428256,-0.0,667.83231428256,26760.0,0.0
27.6,stop_hold,0.0,0.55,0.0,0.0,0.0,0.0,0.0,0.0,-0.0,5259.8358931260545,5102.040816332273,44000.0,0.0,43999.99999999991,43999.99999999991,-8.731149137020111e-11,24999.91584234241,1,0,1499.9949505405446,1799.9939406486487,0.0,0.0,0.0,0.0,0.0,0.35,667.83231428256,-0.0,667.83231428256,26760.0,0.0
27.65,stop_hold,0.0,0.55,0.0,0.0,0.0,0.0,0.0,0.0,-0.0,5259.8358931260545,5102.040816332273,44000.0,0.0,43999.99999999991,43999.99999999991,-8.731149137020111e-11,24999.91584234241,1,0,1499.9949505405446,1799.9939406486487,0.0,0.0,0.0,0.0,0.0,0.35,667.83231428256,-0.0,667.83231428256,26760.0,0.0
27.7,stop_hold,0.0,0.55,0.0,0.0,0.0,0.0,0.0,0.0,-0.0,5259.8358931260545,5102.040816332273,44000.0,0.0,43999.99999999991,43999.99999999991,-8.731149137020111e-11,24999.91584234241,1,0,1499.9949505405446,1799.9939406486487,0.0,0.0,0.0,0.0,0.0,0.35,667.83231428256,-0.0,667.83231428256,26760.0,0.0
27.75,stop_hold,0.0,0.55,0.0,0.0,0.0,0.0,0.0,0.0,-0.0,5259.8358931260545,5102.040816332273,44000.0,0.0,43999.99999999991,43999.99999999991,-8.731149137020111e-11,24999.91584234241,1,0,1499.9949505405446,1799.9939406486487,0.0,0.0,0.0,0.0,0.0,0.35,667.83231428256,-0.0,667.83231428256,26760.0,0.0
27.8,stop_hold,0.0,0.55,0.0,0.0,0.0,0.0,0.0,0.0,-0.0,5259.8358931260545,5102.040816332273,44000.0,0.0,43999.99999999991,43999.99999999991,-8.731149137020111e-11,24999.91584234241,1,0,1499.9949505405446,1799.9939406486487,0.0,0.0,0.0,0.0,0.0,0.35,667.83231428256,-0.0,667.83231428256,26760.0,0.0
27.85,stop_hold,0.0,0.55,0.0,0.0,0.0,0.0,0.0,0.0,-0.0,5259.8358931260545,5102.040816332273,44000.0,0.0,43999.99999999991,43999.99999999991,-8.731149137020111e-11,24999.91584234241,1,0,1499.9949505405446,1799.9939406486487,0.0,0.0,0.0,0.0,0.0,0.35,667.83231428256,-0.0,667.83231428256,26760.0,0.0
27.9,stop_hold,0.0,0.55,0.0,0.0,0.0,0.0,0.0,0.0,-0.0,5259.8358931260545,5102.040816332273,44000.0,0.0,43999.99999999991,43999.99999999991,-8.731149137020111e-11,24999.91584234241,1,0,1499.9949505405446,1799.9939406486487,0.0,0.0,0.0,0.0,0.0,0.35,667.83231428256,-0.0,667.83231428256,26760.0,0.0
27.95,stop_hold,0.0,0.55,0.0,0.0,0.0,0.0,0.0,0.0,-0.0,5259.8358931260545,5102.040816332273,44000.0,0.0,43999.99999999991,43999.99999999991,-8.731149137020111e-11,24999.91584234241,1,0,1499.9949505405446,1799.9939406486487,0.0,0.0,0.0,0.0,0.0,0.35,667.83231428256,-0.0,667.83231428256,26760.0,0.0
28.0,stop_hold,0.0,0.55,0.0,0.0,0.0,0.0,0.0,0.0,-0.0,5259.8358931260545,5102.040816332273,44000.0,0.0,43999.99999999991,43999.99999999991,-8.731149137020111e-11,24999.91584234241,1,0,1499.9949505405446,1799.9939406486487,0.0,0.0,0.0,0.0,0.0,0.35,667.83231428256,-0.0,667.83231428256,26760.0,0.0
28.05,stop_hold,0.0,0.55,0.0,0.0,0.0,0.0,0.0,0.0,-0.0,5259.8358931260545,5102.040816332273,44000.0,0.0,43999.99999999991,43999.99999999991,-8.731149137020111e-11,24999.91584234241,1,0,1499.9949505405446,1799.9939406486487,0.0,0.0,0.0,0.0,0.0,0.35,667.83231428256,-0.0,667.83231428256,26760.0,0.0
28.1,stop_hold,0.0,0.55,0.0,0.0,0.0,0.0,0.0,0.0,-0.0,5259.8358931260545,5102.040816332273,44000.0,0.0,43999.99999999991,43999.99999999991,-8.731149137020111e-11,24999.91584234241,1,0,1499.9949505405446,1799.9939406486487,0.0,0.0,0.0,0.0,0.0,0.35,667.83231428256,-0.0,667.83231428256,26760.0,0.0
28.15,stop_hold,0.0,0.55,0.0,0.0,0.0,0.0,0.0,0.0,-0.0,5259.8358931260545,5102.040816332273,44000.0,0.0,43999.99999999991,43999.99999999991,-8.731149137020111e-11,24999.91584234241,1,0,1499.9949505405446,1799.9939406486487,0.0,0.0,0.0,0.0,0.0,0.35,667.83231428256,-0.0,667.83231428256,26760.0,0.0
28.2,stop_hold,0.0,0.55,0.0,0.0,0.0,0.0,0.0,0.0,-0.0,5259.8358931260545,5102.040816332273,44000.0,0.0,43999.99999999991,43999.99999999991,-8.731149137020111e-11,24999.91584234241,1,0,1499.9949505405446,1799.9939406486487,0.0,0.0,0.0,0.0,0.0,0.35,667.83231428256,-0.0,667.83231428256,26760.0,0.0
28.25,stop_hold,0.0,0.55,0.0,0.0,0.0,0.0,0.0,0.0,-0.0,5259.8358931260545,5102.040816332273,44000.0,0.0,43999.99999999991,43999.99999999991,-8.731149137020111e-11,24999.91584234241,1,0,1499.9949505405446,1799.9939406486487,0.0,0.0,0.0,0.0,0.0,0.35,667.83231428256,-0.0,667.83231428256,26760.0,0.0
28.3,stop_hold,0.0,0.55,0.0,0.0,0.0,0.0,0.0,0.0,-0.0,5259.8358931260545,5102.040816332273,44000.0,0.0,43999.99999999991,43999.99999999991,-8.731149137020111e-11,24999.91584234241,1,0,1499.9949505405446,1799.9939406486487,0.0,0.0,0.0,0.0,0.0,0.35,667.83231428256,-0.0,667.83231428256,26760.0,0.0
28.35,stop_hold,0.0,0.55,0.0,0.0,0.0,0.0,0.0,0.0,-0.0,5259.8358931260545,5102.040816332273,44000.0,0.0,43999.99999999991,43999.99999999991,-8.731149137020111e-11,24999.91584234241,1,0,1499.9949505405446,1799.9939406486487,0.0,0.0,0.0,0.0,0.0,0.35,667.83231428256,-0.0,667.83231428256,26760.0,0.0
28.4,stop_hold,0.0,0.55,0.0,0.0,0.0,0.0,0.0,0.0,-0.0,5259.8358931260545,5102.040816332273,44000.0,0.0,43999.99999999991,43999.99999999991,-8.731149137020111e-11,24999.91584234241,1,0,1499.9949505405446,1799.9939406486487,0.0,0.0,0.0,0.0,0.0,0.35,667.83231428256,-0.0,667.83231428256,26760.0,0.0
28.45,stop_hold,0.0,0.55,0.0,0.0,0.0,0.0,0.0,0.0,-0.0,5259.8358931260545,5102.040816332273,44000.0,0.0,43999.99999999991,43999.99999999991,-8.731149137020111e-11,24999.91584234241,1,0,1499.9949505405446,1799.9939406486487,0.0,0.0,0.0,0.0,0.0,0.35,667.83231428256,-0.0,667.83231428256,26760.0,0.0
28.5,stop_hold,0.0,0.55,0.0,0.0,0.0,0.0,0.0,0.0,-0.0,5259.8358931260545,5102.040816332273,44000.0,0.0,43999.99999999991,43999.99999999991,-8.731149137020111e-11,24999.91584234241,1,0,1499.9949505405446,1799.9939406486487,0.0,0.0,0.0,0.0,0.0,0.35,667.83231428256,-0.0,667.83231428256,26760.0,0.0
28.55,stop_hold,0.0,0.55,0.0,0.0,0.0,0.0,0.0,0.0,-0.0,5259.8358931260545,5102.040816332273,44000.0,0.0,43999.99999999991,43999.99999999991,-8.731149137020111e-11,24999.91584234241,1,0,1499.9949505405446,1799.9939406486487,0.0,0.0,0.0,0.0,0.0,0.35,667.83231428256,-0.0,667.83231428256,26760.0,0.0
28.6,stop_hold,0.0,0.55,0.0,0.0,0.0,0.0,0.0,0.0,-0.0,5259.8358931260545,5102.040816332273,44000.0,0.0,43999.99999999991,43999.99999999991,-8.731149137020111e-11,24999.91584234241,1,0,1499.9949505405446,1799.9939406486487,0.0,0.0,0.0,0.0,0.0,0.35,667.83231428256,-0.0,667.83231428256,26760.0,0.0
28.65,stop_hold,0.0,0.55,0.0,0.0,0.0,0.0,0.0,0.0,-0.0,5259.8358931260545,5102.040816332273,44000.0,0.0,43999.99999999991,43999.99999999991,-8.731149137020111e-11,24999.91584234241,1,0,1499.9949505405446,1799.9939406486487,0.0,0.0,0.0,0.0,0.0,0.35,667.83231428256,-0.0,667.83231428256,26760.0,0.0
28.7,stop_hold,0.0,0.55,0.0,0.0,0.0,0.0,0.0,0.0,-0.0,5259.8358931260545,5102.040816332273,44000.0,0.0,43999.99999999991,43999.99999999991,-8.731149137020111e-11,24999.91584234241,1,0,1499.9949505405446,1799.9939406486487,0.0,0.0,0.0,0.0,0.0,0.35,667.83231428256,-0.0,667.83231428256,26760.0,0.0
28.75,stop_hold,0.0,0.55,0.0,0.0,0.0,0.0,0.0,0.0,-0.0,5259.8358931260545,5102.040816332273,44000.0,0.0,43999.99999999991,43999.99999999991,-8.731149137020111e-11,24999.91584234241,1,0,1499.9949505405446,1799.9939406486487,0.0,0.0,0.0,0.0,0.0,0.35,667.83231428256,-0.0,667.83231428256,26760.0,0.0
28.8,stop_hold,0.0,0.55,0.0,0.0,0.0,0.0,0.0,0.0,-0.0,5259.8358931260545,5102.040816332273,44000.0,0.0,43999.99999999991,43999.99999999991,-8.731149137020111e-11,24999.91584234241,1,0,1499.9949505405446,1799.9939406486487,0.0,0.0,0.0,0.0,0.0,0.35,667.83231428256,-0.0,667.83231428256,26760.0,0.0
28.85,stop_hold,0.0,0.55,0.0,0.0,0.0,0.0,0.0,0.0,-0.0,5259.8358931260545,5102.040816332273,44000.0,0.0,43999.99999999991,43999.99999999991,-8.731149137020111e-11,24999.91584234241,1,0,1499.9949505405446,1799.9939406486487,0.0,0.0,0.0,0.0,0.0,0.35,667.83231428256,-0.0,667.83231428256,26760.0,0.0
28.9,stop_hold,0.0,0.55,0.0,0.0,0.0,0.0,0.0,0.0,-0.0,5259.8358931260545,5102.040816332273,44000.0,0.0,43999.99999999991,43999.99999999991,-8.731149137020111e-11,24999.91584234241,1,0,1499.9949505405446,1799.9939406486487,0.0,0.0,0.0,0.0,0.0,0.35,667.83231428256,-0.0,667.83231428256,26760.0,0.0
28.95,stop_hold,0.0,0.55,0.0,0.0,0.0,0.0,0.0,0.0,-0.0,5259.8358931260545,5102.040816332273,44000.0,0.0,43999.99999999991,43999.99999999991,-8.731149137020111e-11,24999.91584234241,1,0,1499.9949505405446,1799.9939406486487,0.0,0.0,0.0,0.0,0.0,0.35,667.83231428256,-0.0,667.83231428256,26760.0,0.0
29.0,stop_hold,0.0,0.55,0.0,0.0,0.0,0.0,0.0,0.0,-0.0,5259.8358931260545,5102.040816332273,44000.0,0.0,43999.99999999991,43999.99999999991,-8.731149137020111e-11,24999.91584234241,1,0,1499.9949505405446,1799.9939406486487,0.0,0.0,0.0,0.0,0.0,0.35,667.83231428256,-0.0,667.83231428256,26760.0,0.0
29.05,stop_hold,0.0,0.55,0.0,0.0,0.0,0.0,0.0,0.0,-0.0,5259.8358931260545,5102.040816332273,44000.0,0.0,43999.99999999991,43999.99999999991,-8.731149137020111e-11,24999.91584234241,1,0,1499.9949505405446,1799.9939406486487,0.0,0.0,0.0,0.0,0.0,0.35,667.83231428256,-0.0,667.83231428256,26760.0,0.0
29.1,stop_hold,0.0,0.55,0.0,0.0,0.0,0.0,0.0,0.0,-0.0,5259.8358931260545,5102.040816332273,44000.0,0.0,43999.99999999991,43999.99999999991,-8.731149137020111e-11,24999.91584234241,1,0,1499.9949505405446,1799.9939406486487,0.0,0.0,0.0,0.0,0.0,0.35,667.83231428256,-0.0,667.83231428256,26760.0,0.0
29.15,stop_hold,0.0,0.55,0.0,0.0,0.0,0.0,0.0,0.0,-0.0,5259.8358931260545,5102.040816332273,44000.0,0.0,43999.99999999991,43999.99999999991,-8.731149137020111e-11,24999.91584234241,1,0,1499.9949505405446,1799.9939406486487,0.0,0.0,0.0,0.0,0.0,0.35,667.83231428256,-0.0,667.83231428256,26760.0,0.0
29.2,stop_hold,0.0,0.55,0.0,0.0,0.0,0.0,0.0,0.0,-0.0,5259.8358931260545,5102.040816332273,44000.0,0.0,43999.99999999991,43999.99999999991,-8.731149137020111e-11,24999.91584234241,1,0,1499.9949505405446,1799.9939406486487,0.0,0.0,0.0,0.0,0.0,0.35,667.83231428256,-0.0,667.83231428256,26760.0,0.0
29.25,stop_hold,0.0,0.55,0.0,0.0,0.0,0.0,0.0,0.0,-0.0,5259.8358931260545,5102.040816332273,44000.0,0.0,43999.99999999991,43999.99999999991,-8.731149137020111e-11,24999.91584234241,1,0,1499.9949505405446,1799.9939406486487,0.0,0.0,0.0,0.0,0.0,0.35,667.83231428256,-0.0,667.83231428256,26760.0,0.0
29.3,stop_hold,0.0,0.55,0.0,0.0,0.0,0.0,0.0,0.0,-0.0,5259.8358931260545,5102.040816332273,44000.0,0.0,43999.99999999991,43999.99999999991,-8.731149137020111e-11,24999.91584234241,1,0,1499.9949505405446,1799.9939406486487,0.0,0.0,0.0,0.0,0.0,0.35,667.83231428256,-0.0,667.83231428256,26760.0,0.0
29.35,stop_hold,0.0,0.55,0.0,0.0,0.0,0.0,0.0,0.0,-0.0,5259.8358931260545,5102.040816332273,44000.0,0.0,43999.99999999991,43999.99999999991,-8.731149137020111e-11,24999.91584234241,1,0,1499.9949505405446,1799.9939406486487,0.0,0.0,0.0,0.0,0.0,0.35,667.83231428256,-0.0,667.83231428256,26760.0,0.0
29.4,stop_hold,0.0,0.55,0.0,0.0,0.0,0.0,0.0,0.0,-0.0,5259.8358931260545,5102.040816332273,44000.0,0.0,43999.99999999991,43999.99999999991,-8.731149137020111e-11,24999.91584234241,1,0,1499.9949505405446,1799.9939406486487,0.0,0.0,0.0,0.0,0.0,0.35,667.83231428256,-0.0,667.83231428256,26760.0,0.0
29.45,stop_hold,0.0,0.55,0.0,0.0,0.0,0.0,0.0,0.0,-0.0,5259.8358931260545,5102.040816332273,44000.0,0.0,43999.99999999991,43999.99999999991,-8.731149137020111e-11,24999.91584234241,1,0,1499.9949505405446,1799.9939406486487,0.0,0.0,0.0,0.0,0.0,0.35,667.83231428256,-0.0,667.83231428256,26760.0,0.0
29.5,stop_hold,0.0,0.55,0.0,0.0,0.0,0.0,0.0,0.0,-0.0,5259.8358931260545,5102.040816332273,44000.0,0.0,43999.99999999991,43999.99999999991,-8.731149137020111e-11,24999.91584234241,1,0,1499.9949505405446,1799.9939406486487,0.0,0.0,0.0,0.0,0.0,0.35,667.83231428256,-0.0,667.83231428256,26760.0,0.0
29.55,stop_hold,0.0,0.55,0.0,0.0,0.0,0.0,0.0,0.0,-0.0,5259.8358931260545,5102.040816332273,44000.0,0.0,43999.99999999991,43999.99999999991,-8.731149137020111e-11,24999.91584234241,1,0,1499.9949505405446,1799.9939406486487,0.0,0.0,0.0,0.0,0.0,0.35,667.83231428256,-0.0,667.83231428256,26760.0,0.0
29.6,stop_hold,0.0,0.55,0.0,0.0,0.0,0.0,0.0,0.0,-0.0,5259.8358931260545,5102.040816332273,44000.0,0.0,43999.99999999991,43999.99999999991,-8.731149137020111e-11,24999.91584234241,1,0,1499.9949505405446,1799.9939406486487,0.0,0.0,0.0,0.0,0.0,0.35,667.83231428256,-0.0,667.83231428256,26760.0,0.0
29.65,stop_hold,0.0,0.55,0.0,0.0,0.0,0.0,0.0,0.0,-0.0,5259.8358931260545,5102.040816332273,44000.0,0.0,43999.99999999991,43999.99999999991,-8.731149137020111e-11,24999.91584234241,1,0,1499.9949505405446,1799.9939406486487,0.0,0.0,0.0,0.0,0.0,0.35,667.83231428256,-0.0,667.83231428256,26760.0,0.0
29.7,stop_hold,0.0,0.55,0.0,0.0,0.0,0.0,0.0,0.0,-0.0,5259.8358931260545,5102.040816332273,44000.0,0.0,43999.99999999991,43999.99999999991,-8.731149137020111e-11,24999.91584234241,1,0,1499.9949505405446,1799.9939406486487,0.0,0.0,0.0,0.0,0.0,0.35,667.83231428256,-0.0,667.83231428256,26760.0,0.0
29.75,stop_hold,0.0,0.55,0.0,0.0,0.0,0.0,0.0,0.0,-0.0,5259.8358931260545,5102.040816332273,44000.0,0.0,43999.99999999991,43999.99999999991,-8.731149137020111e-11,24999.91584234241,1,0,1499.9949505405446,1799.9939406486487,0.0,0.0,0.0,0.0,0.0,0.35,667.83231428256,-0.0,667.83231428256,26760.0,0.0
29.8,stop_hold,0.0,0.55,0.0,0.0,0.0,0.0,0.0,0.0,-0.0,5259.8358931260545,5102.040816332273,44000.0,0.0,43999.99999999991,43999.99999999991,-8.731149137020111e-11,24999.91584234241,1,0,1499.9949505405446,1799.9939406486487,0.0,0.0,0.0,0.0,0.0,0.35,667.83231428256,-0.0,667.83231428256,26760.0,0.0
29.85,stop_hold,0.0,0.55,0.0,0.0,0.0,0.0,0.0,0.0,-0.0,5259.8358931260545,5102.040816332273,44000.0,0.0,43999.99999999991,43999.99999999991,-8.731149137020111e-11,24999.91584234241,1,0,1499.9949505405446,1799.9939406486487,0.0,0.0,0.0,0.0,0.0,0.35,667.83231428256,-0.0,667.83231428256,26760.0,0.0
29.9,stop_hold,0.0,0.55,0.0,0.0,0.0,0.0,0.0,0.0,-0.0,5259.8358931260545,5102.040816332273,44000.0,0.0,43999.99999999991,43999.99999999991,-8.731149137020111e-11,24999.91584234241,1,0,1499.9949505405446,1799.9939406486487,0.0,0.0,0.0,0.0,0.0,0.35,667.83231428256,-0.0,667.83231428256,26760.0,0.0
29.95,stop_hold,0.0,0.55,0.0,0.0,0.0,0.0,0.0,0.0,-0.0,5259.8358931260545,5102.040816332273,44000.0,0.0,43999.99999999991,43999.99999999991,-8.731149137020111e-11,24999.91584234241,1,0,1499.9949505405446,1799.9939406486487,0.0,0.0,0.0,0.0,0.0,0.35,667.83231428256,-0.0,667.83231428256,26760.0,0.0
30.0,stop_hold,0.0,0.55,0.0,0.0,0.0,0.0,0.0,0.0,-0.0,5259.8358931260545,5102.040816332273,44000.0,0.0,43999.99999999991,43999.99999999991,-8.731149137020111e-11,24999.91584234241,1,0,1499.9949505405446,1799.9939406486487,0.0,0.0,0.0,0.0,0.0,0.35,667.83231428256,-0.0,667.83231428256,26760.0,0.0
30.05,stop_hold,0.0,0.55,0.0,0.0,0.0,0.0,0.0,0.0,-0.0,5259.8358931260545,5102.040816332273,44000.0,0.0,43999.99999999991,43999.99999999991,-8.731149137020111e-11,24999.91584234241,1,0,1499.9949505405446,1799.9939406486487,0.0,0.0,0.0,0.0,0.0,0.35,667.83231428256,-0.0,667.83231428256,26760.0,0.0
30.1,stop_hold,0.0,0.55,0.0,0.0,0.0,0.0,0.0,0.0,-0.0,5259.8358931260545,5102.040816332273,44000.0,0.0,43999.99999999991,43999.99999999991,-8.731149137020111e-11,24999.91584234241,1,0,1499.9949505405446,1799.9939406486487,0.0,0.0,0.0,0.0,0.0,0.35,667.83231428256,-0.0,667.83231428256,26760.0,0.0
30.15,stop_hold,0.0,0.55,0.0,0.0,0.0,0.0,0.0,0.0,-0.0,5259.8358931260545,5102.040816332273,44000.0,0.0,43999.99999999991,43999.99999999991,-8.731149137020111e-11,24999.91584234241,1,0,1499.9949505405446,1799.9939406486487,0.0,0.0,0.0,0.0,0.0,0.35,667.83231428256,-0.0,667.83231428256,26760.0,0.0
30.2,stop_hold,0.0,0.55,0.0,0.0,0.0,0.0,0.0,0.0,-0.0,5259.8358931260545,5102.040816332273,44000.0,0.0,43999.99999999991,43999.99999999991,-8.731149137020111e-11,24999.91584234241,1,0,1499.9949505405446,1799.9939406486487,0.0,0.0,0.0,0.0,0.0,0.35,667.83231428256,-0.0,667.83231428256,26760.0,0.0
30.25,stop_hold,0.0,0.55,0.0,0.0,0.0,0.0,0.0,0.0,-0.0,5259.8358931260545,5102.040816332273,44000.0,0.0,43999.99999999991,43999.99999999991,-8.731149137020111e-11,24999.91584234241,1,0,1499.9949505405446,1799.9939406486487,0.0,0.0,0.0,0.0,0.0,0.35,667.83231428256,-0.0,667.83231428256,26760.0,0.0
30.3,stop_hold,0.0,0.55,0.0,0.0,0.0,0.0,0.0,0.0,-0.0,5259.8358931260545,5102.040816332273,44000.0,0.0,43999.99999999991,43999.99999999991,-8.731149137020111e-11,24999.91584234241,1,0,1499.9949505405446,1799.9939406486487,0.0,0.0,0.0,0.0,0.0,0.35,667.83231428256,-0.0,667.83231428256,26760.0,0.0
30.35,stop_hold,0.0,0.55,0.0,0.0,0.0,0.0,0.0,0.0,-0.0,5259.8358931260545,5102.040816332273,44000.0,0.0,43999.99999999991,43999.99999999991,-8.731149137020111e-11,24999.91584234241,1,0,1499.9949505405446,1799.9939406486487,0.0,0.0,0.0,0.0,0.0,0.35,667.83231428256,-0.0,667.83231428256,26760.0,0.0
30.4,stop_hold,0.0,0.55,0.0,0.0,0.0,0.0,0.0,0.0,-0.0,5259.8358931260545,5102.040816332273,44000.0,0.0,43999.99999999991,43999.99999999991,-8.731149137020111e-11,24999.91584234241,1,0,1499.9949505405446,1799.9939406486487,0.0,0.0,0.0,0.0,0.0,0.35,667.83231428256,-0.0,667.83231428256,26760.0,0.0
30.45,stop_hold,0.0,0.55,0.0,0.0,0.0,0.0,0.0,0.0,-0.0,5259.8358931260545,5102.040816332273,44000.0,0.0,43999.99999999991,43999.99999999991,-8.731149137020111e-11,24999.91584234241,1,0,1499.9949505405446,1799.9939406486487,0.0,0.0,0.0,0.0,0.0,0.35,667.83231428256,-0.0,667.83231428256,26760.0,0.0
30.5,stop_hold,0.0,0.55,0.0,0.0,0.0,0.0,0.0,0.0,-0.0,5259.8358931260545,5102.040816332273,44000.0,0.0,43999.99999999991,43999.99999999991,-8.731149137020111e-11,24999.91584234241,1,0,1499.9949505405446,1799.9939406486487,0.0,0.0,0.0,0.0,0.0,0.35,667.83231428256,-0.0,667.83231428256,26760.0,0.0
30.55,stop_hold,0.0,0.55,0.0,0.0,0.0,0.0,0.0,0.0,-0.0,5259.8358931260545,5102.040816332273,44000.0,0.0,43999.99999999991,43999.99999999991,-8.731149137020111e-11,24999.91584234241,1,0,1499.9949505405446,1799.9939406486487,0.0,0.0,0.0,0.0,0.0,0.35,667.83231428256,-0.0,667.83231428256,26760.0,0.0
30.6,stop_hold,0.0,0.55,0.0,0.0,0.0,0.0,0.0,0.0,-0.0,5259.8358931260545,5102.040816332273,44000.0,0.0,43999.99999999991,43999.99999999991,-8.731149137020111e-11,24999.91584234241,1,0,1499.9949505405446,1799.9939406486487,0.0,0.0,0.0,0.0,0.0,0.35,667.83231428256,-0.0,667.83231428256,26760.0,0.0
30.65,stop_hold,0.0,0.55,0.0,0.0,0.0,0.0,0.0,0.0,-0.0,5259.8358931260545,5102.040816332273,44000.0,0.0,43999.99999999991,43999.99999999991,-8.731149137020111e-11,24999.91584234241,1,0,1499.9949505405446,1799.9939406486487,0.0,0.0,0.0,0.0,0.0,0.35,667.83231428256,-0.0,667.83231428256,26760.0,0.0
30.7,stop_hold,0.0,0.55,0.0,0.0,0.0,0.0,0.0,0.0,-0.0,5259.8358931260545,5102.040816332273,44000.0,0.0,43999.99999999991,43999.99999999991,-8.731149137020111e-11,24999.91584234241,1,0,1499.9949505405446,1799.9939406486487,0.0,0.0,0.0,0.0,0.0,0.35,667.83231428256,-0.0,667.83231428256,26760.0,0.0
30.75,stop_hold,0.0,0.55,0.0,0.0,0.0,0.0,0.0,0.0,-0.0,5259.8358931260545,5102.040816332273,44000.0,0.0,43999.99999999991,43999.99999999991,-8.731149137020111e-11,24999.91584234241,1,0,1499.9949505405446,1799.9939406486487,0.0,0.0,0.0,0.0,0.0,0.35,667.83231428256,-0.0,667.83231428256,26760.0,0.0
30.8,stop_hold,0.0,0.55,0.0,0.0,0.0,0.0,0.0,0.0,-0.0,5259.8358931260545,5102.040816332273,44000.0,0.0,43999.99999999991,43999.99999999991,-8.731149137020111e-11,24999.91584234241,1,0,1499.9949505405446,1799.9939406486487,0.0,0.0,0.0,0.0,0.0,0.35,667.83231428256,-0.0,667.83231428256,26760.0,0.0
30.85,stop_hold,0.0,0.55,0.0,0.0,0.0,0.0,0.0,0.0,-0.0,5259.8358931260545,5102.040816332273,44000.0,0.0,43999.99999999991,43999.99999999991,-8.731149137020111e-11,24999.91584234241,1,0,1499.9949505405446,1799.9939406486487,0.0,0.0,0.0,0.0,0.0,0.35,667.83231428256,-0.0,667.83231428256,26760.0,0.0
30.9,stop_hold,0.0,0.55,0.0,0.0,0.0,0.0,0.0,0.0,-0.0,5259.8358931260545,5102.040816332273,44000.0,0.0,43999.99999999991,43999.99999999991,-8.731149137020111e-11,24999.91584234241,1,0,1499.9949505405446,1799.9939406486487,0.0,0.0,0.0,0.0,0.0,0.35,667.83231428256,-0.0,667.83231428256,26760.0,0.0
30.95,stop_hold,0.0,0.55,0.0,0.0,0.0,0.0,0.0,0.0,-0.0,5259.8358931260545,5102.040816332273,44000.0,0.0,43999.99999999991,43999.99999999991,-8.731149137020111e-11,24999.91584234241,1,0,1499.9949505405446,1799.9939406486487,0.0,0.0,0.0,0.0,0.0,0.35,667.83231428256,-0.0,667.83231428256,26760.0,0.0
31.0,stop_hold,0.0,0.55,0.0,0.0,0.0,0.0,0.0,0.0,-0.0,5259.8358931260545,5102.040816332273,44000.0,0.0,43999.99999999991,43999.99999999991,-8.731149137020111e-11,24999.91584234241,1,0,1499.9949505405446,1799.9939406486487,0.0,0.0,0.0,0.0,0.0,0.35,667.83231428256,-0.0,667.83231428256,26760.0,0.0
31.05,stop_hold,0.0,0.55,0.0,0.0,0.0,0.0,0.0,0.0,-0.0,5259.8358931260545,5102.040816332273,44000.0,0.0,43999.99999999991,43999.99999999991,-8.731149137020111e-11,24999.91584234241,1,0,1499.9949505405446,1799.9939406486487,0.0,0.0,0.0,0.0,0.0,0.35,667.83231428256,-0.0,667.83231428256,26760.0,0.0
31.1,stop_hold,0.0,0.55,0.0,0.0,0.0,0.0,0.0,0.0,-0.0,5259.8358931260545,5102.040816332273,44000.0,0.0,43999.99999999991,43999.99999999991,-8.731149137020111e-11,24999.91584234241,1,0,1499.9949505405446,1799.9939406486487,0.0,0.0,0.0,0.0,0.0,0.35,667.83231428256,-0.0,667.83231428256,26760.0,0.0
31.15,stop_hold,0.0,0.55,0.0,0.0,0.0,0.0,0.0,0.0,-0.0,5259.8358931260545,5102.040816332273,44000.0,0.0,43999.99999999991,43999.99999999991,-8.731149137020111e-11,24999.91584234241,1,0,1499.9949505405446,1799.9939406486487,0.0,0.0,0.0,0.0,0.0,0.35,667.83231428256,-0.0,667.83231428256,26760.0,0.0
31.2,stop_hold,0.0,0.55,0.0,0.0,0.0,0.0,0.0,0.0,-0.0,5259.8358931260545,5102.040816332273,44000.0,0.0,43999.99999999991,43999.99999999991,-8.731149137020111e-11,24999.91584234241,1,0,1499.9949505405446,1799.9939406486487,0.0,0.0,0.0,0.0,0.0,0.35,667.83231428256,-0.0,667.83231428256,26760.0,0.0
31.25,stop_hold,0.0,0.55,0.0,0.0,0.0,0.0,0.0,0.0,-0.0,5259.8358931260545,5102.040816332273,44000.0,0.0,43999.99999999991,43999.99999999991,-8.731149137020111e-11,24999.91584234241,1,0,1499.9949505405446,1799.9939406486487,0.0,0.0,0.0,0.0,0.0,0.35,667.83231428256,-0.0,667.83231428256,26760.0,0.0
31.3,stop_hold,0.0,0.55,0.0,0.0,0.0,0.0,0.0,0.0,-0.0,5259.8358931260545,5102.040816332273,44000.0,0.0,43999.99999999991,43999.99999999991,-8.731149137020111e-11,24999.91584234241,1,0,1499.9949505405446,1799.9939406486487,0.0,0.0,0.0,0.0,0.0,0.35,667.83231428256,-0.0,667.83231428256,26760.0,0.0
31.35,stop_hold,0.0,0.55,0.0,0.0,0.0,0.0,0.0,0.0,-0.0,5259.8358931260545,5102.040816332273,44000.0,0.0,43999.99999999991,43999.99999999991,-8.731149137020111e-11,24999.91584234241,1,0,1499.9949505405446,1799.9939406486487,0.0,0.0,0.0,0.0,0.0,0.35,667.83231428256,-0.0,667.83231428256,26760.0,0.0
31.4,stop_hold,0.0,0.55,0.0,0.0,0.0,0.0,0.0,0.0,-0.0,5259.8358931260545,5102.040816332273,44000.0,0.0,43999.99999999991,43999.99999999991,-8.731149137020111e-11,24999.91584234241,1,0,1499.9949505405446,1799.9939406486487,0.0,0.0,0.0,0.0,0.0,0.35,667.83231428256,-0.0,667.83231428256,26760.0,0.0
31.45,stop_hold,0.0,0.55,0.0,0.0,0.0,0.0,0.0,0.0,-0.0,5259.8358931260545,5102.040816332273,44000.0,0.0,43999.99999999991,43999.99999999991,-8.731149137020111e-11,24999.91584234241,1,0,1499.9949505405446,1799.9939406486487,0.0,0.0,0.0,0.0,0.0,0.35,667.83231428256,-0.0,667.83231428256,26760.0,0.0
31.5,stop_hold,0.0,0.55,0.0,0.0,0.0,0.0,0.0,0.0,-0.0,5259.8358931260545,5102.040816332273,44000.0,0.0,43999.99999999991,43999.99999999991,-8.731149137020111e-11,24999.91584234241,1,0,1499.9949505405446,1799.9939406486487,0.0,0.0,0.0,0.0,0.0,0.35,667.83231428256,-0.0,667.83231428256,26760.0,0.0
31.55,stop_hold,0.0,0.55,0.0,0.0,0.0,0.0,0.0,0.0,-0.0,5259.8358931260545,5102.040816332273,44000.0,0.0,43999.99999999991,43999.99999999991,-8.731149137020111e-11,24999.91584234241,1,0,1499.9949505405446,1799.9939406486487,0.0,0.0,0.0,0.0,0.0,0.35,667.83231428256,-0.0,667.83231428256,26760.0,0.0
31.6,stop_hold,0.0,0.55,0.0,0.0,0.0,0.0,0.0,0.0,-0.0,5259.8358931260545,5102.040816332273,44000.0,0.0,43999.99999999991,43999.99999999991,-8.731149137020111e-11,24999.91584234241,1,0,1499.9949505405446,1799.9939406486487,0.0,0.0,0.0,0.0,0.0,0.35,667.83231428256,-0.0,667.83231428256,26760.0,0.0
31.65,stop_hold,0.0,0.55,0.0,0.0,0.0,0.0,0.0,0.0,-0.0,5259.8358931260545,5102.040816332273,44000.0,0.0,43999.99999999991,43999.99999999991,-8.731149137020111e-11,24999.91584234241,1,0,1499.9949505405446,1799.9939406486487,0.0,0.0,0.0,0.0,0.0,0.35,667.83231428256,-0.0,667.83231428256,26760.0,0.0
31.7,stop_hold,0.0,0.55,0.0,0.0,0.0,0.0,0.0,0.0,-0.0,5259.8358931260545,5102.040816332273,44000.0,0.0,43999.99999999991,43999.99999999991,-8.731149137020111e-11,24999.91584234241,1,0,1499.9949505405446,1799.9939406486487,0.0,0.0,0.0,0.0,0.0,0.35,667.83231428256,-0.0,667.83231428256,26760.0,0.0
31.75,stop_hold,0.0,0.55,0.0,0.0,0.0,0.0,0.0,0.0,-0.0,5259.8358931260545,5102.040816332273,44000.0,0.0,43999.99999999991,43999.99999999991,-8.731149137020111e-11,24999.91584234241,1,0,1499.9949505405446,1799.9939406486487,0.0,0.0,0.0,0.0,0.0,0.35,667.83231428256,-0.0,667.83231428256,26760.0,0.0
31.8,stop_hold,0.0,0.55,0.0,0.0,0.0,0.0,0.0,0.0,-0.0,5259.8358931260545,5102.040816332273,44000.0,0.0,43999.99999999991,43999.99999999991,-8.731149137020111e-11,24999.91584234241,1,0,1499.9949505405446,1799.9939406486487,0.0,0.0,0.0,0.0,0.0,0.35,667.83231428256,-0.0,667.83231428256,26760.0,0.0
31.85,stop_hold,0.0,0.55,0.0,0.0,0.0,0.0,0.0,0.0,-0.0,5259.8358931260545,5102.040816332273,44000.0,0.0,43999.99999999991,43999.99999999991,-8.731149137020111e-11,24999.91584234241,1,0,1499.9949505405446,1799.9939406486487,0.0,0.0,0.0,0.0,0.0,0.35,667.83231428256,-0.0,667.83231428256,26760.0,0.0
31.9,stop_hold,0.0,0.55,0.0,0.0,0.0,0.0,0.0,0.0,-0.0,5259.8358931260545,5102.040816332273,44000.0,0.0,43999.99999999991,43999.99999999991,-8.731149137020111e-11,24999.91584234241,1,0,1499.9949505405446,1799.9939406486487,0.0,0.0,0.0,0.0,0.0,0.35,667.83231428256,-0.0,667.83231428256,26760.0,0.0
31.95,stop_hold,0.0,0.55,0.0,0.0,0.0,0.0,0.0,0.0,-0.0,5259.8358931260545,5102.040816332273,44000.0,0.0,43999.99999999991,43999.99999999991,-8.731149137020111e-11,24999.91584234241,1,0,1499.9949505405446,1799.9939406486487,0.0,0.0,0.0,0.0,0.0,0.35,667.83231428256,-0.0,667.83231428256,26760.0,0.0
32.0,stop_hold,0.0,0.55,0.0,0.0,0.0,0.0,0.0,0.0,-0.0,5259.8358931260545,5102.040816332273,44000.0,0.0,43999.99999999991,43999.99999999991,-8.731149137020111e-11,24999.91584234241,1,0,1499.9949505405446,1799.9939406486487,0.0,0.0,0.0,0.0,0.0,0.35,667.83231428256,-0.0,667.83231428256,26760.0,0.0
32.05,stop_hold,0.0,0.55,0.0,0.0,0.0,0.0,0.0,0.0,-0.0,5259.8358931260545,5102.040816332273,44000.0,0.0,43999.99999999991,43999.99999999991,-8.731149137020111e-11,24999.91584234241,1,0,1499.9949505405446,1799.9939406486487,0.0,0.0,0.0,0.0,0.0,0.35,667.83231428256,-0.0,667.83231428256,26760.0,0.0
32.1,stop_hold,0.0,0.55,0.0,0.0,0.0,0.0,0.0,0.0,-0.0,5259.8358931260545,5102.040816332273,44000.0,0.0,43999.99999999991,43999.99999999991,-8.731149137020111e-11,24999.91584234241,1,0,1499.9949505405446,1799.9939406486487,0.0,0.0,0.0,0.0,0.0,0.35,667.83231428256,-0.0,667.83231428256,26760.0,0.0
32.15,stop_hold,0.0,0.55,0.0,0.0,0.0,0.0,0.0,0.0,-0.0,5259.8358931260545,5102.040816332273,44000.0,0.0,43999.99999999991,43999.99999999991,-8.731149137020111e-11,24999.91584234241,1,0,1499.9949505405446,1799.9939406486487,0.0,0.0,0.0,0.0,0.0,0.35,667.83231428256,-0.0,667.83231428256,26760.0,0.0
32.2,stop_hold,0.0,0.55,0.0,0.0,0.0,0.0,0.0,0.0,-0.0,5259.8358931260545,5102.040816332273,44000.0,0.0,43999.99999999991,43999.99999999991,-8.731149137020111e-11,24999.91584234241,1,0,1499.9949505405446,1799.9939406486487,0.0,0.0,0.0,0.0,0.0,0.35,667.83231428256,-0.0,667.83231428256,26760.0,0.0
32.25,stop_hold,0.0,0.55,0.0,0.0,0.0,0.0,0.0,0.0,-0.0,5259.8358931260545,5102.040816332273,44000.0,0.0,43999.99999999991,43999.99999999991,-8.731149137020111e-11,24999.91584234241,1,0,1499.9949505405446,1799.9939406486487,0.0,0.0,0.0,0.0,0.0,0.35,667.83231428256,-0.0,667.83231428256,26760.0,0.0
32.3,stop_hold,0.0,0.55,0.0,0.0,0.0,0.0,0.0,0.0,-0.0,5259.8358931260545,5102.040816332273,44000.0,0.0,43999.99999999991,43999.99999999991,-8.731149137020111e-11,24999.91584234241,1,0,1499.9949505405446,1799.9939406486487,0.0,0.0,0.0,0.0,0.0,0.35,667.83231428256,-0.0,667.83231428256,26760.0,0.0
32.35,stop_hold,0.0,0.55,0.0,0.0,0.0,0.0,0.0,0.0,-0.0,5259.8358931260545,5102.040816332273,44000.0,0.0,43999.99999999991,43999.99999999991,-8.731149137020111e-11,24999.91584234241,1,0,1499.9949505405446,1799.9939406486487,0.0,0.0,0.0,0.0,0.0,0.35,667.83231428256,-0.0,667.83231428256,26760.0,0.0
32.4,stop_hold,0.0,0.55,0.0,0.0,0.0,0.0,0.0,0.0,-0.0,5259.8358931260545,5102.040816332273,44000.0,0.0,43999.99999999991,43999.99999999991,-8.731149137020111e-11,24999.91584234241,1,0,1499.9949505405446,1799.9939406486487,0.0,0.0,0.0,0.0,0.0,0.35,667.83231428256,-0.0,667.83231428256,26760.0,0.0
32.45,stop_hold,0.0,0.55,0.0,0.0,0.0,0.0,0.0,0.0,-0.0,5259.8358931260545,5102.040816332273,44000.0,0.0,43999.99999999991,43999.99999999991,-8.731149137020111e-11,24999.91584234241,1,0,1499.9949505405446,1799.9939406486487,0.0,0.0,0.0,0.0,0.0,0.35,667.83231428256,-0.0,667.83231428256,26760.0,0.0
32.5,stop_hold,0.0,0.55,0.0,0.0,0.0,0.0,0.0,0.0,-0.0,5259.8358931260545,5102.040816332273,44000.0,0.0,43999.99999999991,43999.99999999991,-8.731149137020111e-11,24999.91584234241,1,0,1499.9949505405446,1799.9939406486487,0.0,0.0,0.0,0.0,0.0,0.35,667.83231428256,-0.0,667.83231428256,26760.0,0.0
32.55,stop_hold,0.0,0.55,0.0,0.0,0.0,0.0,0.0,0.0,-0.0,5259.8358931260545,5102.040816332273,44000.0,0.0,43999.99999999991,43999.99999999991,-8.731149137020111e-11,24999.91584234241,1,0,1499.9949505405446,1799.9939406486487,0.0,0.0,0.0,0.0,0.0,0.35,667.83231428256,-0.0,667.83231428256,26760.0,0.0
32.6,stop_hold,0.0,0.55,0.0,0.0,0.0,0.0,0.0,0.0,-0.0,5259.8358931260545,5102.040816332273,44000.0,0.0,43999.99999999991,43999.99999999991,-8.731149137020111e-11,24999.91584234241,1,0,1499.9949505405446,1799.9939406486487,0.0,0.0,0.0,0.0,0.0,0.35,667.83231428256,-0.0,667.83231428256,26760.0,0.0
32.65,stop_hold,0.0,0.55,0.0,0.0,0.0,0.0,0.0,0.0,-0.0,5259.8358931260545,5102.040816332273,44000.0,0.0,43999.99999999991,43999.99999999991,-8.731149137020111e-11,24999.91584234241,1,0,1499.9949505405446,1799.9939406486487,0.0,0.0,0.0,0.0,0.0,0.35,667.83231428256,-0.0,667.83231428256,26760.0,0.0
32.7,stop_hold,0.0,0.55,0.0,0.0,0.0,0.0,0.0,0.0,-0.0,5259.8358931260545,5102.040816332273,44000.0,0.0,43999.99999999991,43999.99999999991,-8.731149137020111e-11,24999.91584234241,1,0,1499.9949505405446,1799.9939406486487,0.0,0.0,0.0,0.0,0.0,0.35,667.83231428256,-0.0,667.83231428256,26760.0,0.0
32.75,stop_hold,0.0,0.55,0.0,0.0,0.0,0.0,0.0,0.0,-0.0,5259.8358931260545,5102.040816332273,44000.0,0.0,43999.99999999991,43999.99999999991,-8.731149137020111e-11,24999.91584234241,1,0,1499.9949505405446,1799.9939406486487,0.0,0.0,0.0,0.0,0.0,0.35,667.83231428256,-0.0,667.83231428256,26760.0,0.0
32.8,stop_hold,0.0,0.55,0.0,0.0,0.0,0.0,0.0,0.0,-0.0,5259.8358931260545,5102.040816332273,44000.0,0.0,43999.99999999991,43999.99999999991,-8.731149137020111e-11,24999.91584234241,1,0,1499.9949505405446,1799.9939406486487,0.0,0.0,0.0,0.0,0.0,0.35,667.83231428256,-0.0,667.83231428256,26760.0,0.0
32.85,stop_hold,0.0,0.55,0.0,0.0,0.0,0.0,0.0,0.0,-0.0,5259.8358931260545,5102.040816332273,44000.0,0.0,43999.99999999991,43999.99999999991,-8.731149137020111e-11,24999.91584234241,1,0,1499.9949505405446,1799.9939406486487,0.0,0.0,0.0,0.0,0.0,0.35,667.83231428256,-0.0,667.83231428256,26760.0,0.0
32.9,stop_hold,0.0,0.55,0.0,0.0,0.0,0.0,0.0,0.0,-0.0,5259.8358931260545,5102.040816332273,44000.0,0.0,43999.99999999991,43999.99999999991,-8.731149137020111e-11,24999.91584234241,1,0,1499.9949505405446,1799.9939406486487,0.0,0.0,0.0,0.0,0.0,0.35,667.83231428256,-0.0,667.83231428256,26760.0,0.0
32.95,stop_hold,0.0,0.55,0.0,0.0,0.0,0.0,0.0,0.0,-0.0,5259.8358931260545,5102.040816332273,44000.0,0.0,43999.99999999991,43999.99999999991,-8.731149137020111e-11,24999.91584234241,1,0,1499.9949505405446,1799.9939406486487,0.0,0.0,0.0,0.0,0.0,0.35,667.83231428256,-0.0,667.83231428256,26760.0,0.0
33.0,stop_hold,0.0,0.55,0.0,0.0,0.0,0.0,0.0,0.0,-0.0,5259.8358931260545,5102.040816332273,44000.0,0.0,43999.99999999991,43999.99999999991,-8.731149137020111e-11,24999.91584234241,1,0,1499.9949505405446,1799.9939406486487,0.0,0.0,0.0,0.0,0.0,0.35,667.83231428256,-0.0,667.83231428256,26760.0,0.0
33.05,stop_hold,0.0,0.55,0.0,0.0,0.0,0.0,0.0,0.0,-0.0,5259.8358931260545,5102.040816332273,44000.0,0.0,43999.99999999991,43999.99999999991,-8.731149137020111e-11,24999.91584234241,1,0,1499.9949505405446,1799.9939406486487,0.0,0.0,0.0,0.0,0.0,0.35,667.83231428256,-0.0,667.83231428256,26760.0,0.0
33.1,stop_hold,0.0,0.55,0.0,0.0,0.0,0.0,0.0,0.0,-0.0,5259.8358931260545,5102.040816332273,44000.0,0.0,43999.99999999991,43999.99999999991,-8.731149137020111e-11,24999.91584234241,1,0,1499.9949505405446,1799.9939406486487,0.0,0.0,0.0,0.0,0.0,0.35,667.83231428256,-0.0,667.83231428256,26760.0,0.0
33.15,stop_hold,0.0,0.55,0.0,0.0,0.0,0.0,0.0,0.0,-0.0,5259.8358931260545,5102.040816332273,44000.0,0.0,43999.99999999991,43999.99999999991,-8.731149137020111e-11,24999.91584234241,1,0,1499.9949505405446,1799.9939406486487,0.0,0.0,0.0,0.0,0.0,0.35,667.83231428256,-0.0,667.83231428256,26760.0,0.0
33.2,stop_hold,0.0,0.55,0.0,0.0,0.0,0.0,0.0,0.0,-0.0,5259.8358931260545,5102.040816332273,44000.0,0.0,43999.99999999991,43999.99999999991,-8.731149137020111e-11,24999.91584234241,1,0,1499.9949505405446,1799.9939406486487,0.0,0.0,0.0,0.0,0.0,0.35,667.83231428256,-0.0,667.83231428256,26760.0,0.0
33.25,stop_hold,0.0,0.55,0.0,0.0,0.0,0.0,0.0,0.0,-0.0,5259.8358931260545,5102.040816332273,44000.0,0.0,43999.99999999991,43999.99999999991,-8.731149137020111e-11,24999.91584234241,1,0,1499.9949505405446,1799.9939406486487,0.0,0.0,0.0,0.0,0.0,0.35,667.83231428256,-0.0,667.83231428256,26760.0,0.0
33.3,stop_hold,0.0,0.55,0.0,0.0,0.0,0.0,0.0,0.0,-0.0,5259.8358931260545,5102.040816332273,44000.0,0.0,43999.99999999991,43999.99999999991,-8.731149137020111e-11,24999.91584234241,1,0,1499.9949505405446,1799.9939406486487,0.0,0.0,0.0,0.0,0.0,0.35,667.83231428256,-0.0,667.83231428256,26760.0,0.0
33.35,stop_hold,0.0,0.55,0.0,0.0,0.0,0.0,0.0,0.0,-0.0,5259.8358931260545,5102.040816332273,44000.0,0.0,43999.99999999991,43999.99999999991,-8.731149137020111e-11,24999.91584234241,1,0,1499.9949505405446,1799.9939406486487,0.0,0.0,0.0,0.0,0.0,0.35,667.83231428256,-0.0,667.83231428256,26760.0,0.0
33.4,stop_hold,0.0,0.55,0.0,0.0,0.0,0.0,0.0,0.0,-0.0,5259.8358931260545,5102.040816332273,44000.0,0.0,43999.99999999991,43999.99999999991,-8.731149137020111e-11,24999.91584234241,1,0,1499.9949505405446,1799.9939406486487,0.0,0.0,0.0,0.0,0.0,0.35,667.83231428256,-0.0,667.83231428256,26760.0,0.0
33.45,stop_hold,0.0,0.55,0.0,0.0,0.0,0.0,0.0,0.0,-0.0,5259.8358931260545,5102.040816332273,44000.0,0.0,43999.99999999991,43999.99999999991,-8.731149137020111e-11,24999.91584234241,1,0,1499.9949505405446,1799.9939406486487,0.0,0.0,0.0,0.0,0.0,0.35,667.83231428256,-0.0,667.83231428256,26760.0,0.0
33.5,stop_hold,0.0,0.55,0.0,0.0,0.0,0.0,0.0,0.0,-0.0,5259.8358931260545,5102.040816332273,44000.0,0.0,43999.99999999991,43999.99999999991,-8.731149137020111e-11,24999.91584234241,1,0,1499.9949505405446,1799.9939406486487,0.0,0.0,0.0,0.0,0.0,0.35,667.83231428256,-0.0,667.83231428256,26760.0,0.0
33.55,stop_hold,0.0,0.55,0.0,0.0,0.0,0.0,0.0,0.0,-0.0,5259.8358931260545,5102.040816332273,44000.0,0.0,43999.99999999991,43999.99999999991,-8.731149137020111e-11,24999.91584234241,1,0,1499.9949505405446,1799.9939406486487,0.0,0.0,0.0,0.0,0.0,0.35,667.83231428256,-0.0,667.83231428256,26760.0,0.0
33.6,stop_hold,0.0,0.55,0.0,0.0,0.0,0.0,0.0,0.0,-0.0,5259.8358931260545,5102.040816332273,44000.0,0.0,43999.99999999991,43999.99999999991,-8.731149137020111e-11,24999.91584234241,1,0,1499.9949505405446,1799.9939406486487,0.0,0.0,0.0,0.0,0.0,0.35,667.83231428256,-0.0,667.83231428256,26760.0,0.0
33.65,stop_hold,0.0,0.55,0.0,0.0,0.0,0.0,0.0,0.0,-0.0,5259.8358931260545,5102.040816332273,44000.0,0.0,43999.99999999991,43999.99999999991,-8.731149137020111e-11,24999.91584234241,1,0,1499.9949505405446,1799.9939406486487,0.0,0.0,0.0,0.0,0.0,0.35,667.83231428256,-0.0,667.83231428256,26760.0,0.0
33.7,stop_hold,0.0,0.55,0.0,0.0,0.0,0.0,0.0,0.0,-0.0,5259.8358931260545,5102.040816332273,44000.0,0.0,43999.99999999991,43999.99999999991,-8.731149137020111e-11,24999.91584234241,1,0,1499.9949505405446,1799.9939406486487,0.0,0.0,0.0,0.0,0.0,0.35,667.83231428256,-0.0,667.83231428256,26760.0,0.0
33.75,stop_hold,0.0,0.55,0.0,0.0,0.0,0.0,0.0,0.0,-0.0,5259.8358931260545,5102.040816332273,44000.0,0.0,43999.99999999991,43999.99999999991,-8.731149137020111e-11,24999.91584234241,1,0,1499.9949505405446,1799.9939406486487,0.0,0.0,0.0,0.0,0.0,0.35,667.83231428256,-0.0,667.83231428256,26760.0,0.0
33.8,stop_hold,0.0,0.55,0.0,0.0,0.0,0.0,0.0,0.0,-0.0,5259.8358931260545,5102.040816332273,44000.0,0.0,43999.99999999991,43999.99999999991,-8.731149137020111e-11,24999.91584234241,1,0,1499.9949505405446,1799.9939406486487,0.0,0.0,0.0,0.0,0.0,0.35,667.83231428256,-0.0,667.83231428256,26760.0,0.0
33.85,stop_hold,0.0,0.55,0.0,0.0,0.0,0.0,0.0,0.0,-0.0,5259.8358931260545,5102.040816332273,44000.0,0.0,43999.99999999991,43999.99999999991,-8.731149137020111e-11,24999.91584234241,1,0,1499.9949505405446,1799.9939406486487,0.0,0.0,0.0,0.0,0.0,0.35,667.83231428256,-0.0,667.83231428256,26760.0,0.0
33.9,stop_hold,0.0,0.55,0.0,0.0,0.0,0.0,0.0,0.0,-0.0,5259.8358931260545,5102.040816332273,44000.0,0.0,43999.99999999991,43999.99999999991,-8.731149137020111e-11,24999.91584234241,1,0,1499.9949505405446,1799.9939406486487,0.0,0.0,0.0,0.0,0.0,0.35,667.83231428256,-0.0,667.83231428256,26760.0,0.0
33.95,stop_hold,0.0,0.55,0.0,0.0,0.0,0.0,0.0,0.0,-0.0,5259.8358931260545,5102.040816332273,44000.0,0.0,43999.99999999991,43999.99999999991,-8.731149137020111e-11,24999.91584234241,1,0,1499.9949505405446,1799.9939406486487,0.0,0.0,0.0,0.0,0.0,0.35,667.83231428256,-0.0,667.83231428256,26760.0,0.0
34.0,stop_hold,0.0,0.55,0.0,0.0,0.0,0.0,0.0,0.0,-0.0,5259.8358931260545,5102.040816332273,44000.0,0.0,43999.99999999991,43999.99999999991,-8.731149137020111e-11,24999.91584234241,1,0,1499.9949505405446,1799.9939406486487,0.0,0.0,0.0,0.0,0.0,0.35,667.83231428256,-0.0,667.83231428256,26760.0,0.0
34.05,stop_hold,0.0,0.55,0.0,0.0,0.0,0.0,0.0,0.0,-0.0,5259.8358931260545,5102.040816332273,44000.0,0.0,43999.99999999991,43999.99999999991,-8.731149137020111e-11,24999.91584234241,1,0,1499.9949505405446,1799.9939406486487,0.0,0.0,0.0,0.0,0.0,0.35,667.83231428256,-0.0,667.83231428256,26760.0,0.0
34.1,stop_hold,0.0,0.55,0.0,0.0,0.0,0.0,0.0,0.0,-0.0,5259.8358931260545,5102.040816332273,44000.0,0.0,43999.99999999991,43999.99999999991,-8.731149137020111e-11,24999.91584234241,1,0,1499.9949505405446,1799.9939406486487,0.0,0.0,0.0,0.0,0.0,0.35,667.83231428256,-0.0,667.83231428256,26760.0,0.0
34.15,stop_hold,0.0,0.55,0.0,0.0,0.0,0.0,0.0,0.0,-0.0,5259.8358931260545,5102.040816332273,44000.0,0.0,43999.99999999991,43999.99999999991,-8.731149137020111e-11,24999.91584234241,1,0,1499.9949505405446,1799.9939406486487,0.0,0.0,0.0,0.0,0.0,0.35,667.83231428256,-0.0,667.83231428256,26760.0,0.0
34.2,stop_hold,0.0,0.55,0.0,0.0,0.0,0.0,0.0,0.0,-0.0,5259.8358931260545,5102.040816332273,44000.0,0.0,43999.99999999991,43999.99999999991,-8.731149137020111e-11,24999.91584234241,1,0,1499.9949505405446,1799.9939406486487,0.0,0.0,0.0,0.0,0.0,0.35,667.83231428256,-0.0,667.83231428256,26760.0,0.0
34.25,stop_hold,0.0,0.55,0.0,0.0,0.0,0.0,0.0,0.0,-0.0,5259.8358931260545,5102.040816332273,44000.0,0.0,43999.99999999991,43999.99999999991,-8.731149137020111e-11,24999.91584234241,1,0,1499.9949505405446,1799.9939406486487,0.0,0.0,0.0,0.0,0.0,0.35,667.83231428256,-0.0,667.83231428256,26760.0,0.0
34.3,stop_hold,0.0,0.55,0.0,0.0,0.0,0.0,0.0,0.0,-0.0,5259.8358931260545,5102.040816332273,44000.0,0.0,43999.99999999991,43999.99999999991,-8.731149137020111e-11,24999.91584234241,1,0,1499.9949505405446,1799.9939406486487,0.0,0.0,0.0,0.0,0.0,0.35,667.83231428256,-0.0,667.83231428256,26760.0,0.0
34.35,stop_hold,0.0,0.55,0.0,0.0,0.0,0.0,0.0,0.0,-0.0,5259.8358931260545,5102.040816332273,44000.0,0.0,43999.99999999991,43999.99999999991,-8.731149137020111e-11,24999.91584234241,1,0,1499.9949505405446,1799.9939406486487,0.0,0.0,0.0,0.0,0.0,0.35,667.83231428256,-0.0,667.83231428256,26760.0,0.0
34.4,stop_hold,0.0,0.55,0.0,0.0,0.0,0.0,0.0,0.0,-0.0,5259.8358931260545,5102.040816332273,44000.0,0.0,43999.99999999991,43999.99999999991,-8.731149137020111e-11,24999.91584234241,1,0,1499.9949505405446,1799.9939406486487,0.0,0.0,0.0,0.0,0.0,0.35,667.83231428256,-0.0,667.83231428256,26760.0,0.0
34.45,stop_hold,0.0,0.55,0.0,0.0,0.0,0.0,0.0,0.0,-0.0,5259.8358931260545,5102.040816332273,44000.0,0.0,43999.99999999991,43999.99999999991,-8.731149137020111e-11,24999.91584234241,1,0,1499.9949505405446,1799.9939406486487,0.0,0.0,0.0,0.0,0.0,0.35,667.83231428256,-0.0,667.83231428256,26760.0,0.0
34.5,stop_hold,0.0,0.55,0.0,0.0,0.0,0.0,0.0,0.0,-0.0,5259.8358931260545,5102.040816332273,44000.0,0.0,43999.99999999991,43999.99999999991,-8.731149137020111e-11,24999.91584234241,1,0,1499.9949505405446,1799.9939406486487,0.0,0.0,0.0,0.0,0.0,0.35,667.83231428256,-0.0,667.83231428256,26760.0,0.0
34.55,stop_hold,0.0,0.55,0.0,0.0,0.0,0.0,0.0,0.0,-0.0,5259.8358931260545,5102.040816332273,44000.0,0.0,43999.99999999991,43999.99999999991,-8.731149137020111e-11,24999.91584234241,1,0,1499.9949505405446,1799.9939406486487,0.0,0.0,0.0,0.0,0.0,0.35,667.83231428256,-0.0,667.83231428256,26760.0,0.0
34.6,stop_hold,0.0,0.55,0.0,0.0,0.0,0.0,0.0,0.0,-0.0,5259.8358931260545,5102.040816332273,44000.0,0.0,43999.99999999991,43999.99999999991,-8.731149137020111e-11,24999.91584234241,1,0,1499.9949505405446,1799.9939406486487,0.0,0.0,0.0,0.0,0.0,0.35,667.83231428256,-0.0,667.83231428256,26760.0,0.0
34.65,stop_hold,0.0,0.55,0.0,0.0,0.0,0.0,0.0,0.0,-0.0,5259.8358931260545,5102.040816332273,44000.0,0.0,43999.99999999991,43999.99999999991,-8.731149137020111e-11,24999.91584234241,1,0,1499.9949505405446,1799.9939406486487,0.0,0.0,0.0,0.0,0.0,0.35,667.83231428256,-0.0,667.83231428256,26760.0,0.0
34.7,stop_hold,0.0,0.55,0.0,0.0,0.0,0.0,0.0,0.0,-0.0,5259.8358931260545,5102.040816332273,44000.0,0.0,43999.99999999991,43999.99999999991,-8.731149137020111e-11,24999.91584234241,1,0,1499.9949505405446,1799.9939406486487,0.0,0.0,0.0,0.0,0.0,0.35,667.83231428256,-0.0,667.83231428256,26760.0,0.0
34.75,stop_hold,0.0,0.55,0.0,0.0,0.0,0.0,0.0,0.0,-0.0,5259.8358931260545,5102.040816332273,44000.0,0.0,43999.99999999991,43999.99999999991,-8.731149137020111e-11,24999.91584234241,1,0,1499.9949505405446,1799.9939406486487,0.0,0.0,0.0,0.0,0.0,0.35,667.83231428256,-0.0,667.83231428256,26760.0,0.0
34.8,stop_hold,0.0,0.55,0.0,0.0,0.0,0.0,0.0,0.0,-0.0,5259.8358931260545,5102.040816332273,44000.0,0.0,43999.99999999991,43999.99999999991,-8.731149137020111e-11,24999.91584234241,1,0,1499.9949505405446,1799.9939406486487,0.0,0.0,0.0,0.0,0.0,0.35,667.83231428256,-0.0,667.83231428256,26760.0,0.0
34.85,stop_hold,0.0,0.55,0.0,0.0,0.0,0.0,0.0,0.0,-0.0,5259.8358931260545,5102.040816332273,44000.0,0.0,43999.99999999991,43999.99999999991,-8.731149137020111e-11,24999.91584234241,1,0,1499.9949505405446,1799.9939406486487,0.0,0.0,0.0,0.0,0.0,0.35,667.83231428256,-0.0,667.83231428256,26760.0,0.0
34.9,stop_hold,0.0,0.55,0.0,0.0,0.0,0.0,0.0,0.0,-0.0,5259.8358931260545,5102.040816332273,44000.0,0.0,43999.99999999991,43999.99999999991,-8.731149137020111e-11,24999.91584234241,1,0,1499.9949505405446,1799.9939406486487,0.0,0.0,0.0,0.0,0.0,0.35,667.83231428256,-0.0,667.83231428256,26760.0,0.0
34.95,stop_hold,0.0,0.55,0.0,0.0,0.0,0.0,0.0,0.0,-0.0,5259.8358931260545,5102.040816332273,44000.0,0.0,43999.99999999991,43999.99999999991,-8.731149137020111e-11,24999.91584234241,1,0,1499.9949505405446,1799.9939406486487,0.0,0.0,0.0,0.0,0.0,0.35,667.83231428256,-0.0,667.83231428256,26760.0,0.0
35.0,stop_hold,0.0,0.55,0.0,0.0,0.0,0.0,0.0,0.0,-0.0,5259.8358931260545,5102.040816332273,44000.0,0.0,43999.99999999991,43999.99999999991,-8.731149137020111e-11,24999.91584234241,1,0,1499.9949505405446,1799.9939406486487,0.0,0.0,0.0,0.0,0.0,0.35,667.83231428256,-0.0,667.83231428256,26760.0,0.0
35.05,stop_hold,0.0,0.55,0.0,0.0,0.0,0.0,0.0,0.0,-0.0,5259.8358931260545,5102.040816332273,44000.0,0.0,43999.99999999991,43999.99999999991,-8.731149137020111e-11,24999.91584234241,1,0,1499.9949505405446,1799.9939406486487,0.0,0.0,0.0,0.0,0.0,0.35,667.83231428256,-0.0,667.83231428256,26760.0,0.0
35.1,stop_hold,0.0,0.55,0.0,0.0,0.0,0.0,0.0,0.0,-0.0,5259.8358931260545,5102.040816332273,44000.0,0.0,43999.99999999991,43999.99999999991,-8.731149137020111e-11,24999.91584234241,1,0,1499.9949505405446,1799.9939406486487,0.0,0.0,0.0,0.0,0.0,0.35,667.83231428256,-0.0,667.83231428256,26760.0,0.0
35.15,stop_hold,0.0,0.55,0.0,0.0,0.0,0.0,0.0,0.0,-0.0,5259.8358931260545,5102.040816332273,44000.0,0.0,43999.99999999991,43999.99999999991,-8.731149137020111e-11,24999.91584234241,1,0,1499.9949505405446,1799.9939406486487,0.0,0.0,0.0,0.0,0.0,0.35,667.83231428256,-0.0,667.83231428256,26760.0,0.0
35.2,stop_hold,0.0,0.55,0.0,0.0,0.0,0.0,0.0,0.0,-0.0,5259.8358931260545,5102.040816332273,44000.0,0.0,43999.99999999991,43999.99999999991,-8.731149137020111e-11,24999.91584234241,1,0,1499.9949505405446,1799.9939406486487,0.0,0.0,0.0,0.0,0.0,0.35,667.83231428256,-0.0,667.83231428256,26760.0,0.0
35.25,stop_hold,0.0,0.55,0.0,0.0,0.0,0.0,0.0,0.0,-0.0,5259.8358931260545,5102.040816332273,44000.0,0.0,43999.99999999991,43999.99999999991,-8.731149137020111e-11,24999.91584234241,1,0,1499.9949505405446,1799.9939406486487,0.0,0.0,0.0,0.0,0.0,0.35,667.83231428256,-0.0,667.83231428256,26760.0,0.0
35.3,stop_hold,0.0,0.55,0.0,0.0,0.0,0.0,0.0,0.0,-0.0,5259.8358931260545,5102.040816332273,44000.0,0.0,43999.99999999991,43999.99999999991,-8.731149137020111e-11,24999.91584234241,1,0,1499.9949505405446,1799.9939406486487,0.0,0.0,0.0,0.0,0.0,0.35,667.83231428256,-0.0,667.83231428256,26760.0,0.0
35.35,stop_hold,0.0,0.55,0.0,0.0,0.0,0.0,0.0,0.0,-0.0,5259.8358931260545,5102.040816332273,44000.0,0.0,43999.99999999991,43999.99999999991,-8.731149137020111e-11,24999.91584234241,1,0,1499.9949505405446,1799.9939406486487,0.0,0.0,0.0,0.0,0.0,0.35,667.83231428256,-0.0,667.83231428256,26760.0,0.0
35.4,stop_hold,0.0,0.55,0.0,0.0,0.0,0.0,0.0,0.0,-0.0,5259.8358931260545,5102.040816332273,44000.0,0.0,43999.99999999991,43999.99999999991,-8.731149137020111e-11,24999.91584234241,1,0,1499.9949505405446,1799.9939406486487,0.0,0.0,0.0,0.0,0.0,0.35,667.83231428256,-0.0,667.83231428256,26760.0,0.0
35.45,stop_hold,0.0,0.55,0.0,0.0,0.0,0.0,0.0,0.0,-0.0,5259.8358931260545,5102.040816332273,44000.0,0.0,43999.99999999991,43999.99999999991,-8.731149137020111e-11,24999.91584234241,1,0,1499.9949505405446,1799.9939406486487,0.0,0.0,0.0,0.0,0.0,0.35,667.83231428256,-0.0,667.83231428256,26760.0,0.0
35.5,stop_hold,0.0,0.55,0.0,0.0,0.0,0.0,0.0,0.0,-0.0,5259.8358931260545,5102.040816332273,44000.0,0.0,43999.99999999991,43999.99999999991,-8.731149137020111e-11,24999.91584234241,1,0,1499.9949505405446,1799.9939406486487,0.0,0.0,0.0,0.0,0.0,0.35,667.83231428256,-0.0,667.83231428256,26760.0,0.0
35.55,stop_hold,0.0,0.55,0.0,0.0,0.0,0.0,0.0,0.0,-0.0,5259.8358931260545,5102.040816332273,44000.0,0.0,43999.99999999991,43999.99999999991,-8.731149137020111e-11,24999.91584234241,1,0,1499.9949505405446,1799.9939406486487,0.0,0.0,0.0,0.0,0.0,0.35,667.83231428256,-0.0,667.83231428256,26760.0,0.0
35.6,stop_hold,0.0,0.55,0.0,0.0,0.0,0.0,0.0,0.0,-0.0,5259.8358931260545,5102.040816332273,44000.0,0.0,43999.99999999991,43999.99999999991,-8.731149137020111e-11,24999.91584234241,1,0,1499.9949505405446,1799.9939406486487,0.0,0.0,0.0,0.0,0.0,0.35,667.83231428256,-0.0,667.83231428256,26760.0,0.0
35.65,stop_hold,0.0,0.55,0.0,0.0,0.0,0.0,0.0,0.0,-0.0,5259.8358931260545,5102.040816332273,44000.0,0.0,43999.99999999991,43999.99999999991,-8.731149137020111e-11,24999.91584234241,1,0,1499.9949505405446,1799.9939406486487,0.0,0.0,0.0,0.0,0.0,0.35,667.83231428256,-0.0,667.83231428256,26760.0,0.0
35.7,stop_hold,0.0,0.55,0.0,0.0,0.0,0.0,0.0,0.0,-0.0,5259.8358931260545,5102.040816332273,44000.0,0.0,43999.99999999991,43999.99999999991,-8.731149137020111e-11,24999.91584234241,1,0,1499.9949505405446,1799.9939406486487,0.0,0.0,0.0,0.0,0.0,0.35,667.83231428256,-0.0,667.83231428256,26760.0,0.0
35.75,stop_hold,0.0,0.55,0.0,0.0,0.0,0.0,0.0,0.0,-0.0,5259.8358931260545,5102.040816332273,44000.0,0.0,43999.99999999991,43999.99999999991,-8.731149137020111e-11,24999.91584234241,1,0,1499.9949505405446,1799.9939406486487,0.0,0.0,0.0,0.0,0.0,0.35,667.83231428256,-0.0,667.83231428256,26760.0,0.0
35.8,stop_hold,0.0,0.55,0.0,0.0,0.0,0.0,0.0,0.0,-0.0,5259.8358931260545,5102.040816332273,44000.0,0.0,43999.99999999991,43999.99999999991,-8.731149137020111e-11,24999.91584234241,1,0,1499.9949505405446,1799.9939406486487,0.0,0.0,0.0,0.0,0.0,0.35,667.83231428256,-0.0,667.83231428256,26760.0,0.0
35.85,stop_hold,0.0,0.55,0.0,0.0,0.0,0.0,0.0,0.0,-0.0,5259.8358931260545,5102.040816332273,44000.0,0.0,43999.99999999991,43999.99999999991,-8.731149137020111e-11,24999.91584234241,1,0,1499.9949505405446,1799.9939406486487,0.0,0.0,0.0,0.0,0.0,0.35,667.83231428256,-0.0,667.83231428256,26760.0,0.0
35.9,stop_hold,0.0,0.55,0.0,0.0,0.0,0.0,0.0,0.0,-0.0,5259.8358931260545,5102.040816332273,44000.0,0.0,43999.99999999991,43999.99999999991,-8.731149137020111e-11,24999.91584234241,1,0,1499.9949505405446,1799.9939406486487,0.0,0.0,0.0,0.0,0.0,0.35,667.83231428256,-0.0,667.83231428256,26760.0,0.0
35.95,stop_hold,0.0,0.55,0.0,0.0,0.0,0.0,0.0,0.0,-0.0,5259.8358931260545,5102.040816332273,44000.0,0.0,43999.99999999991,43999.99999999991,-8.731149137020111e-11,24999.91584234241,1,0,1499.9949505405446,1799.9939406486487,0.0,0.0,0.0,0.0,0.0,0.35,667.83231428256,-0.0,667.83231428256,26760.0,0.0
36.0,stop_hold,0.0,0.55,0.0,0.0,0.0,0.0,0.0,0.0,-0.0,5259.8358931260545,5102.040816332273,44000.0,0.0,43999.99999999991,43999.99999999991,-8.731149137020111e-11,24999.91584234241,1,0,1499.9949505405446,1799.9939406486487,0.0,0.0,0.0,0.0,0.0,0.35,667.83231428256,-0.0,667.83231428256,26760.0,0.0
36.05,stop_hold,0.0,0.55,0.0,0.0,0.0,0.0,0.0,0.0,-0.0,5259.8358931260545,5102.040816332273,44000.0,0.0,43999.99999999991,43999.99999999991,-8.731149137020111e-11,24999.91584234241,1,0,1499.9949505405446,1799.9939406486487,0.0,0.0,0.0,0.0,0.0,0.35,667.83231428256,-0.0,667.83231428256,26760.0,0.0
36.1,stop_hold,0.0,0.55,0.0,0.0,0.0,0.0,0.0,0.0,-0.0,5259.8358931260545,5102.040816332273,44000.0,0.0,43999.99999999991,43999.99999999991,-8.731149137020111e-11,24999.91584234241,1,0,1499.9949505405446,1799.9939406486487,0.0,0.0,0.0,0.0,0.0,0.35,667.83231428256,-0.0,667.83231428256,26760.0,0.0
36.15,stop_hold,0.0,0.55,0.0,0.0,0.0,0.0,0.0,0.0,-0.0,5259.8358931260545,5102.040816332273,44000.0,0.0,43999.99999999991,43999.99999999991,-8.731149137020111e-11,24999.91584234241,1,0,1499.9949505405446,1799.9939406486487,0.0,0.0,0.0,0.0,0.0,0.35,667.83231428256,-0.0,667.83231428256,26760.0,0.0
36.2,stop_hold,0.0,0.55,0.0,0.0,0.0,0.0,0.0,0.0,-0.0,5259.8358931260545,5102.040816332273,44000.0,0.0,43999.99999999991,43999.99999999991,-8.731149137020111e-11,24999.91584234241,1,0,1499.9949505405446,1799.9939406486487,0.0,0.0,0.0,0.0,0.0,0.35,667.83231428256,-0.0,667.83231428256,26760.0,0.0
36.25,stop_hold,0.0,0.55,0.0,0.0,0.0,0.0,0.0,0.0,-0.0,5259.8358931260545,5102.040816332273,44000.0,0.0,43999.99999999991,43999.99999999991,-8.731149137020111e-11,24999.91584234241,1,0,1499.9949505405446,1799.9939406486487,0.0,0.0,0.0,0.0,0.0,0.35,667.83231428256,-0.0,667.83231428256,26760.0,0.0
36.3,stop_hold,0.0,0.55,0.0,0.0,0.0,0.0,0.0,0.0,-0.0,5259.8358931260545,5102.040816332273,44000.0,0.0,43999.99999999991,43999.99999999991,-8.731149137020111e-11,24999.91584234241,1,0,1499.9949505405446,1799.9939406486487,0.0,0.0,0.0,0.0,0.0,0.35,667.83231428256,-0.0,667.83231428256,26760.0,0.0
36.35,stop_hold,0.0,0.55,0.0,0.0,0.0,0.0,0.0,0.0,-0.0,5259.8358931260545,5102.040816332273,44000.0,0.0,43999.99999999991,43999.99999999991,-8.731149137020111e-11,24999.91584234241,1,0,1499.9949505405446,1799.9939406486487,0.0,0.0,0.0,0.0,0.0,0.35,667.83231428256,-0.0,667.83231428256,26760.0,0.0
36.4,stop_hold,0.0,0.55,0.0,0.0,0.0,0.0,0.0,0.0,-0.0,5259.8358931260545,5102.040816332273,44000.0,0.0,43999.99999999991,43999.99999999991,-8.731149137020111e-11,24999.91584234241,1,0,1499.9949505405446,1799.9939406486487,0.0,0.0,0.0,0.0,0.0,0.35,667.83231428256,-0.0,667.83231428256,26760.0,0.0
36.45,stop_hold,0.0,0.55,0.0,0.0,0.0,0.0,0.0,0.0,-0.0,5259.8358931260545,5102.040816332273,44000.0,0.0,43999.99999999991,43999.99999999991,-8.731149137020111e-11,24999.91584234241,1,0,1499.9949505405446,1799.9939406486487,0.0,0.0,0.0,0.0,0.0,0.35,667.83231428256,-0.0,667.83231428256,26760.0,0.0
36.5,stop_hold,0.0,0.55,0.0,0.0,0.0,0.0,0.0,0.0,-0.0,5259.8358931260545,5102.040816332273,44000.0,0.0,43999.99999999991,43999.99999999991,-8.731149137020111e-11,24999.91584234241,1,0,1499.9949505405446,1799.9939406486487,0.0,0.0,0.0,0.0,0.0,0.35,667.83231428256,-0.0,667.83231428256,26760.0,0.0
36.55,stop_hold,0.0,0.55,0.0,0.0,0.0,0.0,0.0,0.0,-0.0,5259.8358931260545,5102.040816332273,44000.0,0.0,43999.99999999991,43999.99999999991,-8.731149137020111e-11,24999.91584234241,1,0,1499.9949505405446,1799.9939406486487,0.0,0.0,0.0,0.0,0.0,0.35,667.83231428256,-0.0,667.83231428256,26760.0,0.0
36.6,stop_hold,0.0,0.55,0.0,0.0,0.0,0.0,0.0,0.0,-0.0,5259.8358931260545,5102.040816332273,44000.0,0.0,43999.99999999991,43999.99999999991,-8.731149137020111e-11,24999.91584234241,1,0,1499.9949505405446,1799.9939406486487,0.0,0.0,0.0,0.0,0.0,0.35,667.83231428256,-0.0,667.83231428256,26760.0,0.0
36.65,stop_hold,0.0,0.55,0.0,0.0,0.0,0.0,0.0,0.0,-0.0,5259.8358931260545,5102.040816332273,44000.0,0.0,43999.99999999991,43999.99999999991,-8.731149137020111e-11,24999.91584234241,1,0,1499.9949505405446,1799.9939406486487,0.0,0.0,0.0,0.0,0.0,0.35,667.83231428256,-0.0,667.83231428256,26760.0,0.0
36.7,stop_hold,0.0,0.55,0.0,0.0,0.0,0.0,0.0,0.0,-0.0,5259.8358931260545,5102.040816332273,44000.0,0.0,43999.99999999991,43999.99999999991,-8.731149137020111e-11,24999.91584234241,1,0,1499.9949505405446,1799.9939406486487,0.0,0.0,0.0,0.0,0.0,0.35,667.83231428256,-0.0,667.83231428256,26760.0,0.0
36.75,stop_hold,0.0,0.55,0.0,0.0,0.0,0.0,0.0,0.0,-0.0,5259.8358931260545,5102.040816332273,44000.0,0.0,43999.99999999991,43999.99999999991,-8.731149137020111e-11,24999.91584234241,1,0,1499.9949505405446,1799.9939406486487,0.0,0.0,0.0,0.0,0.0,0.35,667.83231428256,-0.0,667.83231428256,26760.0,0.0
36.8,stop_hold,0.0,0.55,0.0,0.0,0.0,0.0,0.0,0.0,-0.0,5259.8358931260545,5102.040816332273,44000.0,0.0,43999.99999999991,43999.99999999991,-8.731149137020111e-11,24999.91584234241,1,0,1499.9949505405446,1799.9939406486487,0.0,0.0,0.0,0.0,0.0,0.35,667.83231428256,-0.0,667.83231428256,26760.0,0.0
36.85,stop_hold,0.0,0.55,0.0,0.0,0.0,0.0,0.0,0.0,-0.0,5259.8358931260545,5102.040816332273,44000.0,0.0,43999.99999999991,43999.99999999991,-8.731149137020111e-11,24999.91584234241,1,0,1499.9949505405446,1799.9939406486487,0.0,0.0,0.0,0.0,0.0,0.35,667.83231428256,-0.0,667.83231428256,26760.0,0.0
36.9,stop_hold,0.0,0.55,0.0,0.0,0.0,0.0,0.0,0.0,-0.0,5259.8358931260545,5102.040816332273,44000.0,0.0,43999.99999999991,43999.99999999991,-8.731149137020111e-11,24999.91584234241,1,0,1499.9949505405446,1799.9939406486487,0.0,0.0,0.0,0.0,0.0,0.35,667.83231428256,-0.0,667.83231428256,26760.0,0.0
36.95,stop_hold,0.0,0.55,0.0,0.0,0.0,0.0,0.0,0.0,-0.0,5259.8358931260545,5102.040816332273,44000.0,0.0,43999.99999999991,43999.99999999991,-8.731149137020111e-11,24999.91584234241,1,0,1499.9949505405446,1799.9939406486487,0.0,0.0,0.0,0.0,0.0,0.35,667.83231428256,-0.0,667.83231428256,26760.0,0.0
37.0,stop_hold,0.0,0.55,0.0,0.0,0.0,0.0,0.0,0.0,-0.0,5259.8358931260545,5102.040816332273,44000.0,0.0,43999.99999999991,43999.99999999991,-8.731149137020111e-11,24999.91584234241,1,0,1499.9949505405446,1799.9939406486487,0.0,0.0,0.0,0.0,0.0,0.35,667.83231428256,-0.0,667.83231428256,26760.0,0.0
37.05,stop_hold,0.0,0.55,0.0,0.0,0.0,0.0,0.0,0.0,-0.0,5259.8358931260545,5102.040816332273,44000.0,0.0,43999.99999999991,43999.99999999991,-8.731149137020111e-11,24999.91584234241,1,0,1499.9949505405446,1799.9939406486487,0.0,0.0,0.0,0.0,0.0,0.35,667.83231428256,-0.0,667.83231428256,26760.0,0.0
37.1,stop_hold,0.0,0.55,0.0,0.0,0.0,0.0,0.0,0.0,-0.0,5259.8358931260545,5102.040816332273,44000.0,0.0,43999.99999999991,43999.99999999991,-8.731149137020111e-11,24999.91584234241,1,0,1499.9949505405446,1799.9939406486487,0.0,0.0,0.0,0.0,0.0,0.35,667.83231428256,-0.0,667.83231428256,26760.0,0.0
37.15,stop_hold,0.0,0.55,0.0,0.0,0.0,0.0,0.0,0.0,-0.0,5259.8358931260545,5102.040816332273,44000.0,0.0,43999.99999999991,43999.99999999991,-8.731149137020111e-11,24999.91584234241,1,0,1499.9949505405446,1799.9939406486487,0.0,0.0,0.0,0.0,0.0,0.35,667.83231428256,-0.0,667.83231428256,26760.0,0.0
37.2,stop_hold,0.0,0.55,0.0,0.0,0.0,0.0,0.0,0.0,-0.0,5259.8358931260545,5102.040816332273,44000.0,0.0,43999.99999999991,43999.99999999991,-8.731149137020111e-11,24999.91584234241,1,0,1499.9949505405446,1799.9939406486487,0.0,0.0,0.0,0.0,0.0,0.35,667.83231428256,-0.0,667.83231428256,26760.0,0.0
37.25,stop_hold,0.0,0.55,0.0,0.0,0.0,0.0,0.0,0.0,-0.0,5259.8358931260545,5102.040816332273,44000.0,0.0,43999.99999999991,43999.99999999991,-8.731149137020111e-11,24999.91584234241,1,0,1499.9949505405446,1799.9939406486487,0.0,0.0,0.0,0.0,0.0,0.35,667.83231428256,-0.0,667.83231428256,26760.0,0.0
37.3,stop_hold,0.0,0.55,0.0,0.0,0.0,0.0,0.0,0.0,-0.0,5259.8358931260545,5102.040816332273,44000.0,0.0,43999.99999999991,43999.99999999991,-8.731149137020111e-11,24999.91584234241,1,0,1499.9949505405446,1799.9939406486487,0.0,0.0,0.0,0.0,0.0,0.35,667.83231428256,-0.0,667.83231428256,26760.0,0.0
37.35,stop_hold,0.0,0.55,0.0,0.0,0.0,0.0,0.0,0.0,-0.0,5259.8358931260545,5102.040816332273,44000.0,0.0,43999.99999999991,43999.99999999991,-8.731149137020111e-11,24999.91584234241,1,0,1499.9949505405446,1799.9939406486487,0.0,0.0,0.0,0.0,0.0,0.35,667.83231428256,-0.0,667.83231428256,26760.0,0.0
37.4,stop_hold,0.0,0.55,0.0,0.0,0.0,0.0,0.0,0.0,-0.0,5259.8358931260545,5102.040816332273,44000.0,0.0,43999.99999999991,43999.99999999991,-8.731149137020111e-11,24999.91584234241,1,0,1499.9949505405446,1799.9939406486487,0.0,0.0,0.0,0.0,0.0,0.35,667.83231428256,-0.0,667.83231428256,26760.0,0.0
37.45,stop_hold,0.0,0.55,0.0,0.0,0.0,0.0,0.0,0.0,-0.0,5259.8358931260545,5102.040816332273,44000.0,0.0,43999.99999999991,43999.99999999991,-8.731149137020111e-11,24999.91584234241,1,0,1499.9949505405446,1799.9939406486487,0.0,0.0,0.0,0.0,0.0,0.35,667.83231428256,-0.0,667.83231428256,26760.0,0.0
37.5,stop_hold,0.0,0.55,0.0,0.0,0.0,0.0,0.0,0.0,-0.0,5259.8358931260545,5102.040816332273,44000.0,0.0,43999.99999999991,43999.99999999991,-8.731149137020111e-11,24999.91584234241,1,0,1499.9949505405446,1799.9939406486487,0.0,0.0,0.0,0.0,0.0,0.35,667.83231428256,-0.0,667.83231428256,26760.0,0.0
37.55,stop_hold,0.0,0.55,0.0,0.0,0.0,0.0,0.0,0.0,-0.0,5259.8358931260545,5102.040816332273,44000.0,0.0,43999.99999999991,43999.99999999991,-8.731149137020111e-11,24999.91584234241,1,0,1499.9949505405446,1799.9939406486487,0.0,0.0,0.0,0.0,0.0,0.35,667.83231428256,-0.0,667.83231428256,26760.0,0.0
37.6,stop_hold,0.0,0.55,0.0,0.0,0.0,0.0,0.0,0.0,-0.0,5259.8358931260545,5102.040816332273,44000.0,0.0,43999.99999999991,43999.99999999991,-8.731149137020111e-11,24999.91584234241,1,0,1499.9949505405446,1799.9939406486487,0.0,0.0,0.0,0.0,0.0,0.35,667.83231428256,-0.0,667.83231428256,26760.0,0.0
37.65,stop_hold,0.0,0.55,0.0,0.0,0.0,0.0,0.0,0.0,-0.0,5259.8358931260545,5102.040816332273,44000.0,0.0,43999.99999999991,43999.99999999991,-8.731149137020111e-11,24999.91584234241,1,0,1499.9949505405446,1799.9939406486487,0.0,0.0,0.0,0.0,0.0,0.35,667.83231428256,-0.0,667.83231428256,26760.0,0.0
37.7,stop_hold,0.0,0.55,0.0,0.0,0.0,0.0,0.0,0.0,-0.0,5259.8358931260545,5102.040816332273,44000.0,0.0,43999.99999999991,43999.99999999991,-8.731149137020111e-11,24999.91584234241,1,0,1499.9949505405446,1799.9939406486487,0.0,0.0,0.0,0.0,0.0,0.35,667.83231428256,-0.0,667.83231428256,26760.0,0.0
37.75,stop_hold,0.0,0.55,0.0,0.0,0.0,0.0,0.0,0.0,-0.0,5259.8358931260545,5102.040816332273,44000.0,0.0,43999.99999999991,43999.99999999991,-8.731149137020111e-11,24999.91584234241,1,0,1499.9949505405446,1799.9939406486487,0.0,0.0,0.0,0.0,0.0,0.35,667.83231428256,-0.0,667.83231428256,26760.0,0.0
37.8,stop_hold,0.0,0.55,0.0,0.0,0.0,0.0,0.0,0.0,-0.0,5259.8358931260545,5102.040816332273,44000.0,0.0,43999.99999999991,43999.99999999991,-8.731149137020111e-11,24999.91584234241,1,0,1499.9949505405446,1799.9939406486487,0.0,0.0,0.0,0.0,0.0,0.35,667.83231428256,-0.0,667.83231428256,26760.0,0.0
37.85,stop_hold,0.0,0.55,0.0,0.0,0.0,0.0,0.0,0.0,-0.0,5259.8358931260545,5102.040816332273,44000.0,0.0,43999.99999999991,43999.99999999991,-8.731149137020111e-11,24999.91584234241,1,0,1499.9949505405446,1799.9939406486487,0.0,0.0,0.0,0.0,0.0,0.35,667.83231428256,-0.0,667.83231428256,26760.0,0.0
37.9,stop_hold,0.0,0.55,0.0,0.0,0.0,0.0,0.0,0.0,-0.0,5259.8358931260545,5102.040816332273,44000.0,0.0,43999.99999999991,43999.99999999991,-8.731149137020111e-11,24999.91584234241,1,0,1499.9949505405446,1799.9939406486487,0.0,0.0,0.0,0.0,0.0,0.35,667.83231428256,-0.0,667.83231428256,26760.0,0.0
37.95,stop_hold,0.0,0.55,0.0,0.0,0.0,0.0,0.0,0.0,-0.0,5259.8358931260545,5102.040816332273,44000.0,0.0,43999.99999999991,43999.99999999991,-8.731149137020111e-11,24999.91584234241,1,0,1499.9949505405446,1799.9939406486487,0.0,0.0,0.0,0.0,0.0,0.35,667.83231428256,-0.0,667.83231428256,26760.0,0.0
38.0,stop_hold,0.0,0.55,0.0,0.0,0.0,0.0,0.0,0.0,-0.0,5259.8358931260545,5102.040816332273,44000.0,0.0,43999.99999999991,43999.99999999991,-8.731149137020111e-11,24999.91584234241,1,0,1499.9949505405446,1799.9939406486487,0.0,0.0,0.0,0.0,0.0,0.35,667.83231428256,-0.0,667.83231428256,26760.0,0.0
38.05,stop_hold,0.0,0.55,0.0,0.0,0.0,0.0,0.0,0.0,-0.0,5259.8358931260545,5102.040816332273,44000.0,0.0,43999.99999999991,43999.99999999991,-8.731149137020111e-11,24999.91584234241,1,0,1499.9949505405446,1799.9939406486487,0.0,0.0,0.0,0.0,0.0,0.35,667.83231428256,-0.0,667.83231428256,26760.0,0.0
38.1,stop_hold,0.0,0.55,0.0,0.0,0.0,0.0,0.0,0.0,-0.0,5259.8358931260545,5102.040816332273,44000.0,0.0,43999.99999999991,43999.99999999991,-8.731149137020111e-11,24999.91584234241,1,0,1499.9949505405446,1799.9939406486487,0.0,0.0,0.0,0.0,0.0,0.35,667.83231428256,-0.0,667.83231428256,26760.0,0.0
38.15,stop_hold,0.0,0.55,0.0,0.0,0.0,0.0,0.0,0.0,-0.0,5259.8358931260545,5102.040816332273,44000.0,0.0,43999.99999999991,43999.99999999991,-8.731149137020111e-11,24999.91584234241,1,0,1499.9949505405446,1799.9939406486487,0.0,0.0,0.0,0.0,0.0,0.35,667.83231428256,-0.0,667.83231428256,26760.0,0.0
38.2,stop_hold,0.0,0.55,0.0,0.0,0.0,0.0,0.0,0.0,-0.0,5259.8358931260545,5102.040816332273,44000.0,0.0,43999.99999999991,43999.99999999991,-8.731149137020111e-11,24999.91584234241,1,0,1499.9949505405446,1799.9939406486487,0.0,0.0,0.0,0.0,0.0,0.35,667.83231428256,-0.0,667.83231428256,26760.0,0.0
38.25,stop_hold,0.0,0.55,0.0,0.0,0.0,0.0,0.0,0.0,-0.0,5259.8358931260545,5102.040816332273,44000.0,0.0,43999.99999999991,43999.99999999991,-8.731149137020111e-11,24999.91584234241,1,0,1499.9949505405446,1799.9939406486487,0.0,0.0,0.0,0.0,0.0,0.35,667.83231428256,-0.0,667.83231428256,26760.0,0.0
38.3,stop_hold,0.0,0.55,0.0,0.0,0.0,0.0,0.0,0.0,-0.0,5259.8358931260545,5102.040816332273,44000.0,0.0,43999.99999999991,43999.99999999991,-8.731149137020111e-11,24999.91584234241,1,0,1499.9949505405446,1799.9939406486487,0.0,0.0,0.0,0.0,0.0,0.35,667.83231428256,-0.0,667.83231428256,26760.0,0.0
38.35,stop_hold,0.0,0.55,0.0,0.0,0.0,0.0,0.0,0.0,-0.0,5259.8358931260545,5102.040816332273,44000.0,0.0,43999.99999999991,43999.99999999991,-8.731149137020111e-11,24999.91584234241,1,0,1499.9949505405446,1799.9939406486487,0.0,0.0,0.0,0.0,0.0,0.35,667.83231428256,-0.0,667.83231428256,26760.0,0.0
38.4,stop_hold,0.0,0.55,0.0,0.0,0.0,0.0,0.0,0.0,-0.0,5259.8358931260545,5102.040816332273,44000.0,0.0,43999.99999999991,43999.99999999991,-8.731149137020111e-11,24999.91584234241,1,0,1499.9949505405446,1799.9939406486487,0.0,0.0,0.0,0.0,0.0,0.35,667.83231428256,-0.0,667.83231428256,26760.0,0.0
38.45,stop_hold,0.0,0.55,0.0,0.0,0.0,0.0,0.0,0.0,-0.0,5259.8358931260545,5102.040816332273,44000.0,0.0,43999.99999999991,43999.99999999991,-8.731149137020111e-11,24999.91584234241,1,0,1499.9949505405446,1799.9939406486487,0.0,0.0,0.0,0.0,0.0,0.35,667.83231428256,-0.0,667.83231428256,26760.0,0.0
38.5,stop_hold,0.0,0.55,0.0,0.0,0.0,0.0,0.0,0.0,-0.0,5259.8358931260545,5102.040816332273,44000.0,0.0,43999.99999999991,43999.99999999991,-8.731149137020111e-11,24999.91584234241,1,0,1499.9949505405446,1799.9939406486487,0.0,0.0,0.0,0.0,0.0,0.35,667.83231428256,-0.0,667.83231428256,26760.0,0.0
38.55,stop_hold,0.0,0.55,0.0,0.0,0.0,0.0,0.0,0.0,-0.0,5259.8358931260545,5102.040816332273,44000.0,0.0,43999.99999999991,43999.99999999991,-8.731149137020111e-11,24999.91584234241,1,0,1499.9949505405446,1799.9939406486487,0.0,0.0,0.0,0.0,0.0,0.35,667.83231428256,-0.0,667.83231428256,26760.0,0.0
38.6,stop_hold,0.0,0.55,0.0,0.0,0.0,0.0,0.0,0.0,-0.0,5259.8358931260545,5102.040816332273,44000.0,0.0,43999.99999999991,43999.99999999991,-8.731149137020111e-11,24999.91584234241,1,0,1499.9949505405446,1799.9939406486487,0.0,0.0,0.0,0.0,0.0,0.35,667.83231428256,-0.0,667.83231428256,26760.0,0.0
38.65,stop_hold,0.0,0.55,0.0,0.0,0.0,0.0,0.0,0.0,-0.0,5259.8358931260545,5102.040816332273,44000.0,0.0,43999.99999999991,43999.99999999991,-8.731149137020111e-11,24999.91584234241,1,0,1499.9949505405446,1799.9939406486487,0.0,0.0,0.0,0.0,0.0,0.35,667.83231428256,-0.0,667.83231428256,26760.0,0.0
38.7,stop_hold,0.0,0.55,0.0,0.0,0.0,0.0,0.0,0.0,-0.0,5259.8358931260545,5102.040816332273,44000.0,0.0,43999.99999999991,43999.99999999991,-8.731149137020111e-11,24999.91584234241,1,0,1499.9949505405446,1799.9939406486487,0.0,0.0,0.0,0.0,0.0,0.35,667.83231428256,-0.0,667.83231428256,26760.0,0.0
38.75,stop_hold,0.0,0.55,0.0,0.0,0.0,0.0,0.0,0.0,-0.0,5259.8358931260545,5102.040816332273,44000.0,0.0,43999.99999999991,43999.99999999991,-8.731149137020111e-11,24999.91584234241,1,0,1499.9949505405446,1799.9939406486487,0.0,0.0,0.0,0.0,0.0,0.35,667.83231428256,-0.0,667.83231428256,26760.0,0.0
38.8,stop_hold,0.0,0.55,0.0,0.0,0.0,0.0,0.0,0.0,-0.0,5259.8358931260545,5102.040816332273,44000.0,0.0,43999.99999999991,43999.99999999991,-8.731149137020111e-11,24999.91584234241,1,0,1499.9949505405446,1799.9939406486487,0.0,0.0,0.0,0.0,0.0,0.35,667.83231428256,-0.0,667.83231428256,26760.0,0.0
38.85,stop_hold,0.0,0.55,0.0,0.0,0.0,0.0,0.0,0.0,-0.0,5259.8358931260545,5102.040816332273,44000.0,0.0,43999.99999999991,43999.99999999991,-8.731149137020111e-11,24999.91584234241,1,0,1499.9949505405446,1799.9939406486487,0.0,0.0,0.0,0.0,0.0,0.35,667.83231428256,-0.0,667.83231428256,26760.0,0.0
38.9,stop_hold,0.0,0.55,0.0,0.0,0.0,0.0,0.0,0.0,-0.0,5259.8358931260545,5102.040816332273,44000.0,0.0,43999.99999999991,43999.99999999991,-8.731149137020111e-11,24999.91584234241,1,0,1499.9949505405446,1799.9939406486487,0.0,0.0,0.0,0.0,0.0,0.35,667.83231428256,-0.0,667.83231428256,26760.0,0.0
38.95,stop_hold,0.0,0.55,0.0,0.0,0.0,0.0,0.0,0.0,-0.0,5259.8358931260545,5102.040816332273,44000.0,0.0,43999.99999999991,43999.99999999991,-8.731149137020111e-11,24999.91584234241,1,0,1499.9949505405446,1799.9939406486487,0.0,0.0,0.0,0.0,0.0,0.35,667.83231428256,-0.0,667.83231428256,26760.0,0.0
39.0,stop_hold,0.0,0.55,0.0,0.0,0.0,0.0,0.0,0.0,-0.0,5259.8358931260545,5102.040816332273,44000.0,0.0,43999.99999999991,43999.99999999991,-8.731149137020111e-11,24999.91584234241,1,0,1499.9949505405446,1799.9939406486487,0.0,0.0,0.0,0.0,0.0,0.35,667.83231428256,-0.0,667.83231428256,26760.0,0.0
39.05,stop_hold,0.0,0.55,0.0,0.0,0.0,0.0,0.0,0.0,-0.0,5259.8358931260545,5102.040816332273,44000.0,0.0,43999.99999999991,43999.99999999991,-8.731149137020111e-11,24999.91584234241,1,0,1499.9949505405446,1799.9939406486487,0.0,0.0,0.0,0.0,0.0,0.35,667.83231428256,-0.0,667.83231428256,26760.0,0.0
39.1,stop_hold,0.0,0.55,0.0,0.0,0.0,0.0,0.0,0.0,-0.0,5259.8358931260545,5102.040816332273,44000.0,0.0,43999.99999999991,43999.99999999991,-8.731149137020111e-11,24999.91584234241,1,0,1499.9949505405446,1799.9939406486487,0.0,0.0,0.0,0.0,0.0,0.35,667.83231428256,-0.0,667.83231428256,26760.0,0.0
39.15,stop_hold,0.0,0.55,0.0,0.0,0.0,0.0,0.0,0.0,-0.0,5259.8358931260545,5102.040816332273,44000.0,0.0,43999.99999999991,43999.99999999991,-8.731149137020111e-11,24999.91584234241,1,0,1499.9949505405446,1799.9939406486487,0.0,0.0,0.0,0.0,0.0,0.35,667.83231428256,-0.0,667.83231428256,26760.0,0.0
39.2,stop_hold,0.0,0.55,0.0,0.0,0.0,0.0,0.0,0.0,-0.0,5259.8358931260545,5102.040816332273,44000.0,0.0,43999.99999999991,43999.99999999991,-8.731149137020111e-11,24999.91584234241,1,0,1499.9949505405446,1799.9939406486487,0.0,0.0,0.0,0.0,0.0,0.35,667.83231428256,-0.0,667.83231428256,26760.0,0.0
39.25,stop_hold,0.0,0.55,0.0,0.0,0.0,0.0,0.0,0.0,-0.0,5259.8358931260545,5102.040816332273,44000.0,0.0,43999.99999999991,43999.99999999991,-8.731149137020111e-11,24999.91584234241,1,0,1499.9949505405446,1799.9939406486487,0.0,0.0,0.0,0.0,0.0,0.35,667.83231428256,-0.0,667.83231428256,26760.0,0.0
39.3,stop_hold,0.0,0.55,0.0,0.0,0.0,0.0,0.0,0.0,-0.0,5259.8358931260545,5102.040816332273,44000.0,0.0,43999.99999999991,43999.99999999991,-8.731149137020111e-11,24999.91584234241,1,0,1499.9949505405446,1799.9939406486487,0.0,0.0,0.0,0.0,0.0,0.35,667.83231428256,-0.0,667.83231428256,26760.0,0.0
39.35,stop_hold,0.0,0.55,0.0,0.0,0.0,0.0,0.0,0.0,-0.0,5259.8358931260545,5102.040816332273,44000.0,0.0,43999.99999999991,43999.99999999991,-8.731149137020111e-11,24999.91584234241,1,0,1499.9949505405446,1799.9939406486487,0.0,0.0,0.0,0.0,0.0,0.35,667.83231428256,-0.0,667.83231428256,26760.0,0.0
39.4,stop_hold,0.0,0.55,0.0,0.0,0.0,0.0,0.0,0.0,-0.0,5259.8358931260545,5102.040816332273,44000.0,0.0,43999.99999999991,43999.99999999991,-8.731149137020111e-11,24999.91584234241,1,0,1499.9949505405446,1799.9939406486487,0.0,0.0,0.0,0.0,0.0,0.35,667.83231428256,-0.0,667.83231428256,26760.0,0.0
39.45,stop_hold,0.0,0.55,0.0,0.0,0.0,0.0,0.0,0.0,-0.0,5259.8358931260545,5102.040816332273,44000.0,0.0,43999.99999999991,43999.99999999991,-8.731149137020111e-11,24999.91584234241,1,0,1499.9949505405446,1799.9939406486487,0.0,0.0,0.0,0.0,0.0,0.35,667.83231428256,-0.0,667.83231428256,26760.0,0.0
39.5,stop_hold,0.0,0.55,0.0,0.0,0.0,0.0,0.0,0.0,-0.0,5259.8358931260545,5102.040816332273,44000.0,0.0,43999.99999999991,43999.99999999991,-8.731149137020111e-11,24999.91584234241,1,0,1499.9949505405446,1799.9939406486487,0.0,0.0,0.0,0.0,0.0,0.35,667.83231428256,-0.0,667.83231428256,26760.0,0.0
39.55,stop_hold,0.0,0.55,0.0,0.0,0.0,0.0,0.0,0.0,-0.0,5259.8358931260545,5102.040816332273,44000.0,0.0,43999.99999999991,43999.99999999991,-8.731149137020111e-11,24999.91584234241,1,0,1499.9949505405446,1799.9939406486487,0.0,0.0,0.0,0.0,0.0,0.35,667.83231428256,-0.0,667.83231428256,26760.0,0.0
39.6,stop_hold,0.0,0.55,0.0,0.0,0.0,0.0,0.0,0.0,-0.0,5259.8358931260545,5102.040816332273,44000.0,0.0,43999.99999999991,43999.99999999991,-8.731149137020111e-11,24999.91584234241,1,0,1499.9949505405446,1799.9939406486487,0.0,0.0,0.0,0.0,0.0,0.35,667.83231428256,-0.0,667.83231428256,26760.0,0.0
39.65,stop_hold,0.0,0.55,0.0,0.0,0.0,0.0,0.0,0.0,-0.0,5259.8358931260545,5102.040816332273,44000.0,0.0,43999.99999999991,43999.99999999991,-8.731149137020111e-11,24999.91584234241,1,0,1499.9949505405446,1799.9939406486487,0.0,0.0,0.0,0.0,0.0,0.35,667.83231428256,-0.0,667.83231428256,26760.0,0.0
39.7,stop_hold,0.0,0.55,0.0,0.0,0.0,0.0,0.0,0.0,-0.0,5259.8358931260545,5102.040816332273,44000.0,0.0,43999.99999999991,43999.99999999991,-8.731149137020111e-11,24999.91584234241,1,0,1499.9949505405446,1799.9939406486487,0.0,0.0,0.0,0.0,0.0,0.35,667.83231428256,-0.0,667.83231428256,26760.0,0.0
39.75,stop_hold,0.0,0.55,0.0,0.0,0.0,0.0,0.0,0.0,-0.0,5259.8358931260545,5102.040816332273,44000.0,0.0,43999.99999999991,43999.99999999991,-8.731149137020111e-11,24999.91584234241,1,0,1499.9949505405446,1799.9939406486487,0.0,0.0,0.0,0.0,0.0,0.35,667.83231428256,-0.0,667.83231428256,26760.0,0.0
39.8,stop_hold,0.0,0.55,0.0,0.0,0.0,0.0,0.0,0.0,-0.0,5259.8358931260545,5102.040816332273,44000.0,0.0,43999.99999999991,43999.99999999991,-8.731149137020111e-11,24999.91584234241,1,0,1499.9949505405446,1799.9939406486487,0.0,0.0,0.0,0.0,0.0,0.35,667.83231428256,-0.0,667.83231428256,26760.0,0.0
39.85,stop_hold,0.0,0.55,0.0,0.0,0.0,0.0,0.0,0.0,-0.0,5259.8358931260545,5102.040816332273,44000.0,0.0,43999.99999999991,43999.99999999991,-8.731149137020111e-11,24999.91584234241,1,0,1499.9949505405446,1799.9939406486487,0.0,0.0,0.0,0.0,0.0,0.35,667.83231428256,-0.0,667.83231428256,26760.0,0.0
39.9,stop_hold,0.0,0.55,0.0,0.0,0.0,0.0,0.0,0.0,-0.0,5259.8358931260545,5102.040816332273,44000.0,0.0,43999.99999999991,43999.99999999991,-8.731149137020111e-11,24999.91584234241,1,0,1499.9949505405446,1799.9939406486487,0.0,0.0,0.0,0.0,0.0,0.35,667.83231428256,-0.0,667.83231428256,26760.0,0.0
39.95,stop_hold,0.0,0.55,0.0,0.0,0.0,0.0,0.0,0.0,-0.0,5259.8358931260545,5102.040816332273,44000.0,0.0,43999.99999999991,43999.99999999991,-8.731149137020111e-11,24999.91584234241,1,0,1499.9949505405446,1799.9939406486487,0.0,0.0,0.0,0.0,0.0,0.35,667.83231428256,-0.0,667.83231428256,26760.0,0.0
40.0,stop_hold,0.0,0.55,0.0,0.0,0.0,0.0,0.0,0.0,-0.0,5259.8358931260545,5102.040816332273,44000.0,0.0,43999.99999999991,43999.99999999991,-8.731149137020111e-11,24999.91584234241,1,0,1499.9949505405446,1799.9939406486487,0.0,0.0,0.0,0.0,0.0,0.35,667.83231428256,-0.0,667.83231428256,26760.0,0.0
40.05,stop_hold,0.0,0.55,0.0,0.0,0.0,0.0,0.0,0.0,-0.0,5259.8358931260545,5102.040816332273,44000.0,0.0,43999.99999999991,43999.99999999991,-8.731149137020111e-11,24999.91584234241,1,0,1499.9949505405446,1799.9939406486487,0.0,0.0,0.0,0.0,0.0,0.35,667.83231428256,-0.0,667.83231428256,26760.0,0.0
40.1,stop_hold,0.0,0.55,0.0,0.0,0.0,0.0,0.0,0.0,-0.0,5259.8358931260545,5102.040816332273,44000.0,0.0,43999.99999999991,43999.99999999991,-8.731149137020111e-11,24999.91584234241,1,0,1499.9949505405446,1799.9939406486487,0.0,0.0,0.0,0.0,0.0,0.35,667.83231428256,-0.0,667.83231428256,26760.0,0.0
40.15,stop_hold,0.0,0.55,0.0,0.0,0.0,0.0,0.0,0.0,-0.0,5259.8358931260545,5102.040816332273,44000.0,0.0,43999.99999999991,43999.99999999991,-8.731149137020111e-11,24999.91584234241,1,0,1499.9949505405446,1799.9939406486487,0.0,0.0,0.0,0.0,0.0,0.35,667.83231428256,-0.0,667.83231428256,26760.0,0.0
40.2,stop_hold,0.0,0.55,0.0,0.0,0.0,0.0,0.0,0.0,-0.0,5259.8358931260545,5102.040816332273,44000.0,0.0,43999.99999999991,43999.99999999991,-8.731149137020111e-11,24999.91584234241,1,0,1499.9949505405446,1799.9939406486487,0.0,0.0,0.0,0.0,0.0,0.35,667.83231428256,-0.0,667.83231428256,26760.0,0.0
40.25,stop_hold,0.0,0.55,0.0,0.0,0.0,0.0,0.0,0.0,-0.0,5259.8358931260545,5102.040816332273,44000.0,0.0,43999.99999999991,43999.99999999991,-8.731149137020111e-11,24999.91584234241,1,0,1499.9949505405446,1799.9939406486487,0.0,0.0,0.0,0.0,0.0,0.35,667.83231428256,-0.0,667.83231428256,26760.0,0.0
40.3,stop_hold,0.0,0.55,0.0,0.0,0.0,0.0,0.0,0.0,-0.0,5259.8358931260545,5102.040816332273,44000.0,0.0,43999.99999999991,43999.99999999991,-8.731149137020111e-11,24999.91584234241,1,0,1499.9949505405446,1799.9939406486487,0.0,0.0,0.0,0.0,0.0,0.35,667.83231428256,-0.0,667.83231428256,26760.0,0.0
40.35,stop_hold,0.0,0.55,0.0,0.0,0.0,0.0,0.0,0.0,-0.0,5259.8358931260545,5102.040816332273,44000.0,0.0,43999.99999999991,43999.99999999991,-8.731149137020111e-11,24999.91584234241,1,0,1499.9949505405446,1799.9939406486487,0.0,0.0,0.0,0.0,0.0,0.35,667.83231428256,-0.0,667.83231428256,26760.0,0.0
40.4,stop_hold,0.0,0.55,0.0,0.0,0.0,0.0,0.0,0.0,-0.0,5259.8358931260545,5102.040816332273,44000.0,0.0,43999.99999999991,43999.99999999991,-8.731149137020111e-11,24999.91584234241,1,0,1499.9949505405446,1799.9939406486487,0.0,0.0,0.0,0.0,0.0,0.35,667.83231428256,-0.0,667.83231428256,26760.0,0.0
40.45,stop_hold,0.0,0.55,0.0,0.0,0.0,0.0,0.0,0.0,-0.0,5259.8358931260545,5102.040816332273,44000.0,0.0,43999.99999999991,43999.99999999991,-8.731149137020111e-11,24999.91584234241,1,0,1499.9949505405446,1799.9939406486487,0.0,0.0,0.0,0.0,0.0,0.35,667.83231428256,-0.0,667.83231428256,26760.0,0.0
40.5,stop_hold,0.0,0.55,0.0,0.0,0.0,0.0,0.0,0.0,-0.0,5259.8358931260545,5102.040816332273,44000.0,0.0,43999.99999999991,43999.99999999991,-8.731149137020111e-11,24999.91584234241,1,0,1499.9949505405446,1799.9939406486487,0.0,0.0,0.0,0.0,0.0,0.35,667.83231428256,-0.0,667.83231428256,26760.0,0.0
40.55,stop_hold,0.0,0.55,0.0,0.0,0.0,0.0,0.0,0.0,-0.0,5259.8358931260545,5102.040816332273,44000.0,0.0,43999.99999999991,43999.99999999991,-8.731149137020111e-11,24999.91584234241,1,0,1499.9949505405446,1799.9939406486487,0.0,0.0,0.0,0.0,0.0,0.35,667.83231428256,-0.0,667.83231428256,26760.0,0.0
40.6,stop_hold,0.0,0.55,0.0,0.0,0.0,0.0,0.0,0.0,-0.0,5259.8358931260545,5102.040816332273,44000.0,0.0,43999.99999999991,43999.99999999991,-8.731149137020111e-11,24999.91584234241,1,0,1499.9949505405446,1799.9939406486487,0.0,0.0,0.0,0.0,0.0,0.35,667.83231428256,-0.0,667.83231428256,26760.0,0.0
40.65,stop_hold,0.0,0.55,0.0,0.0,0.0,0.0,0.0,0.0,-0.0,5259.8358931260545,5102.040816332273,44000.0,0.0,43999.99999999991,43999.99999999991,-8.731149137020111e-11,24999.91584234241,1,0,1499.9949505405446,1799.9939406486487,0.0,0.0,0.0,0.0,0.0,0.35,667.83231428256,-0.0,667.83231428256,26760.0,0.0
40.7,stop_hold,0.0,0.55,0.0,0.0,0.0,0.0,0.0,0.0,-0.0,5259.8358931260545,5102.040816332273,44000.0,0.0,43999.99999999991,43999.99999999991,-8.731149137020111e-11,24999.91584234241,1,0,1499.9949505405446,1799.9939406486487,0.0,0.0,0.0,0.0,0.0,0.35,667.83231428256,-0.0,667.83231428256,26760.0,0.0
40.75,stop_hold,0.0,0.55,0.0,0.0,0.0,0.0,0.0,0.0,-0.0,5259.8358931260545,5102.040816332273,44000.0,0.0,43999.99999999991,43999.99999999991,-8.731149137020111e-11,24999.91584234241,1,0,1499.9949505405446,1799.9939406486487,0.0,0.0,0.0,0.0,0.0,0.35,667.83231428256,-0.0,667.83231428256,26760.0,0.0
40.8,stop_hold,0.0,0.55,0.0,0.0,0.0,0.0,0.0,0.0,-0.0,5259.8358931260545,5102.040816332273,44000.0,0.0,43999.99999999991,43999.99999999991,-8.731149137020111e-11,24999.91584234241,1,0,1499.9949505405446,1799.9939406486487,0.0,0.0,0.0,0.0,0.0,0.35,667.83231428256,-0.0,667.83231428256,26760.0,0.0
40.85,stop_hold,0.0,0.55,0.0,0.0,0.0,0.0,0.0,0.0,-0.0,5259.8358931260545,5102.040816332273,44000.0,0.0,43999.99999999991,43999.99999999991,-8.731149137020111e-11,24999.91584234241,1,0,1499.9949505405446,1799.9939406486487,0.0,0.0,0.0,0.0,0.0,0.35,667.83231428256,-0.0,667.83231428256,26760.0,0.0
40.9,stop_hold,0.0,0.55,0.0,0.0,0.0,0.0,0.0,0.0,-0.0,5259.8358931260545,5102.040816332273,44000.0,0.0,43999.99999999991,43999.99999999991,-8.731149137020111e-11,24999.91584234241,1,0,1499.9949505405446,1799.9939406486487,0.0,0.0,0.0,0.0,0.0,0.35,667.83231428256,-0.0,667.83231428256,26760.0,0.0
40.95,stop_hold,0.0,0.55,0.0,0.0,0.0,0.0,0.0,0.0,-0.0,5259.8358931260545,5102.040816332273,44000.0,0.0,43999.99999999991,43999.99999999991,-8.731149137020111e-11,24999.91584234241,1,0,1499.9949505405446,1799.9939406486487,0.0,0.0,0.0,0.0,0.0,0.35,667.83231428256,-0.0,667.83231428256,26760.0,0.0
41.0,stop_hold,0.0,0.55,0.0,0.0,0.0,0.0,0.0,0.0,-0.0,5259.8358931260545,5102.040816332273,44000.0,0.0,43999.99999999991,43999.99999999991,-8.731149137020111e-11,24999.91584234241,1,0,1499.9949505405446,1799.9939406486487,0.0,0.0,0.0,0.0,0.0,0.35,667.83231428256,-0.0,667.83231428256,26760.0,0.0
41.05,stop_hold,0.0,0.55,0.0,0.0,0.0,0.0,0.0,0.0,-0.0,5259.8358931260545,5102.040816332273,44000.0,0.0,43999.99999999991,43999.99999999991,-8.731149137020111e-11,24999.91584234241,1,0,1499.9949505405446,1799.9939406486487,0.0,0.0,0.0,0.0,0.0,0.35,667.83231428256,-0.0,667.83231428256,26760.0,0.0
41.1,stop_hold,0.0,0.55,0.0,0.0,0.0,0.0,0.0,0.0,-0.0,5259.8358931260545,5102.040816332273,44000.0,0.0,43999.99999999991,43999.99999999991,-8.731149137020111e-11,24999.91584234241,1,0,1499.9949505405446,1799.9939406486487,0.0,0.0,0.0,0.0,0.0,0.35,667.83231428256,-0.0,667.83231428256,26760.0,0.0
41.15,stop_hold,0.0,0.55,0.0,0.0,0.0,0.0,0.0,0.0,-0.0,5259.8358931260545,5102.040816332273,44000.0,0.0,43999.99999999991,43999.99999999991,-8.731149137020111e-11,24999.91584234241,1,0,1499.9949505405446,1799.9939406486487,0.0,0.0,0.0,0.0,0.0,0.35,667.83231428256,-0.0,667.83231428256,26760.0,0.0
41.2,stop_hold,0.0,0.55,0.0,0.0,0.0,0.0,0.0,0.0,-0.0,5259.8358931260545,5102.040816332273,44000.0,0.0,43999.99999999991,43999.99999999991,-8.731149137020111e-11,24999.91584234241,1,0,1499.9949505405446,1799.9939406486487,0.0,0.0,0.0,0.0,0.0,0.35,667.83231428256,-0.0,667.83231428256,26760.0,0.0
41.25,stop_hold,0.0,0.55,0.0,0.0,0.0,0.0,0.0,0.0,-0.0,5259.8358931260545,5102.040816332273,44000.0,0.0,43999.99999999991,43999.99999999991,-8.731149137020111e-11,24999.91584234241,1,0,1499.9949505405446,1799.9939406486487,0.0,0.0,0.0,0.0,0.0,0.35,667.83231428256,-0.0,667.83231428256,26760.0,0.0
41.3,stop_hold,0.0,0.55,0.0,0.0,0.0,0.0,0.0,0.0,-0.0,5259.8358931260545,5102.040816332273,44000.0,0.0,43999.99999999991,43999.99999999991,-8.731149137020111e-11,24999.91584234241,1,0,1499.9949505405446,1799.9939406486487,0.0,0.0,0.0,0.0,0.0,0.35,667.83231428256,-0.0,667.83231428256,26760.0,0.0
41.35,stop_hold,0.0,0.55,0.0,0.0,0.0,0.0,0.0,0.0,-0.0,5259.8358931260545,5102.040816332273,44000.0,0.0,43999.99999999991,43999.99999999991,-8.731149137020111e-11,24999.91584234241,1,0,1499.9949505405446,1799.9939406486487,0.0,0.0,0.0,0.0,0.0,0.35,667.83231428256,-0.0,667.83231428256,26760.0,0.0
41.4,stop_hold,0.0,0.55,0.0,0.0,0.0,0.0,0.0,0.0,-0.0,5259.8358931260545,5102.040816332273,44000.0,0.0,43999.99999999991,43999.99999999991,-8.731149137020111e-11,24999.91584234241,1,0,1499.9949505405446,1799.9939406486487,0.0,0.0,0.0,0.0,0.0,0.35,667.83231428256,-0.0,667.83231428256,26760.0,0.0
41.45,stop_hold,0.0,0.55,0.0,0.0,0.0,0.0,0.0,0.0,-0.0,5259.8358931260545,5102.040816332273,44000.0,0.0,43999.99999999991,43999.99999999991,-8.731149137020111e-11,24999.91584234241,1,0,1499.9949505405446,1799.9939406486487,0.0,0.0,0.0,0.0,0.0,0.35,667.83231428256,-0.0,667.83231428256,26760.0,0.0
41.5,stop_hold,0.0,0.55,0.0,0.0,0.0,0.0,0.0,0.0,-0.0,5259.8358931260545,5102.040816332273,44000.0,0.0,43999.99999999991,43999.99999999991,-8.731149137020111e-11,24999.91584234241,1,0,1499.9949505405446,1799.9939406486487,0.0,0.0,0.0,0.0,0.0,0.35,667.83231428256,-0.0,667.83231428256,26760.0,0.0
41.55,stop_hold,0.0,0.55,0.0,0.0,0.0,0.0,0.0,0.0,-0.0,5259.8358931260545,5102.040816332273,44000.0,0.0,43999.99999999991,43999.99999999991,-8.731149137020111e-11,24999.91584234241,1,0,1499.9949505405446,1799.9939406486487,0.0,0.0,0.0,0.0,0.0,0.35,667.83231428256,-0.0,667.83231428256,26760.0,0.0
41.6,stop_hold,0.0,0.55,0.0,0.0,0.0,0.0,0.0,0.0,-0.0,5259.8358931260545,5102.040816332273,44000.0,0.0,43999.99999999991,43999.99999999991,-8.731149137020111e-11,24999.91584234241,1,0,1499.9949505405446,1799.9939406486487,0.0,0.0,0.0,0.0,0.0,0.35,667.83231428256,-0.0,667.83231428256,26760.0,0.0
41.65,stop_hold,0.0,0.55,0.0,0.0,0.0,0.0,0.0,0.0,-0.0,5259.8358931260545,5102.040816332273,44000.0,0.0,43999.99999999991,43999.99999999991,-8.731149137020111e-11,24999.91584234241,1,0,1499.9949505405446,1799.9939406486487,0.0,0.0,0.0,0.0,0.0,0.35,667.83231428256,-0.0,667.83231428256,26760.0,0.0
41.7,stop_hold,0.0,0.55,0.0,0.0,0.0,0.0,0.0,0.0,-0.0,5259.8358931260545,5102.040816332273,44000.0,0.0,43999.99999999991,43999.99999999991,-8.731149137020111e-11,24999.91584234241,1,0,1499.9949505405446,1799.9939406486487,0.0,0.0,0.0,0.0,0.0,0.35,667.83231428256,-0.0,667.83231428256,26760.0,0.0
41.75,stop_hold,0.0,0.55,0.0,0.0,0.0,0.0,0.0,0.0,-0.0,5259.8358931260545,5102.040816332273,44000.0,0.0,43999.99999999991,43999.99999999991,-8.731149137020111e-11,24999.91584234241,1,0,1499.9949505405446,1799.9939406486487,0.0,0.0,0.0,0.0,0.0,0.35,667.83231428256,-0.0,667.83231428256,26760.0,0.0
41.8,stop_hold,0.0,0.55,0.0,0.0,0.0,0.0,0.0,0.0,-0.0,5259.8358931260545,5102.040816332273,44000.0,0.0,43999.99999999991,43999.99999999991,-8.731149137020111e-11,24999.91584234241,1,0,1499.9949505405446,1799.9939406486487,0.0,0.0,0.0,0.0,0.0,0.35,667.83231428256,-0.0,667.83231428256,26760.0,0.0
41.85,stop_hold,0.0,0.55,0.0,0.0,0.0,0.0,0.0,0.0,-0.0,5259.8358931260545,5102.040816332273,44000.0,0.0,43999.99999999991,43999.99999999991,-8.731149137020111e-11,24999.91584234241,1,0,1499.9949505405446,1799.9939406486487,0.0,0.0,0.0,0.0,0.0,0.35,667.83231428256,-0.0,667.83231428256,26760.0,0.0
41.9,stop_hold,0.0,0.55,0.0,0.0,0.0,0.0,0.0,0.0,-0.0,5259.8358931260545,5102.040816332273,44000.0,0.0,43999.99999999991,43999.99999999991,-8.731149137020111e-11,24999.91584234241,1,0,1499.9949505405446,1799.9939406486487,0.0,0.0,0.0,0.0,0.0,0.35,667.83231428256,-0.0,667.83231428256,26760.0,0.0
41.95,stop_hold,0.0,0.55,0.0,0.0,0.0,0.0,0.0,0.0,-0.0,5259.8358931260545,5102.040816332273,44000.0,0.0,43999.99999999991,43999.99999999991,-8.731149137020111e-11,24999.91584234241,1,0,1499.9949505405446,1799.9939406486487,0.0,0.0,0.0,0.0,0.0,0.35,667.83231428256,-0.0,667.83231428256,26760.0,0.0
42.0,stop_hold,0.0,0.55,0.0,0.0,0.0,0.0,0.0,0.0,-0.0,5259.8358931260545,5102.040816332273,44000.0,0.0,43999.99999999991,43999.99999999991,-8.731149137020111e-11,24999.91584234241,1,0,1499.9949505405446,1799.9939406486487,0.0,0.0,0.0,0.0,0.0,0.35,667.83231428256,-0.0,667.83231428256,26760.0,0.0
42.05,stop_hold,0.0,0.55,0.0,0.0,0.0,0.0,0.0,0.0,-0.0,5259.8358931260545,5102.040816332273,44000.0,0.0,43999.99999999991,43999.99999999991,-8.731149137020111e-11,24999.91584234241,1,0,1499.9949505405446,1799.9939406486487,0.0,0.0,0.0,0.0,0.0,0.35,667.83231428256,-0.0,667.83231428256,26760.0,0.0
42.1,stop_hold,0.0,0.55,0.0,0.0,0.0,0.0,0.0,0.0,-0.0,5259.8358931260545,5102.040816332273,44000.0,0.0,43999.99999999991,43999.99999999991,-8.731149137020111e-11,24999.91584234241,1,0,1499.9949505405446,1799.9939406486487,0.0,0.0,0.0,0.0,0.0,0.35,667.83231428256,-0.0,667.83231428256,26760.0,0.0
42.15,stop_hold,0.0,0.55,0.0,0.0,0.0,0.0,0.0,0.0,-0.0,5259.8358931260545,5102.040816332273,44000.0,0.0,43999.99999999991,43999.99999999991,-8.731149137020111e-11,24999.91584234241,1,0,1499.9949505405446,1799.9939406486487,0.0,0.0,0.0,0.0,0.0,0.35,667.83231428256,-0.0,667.83231428256,26760.0,0.0
42.2,stop_hold,0.0,0.55,0.0,0.0,0.0,0.0,0.0,0.0,-0.0,5259.8358931260545,5102.040816332273,44000.0,0.0,43999.99999999991,43999.99999999991,-8.731149137020111e-11,24999.91584234241,1,0,1499.9949505405446,1799.9939406486487,0.0,0.0,0.0,0.0,0.0,0.35,667.83231428256,-0.0,667.83231428256,26760.0,0.0
42.25,stop_hold,0.0,0.55,0.0,0.0,0.0,0.0,0.0,0.0,-0.0,5259.8358931260545,5102.040816332273,44000.0,0.0,43999.99999999991,43999.99999999991,-8.731149137020111e-11,24999.91584234241,1,0,1499.9949505405446,1799.9939406486487,0.0,0.0,0.0,0.0,0.0,0.35,667.83231428256,-0.0,667.83231428256,26760.0,0.0
42.3,stop_hold,0.0,0.55,0.0,0.0,0.0,0.0,0.0,0.0,-0.0,5259.8358931260545,5102.040816332273,44000.0,0.0,43999.99999999991,43999.99999999991,-8.731149137020111e-11,24999.91584234241,1,0,1499.9949505405446,1799.9939406486487,0.0,0.0,0.0,0.0,0.0,0.35,667.83231428256,-0.0,667.83231428256,26760.0,0.0
42.35,stop_hold,0.0,0.55,0.0,0.0,0.0,0.0,0.0,0.0,-0.0,5259.8358931260545,5102.040816332273,44000.0,0.0,43999.99999999991,43999.99999999991,-8.731149137020111e-11,24999.91584234241,1,0,1499.9949505405446,1799.9939406486487,0.0,0.0,0.0,0.0,0.0,0.35,667.83231428256,-0.0,667.83231428256,26760.0,0.0
42.4,stop_hold,0.0,0.55,0.0,0.0,0.0,0.0,0.0,0.0,-0.0,5259.8358931260545,5102.040816332273,44000.0,0.0,43999.99999999991,43999.99999999991,-8.731149137020111e-11,24999.91584234241,1,0,1499.9949505405446,1799.9939406486487,0.0,0.0,0.0,0.0,0.0,0.35,667.83231428256,-0.0,667.83231428256,26760.0,0.0
42.45,stop_hold,0.0,0.55,0.0,0.0,0.0,0.0,0.0,0.0,-0.0,5259.8358931260545,5102.040816332273,44000.0,0.0,43999.99999999991,43999.99999999991,-8.731149137020111e-11,24999.91584234241,1,0,1499.9949505405446,1799.9939406486487,0.0,0.0,0.0,0.0,0.0,0.35,667.83231428256,-0.0,667.83231428256,26760.0,0.0
42.5,stop_hold,0.0,0.55,0.0,0.0,0.0,0.0,0.0,0.0,-0.0,5259.8358931260545,5102.040816332273,44000.0,0.0,43999.99999999991,43999.99999999991,-8.731149137020111e-11,24999.91584234241,1,0,1499.9949505405446,1799.9939406486487,0.0,0.0,0.0,0.0,0.0,0.35,667.83231428256,-0.0,667.83231428256,26760.0,0.0
42.55,stop_hold,0.0,0.55,0.0,0.0,0.0,0.0,0.0,0.0,-0.0,5259.8358931260545,5102.040816332273,44000.0,0.0,43999.99999999991,43999.99999999991,-8.731149137020111e-11,24999.91584234241,1,0,1499.9949505405446,1799.9939406486487,0.0,0.0,0.0,0.0,0.0,0.35,667.83231428256,-0.0,667.83231428256,26760.0,0.0
42.6,stop_hold,0.0,0.55,0.0,0.0,0.0,0.0,0.0,0.0,-0.0,5259.8358931260545,5102.040816332273,44000.0,0.0,43999.99999999991,43999.99999999991,-8.731149137020111e-11,24999.91584234241,1,0,1499.9949505405446,1799.9939406486487,0.0,0.0,0.0,0.0,0.0,0.35,667.83231428256,-0.0,667.83231428256,26760.0,0.0
42.65,stop_hold,0.0,0.55,0.0,0.0,0.0,0.0,0.0,0.0,-0.0,5259.8358931260545,5102.040816332273,44000.0,0.0,43999.99999999991,43999.99999999991,-8.731149137020111e-11,24999.91584234241,1,0,1499.9949505405446,1799.9939406486487,0.0,0.0,0.0,0.0,0.0,0.35,667.83231428256,-0.0,667.83231428256,26760.0,0.0
42.7,stop_hold,0.0,0.55,0.0,0.0,0.0,0.0,0.0,0.0,-0.0,5259.8358931260545,5102.040816332273,44000.0,0.0,43999.99999999991,43999.99999999991,-8.731149137020111e-11,24999.91584234241,1,0,1499.9949505405446,1799.9939406486487,0.0,0.0,0.0,0.0,0.0,0.35,667.83231428256,-0.0,667.83231428256,26760.0,0.0
42.75,stop_hold,0.0,0.55,0.0,0.0,0.0,0.0,0.0,0.0,-0.0,5259.8358931260545,5102.040816332273,44000.0,0.0,43999.99999999991,43999.99999999991,-8.731149137020111e-11,24999.91584234241,1,0,1499.9949505405446,1799.9939406486487,0.0,0.0,0.0,0.0,0.0,0.35,667.83231428256,-0.0,667.83231428256,26760.0,0.0
42.8,stop_hold,0.0,0.55,0.0,0.0,0.0,0.0,0.0,0.0,-0.0,5259.8358931260545,5102.040816332273,44000.0,0.0,43999.99999999991,43999.99999999991,-8.731149137020111e-11,24999.91584234241,1,0,1499.9949505405446,1799.9939406486487,0.0,0.0,0.0,0.0,0.0,0.35,667.83231428256,-0.0,667.83231428256,26760.0,0.0
42.85,stop_hold,0.0,0.55,0.0,0.0,0.0,0.0,0.0,0.0,-0.0,5259.8358931260545,5102.040816332273,44000.0,0.0,43999.99999999991,43999.99999999991,-8.731149137020111e-11,24999.91584234241,1,0,1499.9949505405446,1799.9939406486487,0.0,0.0,0.0,0.0,0.0,0.35,667.83231428256,-0.0,667.83231428256,26760.0,0.0
42.9,stop_hold,0.0,0.55,0.0,0.0,0.0,0.0,0.0,0.0,-0.0,5259.8358931260545,5102.040816332273,44000.0,0.0,43999.99999999991,43999.99999999991,-8.731149137020111e-11,24999.91584234241,1,0,1499.9949505405446,1799.9939406486487,0.0,0.0,0.0,0.0,0.0,0.35,667.83231428256,-0.0,667.83231428256,26760.0,0.0
42.95,stop_hold,0.0,0.55,0.0,0.0,0.0,0.0,0.0,0.0,-0.0,5259.8358931260545,5102.040816332273,44000.0,0.0,43999.99999999991,43999.99999999991,-8.731149137020111e-11,24999.91584234241,1,0,1499.9949505405446,1799.9939406486487,0.0,0.0,0.0,0.0,0.0,0.35,667.83231428256,-0.0,667.83231428256,26760.0,0.0
43.0,stop_hold,0.0,0.55,0.0,0.0,0.0,0.0,0.0,0.0,-0.0,5259.8358931260545,5102.040816332273,44000.0,0.0,43999.99999999991,43999.99999999991,-8.731149137020111e-11,24999.91584234241,1,0,1499.9949505405446,1799.9939406486487,0.0,0.0,0.0,0.0,0.0,0.35,667.83231428256,-0.0,667.83231428256,26760.0,0.0
43.05,stop_hold,0.0,0.55,0.0,0.0,0.0,0.0,0.0,0.0,-0.0,5259.8358931260545,5102.040816332273,44000.0,0.0,43999.99999999991,43999.99999999991,-8.731149137020111e-11,24999.91584234241,1,0,1499.9949505405446,1799.9939406486487,0.0,0.0,0.0,0.0,0.0,0.35,667.83231428256,-0.0,667.83231428256,26760.0,0.0
43.1,stop_hold,0.0,0.55,0.0,0.0,0.0,0.0,0.0,0.0,-0.0,5259.8358931260545,5102.040816332273,44000.0,0.0,43999.99999999991,43999.99999999991,-8.731149137020111e-11,24999.91584234241,1,0,1499.9949505405446,1799.9939406486487,0.0,0.0,0.0,0.0,0.0,0.35,667.83231428256,-0.0,667.83231428256,26760.0,0.0
43.15,stop_hold,0.0,0.55,0.0,0.0,0.0,0.0,0.0,0.0,-0.0,5259.8358931260545,5102.040816332273,44000.0,0.0,43999.99999999991,43999.99999999991,-8.731149137020111e-11,24999.91584234241,1,0,1499.9949505405446,1799.9939406486487,0.0,0.0,0.0,0.0,0.0,0.35,667.83231428256,-0.0,667.83231428256,26760.0,0.0
43.2,stop_hold,0.0,0.55,0.0,0.0,0.0,0.0,0.0,0.0,-0.0,5259.8358931260545,5102.040816332273,44000.0,0.0,43999.99999999991,43999.99999999991,-8.731149137020111e-11,24999.91584234241,1,0,1499.9949505405446,1799.9939406486487,0.0,0.0,0.0,0.0,0.0,0.35,667.83231428256,-0.0,667.83231428256,26760.0,0.0
43.25,stop_hold,0.0,0.55,0.0,0.0,0.0,0.0,0.0,0.0,-0.0,5259.8358931260545,5102.040816332273,44000.0,0.0,43999.99999999991,43999.99999999991,-8.731149137020111e-11,24999.91584234241,1,0,1499.9949505405446,1799.9939406486487,0.0,0.0,0.0,0.0,0.0,0.35,667.83231428256,-0.0,667.83231428256,26760.0,0.0
43.3,stop_hold,0.0,0.55,0.0,0.0,0.0,0.0,0.0,0.0,-0.0,5259.8358931260545,5102.040816332273,44000.0,0.0,43999.99999999991,43999.99999999991,-8.731149137020111e-11,24999.91584234241,1,0,1499.9949505405446,1799.9939406486487,0.0,0.0,0.0,0.0,0.0,0.35,667.83231428256,-0.0,667.83231428256,26760.0,0.0
43.35,stop_hold,0.0,0.55,0.0,0.0,0.0,0.0,0.0,0.0,-0.0,5259.8358931260545,5102.040816332273,44000.0,0.0,43999.99999999991,43999.99999999991,-8.731149137020111e-11,24999.91584234241,1,0,1499.9949505405446,1799.9939406486487,0.0,0.0,0.0,0.0,0.0,0.35,667.83231428256,-0.0,667.83231428256,26760.0,0.0
43.4,stop_hold,0.0,0.55,0.0,0.0,0.0,0.0,0.0,0.0,-0.0,5259.8358931260545,5102.040816332273,44000.0,0.0,43999.99999999991,43999.99999999991,-8.731149137020111e-11,24999.91584234241,1,0,1499.9949505405446,1799.9939406486487,0.0,0.0,0.0,0.0,0.0,0.35,667.83231428256,-0.0,667.83231428256,26760.0,0.0
43.45,stop_hold,0.0,0.55,0.0,0.0,0.0,0.0,0.0,0.0,-0.0,5259.8358931260545,5102.040816332273,44000.0,0.0,43999.99999999991,43999.99999999991,-8.731149137020111e-11,24999.91584234241,1,0,1499.9949505405446,1799.9939406486487,0.0,0.0,0.0,0.0,0.0,0.35,667.83231428256,-0.0,667.83231428256,26760.0,0.0
43.5,stop_hold,0.0,0.55,0.0,0.0,0.0,0.0,0.0,0.0,-0.0,5259.8358931260545,5102.040816332273,44000.0,0.0,43999.99999999991,43999.99999999991,-8.731149137020111e-11,24999.91584234241,1,0,1499.9949505405446,1799.9939406486487,0.0,0.0,0.0,0.0,0.0,0.35,667.83231428256,-0.0,667.83231428256,26760.0,0.0
43.55,stop_hold,0.0,0.55,0.0,0.0,0.0,0.0,0.0,0.0,-0.0,5259.8358931260545,5102.040816332273,44000.0,0.0,43999.99999999991,43999.99999999991,-8.731149137020111e-11,24999.91584234241,1,0,1499.9949505405446,1799.9939406486487,0.0,0.0,0.0,0.0,0.0,0.35,667.83231428256,-0.0,667.83231428256,26760.0,0.0
43.6,stop_hold,0.0,0.55,0.0,0.0,0.0,0.0,0.0,0.0,-0.0,5259.8358931260545,5102.040816332273,44000.0,0.0,43999.99999999991,43999.99999999991,-8.731149137020111e-11,24999.91584234241,1,0,1499.9949505405446,1799.9939406486487,0.0,0.0,0.0,0.0,0.0,0.35,667.83231428256,-0.0,667.83231428256,26760.0,0.0
43.65,stop_hold,0.0,0.55,0.0,0.0,0.0,0.0,0.0,0.0,-0.0,5259.8358931260545,5102.040816332273,44000.0,0.0,43999.99999999991,43999.99999999991,-8.731149137020111e-11,24999.91584234241,1,0,1499.9949505405446,1799.9939406486487,0.0,0.0,0.0,0.0,0.0,0.35,667.83231428256,-0.0,667.83231428256,26760.0,0.0
43.7,stop_hold,0.0,0.55,0.0,0.0,0.0,0.0,0.0,0.0,-0.0,5259.8358931260545,5102.040816332273,44000.0,0.0,43999.99999999991,43999.99999999991,-8.731149137020111e-11,24999.91584234241,1,0,1499.9949505405446,1799.9939406486487,0.0,0.0,0.0,0.0,0.0,0.35,667.83231428256,-0.0,667.83231428256,26760.0,0.0
43.75,stop_hold,0.0,0.55,0.0,0.0,0.0,0.0,0.0,0.0,-0.0,5259.8358931260545,5102.040816332273,44000.0,0.0,43999.99999999991,43999.99999999991,-8.731149137020111e-11,24999.91584234241,1,0,1499.9949505405446,1799.9939406486487,0.0,0.0,0.0,0.0,0.0,0.35,667.83231428256,-0.0,667.83231428256,26760.0,0.0
43.8,stop_hold,0.0,0.55,0.0,0.0,0.0,0.0,0.0,0.0,-0.0,5259.8358931260545,5102.040816332273,44000.0,0.0,43999.99999999991,43999.99999999991,-8.731149137020111e-11,24999.91584234241,1,0,1499.9949505405446,1799.9939406486487,0.0,0.0,0.0,0.0,0.0,0.35,667.83231428256,-0.0,667.83231428256,26760.0,0.0
43.85,stop_hold,0.0,0.55,0.0,0.0,0.0,0.0,0.0,0.0,-0.0,5259.8358931260545,5102.040816332273,44000.0,0.0,43999.99999999991,43999.99999999991,-8.731149137020111e-11,24999.91584234241,1,0,1499.9949505405446,1799.9939406486487,0.0,0.0,0.0,0.0,0.0,0.35,667.83231428256,-0.0,667.83231428256,26760.0,0.0
43.9,stop_hold,0.0,0.55,0.0,0.0,0.0,0.0,0.0,0.0,-0.0,5259.8358931260545,5102.040816332273,44000.0,0.0,43999.99999999991,43999.99999999991,-8.731149137020111e-11,24999.91584234241,1,0,1499.9949505405446,1799.9939406486487,0.0,0.0,0.0,0.0,0.0,0.35,667.83231428256,-0.0,667.83231428256,26760.0,0.0
43.95,stop_hold,0.0,0.55,0.0,0.0,0.0,0.0,0.0,0.0,-0.0,5259.8358931260545,5102.040816332273,44000.0,0.0,43999.99999999991,43999.99999999991,-8.731149137020111e-11,24999.91584234241,1,0,1499.9949505405446,1799.9939406486487,0.0,0.0,0.0,0.0,0.0,0.35,667.83231428256,-0.0,667.83231428256,26760.0,0.0
44.0,stop_hold,0.0,0.55,0.0,0.0,0.0,0.0,0.0,0.0,-0.0,5259.8358931260545,5102.040816332273,44000.0,0.0,43999.99999999991,43999.99999999991,-8.731149137020111e-11,24999.91584234241,1,0,1499.9949505405446,1799.9939406486487,0.0,0.0,0.0,0.0,0.0,0.35,667.83231428256,-0.0,667.83231428256,26760.0,0.0
44.05,stop_hold,0.0,0.55,0.0,0.0,0.0,0.0,0.0,0.0,-0.0,5259.8358931260545,5102.040816332273,44000.0,0.0,43999.99999999991,43999.99999999991,-8.731149137020111e-11,24999.91584234241,1,0,1499.9949505405446,1799.9939406486487,0.0,0.0,0.0,0.0,0.0,0.35,667.83231428256,-0.0,667.83231428256,26760.0,0.0
44.1,stop_hold,0.0,0.55,0.0,0.0,0.0,0.0,0.0,0.0,-0.0,5259.8358931260545,5102.040816332273,44000.0,0.0,43999.99999999991,43999.99999999991,-8.731149137020111e-11,24999.91584234241,1,0,1499.9949505405446,1799.9939406486487,0.0,0.0,0.0,0.0,0.0,0.35,667.83231428256,-0.0,667.83231428256,26760.0,0.0
44.15,stop_hold,0.0,0.55,0.0,0.0,0.0,0.0,0.0,0.0,-0.0,5259.8358931260545,5102.040816332273,44000.0,0.0,43999.99999999991,43999.99999999991,-8.731149137020111e-11,24999.91584234241,1,0,1499.9949505405446,1799.9939406486487,0.0,0.0,0.0,0.0,0.0,0.35,667.83231428256,-0.0,667.83231428256,26760.0,0.0
44.2,stop_hold,0.0,0.55,0.0,0.0,0.0,0.0,0.0,0.0,-0.0,5259.8358931260545,5102.040816332273,44000.0,0.0,43999.99999999991,43999.99999999991,-8.731149137020111e-11,24999.91584234241,1,0,1499.9949505405446,1799.9939406486487,0.0,0.0,0.0,0.0,0.0,0.35,667.83231428256,-0.0,667.83231428256,26760.0,0.0
44.25,stop_hold,0.0,0.55,0.0,0.0,0.0,0.0,0.0,0.0,-0.0,5259.8358931260545,5102.040816332273,44000.0,0.0,43999.99999999991,43999.99999999991,-8.731149137020111e-11,24999.91584234241,1,0,1499.9949505405446,1799.9939406486487,0.0,0.0,0.0,0.0,0.0,0.35,667.83231428256,-0.0,667.83231428256,26760.0,0.0
44.3,stop_hold,0.0,0.55,0.0,0.0,0.0,0.0,0.0,0.0,-0.0,5259.8358931260545,5102.040816332273,44000.0,0.0,43999.99999999991,43999.99999999991,-8.731149137020111e-11,24999.91584234241,1,0,1499.9949505405446,1799.9939406486487,0.0,0.0,0.0,0.0,0.0,0.35,667.83231428256,-0.0,667.83231428256,26760.0,0.0
44.35,stop_hold,0.0,0.55,0.0,0.0,0.0,0.0,0.0,0.0,-0.0,5259.8358931260545,5102.040816332273,44000.0,0.0,43999.99999999991,43999.99999999991,-8.731149137020111e-11,24999.91584234241,1,0,1499.9949505405446,1799.9939406486487,0.0,0.0,0.0,0.0,0.0,0.35,667.83231428256,-0.0,667.83231428256,26760.0,0.0
44.4,stop_hold,0.0,0.55,0.0,0.0,0.0,0.0,0.0,0.0,-0.0,5259.8358931260545,5102.040816332273,44000.0,0.0,43999.99999999991,43999.99999999991,-8.731149137020111e-11,24999.91584234241,1,0,1499.9949505405446,1799.9939406486487,0.0,0.0,0.0,0.0,0.0,0.35,667.83231428256,-0.0,667.83231428256,26760.0,0.0
44.45,stop_hold,0.0,0.55,0.0,0.0,0.0,0.0,0.0,0.0,-0.0,5259.8358931260545,5102.040816332273,44000.0,0.0,43999.99999999991,43999.99999999991,-8.731149137020111e-11,24999.91584234241,1,0,1499.9949505405446,1799.9939406486487,0.0,0.0,0.0,0.0,0.0,0.35,667.83231428256,-0.0,667.83231428256,26760.0,0.0
44.5,stop_hold,0.0,0.55,0.0,0.0,0.0,0.0,0.0,0.0,-0.0,5259.8358931260545,5102.040816332273,44000.0,0.0,43999.99999999991,43999.99999999991,-8.731149137020111e-11,24999.91584234241,1,0,1499.9949505405446,1799.9939406486487,0.0,0.0,0.0,0.0,0.0,0.35,667.83231428256,-0.0,667.83231428256,26760.0,0.0
44.55,stop_hold,0.0,0.55,0.0,0.0,0.0,0.0,0.0,0.0,-0.0,5259.8358931260545,5102.040816332273,44000.0,0.0,43999.99999999991,43999.99999999991,-8.731149137020111e-11,24999.91584234241,1,0,1499.9949505405446,1799.9939406486487,0.0,0.0,0.0,0.0,0.0,0.35,667.83231428256,-0.0,667.83231428256,26760.0,0.0
44.6,stop_hold,0.0,0.55,0.0,0.0,0.0,0.0,0.0,0.0,-0.0,5259.8358931260545,5102.040816332273,44000.0,0.0,43999.99999999991,43999.99999999991,-8.731149137020111e-11,24999.91584234241,1,0,1499.9949505405446,1799.9939406486487,0.0,0.0,0.0,0.0,0.0,0.35,667.83231428256,-0.0,667.83231428256,26760.0,0.0
44.65,stop_hold,0.0,0.55,0.0,0.0,0.0,0.0,0.0,0.0,-0.0,5259.8358931260545,5102.040816332273,44000.0,0.0,43999.99999999991,43999.99999999991,-8.731149137020111e-11,24999.91584234241,1,0,1499.9949505405446,1799.9939406486487,0.0,0.0,0.0,0.0,0.0,0.35,667.83231428256,-0.0,667.83231428256,26760.0,0.0
44.7,stop_hold,0.0,0.55,0.0,0.0,0.0,0.0,0.0,0.0,-0.0,5259.8358931260545,5102.040816332273,44000.0,0.0,43999.99999999991,43999.99999999991,-8.731149137020111e-11,24999.91584234241,1,0,1499.9949505405446,1799.9939406486487,0.0,0.0,0.0,0.0,0.0,0.35,667.83231428256,-0.0,667.83231428256,26760.0,0.0
44.75,stop_hold,0.0,0.55,0.0,0.0,0.0,0.0,0.0,0.0,-0.0,5259.8358931260545,5102.040816332273,44000.0,0.0,43999.99999999991,43999.99999999991,-8.731149137020111e-11,24999.91584234241,1,0,1499.9949505405446,1799.9939406486487,0.0,0.0,0.0,0.0,0.0,0.35,667.83231428256,-0.0,667.83231428256,26760.0,0.0
44.8,stop_hold,0.0,0.55,0.0,0.0,0.0,0.0,0.0,0.0,-0.0,5259.8358931260545,5102.040816332273,44000.0,0.0,43999.99999999991,43999.99999999991,-8.731149137020111e-11,24999.91584234241,1,0,1499.9949505405446,1799.9939406486487,0.0,0.0,0.0,0.0,0.0,0.35,667.83231428256,-0.0,667.83231428256,26760.0,0.0
44.85,stop_hold,0.0,0.55,0.0,0.0,0.0,0.0,0.0,0.0,-0.0,5259.8358931260545,5102.040816332273,44000.0,0.0,43999.99999999991,43999.99999999991,-8.731149137020111e-11,24999.91584234241,1,0,1499.9949505405446,1799.9939406486487,0.0,0.0,0.0,0.0,0.0,0.35,667.83231428256,-0.0,667.83231428256,26760.0,0.0
44.9,stop_hold,0.0,0.55,0.0,0.0,0.0,0.0,0.0,0.0,-0.0,5259.8358931260545,5102.040816332273,44000.0,0.0,43999.99999999991,43999.99999999991,-8.731149137020111e-11,24999.91584234241,1,0,1499.9949505405446,1799.9939406486487,0.0,0.0,0.0,0.0,0.0,0.35,667.83231428256,-0.0,667.83231428256,26760.0,0.0
44.95,stop_hold,0.0,0.55,0.0,0.0,0.0,0.0,0.0,0.0,-0.0,5259.8358931260545,5102.040816332273,44000.0,0.0,43999.99999999991,43999.99999999991,-8.731149137020111e-11,24999.91584234241,1,0,1499.9949505405446,1799.9939406486487,0.0,0.0,0.0,0.0,0.0,0.35,667.83231428256,-0.0,667.83231428256,26760.0,0.0
45.0,stop_hold,0.0,0.55,0.0,0.0,0.0,0.0,0.0,0.0,-0.0,5259.8358931260545,5102.040816332273,44000.0,0.0,43999.99999999991,43999.99999999991,-8.731149137020111e-11,24999.91584234241,1,0,1499.9949505405446,1799.9939406486487,0.0,0.0,0.0,0.0,0.0,0.35,667.83231428256,-0.0,667.83231428256,26760.0,0.0
45.05,stop_hold,0.0,0.55,0.0,0.0,0.0,0.0,0.0,0.0,-0.0,5259.8358931260545,5102.040816332273,44000.0,0.0,43999.99999999991,43999.99999999991,-8.731149137020111e-11,24999.91584234241,1,0,1499.9949505405446,1799.9939406486487,0.0,0.0,0.0,0.0,0.0,0.35,667.83231428256,-0.0,667.83231428256,26760.0,0.0
45.1,stop_hold,0.0,0.55,0.0,0.0,0.0,0.0,0.0,0.0,-0.0,5259.8358931260545,5102.040816332273,44000.0,0.0,43999.99999999991,43999.99999999991,-8.731149137020111e-11,24999.91584234241,1,0,1499.9949505405446,1799.9939406486487,0.0,0.0,0.0,0.0,0.0,0.35,667.83231428256,-0.0,667.83231428256,26760.0,0.0
45.15,stop_hold,0.0,0.55,0.0,0.0,0.0,0.0,0.0,0.0,-0.0,5259.8358931260545,5102.040816332273,44000.0,0.0,43999.99999999991,43999.99999999991,-8.731149137020111e-11,24999.91584234241,1,0,1499.9949505405446,1799.9939406486487,0.0,0.0,0.0,0.0,0.0,0.35,667.83231428256,-0.0,667.83231428256,26760.0,0.0
45.2,stop_hold,0.0,0.55,0.0,0.0,0.0,0.0,0.0,0.0,-0.0,5259.8358931260545,5102.040816332273,44000.0,0.0,43999.99999999991,43999.99999999991,-8.731149137020111e-11,24999.91584234241,1,0,1499.9949505405446,1799.9939406486487,0.0,0.0,0.0,0.0,0.0,0.35,667.83231428256,-0.0,667.83231428256,26760.0,0.0
45.25,stop_hold,0.0,0.55,0.0,0.0,0.0,0.0,0.0,0.0,-0.0,5259.8358931260545,5102.040816332273,44000.0,0.0,43999.99999999991,43999.99999999991,-8.731149137020111e-11,24999.91584234241,1,0,1499.9949505405446,1799.9939406486487,0.0,0.0,0.0,0.0,0.0,0.35,667.83231428256,-0.0,667.83231428256,26760.0,0.0
45.3,stop_hold,0.0,0.55,0.0,0.0,0.0,0.0,0.0,0.0,-0.0,5259.8358931260545,5102.040816332273,44000.0,0.0,43999.99999999991,43999.99999999991,-8.731149137020111e-11,24999.91584234241,1,0,1499.9949505405446,1799.9939406486487,0.0,0.0,0.0,0.0,0.0,0.35,667.83231428256,-0.0,667.83231428256,26760.0,0.0
45.35,stop_hold,0.0,0.55,0.0,0.0,0.0,0.0,0.0,0.0,-0.0,5259.8358931260545,5102.040816332273,44000.0,0.0,43999.99999999991,43999.99999999991,-8.731149137020111e-11,24999.91584234241,1,0,1499.9949505405446,1799.9939406486487,0.0,0.0,0.0,0.0,0.0,0.35,667.83231428256,-0.0,667.83231428256,26760.0,0.0
45.4,stop_hold,0.0,0.55,0.0,0.0,0.0,0.0,0.0,0.0,-0.0,5259.8358931260545,5102.040816332273,44000.0,0.0,43999.99999999991,43999.99999999991,-8.731149137020111e-11,24999.91584234241,1,0,1499.9949505405446,1799.9939406486487,0.0,0.0,0.0,0.0,0.0,0.35,667.83231428256,-0.0,667.83231428256,26760.0,0.0
45.45,stop_hold,0.0,0.55,0.0,0.0,0.0,0.0,0.0,0.0,-0.0,5259.8358931260545,5102.040816332273,44000.0,0.0,43999.99999999991,43999.99999999991,-8.731149137020111e-11,24999.91584234241,1,0,1499.9949505405446,1799.9939406486487,0.0,0.0,0.0,0.0,0.0,0.35,667.83231428256,-0.0,667.83231428256,26760.0,0.0
45.5,stop_hold,0.0,0.55,0.0,0.0,0.0,0.0,0.0,0.0,-0.0,5259.8358931260545,5102.040816332273,44000.0,0.0,43999.99999999991,43999.99999999991,-8.731149137020111e-11,24999.91584234241,1,0,1499.9949505405446,1799.9939406486487,0.0,0.0,0.0,0.0,0.0,0.35,667.83231428256,-0.0,667.83231428256,26760.0,0.0
45.55,stop_hold,0.0,0.55,0.0,0.0,0.0,0.0,0.0,0.0,-0.0,5259.8358931260545,5102.040816332273,44000.0,0.0,43999.99999999991,43999.99999999991,-8.731149137020111e-11,24999.91584234241,1,0,1499.9949505405446,1799.9939406486487,0.0,0.0,0.0,0.0,0.0,0.35,667.83231428256,-0.0,667.83231428256,26760.0,0.0
45.6,stop_hold,0.0,0.55,0.0,0.0,0.0,0.0,0.0,0.0,-0.0,5259.8358931260545,5102.040816332273,44000.0,0.0,43999.99999999991,43999.99999999991,-8.731149137020111e-11,24999.91584234241,1,0,1499.9949505405446,1799.9939406486487,0.0,0.0,0.0,0.0,0.0,0.35,667.83231428256,-0.0,667.83231428256,26760.0,0.0
45.65,stop_hold,0.0,0.55,0.0,0.0,0.0,0.0,0.0,0.0,-0.0,5259.8358931260545,5102.040816332273,44000.0,0.0,43999.99999999991,43999.99999999991,-8.731149137020111e-11,24999.91584234241,1,0,1499.9949505405446,1799.9939406486487,0.0,0.0,0.0,0.0,0.0,0.35,667.83231428256,-0.0,667.83231428256,26760.0,0.0
45.7,stop_hold,0.0,0.55,0.0,0.0,0.0,0.0,0.0,0.0,-0.0,5259.8358931260545,5102.040816332273,44000.0,0.0,43999.99999999991,43999.99999999991,-8.731149137020111e-11,24999.91584234241,1,0,1499.9949505405446,1799.9939406486487,0.0,0.0,0.0,0.0,0.0,0.35,667.83231428256,-0.0,667.83231428256,26760.0,0.0
45.75,stop_hold,0.0,0.55,0.0,0.0,0.0,0.0,0.0,0.0,-0.0,5259.8358931260545,5102.040816332273,44000.0,0.0,43999.99999999991,43999.99999999991,-8.731149137020111e-11,24999.91584234241,1,0,1499.9949505405446,1799.9939406486487,0.0,0.0,0.0,0.0,0.0,0.35,667.83231428256,-0.0,667.83231428256,26760.0,0.0
45.8,stop_hold,0.0,0.55,0.0,0.0,0.0,0.0,0.0,0.0,-0.0,5259.8358931260545,5102.040816332273,44000.0,0.0,43999.99999999991,43999.99999999991,-8.731149137020111e-11,24999.91584234241,1,0,1499.9949505405446,1799.9939406486487,0.0,0.0,0.0,0.0,0.0,0.35,667.83231428256,-0.0,667.83231428256,26760.0,0.0
45.85,stop_hold,0.0,0.55,0.0,0.0,0.0,0.0,0.0,0.0,-0.0,5259.8358931260545,5102.040816332273,44000.0,0.0,43999.99999999991,43999.99999999991,-8.731149137020111e-11,24999.91584234241,1,0,1499.9949505405446,1799.9939406486487,0.0,0.0,0.0,0.0,0.0,0.35,667.83231428256,-0.0,667.83231428256,26760.0,0.0
45.9,stop_hold,0.0,0.55,0.0,0.0,0.0,0.0,0.0,0.0,-0.0,5259.8358931260545,5102.040816332273,44000.0,0.0,43999.99999999991,43999.99999999991,-8.731149137020111e-11,24999.91584234241,1,0,1499.9949505405446,1799.9939406486487,0.0,0.0,0.0,0.0,0.0,0.35,667.83231428256,-0.0,667.83231428256,26760.0,0.0
45.95,stop_hold,0.0,0.55,0.0,0.0,0.0,0.0,0.0,0.0,-0.0,5259.8358931260545,5102.040816332273,44000.0,0.0,43999.99999999991,43999.99999999991,-8.731149137020111e-11,24999.91584234241,1,0,1499.9949505405446,1799.9939406486487,0.0,0.0,0.0,0.0,0.0,0.35,667.83231428256,-0.0,667.83231428256,26760.0,0.0
46.0,stop_hold,0.0,0.55,0.0,0.0,0.0,0.0,0.0,0.0,-0.0,5259.8358931260545,5102.040816332273,44000.0,0.0,43999.99999999991,43999.99999999991,-8.731149137020111e-11,24999.91584234241,1,0,1499.9949505405446,1799.9939406486487,0.0,0.0,0.0,0.0,0.0,0.35,667.83231428256,-0.0,667.83231428256,26760.0,0.0
46.05,stop_hold,0.0,0.55,0.0,0.0,0.0,0.0,0.0,0.0,-0.0,5259.8358931260545,5102.040816332273,44000.0,0.0,43999.99999999991,43999.99999999991,-8.731149137020111e-11,24999.91584234241,1,0,1499.9949505405446,1799.9939406486487,0.0,0.0,0.0,0.0,0.0,0.35,667.83231428256,-0.0,667.83231428256,26760.0,0.0
46.1,stop_hold,0.0,0.55,0.0,0.0,0.0,0.0,0.0,0.0,-0.0,5259.8358931260545,5102.040816332273,44000.0,0.0,43999.99999999991,43999.99999999991,-8.731149137020111e-11,24999.91584234241,1,0,1499.9949505405446,1799.9939406486487,0.0,0.0,0.0,0.0,0.0,0.35,667.83231428256,-0.0,667.83231428256,26760.0,0.0
46.15,stop_hold,0.0,0.55,0.0,0.0,0.0,0.0,0.0,0.0,-0.0,5259.8358931260545,5102.040816332273,44000.0,0.0,43999.99999999991,43999.99999999991,-8.731149137020111e-11,24999.91584234241,1,0,1499.9949505405446,1799.9939406486487,0.0,0.0,0.0,0.0,0.0,0.35,667.83231428256,-0.0,667.83231428256,26760.0,0.0
46.2,stop_hold,0.0,0.55,0.0,0.0,0.0,0.0,0.0,0.0,-0.0,5259.8358931260545,5102.040816332273,44000.0,0.0,43999.99999999991,43999.99999999991,-8.731149137020111e-11,24999.91584234241,1,0,1499.9949505405446,1799.9939406486487,0.0,0.0,0.0,0.0,0.0,0.35,667.83231428256,-0.0,667.83231428256,26760.0,0.0
46.25,stop_hold,0.0,0.55,0.0,0.0,0.0,0.0,0.0,0.0,-0.0,5259.8358931260545,5102.040816332273,44000.0,0.0,43999.99999999991,43999.99999999991,-8.731149137020111e-11,24999.91584234241,1,0,1499.9949505405446,1799.9939406486487,0.0,0.0,0.0,0.0,0.0,0.35,667.83231428256,-0.0,667.83231428256,26760.0,0.0
46.3,stop_hold,0.0,0.55,0.0,0.0,0.0,0.0,0.0,0.0,-0.0,5259.8358931260545,5102.040816332273,44000.0,0.0,43999.99999999991,43999.99999999991,-8.731149137020111e-11,24999.91584234241,1,0,1499.9949505405446,1799.9939406486487,0.0,0.0,0.0,0.0,0.0,0.35,667.83231428256,-0.0,667.83231428256,26760.0,0.0
46.35,stop_hold,0.0,0.55,0.0,0.0,0.0,0.0,0.0,0.0,-0.0,5259.8358931260545,5102.040816332273,44000.0,0.0,43999.99999999991,43999.99999999991,-8.731149137020111e-11,24999.91584234241,1,0,1499.9949505405446,1799.9939406486487,0.0,0.0,0.0,0.0,0.0,0.35,667.83231428256,-0.0,667.83231428256,26760.0,0.0
46.4,stop_hold,0.0,0.55,0.0,0.0,0.0,0.0,0.0,0.0,-0.0,5259.8358931260545,5102.040816332273,44000.0,0.0,43999.99999999991,43999.99999999991,-8.731149137020111e-11,24999.91584234241,1,0,1499.9949505405446,1799.9939406486487,0.0,0.0,0.0,0.0,0.0,0.35,667.83231428256,-0.0,667.83231428256,26760.0,0.0
46.45,stop_hold,0.0,0.55,0.0,0.0,0.0,0.0,0.0,0.0,-0.0,5259.8358931260545,5102.040816332273,44000.0,0.0,43999.99999999991,43999.99999999991,-8.731149137020111e-11,24999.91584234241,1,0,1499.9949505405446,1799.9939406486487,0.0,0.0,0.0,0.0,0.0,0.35,667.83231428256,-0.0,667.83231428256,26760.0,0.0
46.5,stop_hold,0.0,0.55,0.0,0.0,0.0,0.0,0.0,0.0,-0.0,5259.8358931260545,5102.040816332273,44000.0,0.0,43999.99999999991,43999.99999999991,-8.731149137020111e-11,24999.91584234241,1,0,1499.9949505405446,1799.9939406486487,0.0,0.0,0.0,0.0,0.0,0.35,667.83231428256,-0.0,667.83231428256,26760.0,0.0
46.55,stop_hold,0.0,0.55,0.0,0.0,0.0,0.0,0.0,0.0,-0.0,5259.8358931260545,5102.040816332273,44000.0,0.0,43999.99999999991,43999.99999999991,-8.731149137020111e-11,24999.91584234241,1,0,1499.9949505405446,1799.9939406486487,0.0,0.0,0.0,0.0,0.0,0.35,667.83231428256,-0.0,667.83231428256,26760.0,0.0
46.6,stop_hold,0.0,0.55,0.0,0.0,0.0,0.0,0.0,0.0,-0.0,5259.8358931260545,5102.040816332273,44000.0,0.0,43999.99999999991,43999.99999999991,-8.731149137020111e-11,24999.91584234241,1,0,1499.9949505405446,1799.9939406486487,0.0,0.0,0.0,0.0,0.0,0.35,667.83231428256,-0.0,667.83231428256,26760.0,0.0
46.65,stop_hold,0.0,0.55,0.0,0.0,0.0,0.0,0.0,0.0,-0.0,5259.8358931260545,5102.040816332273,44000.0,0.0,43999.99999999991,43999.99999999991,-8.731149137020111e-11,24999.91584234241,1,0,1499.9949505405446,1799.9939406486487,0.0,0.0,0.0,0.0,0.0,0.35,667.83231428256,-0.0,667.83231428256,26760.0,0.0
46.7,stop_hold,0.0,0.55,0.0,0.0,0.0,0.0,0.0,0.0,-0.0,5259.8358931260545,5102.040816332273,44000.0,0.0,43999.99999999991,43999.99999999991,-8.731149137020111e-11,24999.91584234241,1,0,1499.9949505405446,1799.9939406486487,0.0,0.0,0.0,0.0,0.0,0.35,667.83231428256,-0.0,667.83231428256,26760.0,0.0
46.75,stop_hold,0.0,0.55,0.0,0.0,0.0,0.0,0.0,0.0,-0.0,5259.8358931260545,5102.040816332273,44000.0,0.0,43999.99999999991,43999.99999999991,-8.731149137020111e-11,24999.91584234241,1,0,1499.9949505405446,1799.9939406486487,0.0,0.0,0.0,0.0,0.0,0.35,667.83231428256,-0.0,667.83231428256,26760.0,0.0
46.8,stop_hold,0.0,0.55,0.0,0.0,0.0,0.0,0.0,0.0,-0.0,5259.8358931260545,5102.040816332273,44000.0,0.0,43999.99999999991,43999.99999999991,-8.731149137020111e-11,24999.91584234241,1,0,1499.9949505405446,1799.9939406486487,0.0,0.0,0.0,0.0,0.0,0.35,667.83231428256,-0.0,667.83231428256,26760.0,0.0
46.85,stop_hold,0.0,0.55,0.0,0.0,0.0,0.0,0.0,0.0,-0.0,5259.8358931260545,5102.040816332273,44000.0,0.0,43999.99999999991,43999.99999999991,-8.731149137020111e-11,24999.91584234241,1,0,1499.9949505405446,1799.9939406486487,0.0,0.0,0.0,0.0,0.0,0.35,667.83231428256,-0.0,667.83231428256,26760.0,0.0
46.9,stop_hold,0.0,0.55,0.0,0.0,0.0,0.0,0.0,0.0,-0.0,5259.8358931260545,5102.040816332273,44000.0,0.0,43999.99999999991,43999.99999999991,-8.731149137020111e-11,24999.91584234241,1,0,1499.9949505405446,1799.9939406486487,0.0,0.0,0.0,0.0,0.0,0.35,667.83231428256,-0.0,667.83231428256,26760.0,0.0
46.95,stop_hold,0.0,0.55,0.0,0.0,0.0,0.0,0.0,0.0,-0.0,5259.8358931260545,5102.040816332273,44000.0,0.0,43999.99999999991,43999.99999999991,-8.731149137020111e-11,24999.91584234241,1,0,1499.9949505405446,1799.9939406486487,0.0,0.0,0.0,0.0,0.0,0.35,667.83231428256,-0.0,667.83231428256,26760.0,0.0
47.0,stop_hold,0.0,0.55,0.0,0.0,0.0,0.0,0.0,0.0,-0.0,5259.8358931260545,5102.040816332273,44000.0,0.0,43999.99999999991,43999.99999999991,-8.731149137020111e-11,24999.91584234241,1,0,1499.9949505405446,1799.9939406486487,0.0,0.0,0.0,0.0,0.0,0.35,667.83231428256,-0.0,667.83231428256,26760.0,0.0
47.05,stop_hold,0.0,0.55,0.0,0.0,0.0,0.0,0.0,0.0,-0.0,5259.8358931260545,5102.040816332273,44000.0,0.0,43999.99999999991,43999.99999999991,-8.731149137020111e-11,24999.91584234241,1,0,1499.9949505405446,1799.9939406486487,0.0,0.0,0.0,0.0,0.0,0.35,667.83231428256,-0.0,667.83231428256,26760.0,0.0
47.1,stop_hold,0.0,0.55,0.0,0.0,0.0,0.0,0.0,0.0,-0.0,5259.8358931260545,5102.040816332273,44000.0,0.0,43999.99999999991,43999.99999999991,-8.731149137020111e-11,24999.91584234241,1,0,1499.9949505405446,1799.9939406486487,0.0,0.0,0.0,0.0,0.0,0.35,667.83231428256,-0.0,667.83231428256,26760.0,0.0
47.15,stop_hold,0.0,0.55,0.0,0.0,0.0,0.0,0.0,0.0,-0.0,5259.8358931260545,5102.040816332273,44000.0,0.0,43999.99999999991,43999.99999999991,-8.731149137020111e-11,24999.91584234241,1,0,1499.9949505405446,1799.9939406486487,0.0,0.0,0.0,0.0,0.0,0.35,667.83231428256,-0.0,667.83231428256,26760.0,0.0
47.2,stop_hold,0.0,0.55,0.0,0.0,0.0,0.0,0.0,0.0,-0.0,5259.8358931260545,5102.040816332273,44000.0,0.0,43999.99999999991,43999.99999999991,-8.731149137020111e-11,24999.91584234241,1,0,1499.9949505405446,1799.9939406486487,0.0,0.0,0.0,0.0,0.0,0.35,667.83231428256,-0.0,667.83231428256,26760.0,0.0
47.25,stop_hold,0.0,0.55,0.0,0.0,0.0,0.0,0.0,0.0,-0.0,5259.8358931260545,5102.040816332273,44000.0,0.0,43999.99999999991,43999.99999999991,-8.731149137020111e-11,24999.91584234241,1,0,1499.9949505405446,1799.9939406486487,0.0,0.0,0.0,0.0,0.0,0.35,667.83231428256,-0.0,667.83231428256,26760.0,0.0
47.3,stop_hold,0.0,0.55,0.0,0.0,0.0,0.0,0.0,0.0,-0.0,5259.8358931260545,5102.040816332273,44000.0,0.0,43999.99999999991,43999.99999999991,-8.731149137020111e-11,24999.91584234241,1,0,1499.9949505405446,1799.9939406486487,0.0,0.0,0.0,0.0,0.0,0.35,667.83231428256,-0.0,667.83231428256,26760.0,0.0
47.35,stop_hold,0.0,0.55,0.0,0.0,0.0,0.0,0.0,0.0,-0.0,5259.8358931260545,5102.040816332273,44000.0,0.0,43999.99999999991,43999.99999999991,-8.731149137020111e-11,24999.91584234241,1,0,1499.9949505405446,1799.9939406486487,0.0,0.0,0.0,0.0,0.0,0.35,667.83231428256,-0.0,667.83231428256,26760.0,0.0
47.4,stop_hold,0.0,0.55,0.0,0.0,0.0,0.0,0.0,0.0,-0.0,5259.8358931260545,5102.040816332273,44000.0,0.0,43999.99999999991,43999.99999999991,-8.731149137020111e-11,24999.91584234241,1,0,1499.9949505405446,1799.9939406486487,0.0,0.0,0.0,0.0,0.0,0.35,667.83231428256,-0.0,667.83231428256,26760.0,0.0
47.45,stop_hold,0.0,0.55,0.0,0.0,0.0,0.0,0.0,0.0,-0.0,5259.8358931260545,5102.040816332273,44000.0,0.0,43999.99999999991,43999.99999999991,-8.731149137020111e-11,24999.91584234241,1,0,1499.9949505405446,1799.9939406486487,0.0,0.0,0.0,0.0,0.0,0.35,667.83231428256,-0.0,667.83231428256,26760.0,0.0
47.5,stop_hold,0.0,0.55,0.0,0.0,0.0,0.0,0.0,0.0,-0.0,5259.8358931260545,5102.040816332273,44000.0,0.0,43999.99999999991,43999.99999999991,-8.731149137020111e-11,24999.91584234241,1,0,1499.9949505405446,1799.9939406486487,0.0,0.0,0.0,0.0,0.0,0.35,667.83231428256,-0.0,667.83231428256,26760.0,0.0
47.55,stop_hold,0.0,0.55,0.0,0.0,0.0,0.0,0.0,0.0,-0.0,5259.8358931260545,5102.040816332273,44000.0,0.0,43999.99999999991,43999.99999999991,-8.731149137020111e-11,24999.91584234241,1,0,1499.9949505405446,1799.9939406486487,0.0,0.0,0.0,0.0,0.0,0.35,667.83231428256,-0.0,667.83231428256,26760.0,0.0
47.6,stop_hold,0.0,0.55,0.0,0.0,0.0,0.0,0.0,0.0,-0.0,5259.8358931260545,5102.040816332273,44000.0,0.0,43999.99999999991,43999.99999999991,-8.731149137020111e-11,24999.91584234241,1,0,1499.9949505405446,1799.9939406486487,0.0,0.0,0.0,0.0,0.0,0.35,667.83231428256,-0.0,667.83231428256,26760.0,0.0
47.65,stop_hold,0.0,0.55,0.0,0.0,0.0,0.0,0.0,0.0,-0.0,5259.8358931260545,5102.040816332273,44000.0,0.0,43999.99999999991,43999.99999999991,-8.731149137020111e-11,24999.91584234241,1,0,1499.9949505405446,1799.9939406486487,0.0,0.0,0.0,0.0,0.0,0.35,667.83231428256,-0.0,667.83231428256,26760.0,0.0
47.7,stop_hold,0.0,0.55,0.0,0.0,0.0,0.0,0.0,0.0,-0.0,5259.8358931260545,5102.040816332273,44000.0,0.0,43999.99999999991,43999.99999999991,-8.731149137020111e-11,24999.91584234241,1,0,1499.9949505405446,1799.9939406486487,0.0,0.0,0.0,0.0,0.0,0.35,667.83231428256,-0.0,667.83231428256,26760.0,0.0
47.75,stop_hold,0.0,0.55,0.0,0.0,0.0,0.0,0.0,0.0,-0.0,5259.8358931260545,5102.040816332273,44000.0,0.0,43999.99999999991,43999.99999999991,-8.731149137020111e-11,24999.91584234241,1,0,1499.9949505405446,1799.9939406486487,0.0,0.0,0.0,0.0,0.0,0.35,667.83231428256,-0.0,667.83231428256,26760.0,0.0
47.8,stop_hold,0.0,0.55,0.0,0.0,0.0,0.0,0.0,0.0,-0.0,5259.8358931260545,5102.040816332273,44000.0,0.0,43999.99999999991,43999.99999999991,-8.731149137020111e-11,24999.91584234241,1,0,1499.9949505405446,1799.9939406486487,0.0,0.0,0.0,0.0,0.0,0.35,667.83231428256,-0.0,667.83231428256,26760.0,0.0
47.85,stop_hold,0.0,0.55,0.0,0.0,0.0,0.0,0.0,0.0,-0.0,5259.8358931260545,5102.040816332273,44000.0,0.0,43999.99999999991,43999.99999999991,-8.731149137020111e-11,24999.91584234241,1,0,1499.9949505405446,1799.9939406486487,0.0,0.0,0.0,0.0,0.0,0.35,667.83231428256,-0.0,667.83231428256,26760.0,0.0
47.9,stop_hold,0.0,0.55,0.0,0.0,0.0,0.0,0.0,0.0,-0.0,5259.8358931260545,5102.040816332273,44000.0,0.0,43999.99999999991,43999.99999999991,-8.731149137020111e-11,24999.91584234241,1,0,1499.9949505405446,1799.9939406486487,0.0,0.0,0.0,0.0,0.0,0.35,667.83231428256,-0.0,667.83231428256,26760.0,0.0
47.95,stop_hold,0.0,0.55,0.0,0.0,0.0,0.0,0.0,0.0,-0.0,5259.8358931260545,5102.040816332273,44000.0,0.0,43999.99999999991,43999.99999999991,-8.731149137020111e-11,24999.91584234241,1,0,1499.9949505405446,1799.9939406486487,0.0,0.0,0.0,0.0,0.0,0.35,667.83231428256,-0.0,667.83231428256,26760.0,0.0
48.0,stop_hold,0.0,0.55,0.0,0.0,0.0,0.0,0.0,0.0,-0.0,5259.8358931260545,5102.040816332273,44000.0,0.0,43999.99999999991,43999.99999999991,-8.731149137020111e-11,24999.91584234241,1,0,1499.9949505405446,1799.9939406486487,0.0,0.0,0.0,0.0,0.0,0.35,667.83231428256,-0.0,667.83231428256,26760.0,0.0
48.05,stop_hold,0.0,0.55,0.0,0.0,0.0,0.0,0.0,0.0,-0.0,5259.8358931260545,5102.040816332273,44000.0,0.0,43999.99999999991,43999.99999999991,-8.731149137020111e-11,24999.91584234241,1,0,1499.9949505405446,1799.9939406486487,0.0,0.0,0.0,0.0,0.0,0.35,667.83231428256,-0.0,667.83231428256,26760.0,0.0
48.1,stop_hold,0.0,0.55,0.0,0.0,0.0,0.0,0.0,0.0,-0.0,5259.8358931260545,5102.040816332273,44000.0,0.0,43999.99999999991,43999.99999999991,-8.731149137020111e-11,24999.91584234241,1,0,1499.9949505405446,1799.9939406486487,0.0,0.0,0.0,0.0,0.0,0.35,667.83231428256,-0.0,667.83231428256,26760.0,0.0
48.15,stop_hold,0.0,0.55,0.0,0.0,0.0,0.0,0.0,0.0,-0.0,5259.8358931260545,5102.040816332273,44000.0,0.0,43999.99999999991,43999.99999999991,-8.731149137020111e-11,24999.91584234241,1,0,1499.9949505405446,1799.9939406486487,0.0,0.0,0.0,0.0,0.0,0.35,667.83231428256,-0.0,667.83231428256,26760.0,0.0
48.2,stop_hold,0.0,0.55,0.0,0.0,0.0,0.0,0.0,0.0,-0.0,5259.8358931260545,5102.040816332273,44000.0,0.0,43999.99999999991,43999.99999999991,-8.731149137020111e-11,24999.91584234241,1,0,1499.9949505405446,1799.9939406486487,0.0,0.0,0.0,0.0,0.0,0.35,667.83231428256,-0.0,667.83231428256,26760.0,0.0
48.25,stop_hold,0.0,0.55,0.0,0.0,0.0,0.0,0.0,0.0,-0.0,5259.8358931260545,5102.040816332273,44000.0,0.0,43999.99999999991,43999.99999999991,-8.731149137020111e-11,24999.91584234241,1,0,1499.9949505405446,1799.9939406486487,0.0,0.0,0.0,0.0,0.0,0.35,667.83231428256,-0.0,667.83231428256,26760.0,0.0
48.3,stop_hold,0.0,0.55,0.0,0.0,0.0,0.0,0.0,0.0,-0.0,5259.8358931260545,5102.040816332273,44000.0,0.0,43999.99999999991,43999.99999999991,-8.731149137020111e-11,24999.91584234241,1,0,1499.9949505405446,1799.9939406486487,0.0,0.0,0.0,0.0,0.0,0.35,667.83231428256,-0.0,667.83231428256,26760.0,0.0
48.35,stop_hold,0.0,0.55,0.0,0.0,0.0,0.0,0.0,0.0,-0.0,5259.8358931260545,5102.040816332273,44000.0,0.0,43999.99999999991,43999.99999999991,-8.731149137020111e-11,24999.91584234241,1,0,1499.9949505405446,1799.9939406486487,0.0,0.0,0.0,0.0,0.0,0.35,667.83231428256,-0.0,667.83231428256,26760.0,0.0
48.4,stop_hold,0.0,0.55,0.0,0.0,0.0,0.0,0.0,0.0,-0.0,5259.8358931260545,5102.040816332273,44000.0,0.0,43999.99999999991,43999.99999999991,-8.731149137020111e-11,24999.91584234241,1,0,1499.9949505405446,1799.9939406486487,0.0,0.0,0.0,0.0,0.0,0.35,667.83231428256,-0.0,667.83231428256,26760.0,0.0
48.45,stop_hold,0.0,0.55,0.0,0.0,0.0,0.0,0.0,0.0,-0.0,5259.8358931260545,5102.040816332273,44000.0,0.0,43999.99999999991,43999.99999999991,-8.731149137020111e-11,24999.91584234241,1,0,1499.9949505405446,1799.9939406486487,0.0,0.0,0.0,0.0,0.0,0.35,667.83231428256,-0.0,667.83231428256,26760.0,0.0
48.5,stop_hold,0.0,0.55,0.0,0.0,0.0,0.0,0.0,0.0,-0.0,5259.8358931260545,5102.040816332273,44000.0,0.0,43999.99999999991,43999.99999999991,-8.731149137020111e-11,24999.91584234241,1,0,1499.9949505405446,1799.9939406486487,0.0,0.0,0.0,0.0,0.0,0.35,667.83231428256,-0.0,667.83231428256,26760.0,0.0
48.55,stop_hold,0.0,0.55,0.0,0.0,0.0,0.0,0.0,0.0,-0.0,5259.8358931260545,5102.040816332273,44000.0,0.0,43999.99999999991,43999.99999999991,-8.731149137020111e-11,24999.91584234241,1,0,1499.9949505405446,1799.9939406486487,0.0,0.0,0.0,0.0,0.0,0.35,667.83231428256,-0.0,667.83231428256,26760.0,0.0
48.6,stop_hold,0.0,0.55,0.0,0.0,0.0,0.0,0.0,0.0,-0.0,5259.8358931260545,5102.040816332273,44000.0,0.0,43999.99999999991,43999.99999999991,-8.731149137020111e-11,24999.91584234241,1,0,1499.9949505405446,1799.9939406486487,0.0,0.0,0.0,0.0,0.0,0.35,667.83231428256,-0.0,667.83231428256,26760.0,0.0
48.65,stop_hold,0.0,0.55,0.0,0.0,0.0,0.0,0.0,0.0,-0.0,5259.8358931260545,5102.040816332273,44000.0,0.0,43999.99999999991,43999.99999999991,-8.731149137020111e-11,24999.91584234241,1,0,1499.9949505405446,1799.9939406486487,0.0,0.0,0.0,0.0,0.0,0.35,667.83231428256,-0.0,667.83231428256,26760.0,0.0
48.7,stop_hold,0.0,0.55,0.0,0.0,0.0,0.0,0.0,0.0,-0.0,5259.8358931260545,5102.040816332273,44000.0,0.0,43999.99999999991,43999.99999999991,-8.731149137020111e-11,24999.91584234241,1,0,1499.9949505405446,1799.9939406486487,0.0,0.0,0.0,0.0,0.0,0.35,667.83231428256,-0.0,667.83231428256,26760.0,0.0
48.75,stop_hold,0.0,0.55,0.0,0.0,0.0,0.0,0.0,0.0,-0.0,5259.8358931260545,5102.040816332273,44000.0,0.0,43999.99999999991,43999.99999999991,-8.731149137020111e-11,24999.91584234241,1,0,1499.9949505405446,1799.9939406486487,0.0,0.0,0.0,0.0,0.0,0.35,667.83231428256,-0.0,667.83231428256,26760.0,0.0
48.8,stop_hold,0.0,0.55,0.0,0.0,0.0,0.0,0.0,0.0,-0.0,5259.8358931260545,5102.040816332273,44000.0,0.0,43999.99999999991,43999.99999999991,-8.731149137020111e-11,24999.91584234241,1,0,1499.9949505405446,1799.9939406486487,0.0,0.0,0.0,0.0,0.0,0.35,667.83231428256,-0.0,667.83231428256,26760.0,0.0
48.85,stop_hold,0.0,0.55,0.0,0.0,0.0,0.0,0.0,0.0,-0.0,5259.8358931260545,5102.040816332273,44000.0,0.0,43999.99999999991,43999.99999999991,-8.731149137020111e-11,24999.91584234241,1,0,1499.9949505405446,1799.9939406486487,0.0,0.0,0.0,0.0,0.0,0.35,667.83231428256,-0.0,667.83231428256,26760.0,0.0
48.9,stop_hold,0.0,0.55,0.0,0.0,0.0,0.0,0.0,0.0,-0.0,5259.8358931260545,5102.040816332273,44000.0,0.0,43999.99999999991,43999.99999999991,-8.731149137020111e-11,24999.91584234241,1,0,1499.9949505405446,1799.9939406486487,0.0,0.0,0.0,0.0,0.0,0.35,667.83231428256,-0.0,667.83231428256,26760.0,0.0
48.95,stop_hold,0.0,0.55,0.0,0.0,0.0,0.0,0.0,0.0,-0.0,5259.8358931260545,5102.040816332273,44000.0,0.0,43999.99999999991,43999.99999999991,-8.731149137020111e-11,24999.91584234241,1,0,1499.9949505405446,1799.9939406486487,0.0,0.0,0.0,0.0,0.0,0.35,667.83231428256,-0.0,667.83231428256,26760.0,0.0
49.0,stop_hold,0.0,0.55,0.0,0.0,0.0,0.0,0.0,0.0,-0.0,5259.8358931260545,5102.040816332273,44000.0,0.0,43999.99999999991,43999.99999999991,-8.731149137020111e-11,24999.91584234241,1,0,1499.9949505405446,1799.9939406486487,0.0,0.0,0.0,0.0,0.0,0.35,667.83231428256,-0.0,667.83231428256,26760.0,0.0
49.05,stop_hold,0.0,0.55,0.0,0.0,0.0,0.0,0.0,0.0,-0.0,5259.8358931260545,5102.040816332273,44000.0,0.0,43999.99999999991,43999.99999999991,-8.731149137020111e-11,24999.91584234241,1,0,1499.9949505405446,1799.9939406486487,0.0,0.0,0.0,0.0,0.0,0.35,667.83231428256,-0.0,667.83231428256,26760.0,0.0
49.1,stop_hold,0.0,0.55,0.0,0.0,0.0,0.0,0.0,0.0,-0.0,5259.8358931260545,5102.040816332273,44000.0,0.0,43999.99999999991,43999.99999999991,-8.731149137020111e-11,24999.91584234241,1,0,1499.9949505405446,1799.9939406486487,0.0,0.0,0.0,0.0,0.0,0.35,667.83231428256,-0.0,667.83231428256,26760.0,0.0
49.15,stop_hold,0.0,0.55,0.0,0.0,0.0,0.0,0.0,0.0,-0.0,5259.8358931260545,5102.040816332273,44000.0,0.0,43999.99999999991,43999.99999999991,-8.731149137020111e-11,24999.91584234241,1,0,1499.9949505405446,1799.9939406486487,0.0,0.0,0.0,0.0,0.0,0.35,667.83231428256,-0.0,667.83231428256,26760.0,0.0
49.2,stop_hold,0.0,0.55,0.0,0.0,0.0,0.0,0.0,0.0,-0.0,5259.8358931260545,5102.040816332273,44000.0,0.0,43999.99999999991,43999.99999999991,-8.731149137020111e-11,24999.91584234241,1,0,1499.9949505405446,1799.9939406486487,0.0,0.0,0.0,0.0,0.0,0.35,667.83231428256,-0.0,667.83231428256,26760.0,0.0
49.25,stop_hold,0.0,0.55,0.0,0.0,0.0,0.0,0.0,0.0,-0.0,5259.8358931260545,5102.040816332273,44000.0,0.0,43999.99999999991,43999.99999999991,-8.731149137020111e-11,24999.91584234241,1,0,1499.9949505405446,1799.9939406486487,0.0,0.0,0.0,0.0,0.0,0.35,667.83231428256,-0.0,667.83231428256,26760.0,0.0
49.3,stop_hold,0.0,0.55,0.0,0.0,0.0,0.0,0.0,0.0,-0.0,5259.8358931260545,5102.040816332273,44000.0,0.0,43999.99999999991,43999.99999999991,-8.731149137020111e-11,24999.91584234241,1,0,1499.9949505405446,1799.9939406486487,0.0,0.0,0.0,0.0,0.0,0.35,667.83231428256,-0.0,667.83231428256,26760.0,0.0
49.35,stop_hold,0.0,0.55,0.0,0.0,0.0,0.0,0.0,0.0,-0.0,5259.8358931260545,5102.040816332273,44000.0,0.0,43999.99999999991,43999.99999999991,-8.731149137020111e-11,24999.91584234241,1,0,1499.9949505405446,1799.9939406486487,0.0,0.0,0.0,0.0,0.0,0.35,667.83231428256,-0.0,667.83231428256,26760.0,0.0
49.4,stop_hold,0.0,0.55,0.0,0.0,0.0,0.0,0.0,0.0,-0.0,5259.8358931260545,5102.040816332273,44000.0,0.0,43999.99999999991,43999.99999999991,-8.731149137020111e-11,24999.91584234241,1,0,1499.9949505405446,1799.9939406486487,0.0,0.0,0.0,0.0,0.0,0.35,667.83231428256,-0.0,667.83231428256,26760.0,0.0
49.45,stop_hold,0.0,0.55,0.0,0.0,0.0,0.0,0.0,0.0,-0.0,5259.8358931260545,5102.040816332273,44000.0,0.0,43999.99999999991,43999.99999999991,-8.731149137020111e-11,24999.91584234241,1,0,1499.9949505405446,1799.9939406486487,0.0,0.0,0.0,0.0,0.0,0.35,667.83231428256,-0.0,667.83231428256,26760.0,0.0
49.5,stop_hold,0.0,0.55,0.0,0.0,0.0,0.0,0.0,0.0,-0.0,5259.8358931260545,5102.040816332273,44000.0,0.0,43999.99999999991,43999.99999999991,-8.731149137020111e-11,24999.91584234241,1,0,1499.9949505405446,1799.9939406486487,0.0,0.0,0.0,0.0,0.0,0.35,667.83231428256,-0.0,667.83231428256,26760.0,0.0
49.55,stop_hold,0.0,0.55,0.0,0.0,0.0,0.0,0.0,0.0,-0.0,5259.8358931260545,5102.040816332273,44000.0,0.0,43999.99999999991,43999.99999999991,-8.731149137020111e-11,24999.91584234241,1,0,1499.9949505405446,1799.9939406486487,0.0,0.0,0.0,0.0,0.0,0.35,667.83231428256,-0.0,667.83231428256,26760.0,0.0
49.6,stop_hold,0.0,0.55,0.0,0.0,0.0,0.0,0.0,0.0,-0.0,5259.8358931260545,5102.040816332273,44000.0,0.0,43999.99999999991,43999.99999999991,-8.731149137020111e-11,24999.91584234241,1,0,1499.9949505405446,1799.9939406486487,0.0,0.0,0.0,0.0,0.0,0.35,667.83231428256,-0.0,667.83231428256,26760.0,0.0
49.65,stop_hold,0.0,0.55,0.0,0.0,0.0,0.0,0.0,0.0,-0.0,5259.8358931260545,5102.040816332273,44000.0,0.0,43999.99999999991,43999.99999999991,-8.731149137020111e-11,24999.91584234241,1,0,1499.9949505405446,1799.9939406486487,0.0,0.0,0.0,0.0,0.0,0.35,667.83231428256,-0.0,667.83231428256,26760.0,0.0
49.7,stop_hold,0.0,0.55,0.0,0.0,0.0,0.0,0.0,0.0,-0.0,5259.8358931260545,5102.040816332273,44000.0,0.0,43999.99999999991,43999.99999999991,-8.731149137020111e-11,24999.91584234241,1,0,1499.9949505405446,1799.9939406486487,0.0,0.0,0.0,0.0,0.0,0.35,667.83231428256,-0.0,667.83231428256,26760.0,0.0
49.75,stop_hold,0.0,0.55,0.0,0.0,0.0,0.0,0.0,0.0,-0.0,5259.8358931260545,5102.040816332273,44000.0,0.0,43999.99999999991,43999.99999999991,-8.731149137020111e-11,24999.91584234241,1,0,1499.9949505405446,1799.9939406486487,0.0,0.0,0.0,0.0,0.0,0.35,667.83231428256,-0.0,667.83231428256,26760.0,0.0
49.8,stop_hold,0.0,0.55,0.0,0.0,0.0,0.0,0.0,0.0,-0.0,5259.8358931260545,5102.040816332273,44000.0,0.0,43999.99999999991,43999.99999999991,-8.731149137020111e-11,24999.91584234241,1,0,1499.9949505405446,1799.9939406486487,0.0,0.0,0.0,0.0,0.0,0.35,667.83231428256,-0.0,667.83231428256,26760.0,0.0
49.85,stop_hold,0.0,0.55,0.0,0.0,0.0,0.0,0.0,0.0,-0.0,5259.8358931260545,5102.040816332273,44000.0,0.0,43999.99999999991,43999.99999999991,-8.731149137020111e-11,24999.91584234241,1,0,1499.9949505405446,1799.9939406486487,0.0,0.0,0.0,0.0,0.0,0.35,667.83231428256,-0.0,667.83231428256,26760.0,0.0
49.9,stop_hold,0.0,0.55,0.0,0.0,0.0,0.0,0.0,0.0,-0.0,5259.8358931260545,5102.040816332273,44000.0,0.0,43999.99999999991,43999.99999999991,-8.731149137020111e-11,24999.91584234241,1,0,1499.9949505405446,1799.9939406486487,0.0,0.0,0.0,0.0,0.0,0.35,667.83231428256,-0.0,667.83231428256,26760.0,0.0
49.95,stop_hold,0.0,0.55,0.0,0.0,0.0,0.0,0.0,0.0,-0.0,5259.8358931260545,5102.040816332273,44000.0,0.0,43999.99999999991,43999.99999999991,-8.731149137020111e-11,24999.91584234241,1,0,1499.9949505405446,1799.9939406486487,0.0,0.0,0.0,0.0,0.0,0.35,667.83231428256,-0.0,667.83231428256,26760.0,0.0
50.0,stop_hold,0.0,0.55,0.0,0.0,0.0,0.0,0.0,0.0,-0.0,5259.8358931260545,5102.040816332273,44000.0,0.0,43999.99999999991,43999.99999999991,-8.731149137020111e-11,24999.91584234241,1,0,1499.9949505405446,1799.9939406486487,0.0,0.0,0.0,0.0,0.0,0.35,667.83231428256,-0.0,667.83231428256,26760.0,0.0
