time,L2_3100.out_omega_axle,L2_3100.out_omega_gearbox,L2_3100.out_omega_shaft,L2_3100.out_omega_wheel,L2_3500.out_T_shaft,L2_3500.out_omega_shaft,L2_3600.out_motor_speed,L2_4100.out_U_ac_rms,L2_4100.out_f_ac,L2_4100.out_pantograph_state,L2_4200.out_I_ac_rms,L2_4200.out_U_ac_rms,L2_4200.out_f_ac,L2_4200.out_hv_breaker_command,L2_4200.out_hv_breaker_state,L2_4200.out_hv_system_fault,L2_4200.out_line_current,L2_4200.out_line_voltage,L2_4200.out_pantograph_command,L2_4500.out_I_ac_rms,L2_4500.out_U_sec_rms,L2_4500.out_f_sec,L2_4500.out_hv_system_fault,L2_5100.out_I_sec_rms,L2_5100.out_U_motor_ll_rms,L2_5100.out_brake_resistor_dissipated_power,L2_5100.out_dc_link_current,L2_5100.out_dc_link_voltage,L2_5100.out_f_motor_e,L2_5100.out_grid_acceptable_regenerative_power,L2_5100.out_grid_returned_power,L2_5100.out_regenerative_power_actual,L2_5100.out_traction_converter_fault,L2_5300.out_I_motor_rms,L2_5300.out_T_shaft,L2_5300.out_motor_phase_voltage,L2_5300.out_motor_speed,L2_5300.out_motor_torque_actual,L2_5300.out_omega_motor,L2_7100.out_main_reservoir_pressure,L2_7200.out_T_brake,L2_7200.out_brake_availability,L2_7200.out_brake_cylinder_pressure,L2_7200.out_dynamic_brake_force_request,L2_8100.out_achieved_dynamic_brake_force,L2_8100.out_available_dynamic_brake_force,L2_8100.out_brake_cylinder_pressure,L2_8100.out_brake_safety_loop_state,L2_8100.out_dcdc_enable_command,L2_8100.out_dynamic_brake_availability,L2_8100.out_emergency_brake_request,L2_8100.out_ess_contactor_command,L2_8100.out_ess_fault_reset_command,L2_8100.out_ess_power_request,L2_8100.out_ess_precharge_command,L2_8100.out_hv_safety_loop_state,L2_8100.out_main_reservoir_pressure,L2_8100.out_motor_torque_request,L2_8100.out_safety_brake_request,L2_8100.out_sanding_request,L2_8100.out_service_brake_request,L2_D100.out_emergency_brake_request,L2_D100.out_service_brake_request,L2_D100.out_traction_command,L2_D100.out_train_direction_command,L2_E100.out_external_safety_system_state,L2_E100.out_safety_brake_request,L2_X100.out_dcdc_actual_power,L2_X100.out_ess_absorbed_power,L2_X100.out_ess_availability,L2_X100.out_ess_available_charge_power,L2_X100.out_ess_available_discharge_power,L2_X100.out_ess_fault,L2_X100.out_super_cap_soc
0.0,0.0,0.0,0.0,0.0,0.0,0.0,0.0,0.0,0.0,0,0.0,0.0,0.0,0,0,1,0.0,0.0,1,0.0,0.0,0.0,0,0.0,100.0,0.0,0.0,1800.0,0.0,0.0,0.0,-0.0,0,0.0,0.0,0.0,0.0,0.0,0.0,900000.0,0.0,0,0.0,0.0,-0.0,0.0,0.0,0,0,0,0,0,1,0.0,0,0,0.0,0.0,0,0,0.0,0,0.0,0.0,1,1,0,0.0,0.0,0,600000.0,400000.0,0,0.35
0.1,0.0,0.0,0.0,0.0,0.0,0.0,0.0,25000.0,50.0,1,0.0,0.0,0.0,0,0,1,0.0,0.0,1,0.0,0.0,0.0,1,0.0,100.0,0.0,0.0,1800.0,0.0,0.0,0.0,-0.0,0,0.0,0.0,57.73502691896258,0.0,0.0,0.0,900000.0,0.0,0,0.0,0.0,-0.0,0.0,0.0,1,1,0,0,1,0,0.0,1,1,900000.0,0.0,0,0,0.0,0,0.0,0.03333333333333333,1,1,0,0.0,0.0,0,600000.0,400000.0,0,0.35
0.2,0.0,0.0,0.0,0.0,0.0,0.0,0.0,25000.0,50.0,1,0.0,0.0,0.0,0,0,1,0.0,0.0,1,0.0,0.0,0.0,1,0.0,100.0,0.0,0.0,1800.0,0.0,0.0,0.0,-0.0,0,0.0,0.0,57.73502691896258,0.0,0.0,0.0,900000.0,0.0,1,0.0,0.0,-0.0,0.0,0.0,1,1,0,0,1,0,0.0,1,1,900000.0,150.0,0,0,0.0,0,0.0,0.06666666666666667,1,1,0,0.0,0.0,1,600000.0,400000.0,0,0.35
0.30000000000000004,0.0,0.0,0.0,0.0,0.0,0.0,0.0,25000.0,50.0,1,0.0,0.0,0.0,0,0,1,0.0,0.0,1,0.0,0.0,0.0,1,0.0,100.0,0.0,0.0,1800.0,2.3873241463784303,0.0,0.0,-0.0,0,0.0,0.0,57.73502691896258,0.0,0.0,0.0,900000.0,0.0,1,0.0,0.0,-0.0,0.0,0.0,1,1,0,0,1,0,0.0,1,1,900000.0,300.0,0,0,0.0,0,0.0,0.10000000000000002,1,1,0,0.0,0.0,1,600000.0,400000.0,0,0.35
0.4,0.0,0.0,0.0,0.0,0.0,0.0,0.0,25000.0,50.0,1,0.0,0.0,0.0,0,0,1,0.0,0.0,1,0.0,0.0,0.0,1,0.0,100.0,0.0,0.0,1800.0,4.7746482927568605,0.0,0.0,-0.0,0,0.0,75.0,57.73502691896258,0.0,75.0,0.0,900000.0,0.0,1,0.0,0.0,-0.0,0.0,0.0,1,1,0,0,1,0,0.0,1,1,900000.0,450.0000000000001,0,0,0.0,0,0.0,0.13333333333333333,1,1,0,0.0,0.0,1,600000.0,400000.0,0,0.35
0.5,0.0,0.0,0.0,0.0,446.4,0.0,0.0,25000.0,50.0,1,0.0,0.0,0.0,0,0,1,0.0,0.0,1,0.0,0.0,0.0,1,0.0,100.0,0.0,0.0,1800.0,7.161972439135293,0.0,0.0,-0.0,0,0.0,187.5,57.73502691896258,0.0,187.5,0.0,900000.0,0.0,1,0.0,0.0,0.0,0.0,0.0,1,1,0,0,1,0,0.0,1,1,900000.0,600.0,0,0,0.0,0,0.0,0.16666666666666666,1,1,0,0.0,0.0,1,600000.0,400000.0,0,0.35
0.6000000000000001,0.0,0.0,0.0,0.0,1116.0,0.0,0.0,25000.0,50.0,1,0.0,0.0,0.0,0,0,1,0.0,0.0,1,0.0,0.0,0.0,1,0.0,100.0,0.0,0.0,1800.0,9.549296585513721,0.0,0.0,-0.0,0,0.0,318.7500000000001,57.73502691896258,0.0,318.7500000000001,0.0,900000.0,0.0,1,0.0,0.0,0.0,0.0,0.0,1,1,0,0,1,0,0.0,1,1,900000.0,750.0,0,0,0.0,0,0.0,0.20000000000000004,1,1,0,0.0,0.0,1,600000.0,400000.0,0,0.35
0.7000000000000001,0.0,0.0,0.0,0.0,1897.2000000000007,0.0,0.0,25000.0,50.0,1,0.0,0.0,0.0,0,0,1,0.0,0.0,1,0.0,0.0,0.0,1,0.0,100.0,0.0,0.0,1800.0,11.93662073189215,0.0,0.0,-0.0,0,0.0,459.37500000000006,57.73502691896258,0.0,459.37500000000006,0.0,900000.0,0.0,1,0.0,0.0,0.0,0.0,0.0,1,1,0,0,1,0,0.0,1,1,900000.0,900.0000000000002,0,0,0.0,0,0.0,0.23333333333333336,1,1,0,0.0,0.0,1,600000.0,400000.0,0,0.35
0.8,0.002206666666666671,0.002206666666666671,0.002206666666666671,0.002206666666666671,2734.2000000000003,0.0,0.0,25000.0,50.0,1,0.0,0.0,0.0,0,0,1,0.0,0.0,1,0.0,0.0,0.0,1,0.0,114.59155902616469,0.0,0.0,1800.0,14.323944878270586,0.0,0.0,-0.0,0,0.0,604.6875,57.73502691896258,0.0,604.6875,0.0,900000.0,0.0,1,0.0,0.0,0.0,0.0,0.0,1,1,0,0,1,0,0.0,1,1,900000.0,1050.0000000000002,0,0,0.0,0,0.0,0.26666666666666666,1,1,0,0.0,0.0,1,600000.0,400000.0,0,0.35
0.9,0.00906333331169166,0.00906333331169166,0.00906333331169166,0.00906333331169166,3599.1,0.013681333333333361,0.0,25000.0,50.0,1,0.0,0.0,0.0,0,0,1,0.0,0.0,1,0.0,0.0,0.0,1,0.0,133.69015219719213,0.0,0.0,1800.0,16.711269024649017,0.0,0.0,-0.0,0,0.0,752.3437500000002,66.15946745061508,0.0,752.3437500000002,0.0,900000.0,0.0,1,0.0,0.0,0.0,0.0,0.0,1,1,0,0,1,0,0.0,1,1,900000.0,1200.0,0,0,0.0,0,0.0,0.3,1,1,0,0.0,0.0,1,600000.0,400000.0,0,0.35
1.0,0.020724999613273835,0.020724999613273835,0.020724999613273835,0.020724999613273835,4477.950000000002,0.05619266653248829,0.0,25000.0,50.0,1,0.0,0.0,0.0,0,0,1,0.0,0.0,1,0.0,0.0,0.0,1,0.0,152.78874536821954,0.0,0.0,1800.0,19.098593171027442,0.0,0.0,-0.0,0,0.05663034970303118,900.9666550000004,77.18604535905092,0.013681333333333361,900.9666550000004,0.013681333333333361,900000.0,0.0,1,0.0,0.0,0.0,0.0,0.0,1,1,0,0,1,0,0.0,0,1,900000.0,1350.0,0,0,0.0,0,0.0,0.3333333333333333,1,1,0,0.0,0.0,1,600000.0,400000.0,0,0.35
1.1,0.0372691643709378,0.0372691643709378,0.0372691643709378,0.0372691643709378,5362.553530560002,0.1284949976022978,0.00912088888888891,25000.0,50.0,1,0.0,0.0,0.0,0,0,1,0.0,0.0,1,0.0,0.0,0.0,1,0.12840026176326422,171.93959738312108,0.0,0.007133347875736901,1800.0,21.492449672890135,0.0,0.0,0.0,0,0.23710480178141335,1049.640437502013,88.21262326748675,0.05619266653248829,1049.640437502013,0.05619266653248829,900000.0,0.0,1,0.0,0.0,0.0,0.0,0.0,1,1,0,0,1,0,0.0,0,1,900000.0,1500.0,0,0,0.0,0,0.0,0.3666666666666667,1,1,0,0.0,0.0,1,600000.0,400000.0,0,0.35
1.2000000000000002,0.058727788922979536,0.058727788922979536,0.058727788922979536,0.058727788922979536,6247.459884011981,0.2310688190998144,0.040502073984621835,25000.0,50.0,1,0.0,0.0,0.0,0,0,1,0.0,0.0,1,0.0,0.0,0.0,1,0.6143968237871431,191.20057188573423,0.0,0.0341331568770635,1800.0,23.90007148571678,0.0,0.0,0.0,0,0.5499385729851838,1198.098013786972,99.26937283350084,0.1284949976022978,1198.098013786972,0.1284949976022978,900000.0,0.0,1,0.0,0.0,0.0,0.0,0.0,1,1,0,0,1,0,0.0,0,1,900000.0,1650.0000000000002,0,0,0.0,0,0.0,0.4000000000000001,1,1,0,0.0,0.0,1,600000.0,400000.0,0,0.35
1.3,0.08510255072769857,0.08510255072769857,0.08510255072769857,0.08510255072769857,7131.079378060057,0.36411229132247314,0.09916402306307248,25000.0,50.0,1,0.0,0.0,0.0,0,0,1,0.0,0.0,1,0.0,0.0,0.0,1,1.603641681342445,210.57533961804555,0.0,0.08909120451902472,1800.0,26.321917452255693,0.0,0.0,0.0,0,0.9994155968049137,1346.4258646049761,110.38970164743905,0.2310688190998144,1346.4258646049761,0.2310688190998144,900000.0,0.0,1,0.0,0.0,0.0,0.0,0.0,1,1,0,0,1,0,0.0,0,1,900000.0,1800.0000000000005,0,0,0.0,0,0.0,0.43333333333333335,1,1,0,0.0,0.0,1,600000.0,400000.0,0,0.35
1.4000000000000001,0.11638629286161381,0.11638629286161381,0.11638629286161381,0.11638629286161381,8013.926746128818,0.5276358145117311,0.18710055375423376,25000.0,50.0,1,0.0,0.0,0.0,0,0,1,0.0,0.0,1,0.0,0.0,0.0,1,3.2408024431220666,230.06573592642877,0.0,0.18004458017344815,1800.0,28.758216990803597,0.0,0.0,0.0,0,1.587402963086448,1494.6786728966856,121.57572901317548,0.36411229132247314,1494.6786728966856,0.36411229132247314,900000.0,0.0,1,0.0,0.0,0.0,0.0,0.0,1,1,0,0,1,0,0.0,0,1,900000.0,1950.0,0,0,0.0,0,0.0,0.46666666666666673,1,1,0,0.0,0.0,1,600000.0,400000.0,0,0.35
1.5,0.15257471458113317,0.15257471458113317,0.15257471458113317,0.15257471458113317,8896.327461081073,0.7215950157420057,0.3051083787997267,25000.0,50.0,1,0.0,0.0,0.0,0,0,1,0.0,0.0,1,0.0,0.0,0.0,1,5.669071628950475,249.67251772746442,0.0,0.3149484238305819,1800.0,31.209064715933053,0.0,0.0,0.0,0,2.314208840687992,1642.8908315171643,132.828514568433,0.5276358145117311,1642.8908315171643,0.5276358145117311,900000.0,0.0,1,0.0,0.0,0.0,0.0,0.0,1,1,0,0,1,0,0.0,0,1,900000.0,2100.0000000000005,0,0,0.0,0,0.0,0.5,1,1,0,0.0,0.0,1,600000.0,400000.0,0,0.35
1.6,0.19366531923583455,0.19366531923583455,0.19366531923583455,0.19366531923583455,9778.486229190163,0.9459632304030257,0.4534600026077297,25000.0,50.0,1,0.0,0.0,0.0,0,0,1,0.0,0.0,1,0.0,0.0,0.0,1,9.029667104598065,269.39572474714885,0.0,0.5016481724776704,1800.0,33.674465593393606,0.0,0.0,0.0,0,3.179435779718864,1791.0831748922892,144.1484953192032,0.7215950157420057,1791.0831748922892,0.7215950157420057,900000.0,0.0,1,0.0,0.0,0.0,0.0,0.0,1,1,0,0,1,0,0.0,0,1,900000.0,2250.0,0,0,0.0,0,0.0,0.5333333333333333,1,1,0,0.0,0.0,1,600000.0,400000.0,0,0.35
1.7000000000000002,0.23965674270353154,0.23965674270353154,0.23965674270353154,0.23965674270353154,10660.527056958905,1.2007249792621741,0.6322166780305803,25000.0,50.0,1,0.0,0.0,0.0,0,0,1,0.0,0.0,1,0.0,0.0,0.0,1,13.462882206058783,289.23518749339115,0.0,0.747937900336599,1800.0,36.154398436673894,0.0,0.0,0.0,0,4.1824678394204975,1939.2666762077754,155.53569420130071,0.9459632304030257,1939.2666762077754,0.9459632304030257,900000.0,0.0,1,0.0,0.0,0.0,0.0,0.0,1,1,0,0,1,0,0.0,0,1,900000.0,2400.0,0,0,0.0,0,0.0,0.5666666666666668,1,1,0,0.0,0.0,1,600000.0,400000.0,0,0.35
1.8,0.29054830441839513,0.29054830441839513,0.29054830441839513,0.29054830441839513,11542.51525678868,1.4858718047618955,0.8413810462788772,25000.0,50.0,1,0.0,0.0,0.0,0,0,1,0.0,0.0,1,0.0,0.0,0.0,1,19.10911426706714,309.19080411488267,0.0,1.061617459281508,1800.0,38.64885051436033,0.0,0.0,0.0,0,5.322544096834604,2087.4463886510853,166.99001335842127,1.2007249792621741,2087.4463886510853,1.2007249792621741,900000.0,0.0,1,0.0,0.0,0.0,0.0,0.0,1,1,0,0,1,0,0.0,0,1,900000.0,2550.0000000000005,0,0,0.0,0,0.0,0.6,1,1,0,0.0,0.0,1,600000.0,400000.0,0,0.35
1.9000000000000001,0.346339680652478,0.346339680652478,0.346339680652478,0.346339680652478,12424.48090525126,1.8013994873940498,1.0809436682677418,25000.0,50.0,1,0.0,0.0,0.0,0,0,1,0.0,0.0,1,0.0,0.0,0.0,1,26.1088439762914,329.2625154853103,0.0,1.450491332016189,1800.0,41.15781443566379,0.0,0.0,0.0,0,6.598803031172835,2235.624565710159,178.51139398668437,1.4858718047618955,2235.624565710159,1.4858718047618955,900000.0,0.0,1,0.0,0.0,0.0,0.0,0.0,1,1,0,0,1,0,0.0,0,1,900000.0,2700.0,0,0,0.0,0,0.0,0.6333333333333334,1,1,0,0.0,0.0,1,600000.0,400000.0,0,0.35
2.0,0.4070307081208766,0.4070307081208766,0.4070307081208766,0.4070307081208766,13306.437415106866,2.1473060200453635,1.3508957592638442,25000.0,50.0,1,0.0,0.0,0.0,0,0,1,0.0,0.0,1,0.0,0.0,0.0,1,34.60261987731024,349.45028929918345,0.0,1.92236777096168,1800.0,43.68128616239793,0.0,0.0,0.0,0,8.010312736258197,2383.8021652331017,190.09980194949725,1.8013994873940498,2383.8021652331017,1.8013994873940498,900000.0,0.0,1,0.0,0.0,0.0,0.0,0.0,1,1,0,0,1,0,0.0,0,1,900000.0,2850.0000000000005,0,0,0.0,0,0.0,0.6666666666666666,1,1,0,0.0,0.0,1,600000.0,400000.0,0,0.35
2.1,0.4726212907648154,0.4726212907648154,0.4726212907648154,0.4726212907648154,14188.39048746742,2.523590390349435,1.6512315780173146,25000.0,50.0,1,0.0,0.0,0.0,0,0,1,0.0,0.0,1,0.0,0.0,0.0,1,44.731041651038915,369.7541094391687,0.0,2.4850578695021617,1800.0,46.21926367989609,0.0,0.0,0.0,0,9.556090485481779,2531.9795693872984,201.75521859527618,2.1473060200453635,2531.9795693872984,2.1473060200453635,900000.0,0.0,1,0.0,0.0,0.0,0.0,0.0,1,1,0,0,1,0,0.0,0,1,900000.0,3000.0,0,0,0.0,0,0.0,0.7000000000000001,1,1,0,0.0,0.0,1,600000.0,400000.0,0,0.35
2.2,0.5431113562690367,0.5431113562690367,0.5431113562690367,0.5431113562690367,15070.3423969932,2.9302520027418555,1.9819478727026807,25000.0,50.0,1,0.0,0.0,0.0,0,0,1,0.0,0.0,1,0.0,0.0,0.0,1,56.63473929142931,390.1739682386578,0.0,3.1463744050794062,1800.0,48.77174602983222,0.0,0.0,0.0,0,11.235116936374668,2680.156921149319,213.47763461867441,2.523590390349435,2680.156921149319,2.523590390349435,900000.0,0.0,1,0.0,0.0,0.0,0.0,0.0,1,1,0,0,1,0,0.0,0,1,900000.0,3150.0000000000005,0,0,0.0,0,0.0,0.7333333333333334,1,1,0,0.0,0.0,1,600000.0,400000.0,0,0.35
2.3000000000000003,0.6185008363859087,0.6185008363859087,0.6185008363859087,0.6185008363859087,15952.293994680746,3.367290408868028,2.3430428844671836,25000.0,50.0,1,0.0,0.0,0.0,0,0,1,0.0,0.0,1,0.0,0.0,0.0,1,70.45435677959323,410.70986183069596,0.0,3.914130932199624,1800.0,51.338732728836995,0.0,0.0,0.0,0,13.04634730871655,2828.3342708342125,225.26704559337358,2.9302520027418555,2828.3342708342125,2.9302520027418555,900000.0,0.0,1,0.0,0.0,0.0,0.0,0.0,1,1,0,0,1,0,0.0,0,1,900000.0,3300.0000000000005,0,0,0.0,0,0.0,0.7666666666666667,1,1,0,0.0,0.0,1,600000.0,400000.0,0,0.35
2.4000000000000004,0.6987896583862034,0.6987896583862034,0.6987896583862034,0.6987896583862034,16834.245580005234,3.834705185592634,2.7345156299836315,25000.0,50.0,1,0.0,0.0,0.0,0,0,1,0.0,0.0,1,0.0,0.0,0.0,1,86.33054334932683,431.3617879403947,0.0,4.796141297184824,1800.0,53.92022349254934,0.0,0.0,0.0,0,14.988719967294351,2976.5116351393276,237.12344928678633,3.367290408868028,2976.5116351393276,3.367290408868028,900000.0,0.0,1,0.0,0.0,0.0,0.0,0.0,1,1,0,0,1,0,0.0,0,1,900000.0,3450.0000000000005,0,0,0.0,0,0.0,0.8000000000000002,1,1,0,0.0,0.0,1,600000.0,400000.0,0,0.35
2.5,0.7839777413551807,0.7839777413551807,0.7839777413551807,0.7839777413551807,17716.197252349277,4.332495881994461,3.1563654825732295,25000.0,50.0,1,0.0,0.0,0.0,0,0,1,0.0,0.0,1,0.0,0.0,0.0,1,104.40394875925782,452.1297448551658,0.0,5.800219375514323,1800.0,56.51621810689573,0.0,0.0,0.0,0,17.061162932807346,3124.689019826902,249.04684438550518,3.834705185592634,3124.689019826902,3.834705185592634,900000.0,0.0,1,0.0,0.0,0.0,0.0,0.0,1,1,0,0,1,0,0.0,0,1,900000.0,3600.000000000001,0,0,0.0,0,0.0,0.8333333333333334,1,1,0,0.0,0.0,1,600000.0,400000.0,0,0.35
2.6,0.8740649944411258,0.8740649944411258,0.8740649944411258,0.8740649944411258,18598.14904600972,4.86066199640212,3.6085919512528326,25000.0,50.0,1,0.0,0.0,0.0,0,0,1,0.0,0.0,1,0.0,0.0,0.0,1,124.81522070515194,473.0137309587513,0.0,6.934178928063997,1800.0,59.12671636984391,0.0,0.0,0.0,0,19.262598805660957,3272.8664278165547,261.0372299007668,4.332495881994461,3272.8664278165547,4.332495881994461,900000.0,0.0,1,0.0,0.0,0.0,0.0,0.0,1,1,0,0,1,0,0.0,0,1,900000.0,3750.0,0,0,0.0,0,0.0,0.8666666666666667,1,1,0,0.0,0.0,1,600000.0,400000.0,0,0.35
2.7,0.9690513158540043,0.9690513158540043,0.9690513158540043,0.9690513158540043,19480.100978364135,5.41920296553498,4.091194571747252,25000.0,50.0,1,0.0,0.0,0.0,0,0,1,0.0,0.0,1,0.0,0.0,0.0,1,147.70500334201193,494.0137445287589,0.0,8.205833519000663,1800.0,61.75171806609486,0.0,0.0,0.0,0,21.591948485712045,3421.043861746136,273.09460489942427,4.86066199640212,3421.043861746136,4.86066199640212,900000.0,0.0,1,0.0,0.0,0.0,0.0,0.0,1,1,0,0,1,0,0.0,0,1,900000.0,3900.0,0,0,0.0,0,0.0,0.9,1,1,0,0.0,0.0,1,600000.0,400000.0,0,0.35
2.8000000000000003,1.0689365921317928,1.0689365921317928,1.0689365921317928,1.0689365921317928,20362.053065113,6.008118158294827,4.604172854850497,25000.0,50.0,1,0.0,0.0,0.0,0,0,1,0.0,0.0,1,0.0,0.0,0.0,1,173.2139363209812,515.1297836489451,0.0,9.622996462276733,1800.0,64.39122295611814,0.0,0.0,0.0,0,24.048133985690633,3569.2213246199603,285.21896838705396,5.41920296553498,3569.2213246199603,5.41920296553498,900000.0,0.0,1,0.0,0.0,0.0,0.0,0.0,1,1,0,0,1,0,0.0,0,1,900000.0,4050.0,0,0,0.0,0,0.0,0.9333333333333335,1,1,0,0.0,0.0,1,600000.0,400000.0,0,0.35
2.9000000000000004,1.173720697491585,1.173720697491585,1.173720697491585,1.173720697491585,21244.005324138005,6.627406871217116,5.147526261973486,25000.0,50.0,1,0.0,0.0,0.0,0,0,1,0.0,0.0,1,0.0,0.0,0.0,1,201.4826540315748,536.3618461677366,0.0,11.193480779531935,1800.0,67.04523077096708,0.0,0.0,0.0,0,26.630080565696066,3717.3988198815896,297.41031925731215,6.008118158294827,3717.3988198815896,6.008118158294827,900000.0,0.0,1,0.0,0.0,0.0,0.0,0.0,1,1,0,0,1,0,0.0,0,1,900000.0,4200.000000000001,0,0,0.0,0,0.0,0.9666666666666668,1,1,0,0.0,0.0,1,600000.0,400000.0,0,0.35
3.0,1.2834034932022373,1.2834034932022373,1.2834034932022373,1.2834034932022373,22125.95777593522,7.277068324447828,5.72125419285438,25000.0,50.0,1,0.0,0.0,0.0,0,0,1,0.0,0.0,1,0.0,0.0,0.0,1,232.65178490994103,557.7099296745156,0.0,12.92509916166339,1800.0,69.71374120931445,0.0,0.0,0.0,0,29.336718358077462,3865.576351355563,309.6686562679874,6.627406871217116,3865.576351355563,6.627406871217116,900000.0,0.0,1,0.0,0.0,0.0,0.0,0.0,1,1,0,0,1,0,0.0,0,1,900000.0,4350.000000000001,0,0,0.0,0,0.0,1.0,1,1,0,0.0,0.0,1,600000.0,400000.0,0,0.35
3.1,1.397984826959538,1.397984826959538,1.397984826959538,1.397984826959538,23007.910443268313,7.957101657853872,6.3253559784295375,25000.0,50.0,1,0.0,0.0,0.0,0,0,1,0.0,0.0,1,0.0,0.0,0.0,1,266.86195075196093,579.1740314822454,0.0,14.825663930664497,1800.0,72.39675393528067,0.0,0.0,0.0,0,32.16698360762346,4013.753923185487,321.99397802730886,7.277068324447828,4013.753923185487,7.277068324447828,900000.0,0.0,1,0.0,0.0,0.0,0.0,0.0,1,1,0,0,1,0,0.0,0,1,900000.0,4500.0,0,0,0.0,0,0.0,1.0,1,1,0,0.0,0.0,1,600000.0,400000.0,0,0.35
3.2,1.517464532259578,1.517464532259578,1.517464532259578,1.517464532259578,23889.86335080002,8.667505927149136,6.959830875775064,25000.0,50.0,1,0.0,0.0,0.0,0,0,1,0.0,0.0,1,0.0,0.0,0.0,1,304.2537660056386,600.7541486121031,0.0,16.902987000313257,1800.0,75.09426857651289,0.0,0.0,0.0,0,35.11981961925143,4161.931539793191,334.3862829839152,7.957101657853872,4161.931539793191,7.957101657853872,900000.0,0.0,1,0.0,0.0,0.0,0.0,0.0,1,1,0,0,1,0,0.0,0,1,900000.0,4500.0,0,0,0.0,0,0.0,1.0,1,1,0,0.0,0.0,1,600000.0,400000.0,0,0.35
3.3000000000000003,1.641842427770215,1.641842427770215,1.641842427770215,1.641842427770215,24771.816524849077,9.408280100009383,7.624678063827602,25000.0,50.0,1,0.0,0.0,0.0,0,0,1,0.0,0.0,1,0.0,0.0,0.0,1,344.967837032945,603.3516846075951,0.0,19.164879835163614,1800.0,75.41896057594938,0.0,0.0,0.0,0,38.19417748151491,4310.109205856075,346.8455694179822,8.667505927149136,4310.109205856075,8.667505927149136,900000.0,0.0,1,0.0,0.0,0.0,77000.0,0.0,1,1,1,0,1,0,0.0,0,1,900000.0,4500.0,0,0,0.0,0,0.0,1.0,1,1,0,0.0,0.0,1,600000.0,400000.0,0,0.35
3.4000000000000004,1.7711183167013427,1.7711183167013427,1.7711183167013427,1.7711183167013427,25653.76999325536,10.179423052175334,8.319896639375292,25000.0,50.0,1,0.0,0.0,0.0,0,0,1,0.0,0.0,1,0.0,0.0,0.0,1,389.14476133768324,606.0652290328413,0.0,21.61915340764907,1800.0,75.75815362910517,0.0,0.0,0.0,0,41.98084037910764,4383.286926295705,348.3452575242092,9.408280100009383,4383.286926295705,9.408280100009383,900000.0,0.0,1,0.0,0.0,0.0,77000.0,0.0,1,1,1,0,1,0,0.0,0,1,900000.0,4500.0,0,0,0.0,0,0.0,1.0,1,1,0,0.0,0.0,1,600000.0,400000.0,0,0.35
3.5,1.9052919861745758,1.9052919861745758,1.9052919861745758,1.9052919861745758,26089.323785312034,10.980933563548325,9.045485613131353,25000.0,50.0,1,0.0,0.0,0.0,0,0,1,0.0,0.0,1,0.0,0.0,0.0,1,429.57490793019974,608.8947779446538,0.0,23.865272662788875,1800.0,76.11184724308173,0.0,0.0,0.0,0,45.5864577662127,4418.96470627246,349.91192312858317,10.179423052175334,4418.96470627246,10.179423052175334,900000.0,0.0,1,0.0,0.0,0.0,77000.0,0.0,1,1,1,0,1,0,0.0,0,1,900000.0,4500.0,0,0,0.0,0,0.0,1.0,1,1,0,0.0,0.0,1,600000.0,400000.0,0,0.35
3.6,2.0418832065927424,2.0418832065927424,2.0418832065927424,2.0418832065927424,26301.67793173368,11.81281031428237,9.801443905827341,25000.0,50.0,1,0.0,0.0,0.0,0,0,1,0.0,0.0,1,0.0,0.0,0.0,1,468.56782497686544,611.8403270486782,0.0,26.03154583204808,1800.0,76.48004088108478,0.0,0.0,0.0,0,49.134840598682246,4435.892551183146,351.5455639545033,10.980933563548325,4435.892551183146,10.980933563548325,900000.0,0.0,1,0.0,0.0,0.0,77000.0,0.0,1,1,1,0,1,0,0.0,0,1,900000.0,4500.0,0,0,0.0,0,0.0,1.0,1,1,0,0.0,0.0,1,600000.0,400000.0,0,0.35
3.7,2.1796517760489102,2.1796517760489102,2.1796517760489102,2.1796517760489102,26402.432464642083,12.659675880875003,10.587770344307996,25000.0,50.0,1,0.0,0.0,0.0,0,0,1,0.0,0.0,1,0.0,0.0,0.0,1,507.39834791230226,614.9018716844812,0.0,28.188797106239015,1800.0,76.86273396056015,0.0,0.0,0.0,0,52.69222109722105,4443.445466659968,353.24617752262304,11.81281031428237,4443.445466659968,11.81281031428237,900000.0,0.0,1,0.0,0.0,0.0,77000.0,0.0,1,1,1,0,1,0,0.0,0,1,900000.0,4500.0,0,0,0.0,0,0.0,1.0,1,1,0,0.0,0.0,1,600000.0,400000.0,0,0.35
3.8000000000000003,2.3179775080441893,2.3179775080441893,2.3179775080441893,2.3179775080441893,26447.387417560127,13.513841011503244,11.404463657624245,25000.0,50.0,1,0.0,0.0,0.0,0,0,1,0.0,0.0,1,0.0,0.0,0.0,1,546.7664420782511,618.0794068106223,0.0,30.375913448791724,1800.0,77.2599258513278,0.0,0.0,0.0,0,56.227742914049664,4446.541598570084,355.01376114223996,12.659675880875003,4446.541598570084,12.659675880875003,900000.0,0.0,1,0.0,0.0,0.0,77000.0,0.0,1,1,1,0,1,0,0.0,0,1,900000.0,4500.0,0,0,0.0,0,0.0,1.0,1,1,0,0.0,0.0,1,600000.0,400000.0,0,0.35
3.9000000000000004,2.456550224720733,2.456550224720733,2.456550224720733,2.456550224720733,26465.81559468914,14.371460549873975,12.241271806458084,25000.0,50.0,1,0.0,0.0,0.0,0,0,1,0.0,0.0,1,0.0,0.0,0.0,1,586.3726607158861,621.3141949960033,0.0,32.576258928660344,1800.0,77.66427437450041,0.0,0.0,0.0,0,59.72923327745529,4447.755338826729,356.84831190267704,13.513841011503244,4447.755338826729,13.513841011503244,900000.0,0.0,1,0.0,0.0,0.0,77000.0,0.0,1,1,1,0,1,0,0.0,0,1,900000.0,4500.0,0,0,0.0,0,0.0,1.0,1,1,0,0.0,0.0,1,600000.0,400000.0,0,0.35
4.0,2.595222379628977,2.595222379628977,2.595222379628977,2.595222379628977,26473.03977669669,15.230611393268546,13.08965127648819,25000.0,50.0,1,0.0,0.0,0.0,0,0,1,0.0,0.0,1,0.0,0.0,0.0,1,626.1068594475954,624.5768654621526,0.0,34.7837144137553,1800.0,78.07210818276907,0.0,0.0,0.0,0,63.19541115513357,4448.20089937838,358.7159177322781,14.371460549873975,4448.20089937838,14.371460549873975,900000.0,0.0,1,0.0,0.0,0.0,77000.0,0.0,1,1,1,0,1,0,0.0,0,1,900000.0,4500.0,0,0,0.0,0,0.0,1.0,1,1,0,0.0,0.0,1,600000.0,400000.0,0,0.35
4.1000000000000005,2.7339315553697374,2.7339315553697374,2.7339315553697374,2.7339315553697374,26475.69175310012,16.090378753699657,13.944190792078713,25000.0,50.0,1,0.0,0.0,0.0,0,0,1,0.0,0.0,1,0.0,0.0,0.0,1,665.9077473263575,627.8527307939258,0.0,36.9948748514643,1800.0,78.48159134924073,0.0,0.0,0.0,0,66.62570310111656,4448.348893962711,360.5996214041865,15.230611393268546,4448.348893962711,15.230611393268546,900000.0,0.0,1,0.0,0.0,0.0,77000.0,0.0,1,1,1,0,1,0,0.0,0,1,900000.0,4500.0,0,0,0.0,0,0.0,1.0,1,1,0,0.0,0.0,1,600000.0,400000.0,0,0.35
4.2,2.8726521789680737,2.8726521789680737,2.8726521789680737,2.8726521789680737,26476.57261686606,16.95037564329237,14.801804526205268,25000.0,50.0,1,0.0,0.0,0.0,0,0,1,0.0,0.0,1,0.0,0.0,0.0,1,705.7403473502293,631.1344452800334,0.0,39.207797075012735,1800.0,78.89180566000418,0.0,0.0,0.0,0,70.02013120773694,4448.39067392397,362.49094313531475,16.090378753699657,4448.39067392397,16.090378753699657,900000.0,0.0,1,0.0,0.0,0.0,77000.0,0.0,1,1,1,0,1,0,0.0,0,1,900000.0,4500.0,0,0,0.0,0,0.0,1.0,1,1,0,0.0,0.0,1,600000.0,400000.0,0,0.35
4.3,3.0113742395927012,3.0113742395927012,3.0113742395927012,3.0113742395927012,26476.82129119547,17.810443509602056,15.660854011201527,25000.0,50.0,1,0.0,0.0,0.0,0,0,1,0.0,0.0,1,0.0,0.0,0.0,1,745.586362373562,634.4185146877539,0.0,41.421464576309,1800.0,79.30231433596924,0.0,0.0,0.0,0,73.37915141482497,4448.398873211627,364.38564187727246,16.95037564329237,4448.398873211627,16.95037564329237,900000.0,0.0,1,0.0,0.0,0.0,77000.0,0.0,1,1,1,0,1,0,0.0,0,1,900000.0,4500.0,0,0,0.0,0,0.0,1.0,1,1,0,0.0,0.0,1,600000.0,400000.0,0,0.35
4.4,3.150094053989072,3.150094053989072,3.150094053989072,3.150094053989072,26476.870093355603,18.670520285474748,16.52053509926209,25000.0,50.0,1,0.0,0.0,0.0,0,0,1,0.0,0.0,1,0.0,0.0,0.0,1,785.4378324180791,637.7034608322899,0.0,43.635435134337726,1800.0,79.71293260403624,0.0,0.0,0.0,0,76.7033066665341,4448.398465267277,366.2817002338573,17.810443509602056,4448.398465267277,17.810443509602056,900000.0,0.0,1,0.0,0.0,0.0,77000.0,0.0,1,1,1,0,1,0,0.0,0,1,900000.0,4500.0,0,0,0.0,0,0.0,1.0,1,1,0,0.0,0.0,1,600000.0,400000.0,0,0.35
4.5,3.2888103407630522,3.2888103407630522,3.2888103407630522,3.2888103407630522,26476.867665270835,19.530583134732247,17.380474039488735,25000.0,50.0,1,0.0,0.0,0.0,0,0,1,0.0,0.0,1,0.0,0.0,0.0,1,825.2911413942013,640.9886780879144,0.0,45.849507855233405,1800.0,80.1235847609893,0.0,0.0,0.0,0,79.99313378924519,4448.3970630009035,368.17826477467855,18.670520285474748,4448.3970630009035,18.670520285474748,900000.0,0.0,1,0.0,0.0,0.0,77000.0,0.0,1,1,1,0,1,0,0.0,0,1,900000.0,4500.0,0,0,0.0,0,0.0,1.0,1,1,0,0.0,0.0,1,600000.0,400000.0,0,0.35
4.6000000000000005,3.4275226443547457,3.4275226443547457,3.4275226443547457,3.4275226443547457,26476.859318981376,20.390624112730926,18.240504870146076,25000.0,50.0,1,0.0,0.0,0.0,0,0,1,0.0,0.0,1,0.0,0.0,0.0,1,865.1446625271319,644.2739293755627,0.0,48.06359236261844,1800.0,80.53424117194534,0.0,0.0,0.0,0,83.24915905522303,4448.3964371235,370.0749858415598,19.530583134732247,4448.3964371235,19.530583134732247,900000.0,0.0,1,0.0,0.0,0.0,77000.0,0.0,1,1,1,0,1,0,0.0,0,1,900000.0,4500.0,0,0,0.0,0,0.0,1.0,1,1,0,0.0,0.0,1,600000.0,400000.0,0,0.35
4.7,3.566230760964742,3.566230760964742,3.566230760964742,3.566230760964742,26476.85559375907,21.250640394999426,19.100557046536856,25000.0,50.0,1,0.0,0.0,0.0,0,0,1,0.0,0.0,1,0.0,0.0,0.0,1,904.9976711613255,647.5591274674593,0.0,50.277648397851415,1800.0,80.94489093343242,0.0,0.0,0.0,0,86.47189689830223,4448.396661152907,371.9717265568391,20.390624112730926,4448.396661152907,20.390624112730926,900000.0,0.0,1,0.0,0.0,0.0,77000.0,0.0,1,1,1,0,1,0,0.0,0,1,900000.0,4500.0,0,0,0.0,0,0.0,1.0,1,1,0,0.0,0.0,1,600000.0,400000.0,0,0.35
4.800000000000001,3.704934545366335,3.704934545366335,3.704934545366335,3.704934545366335,26476.8569271821,22.1106307179814,19.960601757332903,25000.0,50.0,1,0.0,0.0,0.0,0,0,1,0.0,0.0,1,0.0,0.0,0.0,1,944.8498356447521,650.8442420173013,0.0,52.49165753581956,1800.0,81.35553025216267,0.0,0.0,0.0,0,89.66185037092076,4448.397471672445,373.86843655953686,21.250640394999426,4448.397471672445,21.250640394999426,900000.0,0.0,1,0.0,0.0,0.0,77000.0,0.0,1,1,1,0,1,0,0.0,0,1,900000.0,4500.0,0,0,0.0,0,0.0,1.0,1,1,0,0.0,0.0,1,600000.0,400000.0,0,0.35
4.9,3.843633854784078,3.843633854784078,3.843633854784078,3.843633854784078,26476.861751394394,22.970594181271277,20.82062751577725,25000.0,50.0,1,0.0,0.0,0.0,0,0,1,0.0,0.0,1,0.0,0.0,0.0,1,984.700989630581,654.1292622364025,0.0,54.70561053503228,1800.0,81.76615777955031,0.0,0.0,0.0,0,92.81951231397693,4448.398636757465,375.76509832920686,22.1106307179814,4448.398636757465,22.1106307179814,900000.0,0.0,1,0.0,0.0,0.0,77000.0,0.0,1,1,1,0,1,0,0.0,0,1,900000.0,4500.0,0,0,0.0,0,0.0,1.0,1,1,0,0.0,0.0,1,600000.0,400000.0,0,0.35
5.0,3.982328537753115,3.982328537753115,3.982328537753115,3.982328537753115,26476.868685980433,23.830529899661283,21.680629650580016,25000.0,50.0,1,0.0,0.0,0.0,0,0,1,0.0,0.0,1,0.0,0.0,0.0,1,1024.5510369137105,657.414183298333,0.0,56.91950205076169,1800.0,82.17677291229163,0.0,0.0,0.0,0,95.94536600973709,4448.400011584655,377.6617056369983,22.970594181271277,4448.400011584655,22.970594181271277,900000.0,0.0,1,0.0,0.0,0.0,77000.0,0.0,1,1,1,0,1,0,0.0,0,1,900000.0,4500.0,0,0,0.0,0,0.0,1.0,1,1,0,0.0,0.0,1,600000.0,400000.0,0,0.35
5.1000000000000005,4.1210184351615275,4.1210184351615275,4.1210184351615275,4.1210184351615275,26476.876868951866,24.69043693406931,22.54060600437419,25000.0,50.0,1,0.0,0.0,0.0,0,0,1,0.0,0.0,1,0.0,0.0,0.0,1,1064.3999106465994,660.6990017637974,0.0,59.13332836925552,1800.0,82.58737522047467,0.0,0.0,0.0,0,99.03988544488485,4448.401518067129,379.55825569637057,23.830529899661283,4448.401518067129,23.830529899661283,900000.0,0.0,1,0.0,0.0,0.0,77000.0,0.0,1,1,1,0,1,0,0.0,0,1,900000.0,4500.0,0,0,0.0,0,0.0,1.0,1,1,0,0.0,0.0,1,600000.0,400000.0,0,0.35
5.2,4.259703383131514,4.259703383131514,4.259703383131514,4.259703383131514,26476.885835535548,25.55031429800147,23.40055526789892,25000.0,50.0,1,0.0,0.0,0.0,0,0,1,0.0,0.0,1,0.0,0.0,0.0,1,1104.2475560624725,663.9837142515505,0.0,61.34708644791513,1800.0,82.99796428144381,0.0,0.0,0.0,0,102.10353546479332,4448.403117741594,381.45474652164546,24.69043693406931,4448.403117741594,24.69043693406931,900000.0,0.0,1,0.0,0.0,0.0,77000.0,0.0,1,1,1,0,1,0,0.0,0,1,900000.0,4500.0,0,0,0.0,0,0.0,1.0,1,1,0,0.0,0.0,1,600000.0,400000.0,0,0.35
5.300000000000001,4.398383215227102,4.398383215227102,4.398383215227102,4.398383215227102,26476.895356797966,26.410160975415387,24.26047637867918,25000.0,50.0,1,0.0,0.0,0.0,0,0,1,0.0,0.0,1,0.0,0.0,0.0,1,1144.093923290793,667.2683171745632,0.0,63.560773516155166,1800.0,83.4085396468204,0.0,0.0,0.0,0,105.13677191501225,4448.404792895694,383.35117616066026,25.55031429800147,4448.404792895694,25.55031429800147,900000.0,0.0,1,0.0,0.0,0.0,77000.0,0.0,1,1,1,0,1,0,0.0,0,1,900000.0,4500.0,0,0,0.0,0,0.0,1.0,1,1,0,0.0,0.0,1,600000.0,400000.0,0,0.35
5.4,4.537057763765278,4.537057763765278,4.537057763765278,4.537057763765278,26476.905327315173,27.26997593440803,25.12036832489404,25000.0,50.0,1,0.0,0.0,0.0,0,0,1,0.0,0.0,1,0.0,0.0,0.0,1,1183.9389644085534,670.5528067647064,0.0,65.7743869115863,1800.0,83.8191008455883,0.0,0.0,0.0,0,108.1400417975487,4448.406535827657,385.24754254244266,26.410160975415387,4448.406535827657,26.410160975415387,900000.0,0.0,1,0.0,0.0,0.0,77000.0,0.0,1,1,1,0,1,0,0.0,0,1,900000.0,4500.0,0,0,0.0,0,0.0,1.0,1,1,0,0.0,0.0,1,600000.0,400000.0,0,0.35
5.5,4.675726860503021,4.675726860503021,4.675726860503021,4.675726860503021,26476.915701246213,28.129758135344723,25.980230091908272,25000.0,50.0,1,0.0,0.0,0.0,0,0,1,0.0,0.0,1,0.0,0.0,0.0,1,1223.7826322426909,673.837179140984,0.0,67.98792401348283,1800.0,84.229647392623,0.0,0.0,0.0,0,111.11378344548687,4448.408343367731,387.14384349146235,27.26997593440803,4448.408343367731,27.26997593440803,900000.0,0.0,1,0.0,0.0,0.0,77000.0,0.0,1,1,1,0,1,0,0.0,0,1,900000.0,4500.0,0,0,0.0,0,0.0,1.0,1,1,0,0.0,0.0,1,600000.0,400000.0,0,0.35
5.6000000000000005,4.814390336969171,4.814390336969171,4.814390336969171,4.814390336969171,26476.92645972473,28.989506535118732,26.840060653574778,25000.0,50.0,1,0.0,0.0,0.0,0,0,1,0.0,0.0,1,0.0,0.0,0.0,1,1263.6248798964366,677.1214303618168,0.0,70.2013822164687,1800.0,84.6401787952271,0.0,0.0,0.0,0,114.05842671004704,4448.410214284925,389.0400767670252,28.129758135344723,4448.410214284925,28.129758135344723,900000.0,0.0,1,0.0,0.0,0.0,77000.0,0.0,1,1,1,0,1,0,0.0,0,1,900000.0,4500.0,0,0,0.0,0,0.0,1.0,1,1,0,0.0,0.0,1,600000.0,400000.0,0,0.35
5.7,4.953048024615123,4.953048024615123,4.953048024615123,4.953048024615123,26476.937595423875,29.849220089208863,27.69985897475474,25000.0,50.0,1,0.0,0.0,0.0,0,0,1,0.0,0.0,1,0.0,0.0,0.0,1,1303.4656605690827,680.405556456093,0.0,72.4147589205046,1800.0,85.05069455701162,0.0,0.0,0.0,0,116.9743931531681,4448.4121481318025,390.9362400934594,28.989506535118732,4448.4121481318025,28.989506535118732,900000.0,0.0,1,0.0,0.0,0.0,77000.0,0.0,1,1,1,0,1,0,0.0,0,1,900000.0,4500.0,0,0,0.0,0,0.0,1.0,1,1,0,0.0,0.0,1,600000.0,400000.0,0,0.35
5.800000000000001,5.0916997548797704,5.0916997548797704,5.0916997548797704,5.0916997548797704,26476.949105680487,30.708897752613765,28.5596240149974,25000.0,50.0,1,0.0,0.0,0.0,0,0,1,0.0,0.0,1,0.0,0.0,0.0,1,1343.3049274913383,683.689553439438,0.0,74.62805152729656,1800.0,85.46119417992975,0.0,0.0,0.0,0,119.86209624067129,4448.4141447579395,392.8323311780424,29.849220089208863,4448.4141447579395,29.849220089208863,900000.0,0.0,1,0.0,0.0,0.0,77000.0,0.0,1,1,1,0,1,0,0.0,0,1,900000.0,4500.0,0,0,0.0,0,0.0,1.0,1,1,0,0.0,0.0,1,600000.0,400000.0,0,0.35
5.9,5.230345359216245,5.230345359216245,5.230345359216245,5.230345359216245,26476.960989599254,31.568538480254578,29.419354731138377,25000.0,50.0,1,0.0,0.0,0.0,0,0,1,0.0,0.0,1,0.0,0.0,0.0,1,1383.1426339044745,686.9734173220752,0.0,76.84125743913748,1800.0,85.8716771652594,0.0,0.0,0.0,0,122.72194153306302,4448.416204116544,394.7283477203946,30.708897752613765,4448.416204116544,30.708897752613765,900000.0,0.0,1,0.0,0.0,0.0,77000.0,0.0,1,1,1,0,1,0,0.0,0,1,900000.0,4500.0,0,0,0.0,0,0.0,1.0,1,1,0,0.0,0.0,1,600000.0,400000.0,0,0.35
6.0,5.368984669102566,5.368984669102566,5.368984669102566,5.368984669102566,26476.973246901667,32.42814122714072,30.279050078788636,25000.0,50.0,1,0.0,0.0,0.0,0,0,1,0.0,0.0,1,0.0,0.0,0.0,1,1422.9787330550541,690.2571441123931,0.0,79.05437405861412,1800.0,86.28214301404914,0.0,0.0,0.0,0,125.55432687243007,4448.418326192586,396.62428741701723,31.568538480254578,4448.418326192586,31.568538480254578,900000.0,0.0,1,0.0,0.0,0.0,77000.0,0.0,1,1,1,0,1,0,0.0,0,1,900000.0,4500.0,0,0,0.0,0,0.0,1.0,1,1,0,0.0,0.0,1,600000.0,400000.0,0,0.35
6.1000000000000005,5.5076175160459,5.5076175160459,5.5076175160459,5.5076175160459,26476.985877498275,33.287704948435916,31.138709013099263,25000.0,50.0,1,0.0,0.0,0.0,0,0,1,0.0,0.0,1,0.0,0.0,0.0,1,1462.8131781945867,693.5407298184846,0.0,81.26739878858815,1800.0,86.69259122731057,0.0,0.0,0.0,0,128.35964256472508,4448.420510978389,398.5201479633525,32.42814122714072,4448.420510978389,32.42814122714072,900000.0,0.0,1,0.0,0.0,0.0,77000.0,0.0,1,1,1,0,1,0,0.0,0,1,900000.0,4500.0,0,0,0.0,0,0.0,1.0,1,1,0,0.0,0.0,1,600000.0,400000.0,0,0.35
6.2,5.646243731584432,5.646243731584432,5.646243731584432,5.646243731584432,26476.99888134337,34.14722859948458,31.9983304891269,25000.0,50.0,1,0.0,0.0,0.0,0,0,1,0.0,0.0,1,0.0,0.0,0.0,1,1502.6459225803824,696.8241704487798,0.0,83.48032903224346,1800.0,87.10302130609747,0.0,0.0,0.0,0,131.13827155719568,4448.422758466474,400.4159270546716,33.287704948435916,4448.422758466474,33.287704948435916,900000.0,0.0,1,0.0,0.0,0.0,77000.0,0.0,1,1,1,0,1,0,0.0,0,1,900000.0,4500.0,0,0,0.0,0,0.0,1.0,1,1,0,0.0,0.0,1,600000.0,400000.0,0,0.35
6.300000000000001,5.784863147288444,5.784863147288444,5.784863147288444,5.784863147288444,26477.012258392453,35.00671113582348,32.85791346199958,25000.0,50.0,1,0.0,0.0,0.0,0,0,1,0.0,0.0,1,0.0,0.0,0.0,1,1542.4769194764522,700.1074620122982,0.0,85.69316219313623,1800.0,87.51343275153728,0.0,0.0,0.0,0,133.89058961093863,4448.425068648079,402.3116223864407,34.14722859948458,4448.425068648079,34.14722859948458,900000.0,0.0,1,0.0,0.0,0.0,77000.0,0.0,1,1,1,0,1,0,0.0,0,1,900000.0,4500.0,0,0,0.0,0,0.0,1.0,1,1,0,0.0,0.0,1,600000.0,400000.0,0,0.35
6.4,5.923475594761145,5.923475594761145,5.923475594761145,5.923475594761145,26477.026008593366,35.866151513188356,33.71745688698958,25000.0,50.0,1,0.0,0.0,0.0,0,0,1,0.0,0.0,1,0.0,0.0,0.0,1,1582.3061221542066,703.390600518749,0.0,87.90589567523371,1800.0,87.92382506484363,0.0,0.0,0.0,0,136.61696546866264,4448.427441513226,404.2072316544661,35.00671113582348,4448.427441513226,35.00671113582348,900000.0,0.0,1,0.0,0.0,0.0,77000.0,0.0,1,1,1,0,1,0,0.0,0,1,900000.0,4500.0,0,0,0.0,0,0.0,1.0,1,1,0,0.0,0.0,1,600000.0,400000.0,0,0.35
6.5,6.062080905639456,6.062080905639456,6.062080905639456,6.062080905639456,26477.04013188672,36.7255486875191,34.57695971954551,25000.0,50.0,1,0.0,0.0,0.0,0,0,1,0.0,0.0,1,0.0,0.0,0.0,1,1622.133483892956,706.673581978577,0.0,90.11852688294199,1800.0,88.33419774732212,0.0,0.0,0.0,0,139.31776101778613,4448.429877051056,406.1027525549523,35.866151513188356,4448.429877051056,35.866151513188356,900000.0,0.0,1,0.0,0.0,0.0,77000.0,0.0,1,1,1,0,1,0,0.0,0,1,900000.0,4500.0,0,0,0.0,0,0.0,1.0,1,1,0,0.0,0.0,1,600000.0,400000.0,0,0.35
6.6000000000000005,6.200678911594798,6.200678911594798,6.200678911594798,6.200678911594798,26477.054628207883,37.58490161496463,35.43642091530741,25000.0,50.0,1,0.0,0.0,0.0,0,0,1,0.0,0.0,1,0.0,0.0,0.0,1,1661.9589579802816,709.9564024029862,0.0,92.33105322112675,1800.0,88.74455030037328,0.0,0.0,0.0,0,141.99333144901064,4448.432375250093,407.9981827845285,36.7255486875191,4448.432375250093,36.7255486875191,900000.0,0.0,1,0.0,0.0,0.0,77000.0,0.0,1,1,1,0,1,0,0.0,0,1,900000.0,4500.0,0,0,0.0,0,0.0,1.0,1,1,0,0.0,0.0,1,600000.0,400000.0,0,0.35
6.7,6.339269444333888,6.339269444333888,6.339269444333888,6.339269444333888,26477.069497488555,38.44420925188775,36.2958394301152,25000.0,50.0,1,0.0,0.0,0.0,0,0,1,0.0,0.0,1,0.0,0.0,0.0,1,1701.7824977123287,713.2390578039609,0.0,94.54347209512937,1800.0,89.15488222549511,0.0,0.0,0.0,0,144.6440254105134,4448.434936098402,409.8935200402624,37.58490161496463,4448.434936098402,37.58490161496463,900000.0,0.0,1,0.0,0.0,0.0,77000.0,0.0,1,1,1,0,1,0,0.0,0,1,900000.0,4500.0,0,0,0.0,0,0.0,1.0,1,1,0,0.0,0.0,1,600000.0,400000.0,0,0.35
6.800000000000001,6.477852335599545,6.477852335599545,6.477852335599545,6.477852335599545,26477.08473965769,39.3034705548701,37.15521422001482,25000.0,50.0,1,0.0,0.0,0.0,0,0,1,0.0,0.0,1,0.0,0.0,0.0,1,1741.6040563940617,716.5215441942836,0.0,96.75578091078121,1800.0,89.56519302428545,0.0,0.0,0.0,0,147.27018515789774,4448.437559583672,411.78876201967194,38.44420925188775,4448.437559583672,38.44420925188775,900000.0,0.0,1,0.0,0.0,0.0,77000.0,0.0,1,1,1,0,1,0,0.0,0,1,900000.0,4500.0,0,0,0.0,0,0.0,1.0,1,1,0,0.0,0.0,1,600000.0,400000.0,0,0.35
6.9,6.616427417171502,6.616427417171502,6.616427417171502,6.616427417171502,26477.100354642014,40.16268448071718,38.01454424126344,25000.0,50.0,1,0.0,0.0,0.0,0,0,1,0.0,0.0,1,0.0,0.0,0.0,1,1781.4235873394955,719.8038575875539,0.0,98.96797707441641,1800.0,89.97548219844424,0.0,0.0,0.0,0,149.87214670003794,4448.440245693254,413.683906420736,39.3034705548701,4448.440245693254,39.3034705548701,900000.0,0.0,1,0.0,0.0,0.0,77000.0,0.0,1,1,1,0,1,0,0.0,0,1,900000.0,4500.0,0,0,0.0,0,0.0,1.0,1,1,0,0.0,0.0,1,600000.0,400000.0,0,0.35
7.0,6.754994520867216,6.754994520867216,6.754994520867216,6.754994520867216,26477.116342366247,41.02184998646331,38.87382845033455,25000.0,50.0,1,0.0,0.0,0.0,0,0,1,0.0,0.0,1,0.0,0.0,0.0,1,1821.241043871916,723.0859939982073,0.0,101.18005799288422,1800.0,90.38574924977591,0.0,0.0,0.0,0,152.4502399409489,4448.442994414185,415.5789509419053,40.16268448071718,4448.442994414185,40.16268448071718,900000.0,0.0,1,0.0,0.0,0.0,77000.0,0.0,1,1,1,0,1,0,0.0,0,1,900000.0,4500.0,0,0,0.0,0,0.0,1.0,1,1,0,0.0,0.0,1,600000.0,400000.0,0,0.35
7.1000000000000005,6.893553478542686,6.893553478542686,6.893553478542686,6.893553478542686,26477.132702753228,41.880966029376744,39.73306580392297,25000.0,50.0,1,0.0,0.0,0.0,0,0,1,0.0,0.0,1,0.0,0.0,0.0,1,1861.0563793241006,726.3679494415343,0.0,103.39202107356114,1800.0,90.79599368019178,0.0,0.0,0.0,0,155.00478881780668,4448.445805733195,417.4738932821131,41.02184998646331,4448.445805733195,41.02184998646331,900000.0,0.0,1,0.0,0.0,0.0,77000.0,0.0,1,1,1,0,1,0,0.0,0,1,900000.0,4500.0,0,0,0.0,0,0.0,1.0,1,1,0,0.0,0.0,1,600000.0,400000.0,0,0.35
7.2,7.032104122093264,7.032104122093264,7.032104122093264,7.032104122093264,26477.149435723975,42.74003156696465,40.59225525894986,25000.0,50.0,1,0.0,0.0,0.0,0,0,1,0.0,0.0,1,0.0,0.0,0.0,1,1900.8695470385317,729.6497199336993,0.0,105.60386372436288,1800.0,91.20621499171241,0.0,0.0,0.0,0,157.5361114352411,4448.448679636704,419.36873114078634,41.880966029376744,4448.448679636704,41.880966029376744,900000.0,0.0,1,0.0,0.0,0.0,77000.0,0.0,1,1,1,0,1,0,0.0,0,1,900000.0,4500.0,0,0,0.0,0,0.0,1.0,1,1,0,0.0,0.0,1,600000.0,400000.0,0,0.35
7.300000000000001,7.170646283454468,7.170646283454468,7.170646283454468,7.170646283454468,26477.16654119766,43.59904555697824,41.451395772567786,25000.0,50.0,1,0.0,0.0,0.0,0,0,1,0.0,0.0,1,0.0,0.0,0.0,1,1940.6805003676106,732.9313014917606,0.0,107.81558335375615,1800.0,91.61641268647007,0.0,0.0,0.0,0,160.044520196018,4448.451616110831,421.2634622178564,42.74003156696465,4448.451616110831,42.74003156696465,900000.0,0.0,1,0.0,0.0,0.0,77000.0,0.0,1,1,1,0,1,0,0.0,0,1,900000.0,4500.0,0,0,0.0,0,0.0,1.0,1,1,0,0.0,0.0,1,600000.0,400000.0,0,0.35
7.4,7.3091797946028,7.3091797946028,7.3091797946028,7.3091797946028,26477.184019091666,44.45800695741771,42.3104863021657,25000.0,50.0,1,0.0,0.0,0.0,0,0,1,0.0,0.0,1,0.0,0.0,0.0,1,1980.4891926738737,736.2126901336889,0.0,110.02717737077076,1800.0,92.0265862667111,0.0,0.0,0.0,0,162.53032192822297,4448.454615141393,423.15808421377074,43.59904555697824,4448.454615141393,43.59904555697824,900000.0,0.0,1,0.0,0.0,0.0,77000.0,0.0,1,1,1,0,1,0,0.0,0,1,900000.0,4500.0,0,0,0.0,0,0.0,1.0,1,1,0,0.0,0.0,1,600000.0,400000.0,0,0.35
7.5,7.447704487556554,7.447704487556554,7.447704487556554,7.447704487556554,26477.201869321572,45.31691472653736,43.16952580537406,25000.0,50.0,1,0.0,0.0,0.0,0,0,1,0.0,0.0,1,0.0,0.0,0.0,1,2020.2955773302053,739.493881878387,0.0,112.23864318501141,1800.0,92.43673523479838,0.0,0.0,0.0,0,164.993818009056,4448.457676713901,425.05259482950385,44.45800695741771,4448.457676713901,44.45800695741771,900000.0,0.0,1,0.0,0.0,0.0,77000.0,0.0,1,1,1,0,1,0,0.0,0,1,900000.0,4500.0,0,0,0.0,0,0.0,1.0,1,1,0,0.0,0.0,1,600000.0,400000.0,0,0.35
7.6000000000000005,7.586220194376634,7.586220194376634,7.586220194376634,7.586220194376634,26477.220091801137,46.17576782285064,44.02851324006983,25000.0,50.0,1,0.0,0.0,0.0,0,0,1,0.0,0.0,1,0.0,0.0,0.0,1,2060.0996077200502,742.7748727457089,0.0,114.44997820666946,1800.0,92.84685909321361,0.0,0.0,0.0,0,167.4353044853424,4448.460800813564,426.9469917665681,45.31691472653736,4448.460800813564,45.31691472653736,900000.0,0.0,1,0.0,0.0,0.0,77000.0,0.0,1,1,1,0,1,0,0.0,0,1,900000.0,4500.0,0,0,0.0,0,0.0,1.0,1,1,0,0.0,0.0,1,600000.0,400000.0,0,0.35
7.7,7.724726747167362,7.724726747167362,7.724726747167362,7.724726747167362,26477.23868644233,47.03456520513513,44.88744756438152,25000.0,50.0,1,0.0,0.0,0.0,0,0,1,0.0,0.0,1,0.0,0.0,0.0,1,2099.901237237629,746.0556587564791,0.0,116.66117984653494,1800.0,93.2569573445599,0.0,0.0,0.0,0,169.85507219085966,4448.463987425288,428.84127272702506,46.17576782285064,4448.463987425288,46.17576782285064,900000.0,0.0,1,0.0,0.0,0.0,77000.0,0.0,1,1,1,0,1,0,0.0,0,1,900000.0,4500.0,0,0,0.0,0,0.0,1.0,1,1,0,0.0,0.0,1,600000.0,400000.0,0,0.35
7.800000000000001,7.8632239780772935,7.8632239780772935,7.8632239780772935,7.8632239780772935,26477.257653155313,47.89330583243765,45.74632773669426,25000.0,50.0,1,0.0,0.0,0.0,0,0,1,0.0,0.0,1,0.0,0.0,0.0,1,2139.700419288151,749.3362359325121,0.0,118.87224551600838,1800.0,93.66702949156401,0.0,0.0,0.0,0,172.2534068605793,4448.467236533677,430.7354354134968,47.03456520513513,4448.467236533677,47.03456520513513,900000.0,0.0,1,0.0,0.0,0.0,77000.0,0.0,1,1,1,0,1,0,0.0,0,1,900000.0,4500.0,0,0,0.0,0,0.0,1.0,1,1,0,0.0,0.0,1,600000.0,400000.0,0,0.35
7.9,8.001711719300026,8.001711719300026,8.001711719300026,8.001711719300026,26477.27699184845,48.75198866407922,46.60515271565484,25000.0,50.0,1,0.0,0.0,0.0,0,0,1,0.0,0.0,1,0.0,0.0,0.0,1,2179.4971072880267,752.616600296631,0.0,121.08317262711259,1800.0,94.07707503707887,0.0,0.0,0.0,0,174.63058924191802,4448.470548123034,432.62947752917677,47.89330583243765,4448.470548123034,47.89330583243765,900000.0,0.0,1,0.0,0.0,0.0,77000.0,0.0,1,1,1,0,1,0,0.0,0,1,900000.0,4500.0,0,0,0.0,0,0.0,1.0,1,1,0,0.0,0.0,1,600000.0,400000.0,0,0.35
8.0,8.140189803075012,8.140189803075012,8.140189803075012,8.140189803075012,26477.2967024283,49.61061265966016,47.463921460176714,25000.0,50.0,1,0.0,0.0,0.0,0,0,1,0.0,0.0,1,0.0,0.0,0.0,1,2219.291254665083,755.8967478726878,0.0,123.29395859250462,1800.0,94.48709348408597,0.0,0.0,0.0,0,176.98689520308767,4448.473922177356,434.5233967778409,48.75198866407922,4448.473922177356,48.75198866407922,900000.0,0.0,1,0.0,0.0,0.0,77000.0,0.0,1,1,1,0,1,0,0.0,0,1,900000.0,4500.0,0,0,0.0,0,0.0,1.0,1,1,0,0.0,0.0,1,600000.0,400000.0,0,0.35
8.1,8.278658061688368,8.278658061688368,8.278658061688368,8.278658061688368,26477.316784799623,50.46917677906508,48.32263292944505,25000.0,50.0,1,0.0,0.0,0.0,0,0,1,0.0,0.0,1,0.0,0.0,0.0,1,2259.082814858776,759.1766746855814,0.0,125.50460082548756,1800.0,94.89708433569767,0.0,0.0,0.0,0,179.32259583863345,4448.47735868034,436.417190863859,49.61061265966016,4448.47735868034,49.61061265966016,900000.0,0.0,1,0.0,0.0,0.0,77000.0,0.0,1,1,1,0,1,0,0.0,0,1,900000.0,4500.0,0,0,0.0,0,0.0,1.0,1,1,0,0.0,0.0,1,600000.0,400000.0,0,0.35
8.200000000000001,8.417116327473689,8.417116327473689,8.417116327473689,8.417116327473689,26477.337238865384,51.327679982467885,49.181286082921794,25000.0,50.0,1,0.0,0.0,0.0,0,0,1,0.0,0.0,1,0.0,0.0,0.0,1,2298.8717413204013,762.4563767612779,0.0,127.71509674002229,1800.0,95.30704709515973,0.0,0.0,0.0,0,181.6379575722446,4448.480857615383,438.31085749220534,50.46917677906508,4448.480857615383,50.46917677906508,900000.0,0.0,1,0.0,0.0,0.0,77000.0,0.0,1,1,1,0,1,0,0.0,0,1,900000.0,4500.0,0,0,0.0,0,0.0,1.0,1,1,0,0.0,0.0,1,600000.0,400000.0,0,0.35
8.3,8.55556443281285,8.55556443281285,8.55556443281285,8.55556443281285,26477.358064526758,52.18612123033687,50.039879880350654,25000.0,50.0,1,0.0,0.0,0.0,0,0,1,0.0,0.0,1,0.0,0.0,0.0,1,2338.65798751331,765.7358501268292,0.0,129.92544375073945,1800.0,95.71698126585365,0.0,0.0,0.0,0,183.93324225691873,4448.484418965576,440.2043943684705,51.327679982467885,4448.484418965576,51.327679982467885,900000.0,0.0,1,0.0,0.0,0.0,77000.0,0.0,1,1,1,0,1,0,0.0,0,1,900000.0,4500.0,0,0,0.0,0,0.0,1.0,1,1,0,0.0,0.0,1,600000.0,400000.0,0,0.35
8.4,8.694002210136826,8.694002210136826,8.694002210136826,8.694002210136826,26477.37926168311,53.04449948343968,50.89841328176214,25000.0,50.0,1,0.0,0.0,0.0,0,0,1,0.0,0.0,1,0.0,0.0,0.0,1,2378.4415069131214,769.0150908103918,0.0,132.1356392729512,1800.0,96.12688635129898,0.0,0.0,0.0,0,186.20870727256036,4448.488042713712,442.09779919887177,52.18612123033687,4448.488042713712,52.18612123033687,900000.0,0.0,1,0.0,0.0,0.0,77000.0,0.0,1,1,1,0,1,0,0.0,0,1,900000.0,4500.0,0,0,0.0,0,0.0,1.0,1,1,0,0.0,0.0,1,600000.0,400000.0,0,0.35
8.5,8.832429491926488,8.832429491926488,8.832429491926488,8.832429491926488,26477.400830232014,53.90281370284833,51.75688524747863,25000.0,50.0,1,0.0,0.0,0.0,0,0,1,0.0,0.0,1,0.0,0.0,0.0,1,2418.2222530079353,772.2940948412477,0.0,134.34568072266308,1800.0,96.53676185515596,0.0,0.0,0.0,0,188.4646056210888,4448.491728842279,443.9910696902642,53.04449948343968,4448.491728842279,53.04449948343968,900000.0,0.0,1,0.0,0.0,0.0,77000.0,0.0,1,1,1,0,1,0,0.0,0,1,900000.0,4500.0,0,0,0.0,0,0.0,1.0,1,1,0,0.0,0.0,1,600000.0,400000.0,0,0.35
8.6,8.970846110713422,8.970846110713422,8.970846110713422,8.970846110713422,26477.422770069246,54.76106284994423,52.61529473811933,25000.0,50.0,1,0.0,0.0,0.0,0,0,1,0.0,0.0,1,0.0,0.0,0.0,1,2458.0001792985413,775.572858249821,0.0,136.55556551658563,1800.0,96.94660728122763,0.0,0.0,0.0,0,190.7011860191293,4448.495477333468,445.88420355015273,53.90281370284833,4448.495477333468,53.90281370284833,900000.0,0.0,1,0.0,0.0,0.0,77000.0,0.0,1,1,1,0,1,0,0.0,0,1,900000.0,4500.0,0,0,0.0,0,0.0,1.0,1,1,0,0.0,0.0,1,600000.0,400000.0,0,0.35
8.700000000000001,9.10925189908073,9.10925189908073,9.10925189908073,9.10925189908073,26477.445081088805,55.61924588642322,53.47364071460533,25000.0,50.0,1,0.0,0.0,0.0,0,0,1,0.0,0.0,1,0.0,0.0,0.0,1,2497.7752392986386,778.8513770676999,0.0,138.7652910721466,1800.0,97.35642213346249,0.0,0.0,0.0,0,192.91869298835996,4448.499288169165,447.77719848670165,54.76106284994423,4448.499288169165,54.76106284994423,900000.0,0.0,1,0.0,0.0,0.0,77000.0,0.0,1,1,1,0,1,0,0.0,0,1,900000.0,4500.0,0,0,0.0,0,0.0,1.0,1,1,0,0.0,0.0,1,600000.0,400000.0,0,0.35
8.8,9.247646689663842,9.247646689663842,9.247646689663842,9.247646689663842,26477.46776318287,56.477361774300526,54.3319221381646,25000.0,50.0,1,0.0,0.0,0.0,0,0,1,0.0,0.0,1,0.0,0.0,0.0,1,2537.54738653504,782.1296473276532,0.0,140.97485480750223,1800.0,97.76620591595665,0.0,0.0,0.0,0,195.11736694358194,4448.503161330959,449.6700522087473,55.61924588642322,4448.503161330959,55.61924588642322,900000.0,0.0,1,0.0,0.0,0.0,77000.0,0.0,1,1,1,0,1,0,0.0,0,1,900000.0,4500.0,0,0,0.0,0,0.0,1.0,1,1,0,0.0,0.0,1,600000.0,400000.0,0,0.35
8.9,9.386030315151316,9.386030315151316,9.386030315151316,9.386030315151316,26477.49081624187,57.335409475915824,55.19013797033701,25000.0,50.0,1,0.0,0.0,0.0,0,0,1,0.0,0.0,1,0.0,0.0,0.0,1,2577.3165745478923,785.4076650636509,0.0,143.18425414154956,1800.0,98.17595813295637,0.0,0.0,0.0,0,197.29744427857997,4448.507096800135,451.56276242580765,56.477361774300526,4448.507096800135,56.477361774300526,900000.0,0.0,1,0.0,0.0,0.0,77000.0,0.0,1,1,1,0,1,0,0.0,0,1,900000.0,4500.0,0,0,0.0,0,0.0,1.0,1,1,0,0.0,0.0,1,600000.0,400000.0,0,0.35
9.0,9.524402608285651,9.524402608285651,9.524402608285651,9.524402608285651,26477.5142401544,58.19338795393816,56.04828717297936,25000.0,50.0,1,0.0,0.0,0.0,0,0,1,0.0,0.0,1,0.0,0.0,0.0,1,2617.082756890881,788.6854263108837,0.0,145.39348649393781,1800.0,98.58567828886046,0.0,0.0,0.0,0,199.45915744983859,4448.511094557678,453.45532684809433,57.335409475915824,4448.511094557678,57.335409475915824,900000.0,0.0,1,0.0,0.0,0.0,77000.0,0.0,1,1,1,0,1,0,0.0,0,1,900000.0,4500.0,0,0,0.0,0,0.0,1.0,1,1,0,0.0,0.0,1,600000.0,400000.0,0,0.35
9.1,9.662763401864089,9.662763401864089,9.662763401864089,9.662763401864089,26477.538034807298,59.05129617137104,56.906368708270335,25000.0,50.0,1,0.0,0.0,0.0,0,0,1,0.0,0.0,1,0.0,0.0,0.0,1,2656.845887131448,791.9629271057808,0.0,147.6025492850804,1800.0,98.9953658882226,0.0,0.0,0.0,0,201.6027350581741,4448.515154584275,455.3477431865235,58.19338795393816,4448.515154584275,58.19338795393816,900000.0,0.0,1,0.0,0.0,0.0,77000.0,0.0,1,1,1,0,1,0,0.0,0,1,900000.0,4500.0,0,0,0.0,0,0.0,1.0,1,1,0,0.0,0.0,1,600000.0,400000.0,0,0.35
9.200000000000001,9.801112528739417,9.801112528739417,9.801112528739417,9.801112528739417,26477.562200085602,59.90913309155735,57.764381538715554,25000.0,50.0,1,0.0,0.0,0.0,0,0,1,0.0,0.0,1,0.0,0.0,0.0,1,2696.605918850999,795.24016348603,0.0,149.8114399361666,1800.0,99.40502043575376,0.0,0.0,0.0,0,203.72840192834548,4448.519276860308,457.2400091527265,59.05129617137104,4448.519276860308,59.05129617137104,900000.0,0.0,1,0.0,0.0,0.0,77000.0,0.0,1,1,1,0,1,0,0.0,0,1,900000.0,4500.0,0,0,0.0,0,0.0,1.0,1,1,0,0.0,0.0,1,600000.0,400000.0,0,0.35
9.3,9.939449821820777,9.939449821820777,9.939449821820777,9.939449821820777,26477.586735872555,60.766897678184385,58.622324627152544,25000.0,50.0,1,0.0,0.0,0.0,0,0,1,0.0,0.0,1,0.0,0.0,0.0,1,2736.362805645119,798.5171314905963,0.0,152.02015586917327,1800.0,99.81464143632454,0.0,0.0,0.0,0,205.83637918669984,4448.523461365867,459.13212245906146,59.90913309155735,4448.523461365867,59.90913309155735,900000.0,0.0,1,0.0,0.0,0.0,77000.0,0.0,1,1,1,0,1,0,0.0,0,1,900000.0,4500.0,0,0,0.0,0,0.0,1.0,1,1,0,0.0,0.0,1,600000.0,400000.0,0,0.35
9.4,10.077775114074466,10.077775114074466,10.077775114074466,10.077775114074466,26477.61164204964,61.62458889528882,59.480196936755746,25000.0,50.0,1,0.0,0.0,0.0,0,0,1,0.0,0.0,1,0.0,0.0,0.0,1,2776.116501123782,801.7938271597415,0.0,154.2286945068768,1800.0,100.22422839496768,0.0,0.0,0.0,0,207.9268843369102,4448.527708080734,461.0240808186236,60.766897678184385,4448.527708080734,60.766897678184385,900000.0,0.0,1,0.0,0.0,0.0,77000.0,0.0,1,1,1,0,1,0,0.0,0,1,900000.0,4500.0,0,0,0.0,0,0.0,1.0,1,1,0,0.0,0.0,1,600000.0,400000.0,0,0.35
9.5,10.216088238524742,10.216088238524742,10.216088238524742,10.216088238524742,26477.636918496526,62.48220570726169,60.33799743104151,25000.0,50.0,1,0.0,0.0,0.0,0,0,1,0.0,0.0,1,0.0,0.0,0.0,1,2815.8669589115625,805.0702465350424,0.0,156.4370532728646,1800.0,100.6337808168803,0.0,0.0,0.0,0,210.00013133385886,4448.532016984394,462.915881945257,61.62458889528882,4448.532016984394,61.62458889528882,900000.0,0.0,1,0.0,0.0,0.0,77000.0,0.0,1,1,1,0,1,0,0.0,0,1,900000.0,4500.0,0,0,0.0,0,0.0,1.0,1,1,0,0.0,0.0,1,600000.0,400000.0,0,0.35
9.600000000000001,10.354389028254623,10.354389028254623,10.354389028254623,10.354389028254623,26477.662565091116,63.33974707885341,61.19572507387305,25000.0,50.0,1,0.0,0.0,0.0,0,0,1,0.0,0.0,1,0.0,0.0,0.0,1,2855.614132647847,808.3463856594105,0.0,158.64522959154704,1800.0,101.04329820742632,0.0,0.0,0.0,0,212.05633065572167,4448.536388056038,464.80752355356515,62.48220570726169,4448.536388056038,62.48220570726169,900000.0,0.0,1,0.0,0.0,0.0,77000.0,0.0,1,1,1,0,1,0,0.0,0,1,900000.0,4500.0,0,0,0.0,0,0.0,1.0,1,1,0,0.0,0.0,1,600000.0,400000.0,0,0.35
9.700000000000001,10.492677316406692,10.492677316406692,10.492677316406692,10.492677316406692,26477.68858170954,64.19721197517866,62.05337882946548,25000.0,50.0,1,0.0,0.0,0.0,0,0,1,0.0,0.0,1,0.0,0.0,0.0,1,2895.3579759870445,811.6222405771111,0.0,160.85322088816915,1800.0,101.45278007213889,0.0,0.0,0.0,0,214.09568937430032,4448.540821274551,466.69900335892174,63.33974707885341,4448.540821274551,63.33974707885341,900000.0,0.0,1,0.0,0.0,0.0,77000.0,0.0,1,1,1,0,1,0,0.0,0,1,900000.0,4500.0,0,0,0.0,0,0.0,1.0,1,1,0,0.0,0.0,1,600000.0,400000.0,0,0.35
9.8,10.630952936183895,10.630952936183895,10.630952936183895,10.630952936183895,26477.714968226126,65.05459936172149,62.910957662390764,25000.0,50.0,1,0.0,0.0,0.0,0,0,1,0.0,0.0,1,0.0,0.0,0.0,1,2935.0984425988004,814.8978073337822,0.0,163.06102458882222,1800.0,101.86222591672278,0.0,0.0,0.0,0,216.1184112236553,4448.545316618521,468.5903190774823,64.19721197517866,4448.545316618521,64.19721197517866,900000.0,0.0,1,0.0,0.0,0.0,77000.0,0.0,1,1,1,0,1,0,0.0,0,1,900000.0,4500.0,0,0,0.0,0,0.0,1.0,1,1,0,0.0,0.0,1,600000.0,400000.0,0,0.35
9.9,10.769215720850346,10.769215720850346,10.769215720850346,10.769215720850346,26477.741724513435,65.91190820434015,63.7684605375827,25000.0,50.0,1,0.0,0.0,0.0,0,0,1,0.0,0.0,1,0.0,0.0,0.0,1,2974.8354861682024,818.173081976453,0.0,165.2686381204557,1800.0,102.27163524705662,0.0,0.0,0.0,0,218.12469666708574,4448.549874066239,470.48146842619497,65.05459936172149,4448.549874066239,65.05459936172149,900000.0,0.0,1,0.0,0.0,0.0,77000.0,0.0,1,1,1,0,1,0,0.0,0,1,900000.0,4500.0,0,0,0.0,0,0.0,1.0,1,1,0,0.0,0.0,1,600000.0,400000.0,0,0.35
10.0,10.907465503732121,10.907465503732121,10.907465503732121,10.907465503732121,26477.76885044225,66.76913746927214,64.62588642034189,25000.0,50.0,1,0.0,0.0,0.0,0,0,1,0.0,0.0,1,0.0,0.0,0.0,1,3014.5690603959974,821.4480605535632,0.0,167.47605891088875,1800.0,102.6810075691954,0.0,0.0,0.0,0,220.11474296250321,4448.554493595697,472.3724491228109,65.91190820434015,4448.554493595697,65.91190820434015,900000.0,0.0,1,0.0,0.0,0.0,77000.0,0.0,1,1,1,0,1,0,0.0,0,1,900000.0,4500.0,0,0,0.0,0,0.0,1.0,1,1,0,0.0,0.0,1,600000.0,400000.0,0,0.35
10.100000000000001,11.045702118218067,11.045702118218067,11.045702118218067,11.045702118218067,26477.796345881587,67.62628612313915,65.48323427634072,25000.0,50.0,1,0.0,0.0,0.0,0,0,1,0.0,0.0,1,0.0,0.0,0.0,1,3054.2991189987965,824.7227391149829,0.0,169.68328438882202,1800.0,103.09034238937286,0.0,0.0,0.0,0,222.0887442262428,4448.559175184589,474.26325888589577,66.76913746927214,4448.559175184589,66.76913746927214,900000.0,0.0,1,0.0,0.0,0.0,77000.0,0.0,1,1,1,0,1,0,0.0,0,1,900000.0,4500.0,0,0,0.0,0,0.0,1.0,1,1,0,0.0,0.0,1,600000.0,400000.0,0,0.35
10.200000000000001,11.18392539776059,11.18392539776059,11.18392539776059,11.18392539776059,26477.824210698673,68.48335313295202,66.34050307162833,25000.0,50.0,1,0.0,0.0,0.0,0,0,1,0.0,0.0,1,0.0,0.0,0.0,1,3094.0256157092886,827.9971137120299,0.0,171.89031198384936,1800.0,103.49963921400374,0.0,0.0,0.0,0,224.04689149535687,4448.56391881031,476.15389543484093,67.62628612313915,4448.56391881031,67.62628612313915,900000.0,0.0,1,0.0,0.0,0.0,77000.0,0.0,1,1,1,0,1,0,0.0,0,1,900000.0,4500.0,0,0,0.0,0,0.0,1.0,1,1,0,0.0,0.0,1,600000.0,400000.0,0,0.35
10.3,11.32213517587646,11.32213517587646,11.32213517587646,11.32213517587646,26477.852444758963,69.34033746611566,67.19769177263555,25000.0,50.0,1,0.0,0.0,0.0,0,0,1,0.0,0.0,1,0.0,0.0,0.0,1,3133.7485042764497,831.2711803974898,0.0,174.09713912646941,1800.0,103.90889754968623,0.0,0.0,0.0,0,225.98937278843147,4448.568724449957,478.0443564898737,68.48335313295202,4448.568724449957,68.48335313295202,900000.0,0.0,1,0.0,0.0,0.0,77000.0,0.0,1,1,1,0,1,0,0.0,0,1,900000.0,4500.0,0,0,0.0,0,0.0,1.0,1,1,0,0.0,0.0,1,600000.0,400000.0,0,0.35
10.4,11.460331286147605,11.460331286147605,11.460331286147605,11.460331286147605,26477.88104792614,70.19723809043406,68.05479934617986,25000.0,50.0,1,0.0,0.0,0.0,0,0,1,0.0,0.0,1,0.0,0.0,0.0,1,3173.4677384657534,834.5449352256347,0.0,176.30376324809743,1800.0,104.31811690320434,0.0,0.0,0.0,0,227.91637316496798,4448.573592080331,479.93463977206875,69.34033746611566,4448.573592080331,69.34033746611566,900000.0,0.0,1,0.0,0.0,0.0,77000.0,0.0,1,1,1,0,1,0,0.0,0,1,900000.0,4500.0,0,0,0.0,0,0.0,1.0,1,1,0,0.0,0.0,1,600000.0,400000.0,0,0.35
10.5,11.598513562221914,11.598513562221914,11.598513562221914,11.598513562221914,26477.91002006213,71.05405397411515,68.91182475947039,25000.0,50.0,1,0.0,0.0,0.0,0,0,1,0.0,0.0,1,0.0,0.0,0.0,1,3213.1832720593798,837.8183742522423,0.0,178.51018178107665,1800.0,104.72729678153028,0.0,0.0,0.0,0,229.82807478336764,4448.578521677934,481.82474300335906,70.19723809043406,4448.578521677934,70.19723809043406,900000.0,0.0,1,0.0,0.0,0.0,77000.0,0.0,1,1,1,0,1,0,0.0,0,1,900000.0,4500.0,0,0,0.0,0,0.0,1.0,1,1,0,0.0,0.0,1,600000.0,400000.0,0,0.35
10.600000000000001,11.736681837814023,11.736681837814023,11.736681837814023,11.736681837814023,26477.939361027064,71.91078408577587,69.76876698011283,25000.0,50.0,1,0.0,0.0,0.0,0,0,1,0.0,0.0,1,0.0,0.0,0.0,1,3252.8950588564285,841.0914935346135,0.0,180.71639215869047,1800.0,105.13643669182669,0.0,0.0,0.0,0,231.72465695755815,4448.583513218975,483.7146639065467,71.05405397411515,4448.583513218975,71.05405397411515,900000.0,0.0,1,0.0,0.0,0.0,77000.0,0.0,1,1,1,0,1,0,0.0,0,1,900000.0,4500.0,0,0,0.0,0,0.0,1.0,1,1,0,0.0,0.0,1,600000.0,400000.0,0,0.35
10.700000000000001,11.87483594670612,11.87483594670612,11.87483594670612,11.87483594670612,26477.969070679337,72.76742739444694,70.62562497611438,25000.0,50.0,1,0.0,0.0,0.0,0,0,1,0.0,0.0,1,0.0,0.0,0.0,1,3292.603052673124,844.3642891315934,0.0,182.92239181517354,1800.0,105.54553614144918,0.0,0.0,0.0,0,233.60629621229927,4448.58856667936,485.60440020531354,71.91078408577587,4448.58856667936,71.91078408577587,900000.0,0.0,1,0.0,0.0,0.0,77000.0,0.0,1,1,1,0,1,0,0.0,0,1,900000.0,4500.0,0,0,0.0,0,0.0,1.0,1,1,0,0.0,0.0,1,600000.0,400000.0,0,0.35
10.8,12.012975722748735,12.012975722748735,12.012975722748735,12.012975722748735,26477.99914887555,73.62398286957794,71.48239771588871,25000.0,50.0,1,0.0,0.0,0.0,0,0,1,0.0,0.0,1,0.0,0.0,0.0,1,3332.3072073430276,847.6367571035888,0.0,185.12817818572375,1800.0,105.9545946379486,0.0,0.0,0.0,0,235.47316633720249,4448.593682034703,487.49394962423247,72.76742739444694,4448.593682034703,72.76742739444694,900000.0,0.0,1,0.0,0.0,0.0,77000.0,0.0,1,1,1,0,1,0,0.0,0,1,900000.0,4500.0,0,0,0.0,0,0.0,1.0,1,1,0,0.0,0.0,1,600000.0,400000.0,0,0.35
10.9,12.15110099986153,12.15110099986153,12.15110099986153,12.15110099986153,26478.029595470554,74.48044948104216,72.33908416826087,25000.0,50.0,1,0.0,0.0,0.0,0,0,1,0.0,0.0,1,0.0,0.0,0.0,1,3372.0074767172464,850.9088935125872,0.0,187.3337487065137,1800.0,106.3636116890734,0.0,0.0,0.0,0,237.32543843950057,4448.598859260321,489.38330988877846,73.62398286957794,4448.598859260321,73.62398286957794,900000.0,0.0,1,0.0,0.0,0.0,77000.0,0.0,1,1,1,0,1,0,0.0,0,1,900000.0,4500.0,0,0,0.0,0,0.0,1.0,1,1,0,0.0,0.0,1,600000.0,400000.0,0,0.35
11.0,12.289211612034105,12.289211612034105,12.289211612034105,12.289211612034105,26478.06041031743,75.33682619914148,73.19568330247225,25000.0,50.0,1,0.0,0.0,0.0,0,0,1,0.0,0.0,1,0.0,0.0,0.0,1,3411.703814664644,854.1806944221759,0.0,189.53910081470246,1800.0,106.77258680277198,0.0,0.0,0.0,0,239.1632809955999,4448.604098331232,491.27247872533883,74.48044948104216,4448.604098331232,74.48044948104216,900000.0,0.0,1,0.0,0.0,0.0,77000.0,0.0,1,1,1,0,1,0,0.0,0,1,900000.0,4500.0,0,0,0.0,0,0.0,1.0,1,1,0,0.0,0.0,1,600000.0,400000.0,0,0.35
11.100000000000001,12.427307393326778,12.427307393326778,12.427307393326778,12.427307393326778,26478.091593267494,76.19311199461146,74.05219408818552,25000.0,50.0,1,0.0,0.0,0.0,0,0,1,0.0,0.0,1,0.0,0.0,0.0,1,3451.3961750720464,857.4521558975606,0.0,191.74423194844704,1800.0,107.18151948719508,0.0,0.0,0.0,0,240.9868599014481,4448.609399222163,493.16145386122474,75.33682619914148,4448.609399222163,75.33682619914148,900000.0,0.0,1,0.0,0.0,0.0,77000.0,0.0,1,1,1,0,1,0,0.0,0,1,900000.0,4500.0,0,0,0.0,0,0.0,1.0,1,1,0,0.0,0.0,1,600000.0,400000.0,0,0.35
11.200000000000001,12.565388177871384,12.565388177871384,12.565388177871384,12.565388177871384,26478.123144170313,77.04930583862603,74.9086154954895,25000.0,50.0,1,0.0,0.0,0.0,0,0,1,0.0,0.0,1,0.0,0.0,0.0,1,3491.0845118444513,860.7232740055842,0.0,193.94913954691395,1800.0,107.59040925069803,0.0,0.0,0.0,0,242.79633852174965,4448.614761907543,495.0502330246816,76.19311199461146,4448.614761907543,76.19311199461146,900000.0,0.0,1,0.0,0.0,0.0,77000.0,0.0,1,1,1,0,1,0,0.0,0,1,900000.0,4500.0,0,0,0.0,0,0.0,1.0,1,1,0,0.0,0.0,1,600000.0,400000.0,0,0.35
11.3,12.703453799872062,12.703453799872062,12.703453799872062,12.703453799872062,26478.155062873695,77.90540670280258,75.76494649490414,25000.0,50.0,1,0.0,0.0,0.0,0,0,1,0.0,0.0,1,0.0,0.0,0.0,1,3530.7687789052416,863.9940448147464,0.0,196.1538210502912,1800.0,107.9992556018433,0.0,0.0,0.0,0,244.5918777380584,4448.620186361503,496.9388139449001,77.04930583862603,4448.620186361503,77.04930583862603,900000.0,0.0,1,0.0,0.0,0.0,77000.0,0.0,1,1,1,0,1,0,0.0,0,1,900000.0,4500.0,0,0,0.0,0,0.0,1.0,1,1,0,0.0,0.0,1,600000.0,400000.0,0,0.35
11.4,12.841504093606046,12.841504093606046,12.841504093606046,12.841504093606046,26478.187349223666,78.76141355920679,76.6211860573854,25000.0,50.0,1,0.0,0.0,0.0,0,0,1,0.0,0.0,1,0.0,0.0,0.0,1,3570.4489301963854,867.2644643952209,0.0,198.3582738997992,1800.0,108.40805804940261,0.0,0.0,0.0,0,246.37363599577844,4448.625672557885,498.82719435202745,77.90540670280258,4448.625672557885,77.90540670280258,900000.0,0.0,1,0.0,0.0,0.0,77000.0,0.0,1,1,1,0,1,0,0.0,0,1,900000.0,4500.0,0,0,0.0,0,0.0,1.0,1,1,0,0.0,0.0,1,600000.0,400000.0,0,0.35
11.5,12.979538893424461,12.979538893424461,12.979538893424461,12.979538893424461,26478.220003064533,79.61732538035749,77.47733315433018,25000.0,50.0,1,0.0,0.0,0.0,0,0,1,0.0,0.0,1,0.0,0.0,0.0,1,3610.1249196786534,870.5345288188753,0.0,200.56249553770294,1800.0,108.81681610235941,0.0,0.0,0.0,0,248.14176935010127,4448.631220470232,500.7153719771774,78.76141355920679,4448.631220470232,78.76141355920679,900000.0,0.0,1,0.0,0.0,0.0,77000.0,0.0,1,1,1,0,1,0,0.0,0,1,900000.0,4500.0,0,0,0.0,0,0.0,1.0,1,1,0,0.0,0.0,1,600000.0,400000.0,0,0.35
11.600000000000001,13.117558033753104,13.117558033753104,13.117558033753104,13.117558033753104,26478.25302423882,80.47314113923166,78.33338675758125,25000.0,50.0,1,0.0,0.0,0.0,0,0,1,0.0,0.0,1,0.0,0.0,0.0,1,3649.7967013318203,873.8042341592902,0.0,202.76648340732334,1800.0,109.22552926991128,0.0,0.0,0.0,0,249.89643151090712,4448.636830071791,502.6033445524417,79.61732538035749,4448.636830071791,79.61732538035749,900000.0,0.0,1,0.0,0.0,0.0,77000.0,0.0,1,1,1,0,1,0,0.0,0,1,900000.0,4500.0,0,0,0.0,0,0.0,1.0,1,1,0,0.0,0.0,1,600000.0,400000.0,0,0.35
11.700000000000001,13.255561349093236,13.255561349093236,13.255561349093236,13.255561349093236,26478.286412587302,81.32885980926925,79.18934583943208,25000.0,50.0,1,0.0,0.0,0.0,0,0,1,0.0,0.0,1,0.0,0.0,0.0,1,3689.4642291548744,877.0735764917764,0.0,204.97023495304856,1800.0,109.63419706147205,0.0,0.0,0.0,0,251.63777388665838,4448.642501335522,504.49110981090104,80.47314113923166,4448.642501335522,80.47314113923166,900000.0,0.0,1,0.0,0.0,0.0,77000.0,0.0,1,1,1,0,1,0,0.0,0,1,900000.0,4500.0,0,0,0.0,0,0.0,1.0,1,1,0,0.0,0.0,1,600000.0,400000.0,0,0.35
11.8,13.393548674022368,13.393548674022368,13.393548674022368,13.393548674022368,26478.320167949027,82.18448036437806,80.0452093726318,25000.0,50.0,1,0.0,0.0,0.0,0,0,1,0.0,0.0,1,0.0,0.0,0.0,1,3729.1274571662298,880.3425518933946,0.0,207.1737476203461,1800.0,110.04281898667432,0.0,0.0,0.0,0,253.36594562731037,4448.648234234085,506.378665486635,81.32885980926925,4448.648234234085,81.32885980926925,900000.0,0.0,1,0.0,0.0,0.0,77000.0,0.0,1,1,1,0,1,0,0.0,0,1,900000.0,4500.0,0,0,0.0,0,0.0,1.0,1,1,0,0.0,0.0,1,600000.0,400000.0,0,0.35
11.9,13.531519843195047,13.531519843195047,13.531519843195047,13.531519843195047,26478.354290161275,83.04000177893869,80.9009763303901,25000.0,50.0,1,0.0,0.0,0.0,0,0,1,0.0,0.0,1,0.0,0.0,0.0,1,3768.786339403928,883.6111564429748,0.0,209.3770188557738,1800.0,110.45139455537185,0.0,0.0,0.0,0,255.08109366626556,4448.654028739846,508.2660093147335,82.18448036437806,4448.654028739846,82.18448036437806,900000.0,0.0,1,0.0,0.0,0.0,77000.0,0.0,1,1,1,0,1,0,0.0,0,1,900000.0,4500.0,0,0,0.0,0,0.0,1.0,1,1,0,0.0,0.0,1,600000.0,400000.0,0,0.35
12.0,13.669474691343646,13.669474691343646,13.669474691343646,13.669474691343646,26478.38877905956,83.8954230278093,81.75664568638207,25000.0,50.0,1,0.0,0.0,0.0,0,0,1,0.0,0.0,1,0.0,0.0,0.0,1,3808.440829925846,886.8793862211332,0.0,211.58004610699146,1800.0,110.85992327764166,0.0,0.0,0.0,0,256.7833627613967,4448.659884824881,510.15313903130806,83.04000177893869,4448.659884824881,83.04000177893869,900000.0,0.0,1,0.0,0.0,0.0,77000.0,0.0,1,1,1,0,1,0,0.0,0,1,900000.0,4500.0,0,0,0.0,0,0.0,1.0,1,1,0,0.0,0.0,1,600000.0,400000.0,0,0.35
12.100000000000001,13.807413053279145,13.807413053279145,13.807413053279145,13.807413053279145,26478.423634477695,84.75074308633062,82.61221641475315,25000.0,50.0,1,0.0,0.0,0.0,0,0,1,0.0,0.0,1,0.0,0.0,0.0,1,3848.09088280991,890.1472373102923,0.0,213.7828268227728,1800.0,111.26840466378654,0.0,0.0,0.0,0,258.4728955351614,4448.6658024609715,512.0400523735013,83.8954230278093,4448.6658024609715,83.8954230278093,900000.0,0.0,1,0.0,0.0,0.0,77000.0,0.0,1,1,1,0,1,0,0.0,0,1,900000.0,4500.0,0,0,0.0,0,0.0,1.0,1,1,0,0.0,0.0,1,600000.0,400000.0,0,0.35
12.200000000000001,13.945334763891916,13.945334763891916,13.945334763891916,13.945334763891916,26478.4588562477,85.6059609303307,83.46768749012392,25000.0,50.0,1,0.0,0.0,0.0,0,0,1,0.0,0.0,1,0.0,0.0,0.0,1,3887.736452154291,893.4147057946986,0.0,215.98535845301615,1800.0,111.67683822433733,0.0,0.0,0.0,0,260.14983251383296,4448.671781619607,513.926747079499,84.75074308633062,4448.671781619607,84.75074308633062,900000.0,0.0,1,0.0,0.0,0.0,77000.0,0.0,1,1,1,0,1,0,0.0,0,1,900000.0,4500.0,0,0,0.0,0,0.0,1.0,1,1,0,0.0,0.0,1,600000.0,400000.0,0,0.35
12.3,14.083239658152506,14.083239658152506,14.083239658152506,14.083239658152506,26478.4944441999,86.46107553612988,84.32305788759506,25000.0,50.0,1,0.0,0.0,0.0,0,0,1,0.0,0.0,1,0.0,0.0,0.0,1,3927.3774920776254,896.6817877604421,0.0,218.18763844875696,1800.0,112.08522347005527,0.0,0.0,0.0,0,261.8143121658688,4448.677822271983,515.8132208885396,85.6059609303307,4448.677822271983,85.6059609303307,900000.0,0.0,1,0.0,0.0,0.0,77000.0,0.0,1,1,1,0,1,0,0.0,0,1,900000.0,4500.0,0,0,0.0,0,0.0,1.0,1,1,0,0.0,0.0,1,600000.0,400000.0,0,0.35
12.4,14.22112757111242,14.22112757111242,14.22112757111242,14.22112757111242,26478.530398162842,87.31608588054554,85.17832658275215,25000.0,50.0,1,0.0,0.0,0.0,0,0,1,0.0,0.0,1,0.0,0.0,0.0,1,3967.0139567192086,899.9484792954745,0.0,220.38966426217826,1800.0,112.49355991193431,0.0,0.0,0.0,0,263.46647093943994,4448.683924389003,517.6994715409262,86.46107553612988,4448.683924389003,86.46107553612988,900000.0,0.0,1,0.0,0.0,0.0,77000.0,0.0,1,1,1,0,1,0,0.0,0,1,900000.0,4500.0,0,0,0.0,0,0.0,1.0,1,1,0,0.0,0.0,1,600000.0,400000.0,0,0.35
12.5,14.358998337904907,14.358998337904907,14.358998337904907,14.358998337904907,26478.566717963342,88.17099094089701,86.03349255167063,25000.0,50.0,1,0.0,0.0,0.0,0,0,1,0.0,0.0,1,0.0,0.0,0.0,1,4006.6458002392114,903.2147764896268,0.0,222.59143334662286,1800.0,112.90184706120336,0.0,0.0,0.0,0,265.1064432991413,4448.690087941279,519.5854967780366,87.31608588054554,4448.690087941279,87.31608588054554,900000.0,0.0,1,0.0,0.0,0.0,77000.0,0.0,1,1,1,0,1,0,0.0,0,1,900000.0,4500.0,0,0,0.0,0,0.0,1.0,1,1,0,0.0,0.0,1,600000.0,400000.0,0,0.35
12.600000000000001,14.496851793745735,14.496851793745735,14.496851793745735,14.496851793745735,26478.603403426492,89.02578969501043,86.88855477092058,25000.0,50.0,1,0.0,0.0,0.0,0,0,1,0.0,0.0,1,0.0,0.0,0.0,1,4046.272976818879,906.4806754346297,0.0,224.7929431566044,1800.0,113.31008442932871,0.0,0.0,0.0,0,266.73436176190575,4448.696312899133,521.4712943423337,88.17099094089701,4448.696312899133,88.17099094089701,900000.0,0.0,1,0.0,0.0,0.0,77000.0,0.0,1,1,1,0,1,0,0.0,0,1,900000.0,4500.0,0,0,0.0,0,0.0,1.0,1,1,0,0.0,0.0,1,600000.0,400000.0,0,0.35
12.700000000000001,14.634687773933972,14.634687773933972,14.634687773933972,14.634687773933972,26478.64045437564,89.88048112122357,87.74351221757153,25000.0,50.0,1,0.0,0.0,0.0,0,0,1,0.0,0.0,1,0.0,0.0,0.0,1,4085.895440660744,909.7461722241309,0.0,226.99419114781912,1800.0,113.71827152801636,0.0,0.0,0.0,0,268.3503569321386,4448.702599232593,523.3568619773773,89.02578969501043,4448.702599232593,89.02578969501043,900000.0,0.0,1,0.0,0.0,0.0,77000.0,0.0,1,1,1,0,1,0,0.0,0,1,900000.0,4500.0,0,0,0.0,0,0.0,1.0,1,1,0,0.0,0.0,1,600000.0,400000.0,0,0.35
12.8,14.772506113852769,14.772506113852769,14.772506113852769,14.772506113852769,26478.67787063239,90.73506419839063,88.59836386919747,25000.0,50.0,1,0.0,0.0,0.0,0,0,1,0.0,0.0,1,0.0,0.0,0.0,1,4125.513145988823,913.0112629537134,0.0,229.19517477715686,1800.0,114.12640786921418,0.0,0.0,0.0,0,269.9545575360965,4448.708946911398,525.2421974278336,89.88048112122357,4448.708946911398,89.88048112122357,900000.0,0.0,1,0.0,0.0,0.0,77000.0,0.0,1,1,1,0,1,0,0.0,0,1,900000.0,4500.0,0,0,0.0,0,0.0,1.0,1,1,0,0.0,0.0,1,600000.0,400000.0,0,0.35
12.9,14.910306648970131,14.910306648970131,14.910306648970131,14.910306648970131,26478.71565201664,91.58953790588717,89.45310870388154,25000.0,50.0,1,0.0,0.0,0.0,0,0,1,0.0,0.0,1,0.0,0.0,0.0,1,4165.126047048837,916.2759437209155,0.0,231.39589150271314,1800.0,114.53449296511444,0.0,0.0,0.0,0,271.5470904555257,4448.715355904996,527.1272984394867,90.73506419839063,4448.715355904996,90.73506419839063,900000.0,0.0,1,0.0,0.0,0.0,77000.0,0.0,1,1,1,0,1,0,0.0,0,1,900000.0,4500.0,0,0,0.0,0,0.0,1.0,1,1,0,0.0,0.0,1,600000.0,400000.0,0,0.35
13.0,15.048089214839706,15.048089214839706,15.048089214839706,15.048089214839706,26478.753798346534,92.44390122361482,90.30774570022093,25000.0,50.0,1,0.0,0.0,0.0,0,0,1,0.0,0.0,1,0.0,0.0,0.0,1,4204.734098108396,919.5402106252471,0.0,233.59633878379978,1800.0,114.94252632815589,0.0,0.0,0.0,0,273.1280807605805,4448.721826182544,529.012162759249,91.58953790588717,4448.721826182544,91.58953790588717,900000.0,0.0,1,0.0,0.0,0.0,77000.0,0.0,1,1,1,0,1,0,0.0,0,1,900000.0,4500.0,0,0,0.0,0,0.0,1.0,1,1,0,0.0,0.0,1,600000.0,400000.0,0,0.35
13.100000000000001,15.185853647101553,15.185853647101553,15.185853647101553,15.185853647101553,26478.7923094385,93.29815313200618,91.16227383733175,25000.0,50.0,1,0.0,0.0,0.0,0,0,1,0.0,0.0,1,0.0,0.0,0.0,1,4244.337253457225,922.8040597682104,0.0,235.796514080957,1800.0,115.3505074710263,0.0,0.0,0.0,0,274.6976517420398,4448.728357712909,530.8967881351716,92.44390122361482,4448.728357712909,92.44390122361482,900000.0,0.0,1,0.0,0.0,0.0,77000.0,0.0,1,1,1,0,1,0,0.0,0,1,900000.0,4500.0,0,0,0.0,0,0.0,1.0,1,1,0,0.0,0.0,1,600000.0,400000.0,0,0.35
13.200000000000001,15.323599781482917,15.323599781482917,15.323599781482917,15.323599781482917,26478.831185107236,94.15229261202963,92.0166920948538,25000.0,50.0,1,0.0,0.0,0.0,0,0,1,0.0,0.0,1,0.0,0.0,0.0,1,4283.9354674073575,926.0674872533164,0.0,237.9964148559643,1800.0,115.75843590666454,0.0,0.0,0.0,0,276.25592494283717,4448.73495046467,532.7811723164558,93.29815313200618,4448.73495046467,93.29815313200618,900000.0,0.0,1,0.0,0.0,0.0,77000.0,0.0,1,1,1,0,1,0,0.0,0,1,900000.0,4500.0,0,0,0.0,0,0.0,1.0,1,1,0,0.0,0.0,1,600000.0,400000.0,0,0.35
13.3,15.46132745379901,15.46132745379901,15.46132745379901,15.46132745379901,26478.870425165715,95.00631864519409,92.87099945295539,25000.0,50.0,1,0.0,0.0,0.0,0,0,1,0.0,0.0,1,0.0,0.0,0.0,1,4323.528694293341,929.3304891861044,0.0,240.19603857185226,1800.0,116.16631114826305,0.0,0.0,0.0,0,277.80302018892456,4448.741604406114,534.6653130534626,94.15229261202963,4448.741604406114,94.15229261202963,900000.0,0.0,1,0.0,0.0,0.0,77000.0,0.0,1,1,1,0,1,0,0.0,0,1,900000.0,4500.0,0,0,0.0,0,0.0,1.0,1,1,0,0.0,0.0,1,600000.0,400000.0,0,0.35
13.4,15.599036499953781,15.599036499953781,15.599036499953781,15.599036499953781,26478.910029425188,95.86023021355386,93.72519489233821,25000.0,50.0,1,0.0,0.0,0.0,0,0,1,0.0,0.0,1,0.0,0.0,0.0,1,4363.116888472444,932.5930616741604,0.0,242.39538269291353,1800.0,116.57413270927005,0.0,0.0,0.0,0,279.33905561948256,4448.748319505238,536.549208097724,95.00631864519409,4448.748319505238,95.00631864519409,900000.0,0.0,1,0.0,0.0,0.0,77000.0,0.0,1,1,1,0,1,0,0.0,0,1,900000.0,4500.0,0,0,0.0,0,0.0,1.0,1,1,0,0.0,0.0,1,600000.0,400000.0,0,0.35
13.5,15.73672675594069,15.73672675594069,15.73672675594069,15.73672675594069,26478.949997695177,96.71402629971345,94.57927739424213,25000.0,50.0,1,0.0,0.0,0.0,0,0,1,0.0,0.0,1,0.0,0.0,0.0,1,4402.700004324858,935.8552008271353,0.0,244.59444468471432,1800.0,116.98190010339191,0.0,0.0,0.0,0,280.86414771649646,4448.755095729755,538.4328552019538,95.86023021355386,4448.755095729755,95.86023021355386,900000.0,0.0,1,0.0,0.0,0.0,77000.0,0.0,1,1,1,0,1,0,0.0,0,1,900000.0,4500.0,0,0,0.0,0,0.0,1.0,1,1,0,0.0,0.0,1,600000.0,400000.0,0,0.35
13.600000000000001,15.87439805784348,15.87439805784348,15.87439805784348,15.87439805784348,26478.990329783504,97.56770588683229,95.43324594044995,25000.0,50.0,1,0.0,0.0,0.0,0,0,1,0.0,0.0,1,0.0,0.0,0.0,1,4442.277996253909,939.1169027567628,0.0,246.79322201410602,1800.0,117.38961284459535,0.0,0.0,0.0,0,282.3784113337111,4448.761933047086,540.3162521200578,96.71402629971345,4448.761933047086,96.71402629971345,900000.0,0.0,1,0.0,0.0,0.0,77000.0,0.0,1,1,1,0,1,0,0.0,0,1,900000.0,4500.0,0,0,0.0,0,0.0,1.0,1,1,0,0.0,0.0,1,600000.0,400000.0,0,0.35
13.700000000000001,16.01205024183695,16.01205024183695,16.01205024183695,16.01205024183695,26479.031025496257,98.42126795862958,96.28709951329229,25000.0,50.0,1,0.0,0.0,0.0,0,0,1,0.0,0.0,1,0.0,0.0,0.0,1,4481.85081868625,942.3781635768785,0.0,248.99171214923612,1800.0,117.79727044710981,0.0,0.0,0.0,0,283.8819597249815,4448.768831424366,542.1993966071446,97.56770588683229,4448.768831424366,97.56770588683229,900000.0,0.0,1,0.0,0.0,0.0,77000.0,0.0,1,1,1,0,1,0,0.0,0,1,900000.0,4500.0,0,0,0.0,0,0.0,1.0,1,1,0,0.0,0.0,1,600000.0,400000.0,0,0.35
13.8,16.14968314418772,16.14968314418772,16.14968314418772,16.14968314418772,26479.072084637824,99.27471149938908,97.14083709565229,25000.0,50.0,1,0.0,0.0,0.0,0,0,1,0.0,0.0,1,0.0,0.0,0.0,1,4521.418426072074,945.638979403437,0.0,251.18991255955967,1800.0,118.20487242542963,0.0,0.0,0.0,0,285.3749045720331,4448.775790828442,544.082286419536,98.42126795862958,4448.775790828442,98.42126795862958,900000.0,0.0,1,0.0,0.0,0.0,77000.0,0.0,1,1,1,0,1,0,0.0,0,1,900000.0,4500.0,0,0,0.0,0,0.0,1.0,1,1,0,0.0,0.0,1,600000.0,400000.0,0,0.35
13.9,16.287296601255008,16.287296601255008,16.287296601255008,16.287296601255008,26479.113507010887,100.12803549396386,97.99445767097049,25000.0,50.0,1,0.0,0.0,0.0,0,0,1,0.0,0.0,1,0.0,0.0,0.0,1,4560.980772885317,948.8993463545321,0.0,253.38782071585092,1800.0,118.61241829431651,0.0,0.0,0.0,0,286.85735601164475,4448.782811225869,545.9649193147774,99.27471149938908,4448.782811225869,99.27471149938908,900000.0,0.0,1,0.0,0.0,0.0,77000.0,0.0,1,1,1,0,1,0,0.0,0,1,900000.0,4500.0,0,0,0.0,0,0.0,1.0,1,1,0,0.0,0.0,1,600000.0,400000.0,0,0.35
14.0,16.424890449491393,16.424890449491393,16.424890449491393,16.424890449491393,26479.155292416373,100.98123892778105,98.84796022324956,25000.0,50.0,1,0.0,0.0,0.0,0,0,1,0.0,0.0,1,0.0,0.0,0.0,1,4600.537813623847,952.1592605504136,0.0,255.58543409021374,1800.0,119.0199075688017,0.0,0.0,0.0,0,288.32942266227167,4448.7898925829195,547.8472930516491,100.12803549396386,4448.7898925829195,100.12803549396386,900000.0,0.0,1,0.0,0.0,0.0,77000.0,0.0,1,1,1,0,1,0,0.0,0,1,900000.0,4500.0,0,0,0.0,0,0.0,1.0,1,1,0,0.0,0.0,1,600000.0,400000.0,0,0.35
14.100000000000001,16.562464525443584,16.562464525443584,16.562464525443584,16.562464525443584,26479.197440653537,101.83432078684665,99.70134373705909,25000.0,50.0,1,0.0,0.0,0.0,0,0,1,0.0,0.0,1,0.0,0.0,0.0,1,4640.08950280969,955.4187181135056,0.0,257.7827501560939,1800.0,119.4273397641882,0.0,0.0,0.0,0,289.791211650118,4448.79703486558,549.7294053901763,100.98123892778105,4448.79703486558,100.98123892778105,900000.0,0.0,1,0.0,0.0,0.0,77000.0,0.0,1,1,1,0,1,0,0.0,0,1,900000.0,4500.0,0,0,0.0,0,0.0,1.0,1,1,0,0.0,0.0,1,600000.0,400000.0,0,0.35
14.200000000000001,16.700018665753184,16.700018665753184,16.700018665753184,16.700018665753184,26479.239951519932,102.68728005775023,100.55460719754039,25000.0,50.0,1,0.0,0.0,0.0,0,0,1,0.0,0.0,1,0.0,0.0,0.0,1,4679.635794989219,958.6777151684252,0.0,259.97976638829,1800.0,119.83471439605314,0.0,0.0,0.0,0,291.2428286346751,4448.804238039549,551.6112540916397,101.83432078684665,4448.804238039549,101.83432078684665,900000.0,0.0,1,0.0,0.0,0.0,77000.0,0.0,1,1,1,0,1,0,0.0,0,1,900000.0,4500.0,0,0,0.0,0,0.0,1.0,1,1,0,0.0,0.0,1,600000.0,400000.0,0,0.35
14.3,16.837552707157467,16.837552707157467,16.837552707157467,16.837552707157467,26479.282824811395,103.54011572766974,101.40774959041123,25000.0,50.0,1,0.0,0.0,0.0,0,0,1,0.0,0.0,1,0.0,0.0,0.0,1,4719.1766447333575,961.9362478420007,0.0,262.17648026296433,1800.0,120.24203098025009,0.0,0.0,0.0,0,292.684377833736,4448.811502070237,553.4928369185857,102.68728005775023,4448.811502070237,102.68728005775023,900000.0,0.0,1,0.0,0.0,0.0,77000.0,0.0,1,1,1,0,1,0,0.0,0,1,900000.0,4500.0,0,0,0.0,0,0.0,1.0,1,1,0,0.0,0.0,1,600000.0,400000.0,0,0.35
14.4,16.975066486490125,16.975066486490125,16.975066486490125,16.975066486490125,26479.32606032205,104.3928267843763,102.26076990197056,25000.0,50.0,1,0.0,0.0,0.0,0,0,1,0.0,0.0,1,0.0,0.0,0.0,1,4758.71200663778,965.1943122632894,0.0,264.3728892576545,1800.0,120.64928903291117,0.0,0.0,0.0,0,294.11596204790067,4448.818826922772,555.3741516348377,103.54011572766974,4448.818826922772,103.54011572766974,900000.0,0.0,1,0.0,0.0,0.0,77000.0,0.0,1,1,1,0,1,0,0.0,0,1,900000.0,4500.0,0,0,0.0,0,0.0,1.0,1,1,0,0.0,0.0,1,600000.0,400000.0,0,0.35
14.5,17.112559840682042,17.112559840682042,17.112559840682042,17.112559840682042,26479.369657844338,105.24541221623878,103.11366711910335,25000.0,50.0,1,0.0,0.0,0.0,0,0,1,0.0,0.0,1,0.0,0.0,0.0,1,4798.241835323123,968.4519045635961,0.0,266.56899085128464,1800.0,121.05648807044952,0.0,0.0,0.0,0,295.53768268458316,4448.826212561995,557.2551960055058,104.3928267843763,4448.826212561995,104.3928267843763,900000.0,0.0,1,0.0,0.0,0.0,77000.0,0.0,1,1,1,0,1,0,0.0,0,1,900000.0,4500.0,0,0,0.0,0,0.0,1.0,1,1,0,0.0,0.0,1,600000.0,400000.0,0,0.35
14.600000000000001,17.250032606762062,17.250032606762062,17.250032606762062,17.250032606762062,26479.413617168993,106.09787101222867,103.96644022928531,25000.0,50.0,1,0.0,0.0,0.0,0,0,1,0.0,0.0,1,0.0,0.0,0.0,1,4837.76608543518,971.7090208764911,0.0,268.7647825241766,1800.0,121.46362760956139,0.0,0.0,0.0,0,296.94963978153095,4448.833658952462,559.135967796998,105.24541221623878,4448.833658952462,105.24541221623878,900000.0,0.0,1,0.0,0.0,0.0,77000.0,0.0,1,1,1,0,1,0,0.0,0,1,900000.0,4500.0,0,0,0.0,0,0.0,1.0,1,1,0,0.0,0.0,1,600000.0,400000.0,0,0.35
14.700000000000001,17.387484621857737,17.387484621857737,17.387484621857737,17.387484621857737,26479.457938085056,106.95020216192479,104.81908822058762,25000.0,50.0,1,0.0,0.0,0.0,0,0,1,0.0,0.0,1,0.0,0.0,0.0,1,4877.284711645101,974.9656573378285,0.0,270.96026175806116,1800.0,121.87070716722856,0.0,0.0,0.0,0,298.35193202987125,4448.841166058446,561.0164647770298,106.09787101222867,4448.841166058446,106.09787101222867,900000.0,0.0,1,0.0,0.0,0.0,77000.0,0.0,1,1,1,0,1,0,0.0,0,1,900000.0,4500.0,0,0,0.0,0,0.0,1.0,1,1,0,0.0,0.0,1,600000.0,400000.0,0,0.35
14.8,17.5249157231961,17.5249157231961,17.5249157231961,17.5249157231961,26479.50262037987,107.80240465551798,105.67161008168165,25000.0,50.0,1,0.0,0.0,0.0,0,0,1,0.0,0.0,1,0.0,0.0,0.0,1,4916.797668649604,978.2218100857634,0.0,273.1554260360891,1800.0,122.27772626072043,0.0,0.0,0.0,0,299.74465679669225,4448.848733843934,562.8966847146357,106.95020216192479,4448.848733843934,106.95020216192479,900000.0,0.0,1,0.0,0.0,0.0,77000.0,0.0,1,1,1,0,1,0,0.0,0,1,900000.0,4500.0,0,0,0.0,0,0.0,1.0,1,1,0,0.0,0.0,1,600000.0,400000.0,0,0.35
14.9,17.662325748104408,17.662325748104408,17.662325748104408,17.662325748104408,26479.547663839094,108.65447748381581,106.52400480184374,25000.0,50.0,1,0.0,0.0,0.0,0,0,1,0.0,0.0,1,0.0,0.0,0.0,1,4956.304911171165,981.4774752607714,0.0,275.3502728428425,1800.0,122.68468440759642,0.0,0.0,0.0,0,301.12791014717214,4448.856362272627,564.7766253801785,107.80240465551798,4448.856362272627,107.80240465551798,900000.0,0.0,1,0.0,0.0,0.0,76529.13129163174,0.0,1,1,1,0,1,0,0.0,0,1,900000.0,4500.0,0,0,0.0,0,0.0,1.0,1,1,0,0.0,0.0,1,600000.0,400000.0,0,0.35
15.0,17.799714534010928,17.799714534010928,17.799714534010928,17.799714534010928,26479.593068246675,109.50641963824734,107.3762713709599,25000.0,50.0,1,0.0,0.0,0.0,0,0,1,0.0,0.0,1,0.0,0.0,0.0,1,4995.806393958223,984.7326490056657,0.0,277.5447996643457,1800.0,123.09158112570822,0.0,0.0,0.0,0,302.50178686626555,4448.864051307948,566.6562845453607,108.65447748381581,4448.864051307948,108.65447748381581,900000.0,0.0,1,0.0,0.0,0.0,75916.75263038138,0.0,1,1,1,0,1,0,0.0,0,1,900000.0,4500.0,0,0,0.0,0,0.0,1.0,1,1,0,0.0,0.0,1,600000.0,400000.0,0,0.35
15.100000000000001,17.937081918445667,17.937081918445667,17.937081918445667,17.937081918445667,26479.638833384906,110.35823011086775,108.22840877953051,25000.0,50.0,1,0.0,0.0,0.0,0,0,1,0.0,0.0,1,0.0,0.0,0.0,1,5035.302071785386,987.9873274656152,0.0,279.739003988077,1800.0,123.4984159332019,0.0,0.0,0.0,0,303.8663804799576,4448.871800913033,568.5356599832344,109.50641963824734,4448.871800913033,109.50641963824734,900000.0,0.0,1,0.0,0.0,0.0,75314.18644442018,0.0,1,1,1,0,1,0,0.0,0,1,900000.0,4500.0,0,0,0.0,0,0.0,1.0,1,1,0,0.0,0.0,1,600000.0,400000.0,0,0.35
15.200000000000001,18.074427739041145,18.074427739041145,18.074427739041145,18.074427739041145,26479.684959034374,111.20990789436314,109.08041601867507,25000.0,50.0,1,0.0,0.0,0.0,0,0,1,0.0,0.0,1,0.0,0.0,0.0,1,5074.791899453623,991.2415067881625,0.0,281.93288330297906,1800.0,123.90518834852031,0.0,0.0,0.0,0,305.22178327609674,4448.879611050737,570.4147494682119,110.35823011086775,4448.879611050737,110.35823011086775,900000.0,0.0,1,0.0,0.0,0.0,74721.19947926866,0.0,1,1,1,0,1,0,0.0,0,1,900000.0,4500.0,0,0,0.0,0,0.0,1.0,1,1,0,0.0,0.0,1,600000.0,400000.0,0,0.35
15.3,18.211751833533143,18.211751833533143,18.211751833533143,18.211751833533143,26479.73144497399,112.0614519820551,109.93229208013686,25000.0,50.0,1,0.0,0.0,0.0,0,0,1,0.0,0.0,1,0.0,0.0,0.0,1,5114.27583179047,994.495183123242,0.0,284.1264350994706,1800.0,124.31189789040525,0.0,0.0,0.0,0,306.5680863248144,4448.887481683631,572.2935507760759,111.20990789436314,4448.887481683631,111.20990789436314,900000.0,0.0,1,0.0,0.0,0.0,74137.56581524777,0.0,1,1,1,0,1,0,0.0,0,1,900000.0,4500.0,0,0,0.0,0,0.0,1.0,1,1,0,0.0,0.0,1,600000.0,400000.0,0,0.35
15.4,18.34905403976146,18.34905403976146,18.34905403976146,18.34905403976146,26479.778290980976,112.91286136790549,110.78403595628771,25000.0,50.0,1,0.0,0.0,0.0,0,0,1,0.0,0.0,1,0.0,0.0,0.0,1,5153.753823650228,997.7483526231981,0.0,286.3196568694571,1800.0,124.71854407789976,0.0,0.0,0.0,0,307.90537949854223,4448.895412774005,574.1720616839899,112.0614519820551,4448.895412774005,112.0614519820551,900000.0,0.0,1,0.0,0.0,0.0,73563.0665814192,0.0,1,1,1,0,1,0,0.0,0,1,900000.0,4500.0,0,0,0.0,0,0.0,1.0,1,1,0,0.0,0.0,1,600000.0,400000.0,0,0.35
15.5,18.48633419567067,18.48633419567067,18.48633419567067,18.48633419567067,26479.82549683088,113.76413504652105,111.63564664013263,25000.0,50.0,1,0.0,0.0,0.0,0,0,1,0.0,0.0,1,0.0,0.0,0.0,1,5193.225829914161,1001.0010114428028,0.0,288.51254610634226,1800.0,125.12512643035035,0.0,0.0,0.0,0,309.2337514916358,4448.9034042838675,576.0502799705091,112.91286136790549,4448.9034042838675,112.91286136790549,900000.0,0.0,1,0.0,0.0,0.0,72997.4896828097,0.0,1,1,1,0,1,0,0.0,0,1,900000.0,4500.0,0,0,0.0,0,0.0,1.0,1,1,0,0.0,0.0,1,600000.0,400000.0,0,0.35
15.600000000000001,18.623592139310865,18.623592139310865,18.623592139310865,18.623592139310865,26479.873062297578,114.61527201315815,112.48712312531454,25000.0,50.0,1,0.0,0.0,0.0,0,0,1,0.0,0.0,1,0.0,0.0,0.0,1,5232.691805490699,1004.253155739273,0.0,290.70510030503885,1800.0,125.53164446740912,0.0,0.0,0.0,0,310.5532898396137,4448.911456174945,577.9282034155899,113.76413504652105,4448.911456174945,113.76413504652105,900000.0,0.0,1,0.0,0.0,0.0,72440.62954020545,0.0,1,1,1,0,1,0,0.0,0,1,900000.0,4500.0,0,0,0.0,0,0.0,1.0,1,1,0,0.0,0.0,1,600000.0,400000.0,0,0.35
15.700000000000001,18.760827708838423,18.760827708838423,18.760827708838423,18.760827708838423,26479.92098715327,115.46627126372736,113.33846440611887,25000.0,50.0,1,0.0,0.0,0.0,0,0,1,0.0,0.0,1,0.0,0.0,0.0,1,5272.151705315636,1007.5047816722895,0.0,292.89731696197975,1800.0,125.93809770903619,0.0,0.0,0.0,0,311.8640809380206,4448.919568408683,579.8058298006005,114.61527201315815,4448.919568408683,114.61527201315815,900000.0,0.0,1,0.0,0.0,0.0,71892.28684184572,0.0,1,1,1,0,1,0,0.0,0,1,900000.0,4500.0,0,0,0.0,0,0.0,1.0,1,1,0,0.0,0.0,1,600000.0,400000.0,0,0.35
15.8,18.898040742516738,18.898040742516738,18.898040742516738,18.898040742516738,26479.96927116848,116.31713179479823,114.18966947747839,25000.0,50.0,1,0.0,0.0,0.0,0,0,1,0.0,0.0,1,0.0,0.0,0.0,1,5311.605484352326,1010.7558854040141,0.0,295.08919357512923,1800.0,126.34448567550176,0.0,0.0,0.0,0,313.1662100609236,4448.927740946247,581.6831569083315,115.46627126372736,4448.927740946247,115.46627126372736,900000.0,0.0,1,0.0,0.0,0.0,71352.26830638561,0.0,1,1,1,0,1,0,0.0,0,1,900000.0,4500.0,0,0,0.0,0,0.0,1.0,1,1,0,0.0,0.0,1,600000.0,400000.0,0,0.35
15.9,19.035231078716983,19.035231078716983,19.035231078716983,19.035231078716983,26480.01791411206,117.16785260360378,115.0407373349777,25000.0,50.0,1,0.0,0.0,0.0,0,0,1,0.0,0.0,1,0.0,0.0,0.0,1,5351.053097591886,1014.0064630991085,0.0,297.2807276439937,1800.0,126.75080788738856,0.0,0.0,0.0,0,314.4597613790486,4448.935973748521,583.5601825230061,116.31713179479823,4448.935973748521,116.31713179479823,900000.0,0.0,1,0.0,0.0,0.0,70820.38645653597,0.0,1,1,1,0,1,0,0.0,0,1,900000.0,4500.0,0,0,0.0,0,0.0,1.0,1,1,0,0.0,0.0,1,600000.0,400000.0,0,0.35
16.0,19.17239855591885,19.17239855591885,19.17239855591885,19.17239855591885,26480.0669157512,118.0184326880453,115.89166697485805,25000.0,50.0,1,0.0,0.0,0.0,0,0,1,0.0,0.0,1,0.0,0.0,0.0,1,5390.4945000533935,1017.2565109247497,0.0,299.47191666963295,1800.0,127.15706386559371,0.0,0.0,0.0,0,315.7448179775667,4448.944266776115,585.4369044302906,117.16785260360378,4448.944266776115,117.16785260360378,900000.0,0.0,1,0.0,0.0,0.0,70296.4594028234,0.0,1,1,1,0,1,0,0.0,0,1,900000.0,4500.0,0,0,0.0,0,0.0,1.0,1,1,0,0.0,0.0,1,600000.0,400000.0,0,0.35
16.1,19.309543012711302,19.309543012711302,19.309543012711302,19.309543012711302,26480.116275851437,118.86887104669687,116.74245739402187,25000.0,50.0,1,0.0,0.0,0.0,0,0,1,0.0,0.0,1,0.0,0.0,0.0,1,5429.929646784082,1020.5060250506506,0.0,301.6627581546712,1800.0,127.56325313133132,0.0,0.0,0.0,0,317.0214618735377,4448.952619989352,587.3133204173038,118.0184326880453,4448.952619989352,118.0184326880453,900000.0,0.0,1,0.0,0.0,0.0,69780.31063694633,0.0,1,1,1,0,1,0,0.0,0,1,900000.0,4500.0,0,0,0.0,0,0.0,1.0,1,1,0,0.0,0.0,1,600000.0,400000.0,0,0.35
16.2,19.446664287793322,19.446664287793322,19.446664287793322,19.446664287793322,26480.16599417662,119.71916667881007,117.59310759003749,25000.0,50.0,1,0.0,0.0,0.0,0,0,1,0.0,0.0,1,0.0,0.0,0.0,1,5469.358492859543,1023.755001649076,0.0,303.8532496033079,1800.0,127.9693752061345,0.0,0.0,0.0,0,318.28977403301747,4448.96103334828,589.1894282726281,118.86887104669687,4448.96103334828,118.86887104669687,900000.0,0.0,1,0.0,0.0,0.0,69271.76883423432,0.0,1,1,1,0,1,0,0.0,0,1,900000.0,4500.0,0,0,0.0,0,0.0,1.0,1,1,0,0.0,0.0,1,600000.0,400000.0,0,0.35
16.3,19.58376221997465,19.58376221997465,19.58376221997465,19.58376221997465,26480.21607048896,120.5693185843186,118.44361656114374,25000.0,50.0,1,0.0,0.0,0.0,0,0,1,0.0,0.0,1,0.0,0.0,0.0,1,5508.780993383915,1027.0034368948604,0.0,306.04338852132867,1800.0,128.37542961185756,0.0,0.0,0.0,0,319.5498343878384,4448.969506812668,591.0652257863198,119.71916667881007,4448.969506812668,119.71916667881007,900000.0,0.0,1,0.0,0.0,0.0,68770.6676647455,0.0,1,1,1,0,1,0,0.0,0,1,900000.0,4500.0,0,0,0.0,0,0.0,1.0,1,1,0,0.0,0.0,1,600000.0,400000.0,0,0.35
16.400000000000002,19.720836648176526,19.720836648176526,19.720836648176526,19.720836648176526,26480.266504549003,121.41932576384282,119.29398330625463,25000.0,50.0,1,0.0,0.0,0.0,0,0,1,0.0,0.0,1,0.0,0.0,0.0,1,5548.197103490096,1030.2513269654269,0.0,308.2331724161165,1800.0,128.78141587067836,0.0,0.0,0.0,0,320.8017218520691,4448.978040342008,592.9407107499186,120.5693185843186,4448.978040342008,120.5693185843186,900000.0,0.0,1,0.0,0.0,0.0,68276.84561256561,0.0,1,1,1,0,1,0,0.0,0,1,900000.0,4500.0,0,0,0.0,0,0.0,1.0,1,1,0,0.0,0.0,1,600000.0,400000.0,0,0.35
16.5,19.857887411432447,19.857887411432447,19.857887411432447,19.857887411432447,26480.317296115634,122.26918721869447,120.14420682496394,25000.0,50.0,1,0.0,0.0,0.0,0,0,1,0.0,0.0,1,0.0,0.0,0.0,1,5587.606778339927,1033.498668040803,0.0,310.42259879666256,1800.0,129.18733350510038,0.0,0.0,0.0,0,322.04551433815993,4448.986633895513,594.8158809564584,121.41932576384282,4448.986633895513,121.41932576384282,900000.0,0.0,1,0.0,0.0,0.0,67790.14580289506,0.0,1,1,1,0,1,0,0.0,0,1,900000.0,4500.0,0,0,0.0,0,0.0,1.0,1,1,0,0.0,0.0,1,600000.0,400000.0,0,0.35
16.6,19.994914348888887,19.994914348888887,19.994914348888887,19.994914348888887,26480.36844494609,123.11890195088118,120.99428611754986,25000.0,50.0,1,0.0,0.0,0.0,0,0,1,0.0,0.0,1,0.0,0.0,0.0,1,5627.009973124394,1036.7454563036401,0.0,312.6116651735774,1800.0,129.59318203795502,0.0,0.0,0.0,0,323.28128877278385,4448.995287432119,596.6907342004773,122.26918721869447,4448.995287432119,122.26918721869447,900000.0,0.0,1,0.0,0.0,0.0,67310.41583653617,0.0,1,1,1,0,1,0,0.0,0,1,900000.0,4500.0,0,0,0.0,0,0.0,1.0,1,1,0,0.0,0.0,1,600000.0,400000.0,0,0.35
16.7,20.13191729980606,20.13191729980606,20.13191729980606,20.13191729980606,26480.41995079597,123.9684689631111,121.8442201849796,25000.0,50.0,1,0.0,0.0,0.0,0,0,1,0.0,0.0,1,0.0,0.0,0.0,1,5666.406643063824,1039.99168793923,0.0,314.80036905910134,1800.0,129.99896099240374,0.0,0.0,0.0,0,324.509121112376,4449.004000910483,598.565268278028,123.11890195088118,4449.004000910483,123.11890195088118,900000.0,0.0,1,0.0,0.0,0.0,66837.5076314132,0.0,1,1,1,0,1,0,0.0,0,1,900000.0,4500.0,0,0,0.0,0,0.0,1.0,1,1,0,0.0,0.0,1,600000.0,400000.0,0,0.35
16.8,20.26889610355863,20.26889610355863,20.26889610355863,20.26889610355863,26480.471813419197,124.81788725879757,122.69400802891398,25000.0,50.0,1,0.0,0.0,0.0,0,0,1,0.0,0.0,1,0.0,0.0,0.0,1,5705.796743408082,1043.2373591355226,0.0,316.98870796711566,1800.0,130.40466989194033,0.0,0.0,0.0,0,325.7290863583809,4449.012774288991,600.4394809866877,123.9684689631111,4449.012774288991,123.9684689631111,900000.0,0.0,1,0.0,0.0,0.0,66371.27727077901,0.0,1,1,1,0,1,0,0.0,0,1,900000.0,4500.0,0,0,0.0,0,0.0,1.0,1,1,0,0.0,0.0,1,600000.0,400000.0,0,0.35
16.900000000000002,20.405850599636487,20.405850599636487,20.405850599636487,20.405850599636487,26480.52403256807,125.66715584206352,123.54364865171206,25000.0,50.0,1,0.0,0.0,0.0,0,0,1,0.0,0.0,1,0.0,0.0,0.0,1,5745.180229436767,1046.4824660831434,0.0,319.1766794131537,1800.0,130.81030826039293,0.0,0.0,0.0,0,326.94125857221326,4449.02160752575,602.3133701255683,124.81788725879757,4449.02160752575,124.81788725879757,900000.0,0.0,1,0.0,0.0,0.0,65911.58485778185,0.0,1,1,1,0,1,0,0.0,0,1,900000.0,4500.0,0,0,0.0,0,0.0,1.0,1,1,0,0.0,0.0,1,600000.0,400000.0,0,0.35
17.0,20.542780627645445,20.542780627645445,20.542780627645445,20.542780627645445,26480.576607993265,126.51627371774623,124.39314105643574,25000.0,50.0,1,0.0,0.0,0.0,0,0,1,0.0,0.0,1,0.0,0.0,0.0,1,5784.557056459411,1049.727004975412,0.0,321.3642809144117,1800.0,131.2158756219265,0.0,0.0,0.0,0,328.1457108899375,4449.0305005785885,604.1869334953263,125.66715584206352,4449.0305005785885,125.66715584206352,900000.0,0.0,1,0.0,0.0,0.0,65458.29437608294,0.0,1,1,1,0,1,0,0.0,0,1,900000.0,4500.0,0,0,0.0,0,0.0,1.0,1,1,0,0.0,0.0,1,600000.0,400000.0,0,0.35
17.1,20.679686027308005,20.679686027308005,20.679686027308005,20.679686027308005,26480.62953944376,127.36523989140177,125.24248424685426,25000.0,50.0,1,0.0,0.0,0.0,0,0,1,0.0,0.0,1,0.0,0.0,0.0,1,5823.92717981566,1052.9709720083583,0.0,323.55150998975887,1800.0,131.6213715010448,0.0,0.0,0.0,0,329.3425155366741,4449.039453405065,606.0601688981737,126.51627371774623,4449.039453405065,126.51627371774623,900000.0,0.0,1,0.0,0.0,0.0,65011.27355623388,0.0,1,1,1,0,1,0,0.0,0,1,900000.0,4500.0,0,0,0.0,0,0.0,1.0,1,1,0,0.0,0.0,1,600000.0,400000.0,0,0.35
17.2,20.816566638464078,20.816566638464078,20.816566638464078,20.816566638464078,26480.682826666944,128.21405336930962,126.09167722744891,25000.0,50.0,1,0.0,0.0,0.0,0,0,1,0.0,0.0,1,0.0,0.0,0.0,1,5863.2905548754925,1056.2143633807407,0.0,325.7383641597496,1800.0,132.02679542259258,0.0,0.0,0.0,0,330.5317438407369,4449.04846596246,607.9330741378876,127.36523989140177,4449.04846596246,127.36523989140177,900000.0,0.0,1,0.0,0.0,0.0,64570.393747537404,0.0,1,1,1,0,1,0,0.0,0,1,900000.0,4500.0,0,0,0.0,0,0.0,1.0,1,1,0,0.0,0.0,1,600000.0,400000.0,0,0.35
17.3,20.953422301071722,20.953422301071722,20.953422301071722,20.953422301071722,26480.736469408563,129.0627131584773,126.94071900341748,25000.0,50.0,1,0.0,0.0,0.0,0,0,1,0.0,0.0,1,0.0,0.0,0.0,1,5902.647137039394,1059.4571752940626,0.0,327.92484094663297,1800.0,132.43214691175783,0.0,0.0,0.0,0,331.7134662475081,4449.05753820778,609.8056470198198,128.21405336930962,4449.05753820778,128.21405336930962,900000.0,0.0,1,0.0,0.0,0.0,64135.52979513131,0.0,1,1,1,0,1,0,0.0,0,1,900000.0,4500.0,0,0,0.0,0,0.0,1.0,1,1,0,0.0,0.0,1,600000.0,400000.0,0,0.35
17.400000000000002,21.090252855207872,21.090252855207872,21.090252855207872,21.090252855207872,26480.79046741271,129.91121826664468,127.78960858067892,25000.0,50.0,1,0.0,0.0,0.0,0,0,1,0.0,0.0,1,0.0,0.0,0.0,1,5941.996881738559,1062.6994039525923,0.0,330.11093787436437,1800.0,132.83742549407404,0.0,0.0,0.0,0,332.88775233305694,4449.066670097756,611.6778853509076,129.0627131584773,4449.066670097756,129.0627131584773,900000.0,0.0,1,0.0,0.0,0.0,63706.55992204845,0.0,1,1,1,0,1,0,0.0,0,1,900000.0,4500.0,0,0,0.0,0,0.0,1.0,1,1,0,0.0,0.0,1,600000.0,400000.0,0,0.35
17.5,21.22705814106907,21.22705814106907,21.22705814106907,21.22705814106907,26480.844820421844,130.75956770228882,128.63834496587785,25000.0,50.0,1,0.0,0.0,0.0,0,0,1,0.0,0.0,1,0.0,0.0,0.0,1,5981.3397444350885,1065.941045563377,0.0,332.29665246861606,1800.0,133.24263069542212,0.0,0.0,0.0,0,334.0546708175062,4449.0758615888535,613.549786939684,129.91121826664468,4449.0758615888535,129.91121826664468,900000.0,0.0,1,0.0,0.0,0.0,63283.36561601954,0.0,1,1,1,0,1,0,0.0,0,1,900000.0,4500.0,0,0,0.0,0,0.0,1.0,1,1,0,0.0,0.0,1,600000.0,400000.0,0,0.35
17.6,21.363837998972194,21.363837998972194,21.363837998972194,21.363837998972194,26480.899528176855,131.60776047462824,129.48692716638908,25000.0,50.0,1,0.0,0.0,0.0,0,0,1,0.0,0.0,1,0.0,0.0,0.0,1,6020.675680622186,1069.1820963362625,0.0,334.4819822567881,1800.0,133.6477620420328,0.0,0.0,0.0,0,335.2142895781534,4449.0851126372545,615.4213495962869,130.75956770228882,4449.0851126372545,130.75956770228882,900000.0,0.0,1,0.0,0.0,0.0,62865.83152079769,0.0,1,1,1,0,1,0,0.0,0,1,900000.0,4500.0,0,0,0.0,0,0.0,1.0,1,1,0,0.0,0.0,1,600000.0,400000.0,0,0.35
17.7,21.50059226935519,21.50059226935519,21.50059226935519,21.50059226935519,26480.95459041694,132.4557955936276,130.33535419032225,25000.0,50.0,1,0.0,0.0,0.0,0,0,1,0.0,0.0,1,0.0,0.0,0.0,1,6060.004645824337,1072.4225524839098,0.0,336.6669247680187,1800.0,134.05281906048873,0.0,0.0,0.0,0,336.36667566235116,4449.094423198874,617.2925711324696,131.60776047462824,4449.094423198874,131.60776047462824,900000.0,0.0,1,0.0,0.0,0.0,62453.845331795485,0.0,1,1,1,0,1,0,0.0,0,1,900000.0,4500.0,0,0,0.0,0,0.0,1.0,1,1,0,0.0,0.0,1,600000.0,400000.0,0,0.35
17.8,21.637320792777807,21.637320792777807,21.637320792777807,21.637320792777807,26481.0100068797,133.3036720700022,131.18362504652623,25000.0,50.0,1,0.0,0.0,0.0,0,0,1,0.0,0.0,1,0.0,0.0,0.0,1,6099.326595597518,1075.6624102218132,0.0,338.8514775331954,1800.0,134.45780127772665,0.0,0.0,0.0,0,337.5118953001525,4449.103793229355,619.1634493616109,132.4557955936276,4449.103793229355,132.4557955936276,900000.0,0.0,1,0.0,0.0,0.0,62047.29769583584,0.0,1,1,1,0,1,0,0.0,0,1,900000.0,4500.0,0,0,0.0,0,0.0,1.0,1,1,0,0.0,0.0,1,600000.0,400000.0,0,0.35
17.900000000000002,21.774023409922297,21.774023409922297,21.774023409922297,21.774023409922297,26481.06577730112,134.1513889152224,132.0317387445938,25000.0,50.0,1,0.0,0.0,0.0,0,0,1,0.0,0.0,1,0.0,0.0,0.0,1,6138.641485529382,1078.9016657683158,0.0,341.0356380849657,1800.0,134.86270822103947,0.0,0.0,0.0,0,338.6500139167242,4449.113222684067,621.0339820987256,133.3036720700022,4449.113222684067,133.3036720700022,900000.0,0.0,1,0.0,0.0,0.0,61646.082114829274,0.0,1,1,1,0,1,0,0.0,0,1,900000.0,4500.0,0,0,0.0,0,0.0,1.0,1,1,0,0.0,0.0,1,600000.0,400000.0,0,0.35
18.0,21.910699961594165,21.910699961594165,21.910699961594165,21.910699961594165,26481.12190141557,134.99894514151825,132.87969429486606,25000.0,50.0,1,0.0,0.0,0.0,0,0,1,0.0,0.0,1,0.0,0.0,0.0,1,6177.949271239453,1082.1403153446283,0.0,343.2194039577474,1800.0,135.26753941807854,0.0,0.0,0.0,0,339.78109614453734,4449.122711518112,622.9041671604728,134.1513889152224,4449.122711518112,134.1513889152224,900000.0,0.0,1,0.0,0.0,0.0,61250.094853198774,0.0,1,1,1,0,1,0,0.0,0,1,900000.0,4500.0,0,0,0.0,0,0.0,1.0,1,1,0,0.0,0.0,1,600000.0,400000.0,0,0.35
18.1,22.04735028872289,22.04735028872289,22.04735028872289,22.04735028872289,26481.178378955803,135.84633976188383,133.72749070843696,25000.0,50.0,1,0.0,0.0,0.0,0,0,1,0.0,0.0,1,0.0,0.0,0.0,1,6217.249908379325,1085.3783551748459,0.0,345.40277268774025,1800.0,135.67229439685573,0.0,0.0,0.0,0,340.9052058353333,4449.132259686316,624.7740023651677,134.99894514151825,4449.132259686316,134.99894514151825,900000.0,0.0,1,0.0,0.0,0.0,60859.234848883745,0.0,1,1,1,0,1,0,0.0,0,1,900000.0,4500.0,0,0,0.0,0,0.0,1.0,1,1,0,0.0,0.0,1,600000.0,400000.0,0,0.35
18.2,22.183974232362626,22.183974232362626,22.183974232362626,22.183974232362626,26481.23520965295,136.6935717900819,134.5751269971578,25000.0,50.0,1,0.0,0.0,0.0,0,0,1,0.0,0.0,1,0.0,0.0,0.0,1,6256.543352632834,1088.6157814859648,0.0,347.5857418129353,1800.0,136.0769726857456,0.0,0.0,0.0,0,342.0224060718768,4449.141867143237,626.6434855327906,135.84633976188383,4449.141867143237,135.84633976188383,900000.0,0.0,1,0.0,0.0,0.0,60473.40362776222,0.0,1,1,1,0,1,0,0.0,0,1,900000.0,4500.0,0,0,0.0,0,0.0,1.0,1,1,0,0.0,0.0,1,600000.0,400000.0,0,0.35
18.3,22.320571633692957,22.320571633692957,22.320571633692957,22.320571633692957,26481.292393236545,137.5406402406483,135.42260217364182,25000.0,50.0,1,0.0,0.0,0.0,0,0,1,0.0,0.0,1,0.0,0.0,0.0,1,6295.829559716274,1091.8525905079007,0.0,349.76830887312633,1800.0,136.48157381348759,0.0,0.0,0.0,0,343.1327591794962,4449.151533843164,628.5126144849967,136.6935717900819,4449.151533843164,136.6935717900819,900000.0,0.0,1,0.0,0.0,0.0,60092.50522133949,0.0,1,1,1,0,1,0,0.0,0,1,900000.0,4500.0,0,0,0.0,0,0.0,1.0,1,1,0,0.0,0.0,1,600000.0,400000.0,0,0.35
18.400000000000002,22.457142334019583,22.457142334019583,22.457142334019583,22.457142334019583,26481.34992943451,138.38754412889634,136.26991525126854,25000.0,50.0,1,0.0,0.0,0.0,0,0,1,0.0,0.0,1,0.0,0.0,0.0,1,6335.108485378579,1095.0887784735048,0.0,351.950471409921,1800.0,136.8860973091881,0.0,0.0,0.0,0,344.23632673741525,4449.1612597401145,630.3813870451268,137.5406402406483,4449.1612597401145,137.5406402406483,900000.0,0.0,1,0.0,0.0,0.0,59716.44608755825,0.0,1,1,1,0,1,0,0.0,0,1,900000.0,4500.0,0,0,0.0,0,0.0,1.0,1,1,0,0.0,0.0,1,600000.0,400000.0,0,0.35
18.5,22.593686174775062,22.593686174775062,22.593686174775062,22.593686174775062,26481.407817973162,139.2342824709214,137.11706524418838,25000.0,50.0,1,0.0,0.0,0.0,0,0,1,0.0,0.0,1,0.0,0.0,0.0,1,6374.380085401506,1098.3243416185805,0.0,354.13222696675035,1800.0,137.29054270232257,0.0,0.0,0.0,0,345.3331695898845,4449.171044787841,632.2498010382164,138.38754412889634,4449.171044787841,138.38754412889634,900000.0,0.0,1,0.0,0.0,0.0,59345.1350345934,0.0,1,1,1,0,1,0,0.0,0,1,900000.0,4500.0,0,0,0.0,0,0.0,1.0,1,1,0,0.0,0.0,1,600000.0,400000.0,0,0.35
18.6,22.730202997519516,22.730202997519516,22.730202997519516,22.730202997519516,26481.466058577233,140.0808542836054,137.96405116732703,25000.0,50.0,1,0.0,0.0,0.0,0,0,1,0.0,0.0,1,0.0,0.0,0.0,1,6413.644315599846,1101.559276181903,0.0,356.31357308888033,1800.0,137.69490952273787,0.0,0.0,0.0,0,346.4233478571117,4449.1808889398235,634.117854291006,139.2342824709214,4449.1808889398235,139.2342824709214,900000.0,0.0,1,0.0,0.0,0.0,58978.48314750078,0.0,1,1,1,0,1,0,0.0,0,1,900000.0,4500.0,0,0,0.0,0,0.0,1.0,1,1,0,0.0,0.0,1,600000.0,400000.0,0,0.35
18.7,22.866692643941352,22.866692643941352,22.866692643941352,22.866692643941352,26481.52465096983,140.927258584621,138.81087203638995,25000.0,50.0,1,0.0,0.0,0.0,0,0,1,0.0,0.0,1,0.0,0.0,0.0,1,6452.90113182159,1104.7935784052322,0.0,358.49450732342166,1800.0,138.09919730065403,0.0,0.0,0.0,0,347.5069209459988,4449.190792149277,635.985544631951,140.0808542836054,4449.190792149277,140.0808542836054,900000.0,0.0,1,0.0,0.0,0.0,58616.40371759612,0.0,1,1,1,0,1,0,0.0,0,1,900000.0,4500.0,0,0,0.0,0,0.0,1.0,1,1,0,0.0,0.0,1,600000.0,400000.0,0,0.35
18.8,23.003154955857973,23.003154955857973,23.003154955857973,23.003154955857973,26481.583594872493,141.7734943924364,139.65752686786692,25000.0,50.0,1,0.0,0.0,0.0,0,0,1,0.0,0.0,1,0.0,0.0,0.0,1,6492.1504899481415,1108.0272445333344,0.0,360.6750272193412,1800.0,138.5034055666668,0.0,0.0,0.0,0,348.583947560689,4449.200754369144,637.8528698912307,140.927258584621,4449.200754369144,140.927258584621,900000.0,0.0,1,0.0,0.0,0.0,58258.81217444621,0.0,1,1,1,0,1,0,0.0,0,1,900000.0,4500.0,0,0,0.0,0,0.0,1.0,1,1,0,0.0,0.0,1,600000.0,400000.0,0,0.35
18.900000000000002,23.139589775216493,23.139589775216493,23.139589775216493,23.139589775216493,26481.642890005147,142.61956072631943,140.50401467903632,25000.0,50.0,1,0.0,0.0,0.0,0,0,1,0.0,0.0,1,0.0,0.0,0.0,1,6531.392345894493,1111.2602708139952,0.0,362.8551303274718,1800.0,138.9075338517494,0.0,0.0,0.0,0,349.65448571292563,4449.2107755521065,639.7198279007599,141.7734943924364,4449.2107755521065,141.7734943924364,900000.0,0.0,1,0.0,0.0,0.0,57905.62602036035,0.0,1,1,1,0,1,0,0.0,0,1,900000.0,4500.0,0,0,0.0,0,0.0,1.0,1,1,0,0.0,0.0,1,600000.0,400000.0,0,0.35
19.0,23.27599694409445,23.27599694409445,23.27599694409445,23.27599694409445,26481.702536086137,143.46545660634226,141.3503344879697,25000.0,50.0,1,0.0,0.0,0.0,0,0,1,0.0,0.0,1,0.0,0.0,0.0,1,6570.626655609419,1114.49265349804,0.0,365.0348142005233,1800.0,139.311581687255,0.0,0.0,0.0,0,350.7185927322299,4449.220855650576,641.5864164941967,142.61956072631943,4449.220855650576,142.61956072631943,900000.0,0.0,1,0.0,0.0,0.0,57556.7647672756,0.0,1,1,1,0,1,0,0.0,0,1,900000.0,4500.0,0,0,0.0,0,0.0,1.0,1,1,0,0.0,0.0,1,600000.0,400000.0,0,0.35
19.1,23.412376304700523,23.412376304700523,23.412376304700523,23.412376304700523,26481.762532832225,144.3111810533856,142.1964853135362,25000.0,50.0,1,0.0,0.0,0.0,0,0,1,0.0,0.0,1,0.0,0.0,0.0,1,6609.853375075669,1117.7243888393468,0.0,367.21407639309274,1800.0,139.71554860491835,0.0,0.0,0.0,0,351.7763252758985,4449.230994616701,643.4526335069537,143.46545660634226,4449.230994616701,143.46545660634226,900000.0,0.0,1,0.0,0.0,0.0,57212.14987593404,0.0,1,1,1,0,1,0,0.0,0,1,900000.0,4500.0,0,0,0.0,0,0.0,1.0,1,1,0,0.0,0.0,1,600000.0,400000.0,0,0.35
19.200000000000003,23.54872769937522,23.54872769937522,23.54872769937522,23.54872769937522,26481.822879958603,145.15673308914324,143.0424661754069,25000.0,50.0,1,0.0,0.0,0.0,0,0,1,0.0,0.0,1,0.0,0.0,0.0,1,6649.072460310159,1120.9554730948678,0.0,369.3929144616755,1800.0,140.11943413685847,0.0,0.0,0.0,0,352.82773933882663,4449.241192402358,645.3184767762069,144.3111810533856,4449.241192402358,144.3111810533856,900000.0,0.0,1,0.0,0.0,0.0,56871.704697256006,0.0,1,1,1,0,1,0,0.0,0,1,900000.0,4500.0,0,0,0.0,0,0.0,1.0,1,1,0,0.0,0.0,1,600000.0,400000.0,0,0.35
19.3,23.685050970591615,23.685050970591615,23.685050970591615,23.685050970591615,26481.883577178836,146.00211173612638,143.88827609405936,25000.0,50.0,1,0.0,0.0,0.0,0,0,1,0.0,0.0,1,0.0,0.0,0.0,1,6688.283867364145,1124.1859025246424,0.0,371.5713259646747,1800.0,140.5232378155803,0.0,0.0,0.0,0,353.8728902631585,4449.251448959165,647.1839441409063,145.15673308914324,4449.251448959165,145.15673308914324,900000.0,0.0,1,0.0,0.0,0.0,56535.354415816895,0.0,1,1,1,0,1,0,0.0,0,1,900000.0,4500.0,0,0,0.0,0,0.0,1.0,1,1,0,0.0,0.0,1,600000.0,400000.0,0,0.35
19.400000000000002,23.821345960956034,23.821345960956034,23.821345960956034,23.821345960956034,26481.94462420495,146.84731601766802,144.73391409078195,25000.0,50.0,1,0.0,0.0,0.0,0,0,1,0.0,0.0,1,0.0,0.0,0.0,1,6727.487552323431,1127.415673391816,0.0,373.74930846241284,1800.0,140.926959173977,0.0,0.0,0.0,0,354.9118327477708,4449.261764238472,649.0490334417847,146.00211173612638,4449.261764238472,146.00211173612638,900000.0,0.0,1,0.0,0.0,0.0,56203.02599534037,0.0,1,1,1,0,1,0,0.0,0,1,900000.0,4500.0,0,0,0.0,0,0.0,1.0,1,1,0,0.0,0.0,1,600000.0,400000.0,0,0.35
19.5,23.957612513208765,23.957612513208765,23.957612513208765,23.957612513208765,26482.006020747387,147.69234495792742,145.57937918767823,25000.0,50.0,1,0.0,0.0,0.0,0,0,1,0.0,0.0,1,0.0,0.0,0.0,1,6766.683471308544,1130.644781962657,0.0,375.92685951714134,1800.0,141.3305977453321,0.0,0.0,0.0,0,355.9446208575901,4449.272138191363,650.9137425213681,146.84731601766802,4449.272138191363,146.84731601766802,900000.0,0.0,1,0.0,0.0,0.0,55874.64812612419,0.0,1,1,1,0,1,0,0.0,0,1,900000.0,4500.0,0,0,0.0,0,0.0,1.0,1,1,0,0.0,0.0,1,600000.0,400000.0,0,0.35
19.6,24.09385047022477,24.09385047022477,24.09385047022477,24.09385047022477,26482.067766514996,148.53719758189436,146.4246704076714,25000.0,50.0,1,0.0,0.0,0.0,0,0,1,0.0,0.0,1,0.0,0.0,0.0,1,6805.871580474924,1133.873224506572,0.0,378.1039766930513,1800.0,141.7341530633215,0.0,0.0,0.0,0,356.9713080327493,4449.282570768666,652.7780692239858,147.69234495792742,4449.282570768666,147.69234495792742,900000.0,0.0,1,0.0,0.0,0.0,55550.15117431966,0.0,1,1,1,0,1,0,0.0,0,1,900000.0,4500.0,0,0,0.0,0,0.0,1.0,1,1,0,0.0,0.0,1,600000.0,400000.0,0,0.35
19.700000000000003,24.230059675014378,24.230059675014378,24.230059675014378,24.230059675014378,26482.1298612151,149.3818729153936,147.26978677450876,25000.0,50.0,1,0.0,0.0,0.0,0,0,1,0.0,0.0,1,0.0,0.0,0.0,1,6845.051836013125,1137.1009972961235,0.0,380.2806575562847,1800.0,142.13762466201544,0.0,0.0,0.0,0,357.991947097586,4449.293061920938,654.6420113957782,148.53719758189436,4449.293061920938,148.53719758189436,900000.0,0.0,1,0.0,0.0,0.0,55229.467132988284,0.0,1,1,1,0,1,0,0.0,0,1,900000.0,4500.0,0,0,0.0,0,0.0,1.0,1,1,0,0.0,0.0,1,600000.0,400000.0,0,0.35
19.8,24.366239970723996,24.366239970723996,24.366239970723996,24.366239970723996,26482.192304553424,150.22636998508915,148.11472731276584,25000.0,50.0,1,0.0,0.0,0.0,0,0,1,0.0,0.0,1,0.0,0.0,0.0,1,6884.224194148981,1140.3280966070474,0.0,382.45689967494343,1800.0,142.54101207588093,0.0,0.0,0.0,0,359.00659026948495,4449.303611598476,656.5055668847089,149.3818729153936,4449.303611598476,149.3818729153936,900000.0,0.0,1,0.0,0.0,0.0,54912.52957486401,0.0,1,1,1,0,1,0,0.0,0,1,900000.0,4500.0,0,0,0.0,0,0.0,1.0,1,1,0,0.0,0.0,1,600000.0,400000.0,0,0.35
19.900000000000002,24.5023912006368,24.5023912006368,24.5023912006368,24.5023912006368,26482.25509623413,151.07068781848878,148.959491047851,25000.0,50.0,1,0.0,0.0,0.0,0,0,1,0.0,0.0,1,0.0,0.0,0.0,1,6923.388611143804,1143.5545187182684,0.0,384.6327006191002,1800.0,142.94431483978354,0.0,0.0,0.0,0,360.0152891675703,4449.314219751315,658.3687335405724,150.22636998508915,4449.314219751315,150.22636998508915,900000.0,0.0,1,0.0,0.0,0.0,54599.27360675177,0.0,1,1,1,0,1,0,0.0,0,1,900000.0,4500.0,0,0,0.0,0,0.0,1.0,1,1,0,0.0,0.0,1,600000.0,400000.0,0,0.35
20.0,24.63851320817344,24.63851320817344,24.63851320817344,24.63851320817344,26482.31823595983,151.91482544394816,149.80407700600978,25000.0,50.0,1,0.0,0.0,0.0,0,0,1,0.0,0.0,1,0.0,0.0,0.0,1,6962.545043294576,1146.7802599119163,0.0,386.8080579608098,1800.0,143.34753248898954,0.0,0.0,0.0,0,361.01809482124673,4449.32488632923,660.2315092150052,151.07068781848878,4449.32488632923,151.07068781848878,900000.0,0.0,1,0.0,0.0,0.0,54289.63582549646,0.0,1,1,1,0,1,0,0.0,0,1,900000.0,4500.0,0,0,0.0,0,0.0,0.0,1,1,0,0.0,0.0,1,600000.0,400000.0,0,0.35
20.1,24.77460583689273,24.77460583689273,24.77460583689273,24.77460583689273,26482.38172343158,152.75878189067532,150.6484842143291,25000.0,50.0,1,0.0,0.0,0.0,0,0,1,0.0,0.0,1,0.0,0.0,0.0,1,7001.693446934128,1150.0053164733447,0.0,388.9829692741182,1800.0,143.7506645591681,0.0,0.0,0.0,0,362.0150576785957,4449.33561128173,662.093891761494,151.91482544394816,4449.33561128173,151.91482544394816,900000.0,0.0,1,0.0,0.0,0.0,53983.55427546008,0.0,1,1,1,0,1,0,0.0,0,1,900000.0,0.0,0,0,0.0,0,0.0,0.0,1,1,0,0.0,0.0,1,600000.0,400000.0,0,0.35
20.200000000000003,24.910668930492356,24.910668930492356,24.910668930492356,24.910668930492356,26482.445558348856,153.60255618873492,151.4927117007418,25000.0,50.0,1,0.0,0.0,0.0,0,0,1,0.0,0.0,1,0.0,0.0,0.0,1,7040.833778431316,580.2718895603227,0.0,391.1574321350731,1800.0,72.53398619504034,0.0,0.0,0.0,0,363.00622761462955,4449.346394558066,663.9558790353864,152.75878189067532,4449.346394558066,152.75878189067532,900000.0,0.0,1,0.0,0.0,0.0,53680.96840744668,0.0,1,1,1,0,1,0,0.0,0,1,900000.0,0.0,0,0,0.0,0,0.0,0.0,1,1,0,0.0,0.0,1,600000.0,400000.0,0,0.35
20.3,25.046702332809563,25.046702332809563,25.046702332809563,25.046702332809563,26482.50974040961,154.44614736905262,152.33675849403082,25000.0,50.0,1,0.0,0.0,0.0,0,0,1,0.0,0.0,1,0.0,0.0,0.0,1,7079.965994191232,583.4955657263444,0.0,393.33144412173516,1800.0,72.93694571579304,0.0,0.0,0.0,0,357.5808120427279,2199.357236107231,335.0201316408251,153.60255618873492,2199.357236107231,153.60255618873492,900000.0,0.0,1,0.0,0.0,0.0,53381.81903901804,0.0,1,1,1,0,1,0,0.0,0,1,900000.0,0.0,0,0,0.0,0,0.0,0.0,1,1,0,0.0,0.0,1,600000.0,400000.0,0,0.35
20.400000000000002,25.182705887821847,25.182705887821847,25.182705887821847,25.182705887821847,13090.574269310238,155.2895544634193,153.18062362383355,25000.0,50.0,1,0.0,0.0,0.0,0,0,1,0.0,0.0,1,0.0,0.0,0.0,1,3519.030139981893,586.7185461357063,0.0,195.5016744434385,1800.0,73.33981826696329,0.0,0.0,0.0,0,174.6643040548101,1074.3681358779556,336.8813219430579,154.44614736905262,1074.3681358779556,154.44614736905262,900000.0,0.0,1,0.0,0.0,0.0,53086.048316145636,0.0,1,1,1,0,1,0,0.0,0,1,900000.0,0.0,0,0,0.0,0,0.0,0.0,1,1,0,0.0,0.0,1,600000.0,400000.0,0,0.35
20.5,25.24427943964765,25.24427943964765,25.24427943964765,25.24427943964765,6394.639144745592,156.13277650449547,154.02430612064626,25000.0,50.0,1,0.0,0.0,0.0,0,0,1,0.0,0.0,1,0.0,0.0,0.0,1,1728.458535858553,589.9408270868173,0.0,96.02547421436407,1800.0,73.74260338585216,0.0,0.0,0.0,0,83.21303055399898,511.879093818712,338.7421105499959,155.2895544634193,511.879093818712,155.2895544634193,900000.0,0.0,1,0.0,0.0,0.0,52793.59967614645,0.0,1,1,1,0,1,0,0.0,0,1,900000.0,0.0,0,0,0.0,0,0.0,0.0,1,1,0,0.0,0.0,1,600000.0,400000.0,0,0.35
20.6,25.268639552032116,25.268639552032116,25.268639552032116,25.268639552032116,3046.704366408974,156.51453252581544,154.86780501582828,25000.0,50.0,1,0.0,0.0,0.0,0,0,1,0.0,0.0,1,0.0,0.0,0.0,1,828.0153793567355,593.1624048813908,0.0,46.000854408707525,1800.0,74.14530061017385,0.0,0.0,0.0,0,37.4914282557883,230.64010987771337,340.60249532452445,156.13277650449547,230.64010987771337,156.13277650449547,900000.0,0.0,1,0.0,0.0,0.0,52504.417811852814,0.0,1,1,1,0,1,0,0.0,0,1,900000.0,0.0,0,0,0.0,0,0.0,0.0,1,1,0,0.0,0.0,1,600000.0,400000.0,0,0.35
20.700000000000003,25.274394557868565,25.274394557868565,25.274394557868565,25.274394557868565,1372.76993399215,156.66556522259913,155.7111193416064,25000.0,50.0,1,0.0,0.0,0.0,0,0,1,0.0,0.0,1,0.0,0.0,0.0,1,375.10917425530516,596.3832758244621,0.0,20.839398569739178,1800.0,74.54790947805776,0.0,0.0,0.0,0,15.711574367541896,96.9453840029147,342.46247413143675,156.51453252581544,96.9453840029147,156.51453252581544,900000.0,0.0,1,0.0,0.0,0.0,52218.44863696882,0.0,1,1,1,0,1,0,0.0,0,1,900000.0,0.0,0,0,0.0,0,0.0,0.0,1,1,0,0.0,0.0,1,600000.0,400000.0,0,0.35
20.8,25.27084863518956,25.27084863518956,25.27084863518956,25.27084863518956,577.0189255853483,156.70124625878512,156.2467281310791,25000.0,50.0,1,0.0,0.0,0.0,0,0,1,0.0,0.0,1,0.0,0.0,0.0,1,158.05584851824855,597.8414764128182,0.0,8.78088047323603,1800.0,74.73018455160228,0.0,0.0,0.0,0,6.531446236385917,40.48086122990201,344.322044837444,156.66556522259913,40.48086122990201,156.66556522259913,900000.0,0.0,1,0.0,0.0,0.0,51935.63925256733,0.0,1,1,1,0,1,0,0.0,0,1,900000.0,0.0,0,0,0.0,0,0.0,0.0,1,1,0,0.0,0.0,1,600000.0,400000.0,0,0.35
20.900000000000002,25.26288267015062,25.26288267015062,25.26288267015062,25.26288267015062,240.94208604037678,156.67926153817527,156.52595285875913,25000.0,50.0,1,0.0,0.0,0.0,0,0,1,0.0,0.0,1,0.0,0.0,0.0,1,66.0620521383354,598.4183788190971,0.0,3.6701140076853003,1800.0,74.80229735238714,0.0,0.0,0.0,0,2.8076149786862628,17.439724620405823,345.1639373396639,156.70124625878512,17.439724620405823,156.70124625878512,900000.0,0.0,1,0.0,0.0,0.0,51757.60554137678,0.0,1,1,1,0,1,0,0.0,0,1,900000.0,0.0,0,0,0.0,0,0.0,0.0,1,1,0,0.0,0.0,1,600000.0,400000.0,0,0.35
21.0,25.253051400669484,25.253051400669484,25.253051400669484,25.253051400669484,103.80124094065546,156.62987255493385,156.64281512544312,25000.0,50.0,1,0.0,0.0,0.0,0,0,1,0.0,0.0,1,0.0,0.0,0.0,1,28.466943566954278,598.5546703379046,0.0,1.5814968648307932,1800.0,74.81933379223807,0.0,0.0,0.0,0,1.3692194426847484,8.5144175765608,345.4970120992252,156.67926153817527,8.5144175765608,156.67926153817527,900000.0,0.0,1,0.0,0.0,0.0,51665.27578360362,0.0,1,1,1,0,1,0,0.0,0,1,900000.0,0.0,0,0,0.0,0,0.0,0.0,1,1,0,0.0,0.0,1,600000.0,400000.0,0,0.35
21.1,25.24246044487451,25.24246044487451,25.24246044487451,25.24246044487451,50.67781341568988,156.56891868415082,156.66711273393122,25000.0,50.0,1,0.0,0.0,0.0,0,0,1,0.0,0.0,1,0.0,0.0,0.0,1,13.896173524200064,598.4706948909233,0.0,0.772009640233337,1800.0,74.8088368613654,0.0,0.0,0.0,0,0.8563107038210691,5.327814346049371,345.5757000442969,156.62987255493385,5.327814346049371,156.62987255493385,900000.0,0.0,1,0.0,0.0,0.0,51626.73126924406,0.0,1,1,1,0,1,0,0.0,0,1,900000.0,0.0,0,0,0.0,0,0.0,0.0,1,1,0,0.0,0.0,1,600000.0,400000.0,0,0.35
21.200000000000003,25.231576735796548,25.231576735796548,25.231576735796548,25.231576735796548,31.71115098768586,156.50325475822197,156.64228594793298,25000.0,50.0,1,0.0,0.0,0.0,0,0,1,0.0,0.0,1,0.0,0.0,0.0,1,8.692655021021471,598.2820428713117,0.0,0.4829252789456373,1800.0,74.78525535891396,0.0,0.0,0.0,0,0.6940047005899711,4.319049983391469,345.5272167973769,156.56891868415082,4.319049983391469,156.56891868415082,900000.0,0.0,1,0.0,0.0,0.0,51618.72444456969,0.0,1,1,1,0,1,0,0.0,0,1,900000.0,0.0,0,0,0.0,0,0.0,0.0,1,1,0,0.0,0.0,1,600000.0,400000.0,0,0.35
21.3,25.220590097903926,25.220590097903926,25.220590097903926,25.220590097903926,25.706985501146026,156.4357757619386,156.59337443874486,25000.0,50.0,1,0.0,0.0,0.0,0,0,1,0.0,0.0,1,0.0,0.0,0.0,1,7.04405193377502,598.0492162352547,0.0,0.39133621854305667,1800.0,74.75615202940683,0.0,0.0,0.0,0,0.6521172891908902,4.058791942374414,345.418298503071,156.50325475822197,4.058791942374414,156.50325475822197,900000.0,0.0,1,0.0,0.0,0.0,51626.905677482195,0.0,1,1,1,0,1,0,0.0,0,1,900000.0,0.0,0,0,0.0,0,0.0,0.0,1,1,0,0.0,0.0,1,600000.0,400000.0,0,0.35
21.400000000000002,25.209572567090547,25.209572567090547,25.209572567090547,25.209572567090547,24.157929641012515,156.36765860700436,156.5332946517296,25000.0,50.0,1,0.0,0.0,0.0,0,0,1,0.0,0.0,1,0.0,0.0,0.0,1,6.6168140559171,597.7983985137893,0.0,0.36760078088428333,1800.0,74.72479981422366,0.0,0.0,0.0,0,0.6469082211126193,4.0265398043704375,345.283875982069,156.4357757619386,4.0265398043704375,156.4357757619386,900000.0,0.0,1,0.0,0.0,0.0,51643.03119927039,0.0,1,1,1,0,1,0,0.0,0,1,900000.0,0.0,0,0,0.0,0,0.0,0.0,1,1,0,0.0,0.0,1,600000.0,400000.0,0,0.35
21.5,25.19854889981515,25.19854889981515,25.19854889981515,25.19854889981515,23.965964915612844,156.2993499159614,156.4682820585356,25000.0,50.0,1,0.0,0.0,0.0,0,0,1,0.0,0.0,1,0.0,0.0,0.0,1,6.561404978468895,597.5406477342681,0.0,0.3645224988038275,1800.0,74.69258096678351,0.0,0.0,0.0,0,0.6502190323241712,4.047212170449402,345.13906630306343,156.36765860700436,4.047212170449402,156.36765860700436,900000.0,0.0,1,0.0,0.0,0.0,51662.85255626781,0.0,1,1,1,0,1,0,0.0,0,1,900000.0,0.0,0,0,0.0,0,0.0,0.0,1,1,0,0.0,0.0,1,600000.0,400000.0,0,0.35
21.6,25.18752663576843,25.18752663576843,25.18752663576843,25.18752663576843,24.08900683851484,156.23100317885394,156.40119975751477,25000.0,50.0,1,0.0,0.0,0.0,0,0,1,0.0,0.0,1,0.0,0.0,0.0,1,6.592219697697346,597.2804593682567,0.0,0.3662344276498526,1800.0,74.66005742103209,0.0,0.0,0.0,0,0.6538753750988837,4.069993774882493,344.990253821123,156.2993499159614,4.069993774882493,156.2993499159614,900000.0,0.0,1,0.0,0.0,0.0,51684.31847876847,0.0,1,1,1,0,1,0,0.0,0,1,900000.0,0.0,0,0,0.0,0,0.0,0.0,1,1,0,0.0,0.0,1,600000.0,400000.0,0,0.35
21.700000000000003,25.176507523592967,25.176507523592967,25.176507523592967,25.176507523592967,24.224602948100596,156.16266514176428,156.33329986314584,25000.0,50.0,1,0.0,0.0,0.0,0,0,1,0.0,0.0,1,0.0,0.0,0.0,1,6.62643105391816,597.0195393882017,0.0,0.36813505855100886,1800.0,74.62744242352521,0.0,0.0,0.0,0,0.6562574417483249,4.084828309697536,344.8400339979664,156.23100317885394,4.084828309697536,156.23100317885394,900000.0,0.0,1,0.0,0.0,0.0,51706.486486530725,0.0,1,1,1,0,1,0,0.0,0,1,900000.0,0.0,0,0,0.0,0,0.0,0.0,1,1,0,0.0,0.0,1,600000.0,400000.0,0,0.35
21.8,25.165491631248965,25.165491631248965,25.165491631248965,25.165491631248965,24.312898099319735,156.0943466462764,156.2651020736179,25000.0,50.0,1,0.0,0.0,0.0,0,0,1,0.0,0.0,1,0.0,0.0,0.0,1,6.647675256639879,596.7584740828853,0.0,0.3693152920355488,1800.0,74.59480926036066,0.0,0.0,0.0,0,0.6575194247496251,4.092685767805374,344.6893917772446,156.16266514176428,4.092685767805374,156.16266514176428,900000.0,0.0,1,0.0,0.0,0.0,51728.944049786274,0.0,1,1,1,0,1,0,0.0,0,1,900000.0,0.0,0,0,0.0,0,0.0,0.0,1,1,0,0.0,0.0,1,600000.0,400000.0,0,0.35
21.900000000000002,25.154478694153774,25.154478694153774,25.154478694153774,25.154478694153774,24.35966568997759,156.0260481137436,156.19681078571548,25000.0,50.0,1,0.0,0.0,0.0,0,0,1,0.0,0.0,1,0.0,0.0,0.0,1,6.657549136335991,596.497442009189,0.0,0.3698638409075551,1800.0,74.56218025114862,0.0,0.0,0.0,0,0.6580824121367377,4.096190872566316,344.53866565294413,156.0943466462764,4.096190872566316,156.0943466462764,900000.0,0.0,1,0.0,0.0,0.0,51751.51978545595,0.0,1,1,1,0,1,0,0.0,0,1,900000.0,0.0,0,0,0.0,0,0.0,0.0,1,1,0,0.0,0.0,1,600000.0,400000.0,0,0.35
22.0,25.143468479859276,25.143468479859276,25.143468479859276,25.143468479859276,24.380528073514714,155.9577679037534,156.12850135942276,25000.0,50.0,1,0.0,0.0,0.0,0,0,1,0.0,0.0,1,0.0,0.0,0.0,1,6.660335812413333,596.2364845789128,0.0,0.37001865624518515,1800.0,74.5295605723641,0.0,0.0,0.0,0,0.6582686863579646,4.0973508565937875,344.38795871492846,156.0260481137436,4.0973508565937875,156.0260481137436,900000.0,0.0,1,0.0,0.0,0.0,51774.146226541896,0.0,1,1,1,0,1,0,0.0,0,1,900000.0,0.0,0,0,0.0,0,0.0,0.0,1,1,0,0.0,0.0,1,600000.0,400000.0,0,0.35
22.1,25.132460842761027,25.132460842761027,25.132460842761027,25.132460842761027,24.387432298446225,155.88950457512752,156.06019919563664,25000.0,50.0,1,0.0,0.0,0.0,0,0,1,0.0,0.0,1,0.0,0.0,0.0,1,6.659306894685321,595.9756034015085,0.0,0.3699614941491845,1800.0,74.49695042518856,0.0,0.0,0.0,0,0.6582695129654645,4.097356566141462,344.2372948723115,155.9577679037534,4.097356566141462,155.9577679037534,900000.0,0.0,1,0.0,0.0,0.0,51796.798478979705,0.0,1,1,1,0,1,0,0.0,0,1,900000.0,0.0,0,0,0.0,0,0.0,0.0,1,1,0,0.0,0.0,1,600000.0,400000.0,0,0.35
22.200000000000003,25.121455703660406,25.121455703660406,25.121455703660406,25.121455703660406,24.387466281673984,155.8212572251184,155.99191166771448,25000.0,50.0,1,0.0,0.0,0.0,0,0,1,0.0,0.0,1,0.0,0.0,0.0,1,6.656401920429273,595.7147922110614,0.0,0.36980010669051516,1800.0,74.46434902638268,0.0,0.0,0.0,0,0.6581850315528511,4.096831362311948,344.0866750543106,155.88950457512752,4.096831362311948,155.88950457512752,900000.0,0.0,1,0.0,0.0,0.0,51819.468150244655,0.0,1,1,1,0,1,0,0.0,0,1,900000.0,0.0,0,0,0.0,0,0.0,0.0,1,1,0,0.0,0.0,1,600000.0,400000.0,0,0.35
22.3,25.110453022754545,25.110453022754545,25.110453022754545,25.110453022754545,24.384340268480717,155.75302536269453,155.9236402726565,25000.0,50.0,1,0.0,0.0,0.0,0,0,1,0.0,0.0,1,0.0,0.0,0.0,1,6.652635535402649,595.4540455026763,0.0,0.369590863077925,1800.0,74.43175568783454,0.0,0.0,0.0,0,0.6580635412746307,4.096075860681056,343.9360956432983,155.8212572251184,4.096075860681056,155.8212572251184,900000.0,0.0,1,0.0,0.0,0.0,51842.15280959904,0.0,1,1,1,0,1,0,0.0,0,1,900000.0,0.0,0,0,0.0,0,0.0,0.0,1,1,0,0.0,0.0,1,600000.0,400000.0,0,0.35
22.400000000000002,25.099452780862666,25.099452780862666,25.099452780862666,25.099452780862666,24.379843522773644,155.68480874107817,155.8553849076311,25000.0,50.0,1,0.0,0.0,0.0,0,0,1,0.0,0.0,1,0.0,0.0,0.0,1,6.648496773966469,595.1933598281113,0.0,0.36936093188702607,1800.0,74.39916997851391,0.0,0.0,0.0,0,0.657926904438332,4.09522611683535,343.78555346102183,155.75302536269453,4.09522611683535,155.75302536269453,900000.0,0.0,1,0.0,0.0,0.0,51864.85197240034,0.0,1,1,1,0,1,0,0.0,0,1,900000.0,0.0,0,0,0.0,0,0.0,0.0,1,1,0,0.0,0.0,1,600000.0,400000.0,0,0.35
22.5,25.088454968749353,25.088454968749353,25.088454968749353,25.088454968749353,24.374785847404002,155.61660724134853,155.78714521100673,25000.0,50.0,1,0.0,0.0,0.0,0,0,1,0.0,0.0,1,0.0,0.0,0.0,1,6.644206846264847,594.9327333117643,0.0,0.36912260257026924,1800.0,74.36659166397054,0.0,0.0,0.0,0,0.6577844721659196,4.094340319020908,343.6350465166379,155.68480874107817,4.094340319020908,155.68480874107817,900000.0,0.0,1,0.0,0.0,0.0,51887.565684893896,0.0,1,1,1,0,1,0,0.0,0,1,900000.0,0.0,0,0,0.0,0,0.0,0.0,1,1,0,0.0,0.0,1,600000.0,400000.0,0,0.35
22.6,25.077459581680866,25.077459581680866,25.077459581680866,25.077459581680866,24.369513578812445,155.54842080624599,155.71892089772103,25000.0,50.0,1,0.0,0.0,0.0,0,0,1,0.0,0.0,1,0.0,0.0,0.0,1,6.639860307163073,594.6721650110137,0.0,0.3688811281757263,1800.0,74.33402062637671,0.0,0.0,0.0,0,0.6576400234705201,4.093441979700412,343.484573727267,155.61660724134853,4.093441979700412,155.61660724134853,900000.0,0.0,1,0.0,0.0,0.0,51910.294079692576,0.0,1,1,1,0,1,0,0.0,0,1,900000.0,0.0,0,0,0.0,0,0.0,0.0,1,1,0,0.0,0.0,1,600000.0,400000.0,0,0.35
22.700000000000003,25.066466616849322,25.066466616849322,25.066466616849322,25.066466616849322,24.36416666317685,155.48024940642136,155.6507117934727,25000.0,50.0,1,0.0,0.0,0.0,0,0,1,0.0,0.0,1,0.0,0.0,0.0,1,6.635495341877991,594.4116544716156,0.0,0.3686386301043329,1800.0,74.30145680895195,0.0,0.0,0.0,0,0.6574949911615804,4.092540012332995,343.33413454868634,155.54842080624599,4.092540012332995,155.54842080624599,900000.0,0.0,1,0.0,0.0,0.0,51933.037264307706,0.0,1,1,1,0,1,0,0.0,0,1,900000.0,0.0,0,0,0.0,0,0.0,0.0,1,1,0,0.0,0.0,1,600000.0,400000.0,0,0.35
22.8,25.055476072225655,25.055476072225655,25.055476072225655,25.055476072225655,24.358798153405985,155.4120930244658,155.58251780198822,25000.0,50.0,1,0.0,0.0,0.0,0,0,1,0.0,0.0,1,0.0,0.0,0.0,1,6.631126416716373,594.1512014748545,0.0,0.36839591203979843,1800.0,74.26890018435681,0.0,0.0,0.0,0,0.6573498757671501,4.091637530074013,343.1837287186381,155.48024940642136,4.091637530074013,155.48024940642136,900000.0,0.0,1,0.0,0.0,0.0,51955.79530962517,0.0,1,1,1,0,1,0,0.0,0,1,900000.0,0.0,0,0,0.0,0,0.0,0.0,1,1,0,0.0,0.0,1,600000.0,400000.0,0,0.35
22.900000000000002,25.044487946076703,25.044487946076703,25.044487946076703,25.044487946076703,24.353426579000523,155.34395164779906,155.5143388716103,25000.0,50.0,1,0.0,0.0,0.0,0,0,1,0.0,0.0,1,0.0,0.0,0.0,1,6.626758579756056,593.8908059086244,0.0,0.368153254430892,1800.0,74.23635073857805,0.0,0.0,0.0,0,0.657204831495783,4.09073549173973,343.0333561108468,155.4120930244658,4.09073549173973,155.4120930244658,900000.0,0.0,1,0.0,0.0,0.0,51978.56826068015,0.0,1,1,1,0,1,0,0.0,0,1,900000.0,0.0,0,0,0.0,0,0.0,0.0,1,1,0,0.0,0.0,1,600000.0,400000.0,0,0.35
23.0,25.033502236773337,25.033502236773337,25.033502236773337,25.033502236773337,24.348057646834874,155.27582526567556,155.44617497351396,25000.0,50.0,1,0.0,0.0,0.0,0,0,1,0.0,0.0,1,0.0,0.0,0.0,1,6.622393383132696,593.6304677064288,0.0,0.367910743507372,1800.0,74.2038084633036,0.0,0.0,0.0,0,0.6570598950276297,4.0898341252040185,342.8830166605881,155.34395164779906,4.0898341252040185,155.34395164779906,900000.0,0.0,1,0.0,0.0,0.0,52001.356147715545,0.0,1,1,1,0,1,0,0.0,0,1,900000.0,0.0,0,0,0.0,0,0.0,0.0,1,1,0,0.0,0.0,1,600000.0,400000.0,0,0.35
23.1,25.022518942719206,25.022518942719206,25.022518942719206,25.022518942719206,24.34269271321432,155.2077138679947,155.37802608970404,25000.0,50.0,1,0.0,0.0,0.0,0,0,1,0.0,0.0,1,0.0,0.0,0.0,1,6.618031193679287,593.3701868202145,0.0,0.3676683996488493,1800.0,74.17127335252681,0.0,0.0,0.0,0,0.656915068638055,4.088933444455604,342.73271032947014,155.27582526567556,4.088933444455604,155.27582526567556,900000.0,0.0,1,0.0,0.0,0.0,52024.15899340749,0.0,1,1,1,0,1,0,0.0,0,1,900000.0,0.0,0,0,0.0,0,0.0,0.0,1,1,0,0.0,0.0,1,600000.0,400000.0,0,0.35
23.200000000000003,25.01153806232655,25.01153806232655,25.01153806232655,25.01153806232655,24.337331861399754,155.13961744485908,155.30989220701838,25000.0,50.0,1,0.0,0.0,0.0,0,0,1,0.0,0.0,1,0.0,0.0,0.0,1,6.613672031711096,593.1099632089363,0.0,0.3674262239839498,1800.0,74.13874540111703,0.0,0.0,0.0,0,0.6567703474853395,4.088033419293217,342.58243708974936,155.2077138679947,4.088033419293217,155.2077138679947,900000.0,0.0,1,0.0,0.0,0.0,52046.976816852504,0.0,1,1,1,0,1,0,0.0,0,1,900000.0,0.0,0,0,0.0,0,0.0,0.0,1,1,0,0.0,0.0,1,600000.0,400000.0,0,0.35
23.3,25.000559594009143,25.000559594009143,25.000559594009143,25.000559594009143,24.33197491163323,155.0715359864246,155.24177331433592,25000.0,50.0,1,0.0,0.0,0.0,0,0,1,0.0,0.0,1,0.0,0.0,0.0,1,6.609315846088143,592.8497968340129,0.0,0.3671842136715635,1800.0,74.10622460425161,0.0,0.0,0.0,0,0.6566257271029543,4.087134021893814,342.4321969177284,155.13961744485908,4.087134021893814,155.13961744485908,900000.0,0.0,1,0.0,0.0,0.0,52069.8096355622,0.0,1,1,1,0,1,0,0.0,0,1,900000.0,0.0,0,0,0.0,0,0.0,0.0,1,1,0,0.0,0.0,1,600000.0,400000.0,0,0.35
23.400000000000002,24.989583536180813,24.989583536180813,24.989583536180813,24.989583536180813,24.32662169831198,155.0034694828567,155.17366940135136,25000.0,50.0,1,0.0,0.0,0.0,0,0,1,0.0,0.0,1,0.0,0.0,0.0,1,6.60496258960911,592.589687657639,0.0,0.366942366089395,1800.0,74.07371095720488,0.0,0.0,0.0,0,0.6564812046386458,4.086235234497854,342.2819897911323,155.0715359864246,4.086235234497854,155.0715359864246,900000.0,0.0,1,0.0,0.0,0.0,52092.657466393,0.0,1,1,1,0,1,0,0.0,0,1,900000.0,0.0,0,0,0.0,0,0.0,0.0,1,1,0,0.0,0.0,1,600000.0,400000.0,0,0.35
23.5,24.97860988725553,24.97860988725553,24.97860988725553,24.97860988725553,24.32127211573123,154.93541792432106,155.10558045806687,25000.0,50.0,1,0.0,0.0,0.0,0,0,1,0.0,0.0,1,0.0,0.0,0.0,1,6.600612231410731,592.329635642213,0.0,0.36670067952281843,1800.0,74.04120445527663,0.0,0.0,0.0,0,0.6563367785147752,4.08533704728467,342.13181568813417,155.0034694828567,4.08533704728467,155.0034694828567,900000.0,0.0,1,0.0,0.0,0.0,52115.52032595489,0.0,1,1,1,0,1,0,0.0,0,1,900000.0,0.0,0,0,0.0,0,0.0,0.0,1,1,0,0.0,0.0,1,600000.0,400000.0,0,0.35
23.6,24.967638645647728,24.967638645647728,24.967638645647728,24.967638645647728,24.315926105438358,154.86738130098428,155.0375064745934,25000.0,50.0,1,0.0,0.0,0.0,0,0,1,0.0,0.0,1,0.0,0.0,0.0,1,6.596264753499722,592.0696407501695,0.0,0.36645915297220677,1800.0,74.00870509377118,0.0,0.0,0.0,0,0.6561924479185245,4.084439455195566,341.98167458702466,154.93541792432106,4.084439455195566,154.93541792432106,900000.0,0.0,1,0.0,0.0,0.0,52138.39823078098,0.0,1,1,1,0,1,0,0.0,0,1,900000.0,0.0,0,0,0.0,0,0.0,0.0,1,1,0,0.0,0.0,1,600000.0,400000.0,0,0.35
23.700000000000003,24.95666980977258,24.95666980977258,24.95666980977258,24.95666980977258,24.31058363732401,154.79935960301592,154.9694474410785,25000.0,50.0,1,0.0,0.0,0.0,0,0,1,0.0,0.0,1,0.0,0.0,0.0,1,6.591920145596992,591.8097029439441,0.0,0.3662177858664996,1800.0,73.97621286799301,0.0,0.0,0.0,0,0.6560482124406558,4.08354245568414,341.83156646611536,154.86738130098428,4.08354245568414,154.86738130098428,900000.0,0.0,1,0.0,0.0,0.0,52161.29119739403,0.0,1,1,1,0,1,0,0.0,0,1,900000.0,0.0,0,0,0.0,0,0.0,0.0,1,1,0,0.0,0.0,1,600000.0,400000.0,0,0.35
23.8,24.945703378046147,24.945703378046147,24.945703378046147,24.945703378046147,24.305244696232,154.73135282059002,154.90140334768236,25000.0,50.0,1,0.0,0.0,0.0,0,0,1,0.0,0.0,1,0.0,0.0,0.0,1,6.587578401491599,591.5498221859763,0.0,0.36597657786064436,1800.0,73.94372777324703,0.0,0.0,0.0,0,0.6559040718671763,4.08264604741921,341.6814913037186,154.79935960301592,4.08264604741921,154.79935960301592,900000.0,0.0,1,0.0,0.0,0.0,52184.199242330666,0.0,1,1,1,0,1,0,0.0,0,1,900000.0,0.0,0,0,0.0,0,0.0,0.0,1,1,0,0.0,0.0,1,600000.0,400000.0,0,0.35
23.900000000000002,24.934739348885458,24.934739348885458,24.934739348885458,24.934739348885458,24.29990927423914,154.66336094388612,154.8333741845714,25000.0,50.0,1,0.0,0.0,0.0,0,0,1,0.0,0.0,1,0.0,0.0,0.0,1,6.583239516940396,591.2899984387162,0.0,0.36573552871891085,1800.0,73.91124980483953,0.0,0.0,0.0,0,0.6557600260731626,4.081750229623918,341.5314490781487,154.73135282059002,4.081750229623918,154.73135282059002,900000.0,0.0,1,0.0,0.0,0.0,52207.12238214934,0.0,1,1,1,0,1,0,0.0,0,1,900000.0,0.0,0,0,0.0,0,0.0,0.0,1,1,0,0.0,0.0,1,600000.0,400000.0,0,0.35
24.0,24.92377772070855,24.92377772070855,24.92377772070855,24.92377772070855,24.29457736672156,154.59538396308983,154.76535994191715,25000.0,50.0,1,0.0,0.0,0.0,0,0,1,0.0,0.0,1,0.0,0.0,0.0,1,6.57890348859857,591.0302316646316,0.0,0.3654946382554761,1800.0,73.87877895807895,0.0,0.0,0.0,0,0.655616074971861,4.080855001758911,341.38143976772625,154.66336094388612,4.080855001758911,154.66336094388612,900000.0,0.0,1,0.0,0.0,0.0,52230.06063343265,0.0,1,1,1,0,1,0,0.0,0,1,900000.0,0.0,0,0,0.0,0,0.0,0.0,1,1,0,0.0,0.0,1,600000.0,400000.0,0,0.35
24.1,24.91281849193449,24.91281849193449,24.91281849193449,24.91281849193449,24.28924897046904,154.52742186839302,154.69736060989646,25000.0,50.0,1,0.0,0.0,0.0,0,0,1,0.0,0.0,1,0.0,0.0,0.0,1,6.574570313507308,590.7705218262112,0.0,0.36525390630596155,1800.0,73.8463152282764,0.0,0.0,0.0,0,0.6554722184921775,4.07996036338228,341.23146335078195,154.59538396308983,4.07996036338228,154.59538396308983,900000.0,0.0,1,0.0,0.0,0.0,52253.01401278771,0.0,1,1,1,0,1,0,0.0,0,1,900000.0,0.0,0,0,0.0,0,0.0,0.0,1,1,0,0.0,0.0,1,600000.0,400000.0,0,0.35
24.200000000000003,24.901861660983386,24.901861660983386,24.901861660983386,24.901861660983386,24.28392408285133,154.45947464999384,154.62937617869204,25000.0,50.0,1,0.0,0.0,0.0,0,0,1,0.0,0.0,1,0.0,0.0,0.0,1,6.570239988867407,590.5108688859665,0.0,0.3650133327148559,1800.0,73.81385861074581,0.0,0.0,0.0,0,0.6553284565687256,4.079066314087617,341.08151980565873,154.52742186839302,4.079066314087617,154.52742186839302,900000.0,0.0,1,0.0,0.0,0.0,52275.98253684609,0.0,1,1,1,0,1,0,0.0,0,1,900000.0,0.0,0,0,0.0,0,0.0,0.0,1,1,0,0.0,0.0,1,600000.0,400000.0,0,0.35
24.3,24.89090722627637,24.89090722627637,24.89090722627637,24.89090722627637,24.278602701449497,154.391542298097,154.56140663849268,25000.0,50.0,1,0.0,0.0,0.0,0,0,1,0.0,0.0,1,0.0,0.0,0.0,1,6.565912511939251,590.2512728064335,0.0,0.3647729173299584,1800.0,73.78140910080418,0.0,0.0,0.0,0,0.6551847891385607,4.07817285348371,340.9316091107126,154.45947464999384,4.07817285348371,154.45947464999384,900000.0,0.0,1,0.0,0.0,0.0,52298.966222263756,0.0,1,1,1,0,1,0,0.0,0,1,900000.0,0.0,0,0,0.0,0,0.0,0.0,1,1,0,0.0,0.0,1,600000.0,400000.0,0,0.35
24.400000000000002,24.879955186235613,24.879955186235613,24.879955186235613,24.879955186235613,24.27328482393504,154.32362480291349,154.49345197949344,25000.0,50.0,1,0.0,0.0,0.0,0,0,1,0.0,0.0,1,0.0,0.0,0.0,1,6.56158788001,589.9917335501717,0.0,0.36453266000055556,1800.0,73.74896669377146,0.0,0.0,0.0,0,0.6550412161392062,4.077279981182253,340.7817312443136,154.391542298097,4.077279981182253,154.391542298097,900000.0,0.0,1,0.0,0.0,0.0,52321.96508572093,0.0,1,1,1,0,1,0,0.0,0,1,900000.0,0.0,0,0,0.0,0,0.0,0.0,1,1,0,0.0,0.0,1,600000.0,400000.0,0,0.35
24.5,24.869005539284327,24.869005539284327,24.869005539284327,24.869005539284327,24.267970447996767,154.25572215466082,154.42551219189582,25000.0,50.0,1,0.0,0.0,0.0,0,0,1,0.0,0.0,1,0.0,0.0,0.0,1,6.5572660903737905,589.732251079766,0.0,0.3642925605763217,1800.0,73.71653138497075,0.0,0.0,0.0,0,0.6548977375084186,4.076387696796393,340.6318861848456,154.32362480291349,4.076387696796393,154.32362480291349,900000.0,0.0,1,0.0,0.0,0.0,52344.9791439222,0.0,1,1,1,0,1,0,0.0,0,1,900000.0,0.0,0,0,0.0,0,0.0,0.0,1,1,0,0.0,0.0,1,600000.0,400000.0,0,0.35
24.6,24.85805828384676,24.85805828384676,24.85805828384676,24.85805828384676,24.26265957133213,154.18783434356283,154.3575872659076,25000.0,50.0,1,0.0,0.0,0.0,0,0,1,0.0,0.0,1,0.0,0.0,0.0,1,6.5529471403293655,589.4728253578248,0.0,0.364052618907187,1800.0,73.6841031697281,0.0,0.0,0.0,0,0.6547543531842774,4.075495999941284,340.4820739107069,154.25572215466082,4.075495999941284,154.25572215466082,900000.0,0.0,1,0.0,0.0,0.0,52368.008413596384,0.0,1,1,1,0,1,0,0.0,0,1,900000.0,0.0,0,0,0.0,0,0.0,0.0,1,1,0,0.0,0.0,1,600000.0,400000.0,0,0.35
24.700000000000003,24.847113418348187,24.847113418348187,24.847113418348187,24.847113418348187,24.25735219165052,154.11996135984992,154.28967719174307,25000.0,50.0,1,0.0,0.0,0.0,0,0,1,0.0,0.0,1,0.0,0.0,0.0,1,6.548631027180981,589.2134563469823,0.0,0.3638128348433879,1800.0,73.65168204337279,0.0,0.0,0.0,0,0.6546110631046116,4.074604890230526,340.3322944003094,154.18783434356283,4.074604890230526,154.18783434356283,900000.0,0.0,1,0.0,0.0,0.0,52391.052911496685,0.0,1,1,1,0,1,0,0.0,0,1,900000.0,0.0,0,0,0.0,0,0.0,0.0,1,1,0,0.0,0.0,1,600000.0,400000.0,0,0.35
24.8,24.83617094121492,24.83617094121492,24.83617094121492,24.83617094121492,24.25204830665209,154.05210319375877,154.22178195962292,25000.0,50.0,1,0.0,0.0,0.0,0,0,1,0.0,0.0,1,0.0,0.0,0.0,1,6.544317748232658,588.9541440098959,0.0,0.3635732082351477,1800.0,73.61926800123699,0.0,0.0,0.0,0,0.654467867207399,4.073714367278644,340.18254763208006,154.11996135984992,4.073714367278644,154.11996135984992,900000.0,0.0,1,0.0,0.0,0.0,52414.11265440065,0.0,1,1,1,0,1,0,0.0,0,1,900000.0,0.0,0,0,0.0,0,0.0,0.0,1,1,0,0.0,0.0,1,600000.0,400000.0,0,0.35
24.900000000000002,24.825230850874306,24.825230850874306,24.825230850874306,24.825230850874306,24.246747914042487,153.9842598355325,154.15390155977425,25000.0,50.0,1,0.0,0.0,0.0,0,0,1,0.0,0.0,1,0.0,0.0,0.0,1,6.540007300792188,588.6948883092485,0.0,0.36333373893289933,1800.0,73.58686103865607,0.0,0.0,0.0,0,0.6543247654306924,4.07282443070063,340.03283358445907,154.05210319375877,4.07282443070063,154.05210319375877,900000.0,0.0,1,0.0,0.0,0.0,52437.18765911025,0.0,1,1,1,0,1,0,0.0,0,1,900000.0,0.0,0,0,0.0,0,0.0,0.0,1,1,0,0.0,0.0,1,600000.0,400000.0,0,0.35
25.0,24.81429314575472,24.81429314575472,24.81429314575472,24.81429314575472,24.24145101153015,153.9164312754207,154.0860359824306,25000.0,50.0,1,0.0,0.0,0.0,0,0,1,0.0,0.0,1,0.0,0.0,0.0,1,6.535699682170366,588.4356892077473,0.0,0.3630944267872426,1800.0,73.55446115096841,0.0,0.0,0.0,0,0.6541817577125811,4.071935080111705,339.8831522359013,153.9842598355325,4.071935080111705,153.9842598355325,900000.0,0.0,1,0.0,0.0,0.0,52460.277942451925,0.0,1,1,1,0,1,0,0.0,0,1,900000.0,0.0,0,0,0.0,0,0.0,0.0,1,1,0,0.0,0.0,1,600000.0,400000.0,0,0.35
25.1,24.80335782428557,24.80335782428557,24.80335782428557,24.80335782428557,24.236157596824867,153.84861750367926,154.01818521783187,25000.0,50.0,1,0.0,0.0,0.0,0,0,1,0.0,0.0,1,0.0,0.0,0.0,1,6.531394889680631,588.1765466681233,0.0,0.36285527164892395,1800.0,73.5220683335154,0.0,0.0,0.0,0,0.6540388439911727,4.071046315127207,339.7335035648759,153.9164312754207,4.071046315127207,153.9164312754207,900000.0,0.0,1,0.0,0.0,0.0,52483.38352127659,0.0,1,1,1,0,1,0,0.0,0,1,900000.0,0.0,0,0,0.0,0,0.0,0.0,1,1,0,0.0,0.0,1,600000.0,400000.0,0,0.35
25.200000000000003,24.792424884897287,24.792424884897287,24.792424884897287,24.792424884897287,24.230867667637135,153.78081851057053,153.95034925622443,25000.0,50.0,1,0.0,0.0,0.0,0,0,1,0.0,0.0,1,0.0,0.0,0.0,1,6.527092920638869,587.9174606531329,0.0,0.36261627336882607,1800.0,73.48968258164162,0.0,0.0,0.0,0,0.6538960242045853,4.070158135362534,339.58388754986544,153.84861750367926,4.070158135362534,153.84861750367926,900000.0,0.0,1,0.0,0.0,0.0,52506.50441245974,0.0,1,1,1,0,1,0,0.0,0,1,900000.0,0.0,0,0,0.0,0,0.0,0.0,1,1,0,0.0,0.0,1,600000.0,400000.0,0,0.35
25.3,24.78149432602134,24.78149432602134,24.78149432602134,24.78149432602134,24.2255812216778,153.71303428636318,153.88252808786098,25000.0,50.0,1,0.0,0.0,0.0,0,0,1,0.0,0.0,1,0.0,0.0,0.0,1,6.522793772363322,587.6584311255563,0.0,0.3623774317979623,1800.0,73.45730389069453,0.0,0.0,0.0,0,0.6537532982910762,4.069270540433962,339.4343041693675,153.78081851057053,4.069270540433962,153.78081851057053,900000.0,0.0,1,0.0,0.0,0.0,52529.640632901406,0.0,1,1,1,0,1,0,0.0,0,1,900000.0,0.0,0,0,0.0,0,0.0,0.0,1,1,0,0.0,0.0,1,600000.0,400000.0,0,0.35
25.400000000000002,24.77056614609021,24.77056614609021,24.77056614609021,24.77056614609021,24.220298256662943,153.6452648213323,153.81472170300069,25000.0,50.0,1,0.0,0.0,0.0,0,0,1,0.0,0.0,1,0.0,0.0,0.0,1,6.5184974421759,587.3994580481985,0.0,0.36213874678755,1800.0,73.42493225602482,0.0,0.0,0.0,0,0.6536106661889759,4.068383529958211,339.28475340189306,153.71303428636318,4.068383529958211,153.71303428636318,900000.0,0.0,1,0.0,0.0,0.0,52552.792199526324,0.0,1,1,1,0,1,0,0.0,0,1,900000.0,0.0,0,0,0.0,0,0.0,0.0,1,1,0,0.0,0.0,1,600000.0,400000.0,0,0.35
25.5,24.759640343537423,24.759640343537423,24.759640343537423,24.759640343537423,24.215018770311275,153.5775101057593,153.746930091909,25000.0,50.0,1,0.0,0.0,0.0,0,0,1,0.0,0.0,1,0.0,0.0,0.0,1,6.5142039274014785,587.1405413838886,0.0,0.361900218188971,1800.0,73.39256767298608,0.0,0.0,0.0,0,0.6534681278367163,4.067497103552647,339.13523522596773,153.6452648213323,4.067497103552647,153.6452648213323,900000.0,0.0,1,0.0,0.0,0.0,52575.95912928382,0.0,1,1,1,0,1,0,0.0,0,1,900000.0,0.0,0,0,0.0,0,0.0,0.0,1,1,0,0.0,0.0,1,600000.0,400000.0,0,0.35
25.6,24.74871691679752,24.74871691679752,24.74871691679752,24.74871691679752,24.209742760345353,153.50977012993204,153.67915324485787,25000.0,50.0,1,0.0,0.0,0.0,0,0,1,0.0,0.0,1,0.0,0.0,0.0,1,6.509913225368214,586.88168109548,0.0,0.36166184585378963,1800.0,73.360210136935,0.0,0.0,0.0,0,0.653325683172714,4.066611260834531,338.9857496201307,153.5775101057593,4.066611260834531,153.5775101057593,900000.0,0.0,1,0.0,0.0,0.0,52599.14143914806,0.0,1,1,1,0,1,0,0.0,0,1,900000.0,0.0,0,0,0.0,0,0.0,0.0,1,1,0,0.0,0.0,1,600000.0,400000.0,0,0.35
25.700000000000003,24.737795864306065,24.737795864306065,24.737795864306065,24.737795864306065,24.204470224487128,153.44204488414462,153.6113911521255,25000.0,50.0,1,0.0,0.0,0.0,0,0,1,0.0,0.0,1,0.0,0.0,0.0,1,6.505625333406352,586.6228771458505,0.0,0.3614236296336862,1800.0,73.3278596432313,0.0,0.0,0.0,0,0.653183332135377,4.0657260014210745,338.8362965629355,153.50977012993204,4.0657260014210745,153.50977012993204,900000.0,0.0,1,0.0,0.0,0.0,52622.33914611787,0.0,1,1,1,0,1,0,0.0,0,1,900000.0,0.0,0,0,0.0,0,0.0,0.0,1,1,0,0.0,0.0,1,600000.0,400000.0,0,0.35
25.8,24.72687718449965,24.72687718449965,24.72687718449965,24.72687718449965,24.199201160458234,153.3743343586976,153.54364380399653,25000.0,50.0,1,0.0,0.0,0.0,0,0,1,0.0,0.0,1,0.0,0.0,0.0,1,6.501340248848301,586.3641294979025,0.0,0.36118556938046115,1800.0,73.29551618723781,0.0,0.0,0.0,0,0.6530410746633143,4.064841324930742,338.68687603294956,153.44204488414462,4.064841324930742,153.44204488414462,900000.0,0.0,1,0.0,0.0,0.0,52645.55226721695,0.0,1,1,1,0,1,0,0.0,0,1,900000.0,0.0,0,0,0.0,0,0.0,0.0,1,1,0,0.0,0.0,1,600000.0,400000.0,0,0.35
25.900000000000002,24.715960875815885,24.715960875815885,24.715960875815885,24.715960875815885,24.19393556598778,153.30663854389783,153.47591119076193,25000.0,50.0,1,0.0,0.0,0.0,0,0,1,0.0,0.0,1,0.0,0.0,0.0,1,6.497057969030717,586.1054381145622,0.0,0.36094766494615094,1800.0,73.26317976432027,0.0,0.0,0.0,0,0.6528989106950982,4.063957230981773,338.53748800875456,153.3743343586976,4.063957230981773,153.3743343586976,900000.0,0.0,1,0.0,0.0,0.0,52668.78081949387,0.0,1,1,1,0,1,0,0.0,0,1,900000.0,0.0,0,0,0.0,0,0.0,0.0,1,1,0,0.0,0.0,1,600000.0,400000.0,0,0.35
26.0,24.705046936693407,24.705046936693407,24.705046936693407,24.705046936693407,24.188673438803512,153.2389574300585,153.40819330271904,25000.0,50.0,1,0.0,0.0,0.0,0,0,1,0.0,0.0,1,0.0,0.0,0.0,1,6.492778491292139,585.8468029587802,0.0,0.3607099161828966,1800.0,73.23085036984753,0.0,0.0,0.0,0,0.6527568401693512,4.063073719192716,338.388132468946,153.30663854389783,4.063073719192716,153.30663854389783,900000.0,0.0,1,0.0,0.0,0.0,52692.02482002207,0.0,1,1,1,0,1,0,0.0,0,1,900000.0,0.0,0,0,0.0,0,0.0,0.0,1,1,0,0.0,0.0,1,600000.0,400000.0,0,0.35
26.1,24.69413536557187,24.69413536557187,24.69413536557187,24.69413536557187,24.183414776635047,153.17129100749912,153.34049013017156,25000.0,50.0,1,0.0,0.0,0.0,0,0,1,0.0,0.0,1,0.0,0.0,0.0,1,6.488501812973838,585.5882239935319,0.0,0.360472322942991,1800.0,73.19852799919148,0.0,0.0,0.0,0,0.6526148630248584,4.062190789183134,338.2388093921334,153.2389574300585,4.062190789183134,153.2389574300585,900000.0,0.0,1,0.0,0.0,0.0,52715.284285899965,0.0,1,1,1,0,1,0,0.0,0,1,900000.0,0.0,0,0,0.0,0,0.0,0.0,1,1,0,0.0,0.0,1,600000.0,400000.0,0,0.35
26.200000000000003,24.683226160891948,24.683226160891948,24.683226160891948,24.683226160891948,24.178159577218015,153.1036392665456,153.2728016634295,25000.0,50.0,1,0.0,0.0,0.0,0,0,1,0.0,0.0,1,0.0,0.0,0.0,1,6.484227931420938,585.329701181816,0.0,0.360234885078941,1800.0,73.166212647727,0.0,0.0,0.0,0,0.6524729792003479,4.06130844057224,338.0895187569405,153.17129100749912,4.06130844057224,153.17129100749912,900000.0,0.0,1,0.0,0.0,0.0,52738.559234250984,0.0,1,1,1,0,1,0,0.0,0,1,900000.0,0.0,0,0,0.0,0,0.0,0.0,1,1,0,0.0,0.0,1,600000.0,400000.0,0,0.35
26.3,24.672319321095333,24.672319321095333,24.672319321095333,24.672319321095333,24.172907838285976,153.03600219753008,153.20512789280926,25000.0,50.0,1,0.0,0.0,0.0,0,0,1,0.0,0.0,1,0.0,0.0,0.0,1,6.47995684398024,585.071234486656,0.0,0.35999760244334666,1800.0,73.133904310832,0.0,0.0,0.0,0,0.6523311886345893,4.060426672979499,337.9402605420047,153.1036392665456,4.060426672979499,153.1036392665456,900000.0,0.0,1,0.0,0.0,0.0,52761.84968222355,0.0,1,1,1,0,1,0,0.0,0,1,900000.0,0.0,0,0,0.0,0,0.0,0.0,1,1,0,0.0,0.0,1,600000.0,400000.0,0,0.35
26.400000000000002,24.661414844624737,24.661414844624737,24.661414844624737,24.661414844624737,24.16765955757398,152.96837979079106,153.13746880863349,25000.0,50.0,1,0.0,0.0,0.0,0,0,1,0.0,0.0,1,0.0,0.0,0.0,1,6.475688548001179,584.8128238710993,0.0,0.3597604748889544,1800.0,73.10160298388742,0.0,0.0,0.0,0,0.6521894912665079,4.059545486025355,337.7910347259775,153.03600219753008,4.059545486025355,153.03600219753008,900000.0,0.0,1,0.0,0.0,0.0,52785.155646991196,0.0,1,1,1,0,1,0,0.0,0,1,900000.0,0.0,0,0,0.0,0,0.0,0.0,1,1,0,0.0,0.0,1,600000.0,400000.0,0,0.35
26.5,24.650512729923886,24.650512729923886,24.650512729923886,24.650512729923886,24.162414732822914,152.90077203667337,153.06982440123122,25000.0,50.0,1,0.0,0.0,0.0,0,0,1,0.0,0.0,1,0.0,0.0,0.0,1,6.471423040836974,584.5544692982177,0.0,0.3595235022687208,1800.0,73.06930866227721,0.0,0.0,0.0,0,0.6520478870351085,4.058664879330741,337.6418412875244,152.96837979079106,4.058664879330741,152.96837979079106,900000.0,0.0,1,0.0,0.0,0.0,52808.477145752644,0.0,1,1,1,0,1,0,0.0,0,1,900000.0,0.0,0,0,0.0,0,0.0,0.0,1,1,0,0.0,0.0,1,600000.0,400000.0,0,0.35
26.6,24.639612975437522,24.639612975437522,24.639612975437522,24.639612975437522,24.15717336177657,152.8331789255281,153.0021946609378,25000.0,50.0,1,0.0,0.0,0.0,0,0,1,0.0,0.0,1,0.0,0.0,0.0,1,6.467160319843853,584.2961707311068,0.0,0.35928668443576967,1800.0,73.03702134138835,0.0,0.0,0.0,0,0.651906375879298,4.057784852515983,337.4926802053248,152.90077203667337,4.057784852515983,152.90077203667337,900000.0,0.0,1,0.0,0.0,0.0,52831.81419573173,0.0,1,1,1,0,1,0,0.0,0,1,900000.0,0.0,0,0,0.0,0,0.0,0.0,1,1,0,0.0,0.0,1,600000.0,400000.0,0,0.35
26.700000000000003,24.628715579611402,24.628715579611402,24.628715579611402,24.628715579611402,24.15193544217513,152.76560044771264,152.93457957809485,25000.0,50.0,1,0.0,0.0,0.0,0,0,1,0.0,0.0,1,0.0,0.0,0.0,1,6.462900382379298,584.0379281328867,0.0,0.3590500212432943,1800.0,73.00474101661084,0.0,0.0,0.0,0,0.6517649577381391,4.0569054052023805,337.34355145807206,152.8331789255281,4.0569054052023805,152.8331789255281,900000.0,0.0,1,0.0,0.0,0.0,52855.16681417754,0.0,1,1,1,0,1,0,0.0,0,1,900000.0,0.0,0,0,0.0,0,0.0,0.0,1,1,0,0.0,0.0,1,600000.0,400000.0,0,0.35
26.8,24.617820540892296,24.617820540892296,24.617820540892296,24.617820540892296,24.14670097176457,152.6980365935907,152.86697914305034,25000.0,50.0,1,0.0,0.0,0.0,0,0,1,0.0,0.0,1,0.0,0.0,0.0,1,6.458643225804558,583.7797414667012,0.0,0.3588135125446977,1800.0,72.97246768333765,0.0,0.0,0.0,0,0.6516236325508417,4.056026537012149,337.1944550244735,152.76560044771264,4.056026537012149,152.76560044771264,900000.0,0.0,1,0.0,0.0,0.0,52878.535018364426,0.0,1,1,1,0,1,0,0.0,0,1,900000.0,0.0,0,0,0.0,0,0.0,0.0,1,1,0,0.0,0.0,1,600000.0,400000.0,0,0.35
26.900000000000002,24.60692785772799,24.60692785772799,24.60692785772799,24.60692785772799,24.141469948296308,152.63048735353223,152.79939334615855,25000.0,50.0,1,0.0,0.0,0.0,0,0,1,0.0,0.0,1,0.0,0.0,0.0,1,6.454388847484556,583.5216106957182,0.0,0.35857715819358643,1800.0,72.94020133696478,0.0,0.0,0.0,0,0.6514824002565514,4.0551482475671055,337.0453908832501,152.6980365935907,4.0551482475671055,152.6980365935907,900000.0,0.0,1,0.0,0.0,0.0,52901.9188255921,0.0,1,1,1,0,1,0,0.0,0,1,900000.0,0.0,0,0,0.0,0,0.0,0.0,1,1,0,0.0,0.0,1,600000.0,400000.0,0,0.35
27.0,24.596037528567276,24.596037528567276,24.596037528567276,24.596037528567276,24.13624236951941,152.56295271791353,152.73182217777997,25000.0,50.0,1,0.0,0.0,0.0,0,0,1,0.0,0.0,1,0.0,0.0,0.0,1,6.450137244785804,583.2635357831299,0.0,0.35834095804365573,1800.0,72.90794197289124,0.0,0.0,0.0,0,0.6513412607944513,4.054270536489299,336.89635901313693,152.63048735353223,4.054270536489299,152.63048735353223,900000.0,0.0,1,0.0,0.0,0.0,52925.318253185585,0.0,1,1,1,0,1,0,0.0,0,1,900000.0,0.0,0,0,0.0,0,0.0,0.0,1,1,0,0.0,0.0,1,600000.0,400000.0,0,0.35
27.1,24.585149551859967,24.585149551859967,24.585149551859967,24.585149551859967,24.131018233184307,152.49543267711712,152.66426562828147,25000.0,50.0,1,0.0,0.0,0.0,0,0,1,0.0,0.0,1,0.0,0.0,0.0,1,6.445888415077378,583.0055166921522,0.0,0.3581049119487432,1800.0,72.87568958651903,0.0,0.0,0.0,0,0.6512002141039474,4.053393403402168,336.74735939288297,152.56295271791353,4.053393403402168,152.56295271791353,900000.0,0.0,1,0.0,0.0,0.0,52948.73331849538,0.0,1,1,1,0,1,0,0.0,0,1,900000.0,0.0,0,0,0.0,0,0.0,0.0,1,1,0,0.0,0.0,1,600000.0,400000.0,0,0.35
27.200000000000003,24.574263926056876,24.574263926056876,24.574263926056876,24.574263926056876,24.125797537049706,152.4279272215318,152.59672368803618,25000.0,50.0,1,0.0,0.0,0.0,0,0,1,0.0,0.0,1,0.0,0.0,0.0,1,6.441642355732788,582.7475533860252,0.0,0.35786901976293267,1800.0,72.84344417325315,0.0,0.0,0.0,0,0.6510592601242151,4.05251684792772,336.598392001251,152.49543267711712,4.05251684792772,152.49543267711712,900000.0,0.0,1,0.0,0.0,0.0,52972.16403889738,0.0,1,1,1,0,1,0,0.0,0,1,900000.0,0.0,0,0,0.0,0,0.0,0.0,1,1,0,0.0,0.0,1,600000.0,400000.0,0,0.35
27.3,24.563380649609826,24.563380649609826,24.563380649609826,24.563380649609826,24.120580278865788,152.36043634155263,152.52919634742346,25000.0,50.0,1,0.0,0.0,0.0,0,0,1,0.0,0.0,1,0.0,0.0,0.0,1,6.437399064125463,582.4896458280127,0.0,0.35763328134030353,1800.0,72.81120572850159,0.0,0.0,0.0,0,0.6509183987947255,4.051640869689798,336.44945681701745,152.4279272215318,4.051640869689798,152.4279272215318,900000.0,0.0,1,0.0,0.0,0.0,52995.610431793044,0.0,1,1,1,0,1,0,0.0,0,1,900000.0,0.0,0,0,0.0,0,0.0,0.0,1,1,0,0.0,0.0,1,600000.0,400000.0,0,0.35
27.400000000000002,24.552499720971653,24.552499720971653,24.552499720971653,24.552499720971653,24.11536645639368,152.29296002758093,152.46168359682903,25000.0,50.0,1,0.0,0.0,0.0,0,0,1,0.0,0.0,1,0.0,0.0,0.0,1,6.433158537633963,582.231793981403,0.0,0.35739769653522013,1800.0,72.77897424767538,0.0,0.0,0.0,0,0.65077763005496,4.050765468312317,336.30055381897296,152.36043634155263,4.050765468312317,152.36043634155263,900000.0,0.0,1,0.0,0.0,0.0,53019.07251460934,0.0,1,1,1,0,1,0,0.0,0,1,900000.0,0.0,0,0,0.0,0,0.0,0.0,1,1,0,0.0,0.0,1,600000.0,400000.0,0,0.35
27.5,24.541621138596195,24.541621138596195,24.541621138596195,24.541621138596195,24.11015606739491,152.22549827002425,152.39418542664475,25000.0,50.0,1,0.0,0.0,0.0,0,0,1,0.0,0.0,1,0.0,0.0,0.0,1,6.428920773639151,581.9739978095076,0.0,0.35716226520217503,1800.0,72.74674972618845,0.0,0.0,0.0,0,0.6506369538444057,4.049890643419223,336.1516829859218,152.29296002758093,4.049890643419223,152.29296002758093,900000.0,0.0,1,0.0,0.0,0.0,53042.55030479885,0.0,1,1,1,0,1,0,0.0,0,1,900000.0,0.0,0,0,0.0,0,0.0,0.0,1,1,0,0.0,0.0,1,600000.0,400000.0,0,0.35
27.6,24.530744900938302,24.530744900938302,24.530744900938302,24.530744900938302,24.104949109631217,152.1580510592964,152.32670182726886,25000.0,50.0,1,0.0,0.0,0.0,0,0,1,0.0,0.0,1,0.0,0.0,0.0,1,6.424685769524144,581.7162572756624,0.0,0.3569269871957858,1800.0,72.7145321594578,0.0,0.0,0.0,0,0.6504963701026887,4.049016394635333,336.00284429668193,152.22549827002425,4.049016394635333,152.22549827002425,900000.0,0.0,1,0.0,0.0,0.0,53066.043819839855,0.0,1,1,1,0,1,0,0.0,0,1,900000.0,0.0,0,0,0.0,0,0.0,0.0,1,1,0,0.0,0.0,1,600000.0,400000.0,0,0.35
27.700000000000003,24.519871006453823,24.519871006453823,24.519871006453823,24.519871006453823,24.099745580869502,152.09061838581746,152.2592327891058,25000.0,50.0,1,0.0,0.0,0.0,0,0,1,0.0,0.0,1,0.0,0.0,0.0,1,6.420453522675633,581.4585723432269,0.0,0.35669186237086853,1800.0,72.68232154290337,0.0,0.0,0.0,0,0.650355878769437,4.048142721585472,335.85403773008534,152.1580510592964,4.048142721585472,152.1580510592964,900000.0,0.0,1,0.0,0.0,0.0,53089.55307723625,0.0,1,1,1,0,1,0,0.0,0,1,900000.0,0.0,0,0,0.0,0,0.0,0.0,1,1,0,0.0,0.0,1,600000.0,400000.0,0,0.35
27.8,24.508999453599614,24.508999453599614,24.508999453599614,24.508999453599614,24.09454547887673,152.0232002400137,152.1917783025662,25000.0,50.0,1,0.0,0.0,0.0,0,0,1,0.0,0.0,1,0.0,0.0,0.0,1,6.416224030482514,581.2009429755846,0.0,0.3564568905823619,1800.0,72.65011787194807,0.0,0.0,0.0,0,0.6502154797842786,4.0472696238944685,335.7052632649776,152.09061838581746,4.0472696238944685,152.09061838581746,900000.0,0.0,1,0.0,0.0,0.0,53113.07809451773,0.0,1,1,1,0,1,0,0.0,0,1,900000.0,0.0,0,0,0.0,0,0.0,0.0,1,1,0,0.0,0.0,1,600000.0,400000.0,0,0.35
27.900000000000002,24.498130240833536,24.498130240833536,24.498130240833536,24.498130240833536,24.089348801419877,151.9557966123176,152.12433835806704,25000.0,50.0,1,0.0,0.0,0.0,0,0,1,0.0,0.0,1,0.0,0.0,0.0,1,6.411997290335881,580.9433691361428,0.0,0.35622207168532677,1800.0,72.61792114201785,0.0,0.0,0.0,0,0.6500751730869103,4.046397101187582,335.5565208802181,152.0232002400137,4.046397101187582,152.0232002400137,900000.0,0.0,1,0.0,0.0,0.0,53136.61888923977,0.0,1,1,1,0,1,0,0.0,0,1,900000.0,0.0,0,0,0.0,0,0.0,0.0,1,1,0,0.0,0.0,1,600000.0,400000.0,0,0.35
28.0,24.487263366614446,24.487263366614446,24.487263366614446,24.487263366614446,24.084155546268487,151.88840749316793,152.05691294603147,25000.0,50.0,1,0.0,0.0,0.0,0,0,1,0.0,0.0,1,0.0,0.0,0.0,1,6.407773299629695,580.6858507883326,0.0,0.35598740553498304,1800.0,72.58573134854157,0.0,0.0,0.0,0,0.6499349586172685,4.045525153091561,335.40781055468017,151.9557966123176,4.045525153091561,151.9557966123176,900000.0,0.0,1,0.0,0.0,0.0,53160.17547898368,0.0,1,1,1,0,1,0,0.0,0,1,900000.0,0.0,0,0,0.0,0,0.0,0.0,1,1,0,0.0,0.0,1,600000.0,400000.0,0,0.35
28.1,24.47639882940221,24.47639882940221,24.47639882940221,24.47639882940221,24.078965711200972,151.82103287300956,151.9895020568889,25000.0,50.0,1,0.0,0.0,0.0,0,0,1,0.0,0.0,1,0.0,0.0,0.0,1,6.403552055762463,580.4283878956088,0.0,0.3557528919868035,1800.0,72.5535484869511,0.0,0.0,0.0,0,0.6497948363151353,4.044653779232199,335.25913226725066,151.88840749316793,4.044653779232199,151.88840749316793,900000.0,0.0,1,0.0,0.0,0.0,53183.74788135662,0.0,1,1,1,0,1,0,0.0,0,1,900000.0,0.0,0,0,0.0,0,0.0,0.0,1,1,0,0.0,0.0,1,600000.0,400000.0,0,0.35
28.200000000000003,24.46553662765769,24.46553662765769,24.46553662765769,24.46553662765769,24.07377929399005,151.7536727422937,151.92210568107492,25000.0,50.0,1,0.0,0.0,0.0,0,0,1,0.0,0.0,1,0.0,0.0,0.0,1,6.399333556133354,580.17098042145,0.0,0.3555185308962974,1800.0,72.52137255268126,0.0,0.0,0.0,0,0.6496548061205585,4.043782979236941,335.1104859968303,151.82103287300956,4.043782979236941,151.82103287300956,900000.0,0.0,1,0.0,0.0,0.0,53207.33611399176,0.0,1,1,1,0,1,0,0.0,0,1,900000.0,0.0,0,0,0.0,0,0.0,0.0,1,1,0,0.0,0.0,1,600000.0,400000.0,0,0.35
28.3,24.45467675984275,24.45467675984275,24.45467675984275,24.45467675984275,24.06859629241827,151.6863270914777,151.85472380903136,25000.0,50.0,1,0.0,0.0,0.0,0,0,1,0.0,0.0,1,0.0,0.0,0.0,1,6.395117798146334,579.9136283293585,0.0,0.35528432211924077,1800.0,72.48920354116981,0.0,0.0,0.0,0,0.6495148679733759,4.042912752731924,334.9618717223333,151.7536727422937,4.042912752731924,151.7536727422937,900000.0,0.0,1,0.0,0.0,0.0,53230.9401945482,0.0,1,1,1,0,1,0,0.0,0,1,900000.0,0.0,0,0,0.0,0,0.0,0.0,1,1,0,0.0,0.0,1,600000.0,400000.0,0,0.35
28.400000000000002,24.44381922442025,24.44381922442025,24.44381922442025,24.44381922442025,24.063416704260412,151.61899591102505,151.78735643120626,25000.0,50.0,1,0.0,0.0,0.0,0,0,1,0.0,0.0,1,0.0,0.0,0.0,1,6.390904779205482,579.6563315828607,0.0,0.35505026551141566,1800.0,72.45704144785759,0.0,0.0,0.0,0,0.6493750218134571,4.042043099343489,334.8132894226877,151.6863270914777,4.042043099343489,151.6863270914777,900000.0,0.0,1,0.0,0.0,0.0,53254.56014071107,0.0,1,1,1,0,1,0,0.0,0,1,900000.0,0.0,0,0,0.0,0,0.0,0.0,1,1,0,0.0,0.0,1,600000.0,400000.0,0,0.35
28.5,24.432964019854044,24.432964019854044,24.432964019854044,24.432964019854044,24.058240527292444,151.55167919140555,151.72000353805387,25000.0,50.0,1,0.0,0.0,0.0,0,0,1,0.0,0.0,1,0.0,0.0,0.0,1,6.386694496717361,579.3990901455062,0.0,0.35481636092874225,1800.0,72.42488626818827,0.0,0.0,0.0,0,0.6492352675812348,4.041174018701483,334.66473907683564,151.61899591102505,4.041174018701483,151.61899591102505,900000.0,0.0,1,0.0,0.0,0.0,53278.195970191606,0.0,1,1,1,0,1,0,0.0,0,1,900000.0,0.0,0,0,0.0,0,0.0,0.0,1,1,0,0.0,0.0,1,600000.0,400000.0,0,0.35
28.6,24.422111144608994,24.422111144608994,24.422111144608994,24.422111144608994,24.053067759311226,151.48437692309508,151.65266512003467,25000.0,50.0,1,0.0,0.0,0.0,0,0,1,0.0,0.0,1,0.0,0.0,0.0,1,6.382486948096259,579.141903980868,0.0,0.35458260822757,1800.0,72.3927379976085,0.0,0.0,0.0,0,0.6490956052167399,4.0403055104332495,334.51622066373227,151.55167919140555,4.0403055104332495,151.55167919140555,900000.0,0.0,1,0.0,0.0,0.0,53301.847700727136,0.0,1,1,1,0,1,0,0.0,0,1,900000.0,0.0,0,0,0.0,0,0.0,0.0,1,1,0,0.0,0.0,1,600000.0,400000.0,0,0.35
28.700000000000003,24.411260597150946,24.411260597150946,24.411260597150946,24.411260597150946,24.047898398098702,151.41708909657578,151.58534116761527,25000.0,50.0,1,0.0,0.0,0.0,0,0,1,0.0,0.0,1,0.0,0.0,0.0,1,6.378282130754666,578.8847730525439,0.0,0.3543490072641481,1800.0,72.36059663156799,0.0,0.0,0.0,0,0.648956034660007,4.039437574166154,334.3677341623466,151.48437692309508,4.039437574166154,151.48437692309508,900000.0,0.0,1,0.0,0.0,0.0,53325.51535008119,0.0,1,1,1,0,1,0,0.0,0,1,900000.0,0.0,0,0,0.0,0,0.0,0.0,1,1,0,0.0,0.0,1,600000.0,400000.0,0,0.35
28.8,24.40041237594675,24.40041237594675,24.40041237594675,24.40041237594675,24.04273244143695,151.34981570233586,151.5180316712685,25000.0,50.0,1,0.0,0.0,0.0,0,0,1,0.0,0.0,1,0.0,0.0,0.0,1,6.374080042107278,578.6276973241542,0.0,0.3541155578948488,1800.0,72.32846216551927,0.0,0.0,0.0,0,0.6488165558514134,4.038570209529707,334.21927955166166,151.41708909657578,4.038570209529707,151.41708909657578,900000.0,0.0,1,0.0,0.0,0.0,53349.19893604349,0.0,1,1,1,0,1,0,0.0,0,1,900000.0,0.0,0,0,0.0,0,0.0,0.0,1,1,0,0.0,0.0,1,600000.0,400000.0,0,0.35
28.900000000000002,24.389566479464243,24.389566479464243,24.389566479464243,24.389566479464243,24.037569887120817,151.28255673086986,151.45073662147334,25000.0,50.0,1,0.0,0.0,0.0,0,0,1,0.0,0.0,1,0.0,0.0,0.0,1,6.369880679574338,578.3706767593432,0.0,0.35388225997635214,1800.0,72.2963345949179,0.0,0.0,0.0,0,0.6486771687313047,4.037703416153213,334.0708568106737,151.34981570233586,4.037703416153213,151.34981570233586,900000.0,0.0,1,0.0,0.0,0.0,53372.89847643008,0.0,1,1,1,0,1,0,0.0,0,1,900000.0,0.0,0,0,0.0,0,0.0,0.0,1,1,0,0.0,0.0,1,600000.0,400000.0,0,0.35
29.0,24.378722906172253,24.378722906172253,24.378722906172253,24.378722906172253,24.032410732943923,151.21531217267832,151.38345600871503,25000.0,50.0,1,0.0,0.0,0.0,0,0,1,0.0,0.0,1,0.0,0.0,0.0,1,6.365684040577923,578.1137113217787,0.0,0.3536491133654402,1800.0,72.26421391522234,0.0,0.0,0.0,0,0.648537873239941,4.036837193665445,333.92246591839285,151.28255673086986,4.036837193665445,151.28255673086986,900000.0,0.0,1,0.0,0.0,0.0,53396.61398908328,0.0,1,1,1,0,1,0,0.0,0,1,900000.0,0.0,0,0,0.0,0,0.0,0.0,1,1,0,0.0,0.0,1,600000.0,400000.0,0,0.35
29.1,24.36788165454061,24.36788165454061,24.36788165454061,24.36788165454061,24.027254976696728,151.14808201826798,151.3161898234849,25000.0,50.0,1,0.0,0.0,0.0,0,0,1,0.0,0.0,1,0.0,0.0,0.0,1,6.361490122541439,577.8568009751525,0.0,0.3534161179189689,1800.0,72.23210012189406,0.0,0.0,0.0,0,0.6483986693176758,4.035971541695764,333.77410685384257,151.21531217267832,4.035971541695764,151.21531217267832,900000.0,0.0,1,0.0,0.0,0.0,53420.34549187178,0.0,1,1,1,0,1,0,0.0,0,1,900000.0,0.0,0,0,0.0,0,0.0,0.0,1,1,0,0.0,0.0,1,600000.0,400000.0,0,0.35
29.200000000000003,24.357042723040127,24.357042723040127,24.357042723040127,24.357042723040127,24.022102616173186,151.0808662581518,151.2489380562805,25000.0,50.0,1,0.0,0.0,0.0,0,0,1,0.0,0.0,1,0.0,0.0,0.0,1,6.357298922891363,577.5999456831794,0.0,0.3531832734939646,1800.0,72.19999321039742,0.0,0.0,0.0,0,0.6482595569052524,4.035106459875958,333.62577959606034,151.14808201826798,4.035106459875958,151.14808201826798,900000.0,0.0,1,0.0,0.0,0.0,53444.09300269072,0.0,1,1,1,0,1,0,0.0,0,1,900000.0,0.0,0,0,0.0,0,0.0,0.0,1,1,0,0.0,0.0,1,600000.0,400000.0,0,0.35
29.3,24.346206110142607,24.346206110142607,24.346206110142607,24.346206110142607,24.0169536491817,151.0136648828488,151.1817006976055,25000.0,50.0,1,0.0,0.0,0.0,0,0,1,0.0,0.0,1,0.0,0.0,0.0,1,6.353110439060148,577.3431454095977,0.0,0.352950579947786,1800.0,72.16789317619971,0.0,0.0,0.0,0,0.6481205359431298,4.034241947836042,333.47748412409686,151.0808662581518,4.034241947836042,151.0808662581518,900000.0,0.0,1,0.0,0.0,0.0,53467.856539461674,0.0,1,1,1,0,1,0,0.0,0,1,900000.0,0.0,0,0,0.0,0,0.0,0.0,1,1,0,0.0,0.0,1,600000.0,400000.0,0,0.35
29.400000000000002,24.335371814320848,24.335371814320848,24.335371814320848,24.335371814320848,24.011808073520122,150.94647788288415,151.11447773796968,25000.0,50.0,1,0.0,0.0,0.0,0,0,1,0.0,0.0,1,0.0,0.0,0.0,1,6.348924668479612,577.0864001181695,0.0,0.35271803713775624,1800.0,72.13580001477119,0.0,0.0,0.0,0,0.6479816063717614,4.033378005205999,333.3292204170165,151.0136648828488,4.033378005205999,151.0136648828488,900000.0,0.0,1,0.0,0.0,0.0,53491.63612013274,0.0,1,1,1,0,1,0,0.0,0,1,900000.0,0.0,0,0,0.0,0,0.0,0.0,1,1,0,0.0,0.0,1,600000.0,400000.0,0,0.35
29.5,24.32453983404863,24.32453983404863,24.32453983404863,24.32453983404863,24.006665886986106,150.87930524878925,151.04726916788908,25000.0,50.0,1,0.0,0.0,0.0,0,0,1,0.0,0.0,1,0.0,0.0,0.0,1,6.344741608583665,576.8297097726804,0.0,0.35248564492131473,1800.0,72.10371372158505,0.0,0.0,0.0,0,0.6478427681318709,4.0325146316175005,333.18098845389727,150.94647788288415,4.0325146316175005,150.94647788288415,900000.0,0.0,1,0.0,0.0,0.0,53515.43176267859,0.0,1,1,1,0,1,0,0.0,0,1,900000.0,0.0,0,0,0.0,0,0.0,0.0,1,1,0,0.0,0.0,1,600000.0,400000.0,0,0.35
29.6,24.31371016780072,24.31371016780072,24.31371016780072,24.31371016780072,24.001527087387363,150.8121469711015,150.9800749778858,25000.0,50.0,1,0.0,0.0,0.0,0,0,1,0.0,0.0,1,0.0,0.0,0.0,1,6.340561256811018,576.5730743369392,0.0,0.35225340315616765,1800.0,72.0716342921174,0.0,0.0,0.0,0,0.6477040211640449,4.0316518267013555,333.03278821383077,150.87930524878925,4.0316518267013555,150.87930524878925,900000.0,0.0,1,0.0,0.0,0.0,53539.24348510052,0.0,1,1,1,0,1,0,0.0,0,1,900000.0,0.0,0,0,0.0,0,0.0,0.0,1,1,0,0.0,0.0,1,600000.0,400000.0,0,0.35
29.700000000000003,24.30288281405288,24.30288281405288,24.30288281405288,24.30288281405288,23.996391672526467,150.74500304036448,150.9128951584881,25000.0,50.0,1,0.0,0.0,0.0,0,0,1,0.0,0.0,1,0.0,0.0,0.0,1,6.336383610601174,576.3164937747782,0.0,0.35202131170006523,1800.0,72.03956172184728,0.0,0.0,0.0,0,0.6475653654092102,4.030789590090503,332.88461967592195,150.8121469711015,4.030789590090503,150.8121469711015,900000.0,0.0,1,0.0,0.0,0.0,53563.071305426456,0.0,1,1,1,0,1,0,0.0,0,1,900000.0,0.0,0,0,0.0,0,0.0,0.0,1,1,0,0.0,0.0,1,600000.0,400000.0,0,0.35
29.8,24.292057771281844,24.292057771281844,24.292057771281844,24.292057771281844,23.991259640218676,150.67787344712787,150.84572970023038,25000.0,50.0,1,0.0,0.0,0.0,0,0,1,0.0,0.0,1,0.0,0.0,0.0,1,6.332208667399114,576.0599680500532,0.0,0.3517893704110619,1800.0,72.00749600625664,0.0,0.0,0.0,0,0.6474268008081225,4.029927921416812,332.7364828192895,150.74500304036448,4.029927921416812,150.74500304036448,900000.0,0.0,1,0.0,0.0,0.0,53586.91524171107,0.0,1,1,1,0,1,0,0.0,0,1,900000.0,0.0,0,0,0.0,0,0.0,0.0,1,1,0,0.0,0.0,1,600000.0,400000.0,0,0.35
29.900000000000002,24.28123503796534,24.28123503796534,24.28123503796534,24.28123503796534,23.986130988272865,150.61075818194743,150.77857859365312,25000.0,50.0,1,0.0,0.0,0.0,0,0,1,0.0,0.0,1,0.0,0.0,0.0,1,6.328036424650282,575.8034971266432,0.0,0.3515575791472379,1800.0,71.9754371408304,0.0,0.0,0.0,0,0.6472883273016573,4.029066820312898,332.5883776230654,150.67787344712787,4.029066820312898,150.67787344712787,900000.0,0.0,1,0.0,0.0,0.0,53610.77531203575,0.0,1,1,1,0,1,0,0.0,0,1,900000.0,0.0,0,0,0.0,0,0.0,0.0,1,1,0,0.0,0.0,1,600000.0,400000.0,0,0.35
30.0,24.27041461258208,24.27041461258208,24.27041461258208,24.27041461258208,23.981005714502366,150.54365723538513,150.71144182930294,25000.0,50.0,1,0.0,0.0,0.0,0,0,1,0.0,0.0,1,0.0,0.0,0.0,1,6.3238668798034245,575.5470809684507,0.0,0.35132593776685694,1800.0,71.94338512105634,0.0,0.0,0.0,0,0.6471499448308176,4.028206286412174,332.44030406639536,150.61075818194743,4.028206286412174,150.61075818194743,900000.0,0.0,1,0.0,0.0,0.0,53634.651534508776,0.0,1,1,1,0,1,0,0.0,0,1,900000.0,0.0,0,0,0.0,0,1.0,0.0,1,1,0,0.0,0.0,1,600000.0,400000.0,0,0.35
30.1,24.259596493611753,24.259596493611753,24.259596493611753,24.259596493611753,23.975883816725258,150.4765705980089,150.6443193977326,25000.0,50.0,1,0.0,0.0,0.0,0,0,1,0.0,0.0,1,0.0,0.0,0.0,1,6.319700030310671,575.2907195394014,0.0,0.3510944461283706,1800.0,71.91133994242517,0.0,0.0,0.0,0,0.6470116533365341,4.027346319347601,332.2922621284384,150.54365723538513,4.027346319347601,150.54365723538513,900000.0,0.0,1,0.0,0.0,0.0,53658.54392726523,0.0,1,1,1,0,1,0,0.0,0,1,900000.0,-0.0,0,1,1.0,0,1.0,0.0,1,1,0,0.0,0.0,1,600000.0,400000.0,0,0.35
30.200000000000003,24.248780679535034,24.248780679535034,24.248780679535034,24.248780679535034,23.970765292756923,150.40949826039287,150.57721128950095,25000.0,50.0,1,0.0,0.0,0.0,0,0,1,0.0,0.0,1,0.0,0.0,0.0,1,6.315535873625574,575.0344128034444,0.0,0.3508631040903097,1800.0,71.87930160043055,0.0,0.0,0.0,0,0.6468734527597693,4.02648691875234,332.1442517883669,150.4765705980089,4.02648691875234,150.4765705980089,900000.0,36800.0,1,125000.0,53658.54392726523,0.0,53682.452508467104,0.0,1,1,1,0,1,0,0.0,0,1,900000.0,-0.0,0,1,1.0,0,1.0,0.0,1,1,0,0.0,0.0,1,600000.0,400000.0,0,0.35
30.3,24.03352272438913,24.03352272438913,24.03352272438913,24.03352272438913,23.965650140413928,150.34244021311721,150.51011749517292,25000.0,50.0,1,0.0,0.0,0.0,0,0,1,0.0,0.0,1,0.0,0.0,0.0,1,6.3113744072041245,574.7781607245522,0.0,0.3506319115113402,1800.0,71.84727009056903,0.0,0.0,0.0,0,0.6467353430415694,4.025628084260077,331.99627302536703,150.40949826039287,4.025628084260077,150.40949826039287,900000.0,36800.0,1,218750.0,53682.452508467104,0.0,53706.37729630338,125000.0,1,1,1,0,1,0,0.0,0,1,900000.0,-4146.99768255074,0,1,1.0,0,1.0,0.0,1,1,0,0.0,0.0,1,600000.0,400000.0,0,0.35
30.400000000000002,23.818310932603048,23.818310932603048,23.818310932603048,23.818310932603048,23.96053835751598,149.0078408912126,150.44303800531955,25000.0,50.0,1,0.0,0.0,0.0,0,0,1,0.0,0.0,1,0.0,0.0,0.0,1,6.307215628505259,100.0,0.0,0.35040086825029215,1800.0,5.813727391481587,0.0,0.0,0.0,0,0.6465973241230234,4.0247698155047615,331.8483258186382,150.34244021311721,4.0247698155047615,150.34244021311721,900000.0,36800.0,1,289062.5,53706.37729630338,0.0,53730.318308990034,218750.0,1,1,1,0,1,0,0.0,0,1,900000.0,-4148.845455963519,0,1,1.0,0,1.0,0.0,1,1,0,0.0,0.0,1,600000.0,400000.0,0,0.35
30.5,23.603144882546445,23.603144882546445,23.603144882546445,23.603144882546445,23.95542994188434,147.6735277821389,150.375972810518,25000.0,50.0,1,0.0,0.0,0.0,0,0,1,0.0,0.0,1,0.0,0.0,0.0,1,6.303059534990452,100.0,0.0,0.35016997416613627,1800.0,5.7523013051518,0.0,0.0,0.0,0,1622.8858043807143,-2050.461595829913,57.73502691896258,149.0078408912126,-2050.461595829913,149.0078408912126,900000.0,36800.0,1,341796.875,53730.318308990034,0.0,53754.27556477011,289062.5,1,1,1,0,1,0,0.0,0,1,900000.0,-4150.694481905167,0,1,1.0,0,1.0,0.0,1,1,0,0.0,0.0,1,600000.0,400000.0,0,0.35
30.6,23.38802415294236,23.38802415294236,23.38802415294236,23.38802415294236,-12204.347418379644,146.33949827178796,149.4638848643144,25000.0,50.0,1,0.0,0.0,0.0,0,0,1,0.0,0.0,1,0.0,0.0,0.0,1,0.0,100.0,0.0,-161.25450692428734,1800.0,5.085648905915329,0.0,0.0,290258.11246371723,0,2399.9230571977832,-3059.6198394320418,57.73502691896258,147.6735277821389,-3059.6198394320418,147.6735277821389,900000.0,36800.0,1,381347.65625,53754.27556477011,26531.19003995575,53778.24908191378,341796.875,1,1,1,0,1,0,0.0,0,1,900000.0,-4152.544761783504,0,1,1.0,0,1.0,0.0,1,1,0,0.0,0.0,1,600000.0,400000.0,0,0.35
30.700000000000003,23.105013335401235,23.105013335401235,23.105013335401235,23.105013335401235,-18210.857284299513,145.00574974824264,148.2703134761974,25000.0,50.0,1,0.0,0.0,0.0,0,0,1,0.0,0.0,1,0.0,0.0,0.0,1,0.0,100.0,0.0,-238.4631181072741,1800.0,4.419113206217054,0.0,0.0,429233.6125930934,0,2771.1777199668563,-3565.1320213772347,57.73502691896258,146.33949827178796,-3565.1320213772347,146.33949827178796,900000.0,24595.652581620358,1,369555.75775006914,53778.24908191378,39588.820183259806,54106.42530187539,381347.65625,1,1,1,0,1,0,290258.11246371723,0,1,900000.0,-4154.396297008443,0,1,1.0,0,1.0,0.0,1,1,0,0.0,0.0,1,600000.0,400000.0,0,0.35
30.8,22.856493428851774,22.856493428851774,22.856493428851774,22.856493428851774,-21219.6657912373,143.25108267948767,146.98310333992444,25000.0,50.0,1,0.0,0.0,0.0,0,0,1,0.0,0.0,1,0.0,0.0,0.0,1,0.0,100.0,0.0,-275.3520276205434,1800.0,3.7526929354728433,0.0,0.0,495633.6497169782,0,2941.316825390743,-3818.821721071926,57.73502691896258,145.00574974824264,-3818.821721071926,145.00574974824264,900000.0,18589.14271570049,1,340309.28677620844,54106.42530187539,46129.70824182022,54541.98033402938,369555.75775006914,1,1,1,0,1,0,429233.6125930934,0,1,900000.0,-4156.249088991993,0,1,1.0,0,1.0,0.0,1,1,0,290258.11246371723,278647.78796516854,1,600000.0,400000.0,0,0.3508293088927535
30.900000000000002,22.624678184738283,22.624678184738283,22.624678184738283,22.624678184738283,-22729.626883820103,141.710259258881,145.66486761213656,25000.0,50.0,1,0.0,0.0,0.0,0,0,1,0.0,0.0,1,0.0,0.0,0.0,1,0.0,100.0,0.0,-292.2575285988686,1800.0,3.086386824111279,0.0,0.0,526063.5514779635,0,2998.144104357551,-3940.28277515568,57.73502691896258,143.25108267948767,-3940.28277515568,143.25108267948767,900000.0,15580.3342087627,1,308154.2959543122,54541.98033402938,49412.232356130655,55019.6338080889,340309.28677620844,1,1,1,0,1,0,495633.6497169782,0,1,900000.0,-4181.612170507843,0,1,1.0,0,1.0,0.0,1,1,0,429233.6125930934,412064.2680893697,1,600000.0,400000.0,0,0.3520556906430195
31.0,22.401236729499654,22.401236729499654,22.401236729499654,22.401236729499654,-23452.56307772661,140.27300474537736,144.0556776570373,25000.0,50.0,1,0.0,0.0,0.0,0,0,1,0.0,0.0,1,0.0,0.0,0.0,1,0.0,100.0,0.0,-297.90404718009336,1800.0,1.8449290321634904,0.0,0.0,536227.284924168,0,3009.9676113523633,-3998.8335747334118,57.73502691896258,141.710259258881,-3998.8335747334118,141.710259258881,900000.0,14070.373116179899,1,278909.10890928,55019.6338080889,50983.83277766654,55517.54966250584,308154.2959543122,1,1,1,0,1,0,526063.5514779635,0,1,900000.0,-4215.274017750927,0,1,1.0,0,1.0,0.0,1,1,0,495633.6497169782,475808.30372829904,1,600000.0,400000.0,0,0.35347178678506797
31.1,22.18221234883568,22.18221234883568,22.18221234883568,22.18221234883568,-23801.057436813266,138.88766772289787,142.49206539159977,25000.0,50.0,1,0.0,0.0,0.0,0,0,1,0.0,0.0,1,0.0,0.0,0.0,1,0.0,100.0,0.0,-299.07886415453345,1800.0,0.5734951024654464,0.0,0.0,538341.9554781602,0,3014.248517255513,-4045.551703608973,57.73502691896258,140.27300474537736,-4045.551703608973,140.27300474537736,900000.0,13347.436922273393,1,254519.59296685603,55517.54966250584,51741.429210463626,56137.714620261424,278909.10890928,1,1,1,0,1,0,536227.284924168,0,1,900000.0,-4252.189440813323,0,1,1.0,0,1.0,0.0,1,1,0,526063.5514779635,505021.0094188449,1,600000.0,400000.0,0,0.35497482550357645
31.200000000000003,21.965311599975472,21.965311599975472,21.965311599975472,21.965311599975472,-24079.123739880608,137.52971656278123,141.0126916274515,25000.0,50.0,1,0.0,0.0,0.0,0,0,1,0.0,0.0,1,0.0,0.0,0.0,1,0.0,100.0,0.0,-299.50422702895025,1800.0,-0.700270584121175,0.0,0.0,539107.6086521104,0,3015.84927191267,-4088.073987640203,57.73502691896258,138.88766772289787,-4088.073987640203,138.88766772289787,900000.0,12998.942563186733,1,235043.7115837926,56137.714620261424,52345.92117365349,56753.73221318943,254519.59296685603,1,1,1,0,1,0,538341.9554781602,0,1,900000.0,-4290.670840852265,0,1,1.0,0,1.0,0.0,1,1,0,536227.284924168,514778.1935272013,1,600000.0,400000.0,0,0.3565069034605026
31.3,21.748844676453167,21.748844676453167,21.748844676453167,21.748844676453167,-24332.216374434487,136.18493191984794,139.59600902441574,25000.0,50.0,1,0.0,0.0,0.0,0,0,1,0.0,0.0,1,0.0,0.0,0.0,1,0.0,100.0,0.0,-299.6632825227194,1800.0,-1.974170792378064,0.0,0.0,539393.9085408949,0,3016.246137073764,-4128.982391487822,57.73502691896258,137.52971656278123,-4128.982391487822,137.52971656278123,900000.0,12720.876260119394,1,219492.2818540109,56753.73221318943,52896.122553118454,57349.139488128254,235043.7115837926,1,1,1,0,1,0,539107.6086521104,0,1,900000.0,-4338.600256270204,0,1,1.0,0,1.0,0.0,1,1,0,538341.9554781602,516808.27725903376,1,600000.0,400000.0,0,0.35804502333329735
31.400000000000002,21.532558551840044,21.532558551840044,21.532558551840044,21.532558551840044,-24575.703194135513,134.84283699400964,138.2184807166594,25000.0,50.0,1,0.0,0.0,0.0,0,0,1,0.0,0.0,1,0.0,0.0,0.0,1,0.0,100.0,0.0,-299.7027161635183,1800.0,-3.385365049534862,0.0,0.0,539464.8890943329,0,3015.9066965296133,-4169.285579124295,57.73502691896258,136.18493191984794,-4169.285579124295,136.18493191984794,900000.0,12467.783625565511,1,206969.0199012606,57349.139488128254,53425.44172638155,57931.14415129661,219492.2818540109,1,1,1,0,1,0,539393.9085408949,0,1,900000.0,-4386.20914282042,0,1,1.0,0,1.0,0.0,1,1,0,539107.6086521104,517543.304306026,1,600000.0,400000.0,0,0.35958533078658905
31.5,21.316367398051533,21.316367398051533,21.316367398051533,21.316367398051533,-24815.5877669478,133.50186302140827,136.86278151878508,25000.0,50.0,1,0.0,0.0,0.0,0,0,1,0.0,0.0,1,0.0,0.0,0.0,1,0.0,100.0,0.0,-299.66898839448527,1800.0,-4.785171382442388,0.0,0.0,539404.1791100735,0,3017.9530613924944,-4213.639724165676,57.73502691896258,134.84283699400964,-4213.639724165676,134.84283699400964,900000.0,12224.296805864487,1,196749.51222847425,57931.14415129661,53946.92992814739,58508.50392659839,206969.0199012606,1,1,1,0,1,0,539464.8890943329,0,1,900000.0,-4432.225162052923,0,1,1.0,0,1.0,0.0,1,1,0,539393.9085408949,517818.152199259,1,600000.0,400000.0,0,0.3611264562395631
31.6,21.100237428117914,21.100237428117914,21.100237428117914,21.100237428117914,-25079.583638234104,132.1614778679195,135.51615183560145,25000.0,50.0,1,0.0,0.0,0.0,0,0,1,0.0,0.0,1,0.0,0.0,0.0,1,0.0,100.0,0.0,-299.87232097405456,1800.0,-6.158342199305986,0.0,0.0,539770.1777532982,0,3020.586923928923,-4259.678400016453,57.73502691896258,133.50186302140827,-4259.678400016453,133.50186302140827,900000.0,11984.412233052202,1,188270.0561586254,58508.50392659839,54520.83399616109,59088.062013624614,196749.51222847425,1,1,1,0,1,0,539404.1791100735,0,1,900000.0,-4477.2053611553165,0,1,1.0,0,1.0,0.0,1,1,0,539464.8890943329,517886.2935305596,1,600000.0,400000.0,0,0.36266778449411835
31.700000000000003,20.884014250968445,20.884014250968445,20.884014250968445,20.884014250968445,-25353.605836897932,130.82147205433108,134.17329262613933,25000.0,50.0,1,0.0,0.0,0.0,0,0,1,0.0,0.0,1,0.0,0.0,0.0,1,0.0,100.0,0.0,-300.1340289780754,1800.0,-7.514492211037592,0.0,0.0,540241.2521605357,0,3022.58846054826,-4305.731394143337,57.73502691896258,132.1614778679195,-4305.731394143337,132.1614778679195,900000.0,11720.416361765898,1,181013.73899996735,59088.062013624614,55116.53442803898,59675.22256350409,188270.0561586254,1,1,1,0,1,0,539770.1777532982,0,1,900000.0,-4521.8265803486665,0,1,1.0,0,1.0,0.0,1,1,0,539404.1791100735,517828.0119456705,1,600000.0,400000.0,0,0.3642089392915757
31.8,20.667775718525935,20.667775718525935,20.667775718525935,20.667775718525935,-25627.71325794114,129.48088835600436,132.8320827873261,25000.0,50.0,1,0.0,0.0,0.0,0,0,1,0.0,0.0,1,0.0,0.0,0.0,1,0.0,100.0,0.0,-300.33290729703714,1800.0,-8.864647739652627,0.0,0.0,540599.2331346668,0,3023.5803683966383,-4351.262513143169,57.73502691896258,130.82147205433108,-4351.262513143169,130.82147205433108,900000.0,11446.394163102068,1,174640.7192061646,59675.22256350409,55712.420125959,60272.47571744877,181013.73899996735,1,1,1,0,1,0,540241.2521605357,0,1,900000.0,-4566.617695945451,0,1,1.0,0,1.0,0.0,1,1,0,539770.1777532982,518179.37064316624,1,600000.0,400000.0,0,0.3657511397994423
31.900000000000002,20.451576646395022,20.451576646395022,20.451576646395022,20.451576646395022,-25898.71447822814,128.1402094548608,131.4916756319961,25000.0,50.0,1,0.0,0.0,0.0,0,0,1,0.0,0.0,1,0.0,0.0,0.0,1,0.0,100.0,0.0,-300.43146605611474,1800.0,-10.217326132048926,0.0,0.0,540776.6389010065,0,3023.5956935409176,-4396.335704067191,57.73502691896258,129.48088835600436,-4396.335704067191,129.48088835600436,900000.0,11172.28674205886,1,168929.88295781252,60272.47571744877,56301.55321353943,60881.04885539543,174640.7192061646,1,1,1,0,1,0,540599.2331346668,0,1,900000.0,-4611.996367475115,0,1,1.0,0,1.0,0.0,1,1,0,540241.2521605357,518631.6020741142,1,600000.0,400000.0,0,0.3672946862341867
32.0,20.235434341894212,20.235434341894212,20.235434341894212,20.235434341894212,-26166.99011060792,126.79977520764915,130.15115078133493,25000.0,50.0,1,0.0,0.0,0.0,0,0,1,0.0,0.0,1,0.0,0.0,0.0,1,0.0,100.0,0.0,-300.43298880563765,1800.0,-11.579631687189224,0.0,0.0,540779.3798501478,0,3022.8640030204315,-4441.257761014266,57.73502691896258,128.1402094548608,-4441.257761014266,128.1402094548608,900000.0,10901.285521771862,1,163726.23532220404,60881.04885539543,56884.761110017214,61501.66147682217,168929.88295781252,1,1,1,0,1,0,540776.6389010065,0,1,900000.0,-4658.155045367344,0,1,1.0,0,1.0,0.0,1,1,0,540599.2331346668,518975.2638092801,1,600000.0,400000.0,0,0.3688392554717143
32.1,20.01934626481208,20.01934626481208,20.01934626481208,20.01934626481208,-26434.36619355691,125.45969291974411,128.81052323035217,25000.0,50.0,1,0.0,0.0,0.0,0,0,1,0.0,0.0,1,0.0,0.0,0.0,1,0.0,103.6351750812058,0.0,-300.3602859735692,1800.0,-12.954396885150725,0.0,0.0,540648.5147524246,0,3021.6536238895746,-4486.410367019364,57.73502691896258,126.79977520764915,-4486.410367019364,126.79977520764915,900000.0,10633.009889392082,1,158912.23725725114,61501.66147682217,57466.01346425415,62135.113467616655,163726.23532220404,1,1,1,0,1,0,540779.3798501478,0,1,900000.0,-4705.188587614566,0,1,1.0,0,1.0,0.0,1,1,0,540776.6389010065,519145.5733449663,1,600000.0,400000.0,0,0.37038433158286005
32.2,19.803301845574047,19.803301845574047,19.803301845574047,19.803301845574047,-26703.11450449925,124.11994684183489,127.47002454855016,25000.0,50.0,1,0.0,0.0,0.0,0,0,1,0.0,0.0,1,0.0,0.0,0.0,1,0.0,114.74375334502086,0.0,-300.24001929219764,1800.0,-14.342969168127608,0.0,0.0,540432.0347259558,0,2914.213186591644,-4532.074958166604,59.83379623064817,125.45969291974411,-4532.074958166604,125.45969291974411,900000.0,10365.633806443091,1,154393.53190504125,62135.113467616655,58050.24892282446,62781.80011175955,158912.23725725114,1,1,1,0,1,0,540648.5147524246,0,1,900000.0,-4753.152600695262,0,1,1.0,0,1.0,0.0,1,1,0,540779.3798501478,519148.2046561418,1,600000.0,400000.0,0,0.371929415525289
32.300000000000004,19.587288040451092,19.587288040451092,19.587288040451092,19.587288040451092,-26974.91015100763,122.7804714425591,126.12980346267946,25000.0,50.0,1,0.0,0.0,0.0,0,0,1,0.0,0.0,1,0.0,0.0,0.0,1,0.0,125.969458449354,0.0,-300.0906088410012,1800.0,-15.74618230616925,0.0,0.0,540163.0959138022,0,2630.611534506606,-4578.434347403372,66.24733688157582,124.11994684183489,-4578.434347403372,124.11994684183489,900000.0,10096.885495500748,1,150091.63498686772,62781.80011175955,58641.109023929625,63442.02529480968,154393.53190504125,1,1,1,0,1,0,540432.0347259558,0,1,900000.0,-4802.108903747256,0,1,1.0,0,1.0,0.0,1,1,0,540648.5147524246,519022.57416232757,1,600000.0,400000.0,0,0.3734741255674388
32.4,19.37129512306925,19.37129512306925,19.37129512306925,19.37129512306925,-27250.841235744872,121.44118585079677,124.78989904878308,25000.0,50.0,1,0.0,0.0,0.0,0,0,1,0.0,0.0,1,0.0,0.0,0.0,1,0.0,137.32022160923142,0.0,-299.9229313486726,1800.0,-17.165027701153928,0.0,0.0,539861.2764276107,0,2394.7478517164814,-4625.605151891542,72.72850074540591,122.7804714425591,-4625.605151891542,122.7804714425591,900000.0,9825.089848992373,1,145941.99339026076,63442.02529480968,59240.95920814102,64116.14305045658,150091.63498686772,1,1,1,0,1,0,540163.0959138022,0,1,900000.0,-4852.08804627174,0,1,1.0,0,1.0,0.0,1,1,0,540432.0347259558,518814.75333691755,1,600000.0,400000.0,0,0.3750182170952272
32.5,19.155316630044062,19.155316630044062,19.155316630044062,19.155316630044062,-27531.60186405846,120.10202976302935,123.45028064463376,25000.0,50.0,1,0.0,0.0,0.0,0,0,1,0.0,0.0,1,0.0,0.0,0.0,1,0.0,148.80018281931766,0.0,-299.742934551975,1800.0,-18.600022852414707,0.0,0.0,539537.282193555,0,2195.4182478487105,-4673.675612953828,79.28186691126884,121.44118585079677,-4673.675612953828,121.44118585079677,900000.0,9549.15876425513,1,141892.49627997522,64116.14305045658,59851.30840012708,64804.57619873355,145941.99339026076,1,1,1,0,1,0,539861.2764276107,0,1,900000.0,-4903.113514047792,0,1,1.0,0,1.0,0.0,1,1,0,540163.0959138022,518556.57207725005,1,600000.0,400000.0,0,0.3765615402264095
32.6,18.93934828808589,18.93934828808589,18.93934828808589,18.93934828808589,-27817.717248301185,118.76296310627319,122.1108841154091,25000.0,50.0,1,0.0,0.0,0.0,0,0,1,0.0,0.0,1,0.0,0.0,0.0,1,0.0,160.41264128680308,0.0,-299.5543740461718,1800.0,-20.051580160850385,0.0,0.0,539197.8732831093,0,2024.719752598102,-4722.705204419837,85.90982560619858,120.10202976302935,-4722.705204419837,120.10202976302935,900000.0,9268.398135941541,1,137901.70283478286,64804.57619873355,60473.29836587214,65507.80184144247,141892.49627997522,1,1,1,0,1,0,539537.282193555,0,1,900000.0,-4955.2126685500725,0,1,1.0,0,1.0,0.0,1,1,0,539861.2764276107,518266.8253705062,1,600000.0,400000.0,0,0.3781040010162026
32.7,18.723386763001972,18.723386763001972,18.723386763001972,18.723386763001972,-28109.54137670687,117.42395938613251,120.77164788048927,25000.0,50.0,1,0.0,0.0,0.0,0,0,1,0.0,0.0,1,0.0,0.0,0.0,1,0.0,172.16131112531514,0.0,-299.35897609560146,1800.0,-21.520163890664392,0.0,0.0,538846.1569720827,0,1876.882343739701,-4772.73601806596,92.61428162835463,118.76296310627319,-4772.73601806596,118.76296310627319,900000.0,8982.282751698815,1,133936.74842941193,65507.80184144247,61107.698645014934,66226.33666378181,137901.70283478286,1,1,1,0,1,0,539197.8732831093,0,1,900000.0,-5008.418187402122,0,1,1.0,0,1.0,0.0,1,1,0,539537.282193555,517955.7909058128,1,600000.0,400000.0,0,0.3796455361081842
32.800000000000004,18.507429672458045,18.507429672458045,18.507429672458045,18.507429672458045,-28407.324779528593,116.08499793061223,119.43252469767855,25000.0,50.0,1,0.0,0.0,0.0,0,0,1,0.0,0.0,1,0.0,0.0,0.0,1,0.0,184.0505060466281,0.0,-299.15725447115074,1800.0,-23.006313255828513,0.0,0.0,538483.0580480713,0,1747.583549260123,-4823.803287654564,99.39737932223962,117.42395938613251,-4823.803287654564,117.42395938613251,900000.0,8690.45862329313,1,129971.78218922311,66226.33666378181,61755.05386854042,66960.72019934392,133936.74842941193,1,1,1,0,1,0,538846.1569720827,0,1,900000.0,-5062.766943391051,0,1,1.0,0,1.0,0.0,1,1,0,539197.8732831093,517629.9583517849,1,600000.0,400000.0,0,0.3811861014604216
32.9,18.291475209317564,18.291475209317564,18.291475209317564,18.291475209317564,-28711.277168119963,114.74606396923988,118.09348115664785,25000.0,50.0,1,0.0,0.0,0.0,0,0,1,0.0,0.0,1,0.0,0.0,0.0,1,0.0,196.08502204094663,0.0,-298.94920959412775,1800.0,-24.51062775511833,0.0,0.0,538108.5772694299,0,1633.521094615173,-4875.941259893429,106.26160921050759,116.08499793061223,-4875.941259893429,116.08499793061223,900000.0,8392.675220471408,1,125986.56497232293,66960.72019934392,62415.81993069558,67711.50942517351,129971.78218922311,1,1,1,0,1,0,538483.0580480713,0,1,900000.0,-5118.298868504643,0,1,1.0,0,1.0,0.0,1,1,0,538846.1569720827,517292.31069319934,1,600000.0,400000.0,0,0.3827256619089132
33.0,18.07552179353502,18.07552179353502,18.07552179353502,18.07552179353502,-29021.602378885687,113.4071462977689,116.75449233929078,25000.0,50.0,1,0.0,0.0,0.0,0,0,1,0.0,0.0,1,0.0,0.0,0.0,1,0.0,208.27002236806993,0.0,-298.73469417293865,1800.0,-26.03375279600874,0.0,0.0,537722.4495112896,0,1532.130482525521,-4929.185670388851,113.20974025939424,114.74606396923988,-4929.185670388851,114.74606396923988,900000.0,8088.7228318800335,1,121965.20508753035,67711.50942517351,63090.43995409932,68479.27965652903,125986.56497232293,1,1,1,0,1,0,538108.5772694299,0,1,900000.0,-5175.055660567575,0,1,1.0,0,1.0,0.0,1,1,0,538483.0580480713,516943.7357261485,1,600000.0,400000.0,0,0.38426418493190767
33.1,17.859567877972506,17.859567877972506,17.859567877972506,17.859567877972506,-29338.51311015444,112.06823511991713,115.41554009259018,25000.0,50.0,1,0.0,0.0,0.0,0,0,1,0.0,0.0,1,0.0,0.0,0.0,1,0.0,220.61087257897796,0.0,-298.5135675212026,1800.0,-27.576359072372245,0.0,0.0,537324.4215381647,0,1441.3910235786077,-4983.574494954097,120.24475347833456,113.4071462977689,-4983.574494954097,113.4071462977689,900000.0,7778.397621114314,1,117895.09138736757,68479.27965652903,63779.376326422695,69264.62836426268,121965.20508753035,1,1,1,0,1,0,537722.4495112896,0,1,900000.0,-5233.080365520803,0,1,1.0,0,1.0,0.0,1,1,0,538108.5772694299,516584.2341786527,1,600000.0,400000.0,0,0.38580163800982037
33.2,17.643611866510845,17.643611866510845,17.643611866510845,17.643611866510845,-29662.235393966785,110.72932084342953,114.07661089604267,25000.0,50.0,1,0.0,0.0,0.0,0,0,1,0.0,0.0,1,0.0,0.0,0.0,1,0.0,233.11309625016682,0.0,-298.28572985740806,1800.0,-29.139137031270852,0.0,0.0,536914.3137433345,0,1359.6899997163168,-5039.147645020994,127.36974666963117,112.06823511991713,-5039.147645020994,112.06823511991713,900000.0,7461.486889845561,1,113766.04303049023,69264.62836426268,64483.12042166692,70068.17725976507,117895.09138736757,1,1,1,0,1,0,537324.4215381647,0,1,900000.0,-5292.417446573145,0,1,1.0,0,1.0,0.0,1,1,0,537722.4495112896,516213.551530838,1,600000.0,400000.0,0,0.38733798786556695
33.300000000000004,17.427652089202127,17.427652089202127,17.427652089202127,17.427652089202127,-29993.006783164954,109.39039357236724,112.73769371195898,25000.0,50.0,1,0.0,0.0,0.0,0,0,1,0.0,0.0,1,0.0,0.0,0.0,1,0.0,245.782392032253,0.0,-298.05109107326666,1800.0,-30.722799004031625,0.0,0.0,536491.96393188,0,1285.7248379597145,-5095.946623455808,134.58790887166097,110.72932084342953,-5095.946623455808,110.72932084342953,900000.0,7137.764606033216,1,109569.6566140131,70068.17725976507,65202.188659054256,70890.5748357893,113766.04303049023,1,1,1,0,1,0,536914.3137433345,0,1,900000.0,-5353.113079227291,0,1,1.0,0,1.0,0.0,1,1,0,537324.4215381647,515831.4446766381,1,600000.0,400000.0,0,0.3888732004985331
33.4,17.211686812340616,17.211686812340616,17.211686812340616,17.211686812340616,-30331.074302808967,108.05144295305318,111.39877846627269,25000.0,50.0,1,0.0,0.0,0.0,0,0,1,0.0,0.0,1,0.0,0.0,0.0,1,0.0,258.6246758125542,0.0,-297.80954068674896,1800.0,-32.32808447656927,0.0,0.0,536057.1732361481,0,1218.4318608175377,-5154.014411801229,141.9025302018914,109.39039357236724,-5154.014411801229,109.39039357236724,900000.0,6806.993216835042,1,105298.82268073756,70890.5748357893,65937.11804958471,71732.49917991966,109569.6566140131,1,1,1,0,1,0,536491.96393188,0,1,900000.0,-5415.215312414639,0,1,1.0,0,1.0,0.0,1,1,0,536914.3137433345,515437.7411936011,1,600000.0,400000.0,0,0.39040724139494254
33.5,16.9957142498407,16.9957142498407,16.9957142498407,16.9957142498407,-30676.693779040914,106.71245823651182,110.05985520366906,25000.0,50.0,1,0.0,0.0,0.0,0,0,1,0.0,0.0,1,0.0,0.0,0.0,1,0.0,271.6461031707263,0.0,-297.5609342974221,1800.0,-33.95576289634079,0.0,0.0,535609.6817353597,0,1156.9337509686961,-5213.395577158614,149.31702619945787,108.05144295305318,-5213.395577158614,108.05144295305318,900000.0,6468.9256971910345,1,100947.37005807707,71732.49917991966,66688.46473704546,72594.66066934975,105298.82268073756,1,1,1,0,1,0,536057.1732361481,0,1,900000.0,-5478.774264862749,0,1,1.0,0,1.0,0.0,1,1,0,536491.96393188,515032.28537460475,1,600000.0,400000.0,0,0.391940075577605
33.6,16.77973256696002,16.77973256696002,16.77973256696002,16.77973256696002,-31030.130475248072,105.37342834901233,108.72091370325847,25000.0,50.0,1,0.0,0.0,0.0,0,0,1,0.0,0.0,1,0.0,0.0,0.0,1,0.0,284.8530949694887,0.0,-297.3050939206673,1800.0,-35.60663687118609,0.0,0.0,535149.1690572011,0,1100.5003972502789,-5274.136414748795,156.8349507899317,106.71245823651182,-5274.136414748795,106.71245823651182,900000.0,6123.306220959088,1,96509.80139192427,72594.66066934975,67456.80538097407,73477.80447988029,100947.37005807707,1,1,1,0,1,0,535609.6817353597,0,1,900000.0,-5543.842342534113,0,1,1.0,0,1.0,0.0,1,1,0,536057.1732361481,514614.88630670216,1,600000.0,400000.0,0,0.3934716675011369
33.7,16.56373987675879,16.56373987675879,16.56373987675879,16.56373987675879,-31391.659940584825,104.03434191515214,107.38194339209404,25000.0,50.0,1,0.0,0.0,0.0,0,0,1,0.0,0.0,1,0.0,0.0,0.0,1,0.0,298.2523648012861,0.0,-297.0418104432887,1800.0,-37.28154560016076,0.0,0.0,534675.2587979196,0,1048.519215219096,-5336.285120745159,164.46001106013236,105.37342834901233,-5336.285120745159,105.37342834901233,900000.0,5769.86952475193,1,91981.09263617122,73477.80447988029,68242.73900127136,74382.71300599597,96509.80139192427,1,1,1,0,1,0,535149.1690572011,0,1,900000.0,-5610.47444689195,0,1,1.0,0,1.0,0.0,1,1,0,535609.6817353597,514185.29446594534,1,600000.0,400000.0,0,0.39500198087752364
33.800000000000004,16.34773423537934,16.34773423537934,16.34773423537934,16.34773423537934,-31761.569038675185,102.69518723590448,106.0429333633729,25000.0,50.0,1,0.0,0.0,0.0,0,0,1,0.0,0.0,1,0.0,0.0,0.0,1,0.0,311.8509452360578,0.0,-296.77084718316866,1800.0,-38.98136815450722,0.0,0.0,534187.5249297036,0,1000.4723746768168,-5399.891986819241,172.196083104465,104.03434191515214,-5399.891986819241,104.03434191515214,900000.0,5408.340059415175,1,87356.53978764192,74382.71300599597,69046.88921451126,75310.20827412712,91981.09263617122,1,1,1,0,1,0,534675.2587979196,0,1,900000.0,-5678.728168807953,0,1,1.0,0,1.0,0.0,1,1,0,535149.1690572011,513743.20229491306,1,600000.0,400000.0,0,0.3965309785034014
33.9,16.13171363632492,16.13171363632492,16.13171363632492,16.13171363632492,-32140.15710554812,101.3559522593519,104.7038723978924,25000.0,50.0,1,0.0,0.0,0.0,0,0,1,0.0,0.0,1,0.0,0.0,0.0,1,0.0,325.6562124221665,0.0,-296.4919437769783,1800.0,-40.70702655277081,0.0,0.0,533685.4987985609,0,955.919135761057,-5465.009600158978,180.04722717907723,102.69518723590448,-5465.009600158978,102.69518723590448,900000.0,5038.43096132482,1,82631.6404430576,75310.20827412712,69869.90675119156,76261.15447059441,87356.53978764192,1,1,1,0,1,0,534187.5249297036,0,1,900000.0,-5748.663975597808,0,1,1.0,0,1.0,0.0,1,1,0,534675.2587979196,513288.24844600284,1,600000.0,400000.0,0,0.39805862209996684
34.0,15.915676004020764,15.915676004020764,15.915676004020764,15.915676004020764,-32527.737140146237,100.01662454521451,103.36474895656713,25000.0,50.0,1,0.0,0.0,0.0,0,0,1,0.0,0.0,1,0.0,0.0,0.0,1,0.0,339.67590998435236,0.0,-296.20481940423593,1800.0,-42.459488748044045,0.0,0.0,533168.6749276246,0,914.4820038428414,-5531.693039646461,188.0177019052118,101.3559522593519,-5531.693039646461,101.3559522593519,900000.0,4659.842894451881,1,77802.00103355639,76261.15447059441,70712.47204379617,77000.0,82631.6404430576,1,1,1,0,1,0,533685.4987985609,0,1,900000.0,-5820.345397529986,0,1,1.0,0,1.0,0.0,1,1,0,534187.5249297036,512820.0239325154,1,600000.0,400000.0,0,0.39958487217119465
34.1,15.699619187194486,15.699619187194486,15.699619187194486,15.699619187194486,-32924.636971975735,98.67719122492873,102.02555115842364,25000.0,50.0,1,0.0,0.0,0.0,0,0,1,0.0,0.0,1,0.0,0.0,0.0,1,0.0,353.9181728825597,0.0,-295.9091749210034,1800.0,-44.23977161031996,0.0,0.0,532636.5148578061,0,875.8357698253589,-5600.000067261784,196.11197806669693,100.01662454521451,-5600.000067261784,100.01662454521451,900000.0,4272.262859853764,1,72863.26320673578,77000.0,71575.29776516464,77000.0,77802.00103355639,1,1,1,0,1,0,533168.6749276246,0,1,900000.0,-5893.839223197821,0,1,1.0,0,1.0,0.0,1,1,0,533685.4987985609,512338.0788466185,1,600000.0,400000.0,0,0.4011096878820477
34.2,15.483540952383775,15.483540952383775,15.483540952383775,15.483540952383775,-33331.20040034214,97.33763896060582,100.68626674961756,25000.0,50.0,1,0.0,0.0,0.0,0,0,1,0.0,0.0,1,0.0,0.0,0.0,1,0.0,368.391552422974,0.0,-295.60469387304056,1800.0,-46.04894405287175,0.0,0.0,532088.448971473,0,839.6987557887202,-5669.991316879537,204.33475238484635,98.67719122492873,-5669.991316879537,98.67719122492873,900000.0,3875.3630280242674,1,67811.04464698209,77000.0,72459.1313050916,77000.0,72863.26320673578,1,1,1,0,1,0,532636.5148578061,0,1,900000.0,-5950.940860215053,0,1,1.0,0,1.0,0.0,1,1,0,533168.6749276246,511841.9279305196,1,600000.0,400000.0,0,0.4026330269532695
34.300000000000004,15.267438977602076,15.267438977602076,15.267438977602076,15.267438977602076,-33747.788318067,95.99795390477941,99.34688306649167,25000.0,50.0,1,0.0,0.0,0.0,0,0,1,0.0,0.0,1,0.0,0.0,0.0,1,0.0,380.77821706769066,0.0,-295.2910425269096,1800.0,-47.59727713346133,0.0,0.0,531523.8765484373,0,805.8257627565021,-5741.730486269549,212.69096195858816,97.33763896060582,-5741.730486269549,97.33763896060582,900000.0,3468.799599657861,1,62640.89082103093,77000.0,73364.75721318915,77000.0,67811.04464698209,1,1,1,0,1,0,532088.448971473,0,1,900000.0,-5950.940860215053,0,1,1.0,0,1.0,0.0,1,1,0,532636.5148578061,511331.05426349386,1,600000.0,400000.0,0,0.4041548455671489
34.4,15.05131084609056,15.05131084609056,15.05131084609056,15.05131084609056,-34174.779854276356,94.65812166113287,98.0073869959011,25000.0,50.0,1,0.0,0.0,0.0,0,0,1,0.0,0.0,1,0.0,0.0,0.0,1,0.0,385.8949298132171,0.0,-294.9678692375159,1800.0,-48.23686622665214,0.0,0.0,530942.1646275286,0,777.5084473172489,-5806.147113440062,219.84240612557696,95.99795390477941,-5806.147113440062,95.99795390477941,900000.0,3052.211681932991,1,57348.234970165155,77000.0,74292.99968320946,77000.0,62640.89082103093,1,1,1,0,1,0,531523.8765484373,0,1,900000.0,-5950.940860215053,0,1,1.0,0,1.0,0.0,1,1,0,532088.448971473,510804.9110126141,1,600000.0,400000.0,0,0.405675098278496
34.5,14.835154039964127,14.835154039964127,14.835154039964127,14.835154039964127,-34558.18761919525,93.31812724576147,96.6677649351533,25000.0,50.0,1,0.0,0.0,0.0,0,0,1,0.0,0.0,1,0.0,0.0,0.0,1,0.0,391.01214978492385,0.0,-294.1718504513153,1800.0,-48.87651872311548,0.0,0.0,529509.3308123676,0,760.6874090130879,-5838.351227335464,222.79654160657265,94.65812166113287,-5838.351227335464,94.65812166113287,900000.0,2625.2201457236474,1,51928.36422260908,77000.0,75126.4948243375,77000.0,57348.234970165155,1,1,1,0,1,0,530942.1646275286,0,1,900000.0,-5950.940860215053,0,1,1.0,0,1.0,0.0,1,1,0,531523.8765484373,510262.9214864998,1,600000.0,400000.0,0,0.40719373792577723
34.6,14.61926807773507,14.61926807773507,14.61926807773507,14.61926807773507,-34749.866505100676,91.9779550477776,95.32800275247301,25000.0,50.0,1,0.0,0.0,0.0,0,0,1,0.0,0.0,1,0.0,0.0,0.0,1,0.0,396.1299319726898,0.0,-291.6749959659263,1800.0,-49.516241496586225,0.0,0.0,525014.9927386674,0,742.1453367682905,-5854.448643889989,225.75096993474006,93.31812724576147,-5854.448643889989,93.31812724576147,900000.0,2241.8123808047517,1,46561.125003929475,77000.0,75543.1880545667,77000.0,51928.36422260908,1,1,1,0,1,0,529509.3308123676,0,1,900000.0,-5950.940860215053,0,1,1.0,0,1.0,0.0,1,1,0,530942.1646275286,509704.47804242745,1,600000.0,400000.0,0,0.40871071553899874
34.7,14.40447553726169,14.40447553726169,14.40447553726169,14.40447553726169,-34845.67832843322,90.63946208195743,93.98808574799865,25000.0,50.0,1,0.0,0.0,0.0,0,0,1,0.0,0.0,1,0.0,0.0,0.0,1,0.0,401.2483336108152,0.0,-288.33881907171474,1800.0,-50.1560417013519,0.0,0.0,519009.87432908657,0,723.0287590947095,-5862.492252852192,228.70572285850062,91.9779550477776,-5862.492252852192,91.9779550477776,900000.0,2050.1334948993212,1,41884.61241768665,77000.0,75751.47462702873,77000.0,46561.125003929475,1,1,1,0,1,0,525014.9927386674,0,1,900000.0,-5950.940860215053,0,1,1.0,0,1.0,0.0,1,1,0,529509.3308123676,508328.95757987286,1,600000.0,400000.0,0,0.4102235993413198
34.800000000000004,14.190243298618716,14.190243298618716,14.190243298618716,14.190243298618716,-34893.55388897625,89.30774833102248,92.64799861451795,25000.0,50.0,1,0.0,0.0,0.0,0,0,1,0.0,0.0,1,0.0,0.0,0.0,1,0.0,406.3674143284984,0.0,-284.5883591420801,1800.0,-50.7959267910623,0.0,0.0,512259.04645574413,0,703.9033961851725,-5866.536579076562,231.66083342209294,90.63946208195743,-5866.536579076562,90.63946208195743,900000.0,1954.321671566785,1,38051.7802085326,77000.0,75855.55193255705,77000.0,41884.61241768665,1,1,1,0,1,0,519009.87432908657,0,1,900000.0,-5950.940860215053,0,1,1.0,0,1.0,0.0,1,1,0,525014.9927386674,504014.3930291207,1,600000.0,400000.0,0,0.41172364217771606
34.9,13.97630459881626,13.97630459881626,13.97630459881626,13.97630459881626,-34917.625718663694,87.97950845143605,91.30897425947761,25000.0,50.0,1,0.0,0.0,0.0,0,0,1,0.0,0.0,1,0.0,0.0,0.0,1,0.0,411.4800808517947,0.0,-280.64040767835826,1800.0,-51.43501010647434,0.0,0.0,505152.7338210449,0,685.0753000072874,-5868.685618894481,234.61633605245075,89.30774833102248,-5868.685618894481,89.30774833102248,900000.0,1906.4461110237573,1,35014.535261779056,77000.0,75907.88199709498,77000.0,38051.7802085326,1,1,1,0,1,0,512259.04645574413,0,1,900000.0,-5950.940860215053,0,1,1.0,0,1.0,0.0,1,1,0,519009.87432908657,498249.4793559231,1,600000.0,400000.0,0,0.413206527532942
35.0,13.762524923805824,13.762524923805824,13.762524923805824,13.762524923805824,-34930.41680365995,86.65308851266082,89.97482364050752,25000.0,50.0,1,0.0,0.0,0.0,0,0,1,0.0,0.0,1,0.0,0.0,0.0,1,0.0,416.5668526816686,0.0,-276.6184129843407,1800.0,-52.070856585208574,0.0,0.0,497913.14337181323,0,666.6404290811544,-5869.913935096947,237.56813544595266,87.97950845143605,-5869.913935096947,87.97950845143605,900000.0,1882.3742813363071,1,32654.83582587338,77000.0,75935.68870360858,77000.0,35014.535261779056,1,1,1,0,1,0,505152.7338210449,0,1,900000.0,-5950.940860215053,0,1,1.0,0,1.0,0.0,1,1,0,512259.04645574413,491768.68459751434,1,600000.0,400000.0,0,0.4146701248085298
35.1,13.548834275145719,13.548834275145719,13.548834275145719,13.548834275145719,-34937.72774169703,85.32765452759611,88.64461351445988,25000.0,50.0,1,0.0,0.0,0.0,0,0,1,0.0,0.0,1,0.0,0.0,0.0,1,0.0,421.64035530041974,0.0,-272.5614086272005,1800.0,-52.70504441255247,0.0,0.0,490610.53552896087,0,648.6487456902006,-5870.607500380575,240.50498453123654,86.65308851266082,-5870.607500380575,86.65308851266082,900000.0,1869.583196340052,1,30841.613270016624,77000.0,75951.58204716744,77000.0,32654.83582587338,1,1,1,0,1,0,497913.14337181323,0,1,900000.0,-5950.940860215053,0,1,1.0,0,1.0,0.0,1,1,0,505152.7338210449,484946.6244682031,1,600000.0,400000.0,0,0.4161134183337328
35.2,13.335200010333445,13.335200010333445,13.335200010333445,13.335200010333445,-34941.855842265184,84.00277250590347,87.31693017992717,25000.0,50.0,1,0.0,0.0,0.0,0,0,1,0.0,0.0,1,0.0,0.0,0.0,1,0.0,426.7069062573412,0.0,-268.4838654366056,1800.0,-53.33836328216765,0.0,0.0,483270.95778589003,0,631.0832440096311,-5870.996371440215,243.4341726339068,85.32765452759611,-5870.996371440215,85.32765452759611,900000.0,1862.2722583029786,1,29456.863003813345,77000.0,75960.55617883736,77000.0,30841.613270016624,1,1,1,0,1,0,490610.53552896087,0,1,900000.0,-5950.940860215053,0,1,1.0,0,1.0,0.0,1,1,0,497913.14337181323,477996.6176369407,1,600000.0,400000.0,0,0.4175360273147951
35.300000000000004,13.121608953955553,13.121608953955553,13.121608953955553,13.121608953955553,-34944.17040281216,82.67824006406735,85.99074641170647,25000.0,50.0,1,0.0,0.0,0.0,0,0,1,0.0,0.0,1,0.0,0.0,0.0,1,0.0,431.7696911485021,0.0,-264.39468478292775,1800.0,-53.97121139356276,0.0,0.0,475910.4326092699,0,613.9302732960575,-5871.213875726274,246.35934719274834,84.00277250590347,-5871.213875726274,84.00277250590347,900000.0,1858.1441577348146,1,28404.278223426634,77000.0,75965.58783220034,77000.0,29456.863003813345,1,1,1,0,1,0,483270.95778589003,0,1,900000.0,-5950.940860215053,0,1,1.0,0,1.0,0.0,1,1,0,490610.53552896087,470986.1141078024,1,600000.0,400000.0,0,0.41893777170202073
35.4,12.908053088079,12.908053088079,12.908053088079,12.908053088079,-34945.46498832278,81.35397551452444,84.66543047450446,25000.0,50.0,1,0.0,0.0,0.0,0,0,1,0.0,0.0,1,0.0,0.0,0.0,1,0.0,436.8303676948853,0.0,-260.2990729774061,1800.0,-54.60379596186066,0.0,0.0,468538.33135933103,0,597.1771971862406,-5871.336151017733,249.28234741250927,82.67824006406735,-5871.336151017733,82.67824006406735,900000.0,1855.8295971878433,1,27606.977679756943,77000.0,75968.40214852779,77000.0,28404.278223426634,1,1,1,0,1,0,475910.4326092699,0,1,900000.0,-5950.940860215053,0,1,1.0,0,1.0,0.0,1,1,0,483270.95778589003,463940.11947445443,1,600000.0,400000.0,0,0.4203185458671233
35.5,12.694527594450498,12.694527594450498,12.694527594450498,12.694527594450498,-34946.192770857546,80.02992914608981,83.3406368675464,25000.0,50.0,1,0.0,0.0,0.0,0,0,1,0.0,0.0,1,0.0,0.0,0.0,1,0.0,441.8897089445764,0.0,-256.20008488952624,1800.0,-55.23621361807205,0.0,0.0,461160.15280114725,0,580.8116397933384,-5871.406550745708,252.20413037884524,81.35397551452444,-5871.406550745708,81.35397551452444,900000.0,1854.5350116772158,1,27004.60490274303,77000.0,75969.98428447293,77000.0,27606.977679756943,1,1,1,0,1,0,468538.33135933103,0,1,900000.0,-5950.940860215053,0,1,1.0,0,1.0,0.0,1,1,0,475910.4326092699,456874.01530489913,1,600000.0,400000.0,0,0.4216782899602926
35.6,12.481029546632655,12.481029546632655,12.481029546632655,12.481029546632655,-34946.611790038456,78.7060710855931,82.01619596553175,25000.0,50.0,1,0.0,0.0,0.0,0,0,1,0.0,0.0,1,0.0,0.0,0.0,1,0.0,446.9480269210832,0.0,-252.09952862606968,1800.0,-55.8685033651354,0.0,0.0,453779.15152692545,0,564.8212672465049,-5871.449041710717,255.12514241127658,80.02992914608981,-5871.449041710717,80.02992914608981,900000.0,1853.807229142453,1,26550.353232568323,77000.0,75970.89519573575,77000.0,27004.60490274303,1,1,1,0,1,0,461160.15280114725,0,1,900000.0,-5950.940860215053,0,1,1.0,0,1.0,0.0,1,1,0,468538.33135933103,449796.7981049578,1,600000.0,400000.0,0,0.4230169709070335
35.7,12.267557102754788,12.267557102754788,12.267557102754788,12.267557102754788,-34946.864696262186,77.38238318912246,80.6920180859038,25000.0,50.0,1,0.0,0.0,0.0,0,0,1,0.0,0.0,1,0.0,0.0,0.0,1,0.0,452.0055115071451,0.0,-247.9983712518535,1800.0,-56.50068893839314,0.0,0.0,446397.0682533363,0,549.1939287227926,-5871.476384528915,258.0455636566595,78.7060710855931,-5871.476384528915,78.7060710855931,900000.0,1853.3882099615553,1,26208.241181089135,77000.0,75971.44499187432,77000.0,26550.353232568323,1,1,1,0,1,0,453779.15152692545,0,1,900000.0,-5950.940860215053,0,1,1.0,0,1.0,0.0,1,1,0,461160.15280114725,442713.74668910133,1,600000.0,400000.0,0,0.42433457134360825
35.800000000000004,12.05410906235457,12.05410906235457,12.05410906235457,12.05410906235457,-34947.027440716105,76.05885403707968,79.36805341902999,25000.0,50.0,1,0.0,0.0,0.0,0,0,1,0.0,0.0,1,0.0,0.0,0.0,1,0.0,457.06227680986757,0.0,-243.89710878511568,1800.0,-57.132784601233446,0.0,0.0,439014.7958132082,0,533.9176746031575,-5871.495433017474,260.96550374384475,77.38238318912246,-5871.495433017474,77.38238318912246,900000.0,1853.1353037378133,1,25950.798086013227,77000.0,75971.79878416544,77000.0,26208.241181089135,1,1,1,0,1,0,446397.0682533363,0,1,900000.0,-5950.940860215053,0,1,1.0,0,1.0,0.0,1,1,0,453779.15152692545,435627.9854658484,1,600000.0,400000.0,0,0.4256310832051138
35.9,11.840684595795217,11.840684595795217,11.840684595795217,11.840684595795217,-34947.14081732,74.73547618659833,78.0442732657583,25000.0,50.0,1,0.0,0.0,0.0,0,0,1,0.0,0.0,1,0.0,0.0,0.0,1,0.0,462.1183921338886,0.0,-239.79599667577426,1800.0,-57.76479901673608,0.0,0.0,431632.79401639366,0,518.9809250394795,-5871.509890888563,263.8850285526003,76.05885403707968,-5871.509890888563,76.05885403707968,900000.0,1852.972559283898,1,25757.16296425142,77000.0,75972.0452550435,77000.0,25950.798086013227,1,1,1,0,1,0,439014.7958132082,0,1,900000.0,-5950.940860215053,0,1,1.0,0,1.0,0.0,1,1,0,446397.0682533363,428541.1855232028,1,600000.0,400000.0,0,0.4269065034001233
36.0,11.627283068984319,11.627283068984319,11.627283068984319,11.627283068984319,-34947.226870568724,73.41224449393034,76.72066044663923,25000.0,50.0,1,0.0,0.0,0.0,0,0,1,0.0,0.0,1,0.0,0.0,0.0,1,0.0,467.17390109886065,0.0,-235.69516559996927,1800.0,-58.39673763735758,0.0,0.0,424251.2980799447,0,504.372533073509,-5871.521770513946,266.80417809597765,74.73547618659833,-5871.521770513946,74.73547618659833,900000.0,1852.85918267999,1,25611.551512183098,77000.0,75972.2323273233,77000.0,25757.16296425142,1,1,1,0,1,0,431632.79401639366,0,1,900000.0,-5950.940860215053,0,1,1.0,0,1.0,0.0,1,1,0,439014.7958132082,421454.20398067986,1,600000.0,400000.0,0,0.428160831388161
36.1,11.413903952192642,11.413903952192642,11.413903952192642,11.413903952192642,-34947.297578099,72.08915502770277,75.39720427327863,25000.0,50.0,1,0.0,0.0,0.0,0,0,1,0.0,0.0,1,0.0,0.0,0.0,1,0.0,472.228832134439,0.0,-231.59468149242875,1800.0,-59.02860401680488,0.0,0.0,416870.42668637173,0,490.0817999032057,-5871.532172217259,269.7229775577948,73.41224449393034,-5871.532172217259,73.41224449393034,900000.0,1852.7731294312798,1,25502.05062269466,77000.0,75972.38603934567,77000.0,25611.551512183098,1,1,1,0,1,0,424251.2980799447,0,1,900000.0,-5950.940860215053,0,1,1.0,0,1.0,0.0,1,1,0,431632.79401639366,414367.4822557379,1,600000.0,400000.0,0,0.4293940679424936
36.2,11.20054677180223,11.20054677180223,11.20054677180223,11.20054677180223,-34947.359489037124,70.76620450359438,74.07389775371311,25000.0,50.0,1,0.0,0.0,0.0,0,0,1,0.0,0.0,1,0.0,0.0,0.0,1,0.0,477.2832048882943,0.0,-227.4945764509732,1800.0,-59.660400611036785,0.0,0.0,409490.23761175177,0,476.0984691211264,-5871.541698832723,272.641443351921,72.08915502770277,-5871.541698832723,72.08915502770277,900000.0,1852.7024219009916,1,25419.684780543386,77000.0,75972.52062834159,77000.0,25502.05062269466,1,1,1,0,1,0,416870.42668637173,0,1,900000.0,-5950.940860215053,0,1,1.0,0,1.0,0.0,1,1,0,424251.2980799447,407281.24615674687,1,600000.0,400000.0,0,0.4306062145084362
36.300000000000004,10.987211084528186,10.987211084528186,10.987211084528186,10.987211084528186,-34947.41619145237,69.44338998517382,72.75073593637289,25000.0,50.0,1,0.0,0.0,0.0,0,0,1,0.0,0.0,1,0.0,0.0,0.0,1,0.0,482.3370343771647,0.0,-223.394864327686,1800.0,-60.292129297145586,0.0,0.0,402110.75578983483,0,462.4127120953302,-5871.550679668849,275.55958682194404,70.76620450359438,-5871.550679668849,70.76620450359438,900000.0,1852.6405109628686,1,25357.700103623803,77000.0,75972.64389446168,77000.0,25419.684780543386,1,1,1,0,1,0,409490.23761175177,0,1,900000.0,-5950.940860215053,0,1,1.0,0,1.0,0.0,1,1,0,416870.42668637173,400195.6096189169,1,600000.0,400000.0,0,0.43179727287039726
36.4,10.77389646370403,10.77389646370403,10.77389646370403,10.77389646370403,-34947.469645388985,68.12070872407476,71.42771498118722,25000.0,50.0,1,0.0,0.0,0.0,0,0,1,0.0,0.0,1,0.0,0.0,0.0,1,0.0,487.39033314623344,0.0,-219.29554907951726,1800.0,-60.92379164327918,0.0,0.0,394731.9883431311,0,449.0151097024338,-5871.559294304017,278.4774166377818,69.44338998517382,-5871.559294304017,69.44338998517382,900000.0,1852.5838085476264,1,25311.018992621473,77000.0,75972.76009867172,77000.0,25357.700103623803,1,1,1,0,1,0,402110.75578983483,0,1,900000.0,-5950.940860215053,0,1,1.0,0,1.0,0.0,1,1,0,409490.23761175177,393110.6281072817,1,600000.0,400000.0,0,0.4329672449778594
36.5,10.560602491871002,10.560602491871002,10.560602491871002,10.560602491871002,-34947.52091969751,66.79815807496499,70.10483165051163,25000.0,50.0,1,0.0,0.0,0.0,0,0,1,0.0,0.0,1,0.0,0.0,0.0,1,0.0,492.4431124118419,0.0,-215.19662933369696,1800.0,-61.55538905148024,0.0,0.0,387353.93280065455,0,435.8966334191662,-5871.567640566741,281.3949400423993,68.12070872407476,-5871.567640566741,68.12070872407476,900000.0,1852.530354611011,1,25275.826590291552,77000.0,75972.8715645598,77000.0,25311.018992621473,1,1,1,0,1,0,394731.9883431311,0,1,900000.0,-5950.940860215053,0,1,1.0,0,1.0,0.0,1,1,0,402110.75578983483,386026.3255582414,1,600000.0,400000.0,0,0.4341161328515446
36.6,10.347328756680438,10.347328756680438,10.347328756680438,10.347328756680438,-34947.57059665324,65.47573544960021,68.78208303288704,25000.0,50.0,1,0.0,0.0,0.0,0,0,1,0.0,0.0,1,0.0,0.0,0.0,1,0.0,497.4953826719766,0.0,-211.09810085939574,1800.0,-62.18692283399707,0.0,0.0,379976.5815469123,0,423.0486265155707,-5871.575771737765,284.3121635115541,66.79815807496499,-5871.575771737765,66.79815807496499,900000.0,1852.4790803024928,1,25249.25812309398,77000.0,75972.97955794184,77000.0,25275.826590291552,1,1,1,0,1,0,387353.93280065455,0,1,900000.0,-5950.940860215053,0,1,1.0,0,1.0,0.0,1,1,0,394731.9883431311,378942.70880940586,1,600000.0,400000.0,0,0.43524393853252497
36.7,10.134074848642245,10.134074848642245,10.134074848642245,10.134074848642245,-34947.61899338318,64.15343829141872,67.45946639427234,25000.0,50.0,1,0.0,0.0,0.0,0,0,1,0.0,0.0,1,0.0,0.0,0.0,1,0.0,502.54715403106167,0.0,-206.9999579012167,1800.0,-62.81839425388271,0.0,0.0,372599.92422219005,0,410.46278578656995,-5871.583716859292,287.2290931062616,65.47573544960021,-5871.583716859292,65.47573544960021,900000.0,1852.4294033467527,1,25229.163033036355,77000.0,75973.08476822429,77000.0,25249.25812309398,1,1,1,0,1,0,379976.5815469123,0,1,900000.0,-5950.940860215053,0,1,1.0,0,1.0,0.0,1,1,0,387353.93280065455,371859.77548862837,1,600000.0,400000.0,0,0.4363506640548126
36.800000000000004,9.920840359891354,9.920840359891354,9.920840359891354,9.920840359891354,-34947.666282746504,62.83126406158192,66.13697909782425,25000.0,50.0,1,0.0,0.0,0.0,0,0,1,0.0,0.0,1,0.0,0.0,0.0,1,0.0,507.5984363754624,0.0,-202.90219389416458,1800.0,-63.4498045469328,0.0,0.0,365223.94900949625,0,398.13114405082797,-5871.591491783978,290.1457346603138,64.15343829141872,-5871.591491783978,64.15343829141872,900000.0,1852.381006616827,1,25213.927324426815,77000.0,75973.18757118806,77000.0,25229.163033036355,1,1,1,0,1,0,372599.92422219005,0,1,900000.0,-5950.940860215053,0,1,1.0,0,1.0,0.0,1,1,0,379976.5815469123,364777.5182850358,1,600000.0,400000.0,0,0.4374363114306609
36.9,9.707624883512906,9.707624883512906,9.707624883512906,9.707624883512906,-34947.71255909824,61.5092102313264,64.81461856022057,25000.0,50.0,1,0.0,0.0,0.0,0,0,1,0.0,0.0,1,0.0,0.0,0.0,1,0.0,512.6492394705252,0.0,-198.80480184364083,1800.0,-64.08115493381565,0.0,0.0,357848.6433185535,0,386.0460535155165,-5871.599105179241,293.06209388160636,62.83126406158192,-5871.599105179241,62.83126406158192,900000.0,1852.3337172534941,1,25202.339913338772,77000.0,75973.28817195268,77000.0,25213.927324426815,1,1,1,0,1,0,365223.94900949625,0,1,900000.0,-5950.940860215053,0,0,1.0,0,1.0,0.0,1,1,0,372599.92422219005,357695.9272533024,1,600000.0,400000.0,0,0.43850088264272424
37.0,9.494428013173712,9.494428013173712,9.494428013173712,9.494428013173712,-34947.75787402684,60.18727427778002,63.4923822277948,25000.0,50.0,1,0.0,0.0,0.0,0,0,1,0.0,0.0,1,0.0,0.0,0.0,1,0.0,517.6995730138992,0.0,-194.7077745273343,1800.0,-64.7124466267374,0.0,0.0,350473.9941492017,0,374.2001700315846,-5871.606561795762,295.9781764081647,61.5092102313264,-5871.606561795762,61.5092102313264,900000.0,1852.2874409017684,1,25193.49216632802,77000.0,75973.38668266703,77000.0,25202.339913338772,1,1,1,0,1,0,357848.6433185535,0,1,900000.0,-5950.940860215053,0,0,1.0,0,1.0,0.0,1,1,0,365223.94900949625,350614.99104911636,1,600000.0,400000.0,0,0.4395443796398943
37.1,9.281249342920566,9.281249342920566,9.281249342920566,9.281249342920566,-34947.802255808376,58.86545368167702,62.17026756348253,25000.0,50.0,1,0.0,0.0,0.0,0,0,1,0.0,0.0,1,0.0,0.0,0.0,1,0.0,522.7494466647489,0.0,-190.61110460270808,1800.0,-65.34368083309361,0.0,0.0,343099.98828487453,0,362.5864382255835,-5871.613864248379,298.89398783892904,60.18727427778002,-5871.613864248379,60.18727427778002,900000.0,1852.2421259731675,1,25186.702433078783,77000.0,75973.48316480081,77000.0,25193.49216632802,1,1,1,0,1,0,350473.9941492017,0,1,900000.0,-5950.940860215053,0,0,1.0,0,1.0,0.0,1,1,0,357848.6433185535,343534.6975858114,1,600000.0,400000.0,0,0.44056680433509016
37.2,9.068088467069044,9.068088467069044,9.068088467069044,9.068088467069044,-34947.84572000636,57.543745926107505,60.84827203968086,25000.0,50.0,1,0.0,0.0,0.0,0,0,1,0.0,0.0,1,0.0,0.0,0.0,1,0.0,527.7988700597361,0.0,-186.51478466427574,1800.0,-65.97485875746702,0.0,0.0,335726.61239569634,0,351.19807747263934,-5871.621013986976,301.80953375062074,58.86545368167702,-5871.621013986976,58.86545368167702,900000.0,1852.197744191627,1,25181.45937980782,77000.0,75973.57765218773,77000.0,25186.702433078783,1,1,1,0,1,0,343099.98828487453,0,1,900000.0,-5950.940860215053,0,0,1.0,0,1.0,0.0,1,1,0,350473.9941492017,336455.03438323364,1,600000.0,400000.0,0,0.4415681586040879
37.300000000000004,8.854944980141514,8.854944980141514,8.854944980141514,8.854944980141514,-34947.88827525048,56.22214849582807,59.526393134344964,25000.0,50.0,1,0.0,0.0,0.0,0,0,1,0.0,0.0,1,0.0,0.0,0.0,1,0.0,532.8478528217474,0.0,-182.41880727413954,1800.0,-66.60598160271843,0.0,0.0,328353.8530934512,0,340.02856866645953,-5871.628011825927,304.724819706969,57.543745926107505,-5871.628011825927,57.543745926107505,900000.0,1852.1542799936458,1,25177.37945331254,77000.0,75973.67016358802,77000.0,25181.45937980782,1,1,1,0,1,0,335726.61239569634,0,1,900000.0,-5950.940860215053,0,0,1.0,0,1.0,0.0,1,1,0,343099.98828487453,329375.98875347956,1,600000.0,400000.0,0,0.4425484442849018
37.4,8.64181847683193,8.64181847683193,8.64181847683193,8.64181847683193,-34947.92992638792,54.900658876877394,58.204628328853325,25000.0,50.0,1,0.0,0.0,0.0,0,0,1,0.0,0.0,1,0.0,0.0,0.0,1,0.0,537.8964045646703,0.0,-178.32316497826142,1800.0,-67.23705057058379,0.0,0.0,320981.6969608705,0,329.07164173976184,-5871.634858232756,307.63985126375,56.22214849582807,-5871.634858232756,56.22214849582807,900000.0,1852.1117247495126,1,25174.174959378128,77000.0,75973.76070953894,77000.0,25177.37945331254,1,1,1,0,1,0,328353.8530934512,0,1,900000.0,-5950.940860215053,0,0,1.0,0,1.0,0.0,1,1,0,335726.61239569634,322297.54789986846,1,600000.0,400000.0,0,0.44350766317746093
37.5,8.428708551985226,8.428708551985226,8.428708551985226,8.428708551985226,-34947.97067620137,53.579274556357966,56.88297510683649,25000.0,50.0,1,0.0,0.0,0.0,0,0,1,0.0,0.0,1,0.0,0.0,0.0,1,0.0,542.9445348960268,0.0,-174.22785031511128,1800.0,-67.86806686200335,0.0,0.0,313610.1305672003,0,318.3212638889612,-5871.641553485453,310.55463397154426,54.900658876877394,-5871.641553485453,54.900658876877394,900000.0,1852.070073612088,1,25171.630110879003,77000.0,75973.84929608993,77000.0,25174.174959378128,1,1,1,0,1,0,320981.6969608705,0,1,900000.0,-5950.940860215053,0,0,1.0,0,1.0,0.0,1,1,0,328353.8530934512,315219.6989697131,1,600000.0,400000.0,0,0.4444458170434422
37.6,8.215614800584687,8.215614800584687,8.215614800584687,8.215614800584687,-34948.01052634542,52.257993022308405,55.561430953530426,25000.0,50.0,1,0.0,0.0,0.0,0,0,1,0.0,0.0,1,0.0,0.0,0.0,1,0.0,547.9922534184417,0.0,-170.13285582024616,1800.0,-68.49903167730521,0.0,0.0,306239.1404764431,0,307.7716284587982,-5871.648097758201,313.4691733772572,53.579274556357966,-5871.648097758201,53.579274556357966,900000.0,1852.0293237986318,1,25169.583058018736,77000.0,75973.93592683786,77000.0,25171.630110879003,1,1,1,0,1,0,313610.1305672003,0,1,900000.0,-5950.940860215053,0,0,1.0,0,1.0,0.0,1,1,0,320981.6969608705,308142.4290824357,1,600000.0,400000.0,0,0.4453629076061876
37.7,8.002536817743657,8.002536817743657,8.002536817743657,8.002536817743657,-34948.04947785682,50.93681176362506,54.23999335541545,25000.0,50.0,1,0.0,0.0,0.0,0,0,1,0.0,0.0,1,0.0,0.0,0.0,1,0.0,553.0395697304767,0.0,-166.03817402872133,1800.0,-69.12994621630959,0.0,0.0,298868.7132516984,0,297.417144445025,-5871.654491168093,316.38347502496697,52.257993022308405,-5871.654491168093,52.257993022308405,900000.0,1851.989473654584,1,25167.912407829892,77000.0,75974.02060403656,77000.0,25169.583058018736,1,1,1,0,1,0,306239.1404764431,0,1,900000.0,-5950.940860215053,0,0,1.0,0,1.0,0.0,1,1,0,313610.1305672003,301065.72534451226,1,600000.0,400000.0,0,0.44625893655066523
37.800000000000004,7.789474198699619,7.789474198699619,7.789474198699619,7.789474198699619,-34948.08753143249,49.61572827001068,52.91865980001075,25000.0,50.0,1,0.0,0.0,0.0,0,0,1,0.0,0.0,1,0.0,0.0,0.0,1,0.0,558.0864934271175,0.0,-161.943797476347,1800.0,-69.76081167838969,0.0,0.0,291498.8354574246,0,287.2524265758842,-5871.66073380058,319.29754445640555,50.93681176362506,-5871.66073380058,50.93681176362506,900000.0,1851.9505221431828,1,25166.527112065294,77000.0,75974.10332920107,77000.0,25167.912407829892,1,1,1,0,1,0,298868.7132516984,0,1,900000.0,-5950.940860215053,0,0,1.0,0,1.0,0.0,1,1,0,306239.1404764431,293989.57485738536,1,600000.0,400000.0,0,0.44713390552345506
37.9,7.576426538809566,7.576426538809566,7.576426538809566,7.576426538809566,-34948.12468758105,48.294740031937636,51.59742777575362,25000.0,50.0,1,0.0,0.0,0.0,0,0,1,0.0,0.0,1,0.0,0.0,0.0,1,0.0,563.1330341000732,0.0,-157.8497187003307,1800.0,-70.39162926250916,0.0,0.0,284129.49366059527,0,277.2722859357361,-5871.6668257233505,322.2113872112406,49.61572827001068,-5871.6668257233505,49.61572827001068,900000.0,1851.9124685675083,1,25165.358882172302,77000.0,75974.18410343706,77000.0,25166.527112065294,1,1,1,0,1,0,291498.8354574246,0,1,900000.0,-5950.940860215053,0,0,1.0,0,1.0,0.0,1,1,0,298868.7132516984,286913.96472163044,1,600000.0,400000.0,0,0.4479878161327457
38.0,7.363393433546084,7.363393433546084,7.363393433546084,7.363393433546084,-34948.16094670538,46.97384454061931,50.276294771924995,25000.0,50.0,1,0.0,0.0,0.0,0,0,1,0.0,0.0,1,0.0,0.0,0.0,1,0.0,568.1792013379735,0.0,-153.75593023959422,1800.0,-71.02240016724669,0.0,0.0,276760.6744312696,0,267.4717210967002,-5871.67276699389,325.125008827248,48.294740031937636,-5871.67276699389,48.294740031937636,900000.0,1851.875312418953,1,25164.35650000882,77000.0,75974.2629276204,77000.0,25165.358882172302,1,1,1,0,1,0,284129.49366059527,0,1,900000.0,-5950.940860215053,0,0,1.0,0,1.0,0.0,1,1,0,291498.8354574246,279838.8820391276,1,600000.0,400000.0,0,0.44882066994833825
38.1,7.150374478493806,7.150374478493806,7.150374478493806,7.150374478493806,-34948.196309147635,45.65303928798572,48.95525827860009,25000.0,50.0,1,0.0,0.0,0.0,0,0,1,0.0,0.0,1,0.0,0.0,0.0,1,0.0,573.2250047265073,0.0,-149.66242463491605,1800.0,-71.65312559081342,0.0,0.0,269392.3643428489,0,257.84590972655894,-5871.678557663601,328.0384148404256,46.97384454061931,-5871.678557663601,46.97384454061931,900000.0,1851.8390532946182,1,25163.481550599747,77000.0,75974.33980249485,77000.0,25164.35650000882,1,1,1,0,1,0,276760.6744312696,0,1,900000.0,-5950.940860215053,0,0,1.0,0,1.0,0.0,1,1,0,284129.49366059527,272764.3139141714,1,600000.0,400000.0,0,0.4496324685016543
38.2,6.937369269346092,6.937369269346092,6.937369269346092,6.937369269346092,-34948.23077521376,44.33232176666159,47.6343157866129,25000.0,50.0,1,0.0,0.0,0.0,0,0,1,0.0,0.0,1,0.0,0.0,0.0,1,0.0,578.2704538485339,0.0,-145.5691944289827,1800.0,-72.28380673106673,0.0,0.0,262024.5499721689,0,248.3902006433831,-5871.684197780049,330.9516107850735,45.65303928798572,-5871.684197780049,45.65303928798572,900000.0,1851.803690852367,1,25162.7052215516,77000.0,75974.41472872553,77000.0,25163.481550599747,1,1,1,0,1,0,269392.3643428489,0,1,900000.0,-5950.940860215053,0,0,1.0,0,1.0,0.0,1,1,0,276760.6744312696,265690.2474540188,1,600000.0,400000.0,0,0.4504232132857436
38.300000000000004,6.724377401901817,6.724377401901817,6.724377401901817,6.724377401901817,-34948.26434518685,43.01168946994577,46.31346478752811,25000.0,50.0,1,0.0,0.0,0.0,0,0,1,0.0,0.0,1,0.0,0.0,0.0,1,0.0,583.3155582841749,0.0,-141.47623216639033,1800.0,-72.91444478552187,0.0,0.0,254657.2178995026,0,239.10010628939997,-5871.689687388185,333.8646021938581,44.33232176666159,-5871.689687388185,44.33232176666159,900000.0,1851.769224786255,1,25162.005902530058,77000.0,75974.48770692793,77000.0,25162.7052215516,1,1,1,0,1,0,262024.5499721689,0,1,900000.0,-5950.940860215053,0,0,1.0,0,1.0,0.0,1,1,0,269392.3643428489,258616.66976913493,1,600000.0,400000.0,0,0.4511929057552946
38.400000000000006,6.511398472062219,6.511398472062219,6.511398472062219,6.511398472062219,-34948.29701933448,41.691139891791266,44.9927027736171,25000.0,50.0,1,0.0,0.0,0.0,0,0,1,0.0,0.0,1,0.0,0.0,0.0,1,0.0,588.3603276108984,0.0,-137.38353039362087,1800.0,-73.5450409513623,0.0,0.0,247290.35470851755,0,229.97129559853175,-5871.695026531021,336.7773945978652,43.01168946994577,-5871.695026531021,43.01168946994577,900000.0,1851.7356548131513,1,25161.36738482265,77000.0,75974.55873768365,77000.0,25162.005902530058,1,1,1,0,1,0,254657.2178995026,0,1,900000.0,-5950.940860215053,0,0,1.0,0,1.0,0.0,1,1,0,262024.5499721689,251543.56797328213,1,600000.0,400000.0,0,0.4519415473266436
38.5,6.29843207582779,6.29843207582779,6.29843207582779,6.29843207582779,-34948.32879791263,40.37067052678576,43.67202723783621,25000.0,50.0,1,0.0,0.0,0.0,0,0,1,0.0,0.0,1,0.0,0.0,0.0,1,0.0,593.4047714035975,0.0,-133.29108165900467,1800.0,-74.17559642544968,0.0,0.0,239923.9469862084,0,220.99958723379166,-5871.700215249982,339.6899935266486,41.691139891791266,-5871.700215249982,41.691139891791266,900000.0,1851.7029806655219,1,25160.777510986285,77000.0,75974.62782154919,77000.0,25161.36738482265,1,1,1,0,1,0,247290.35470851755,0,1,900000.0,-5950.940860215053,0,0,1.0,0,1.0,0.0,1,1,0,254657.2178995026,244470.9291835225,1,600000.0,400000.0,0,0.452669139377785
38.6,6.085477809295184,6.085477809295184,6.085477809295184,6.085477809295184,-34948.359681167894,39.0502788701323,42.35143567380625,25000.0,50.0,1,0.0,0.0,0.0,0,0,1,0.0,0.0,1,0.0,0.0,0.0,1,0.0,598.4488992346663,0.0,-129.19887851267526,1800.0,-74.80611240433329,0.0,0.0,232557.98132281547,0,212.1809431723585,-5871.705253585117,342.60240450827536,40.37067052678576,-5871.705253585117,40.37067052678576,900000.0,1851.6712020873722,1,25160.227162069103,77000.0,75974.69495906064,77000.0,25160.777510986285,1,1,1,0,1,0,239923.9469862084,0,1,900000.0,-5950.940860215053,0,0,1.0,0,1.0,0.0,1,1,0,247290.35470851755,237398.74052017683,1,600000.0,400000.0,0,0.4533756832483808
38.7,5.872535268654133,5.872535268654133,5.872535268654133,5.872535268654133,-34948.38966933862,37.72996241763014,41.03092557579259,25000.0,50.0,1,0.0,0.0,0.0,0,0,1,0.0,0.0,1,0.0,0.0,0.0,1,0.0,603.4927206740754,0.0,-125.10691350652093,1800.0,-75.43659008425942,0.0,0.0,225192.44431173766,0,203.5114626176535,-5871.7101415752,345.51463306936984,39.0502788701323,-5871.7101415752,39.0502788701323,900000.0,1851.6403188321065,1,25159.70949801958,77000.0,75974.76015073613,77000.0,25160.227162069103,1,1,1,0,1,0,232557.98132281547,0,1,900000.0,-5950.940860215053,0,0,1.0,0,1.0,0.0,1,1,0,239923.9469862084,230326.98910676007,1,600000.0,400000.0,0,0.45406118023976993
38.800000000000004,5.659604050184377,5.659604050184377,5.659604050184377,5.659604050184377,-34948.418762655594,36.409718665655625,39.71049443868573,25000.0,50.0,1,0.0,0.0,0.0,0,0,1,0.0,0.0,1,0.0,0.0,0.0,1,0.0,608.5362452894441,0.0,-121.01517919413378,1800.0,-76.06703066118051,0.0,0.0,217827.3225494408,0,194.98737621913628,-5871.714879257793,348.42668473515704,37.72996241763014,-5871.714879257793,37.72996241763014,900000.0,1851.6103306613825,1,25159.21938798949,77000.0,75974.82339707737,77000.0,25159.70949801958,1,1,1,0,1,0,225192.44431173766,0,1,900000.0,-5950.940860215053,0,0,1.0,0,1.0,0.0,1,1,0,232557.98132281547,223255.66206990284,1,600000.0,400000.0,0,0.45472563161497803
38.900000000000006,5.446683750252594,5.446683750252594,5.446683750252594,5.446683750252594,-34948.44696134238,35.08954511114314,38.390139757982006,25000.0,50.0,1,0.0,0.0,0.0,0,0,1,0.0,0.0,1,0.0,0.0,0.0,1,0.0,613.5794826461147,0.0,-116.923668130758,1800.0,-76.69743533076434,0.0,0.0,210462.6026353644,0,186.6050405818274,-5871.719466669272,351.3385650295047,36.409718665655625,-5871.719466669272,36.409718665655625,900000.0,1851.5812373444087,1,25158.752983058723,77000.0,75974.8846985704,77000.0,25159.21938798949,1,1,1,0,1,0,217827.3225494408,0,1,900000.0,-5950.940860215053,0,0,1.0,0,1.0,0.0,1,1,0,225192.44431173766,216184.74653926815,1,600000.0,400000.0,0,0.4553690385987258
39.0,5.233773965309333,5.233773965309333,5.233773965309333,5.233773965309333,-34948.47426561551,33.769439251566084,37.069859029764416,25000.0,50.0,1,0.0,0.0,0.0,0,0,1,0.0,0.0,1,0.0,0.0,0.0,1,0.0,618.622442307225,0.0,-112.83237287323756,1800.0,-77.32780528840313,0.0,0.0,203098.2711718276,0,178.3609330487541,-5871.723903844858,354.2502794749656,35.08954511114314,-5871.723903844858,35.08954511114314,900000.0,1851.5530386576158,1,25158.307395777792,77000.0,75974.94405568589,77000.0,25158.752983058723,1,1,1,0,1,0,210462.6026353644,0,1,900000.0,-5950.940860215053,0,0,1.0,0,1.0,0.0,1,1,0,217827.3225494408,209114.22964746316,1,600000.0,400000.0,0,0.45599140237743857
39.1,5.020874291885949,5.020874291885949,5.020874291885949,5.020874291885949,-34948.50067568459,32.449398584917866,35.74964975068357,25000.0,50.0,1,0.0,0.0,0.0,0,0,1,0.0,0.0,1,0.0,0.0,0.0,1,0.0,623.6651338337817,0.0,-108.74128597996362,1800.0,-77.95814172922272,0.0,0.0,195734.31476393453,0,170.25164674062177,-5871.728190818612,357.16183359282013,33.769439251566084,-5871.728190818612,33.769439251566084,900000.0,1851.5257343844908,1,25157.88045982414,77000.0,75975.00146887956,77000.0,25158.307395777792,1,1,1,0,1,0,203098.2711718276,0,1,900000.0,-5950.940860215053,0,0,1.0,0,1.0,0.0,1,1,0,210462.6026353644,202044.0985299498,1,600000.0,400000.0,0,0.45659272409925394
39.2,4.807984326591543,4.807984326591543,4.807984326591543,4.807984326591543,-34948.52619175238,31.129420609692886,34.429509417938576,25000.0,50.0,1,0.0,0.0,0.0,0,0,1,0.0,0.0,1,0.0,0.0,0.0,1,0.0,628.707566784732,0.0,-104.65040001082184,1800.0,-78.5884458480915,0.0,0.0,188370.7200194793,0,162.27388583803753,-5871.732327623454,360.0732329031179,32.449398584917866,-5871.732327623454,32.449398584917866,900000.0,1851.4993243154008,1,25157.470549743786,77000.0,75975.05693859213,77000.0,25157.88045982414,1,1,1,0,1,0,195734.31476393453,0,1,900000.0,-5950.940860215053,0,0,1.0,0,1.0,0.0,1,1,0,203098.2711718276,194974.34032495448,1,600000.0,400000.0,0,0.4571730048740306
39.300000000000004,4.595103666109901,4.595103666109901,4.595103666109901,4.595103666109901,-34948.550814014794,29.809502824867568,33.1094355292581,25000.0,50.0,1,0.0,0.0,0.0,0,0,1,0.0,0.0,1,0.0,0.0,0.0,1,0.0,633.7497507170373,0.0,-100.5597075271394,1800.0,-79.21871883962966,0.0,0.0,181007.47354885092,0,154.4244610925609,-5871.736314291155,362.98448292471966,31.129420609692886,-5871.736314291155,31.129420609692886,900000.0,1851.473808247622,1,25157.076445757644,77000.0,75975.11046524957,77000.0,25157.470549743786,1,1,1,0,1,0,188370.7200194793,0,1,900000.0,-5950.940860215053,0,0,1.0,0,1.0,0.0,1,1,0,195734.31476393453,187904.94217337715,1,600000.0,400000.0,0,0.4577322457733561
39.400000000000006,4.3822319071964335,4.3822319071964335,4.3822319071964335,4.3822319071964335,-34948.57454266096,28.48964272988139,31.78942558288129,25000.0,50.0,1,0.0,0.0,0.0,0,0,1,0.0,0.0,1,0.0,0.0,0.0,1,0.0,638.791695185745,0.0,-96.46920109163243,1800.0,-79.84896189821812,0.0,0.0,173644.56196493836,0,146.7002855537354,-5871.74015085235,365.8955891753397,29.809502824867568,-5871.74015085235,29.809502824867568,900000.0,1851.4491859851976,1,25156.69723236578,77000.0,75975.16204926294,77000.0,25157.076445757644,1,1,1,0,1,0,181007.47354885092,0,1,900000.0,-5950.940860215053,0,0,1.0,0,1.0,0.0,1,1,0,188370.7200194793,180835.89121870013,1,600000.0,400000.0,0,0.4582704478305546
39.5,4.169368646675117,4.169368646675117,4.169368646675117,4.169368646675117,-34948.597377873186,27.16983782461789,30.46947707753881,25000.0,50.0,1,0.0,0.0,0.0,0,0,1,0.0,0.0,1,0.0,0.0,0.0,1,0.0,643.8334097440616,0.0,-92.37887326835298,1800.0,-80.4791762180077,0.0,0.0,166281.97188303535,0,139.0983705000758,-5871.743837336529,368.80655717158726,28.48964272988139,-5871.743837336529,28.48964272988139,900000.0,1851.4254573390456,1,25156.33222230098,77000.0,75975.21169102866,77000.0,25156.69723236578,1,1,1,0,1,0,173644.56196493836,0,1,900000.0,-5950.940860215053,0,0,1.0,0,1.0,0.0,1,1,0,181007.47354885092,173767.17460689688,1,600000.0,400000.0,0,0.4587876120406941
39.6,3.956513481435441,3.956513481435441,3.956513481435441,3.956513481435441,-34948.61931982702,25.85008560938573,29.14958751243386,25000.0,50.0,1,0.0,0.0,0.0,0,0,1,0.0,0.0,1,0.0,0.0,0.0,1,0.0,648.8749039434244,0.0,-88.28871662263637,1800.0,-81.10936299292806,0.0,0.0,158919.68992074547,0,131.61582156274122,-5871.747373772047,371.7173924290086,27.16983782461789,-5871.747373772047,27.16983782461789,900000.0,1851.402622126818,1,25155.98089949346,77000.0,75975.25939092832,77000.0,25156.33222230098,1,1,1,0,1,0,166281.97188303535,0,1,900000.0,-5950.940860215053,0,0,1.0,0,1.0,0.0,1,1,0,173644.56196493836,166698.77948634082,1,600000.0,400000.0,0,0.45928373936059397
39.7,3.743666008429347,3.743666008429347,3.743666008429347,3.743666008429347,-34948.64036869122,24.530383584899734,27.829754387223215,25000.0,50.0,1,0.0,0.0,0.0,0,0,1,0.0,0.0,1,0.0,0.0,0.0,1,0.0,653.9161873335752,0.0,-84.19872372104827,1800.0,-81.7395234166969,0.0,0.0,151557.70269788688,0,124.24983503133345,-5871.750760186115,374.62810046212866,25.85008560938573,-5871.750760186115,25.85008560938573,900000.0,1851.3806801729743,1,25155.6428762946,77000.0,75975.30514932875,77000.0,25155.98089949346,1,1,1,0,1,0,158919.68992074547,0,1,900000.0,-5950.940860215053,0,0,1.0,0,1.0,0.0,1,1,0,166281.97188303535,159630.69300771394,1,600000.0,400000.0,0,0.45975883070883117
39.800000000000004,3.5308258246681787,3.5308258246681787,3.5308258246681787,3.5308258246681787,-34948.66052462776,23.210729252261952,26.509975201998223,25000.0,50.0,1,0.0,0.0,0.0,0,0,1,0.0,0.0,1,0.0,0.0,0.0,1,0.0,658.9572694626314,0.0,-80.10888713133193,1800.0,-82.36965868282893,0.0,0.0,144195.99683639748,0,116.9976943319142,-5871.7539966048125,377.5386867844934,24.530383584899734,-5871.7539966048125,24.530383584899734,900000.0,1851.3596313087753,1,25155.317861394782,77000.0,75975.34896658208,77000.0,25155.6428762946,1,1,1,0,1,0,151557.70269788688,0,1,900000.0,-5950.940860215053,0,0,1.0,0,1.0,0.0,1,1,0,158919.68992074547,152562.90232391565,1,600000.0,400000.0,0,0.4602128869657476
39.900000000000006,3.317992527219624,3.317992527219624,3.317992527219624,3.317992527219624,-34948.67978779184,21.89112011294271,25.190247457265897,25000.0,50.0,1,0.0,0.0,0.0,0,0,1,0.0,0.0,1,0.0,0.0,0.0,1,0.0,663.9981598771593,0.0,-76.01919942235548,1800.0,-82.99976998464491,0.0,0.0,136834.55896023987,0,109.85676666794735,-5871.757083053077,380.449156908711,23.210729252261952,-5871.757083053077,23.210729252261952,900000.0,1851.3394753722425,1,25155.005635761583,77000.0,75975.39084302574,77000.0,25155.317861394782,1,1,1,0,1,0,144195.99683639748,0,1,900000.0,-5950.940860215053,0,0,1.0,0,1.0,0.0,1,1,0,151557.70269788688,145495.3945899714,1,600000.0,400000.0,0,0.4606459089734558
40.0,3.1051657132046646,3.1051657132046646,3.1051657132046646,3.1051657132046646,-34948.698158331914,20.57155366876167,23.870568653929933,25000.0,50.0,1,0.0,0.0,0.0,0,0,1,0.0,0.0,1,0.0,0.0,0.0,1,0.0,669.0388681222458,0.0,-71.92965316405919,1800.0,-83.62985851528073,0.0,0.0,129473.37569530653,0,102.82449981543955,-5871.760019554709,383.3595163464941,21.89112011294271,-5871.760019554709,21.89112011294271,900000.0,1851.3202122081582,1,25154.706034593462,77000.0,75975.43077898242,77000.0,25155.005635761583,1,1,1,0,1,0,136834.55896023987,0,1,900000.0,-5950.940860215053,0,0,1.0,0,1.0,0.0,1,1,0,144195.99683639748,138428.15696294158,1,600000.0,400000.0,0,0.4610578975358456
40.1,2.892344979794524,2.892344979794524,2.892344979794524,2.892344979794524,-34948.71563638963,19.25202742186892,22.550936293271782,25000.0,50.0,1,0.0,0.0,0.0,0,0,1,0.0,0.0,1,0.0,0.0,0.0,1,0.0,674.0794037415715,0.0,-67.84024092740256,1800.0,-84.25992546769643,0.0,0.0,122112.43366932462,0,95.89841906408496,-5871.762806132378,386.2697706087012,20.57155366876167,-5871.762806132378,20.57155366876167,900000.0,1851.3018416680854,1,25154.418933785062,77000.0,75975.46877476005,77000.0,25154.706034593462,1,1,1,0,1,0,129473.37569530653,0,1,900000.0,-5950.940860215053,0,0,1.0,0,1.0,0.0,1,1,0,136834.55896023987,131361.17660183026,1,600000.0,400000.0,0,0.4614488534185891
40.2,2.6795299242076163,2.6795299242076163,2.6795299242076163,2.6795299242076163,-34948.73222209991,17.93253887472605,21.231347876931707,25000.0,50.0,1,0.0,0.0,0.0,0,0,1,0.0,0.0,1,0.0,0.0,0.0,1,0.0,679.119776277482,0.0,-63.75095528431183,1800.0,-84.88997203468524,0.0,0.0,114751.71951176129,0,89.07612429671121,-5871.765442807609,389.17992520537877,19.25202742186892,-5871.765442807609,19.25202742186892,900000.0,1851.2843636103748,1,25154.14423977621,77000.0,75975.50483065197,77000.0,25154.418933785062,1,1,1,0,1,0,122112.43366932462,0,1,900000.0,-5950.940860215053,0,0,1.0,0,1.0,0.0,1,1,0,129473.37569530653,124294.44066749426,1,600000.0,400000.0,0,0.4618187773491471
40.300000000000004,2.466720143706494,2.466720143706494,2.466720143706494,2.466720143706494,-34948.74791559089,16.613085530087222,19.911800906889848,25000.0,50.0,1,0.0,0.0,0.0,0,0,1,0.0,0.0,1,0.0,0.0,0.0,1,0.0,684.1599952710616,0.0,-59.66178880762703,1800.0,-85.5199994088827,0.0,0.0,107391.21985372866,0,82.35528719978682,-5871.767929600796,392.08998564580264,17.93253887472605,-5871.767929600796,17.93253887472605,900000.0,1851.2677779000917,1,25153.881881938447,77000.0,75975.53894693672,77000.0,25154.14423977621,1,1,1,0,1,0,114751.71951176129,0,1,900000.0,-5950.940860215053,0,0,1.0,0,1.0,0.0,1,1,0,122112.43366932462,117227.93632255163,1,600000.0,400000.0,0,0.4621676700167737
40.400000000000006,2.2539152355948002,2.2539152355948002,2.2539152355948002,2.2539152355948002,-34948.76271698394,15.293664890980262,18.592292885447314,25000.0,50.0,1,0.0,0.0,0.0,0,0,1,0.0,0.0,1,0.0,0.0,0.0,1,0.0,689.2000702622038,0.0,-55.57273407104953,1800.0,-86.15000878277547,0.0,0.0,100030.92132788915,0,75.73364859817873,-5871.770266531199,394.99995743852054,16.613085530087222,-5871.770266531199,16.613085530087222,900000.0,1851.252084409108,1,25153.631806865207,77000.0,75975.57112387812,77000.0,25153.881881938447,1,1,1,0,1,0,107391.21985372866,0,1,900000.0,-5950.940860215053,0,0,1.0,0,1.0,0.0,1,1,0,114751.71951176129,110161.65073129084,1,600000.0,400000.0,0,0.46249553207252164
40.5,2.04111479721422,2.04111479721422,2.04111479721422,2.04111479721422,-34948.776626393694,13.974274460687761,17.272821315207253,25000.0,50.0,1,0.0,0.0,0.0,0,0,1,0.0,0.0,1,0.0,0.0,0.0,1,0.0,694.2400107896856,0.0,-51.4837836490892,1800.0,-86.7800013487107,0.0,0.0,92670.81056836055,0,69.20901590775111,-5871.772453616939,397.90984609139235,15.293664890980262,-5871.772453616939,15.293664890980262,900000.0,1851.2372830160639,1,25153.39397408934,77000.0,75975.60136172542,77000.0,25153.631806865207,1,1,1,0,1,0,100030.92132788915,0,1,900000.0,-5950.940860215053,0,0,1.0,0,1.0,0.0,1,1,0,107391.21985372866,103095.57105957951,1,600000.0,400000.0,0,0.4628023641292466
40.6,1.8283184259414305,1.8283184259414305,1.8283184259414305,1.8283184259414305,-34948.78964392802,12.654911742728164,15.953383699055925,25000.0,50.0,1,0.0,0.0,0.0,0,0,1,0.0,0.0,1,0.0,0.0,0.0,1,0.0,699.2798263912377,0.0,-47.394930117011704,1800.0,-87.40997829890472,0.0,0.0,85310.87421062107,0,62.779260699771044,-5871.774490875005,400.8196571116337,13.974274460687761,-5871.774490875005,13.974274460687761,900000.0,1851.2233736063063,1,25153.168352871035,77000.0,75975.6296607131,77000.0,25153.39397408934,1,1,1,0,1,0,92670.81056836055,0,1,900000.0,-5950.940860215053,0,0,1.0,0,1.0,0.0,1,1,0,100030.92132788915,96029.68447477359,1,600000.0,400000.0,0,0.46308816676161196
40.7,1.6155257191850547,1.6155257191850547,1.6155257191850547,1.6155257191850547,-34948.80176968803,11.33557424083687,14.633977540143816,25000.0,50.0,1,0.0,0.0,0.0,0,0,1,0.0,0.0,1,0.0,0.0,0.0,1,0.0,704.3195266036184,0.0,-43.30616605078602,1800.0,-88.0399408254523,0.0,0.0,77951.09889141483,0,56.44231637143783,-5871.776378321248,403.7293960058559,12.654911742728164,-5871.776378321248,12.654911742728164,900000.0,1851.210356071977,1,25152.954919789066,77000.0,75975.65602106093,77000.0,25153.168352871035,1,1,1,0,1,0,85310.87421062107,0,1,900000.0,-5950.940860215053,0,0,1.0,0,1.0,0.0,1,1,0,92670.81056836055,88963.97814562613,1,600000.0,400000.0,0,0.46335294050609305
40.800000000000004,1.402736274382613,1.402736274382613,1.402736274382613,1.402736274382613,-34948.81300376807,10.01625945894734,13.314600341866715,25000.0,50.0,1,0.0,0.0,0.0,0,0,1,0.0,0.0,1,0.0,0.0,0.0,1,0.0,709.3591209626846,0.0,-39.217484027031574,1800.0,-88.66989012033558,0.0,0.0,70591.47124865683,0,50.196175917179794,-5871.778115970388,406.6390682801089,11.33557424083687,-5871.778115970388,11.33557424083687,900000.0,1851.1982303119717,1,25152.753656934095,77000.0,75975.68044297404,77000.0,25152.954919789066,1,1,1,0,1,0,77951.09889141483,0,1,900000.0,-5950.940860215053,0,0,1.0,0,1.0,0.0,1,1,0,85310.87421062107,81898.43924219623,1,600000.0,400000.0,0,0.4635966858609806
40.900000000000006,1.1899496889974774,1.1899496889974774,1.1899496889974774,1.1899496889974774,-34948.82334625575,8.696964901172201,11.995249607846818,25000.0,50.0,1,0.0,0.0,0.0,0,0,1,0.0,0.0,1,0.0,0.0,0.0,1,0.0,714.3986190034648,0.0,-35.12887662296578,1800.0,-89.2998273754331,0.0,0.0,63231.977921338395,0,44.03888979566958,-5871.779703836009,409.5486794399223,10.01625945894734,-5871.779703836009,10.01625945894734,900000.0,1851.1869962319397,1,25152.564550553627,77000.0,75975.70292664295,77000.0,25152.753656934095,1,1,1,0,1,0,70591.47124865683,0,1,900000.0,-5950.940860215053,0,0,1.0,0,1.0,0.0,1,1,0,77951.09889141483,74833.05493575823,1,600000.0,400000.0,0,0.46381940328638455
41.0,0.9771655605158243,0.9771655605158243,0.9771655605158243,0.9771655605158243,-34948.832797231924,7.377688071784361,10.675922841913833,25000.0,50.0,1,0.0,0.0,0.0,0,0,1,0.0,0.0,1,0.0,0.0,0.0,1,0.0,719.4380302602311,0.0,-31.040336416351284,1800.0,-89.92975378252889,0.0,0.0,55872.60554943231,0,37.968563887796314,-5871.78114193056,412.4582349903473,8.696964901172201,-5871.78114193056,8.696964901172201,900000.0,1851.1766537442452,1,25152.387590035618,77000.0,75975.7234722433,77000.0,25152.564550553627,1,1,1,0,1,0,63231.977921338395,0,1,900000.0,-5950.940860215053,0,0,1.0,0,1.0,0.0,1,1,0,70591.47124865683,67767.81239871055,1,600000.0,400000.0,0,0.4640210932042379
41.1,0.7643834864435892,0.7643834864435892,0.7643834864435892,0.7643834864435892,-34948.841356770696,6.058426475198111,9.356617548086078,25000.0,50.0,1,0.0,0.0,0.0,0,0,1,0.0,0.0,1,0.0,0.0,0.0,1,0.0,724.4773642665706,0.0,-26.951855985443423,1800.0,-90.55967053332132,0.0,0.0,48513.34077379816,0,31.983357541100904,-5871.782430265363,415.3677404359986,7.377688071784361,-5871.782430265363,7.377688071784361,900000.0,1851.1672027680793,1,25152.222767146548,77000.0,75975.74207993629,77000.0,25152.387590035618,1,1,1,0,1,0,55872.60554943231,0,1,900000.0,-5950.940860215053,0,0,1.0,0,1.0,0.0,1,1,0,63231.977921338395,60702.698804484855,1,600000.0,400000.0,0,0.4642017559982988
41.2,0.5516030643034211,0.5516030643034211,0.5516030643034211,0.5516030643034211,-34948.84902493944,4.739177615950253,8.0373312305516,25000.0,50.0,1,0.0,0.0,0.0,0,0,1,0.0,0.0,1,0.0,0.0,0.0,1,0.0,729.516630555459,0.0,-22.863427908937588,1800.0,-91.18957881943237,0.0,0.0,41154.17023608766,0,26.08148169643362,-5871.783568850597,418.27720128109513,6.058426475198111,-5871.783568850597,6.058426475198111,900000.0,1851.1586432293075,1,25152.070075459458,77000.0,75975.75874986834,77000.0,25152.222767146548,1,1,1,0,1,0,48513.34077379816,0,1,900000.0,-5950.940860215053,0,0,1.0,0,1.0,0.0,1,1,0,55872.60554943231,53637.70132745501,1,600000.0,400000.0,0,0.4643613920141544
41.300000000000004,0.33882389163163673,0.33882389163163673,0.33882389163163673,0.33882389163163673,-34948.85580179875,3.4199389986812108,6.718061393649274,25000.0,50.0,1,0.0,0.0,0.0,0,0,1,0.0,0.0,1,0.0,0.0,0.0,1,0.0,734.5558386593312,0.0,-18.775044765916565,1800.0,-91.8194798324164,0.0,0.0,33795.08057864982,0,20.26119709282863,-5871.784557695313,421.18662302950304,4.739177615950253,-5871.784557695313,4.739177615950253,900000.0,1851.1509750605626,1,25151.929509925307,77000.0,75975.7734821712,77000.0,25152.070075459458,1,1,1,0,1,0,41154.17023608766,0,1,900000.0,-5950.940860215053,0,0,1.0,0,1.0,0.0,1,1,0,48513.34077379816,46572.807142846235,1,600000.0,400000.0,0,0.4645000015592224
41.400000000000006,0.12604556597517588,0.12604556597517588,0.12604556597517588,0.12604556597517588,-34948.8616874025,2.100708128116148,5.398805541849926,25000.0,50.0,1,0.0,0.0,0.0,0,0,1,0.0,0.0,1,0.0,0.0,0.0,1,0.0,739.5949981101546,0.0,-14.686699135797992,1800.0,-92.44937476376933,0.0,0.0,26436.058444436385,0,14.520812546811852,-5871.78539680743,424.0960111847762,3.4199389986812108,-5871.78539680743,3.4199389986812108,900000.0,1851.1441982012514,1,25151.801066551492,77000.0,75975.78627696195,0.0,25151.929509925307,1,1,0,0,1,0,33795.08057864982,0,1,900000.0,-5950.940860215053,0,0,1.0,0,1.0,0.0,1,1,0,41154.17023608766,39508.00342664415,1,600000.0,400000.0,0,0.464617584902754
41.5,0.0,0.0,0.0,0.0,-34948.86668179782,0.7814825090460905,4.079561179737449,25000.0,50.0,1,0.0,0.0,0.0,0,0,1,0.0,0.0,1,0.0,0.0,0.0,1,0.0,744.6341184395005,0.0,-10.598383598281739,1800.0,-93.07926480493757,0.0,0.0,19077.09047690713,0,8.858683302565973,-5871.78608619373,427.00537125019855,2.100708128116148,-5871.78608619373,2.100708128116148,900000.0,1851.1383125975017,1,25151.684742160567,0.0,75975.79713434307,0.0,25151.801066551492,1,1,0,0,1,0,26436.058444436385,0,1,900000.0,-5950.940860215053,0,0,1.0,0,1.0,0.0,1,1,0,33795.08057864982,32443.277355503822,1,600000.0,400000.0,0,0.4647141422758359
41.6,0.0,0.0,0.0,0.0,-34948.87078502508,0.0,2.760325811989915,25000.0,50.0,1,0.0,0.0,0.0,0,0,1,0.0,0.0,1,0.0,0.0,0.0,1,0.0,749.6732091786171,0.0,-6.510090733297304,1800.0,-93.70915114732713,0.0,0.0,11718.163319935147,0,3.2732094495719,-5871.786625859865,429.9147087288253,0.7814825090460905,-5871.786625859865,0.7814825090460905,900000.0,1851.1333182021883,1,25151.58053420938,0.0,75975.80605440235,0.0,25151.684742160567,1,1,0,0,1,0,19077.09047690713,0,1,900000.0,-0.0,0,0,1.0,0,1.0,0.0,1,1,0,26436.058444436385,25378.61610665893,1,600000.0,400000.0,0,0.4647896738713914
41.7,0.0,0.0,0.0,0.0,-34948.87399711792,0.0,1.4410969433606986,25000.0,50.0,1,0.0,0.0,0.0,0,0,1,0.0,0.0,1,0.0,0.0,0.0,1,0.0,100.0,0.0,-2.421813120951241,1800.0,0.37313041276362635,0.0,0.0,4359.263617712233,0,0.0,-5879.853121115717,432.82402912352524,0.0,-5879.853121115717,0.0,900000.0,1851.1292149749206,1,25151.488440653367,0.0,75975.81303721287,0.0,25151.58053420938,1,1,0,0,1,0,11718.163319935147,0,1,900000.0,-0.0,0,0,1.0,0,1.0,0.0,1,1,0,19077.09047690713,18314.006857830846,1,600000.0,400000.0,0,0.4648441798441826
41.800000000000004,0.0,0.0,0.0,0.0,-34996.88577688075,0.0,0.4803656477868994,25000.0,50.0,1,0.0,0.0,0.0,0,0,1,0.0,0.0,1,0.0,0.0,0.0,1,-0.0,100.0,0.0,-0.0,1800.0,0.0,0.0,0.0,0.0,0,0.0,-2928.204322922167,57.73502691896258,0.0,-2928.204322922167,0.0,900000.0,1851.126002882082,1,25151.408459844923,0.0,76080.18647147989,0.0,25151.488440653367,1,1,0,0,1,0,4359.263617712233,0,1,900000.0,-0.0,0,0,1.0,0,1.0,0.0,1,1,0,11718.163319935147,11249.436787137742,1,600000.0,400000.0,0,0.464877660310811
41.900000000000006,0.0,0.0,0.0,0.0,-17428.67213003274,0.0,0.1601218825956331,25000.0,50.0,1,0.0,0.0,0.0,0,0,1,0.0,0.0,1,0.0,0.0,0.0,1,-0.0,100.0,0.0,-0.0,1800.0,0.0,0.0,0.0,0.0,0,0.0,-1464.1021614610838,57.73502691896258,0.0,-1464.1021614610838,0.0,900000.0,1803.1142231192523,1,24988.264983196368,0.0,37888.417673984215,0.0,25151.408459844923,1,1,0,0,1,0,0.0,0,1,900000.0,-0.0,0,0,1.0,0,1.0,0.0,1,1,0,4359.263617712233,4184.893073003744,1,600000.0,400000.0,0,0.46489011534971875
42.0,0.0,0.0,0.0,0.0,-8714.33606501637,0.0,0.053373960865211026,25000.0,50.0,1,0.0,0.0,0.0,0,0,1,0.0,0.0,1,0.0,0.0,0.0,1,-0.0,100.0,0.0,-0.0,1800.0,0.0,0.0,0.0,0.0,0,0.0,-732.0510807305419,57.73502691896258,0.0,-732.0510807305419,0.0,900000.0,19371.327869967263,1,84540.54612179694,0.0,18944.20883699211,0.0,24988.264983196368,1,1,0,0,1,0,0.0,0,1,900000.0,-0.0,0,0,1.0,0,1.0,0.0,1,1,0,0.0,0.0,1,600000.0,400000.0,0,0.46489011534971875
42.1,0.0,0.0,0.0,0.0,-4357.168032508185,0.0,0.01779132028840367,25000.0,50.0,1,0.0,0.0,0.0,0,0,1,0.0,0.0,1,0.0,0.0,0.0,1,-0.0,100.0,0.0,-0.0,1800.0,0.0,0.0,0.0,0.0,0,0.0,-366.02554036527096,57.73502691896258,0.0,-366.02554036527096,0.0,900000.0,28085.66393498363,1,158805.08328354754,0.0,9472.104418496056,0.0,84540.54612179694,1,1,0,0,1,0,0.0,0,1,900000.0,-0.0,0,0,1.0,0,1.0,0.0,1,1,0,0.0,0.0,1,600000.0,400000.0,0,0.46489011534971875
42.2,0.0,0.0,0.0,0.0,-2178.5840162540926,0.0,0.0059304400961345555,25000.0,50.0,1,0.0,0.0,0.0,0,0,1,0.0,0.0,1,0.0,0.0,0.0,1,-0.0,100.0,0.0,-0.0,1800.0,0.0,0.0,0.0,0.0,0,0.0,-183.01277018263548,57.73502691896258,0.0,-183.01277018263548,0.0,900000.0,32442.83196749182,1,229303.6493087606,0.0,4736.052209248028,0.0,158805.08328354754,1,1,0,0,1,0,0.0,0,1,900000.0,-0.0,0,0,1.0,0,1.0,0.0,1,1,0,0.0,0.0,1,600000.0,400000.0,0,0.46489011534971875
42.300000000000004,0.0,0.0,0.0,0.0,-1089.2920081270463,0.0,0.001976813365378185,25000.0,50.0,1,0.0,0.0,0.0,0,0,1,0.0,0.0,1,0.0,0.0,0.0,1,-0.0,100.0,0.0,-0.0,1800.0,0.0,0.0,0.0,0.0,0,0.0,-91.50638509131774,57.73502691896258,0.0,-91.50638509131774,0.0,900000.0,34621.41598374591,1,289577.6554046204,0.0,2368.026104624014,0.0,229303.6493087606,1,1,0,0,1,0,0.0,0,1,900000.0,-0.0,0,0,1.0,0,1.0,0.0,1,1,0,0.0,0.0,1,600000.0,400000.0,0,0.46489011534971875
42.400000000000006,0.0,0.0,0.0,0.0,-544.6460040635232,0.0,0.0006589377884593948,25000.0,50.0,1,0.0,0.0,0.0,0,0,1,0.0,0.0,1,0.0,0.0,0.0,1,-0.0,100.0,0.0,-0.0,1800.0,0.0,0.0,0.0,0.0,0,0.0,-45.75319254565887,57.73502691896258,0.0,-45.75319254565887,0.0,900000.0,35710.70799187295,1,338483.2007649903,0.0,1184.013052312007,0.0,289577.6554046204,1,1,0,0,1,0,0.0,0,1,900000.0,-0.0,0,0,1.0,0,1.0,0.0,1,1,0,0.0,0.0,1,600000.0,400000.0,0,0.46489011534971875
42.5,0.0,0.0,0.0,0.0,-272.3230020317616,0.0,0.00021964592948646493,25000.0,50.0,1,0.0,0.0,0.0,0,0,1,0.0,0.0,1,0.0,0.0,0.0,1,-0.0,100.0,0.0,-0.0,1800.0,0.0,0.0,0.0,0.0,0,0.0,-22.876596272829435,57.73502691896258,0.0,-22.876596272829435,0.0,900000.0,36255.35399593648,1,377012.3801795052,0.0,592.0065261560035,0.0,338483.2007649903,1,1,0,0,1,0,0.0,0,1,900000.0,-0.0,0,0,1.0,0,1.0,0.0,1,1,0,0.0,0.0,1,600000.0,400000.0,0,0.46489011534971875
42.6,0.0,0.0,0.0,0.0,-136.1615010158808,0.0,7.321530982882163e-05,25000.0,50.0,1,0.0,0.0,0.0,0,0,1,0.0,0.0,1,0.0,0.0,0.0,1,-0.0,100.0,0.0,-0.0,1800.0,0.0,0.0,0.0,0.0,0,0.0,-11.438298136414717,57.73502691896258,0.0,-11.438298136414717,0.0,900000.0,36527.676997968236,1,406834.27493751014,0.0,296.00326307800174,0.0,377012.3801795052,1,1,0,0,1,0,0.0,0,1,900000.0,-0.0,0,0,1.0,0,1.0,0.0,1,1,0,0.0,0.0,1,600000.0,400000.0,0,0.46489011534971875
42.7,0.0,0.0,0.0,0.0,-68.0807505079404,0.0,2.4405103276273873e-05,25000.0,50.0,1,0.0,0.0,0.0,0,0,1,0.0,0.0,1,0.0,0.0,0.0,1,-0.0,100.0,0.0,-0.0,1800.0,0.0,0.0,0.0,0.0,0,0.0,-5.719149068207359,57.73502691896258,0.0,-5.719149068207359,0.0,900000.0,36663.83849898412,1,429663.2011045732,0.0,148.00163153900087,0.0,406834.27493751014,1,1,0,0,1,0,0.0,0,1,900000.0,-0.0,0,0,1.0,0,1.0,0.0,1,1,0,0.0,0.0,1,600000.0,400000.0,0,0.46489011534971875
42.800000000000004,0.0,0.0,0.0,0.0,-34.0403752539702,0.0,8.135034425424621e-06,25000.0,50.0,1,0.0,0.0,0.0,0,0,1,0.0,0.0,1,0.0,0.0,0.0,1,-0.0,100.0,0.0,-0.0,1800.0,0.0,0.0,0.0,0.0,0,0.0,-2.8595745341036793,57.73502691896258,0.0,-2.8595745341036793,0.0,900000.0,36731.919249492064,1,447016.14827915025,0.0,74.00081576950043,0.0,429663.2011045732,1,1,0,0,1,0,0.0,0,1,900000.0,-0.0,0,0,1.0,0,1.0,0.0,1,1,0,0.0,0.0,1,600000.0,400000.0,0,0.46489011534971875
42.900000000000006,0.0,0.0,0.0,0.0,-17.0201876269851,0.0,2.7116781418082067e-06,25000.0,50.0,1,0.0,0.0,0.0,0,0,1,0.0,0.0,1,0.0,0.0,0.0,1,-0.0,100.0,0.0,-0.0,1800.0,0.0,0.0,0.0,0.0,0,0.0,-1.4297872670518397,57.73502691896258,0.0,-1.4297872670518397,0.0,900000.0,36765.959624746036,1,460146.48493472283,0.0,37.00040788475022,0.0,447016.14827915025,1,1,0,0,1,0,0.0,0,1,900000.0,-0.0,0,0,1.0,0,1.0,0.0,1,1,0,0.0,0.0,1,600000.0,400000.0,0,0.46489011534971875
43.0,0.0,0.0,0.0,0.0,-8.51009381349255,0.0,9.038927139360687e-07,25000.0,50.0,1,0.0,0.0,0.0,0,0,1,0.0,0.0,1,0.0,0.0,0.0,1,-0.0,100.0,0.0,-0.0,1800.0,0.0,0.0,0.0,0.0,0,0.0,-0.7148936335259198,57.73502691896258,0.0,-0.7148936335259198,0.0,900000.0,36782.979812373014,1,470052.0505637222,0.0,18.50020394237511,0.0,460146.48493472283,1,1,0,0,1,0,0.0,0,1,900000.0,-0.0,0,0,1.0,0,1.0,0.0,1,1,0,0.0,0.0,1,600000.0,400000.0,0,0.46489011534971875
43.1,0.0,0.0,0.0,0.0,-4.255046906746275,0.0,3.0129757131202286e-07,25000.0,50.0,1,0.0,0.0,0.0,0,0,1,0.0,0.0,1,0.0,0.0,0.0,1,-0.0,100.0,0.0,-0.0,1800.0,0.0,0.0,0.0,0.0,0,0.0,-0.3574468167629599,57.73502691896258,0.0,-0.3574468167629599,0.0,900000.0,36791.489906186514,1,477510.13135413174,0.0,9.250101971187554,0.0,470052.0505637222,1,1,0,0,1,0,0.0,0,1,900000.0,-0.0,0,0,1.0,0,1.0,0.0,1,1,0,0.0,0.0,1,600000.0,400000.0,0,0.46489011534971875
43.2,0.0,0.0,0.0,0.0,-2.1275234533731373,0.0,1.0043252377067428e-07,25000.0,50.0,1,0.0,0.0,0.0,0,0,1,0.0,0.0,1,0.0,0.0,0.0,1,-0.0,100.0,0.0,-0.0,1800.0,0.0,0.0,0.0,0.0,0,0.0,-0.17872340838147996,57.73502691896258,0.0,-0.17872340838147996,0.0,900000.0,36795.74495309325,1,483118.14523126883,0.0,4.625050985593777,0.0,477510.13135413174,1,1,0,0,1,0,0.0,0,1,900000.0,-0.0,0,0,1.0,0,1.0,0.0,1,1,0,0.0,0.0,1,600000.0,400000.0,0,0.46489011534971875
43.300000000000004,0.0,0.0,0.0,0.0,-1.0637617266865687,0.0,3.347750792355809e-08,25000.0,50.0,1,0.0,0.0,0.0,0,0,1,0.0,0.0,1,0.0,0.0,0.0,1,-0.0,100.0,0.0,-0.0,1800.0,0.0,0.0,0.0,0.0,0,0.0,-0.08936170419073998,57.73502691896258,0.0,-0.08936170419073998,0.0,900000.0,36797.87247654663,1,487331.38228128664,0.0,2.3125254927968886,0.0,483118.14523126883,1,1,0,0,1,0,0.0,0,1,900000.0,-0.0,0,0,1.0,0,1.0,0.0,1,1,0,0.0,0.0,1,600000.0,400000.0,0,0.46489011534971875
43.400000000000006,0.0,0.0,0.0,0.0,-0.5318808633432843,0.0,1.1159169307852694e-08,25000.0,50.0,1,0.0,0.0,0.0,0,0,1,0.0,0.0,1,0.0,0.0,0.0,1,-0.0,100.0,0.0,-0.0,1800.0,0.0,0.0,0.0,0.0,0,0.0,-0.04468085209536999,57.73502691896258,0.0,-0.04468085209536999,0.0,900000.0,36798.936238273316,1,490494.9233898825,0.0,1.1562627463984443,0.0,487331.38228128664,1,1,0,0,1,0,0.0,0,1,900000.0,-0.0,0,0,1.0,0,1.0,0.0,1,1,0,0.0,0.0,1,600000.0,400000.0,0,0.46489011534971875
43.5,0.0,0.0,0.0,0.0,-0.26594043167164216,0.0,3.719723102617564e-09,25000.0,50.0,1,0.0,0.0,0.0,0,0,1,0.0,0.0,1,0.0,0.0,0.0,1,-0.0,100.0,0.0,-0.0,1800.0,0.0,0.0,0.0,0.0,0,0.0,-0.022340426047684995,57.73502691896258,0.0,-0.022340426047684995,0.0,900000.0,36799.468119136654,1,492869.38588187064,0.0,0.5781313731992221,0.0,490494.9233898825,1,1,0,0,1,0,0.0,0,1,900000.0,-0.0,0,0,1.0,0,1.0,0.0,1,1,0,0.0,0.0,1,600000.0,400000.0,0,0.46489011534971875
43.6,0.0,0.0,0.0,0.0,-0.13297021583582108,0.0,1.239907700872521e-09,25000.0,50.0,1,0.0,0.0,0.0,0,0,1,0.0,0.0,1,0.0,0.0,0.0,1,-0.0,100.0,0.0,-0.0,1800.0,0.0,0.0,0.0,0.0,0,0.0,-0.011170213023842497,57.73502691896258,0.0,-0.011170213023842497,0.0,900000.0,36799.73405956833,1,494651.13608113234,0.0,0.28906568659961107,0.0,492869.38588187064,1,1,0,0,1,0,0.0,0,1,900000.0,-0.0,0,0,1.0,0,1.0,0.0,1,1,0,0.0,0.0,1,600000.0,400000.0,0,0.46489011534971875
43.7,0.0,0.0,0.0,0.0,-0.06648510791791054,0.0,4.1330256695750696e-10,25000.0,50.0,1,0.0,0.0,0.0,0,0,1,0.0,0.0,1,0.0,0.0,0.0,1,-0.0,100.0,0.0,-0.0,1800.0,0.0,0.0,0.0,0.0,0,0.0,-0.005585106511921249,57.73502691896258,0.0,-0.005585106511921249,0.0,900000.0,36799.86702978417,1,495987.9003957139,0.0,0.14453284329980554,0.0,494651.13608113234,1,1,0,0,1,0,0.0,0,1,900000.0,-0.0,0,0,1.0,0,1.0,0.0,1,1,0,0.0,0.0,1,600000.0,400000.0,0,0.46489011534971875
43.800000000000004,0.0,0.0,0.0,0.0,-0.03324255395895527,0.0,1.3776752231916897e-10,25000.0,50.0,1,0.0,0.0,0.0,0,0,1,0.0,0.0,1,0.0,0.0,0.0,1,-0.0,100.0,0.0,-0.0,1800.0,0.0,0.0,0.0,0.0,0,0.0,-0.0027925532559606244,57.73502691896258,0.0,-0.0027925532559606244,0.0,900000.0,36799.93351489208,1,496990.69946421776,0.0,0.07226642164990277,0.0,495987.9003957139,1,1,0,0,1,0,0.0,0,1,900000.0,-0.0,0,0,1.0,0,1.0,0.0,1,1,0,0.0,0.0,1,600000.0,400000.0,0,0.46489011534971875
43.900000000000006,0.0,0.0,0.0,0.0,-0.016621276979477635,0.0,4.5922507439722985e-11,25000.0,50.0,1,0.0,0.0,0.0,0,0,1,0.0,0.0,1,0.0,0.0,0.0,1,-0.0,100.0,0.0,-0.0,1800.0,0.0,0.0,0.0,0.0,0,0.0,-0.0013962766279803122,57.73502691896258,0.0,-0.0013962766279803122,0.0,900000.0,36799.96675744605,1,497742.9116818795,0.0,0.036133210824951384,0.0,496990.69946421776,1,1,0,0,1,0,0.0,0,1,900000.0,-0.0,0,0,1.0,0,1.0,0.0,1,1,0,0.0,0.0,1,600000.0,400000.0,0,0.46489011534971875
44.0,0.0,0.0,0.0,0.0,-0.008310638489738818,0.0,1.530750247990766e-11,25000.0,50.0,1,0.0,0.0,0.0,0,0,1,0.0,0.0,1,0.0,0.0,0.0,1,-0.0,100.0,0.0,-0.0,1800.0,0.0,0.0,0.0,0.0,0,0.0,-0.0006981383139901561,57.73502691896258,0.0,-0.0006981383139901561,0.0,900000.0,36799.983378723016,1,498307.1273032677,0.0,0.018066605412475692,0.0,497742.9116818795,1,1,0,0,1,0,0.0,0,1,900000.0,-0.0,0,0,1.0,0,1.0,0.0,1,1,0,0.0,0.0,1,600000.0,400000.0,0,0.46489011534971875
44.1,0.0,0.0,0.0,0.0,-0.004155319244869409,0.0,5.102500826635886e-12,25000.0,50.0,1,0.0,0.0,0.0,0,0,1,0.0,0.0,1,0.0,0.0,0.0,1,-0.0,100.0,0.0,-0.0,1800.0,0.0,0.0,0.0,0.0,0,0.0,-0.00034906915699507804,57.73502691896258,0.0,-0.00034906915699507804,0.0,900000.0,36799.991689361515,1,498730.3172483798,0.0,0.009033302706237846,0.0,498307.1273032677,1,1,0,0,1,0,0.0,0,1,900000.0,-0.0,0,0,1.0,0,1.0,0.0,1,1,0,0.0,0.0,1,600000.0,400000.0,0,0.46489011534971875
44.2,0.0,0.0,0.0,0.0,-0.0020776596224347044,0.0,1.7008336088786285e-12,25000.0,50.0,1,0.0,0.0,0.0,0,0,1,0.0,0.0,1,0.0,0.0,0.0,1,-0.0,100.0,0.0,-0.0,1800.0,0.0,0.0,0.0,0.0,0,0.0,-0.00017453457849753902,57.73502691896258,0.0,-0.00017453457849753902,0.0,900000.0,36799.99584468076,1,499047.7238217494,0.0,0.004516651353118923,0.0,498730.3172483798,1,1,0,0,1,0,0.0,0,1,900000.0,-0.0,0,0,1.0,0,1.0,0.0,1,1,0,0.0,0.0,1,600000.0,400000.0,0,0.46489011534971875
44.300000000000004,0.0,0.0,0.0,0.0,-0.0010388298112173522,0.0,5.669445362928761e-13,25000.0,50.0,1,0.0,0.0,0.0,0,0,1,0.0,0.0,1,0.0,0.0,0.0,1,-0.0,100.0,0.0,-0.0,1800.0,0.0,0.0,0.0,0.0,0,0.0,-8.726728924876951e-05,57.73502691896258,0.0,-8.726728924876951e-05,0.0,900000.0,36799.99792234038,1,499285.78580904426,0.0,0.0022583256765594615,0.0,499047.7238217494,1,1,0,0,1,0,0.0,0,1,900000.0,-0.0,0,0,1.0,0,1.0,0.0,1,1,0,0.0,0.0,1,600000.0,400000.0,0,0.46489011534971875
44.400000000000006,0.0,0.0,0.0,0.0,-0.0005194149056086761,0.0,1.8898151209762534e-13,25000.0,50.0,1,0.0,0.0,0.0,0,0,1,0.0,0.0,1,0.0,0.0,0.0,1,-0.0,100.0,0.0,-0.0,1800.0,0.0,0.0,0.0,0.0,0,0.0,-4.3633644624384756e-05,57.73502691896258,0.0,-4.3633644624384756e-05,0.0,900000.0,36799.99896117019,1,499464.3358281493,0.0,0.0011291628382797307,0.0,499285.78580904426,1,1,0,0,1,0,0.0,0,1,900000.0,-0.0,0,0,1.0,0,1.0,0.0,1,1,0,0.0,0.0,1,600000.0,400000.0,0,0.46489011534971875
44.5,0.0,0.0,0.0,0.0,-0.00025970745280433805,0.0,6.29938373658751e-14,25000.0,50.0,1,0.0,0.0,0.0,0,0,1,0.0,0.0,1,0.0,0.0,0.0,1,-0.0,100.0,0.0,-0.0,1800.0,0.0,0.0,0.0,0.0,0,0.0,-2.1816822312192378e-05,57.73502691896258,0.0,-2.1816822312192378e-05,0.0,900000.0,36799.9994805851,1,499598.25010679505,0.0,0.0005645814191398654,0.0,499464.3358281493,1,1,0,0,1,0,0.0,0,1,900000.0,-0.0,0,0,1.0,0,1.0,0.0,1,1,0,0.0,0.0,1,600000.0,400000.0,0,0.46489011534971875
44.6,0.0,0.0,0.0,0.0,-0.00012985372640216903,0.0,2.0997945788625032e-14,25000.0,50.0,1,0.0,0.0,0.0,0,0,1,0.0,0.0,1,0.0,0.0,0.0,1,-0.0,100.0,0.0,-0.0,1800.0,0.0,0.0,0.0,0.0,0,0.0,-1.0908411156096189e-05,57.73502691896258,0.0,-1.0908411156096189e-05,0.0,900000.0,36799.999740292544,1,499698.6866979378,0.0,0.0002822907095699327,0.0,499598.25010679505,1,1,0,0,1,0,0.0,0,1,900000.0,-0.0,0,0,1.0,0,1.0,0.0,1,1,0,0.0,0.0,1,600000.0,400000.0,0,0.46489011534971875
44.7,0.0,0.0,0.0,0.0,-6.492686320108451e-05,0.0,6.99931526287501e-15,25000.0,50.0,1,0.0,0.0,0.0,0,0,1,0.0,0.0,1,0.0,0.0,0.0,1,-0.0,100.0,0.0,-0.0,1800.0,0.0,0.0,0.0,0.0,0,0.0,-5.4542055780480945e-06,57.73502691896258,0.0,-5.4542055780480945e-06,0.0,900000.0,36799.999870146275,1,499774.01458237413,0.0,0.00014114535478496634,0.0,499698.6866979378,1,1,0,0,1,0,0.0,0,1,900000.0,-0.0,0,0,1.0,0,1.0,0.0,1,1,0,0.0,0.0,1,600000.0,400000.0,0,0.46489011534971875
44.800000000000004,0.0,0.0,0.0,0.0,-3.2463431600542256e-05,0.0,2.3331050876250024e-15,25000.0,50.0,1,0.0,0.0,0.0,0,0,1,0.0,0.0,1,0.0,0.0,0.0,1,-0.0,100.0,0.0,-0.0,1800.0,0.0,0.0,0.0,0.0,0,0.0,-2.7271027890240472e-06,57.73502691896258,0.0,-2.7271027890240472e-06,0.0,900000.0,36799.99993507314,1,499830.51071624097,0.0,7.057267739248317e-05,0.0,499774.01458237413,1,1,0,0,1,0,0.0,0,1,900000.0,-0.0,0,0,1.0,0,1.0,0.0,1,1,0,0.0,0.0,1,600000.0,400000.0,0,0.46489011534971875
44.900000000000006,0.0,0.0,0.0,0.0,-1.6231715800271128e-05,0.0,7.777016958750007e-16,25000.0,50.0,1,0.0,0.0,0.0,0,0,1,0.0,0.0,1,0.0,0.0,0.0,1,-0.0,100.0,0.0,-0.0,1800.0,0.0,0.0,0.0,0.0,0,0.0,-1.3635513945120236e-06,57.73502691896258,0.0,-1.3635513945120236e-06,0.0,900000.0,36799.999967536576,1,499872.88292691094,0.0,3.5286338696241586e-05,0.0,499830.51071624097,1,1,0,0,1,0,0.0,0,1,900000.0,-0.0,0,0,1.0,0,1.0,0.0,1,1,0,0.0,0.0,1,600000.0,400000.0,0,0.46489011534971875
45.0,0.0,0.0,0.0,0.0,-8.115857900135564e-06,0.0,2.592338986250001e-16,25000.0,50.0,1,0.0,0.0,0.0,0,0,1,0.0,0.0,1,0.0,0.0,0.0,1,-0.0,100.0,0.0,-0.0,1800.0,0.0,0.0,0.0,0.0,0,0.0,-6.817756972560118e-07,57.73502691896258,0.0,-6.817756972560118e-07,0.0,900000.0,36799.999983768284,1,499904.6621400483,0.0,1.7643169348120793e-05,0.0,499872.88292691094,1,1,0,0,1,0,0.0,0,1,900000.0,-0.0,0,0,1.0,0,0.3,0.0,1,1,0,0.0,0.0,1,600000.0,400000.0,0,0.46489011534971875
45.1,0.0,0.0,0.0,0.0,-4.057928950067782e-06,0.0,8.641129954166668e-17,25000.0,50.0,1,0.0,0.0,0.0,0,0,1,0.0,0.0,1,0.0,0.0,0.0,1,-0.0,100.0,0.0,-0.0,1800.0,0.0,0.0,0.0,0.0,0,0.0,-3.408878486280059e-07,57.73502691896258,0.0,-3.408878486280059e-07,0.0,900000.0,36799.99999188415,1,499928.49657746876,0.0,8.821584674060396e-06,0.0,499904.6621400483,1,1,0,0,1,0,0.0,0,1,900000.0,-0.0,0,0,0.3,0,0.3,0.0,1,1,0,0.0,0.0,1,600000.0,400000.0,0,0.46489011534971875
45.2,0.0,0.0,0.0,0.0,-2.028964475033891e-06,0.0,2.8803766513888894e-17,25000.0,50.0,1,0.0,0.0,0.0,0,0,1,0.0,0.0,1,0.0,0.0,0.0,1,-0.0,100.0,0.0,-0.0,1800.0,0.0,0.0,0.0,0.0,0,0.0,-1.7044392431400295e-07,57.73502691896258,0.0,-1.7044392431400295e-07,0.0,900000.0,11039.999995942071,1,412446.37241931784,0.0,4.410792337030198e-06,0.0,499928.49657746876,1,1,0,0,1,0,0.0,0,1,900000.0,-0.0,0,0,0.3,0,0.3,0.0,1,1,0,0.0,0.0,1,600000.0,400000.0,0,0.46489011534971875
45.300000000000004,0.0,0.0,0.0,0.0,-1.0144822375169455e-06,0.0,9.601255504629628e-18,25000.0,50.0,1,0.0,0.0,0.0,0,0,1,0.0,0.0,1,0.0,0.0,0.0,1,-0.0,100.0,0.0,-0.0,1800.0,0.0,0.0,0.0,0.0,0,0.0,-8.522196215700148e-08,57.73502691896258,0.0,-8.522196215700148e-08,0.0,900000.0,11039.999997971037,1,346834.7793075965,0.0,2.205396168515099e-06,0.0,412446.37241931784,1,1,0,0,1,0,0.0,0,1,900000.0,-0.0,0,0,0.3,0,0.3,0.0,1,1,0,0.0,0.0,1,600000.0,400000.0,0,0.46489011534971875
45.400000000000006,0.0,0.0,0.0,0.0,-5.072411187584728e-07,0.0,3.200418501543209e-18,25000.0,50.0,1,0.0,0.0,0.0,0,0,1,0.0,0.0,1,0.0,0.0,0.0,1,-0.0,100.0,0.0,-0.0,1800.0,0.0,0.0,0.0,0.0,0,0.0,-4.261098107850074e-08,57.73502691896258,0.0,-4.261098107850074e-08,0.0,900000.0,11039.999998985517,1,297626.08447725145,0.0,1.1026980842575496e-06,0.0,346834.7793075965,1,1,0,0,1,0,0.0,0,1,900000.0,-0.0,0,0,0.3,0,0.3,0.0,1,1,0,0.0,0.0,1,600000.0,400000.0,0,0.46489011534971875
45.5,0.0,0.0,0.0,0.0,-2.536205593792364e-07,0.0,1.0668061671810693e-18,25000.0,50.0,1,0.0,0.0,0.0,0,0,1,0.0,0.0,1,0.0,0.0,0.0,1,-0.0,100.0,0.0,-0.0,1800.0,0.0,0.0,0.0,0.0,0,0.0,-2.130549053925037e-08,57.73502691896258,0.0,-2.130549053925037e-08,0.0,900000.0,11039.99999949276,1,260719.56335621563,0.0,5.513490421287748e-07,0.0,297626.08447725145,1,1,0,0,1,0,0.0,0,1,900000.0,-0.0,0,0,0.3,0,0.3,0.0,1,1,0,0.0,0.0,1,600000.0,400000.0,0,0.46489011534971875
45.6,0.0,0.0,0.0,0.0,-1.268102796896182e-07,0.0,3.5560205572702305e-19,25000.0,50.0,1,0.0,0.0,0.0,0,0,1,0.0,0.0,1,0.0,0.0,0.0,1,-0.0,100.0,0.0,-0.0,1800.0,0.0,0.0,0.0,0.0,0,0.0,-1.0652745269625184e-08,57.73502691896258,0.0,-1.0652745269625184e-08,0.0,900000.0,11039.99999974638,1,233039.67251630023,0.0,2.756745210643874e-07,0.0,260719.56335621563,1,1,0,0,1,0,0.0,0,1,900000.0,-0.0,0,0,0.3,0,0.3,0.0,1,1,0,0.0,0.0,1,600000.0,400000.0,0,0.46489011534971875
45.7,0.0,0.0,0.0,0.0,-6.34051398448091e-08,0.0,1.1853401857567429e-19,25000.0,50.0,1,0.0,0.0,0.0,0,0,1,0.0,0.0,1,0.0,0.0,0.0,1,-0.0,100.0,0.0,-0.0,1800.0,0.0,0.0,0.0,0.0,0,0.0,-5.326372634812592e-09,57.73502691896258,0.0,-5.326372634812592e-09,0.0,900000.0,11039.99999987319,1,212279.75438679443,0.0,1.378372605321937e-07,0.0,233039.67251630023,1,1,0,0,1,0,0.0,0,1,900000.0,-0.0,0,0,0.3,0,0.3,0.0,1,1,0,0.0,0.0,1,600000.0,400000.0,0,0.46489011534971875
45.800000000000004,0.0,0.0,0.0,0.0,-3.170256992240455e-08,0.0,3.951133952522476e-20,25000.0,50.0,1,0.0,0.0,0.0,0,0,1,0.0,0.0,1,0.0,0.0,0.0,1,-0.0,100.0,0.0,-0.0,1800.0,0.0,0.0,0.0,0.0,0,0.0,-2.663186317406296e-09,57.73502691896258,0.0,-2.663186317406296e-09,0.0,900000.0,11039.999999936595,1,196709.81578988046,0.0,6.891863026609685e-08,0.0,212279.75438679443,1,1,0,0,1,0,0.0,0,1,900000.0,-0.0,0,0,0.3,0,0.3,0.0,1,1,0,0.0,0.0,1,600000.0,400000.0,0,0.46489011534971875
45.900000000000006,0.0,0.0,0.0,0.0,-1.5851284961202274e-08,0.0,1.3170446508408252e-20,25000.0,50.0,1,0.0,0.0,0.0,0,0,1,0.0,0.0,1,0.0,0.0,0.0,1,-0.0,100.0,0.0,-0.0,1800.0,0.0,0.0,0.0,0.0,0,0.0,-1.331593158703148e-09,57.73502691896258,0.0,-1.331593158703148e-09,0.0,900000.0,11039.999999968299,1,185032.36184230266,0.0,3.4459315133048424e-08,0.0,196709.81578988046,1,1,0,0,1,0,0.0,0,1,900000.0,-0.0,0,0,0.3,0,0.3,0.0,1,1,0,0.0,0.0,1,600000.0,400000.0,0,0.46489011534971875
46.0,0.0,0.0,0.0,0.0,-7.925642480601137e-09,0.0,4.3901488361360825e-21,25000.0,50.0,1,0.0,0.0,0.0,0,0,1,0.0,0.0,1,0.0,0.0,0.0,1,-0.0,100.0,0.0,-0.0,1800.0,0.0,0.0,0.0,0.0,0,0.0,-6.65796579351574e-10,57.73502691896258,0.0,-6.65796579351574e-10,0.0,900000.0,11039.99999998415,1,176274.27138167317,0.0,1.7229657566524212e-08,0.0,185032.36184230266,1,1,0,0,1,0,0.0,0,1,900000.0,-0.0,0,0,0.3,0,0.3,0.0,1,1,0,0.0,0.0,1,600000.0,400000.0,0,0.46489011534971875
46.1,0.0,0.0,0.0,0.0,-3.962821240300568e-09,0.0,1.463382945378694e-21,25000.0,50.0,1,0.0,0.0,0.0,0,0,1,0.0,0.0,1,0.0,0.0,0.0,1,-0.0,100.0,0.0,-0.0,1800.0,0.0,0.0,0.0,0.0,0,0.0,-3.32898289675787e-10,57.73502691896258,0.0,-3.32898289675787e-10,0.0,900000.0,11039.999999992075,1,169705.70353622796,0.0,8.614828783262106e-09,0.0,176274.27138167317,1,1,0,0,1,0,0.0,0,1,900000.0,-0.0,0,0,0.3,0,0.3,0.0,1,1,0,0.0,0.0,1,600000.0,400000.0,0,0.46489011534971875
46.2,0.0,0.0,0.0,0.0,-1.981410620150284e-09,0.0,4.877943151262312e-22,25000.0,50.0,1,0.0,0.0,0.0,0,0,1,0.0,0.0,1,0.0,0.0,0.0,1,-0.0,100.0,0.0,-0.0,1800.0,0.0,0.0,0.0,0.0,0,0.0,-1.664491448378935e-10,57.73502691896258,0.0,-1.664491448378935e-10,0.0,900000.0,11039.999999996038,1,164779.2776521575,0.0,4.307414391631053e-09,0.0,169705.70353622796,1,1,0,0,1,0,0.0,0,1,900000.0,-0.0,0,0,0.3,0,0.3,0.0,1,1,0,0.0,0.0,1,600000.0,400000.0,0,0.46489011534971875
46.300000000000004,0.0,0.0,0.0,0.0,-9.90705310075142e-10,0.0,1.6259810504207706e-22,25000.0,50.0,1,0.0,0.0,0.0,0,0,1,0.0,0.0,1,0.0,0.0,0.0,1,-0.0,100.0,0.0,-0.0,1800.0,0.0,0.0,0.0,0.0,0,0.0,-8.322457241894675e-11,57.73502691896258,0.0,-8.322457241894675e-11,0.0,900000.0,11039.99999999802,1,161084.4582391114,0.0,2.1537071958155265e-09,0.0,164779.2776521575,1,1,0,0,1,0,0.0,0,1,900000.0,-0.0,0,0,0.3,0,0.3,0.0,1,1,0,0.0,0.0,1,600000.0,400000.0,0,0.46489011534971875
46.400000000000006,0.0,0.0,0.0,0.0,-4.95352655037571e-10,0.0,5.419936834735902e-23,25000.0,50.0,1,0.0,0.0,0.0,0,0,1,0.0,0.0,1,0.0,0.0,0.0,1,-0.0,100.0,0.0,-0.0,1800.0,0.0,0.0,0.0,0.0,0,0.0,-4.161228620947338e-11,57.73502691896258,0.0,-4.161228620947338e-11,0.0,900000.0,11039.99999999901,1,158313.3436793302,0.0,1.0768535979077632e-09,0.0,161084.4582391114,1,1,0,0,1,0,0.0,0,1,900000.0,-0.0,0,0,0.3,0,0.3,0.0,1,1,0,0.0,0.0,1,600000.0,400000.0,0,0.46489011534971875
46.5,0.0,0.0,0.0,0.0,-2.476763275187855e-10,0.0,1.806645611578634e-23,25000.0,50.0,1,0.0,0.0,0.0,0,0,1,0.0,0.0,1,0.0,0.0,0.0,1,-0.0,100.0,0.0,-0.0,1800.0,0.0,0.0,0.0,0.0,0,0.0,-2.080614310473669e-11,57.73502691896258,0.0,-2.080614310473669e-11,0.0,900000.0,11039.999999999505,1,156235.00775949596,0.0,5.384267989538816e-10,0.0,158313.3436793302,1,1,0,0,1,0,0.0,0,1,900000.0,-0.0,0,0,0.3,0,0.3,0.0,1,1,0,0.0,0.0,1,600000.0,400000.0,0,0.46489011534971875
46.6,0.0,0.0,0.0,0.0,-1.2383816375939276e-10,0.0,6.0221520385954456e-24,25000.0,50.0,1,0.0,0.0,0.0,0,0,1,0.0,0.0,1,0.0,0.0,0.0,1,-0.0,100.0,0.0,-0.0,1800.0,0.0,0.0,0.0,0.0,0,0.0,-1.0403071552368344e-11,57.73502691896258,0.0,-1.0403071552368344e-11,0.0,900000.0,11039.999999999753,1,154676.25581962112,0.0,2.692133994769408e-10,0.0,156235.00775949596,1,1,0,0,1,0,0.0,0,1,900000.0,-0.0,0,0,0.3,0,0.3,0.0,1,1,0,0.0,0.0,1,600000.0,400000.0,0,0.46489011534971875
46.7,0.0,0.0,0.0,0.0,-6.191908187969638e-11,0.0,2.0073840128651483e-24,25000.0,50.0,1,0.0,0.0,0.0,0,0,1,0.0,0.0,1,0.0,0.0,0.0,1,-0.0,100.0,0.0,-0.0,1800.0,0.0,0.0,0.0,0.0,0,0.0,-5.201535776184172e-12,57.73502691896258,0.0,-5.201535776184172e-12,0.0,900000.0,11039.999999999876,1,153507.19186471542,0.0,1.346066997384704e-10,0.0,154676.25581962112,1,1,0,0,1,0,0.0,0,1,900000.0,-0.0,0,0,0.3,0,0.3,0.0,1,1,0,0.0,0.0,1,600000.0,400000.0,0,0.46489011534971875
46.800000000000004,0.0,0.0,0.0,0.0,-3.095954093984819e-11,0.0,6.691280042883826e-25,25000.0,50.0,1,0.0,0.0,0.0,0,0,1,0.0,0.0,1,0.0,0.0,0.0,1,-0.0,100.0,0.0,-0.0,1800.0,0.0,0.0,0.0,0.0,0,0.0,-2.600767888092086e-12,57.73502691896258,0.0,-2.600767888092086e-12,0.0,900000.0,11039.999999999938,1,152630.39389853636,0.0,6.73033498692352e-11,0.0,153507.19186471542,1,1,0,0,1,0,0.0,0,1,900000.0,-0.0,0,0,0.3,0,0.3,0.0,1,1,0,0.0,0.0,1,600000.0,400000.0,0,0.46489011534971875
46.900000000000006,0.0,0.0,0.0,0.0,-1.5479770469924095e-11,0.0,2.2304266809612753e-25,25000.0,50.0,1,0.0,0.0,0.0,0,0,1,0.0,0.0,1,0.0,0.0,0.0,1,-0.0,100.0,0.0,-0.0,1800.0,0.0,0.0,0.0,0.0,0,0.0,-1.300383944046043e-12,57.73502691896258,0.0,-1.300383944046043e-12,0.0,900000.0,11039.999999999969,1,151972.79542390216,0.0,3.36516749346176e-11,0.0,152630.39389853636,1,1,0,0,1,0,0.0,0,1,900000.0,-0.0,0,0,0.3,0,0.3,0.0,1,1,0,0.0,0.0,1,600000.0,400000.0,0,0.46489011534971875
47.0,0.0,0.0,0.0,0.0,-7.739885234962048e-12,0.0,7.434755603204249e-26,25000.0,50.0,1,0.0,0.0,0.0,0,0,1,0.0,0.0,1,0.0,0.0,0.0,1,-0.0,100.0,0.0,-0.0,1800.0,0.0,0.0,0.0,0.0,0,0.0,-6.501919720230215e-13,57.73502691896258,0.0,-6.501919720230215e-13,0.0,900000.0,11039.999999999985,1,151479.59656792658,0.0,1.68258374673088e-11,0.0,151972.79542390216,1,1,0,0,1,0,0.0,0,1,900000.0,-0.0,0,0,0.3,0,0.3,0.0,1,1,0,0.0,0.0,1,600000.0,400000.0,0,0.46489011534971875
47.1,0.0,0.0,0.0,0.0,-3.869942617481024e-12,0.0,2.4782518677347492e-26,25000.0,50.0,1,0.0,0.0,0.0,0,0,1,0.0,0.0,1,0.0,0.0,0.0,1,-0.0,100.0,0.0,-0.0,1800.0,0.0,0.0,0.0,0.0,0,0.0,-3.2509598601151076e-13,57.73502691896258,0.0,-3.2509598601151076e-13,0.0,900000.0,11039.999999999993,1,151109.6974259449,0.0,8.4129187336544e-12,0.0,151479.59656792658,1,1,0,0,1,0,0.0,0,1,900000.0,-0.0,0,0,0.3,0,0.3,0.0,1,1,0,0.0,0.0,1,600000.0,400000.0,0,0.46489011534971875
47.2,0.0,0.0,0.0,0.0,-1.934971308740512e-12,0.0,8.260839559115828e-27,25000.0,50.0,1,0.0,0.0,0.0,0,0,1,0.0,0.0,1,0.0,0.0,0.0,1,-0.0,100.0,0.0,-0.0,1800.0,0.0,0.0,0.0,0.0,0,0.0,-1.6254799300575538e-13,57.73502691896258,0.0,-1.6254799300575538e-13,0.0,900000.0,11039.999999999996,1,150832.27306945866,0.0,4.2064593668272e-12,0.0,151109.6974259449,1,1,0,0,1,0,0.0,0,1,900000.0,-0.0,0,0,0.3,0,0.3,0.0,1,1,0,0.0,0.0,1,600000.0,400000.0,0,0.46489011534971875
47.300000000000004,0.0,0.0,0.0,0.0,-9.67485654370256e-13,0.0,2.7536131863719424e-27,25000.0,50.0,1,0.0,0.0,0.0,0,0,1,0.0,0.0,1,0.0,0.0,0.0,1,-0.0,100.0,0.0,-0.0,1800.0,0.0,0.0,0.0,0.0,0,0.0,-8.127399650287769e-14,57.73502691896258,0.0,-8.127399650287769e-14,0.0,900000.0,11039.999999999998,1,150624.204802094,0.0,2.1032296834136e-12,0.0,150832.27306945866,1,1,0,0,1,0,0.0,0,1,900000.0,-0.0,0,0,0.3,0,0.3,0.0,1,1,0,0.0,0.0,1,600000.0,400000.0,0,0.46489011534971875
47.400000000000006,0.0,0.0,0.0,0.0,-4.83742827185128e-13,0.0,9.178710621239804e-28,25000.0,50.0,1,0.0,0.0,0.0,0,0,1,0.0,0.0,1,0.0,0.0,0.0,1,-0.0,100.0,0.0,-0.0,1800.0,0.0,0.0,0.0,0.0,0,0.0,-4.0636998251438845e-14,57.73502691896258,0.0,-4.0636998251438845e-14,0.0,900000.0,11039.999999999998,1,150468.1536015705,0.0,1.0516148417068e-12,0.0,150624.204802094,1,1,0,0,1,0,0.0,0,1,900000.0,-0.0,0,0,0.3,0,0.3,0.0,1,1,0,0.0,0.0,1,600000.0,400000.0,0,0.46489011534971875
47.5,0.0,0.0,0.0,0.0,-2.41871413592564e-13,0.0,3.059570207079935e-28,25000.0,50.0,1,0.0,0.0,0.0,0,0,1,0.0,0.0,1,0.0,0.0,0.0,1,-0.0,100.0,0.0,-0.0,1800.0,0.0,0.0,0.0,0.0,0,0.0,-2.0318499125719422e-14,57.73502691896258,0.0,-2.0318499125719422e-14,0.0,900000.0,11040.0,1,150351.11520117786,0.0,5.258074208534e-13,0.0,150468.1536015705,1,1,0,0,1,0,0.0,0,1,900000.0,-0.0,0,0,0.3,0,0.3,0.0,1,1,0,0.0,0.0,1,600000.0,400000.0,0,0.46489011534971875
47.6,0.0,0.0,0.0,0.0,-1.20935706796282e-13,0.0,1.0198567356933114e-28,25000.0,50.0,1,0.0,0.0,0.0,0,0,1,0.0,0.0,1,0.0,0.0,0.0,1,-0.0,100.0,0.0,-0.0,1800.0,0.0,0.0,0.0,0.0,0,0.0,-1.0159249562859711e-14,57.73502691896258,0.0,-1.0159249562859711e-14,0.0,900000.0,11040.0,1,150263.3364008834,0.0,2.629037104267e-13,0.0,150351.11520117786,1,1,0,0,1,0,0.0,0,1,900000.0,-0.0,0,0,0.3,0,0.3,0.0,1,1,0,0.0,0.0,1,600000.0,400000.0,0,0.46489011534971875
47.7,0.0,0.0,0.0,0.0,-6.0467853398141e-14,0.0,3.399522452311038e-29,25000.0,50.0,1,0.0,0.0,0.0,0,0,1,0.0,0.0,1,0.0,0.0,0.0,1,-0.0,100.0,0.0,-0.0,1800.0,0.0,0.0,0.0,0.0,0,0.0,-5.0796247814298556e-15,57.73502691896258,0.0,-5.0796247814298556e-15,0.0,900000.0,11040.0,1,150197.50230066254,0.0,1.3145185521335e-13,0.0,150263.3364008834,1,1,0,0,1,0,0.0,0,1,900000.0,-0.0,0,0,0.3,0,0.3,0.0,1,1,0,0.0,0.0,1,600000.0,400000.0,0,0.46489011534971875
47.800000000000004,0.0,0.0,0.0,0.0,-3.02339266990705e-14,0.0,1.1331741507703458e-29,25000.0,50.0,1,0.0,0.0,0.0,0,0,1,0.0,0.0,1,0.0,0.0,0.0,1,-0.0,100.0,0.0,-0.0,1800.0,0.0,0.0,0.0,0.0,0,0.0,-2.5398123907149278e-15,57.73502691896258,0.0,-2.5398123907149278e-15,0.0,900000.0,11040.0,1,150148.1267254969,0.0,6.5725927606675e-14,0.0,150197.50230066254,1,1,0,0,1,0,0.0,0,1,900000.0,-0.0,0,0,0.3,0,0.3,0.0,1,1,0,0.0,0.0,1,600000.0,400000.0,0,0.46489011534971875
47.900000000000006,0.0,0.0,0.0,0.0,-1.511696334953525e-14,0.0,3.7772471692344856e-30,25000.0,50.0,1,0.0,0.0,0.0,0,0,1,0.0,0.0,1,0.0,0.0,0.0,1,-0.0,100.0,0.0,-0.0,1800.0,0.0,0.0,0.0,0.0,0,0.0,-1.2699061953574639e-15,57.73502691896258,0.0,-1.2699061953574639e-15,0.0,900000.0,11040.0,1,150111.09504412266,0.0,3.28629638033375e-14,0.0,150148.1267254969,1,1,0,0,1,0,0.0,0,1,900000.0,-0.0,0,0,0.3,0,0.3,0.0,1,1,0,0.0,0.0,1,600000.0,400000.0,0,0.46489011534971875
48.0,0.0,0.0,0.0,0.0,-7.558481674767625e-15,0.0,1.2590823897448284e-30,25000.0,50.0,1,0.0,0.0,0.0,0,0,1,0.0,0.0,1,0.0,0.0,0.0,1,-0.0,100.0,0.0,-0.0,1800.0,0.0,0.0,0.0,0.0,0,0.0,-6.349530976787319e-16,57.73502691896258,0.0,-6.349530976787319e-16,0.0,900000.0,11040.0,1,150083.321283092,0.0,1.643148190166875e-14,0.0,150111.09504412266,1,1,0,0,1,0,0.0,0,1,900000.0,-0.0,0,0,0.3,0,0.3,0.0,1,1,0,0.0,0.0,1,600000.0,400000.0,0,0.46489011534971875
48.1,0.0,0.0,0.0,0.0,-3.779240837383812e-15,0.0,4.196941299149428e-31,25000.0,50.0,1,0.0,0.0,0.0,0,0,1,0.0,0.0,1,0.0,0.0,0.0,1,-0.0,100.0,0.0,-0.0,1800.0,0.0,0.0,0.0,0.0,0,0.0,-3.1747654883936597e-16,57.73502691896258,0.0,-3.1747654883936597e-16,0.0,900000.0,11040.0,1,150062.490962319,0.0,8.215740950834375e-15,0.0,150083.321283092,1,1,0,0,1,0,0.0,0,1,900000.0,-0.0,0,0,0.3,0,0.3,0.0,1,1,0,0.0,0.0,1,600000.0,400000.0,0,0.46489011534971875
48.2,0.0,0.0,0.0,0.0,-1.889620418691906e-15,0.0,1.3989804330498094e-31,25000.0,50.0,1,0.0,0.0,0.0,0,0,1,0.0,0.0,1,0.0,0.0,0.0,1,-0.0,100.0,0.0,-0.0,1800.0,0.0,0.0,0.0,0.0,0,0.0,-1.5873827441968299e-16,57.73502691896258,0.0,-1.5873827441968299e-16,0.0,900000.0,11040.0,1,150046.86822173925,0.0,4.107870475417188e-15,0.0,150062.490962319,1,1,0,0,1,0,0.0,0,1,900000.0,-0.0,0,0,0.3,0,0.3,0.0,1,1,0,0.0,0.0,1,600000.0,400000.0,0,0.46489011534971875
48.300000000000004,0.0,0.0,0.0,0.0,-9.44810209345953e-16,0.0,4.663268110166031e-32,25000.0,50.0,1,0.0,0.0,0.0,0,0,1,0.0,0.0,1,0.0,0.0,0.0,1,-0.0,100.0,0.0,-0.0,1800.0,0.0,0.0,0.0,0.0,0,0.0,-7.936913720984149e-17,57.73502691896258,0.0,-7.936913720984149e-17,0.0,900000.0,11040.0,1,150035.15116630445,0.0,2.053935237708594e-15,0.0,150046.86822173925,1,1,0,0,1,0,0.0,0,1,900000.0,-0.0,0,0,0.3,0,0.3,0.0,1,1,0,0.0,0.0,1,600000.0,400000.0,0,0.46489011534971875
48.400000000000006,0.0,0.0,0.0,0.0,-4.724051046729765e-16,0.0,1.554422703388677e-32,25000.0,50.0,1,0.0,0.0,0.0,0,0,1,0.0,0.0,1,0.0,0.0,0.0,1,-0.0,100.0,0.0,-0.0,1800.0,0.0,0.0,0.0,0.0,0,0.0,-3.9684568604920747e-17,57.73502691896258,0.0,-3.9684568604920747e-17,0.0,900000.0,11040.0,1,150026.36337472833,0.0,1.026967618854297e-15,0.0,150035.15116630445,1,1,0,0,1,0,0.0,0,1,900000.0,-0.0,0,0,0.3,0,0.3,0.0,1,1,0,0.0,0.0,1,600000.0,400000.0,0,0.46489011534971875
48.5,0.0,0.0,0.0,0.0,-2.3620255233648827e-16,0.0,5.18140901129559e-33,25000.0,50.0,1,0.0,0.0,0.0,0,0,1,0.0,0.0,1,0.0,0.0,0.0,1,-0.0,100.0,0.0,-0.0,1800.0,0.0,0.0,0.0,0.0,0,0.0,-1.9842284302460373e-17,57.73502691896258,0.0,-1.9842284302460373e-17,0.0,900000.0,11040.0,1,150019.77253104624,0.0,5.134838094271485e-16,0.0,150026.36337472833,1,1,0,0,1,0,0.0,0,1,900000.0,-0.0,0,0,0.3,0,0.3,0.0,1,1,0,0.0,0.0,1,600000.0,400000.0,0,0.46489011534971875
48.6,0.0,0.0,0.0,0.0,-1.1810127616824414e-16,0.0,1.72713633709853e-33,25000.0,50.0,1,0.0,0.0,0.0,0,0,1,0.0,0.0,1,0.0,0.0,0.0,1,-0.0,100.0,0.0,-0.0,1800.0,0.0,0.0,0.0,0.0,0,0.0,-9.921142151230187e-18,57.73502691896258,0.0,-9.921142151230187e-18,0.0,900000.0,11040.0,1,150014.82939828467,0.0,2.5674190471357423e-16,0.0,150019.77253104624,1,1,0,0,1,0,0.0,0,1,900000.0,-0.0,0,0,0.3,0,0.3,0.0,1,1,0,0.0,0.0,1,600000.0,400000.0,0,0.46489011534971875
48.7,0.0,0.0,0.0,0.0,-5.905063808412207e-17,0.0,5.757121123661767e-34,25000.0,50.0,1,0.0,0.0,0.0,0,0,1,0.0,0.0,1,0.0,0.0,0.0,1,-0.0,100.0,0.0,-0.0,1800.0,0.0,0.0,0.0,0.0,0,0.0,-4.960571075615093e-18,57.73502691896258,0.0,-4.960571075615093e-18,0.0,900000.0,11040.0,1,150011.1220487135,0.0,1.2837095235678711e-16,0.0,150014.82939828467,1,1,0,0,1,0,0.0,0,1,900000.0,-0.0,0,0,0.3,0,0.3,0.0,1,1,0,0.0,0.0,1,600000.0,400000.0,0,0.46489011534971875
48.800000000000004,0.0,0.0,0.0,0.0,-2.9525319042061034e-17,0.0,1.919040374553922e-34,25000.0,50.0,1,0.0,0.0,0.0,0,0,1,0.0,0.0,1,0.0,0.0,0.0,1,-0.0,100.0,0.0,-0.0,1800.0,0.0,0.0,0.0,0.0,0,0.0,-2.4802855378075467e-18,57.73502691896258,0.0,-2.4802855378075467e-18,0.0,900000.0,11040.0,1,150008.34153653512,0.0,6.418547617839356e-17,0.0,150011.1220487135,1,1,0,0,1,0,0.0,0,1,900000.0,-0.0,0,0,0.3,0,0.3,0.0,1,1,0,0.0,0.0,1,600000.0,400000.0,0,0.46489011534971875
48.900000000000006,0.0,0.0,0.0,0.0,-1.4762659521030517e-17,0.0,6.396801248513072e-35,25000.0,50.0,1,0.0,0.0,0.0,0,0,1,0.0,0.0,1,0.0,0.0,0.0,1,-0.0,100.0,0.0,-0.0,1800.0,0.0,0.0,0.0,0.0,0,0.0,-1.2401427689037733e-18,57.73502691896258,0.0,-1.2401427689037733e-18,0.0,900000.0,11040.0,1,150006.25615240133,0.0,3.209273808919678e-17,0.0,150008.34153653512,1,1,0,0,1,0,0.0,0,1,900000.0,-0.0,0,0,0.3,0,0.3,0.0,1,1,0,0.0,0.0,1,600000.0,400000.0,0,0.46489011534971875
49.0,0.0,0.0,0.0,0.0,-7.381329760515258e-18,0.0,2.1322670828376905e-35,25000.0,50.0,1,0.0,0.0,0.0,0,0,1,0.0,0.0,1,0.0,0.0,0.0,1,-0.0,100.0,0.0,-0.0,1800.0,0.0,0.0,0.0,0.0,0,0.0,-6.200713844518867e-19,57.73502691896258,0.0,-6.200713844518867e-19,0.0,900000.0,11040.0,1,150004.692114301,0.0,1.604636904459839e-17,0.0,150006.25615240133,1,1,0,0,1,0,0.0,0,1,900000.0,-0.0,0,0,0.3,0,0.3,0.0,1,1,0,0.0,0.0,1,600000.0,400000.0,0,0.46489011534971875
49.1,0.0,0.0,0.0,0.0,-3.690664880257629e-18,0.0,7.107556942792301e-36,25000.0,50.0,1,0.0,0.0,0.0,0,0,1,0.0,0.0,1,0.0,0.0,0.0,1,-0.0,100.0,0.0,-0.0,1800.0,0.0,0.0,0.0,0.0,0,0.0,-3.1003569222594333e-19,57.73502691896258,0.0,-3.1003569222594333e-19,0.0,900000.0,11040.0,1,150003.51908572574,0.0,8.023184522299195e-18,0.0,150004.692114301,1,1,0,0,1,0,0.0,0,1,900000.0,-0.0,0,0,0.3,0,0.3,0.0,1,1,0,0.0,0.0,1,600000.0,400000.0,0,0.46489011534971875
49.2,0.0,0.0,0.0,0.0,-1.8453324401288146e-18,0.0,2.3691856475974334e-36,25000.0,50.0,1,0.0,0.0,0.0,0,0,1,0.0,0.0,1,0.0,0.0,0.0,1,-0.0,100.0,0.0,-0.0,1800.0,0.0,0.0,0.0,0.0,0,0.0,-1.5501784611297167e-19,57.73502691896258,0.0,-1.5501784611297167e-19,0.0,900000.0,11040.0,1,150002.6393142943,0.0,4.011592261149597e-18,0.0,150003.51908572574,1,1,0,0,1,0,0.0,0,1,900000.0,-0.0,0,0,0.3,0,0.3,0.0,1,1,0,0.0,0.0,1,600000.0,400000.0,0,0.46489011534971875
49.300000000000004,0.0,0.0,0.0,0.0,-9.226662200644073e-19,0.0,7.897285491991442e-37,25000.0,50.0,1,0.0,0.0,0.0,0,0,1,0.0,0.0,1,0.0,0.0,0.0,1,-0.0,100.0,0.0,-0.0,1800.0,0.0,0.0,0.0,0.0,0,0.0,-7.750892305648583e-20,57.73502691896258,0.0,-7.750892305648583e-20,0.0,900000.0,11040.0,1,150001.97948572072,0.0,2.0057961305747987e-18,0.0,150002.6393142943,1,1,0,0,1,0,0.0,0,1,900000.0,-0.0,0,0,0.3,0,0.3,0.0,1,1,0,0.0,0.0,1,600000.0,400000.0,0,0.46489011534971875
49.400000000000006,0.0,0.0,0.0,0.0,-4.613331100322037e-19,0.0,2.6324284973304805e-37,25000.0,50.0,1,0.0,0.0,0.0,0,0,1,0.0,0.0,1,0.0,0.0,0.0,1,-0.0,100.0,0.0,-0.0,1800.0,0.0,0.0,0.0,0.0,0,0.0,-3.8754461528242917e-20,57.73502691896258,0.0,-3.8754461528242917e-20,0.0,900000.0,11040.0,1,150001.48461429053,0.0,1.0028980652873993e-18,0.0,150001.97948572072,1,1,0,0,1,0,0.0,0,1,900000.0,-0.0,0,0,0.3,0,0.3,0.0,1,1,0,0.0,0.0,1,600000.0,400000.0,0,0.46489011534971875
49.5,0.0,0.0,0.0,0.0,-2.3066655501610183e-19,0.0,8.774761657768268e-38,25000.0,50.0,1,0.0,0.0,0.0,0,0,1,0.0,0.0,1,0.0,0.0,0.0,1,-0.0,100.0,0.0,-0.0,1800.0,0.0,0.0,0.0,0.0,0,0.0,-1.9377230764121458e-20,57.73502691896258,0.0,-1.9377230764121458e-20,0.0,900000.0,11040.0,1,150001.1134607179,0.0,5.014490326436997e-19,0.0,150001.48461429053,1,1,0,0,1,0,0.0,0,1,900000.0,-0.0,0,0,0.3,0,0.3,0.0,1,1,0,0.0,0.0,1,600000.0,400000.0,0,0.46489011534971875
49.6,0.0,0.0,0.0,0.0,-1.1533327750805091e-19,0.0,2.9249205525894215e-38,25000.0,50.0,1,0.0,0.0,0.0,0,0,1,0.0,0.0,1,0.0,0.0,0.0,1,-0.0,100.0,0.0,-0.0,1800.0,0.0,0.0,0.0,0.0,0,0.0,-9.688615382060729e-21,57.73502691896258,0.0,-9.688615382060729e-21,0.0,900000.0,11040.0,1,150000.8350955384,0.0,2.5072451632184983e-19,0.0,150001.1134607179,1,1,0,0,1,0,0.0,0,1,900000.0,-0.0,0,0,0.3,0,0.3,0.0,1,1,0,0.0,0.0,1,600000.0,400000.0,0,0.46489011534971875
49.7,0.0,0.0,0.0,0.0,-5.766663875402546e-20,0.0,9.749735175298072e-39,25000.0,50.0,1,0.0,0.0,0.0,0,0,1,0.0,0.0,1,0.0,0.0,0.0,1,-0.0,100.0,0.0,-0.0,1800.0,0.0,0.0,0.0,0.0,0,0.0,-4.8443076910303646e-21,57.73502691896258,0.0,-4.8443076910303646e-21,0.0,900000.0,11040.0,1,150000.6263216538,0.0,1.2536225816092492e-19,0.0,150000.8350955384,1,1,0,0,1,0,0.0,0,1,900000.0,-0.0,0,0,0.3,0,0.3,0.0,1,1,0,0.0,0.0,1,600000.0,400000.0,0,0.46489011534971875
49.800000000000004,0.0,0.0,0.0,0.0,-2.883331937701273e-20,0.0,3.2499117250993563e-39,25000.0,50.0,1,0.0,0.0,0.0,0,0,1,0.0,0.0,1,0.0,0.0,0.0,1,-0.0,100.0,0.0,-0.0,1800.0,0.0,0.0,0.0,0.0,0,0.0,-2.4221538455151823e-21,57.73502691896258,0.0,-2.4221538455151823e-21,0.0,900000.0,11040.0,1,150000.46974124035,0.0,6.268112908046246e-20,0.0,150000.6263216538,1,1,0,0,1,0,0.0,0,1,900000.0,-0.0,0,0,0.3,0,0.3,0.0,1,1,0,0.0,0.0,1,600000.0,400000.0,0,0.46489011534971875
49.900000000000006,0.0,0.0,0.0,0.0,-1.4416659688506364e-20,0.0,1.0833039083664519e-39,25000.0,50.0,1,0.0,0.0,0.0,0,0,1,0.0,0.0,1,0.0,0.0,0.0,1,-0.0,100.0,0.0,-0.0,1800.0,0.0,0.0,0.0,0.0,0,0.0,-1.2110769227575911e-21,57.73502691896258,0.0,-1.2110769227575911e-21,0.0,900000.0,11040.0,1,150000.35230593025,0.0,3.134056454023123e-20,0.0,150000.46974124035,1,1,0,0,1,0,0.0,0,1,900000.0,-0.0,0,0,0.3,0,0.3,0.0,1,1,0,0.0,0.0,1,600000.0,400000.0,0,0.46489011534971875
50.0,0.0,0.0,0.0,0.0,-7.208329844253182e-21,0.0,3.611013027888172e-40,25000.0,50.0,1,0.0,0.0,0.0,0,0,1,0.0,0.0,1,0.0,0.0,0.0,1,-0.0,100.0,0.0,-0.0,1800.0,0.0,0.0,0.0,0.0,0,0.0,-6.055384613787956e-22,57.73502691896258,0.0,-6.055384613787956e-22,0.0,900000.0,11040.0,1,150000.2642294477,0.0,1.5670282270115615e-20,0.0,150000.35230593025,1,1,0,0,1,0,0.0,0,1,900000.0,-0.0,0,0,0.3,0,0.3,0.0,1,1,0,0.0,0.0,1,600000.0,400000.0,0,0.46489011534971875
