binding_id,ssd_component_id,ssd_component_name,l2_code,l2_name,ssd_connector_name,ssd_connector_id,direction,data_type,unit,quantity,item_type,item_code,item_name,item_name_en,item_unit_or_medium,interface_type,original_sysml_path,original_product_code,original_product_name,original_port_name,original_port_id,source_connection_ids,simulink_model,simulink_port_name,simulink_port_type,future_fmu_file,future_fmu_variable,future_fmu_causality,future_fmu_variability,alias_reason,legacy_match,legacy_conflict_fields,review_flags,binding_status,notes
BIND::L2_3100::p_3112_rp_c530418a51140052,L2_3100,L2_3100,3100,轮轴组成,p_3112_rp_c530418a51140052,L2_3100.p_3112_rp_c530418a51140052,input,Real,[-],RotationalMechanicalEnergy,PhysicalConnector,ITM-PHY-005,旋转机械能,RotationalMechanicalEnergy,旋转机械,IF_IF_PHY_005,p_N_3000.p_N_3100.p_N_3110.p_N_3112.rp_c530418a51140052,3112,车轴,轮对段旋转机械能端口,PORT::3112::轮对段旋转机械能端口::ITM-PHY-005::双向物理,CG_FA31DFA220FEF0D6FAC8EB67,L2_3100.slx,p_3112_rp_c530418a51140052,Inport,L2_3100.fmu,p_3112_rp_c530418a51140052,input,continuous,,NOT_FOUND,,SEMANTIC_REVIEW_REQUIRED,SEMANTIC_REVIEW_REQUIRED,Full SysML item datatype PhysicalConnector requires implementation interpretation against SSD Real | SSD unit [-] does not encode Full SysML unit/medium 旋转机械
BIND::L2_3100::p_3121_rp_6464b6253314b208,L2_3100,L2_3100,3100,轮轴组成,p_3121_rp_6464b6253314b208,L2_3100.p_3121_rp_6464b6253314b208,input,Real,[-],RotationalMechanicalEnergy,PhysicalConnector,ITM-PHY-005,旋转机械能,RotationalMechanicalEnergy,旋转机械,IF_IF_PHY_005,p_N_3000.p_N_3100.p_N_3120.p_N_3121.rp_6464b6253314b208,3121,齿轮箱主体,低速轴旋转机械能端口,PORT::3121::低速轴旋转机械能端口::ITM-PHY-005::双向物理,CG_4CB0735167799FD438F90DD2,L2_3100.slx,p_3121_rp_6464b6253314b208,Inport,L2_3100.fmu,p_3121_rp_6464b6253314b208,input,continuous,,NOT_FOUND,,SEMANTIC_REVIEW_REQUIRED,SEMANTIC_REVIEW_REQUIRED,Full SysML item datatype PhysicalConnector requires implementation interpretation against SSD Real | SSD unit [-] does not encode Full SysML unit/medium 旋转机械
BIND::L2_3100::p_3121_rp_fdcd27ee9b0a936f,L2_3100,L2_3100,3100,轮轴组成,p_3121_rp_fdcd27ee9b0a936f,L2_3100.p_3121_rp_fdcd27ee9b0a936f,input,Real,[-],RotationalMechanicalEnergy,PhysicalConnector,ITM-PHY-005,旋转机械能,RotationalMechanicalEnergy,旋转机械,IF_IF_PHY_005,p_N_3000.p_N_3100.p_N_3120.p_N_3121.rp_fdcd27ee9b0a936f,3121,齿轮箱主体,高速轴旋转机械能端口,PORT::3121::高速轴旋转机械能端口::ITM-PHY-005::双向物理,CG_3CA6C3BF7D7B4F80CF0990D0,L2_3100.slx,p_3121_rp_fdcd27ee9b0a936f,Inport,L2_3100.fmu,p_3121_rp_fdcd27ee9b0a936f,input,continuous,,CONFLICT,unit,LEGACY_CONTRACT_CONFLICT | SEMANTIC_REVIEW_REQUIRED,LEGACY_CONTRACT_CONFLICT,Legacy contract conflicts with authoritative SSD fields: unit. SSD values were retained. | Full SysML item datatype PhysicalConnector requires implementation interpretation against SSD Real | SSD unit [-] does not encode Full SysML unit/medium 旋转机械
BIND::L2_3100::p_3131_rp_06d152ddc255f2eb,L2_3100,L2_3100,3100,轮轴组成,p_3131_rp_06d152ddc255f2eb,L2_3100.p_3131_rp_06d152ddc255f2eb,input,Real,[-],FrictionBrakeMechanicalInteraction,PhysicalConnector,ITM-PHY-007,摩擦制动机械作用,FrictionBrakeMechanicalInteraction,摩擦机械,IF_IF_PHY_007,p_N_3000.p_N_3100.p_N_3130.p_N_3131.rp_06d152ddc255f2eb,3131,外轮盘,摩擦制动机械作用端口,PORT::3131::摩擦制动机械作用端口::ITM-PHY-007::双向物理,CG_DA869E241F8A36DBAAC07E48,L2_3100.slx,p_3131_rp_06d152ddc255f2eb,Inport,L2_3100.fmu,p_3131_rp_06d152ddc255f2eb,input,continuous,,CONFLICT,unit,LEGACY_CONTRACT_CONFLICT | SEMANTIC_REVIEW_REQUIRED,LEGACY_CONTRACT_CONFLICT,Legacy contract conflicts with authoritative SSD fields: unit. SSD values were retained. | Full SysML item datatype PhysicalConnector requires implementation interpretation against SSD Real | SSD unit [-] does not encode Full SysML unit/medium 摩擦机械
BIND::L2_3500::p_3511_rp_aa7691c6f81e4771,L2_3500,L2_3500,3500,牵引传动耦合组件及其附件,p_3511_rp_aa7691c6f81e4771,L2_3500.p_3511_rp_aa7691c6f81e4771,input,Real,[-],RotationalMechanicalEnergy,PhysicalConnector,ITM-PHY-005,旋转机械能,RotationalMechanicalEnergy,旋转机械,IF_IF_PHY_005,p_N_3000.p_N_3500.p_N_3510.p_N_3511.rp_aa7691c6f81e4771,3511,联轴节(电机侧),第一连接面旋转机械能端口,PORT::3511::第一连接面旋转机械能端口::ITM-PHY-005::双向物理,CG_338D68ABEF709ACD5E0DDCC6,L2_3500.slx,p_3511_rp_aa7691c6f81e4771,Inport,L2_3500.fmu,p_3511_rp_aa7691c6f81e4771,input,continuous,,CONFLICT,unit,LEGACY_CONTRACT_CONFLICT | SEMANTIC_REVIEW_REQUIRED,LEGACY_CONTRACT_CONFLICT,Legacy contract conflicts with authoritative SSD fields: unit. SSD values were retained. | Full SysML item datatype PhysicalConnector requires implementation interpretation against SSD Real | SSD unit [-] does not encode Full SysML unit/medium 旋转机械
BIND::L2_3500::p_3512_rp_c455741f6ca5a597,L2_3500,L2_3500,3500,牵引传动耦合组件及其附件,p_3512_rp_c455741f6ca5a597,L2_3500.p_3512_rp_c455741f6ca5a597,output,Real,[-],RotationalMechanicalEnergy,PhysicalConnector,ITM-PHY-005,旋转机械能,RotationalMechanicalEnergy,旋转机械,IF_IF_PHY_005,p_N_3000.p_N_3500.p_N_3510.p_N_3512.rp_c455741f6ca5a597,3512,联轴节(齿轮箱侧),第二连接面旋转机械能端口,PORT::3512::第二连接面旋转机械能端口::ITM-PHY-005::双向物理,CG_3CA6C3BF7D7B4F80CF0990D0,L2_3500.slx,p_3512_rp_c455741f6ca5a597,Outport,L2_3500.fmu,p_3512_rp_c455741f6ca5a597,output,continuous,,CONFLICT,unit,LEGACY_CONTRACT_CONFLICT | SEMANTIC_REVIEW_REQUIRED,LEGACY_CONTRACT_CONFLICT,Legacy contract conflicts with authoritative SSD fields: unit. SSD values were retained. | Full SysML item datatype PhysicalConnector requires implementation interpretation against SSD Real | SSD unit [-] does not encode Full SysML unit/medium 旋转机械
BIND::L2_3600::p_3641_rp_4ddc6037e5eea6fc,L2_3600,L2_3600,3600,转向架相关检测,p_3641_rp_4ddc6037e5eea6fc,L2_3600.p_3641_rp_4ddc6037e5eea6fc,output,Real,[-],RotationalMechanicalEnergy,PhysicalConnector,ITM-PHY-005,旋转机械能,RotationalMechanicalEnergy,旋转机械,IF_IF_PHY_005,p_N_3000.p_N_3600.p_N_3640.p_N_3641.rp_4ddc6037e5eea6fc,3641,轴端速度传感器,旋转机械能端口,PORT::3641::旋转机械能端口::ITM-PHY-005::双向物理,CG_FA31DFA220FEF0D6FAC8EB67,L2_3600.slx,p_3641_rp_4ddc6037e5eea6fc,Outport,L2_3600.fmu,p_3641_rp_4ddc6037e5eea6fc,output,continuous,,NOT_FOUND,,SEMANTIC_REVIEW_REQUIRED,SEMANTIC_REVIEW_REQUIRED,Full SysML item datatype PhysicalConnector requires implementation interpretation against SSD Real | SSD unit [-] does not encode Full SysML unit/medium 旋转机械
BIND::L2_3600::p_3643_rp_48ddc723a7d58137,L2_3600,L2_3600,3600,转向架相关检测,p_3643_rp_48ddc723a7d58137,L2_3600.p_3643_rp_48ddc723a7d58137,output,Real,[-],RotationalMechanicalEnergy,PhysicalConnector,ITM-PHY-005,旋转机械能,RotationalMechanicalEnergy,旋转机械,IF_IF_PHY_005,p_N_3000.p_N_3600.p_N_3640.p_N_3643.rp_48ddc723a7d58137,3643,齿轮箱速度传感器,旋转机械能端口,PORT::3643::旋转机械能端口::ITM-PHY-005::双向物理,CG_4CB0735167799FD438F90DD2,L2_3600.slx,p_3643_rp_48ddc723a7d58137,Outport,L2_3600.fmu,p_3643_rp_48ddc723a7d58137,output,continuous,,NOT_FOUND,,SEMANTIC_REVIEW_REQUIRED,SEMANTIC_REVIEW_REQUIRED,Full SysML item datatype PhysicalConnector requires implementation interpretation against SSD Real | SSD unit [-] does not encode Full SysML unit/medium 旋转机械
BIND::L2_3600::p_3644_rp_08c271db56ce8427,L2_3600,L2_3600,3600,转向架相关检测,p_3644_rp_08c271db56ce8427,L2_3600.p_3644_rp_08c271db56ce8427,output,Real,[-],MotorSpeed,Real,ITM-MEA-004,牵引电机转速,MotorSpeed,rad/s,IF_IF_MEA_004,p_N_3000.p_N_3600.p_N_3640.p_N_3644.rp_08c271db56ce8427,3644,牵引电机速度传感器,牵引电机转速输出,PORT::3644::牵引电机转速输出::ITM-MEA-004::输出,CG_89DF67BFD358C3EEF4DB05F2,L2_3600.slx,p_3644_rp_08c271db56ce8427,Outport,L2_3600.fmu,p_3644_rp_08c271db56ce8427,output,continuous,,CONFLICT,unit,LEGACY_CONTRACT_CONFLICT | SEMANTIC_REVIEW_REQUIRED,LEGACY_CONTRACT_CONFLICT,Legacy contract conflicts with authoritative SSD fields: unit. SSD values were retained. | SSD unit [-] does not encode Full SysML unit/medium rad/s
BIND::L2_3600::p_3644_rp_af1c1b2c65382775,L2_3600,L2_3600,3600,转向架相关检测,p_3644_rp_af1c1b2c65382775,L2_3600.p_3644_rp_af1c1b2c65382775,output,Real,[-],RotationalMechanicalEnergy,PhysicalConnector,ITM-PHY-005,旋转机械能,RotationalMechanicalEnergy,旋转机械,IF_IF_PHY_005,p_N_3000.p_N_3600.p_N_3640.p_N_3644.rp_af1c1b2c65382775,3644,牵引电机速度传感器,旋转机械能端口,PORT::3644::旋转机械能端口::ITM-PHY-005::双向物理,CG_07AF42BFA3927EF22F7BDDE7,L2_3600.slx,p_3644_rp_af1c1b2c65382775,Outport,L2_3600.fmu,p_3644_rp_af1c1b2c65382775,output,continuous,,NOT_FOUND,,SEMANTIC_REVIEW_REQUIRED,SEMANTIC_REVIEW_REQUIRED,Full SysML item datatype PhysicalConnector requires implementation interpretation against SSD Real | SSD unit [-] does not encode Full SysML unit/medium 旋转机械
BIND::L2_3800::p_3811_rp_81d4e1a7092e0653,L2_3800,L2_3800,3800,辅助增粘及轮缘润滑,p_3811_rp_81d4e1a7092e0653,L2_3800.p_3811_rp_81d4e1a7092e0653,input,Real,[-],SandingRequest,Boolean,ITM-CMD-024,撒砂请求,SandingRequest,无,IF_IF_CMD_024,p_N_3000.p_N_3800.p_N_3810.p_N_3811.rp_81d4e1a7092e0653,3811,撒砂控制单元,撒砂请求输入,PORT::3811::撒砂请求输入::ITM-CMD-024::输入,CG_565AF053FC6E3FF333FD7433,L2_3800.slx,p_3811_rp_81d4e1a7092e0653,Inport,L2_3800.fmu,p_3811_rp_81d4e1a7092e0653,input,continuous,,CONFLICT,data_type,LEGACY_CONTRACT_CONFLICT | SEMANTIC_REVIEW_REQUIRED,LEGACY_CONTRACT_CONFLICT,Legacy contract conflicts with authoritative SSD fields: data_type. SSD values were retained. | Full SysML item datatype Boolean requires implementation interpretation against SSD Real | SSD unit [-] does not encode Full SysML unit/medium 无
BIND::L2_4100::p_4111_rp_ca65ceda639dfc7a,L2_4100,L2_4100,4100,高压受流,p_4111_rp_ca65ceda639dfc7a,L2_4100.p_4111_rp_ca65ceda639dfc7a,output,Real,[-],HighVoltageACElectricalEnergy,PhysicalConnector,ITM-PHY-001,高压交流电能,HighVoltageACElectricalEnergy,高压交流电气,IF_IF_PHY_001,p_N_4000.p_N_4100.p_N_4110.p_N_4111.rp_ca65ceda639dfc7a,4111,碳滑板,导流端高压交流电能端口,PORT::4111::导流端高压交流电能端口::ITM-PHY-001::双向物理,CG_9EB19436ED0A54ECCF52C717,L2_4100.slx,p_4111_rp_ca65ceda639dfc7a,Outport,L2_4100.fmu,p_4111_rp_ca65ceda639dfc7a,output,continuous,,AMBIGUOUS,,SEMANTIC_REVIEW_REQUIRED,SEMANTIC_REVIEW_REQUIRED,Full SysML item datatype PhysicalConnector requires implementation interpretation against SSD Real | SSD unit [-] does not encode Full SysML unit/medium 高压交流电气
BIND::L2_4100::p_411C_rp_201c13a158f19a88,L2_4100,L2_4100,4100,高压受流,p_411C_rp_201c13a158f19a88,L2_4100.p_411C_rp_201c13a158f19a88,input,Real,[-],PantographCommand,Enum,ITM-CMD-018,受电弓控制指令,PantographCommand,无,IF_IF_CMD_018,p_N_4000.p_N_4100.p_N_4110.p_N_411C.rp_201c13a158f19a88,411C,受电弓电子控制单元,受电弓控制指令输入,PORT::411C::受电弓控制指令输入::ITM-CMD-018::输入,CG_2EE117B4B0633E38D394B904,L2_4100.slx,p_411C_rp_201c13a158f19a88,Inport,L2_4100.fmu,p_411C_rp_201c13a158f19a88,input,continuous,,CONFLICT,data_type,LEGACY_CONTRACT_CONFLICT | SEMANTIC_REVIEW_REQUIRED,LEGACY_CONTRACT_CONFLICT,Legacy contract conflicts with authoritative SSD fields: data_type. SSD values were retained. | Full SysML item datatype Enum requires implementation interpretation against SSD Real | SSD unit [-] does not encode Full SysML unit/medium 无
BIND::L2_4100::p_411C_rp_72d2eed2608e1b56,L2_4100,L2_4100,4100,高压受流,p_411C_rp_72d2eed2608e1b56,L2_4100.p_411C_rp_72d2eed2608e1b56,output,Real,[-],PantographState,Enum,ITM-STA-015,受电弓状态,PantographState,无,IF_IF_STA_015,p_N_4000.p_N_4100.p_N_4110.p_N_411C.rp_72d2eed2608e1b56,411C,受电弓电子控制单元,受电弓状态输出,PORT::411C::受电弓状态输出::ITM-STA-015::输出,CG_8F81398231970DBDB0A7F854,L2_4100.slx,p_411C_rp_72d2eed2608e1b56,Outport,L2_4100.fmu,p_411C_rp_72d2eed2608e1b56,output,continuous,,CONFLICT,data_type,LEGACY_CONTRACT_CONFLICT | SEMANTIC_REVIEW_REQUIRED,LEGACY_CONTRACT_CONFLICT,Legacy contract conflicts with authoritative SSD fields: data_type. SSD values were retained. | Full SysML item datatype Enum requires implementation interpretation against SSD Real | SSD unit [-] does not encode Full SysML unit/medium 无
BIND::L2_4200::p_4211_rp_bba7ece236be8f3c,L2_4200,L2_4200,4200,网侧高压分配及控制,p_4211_rp_bba7ece236be8f3c,L2_4200.p_4211_rp_bba7ece236be8f3c,input,Real,[-],HighVoltageACElectricalEnergy,PhysicalConnector,ITM-PHY-001,高压交流电能,HighVoltageACElectricalEnergy,高压交流电气,IF_IF_PHY_001,p_N_4000.p_N_4200.p_N_4210.p_N_4211.rp_bba7ece236be8f3c,4211,真空断路器,进线侧高压交流电能端口,PORT::4211::进线侧高压交流电能端口::ITM-PHY-001::双向物理,CG_9EB19436ED0A54ECCF52C717,L2_4200.slx,p_4211_rp_bba7ece236be8f3c,Inport,L2_4200.fmu,p_4211_rp_bba7ece236be8f3c,input,continuous,,AMBIGUOUS,,SEMANTIC_REVIEW_REQUIRED,SEMANTIC_REVIEW_REQUIRED,Full SysML item datatype PhysicalConnector requires implementation interpretation against SSD Real | SSD unit [-] does not encode Full SysML unit/medium 高压交流电气
BIND::L2_4200::p_4235_rp_6fea4b377f978aac,L2_4200,L2_4200,4200,网侧高压分配及控制,p_4235_rp_6fea4b377f978aac,L2_4200.p_4235_rp_6fea4b377f978aac,output,Real,[-],LineVoltage,Real,ITM-MEA-005,高压线路电压,LineVoltage,V,IF_IF_MEA_005,p_N_4000.p_N_4200.p_N_4230.p_N_4235.rp_6fea4b377f978aac,4235,高压电压互感器,高压线路电压输出,PORT::4235::高压线路电压输出::ITM-MEA-005::输出,CG_002543DBE0F9A7FBC2A3FDD3,L2_4200.slx,p_4235_rp_6fea4b377f978aac,Outport,L2_4200.fmu,p_4235_rp_6fea4b377f978aac,output,continuous,,CONFLICT,unit,LEGACY_CONTRACT_CONFLICT | SEMANTIC_REVIEW_REQUIRED,LEGACY_CONTRACT_CONFLICT,Legacy contract conflicts with authoritative SSD fields: unit. SSD values were retained. | SSD unit [-] does not encode Full SysML unit/medium V
BIND::L2_4200::p_4236_rp_78e99abb7d77c156,L2_4200,L2_4200,4200,网侧高压分配及控制,p_4236_rp_78e99abb7d77c156,L2_4200.p_4236_rp_78e99abb7d77c156,output,Real,[-],HighVoltageACElectricalEnergy,PhysicalConnector,ITM-PHY-001,高压交流电能,HighVoltageACElectricalEnergy,高压交流电气,IF_IF_PHY_001,p_N_4000.p_N_4200.p_N_4230.p_N_4236.rp_78e99abb7d77c156,4236,高压电流互感器,第二测量端高压交流电能端口,PORT::4236::第二测量端高压交流电能端口::ITM-PHY-001::双向物理,CG_B483D5C4E4EC5F805E3B0F19,L2_4200.slx,p_4236_rp_78e99abb7d77c156,Outport,L2_4200.fmu,p_4236_rp_78e99abb7d77c156,output,continuous,,AMBIGUOUS,,SEMANTIC_REVIEW_REQUIRED,SEMANTIC_REVIEW_REQUIRED,Full SysML item datatype PhysicalConnector requires implementation interpretation against SSD Real | SSD unit [-] does not encode Full SysML unit/medium 高压交流电气
BIND::L2_4200::p_4236_rp_9107465175683792,L2_4200,L2_4200,4200,网侧高压分配及控制,p_4236_rp_9107465175683792,L2_4200.p_4236_rp_9107465175683792,output,Real,[-],LineCurrent,Real,ITM-MEA-006,高压线路电流,LineCurrent,A,IF_IF_MEA_006,p_N_4000.p_N_4200.p_N_4230.p_N_4236.rp_9107465175683792,4236,高压电流互感器,高压线路电流输出,PORT::4236::高压线路电流输出::ITM-MEA-006::输出,CG_20C0A22ECCF07864FDBA3F5A,L2_4200.slx,p_4236_rp_9107465175683792,Outport,L2_4200.fmu,p_4236_rp_9107465175683792,output,continuous,,CONFLICT,unit,LEGACY_CONTRACT_CONFLICT | SEMANTIC_REVIEW_REQUIRED,LEGACY_CONTRACT_CONFLICT,Legacy contract conflicts with authoritative SSD fields: unit. SSD values were retained. | SSD unit [-] does not encode Full SysML unit/medium A
BIND::L2_4200::p_4238_rp_0674d2b80a6a72da,L2_4200,L2_4200,4200,网侧高压分配及控制,p_4238_rp_0674d2b80a6a72da,L2_4200.p_4238_rp_0674d2b80a6a72da,output,Real,[-],HVBreakerState,Enum,ITM-STA-013,高压断路器状态,HVBreakerState,无,IF_IF_STA_013,p_N_4000.p_N_4200.p_N_4230.p_N_4238.rp_0674d2b80a6a72da,4238,高压控制输入输出单元,高压断路器状态输出,PORT::4238::高压断路器状态输出::ITM-STA-013::输出,CG_37792F42F4274C7C51C63270,L2_4200.slx,p_4238_rp_0674d2b80a6a72da,Outport,L2_4200.fmu,p_4238_rp_0674d2b80a6a72da,output,continuous,,CONFLICT,data_type,LEGACY_CONTRACT_CONFLICT | SEMANTIC_REVIEW_REQUIRED,LEGACY_CONTRACT_CONFLICT,Legacy contract conflicts with authoritative SSD fields: data_type. SSD values were retained. | Full SysML item datatype Enum requires implementation interpretation against SSD Real | SSD unit [-] does not encode Full SysML unit/medium 无
BIND::L2_4200::p_4238_rp_11b7e7965ec2e386,L2_4200,L2_4200,4200,网侧高压分配及控制,p_4238_rp_11b7e7965ec2e386,L2_4200.p_4238_rp_11b7e7965ec2e386,input,Real,[-],HVSystemFault,Enum/Bitset,ITM-STA-016,高压系统故障状态,HVSystemFault,无,IF_IF_STA_016,p_N_4000.p_N_4200.p_N_4230.p_N_4238.rp_11b7e7965ec2e386,4238,高压控制输入输出单元,高压系统故障状态输入,PORT::4238::高压系统故障状态输入::ITM-STA-016::输入,CG_2274BA128E639FDE4D4F56EC,L2_4200.slx,p_4238_rp_11b7e7965ec2e386,Inport,L2_4200.fmu,p_4238_rp_11b7e7965ec2e386,input,continuous,,CONFLICT,data_type,LEGACY_CONTRACT_CONFLICT | SEMANTIC_REVIEW_REQUIRED,LEGACY_CONTRACT_CONFLICT,Legacy contract conflicts with authoritative SSD fields: data_type. SSD values were retained. | Full SysML item datatype Enum/Bitset requires implementation interpretation against SSD Real | SSD unit [-] does not encode Full SysML unit/medium 无
BIND::L2_4200::p_4238_rp_5576b5e0dbb912ba,L2_4200,L2_4200,4200,网侧高压分配及控制,p_4238_rp_5576b5e0dbb912ba,L2_4200.p_4238_rp_5576b5e0dbb912ba,output,Real,[-],LineVoltage,Real,ITM-MEA-005,高压线路电压,LineVoltage,V,IF_IF_MEA_005,p_N_4000.p_N_4200.p_N_4230.p_N_4238.rp_5576b5e0dbb912ba,4238,高压控制输入输出单元,高压线路电压输出,PORT::4238::高压线路电压输出::ITM-MEA-005::输出,CG_1C5FC46A1E7682144A3BDDDF,L2_4200.slx,p_4238_rp_5576b5e0dbb912ba,Outport,L2_4200.fmu,p_4238_rp_5576b5e0dbb912ba,output,continuous,,CONFLICT,unit,LEGACY_CONTRACT_CONFLICT | SEMANTIC_REVIEW_REQUIRED,LEGACY_CONTRACT_CONFLICT,Legacy contract conflicts with authoritative SSD fields: unit. SSD values were retained. | SSD unit [-] does not encode Full SysML unit/medium V
BIND::L2_4200::p_4238_rp_65aacc4600de3990,L2_4200,L2_4200,4200,网侧高压分配及控制,p_4238_rp_65aacc4600de3990,L2_4200.p_4238_rp_65aacc4600de3990,output,Real,[-],HVBreakerCommand,Enum,ITM-CMD-016,高压断路器指令,HVBreakerCommand,无,IF_IF_CMD_016,p_N_4000.p_N_4200.p_N_4230.p_N_4238.rp_65aacc4600de3990,4238,高压控制输入输出单元,高压断路器指令输出,PORT::4238::高压断路器指令输出::ITM-CMD-016::输出,CG_9ACDE46A41EE650430438B91,L2_4200.slx,p_4238_rp_65aacc4600de3990,Outport,L2_4200.fmu,p_4238_rp_65aacc4600de3990,output,continuous,,CONFLICT,data_type,LEGACY_CONTRACT_CONFLICT | SEMANTIC_REVIEW_REQUIRED,LEGACY_CONTRACT_CONFLICT,Legacy contract conflicts with authoritative SSD fields: data_type. SSD values were retained. | Full SysML item datatype Enum requires implementation interpretation against SSD Real | SSD unit [-] does not encode Full SysML unit/medium 无
BIND::L2_4200::p_4238_rp_9458944450b0dd4c,L2_4200,L2_4200,4200,网侧高压分配及控制,p_4238_rp_9458944450b0dd4c,L2_4200.p_4238_rp_9458944450b0dd4c,output,Real,[-],HVSystemFault,Enum/Bitset,ITM-STA-016,高压系统故障状态,HVSystemFault,无,IF_IF_STA_016,p_N_4000.p_N_4200.p_N_4230.p_N_4238.rp_9458944450b0dd4c,4238,高压控制输入输出单元,高压系统故障状态输出,PORT::4238::高压系统故障状态输出::ITM-STA-016::输出,CG_CE2820923CC0CB141833E11D,L2_4200.slx,p_4238_rp_9458944450b0dd4c,Outport,L2_4200.fmu,p_4238_rp_9458944450b0dd4c,output,continuous,,CONFLICT,data_type,LEGACY_CONTRACT_CONFLICT | SEMANTIC_REVIEW_REQUIRED,LEGACY_CONTRACT_CONFLICT,Legacy contract conflicts with authoritative SSD fields: data_type. SSD values were retained. | Full SysML item datatype Enum/Bitset requires implementation interpretation against SSD Real | SSD unit [-] does not encode Full SysML unit/medium 无
BIND::L2_4200::p_4238_rp_9744a4b3a255a6e8,L2_4200,L2_4200,4200,网侧高压分配及控制,p_4238_rp_9744a4b3a255a6e8,L2_4200.p_4238_rp_9744a4b3a255a6e8,output,Real,[-],PantographCommand,Enum,ITM-CMD-018,受电弓控制指令,PantographCommand,无,IF_IF_CMD_018,p_N_4000.p_N_4200.p_N_4230.p_N_4238.rp_9744a4b3a255a6e8,4238,高压控制输入输出单元,受电弓控制指令输出,PORT::4238::受电弓控制指令输出::ITM-CMD-018::输出,CG_2EE117B4B0633E38D394B904,L2_4200.slx,p_4238_rp_9744a4b3a255a6e8,Outport,L2_4200.fmu,p_4238_rp_9744a4b3a255a6e8,output,continuous,,CONFLICT,data_type,LEGACY_CONTRACT_CONFLICT | SEMANTIC_REVIEW_REQUIRED,LEGACY_CONTRACT_CONFLICT,Legacy contract conflicts with authoritative SSD fields: data_type. SSD values were retained. | Full SysML item datatype Enum requires implementation interpretation against SSD Real | SSD unit [-] does not encode Full SysML unit/medium 无
BIND::L2_4200::p_4238_rp_c7dcc306b020116f,L2_4200,L2_4200,4200,网侧高压分配及控制,p_4238_rp_c7dcc306b020116f,L2_4200.p_4238_rp_c7dcc306b020116f,output,Real,[-],LineCurrent,Real,ITM-MEA-006,高压线路电流,LineCurrent,A,IF_IF_MEA_006,p_N_4000.p_N_4200.p_N_4230.p_N_4238.rp_c7dcc306b020116f,4238,高压控制输入输出单元,高压线路电流输出,PORT::4238::高压线路电流输出::ITM-MEA-006::输出,CG_FE573ED935CFF37491A053E8,L2_4200.slx,p_4238_rp_c7dcc306b020116f,Outport,L2_4200.fmu,p_4238_rp_c7dcc306b020116f,output,continuous,,CONFLICT,unit,LEGACY_CONTRACT_CONFLICT | SEMANTIC_REVIEW_REQUIRED,LEGACY_CONTRACT_CONFLICT,Legacy contract conflicts with authoritative SSD fields: unit. SSD values were retained. | SSD unit [-] does not encode Full SysML unit/medium A
BIND::L2_4200::p_4238_rp_d9d25dfbac32d1e3,L2_4200,L2_4200,4200,网侧高压分配及控制,p_4238_rp_d9d25dfbac32d1e3,L2_4200.p_4238_rp_d9d25dfbac32d1e3,input,Real,[-],PantographState,Enum,ITM-STA-015,受电弓状态,PantographState,无,IF_IF_STA_015,p_N_4000.p_N_4200.p_N_4230.p_N_4238.rp_d9d25dfbac32d1e3,4238,高压控制输入输出单元,受电弓状态输入,PORT::4238::受电弓状态输入::ITM-STA-015::输入,CG_8F81398231970DBDB0A7F854,L2_4200.slx,p_4238_rp_d9d25dfbac32d1e3,Inport,L2_4200.fmu,p_4238_rp_d9d25dfbac32d1e3,input,continuous,,CONFLICT,data_type,LEGACY_CONTRACT_CONFLICT | SEMANTIC_REVIEW_REQUIRED,LEGACY_CONTRACT_CONFLICT,Legacy contract conflicts with authoritative SSD fields: data_type. SSD values were retained. | Full SysML item datatype Enum requires implementation interpretation against SSD Real | SSD unit [-] does not encode Full SysML unit/medium 无
BIND::L2_4200::p_4239_rp_c9c4c887a8c7b2f0,L2_4200,L2_4200,4200,网侧高压分配及控制,p_4239_rp_c9c4c887a8c7b2f0,L2_4200.p_4239_rp_c9c4c887a8c7b2f0,input,Real,[-],HVSafetyLoopState,Boolean/Enum,ITM-STA-024,高压安全回路状态,HVSafetyLoopState,无,IF_IF_STA_024,p_N_4000.p_N_4200.p_N_4230.p_N_4239.rp_c9c4c887a8c7b2f0,4239,高压控制单元,高压安全回路状态输入,PORT::4239::高压安全回路状态输入::ITM-STA-024::输入,CG_F55B5E17D8CBFAC80E0961C2,L2_4200.slx,p_4239_rp_c9c4c887a8c7b2f0,Inport,L2_4200.fmu,p_4239_rp_c9c4c887a8c7b2f0,input,continuous,,CONFLICT,data_type,LEGACY_CONTRACT_CONFLICT | SEMANTIC_REVIEW_REQUIRED,LEGACY_CONTRACT_CONFLICT,Legacy contract conflicts with authoritative SSD fields: data_type. SSD values were retained. | Full SysML item datatype Boolean/Enum requires implementation interpretation against SSD Real | SSD unit [-] does not encode Full SysML unit/medium 无
BIND::L2_4500::p_4511_rp_c782fb362436088e,L2_4500,L2_4500,4500,主变压器及其冷却,p_4511_rp_c782fb362436088e,L2_4500.p_4511_rp_c782fb362436088e,input,Real,[-],HighVoltageACElectricalEnergy,PhysicalConnector,ITM-PHY-001,高压交流电能,HighVoltageACElectricalEnergy,高压交流电气,IF_IF_PHY_001,p_N_4000.p_N_4500.p_N_4510.p_N_4511.rp_c782fb362436088e,4511,主变压器主体,高压交流电能端口,PORT::4511::高压交流电能端口::ITM-PHY-001::双向物理,CG_B483D5C4E4EC5F805E3B0F19,L2_4500.slx,p_4511_rp_c782fb362436088e,Inport,L2_4500.fmu,p_4511_rp_c782fb362436088e,input,continuous,,AMBIGUOUS,,SEMANTIC_REVIEW_REQUIRED,SEMANTIC_REVIEW_REQUIRED,Full SysML item datatype PhysicalConnector requires implementation interpretation against SSD Real | SSD unit [-] does not encode Full SysML unit/medium 高压交流电气
BIND::L2_4500::p_4513_rp_f597e9dc63931270,L2_4500,L2_4500,4500,主变压器及其冷却,p_4513_rp_f597e9dc63931270,L2_4500.p_4513_rp_f597e9dc63931270,output,Real,[-],TractionTransformerSecondaryACEnergy,PhysicalConnector,ITM-PHY-014,牵引变压器次级交流电能,TractionTransformerSecondaryACEnergy,交流电气,IF_IF_PHY_014,p_N_4000.p_N_4500.p_N_4510.p_N_4513.rp_f597e9dc63931270,4513,电抗器,第二交流电能端口,PORT::4513::第二交流电能端口::ITM-PHY-014::双向物理,CG_117A3F0E6C8FF8FF0013A46B | CG_118F2C2B84D1D301C7BE63F8,L2_4500.slx,p_4513_rp_f597e9dc63931270,Outport,L2_4500.fmu,p_4513_rp_f597e9dc63931270,output,continuous,,AMBIGUOUS,,SEMANTIC_REVIEW_REQUIRED,SEMANTIC_REVIEW_REQUIRED,Full SysML item datatype PhysicalConnector requires implementation interpretation against SSD Real | SSD unit [-] does not encode Full SysML unit/medium 交流电气
BIND::L2_4500::p_4517_rp_b93b1716e8b4e844,L2_4500,L2_4500,4500,主变压器及其冷却,p_4517_rp_b93b1716e8b4e844,L2_4500.p_4517_rp_b93b1716e8b4e844,output,Real,[-],HVSystemFault,Enum/Bitset,ITM-STA-016,高压系统故障状态,HVSystemFault,无,IF_IF_STA_016,p_N_4000.p_N_4500.p_N_4510.p_N_4517.rp_b93b1716e8b4e844,4517,主变压器检测及保护元件,高压系统故障状态输出,PORT::4517::高压系统故障状态输出::ITM-STA-016::输出,CG_2274BA128E639FDE4D4F56EC,L2_4500.slx,p_4517_rp_b93b1716e8b4e844,Outport,L2_4500.fmu,p_4517_rp_b93b1716e8b4e844,output,continuous,,CONFLICT,data_type,LEGACY_CONTRACT_CONFLICT | SEMANTIC_REVIEW_REQUIRED,LEGACY_CONTRACT_CONFLICT,Legacy contract conflicts with authoritative SSD fields: data_type. SSD values were retained. | Full SysML item datatype Enum/Bitset requires implementation interpretation against SSD Real | SSD unit [-] does not encode Full SysML unit/medium 无
BIND::L2_4500::p_4518_rp_67eef246e016ac82,L2_4500,L2_4500,4500,主变压器及其冷却,p_4518_rp_67eef246e016ac82,L2_4500.p_4518_rp_67eef246e016ac82,input,Real,[-],HVBreakerState,Enum,ITM-STA-013,高压断路器状态,HVBreakerState,无,IF_IF_STA_013,p_N_4000.p_N_4500.p_N_4510.p_N_4518.rp_67eef246e016ac82,4518,主变压器控制装置,高压断路器状态输入,PORT::4518::高压断路器状态输入::ITM-STA-013::输入,CG_37792F42F4274C7C51C63270,L2_4500.slx,p_4518_rp_67eef246e016ac82,Inport,L2_4500.fmu,p_4518_rp_67eef246e016ac82,input,continuous,,CONFLICT,data_type,LEGACY_CONTRACT_CONFLICT | SEMANTIC_REVIEW_REQUIRED,LEGACY_CONTRACT_CONFLICT,Legacy contract conflicts with authoritative SSD fields: data_type. SSD values were retained. | Full SysML item datatype Enum requires implementation interpretation against SSD Real | SSD unit [-] does not encode Full SysML unit/medium 无
BIND::L2_4500::p_4518_rp_a87c9390595138d6,L2_4500,L2_4500,4500,主变压器及其冷却,p_4518_rp_a87c9390595138d6,L2_4500.p_4518_rp_a87c9390595138d6,input,Real,[-],HVSystemFault,Enum/Bitset,ITM-STA-016,高压系统故障状态,HVSystemFault,无,IF_IF_STA_016,p_N_4000.p_N_4500.p_N_4510.p_N_4518.rp_a87c9390595138d6,4518,主变压器控制装置,高压系统故障状态输入,PORT::4518::高压系统故障状态输入::ITM-STA-016::输入,CG_CE2820923CC0CB141833E11D,L2_4500.slx,p_4518_rp_a87c9390595138d6,Inport,L2_4500.fmu,p_4518_rp_a87c9390595138d6,input,continuous,,CONFLICT,data_type,LEGACY_CONTRACT_CONFLICT | SEMANTIC_REVIEW_REQUIRED,LEGACY_CONTRACT_CONFLICT,Legacy contract conflicts with authoritative SSD fields: data_type. SSD values were retained. | Full SysML item datatype Enum/Bitset requires implementation interpretation against SSD Real | SSD unit [-] does not encode Full SysML unit/medium 无
BIND::L2_5100::p_5111_rp_5f90d6dd8fba4321,L2_5100,L2_5100,5100,牵引变流器主体及其控制,p_5111_rp_5f90d6dd8fba4321,L2_5100.p_5111_rp_5f90d6dd8fba4321,input,Real,[-],LineVoltage,Real,ITM-MEA-005,高压线路电压,LineVoltage,V,IF_IF_MEA_005,p_N_5000.p_N_5100.p_N_5110.p_N_5111.rp_5f90d6dd8fba4321,5111,网侧变流器控制模块,高压线路电压输入,PORT::5111::高压线路电压输入::ITM-MEA-005::输入,CG_002543DBE0F9A7FBC2A3FDD3,L2_5100.slx,p_5111_rp_5f90d6dd8fba4321,Inport,L2_5100.fmu,p_5111_rp_5f90d6dd8fba4321,input,continuous,,CONFLICT,unit,LEGACY_CONTRACT_CONFLICT | SEMANTIC_REVIEW_REQUIRED,LEGACY_CONTRACT_CONFLICT,Legacy contract conflicts with authoritative SSD fields: unit. SSD values were retained. | SSD unit [-] does not encode Full SysML unit/medium V
BIND::L2_5100::p_5111_rp_651700e69b7dccba,L2_5100,L2_5100,5100,牵引变流器主体及其控制,p_5111_rp_651700e69b7dccba,L2_5100.p_5111_rp_651700e69b7dccba,input,Real,[-],LineCurrent,Real,ITM-MEA-006,高压线路电流,LineCurrent,A,IF_IF_MEA_006,p_N_5000.p_N_5100.p_N_5110.p_N_5111.rp_651700e69b7dccba,5111,网侧变流器控制模块,高压线路电流输入,PORT::5111::高压线路电流输入::ITM-MEA-006::输入,CG_20C0A22ECCF07864FDBA3F5A,L2_5100.slx,p_5111_rp_651700e69b7dccba,Inport,L2_5100.fmu,p_5111_rp_651700e69b7dccba,input,continuous,,CONFLICT,unit,LEGACY_CONTRACT_CONFLICT | SEMANTIC_REVIEW_REQUIRED,LEGACY_CONTRACT_CONFLICT,Legacy contract conflicts with authoritative SSD fields: unit. SSD values were retained. | SSD unit [-] does not encode Full SysML unit/medium A
BIND::L2_5100::p_5111_rp_cd7720cf9a4eae22,L2_5100,L2_5100,5100,牵引变流器主体及其控制,p_5111_rp_cd7720cf9a4eae22,L2_5100.p_5111_rp_cd7720cf9a4eae22,output,Real,[-],GridAcceptableRegenerativePower,Real,ITM-LIM-005,接触网可接收功率,GridAcceptableRegenerativePower,W,IF_IF_LIM_005,p_N_5000.p_N_5100.p_N_5110.p_N_5111.rp_cd7720cf9a4eae22,5111,网侧变流器控制模块,接触网可接收功率输出,PORT::5111::接触网可接收功率输出::ITM-LIM-005::输出,CG_08375F15DCE75E45D4C45CE8 | CG_BDD8747118488C9BE895D95F,L2_5100.slx,p_5111_rp_cd7720cf9a4eae22,Outport,L2_5100.fmu,p_5111_rp_cd7720cf9a4eae22,output,continuous,,CONFLICT,unit,LEGACY_CONTRACT_CONFLICT | SEMANTIC_REVIEW_REQUIRED,LEGACY_CONTRACT_CONFLICT,Legacy contract conflicts with authoritative SSD fields: unit. SSD values were retained. | SSD unit [-] does not encode Full SysML unit/medium W
BIND::L2_5100::p_5112_rp_21e86fb073b61523,L2_5100,L2_5100,5100,牵引变流器主体及其控制,p_5112_rp_21e86fb073b61523,L2_5100.p_5112_rp_21e86fb073b61523,input,Real,[-],MotorPhaseVoltage,Real/Vector,ITM-MEA-011,电机侧相电压,MotorPhaseVoltage,V,IF_IF_MEA_011,p_N_5000.p_N_5100.p_N_5110.p_N_5112.rp_21e86fb073b61523,5112,电机侧变流器控制模块,电机侧相电压输入,PORT::5112::电机侧相电压输入::ITM-MEA-011::输入,CG_37ECA5B04E215AC3E6A4B472,L2_5100.slx,p_5112_rp_21e86fb073b61523,Inport,L2_5100.fmu,p_5112_rp_21e86fb073b61523,input,continuous,,CONFLICT,unit,LEGACY_CONTRACT_CONFLICT | SEMANTIC_REVIEW_REQUIRED,LEGACY_CONTRACT_CONFLICT,Legacy contract conflicts with authoritative SSD fields: unit. SSD values were retained. | Full SysML item datatype Real/Vector requires implementation interpretation against SSD Real | SSD unit [-] does not encode Full SysML unit/medium V
BIND::L2_5100::p_5112_rp_4557e9b0656c46f5,L2_5100,L2_5100,5100,牵引变流器主体及其控制,p_5112_rp_4557e9b0656c46f5,L2_5100.p_5112_rp_4557e9b0656c46f5,input,Real,[-],MotorTorqueActual,Real,ITM-MEA-012,牵引电机实际转矩,MotorTorqueActual,N·m,IF_IF_MEA_012,p_N_5000.p_N_5100.p_N_5110.p_N_5112.rp_4557e9b0656c46f5,5112,电机侧变流器控制模块,牵引电机实际转矩输入,PORT::5112::牵引电机实际转矩输入::ITM-MEA-012::输入,CG_D4DF5719633CB5B375F35094,L2_5100.slx,p_5112_rp_4557e9b0656c46f5,Inport,L2_5100.fmu,p_5112_rp_4557e9b0656c46f5,input,continuous,,CONFLICT,unit,LEGACY_CONTRACT_CONFLICT | SEMANTIC_REVIEW_REQUIRED,LEGACY_CONTRACT_CONFLICT,Legacy contract conflicts with authoritative SSD fields: unit. SSD values were retained. | SSD unit [-] does not encode Full SysML unit/medium N·m
BIND::L2_5100::p_5112_rp_6ce5fb5c81d47ab4,L2_5100,L2_5100,5100,牵引变流器主体及其控制,p_5112_rp_6ce5fb5c81d47ab4,L2_5100.p_5112_rp_6ce5fb5c81d47ab4,input,Real,[-],MotorTorqueRequest,Real,ITM-CMD-012,牵引电机转矩请求,MotorTorqueRequest,N·m,IF_IF_CMD_012,p_N_5000.p_N_5100.p_N_5110.p_N_5112.rp_6ce5fb5c81d47ab4,5112,电机侧变流器控制模块,牵引电机转矩请求输入,PORT::5112::牵引电机转矩请求输入::ITM-CMD-012::输入,CG_7365C853DD9391D9914E0C8A,L2_5100.slx,p_5112_rp_6ce5fb5c81d47ab4,Inport,L2_5100.fmu,p_5112_rp_6ce5fb5c81d47ab4,input,continuous,,CONFLICT,unit,LEGACY_CONTRACT_CONFLICT | SEMANTIC_REVIEW_REQUIRED,LEGACY_CONTRACT_CONFLICT,Legacy contract conflicts with authoritative SSD fields: unit. SSD values were retained. | SSD unit [-] does not encode Full SysML unit/medium N·m
BIND::L2_5100::p_5112_rp_780596fabcc73a0f,L2_5100,L2_5100,5100,牵引变流器主体及其控制,p_5112_rp_780596fabcc73a0f,L2_5100.p_5112_rp_780596fabcc73a0f,input,Real,[-],MotorSpeed,Real,ITM-MEA-004,牵引电机转速,MotorSpeed,rad/s,IF_IF_MEA_004,p_N_5000.p_N_5100.p_N_5110.p_N_5112.rp_780596fabcc73a0f,5112,电机侧变流器控制模块,牵引电机转速输入,PORT::5112::牵引电机转速输入::ITM-MEA-004::输入,CG_46A1EE350324445D016EAF45,L2_5100.slx,p_5112_rp_780596fabcc73a0f,Inport,L2_5100.fmu,p_5112_rp_780596fabcc73a0f,input,continuous,,CONFLICT,unit,LEGACY_CONTRACT_CONFLICT | SEMANTIC_REVIEW_REQUIRED,LEGACY_CONTRACT_CONFLICT,Legacy contract conflicts with authoritative SSD fields: unit. SSD values were retained. | SSD unit [-] does not encode Full SysML unit/medium rad/s
BIND::L2_5100::p_5113_rp_d93ff3dea2be11bd,L2_5100,L2_5100,5100,牵引变流器主体及其控制,p_5113_rp_d93ff3dea2be11bd,L2_5100.p_5113_rp_d93ff3dea2be11bd,output,Real,[-],TractionConverterFault,Enum/Bitset,ITM-STA-019,牵引变流器故障状态,TractionConverterFault,无,IF_IF_STA_019,p_N_5000.p_N_5100.p_N_5110.p_N_5113.rp_d93ff3dea2be11bd,5113,变流器检测保护组件,牵引变流器故障状态输出,PORT::5113::牵引变流器故障状态输出::ITM-STA-019::输出,CG_55513667B46680F5B87A0939,L2_5100.slx,p_5113_rp_d93ff3dea2be11bd,Outport,L2_5100.fmu,p_5113_rp_d93ff3dea2be11bd,output,continuous,,CONFLICT,data_type,LEGACY_CONTRACT_CONFLICT | SEMANTIC_REVIEW_REQUIRED,LEGACY_CONTRACT_CONFLICT,Legacy contract conflicts with authoritative SSD fields: data_type. SSD values were retained. | Full SysML item datatype Enum/Bitset requires implementation interpretation against SSD Real | SSD unit [-] does not encode Full SysML unit/medium 无
BIND::L2_5100::p_5121_rp_9dedfe88c8a34261,L2_5100,L2_5100,5100,牵引变流器主体及其控制,p_5121_rp_9dedfe88c8a34261,L2_5100.p_5121_rp_9dedfe88c8a34261,input,Real,[-],TractionTransformerSecondaryACEnergy,PhysicalConnector,ITM-PHY-014,牵引变压器次级交流电能,TractionTransformerSecondaryACEnergy,交流电气,IF_IF_PHY_014,p_N_5000.p_N_5100.p_N_5120.p_N_5121.rp_9dedfe88c8a34261,5121,预充电组件,牵引变压器次级交流电能端口,PORT::5121::牵引变压器次级交流电能端口::ITM-PHY-014::双向物理,CG_118F2C2B84D1D301C7BE63F8,L2_5100.slx,p_5121_rp_9dedfe88c8a34261,Inport,L2_5100.fmu,p_5121_rp_9dedfe88c8a34261,input,continuous,,AMBIGUOUS,,SEMANTIC_REVIEW_REQUIRED,SEMANTIC_REVIEW_REQUIRED,Full SysML item datatype PhysicalConnector requires implementation interpretation against SSD Real | SSD unit [-] does not encode Full SysML unit/medium 交流电气
BIND::L2_5100::p_5122_rp_0b57347688ba1240,L2_5100,L2_5100,5100,牵引变流器主体及其控制,p_5122_rp_0b57347688ba1240,L2_5100.p_5122_rp_0b57347688ba1240,input,Real,[-],TractionTransformerSecondaryACEnergy,PhysicalConnector,ITM-PHY-014,牵引变压器次级交流电能,TractionTransformerSecondaryACEnergy,交流电气,IF_IF_PHY_014,p_N_5000.p_N_5100.p_N_5120.p_N_5122.rp_0b57347688ba1240,5122,输入组件,牵引变压器次级交流电能端口,PORT::5122::牵引变压器次级交流电能端口::ITM-PHY-014::双向物理,CG_117A3F0E6C8FF8FF0013A46B,L2_5100.slx,p_5122_rp_0b57347688ba1240,Inport,L2_5100.fmu,p_5122_rp_0b57347688ba1240,input,continuous,,AMBIGUOUS,,SEMANTIC_REVIEW_REQUIRED,SEMANTIC_REVIEW_REQUIRED,Full SysML item datatype PhysicalConnector requires implementation interpretation against SSD Real | SSD unit [-] does not encode Full SysML unit/medium 交流电气
BIND::L2_5100::p_5131_rp_95979f7c6bb276e7,L2_5100,L2_5100,5100,牵引变流器主体及其控制,p_5131_rp_95979f7c6bb276e7,L2_5100.p_5131_rp_95979f7c6bb276e7,output,Real,[-],GridReturnedPower,Real,ITM-ACC-003,回馈电网功率,GridReturnedPower,W,IF_IF_ACC_003,p_N_5000.p_N_5100.p_N_5130.p_N_5131.rp_95979f7c6bb276e7,5131,网侧变流模块,回馈电网功率输出,PORT::5131::回馈电网功率输出::ITM-ACC-003::输出,CG_B399D92EE15558C08A95FA03,L2_5100.slx,p_5131_rp_95979f7c6bb276e7,Outport,L2_5100.fmu,p_5131_rp_95979f7c6bb276e7,output,continuous,,CONFLICT,unit,LEGACY_CONTRACT_CONFLICT | SEMANTIC_REVIEW_REQUIRED,LEGACY_CONTRACT_CONFLICT,Legacy contract conflicts with authoritative SSD fields: unit. SSD values were retained. | SSD unit [-] does not encode Full SysML unit/medium W
BIND::L2_5100::p_5132_rp_75d86c9dc39b94b8,L2_5100,L2_5100,5100,牵引变流器主体及其控制,p_5132_rp_75d86c9dc39b94b8,L2_5100.p_5132_rp_75d86c9dc39b94b8,output,Real,[-],RegenerativePowerActual,Real,ITM-ACC-002,实际再生功率,RegenerativePowerActual,W,IF_IF_ACC_002,p_N_5000.p_N_5100.p_N_5130.p_N_5132.rp_75d86c9dc39b94b8,5132,电机侧变流模块,实际再生功率输出,PORT::5132::实际再生功率输出::ITM-ACC-002::输出,CG_40ADD911FF2840BEEAA67F8D,L2_5100.slx,p_5132_rp_75d86c9dc39b94b8,Outport,L2_5100.fmu,p_5132_rp_75d86c9dc39b94b8,output,continuous,,CONFLICT,unit,LEGACY_CONTRACT_CONFLICT | SEMANTIC_REVIEW_REQUIRED,LEGACY_CONTRACT_CONFLICT,Legacy contract conflicts with authoritative SSD fields: unit. SSD values were retained. | SSD unit [-] does not encode Full SysML unit/medium W
BIND::L2_5100::p_5132_rp_770f7e1c507cc073,L2_5100,L2_5100,5100,牵引变流器主体及其控制,p_5132_rp_770f7e1c507cc073,L2_5100.p_5132_rp_770f7e1c507cc073,output,Real,[-],ThreePhaseACElectricalEnergy,PhysicalConnector,ITM-PHY-004,三相交流电能,ThreePhaseACElectricalEnergy,三相交流电气,IF_IF_PHY_004,p_N_5000.p_N_5100.p_N_5130.p_N_5132.rp_770f7e1c507cc073,5132,电机侧变流模块,三相交流电能端口,PORT::5132::三相交流电能端口::ITM-PHY-004::双向物理,CG_3BD24EBE88F37EEFFE563597,L2_5100.slx,p_5132_rp_770f7e1c507cc073,Outport,L2_5100.fmu,p_5132_rp_770f7e1c507cc073,output,continuous,,AMBIGUOUS,,SEMANTIC_REVIEW_REQUIRED,SEMANTIC_REVIEW_REQUIRED,Full SysML item datatype PhysicalConnector requires implementation interpretation against SSD Real | SSD unit [-] does not encode Full SysML unit/medium 三相交流电气
BIND::L2_5100::p_5142_rp_ff09931c451e831b,L2_5100,L2_5100,5100,牵引变流器主体及其控制,p_5142_rp_ff09931c451e831b,L2_5100.p_5142_rp_ff09931c451e831b,output,Real,[-],BrakeResistorDissipatedPower,Real,ITM-ACC-005,制动电阻耗散功率,BrakeResistorDissipatedPower,W,IF_IF_ACC_005,p_N_5000.p_N_5100.p_N_5140.p_N_5142.rp_ff09931c451e831b,5142,放电电阻器,制动电阻耗散功率输出,PORT::5142::制动电阻耗散功率输出::ITM-ACC-005::输出,CG_A35E2178763C6233BE73AA36,L2_5100.slx,p_5142_rp_ff09931c451e831b,Outport,L2_5100.fmu,p_5142_rp_ff09931c451e831b,output,continuous,,CONFLICT,unit,LEGACY_CONTRACT_CONFLICT | SEMANTIC_REVIEW_REQUIRED,LEGACY_CONTRACT_CONFLICT,Legacy contract conflicts with authoritative SSD fields: unit. SSD values were retained. | SSD unit [-] does not encode Full SysML unit/medium W
BIND::L2_5100::p_5145_rp_1680714c67f7d311,L2_5100,L2_5100,5100,牵引变流器主体及其控制,p_5145_rp_1680714c67f7d311,L2_5100.p_5145_rp_1680714c67f7d311,output,Real,[-],DCLinkVoltage,Real,ITM-MEA-008,中间直流母线电压,DCLinkVoltage,V,IF_IF_MEA_008,p_N_5000.p_N_5100.p_N_5140.p_N_5145.rp_1680714c67f7d311,5145,中间直流环节检测保护组件,中间直流母线电压输出,PORT::5145::中间直流母线电压输出::ITM-MEA-008::输出,CG_732BB9F5922B7AC9420BB2D0 | CG_A424455519797490E4F865AA | CG_C8FE042475056BF85CFA2B40,L2_5100.slx,p_5145_rp_1680714c67f7d311,Outport,L2_5100.fmu,p_5145_rp_1680714c67f7d311,output,continuous,,CONFLICT,unit,LEGACY_CONTRACT_CONFLICT | SEMANTIC_REVIEW_REQUIRED,LEGACY_CONTRACT_CONFLICT,Legacy contract conflicts with authoritative SSD fields: unit. SSD values were retained. | SSD unit [-] does not encode Full SysML unit/medium V
BIND::L2_5100::p_5145_rp_a9cc4822e30a5ede,L2_5100,L2_5100,5100,牵引变流器主体及其控制,p_5145_rp_a9cc4822e30a5ede,L2_5100.p_5145_rp_a9cc4822e30a5ede,output,Real,[-],DCLinkCurrent,Real,ITM-MEA-009,中间直流母线电流,DCLinkCurrent,A,IF_IF_MEA_009,p_N_5000.p_N_5100.p_N_5140.p_N_5145.rp_a9cc4822e30a5ede,5145,中间直流环节检测保护组件,中间直流母线电流输出,PORT::5145::中间直流母线电流输出::ITM-MEA-009::输出,CG_4E4C49F08CEE642A5C3C67EB,L2_5100.slx,p_5145_rp_a9cc4822e30a5ede,Outport,L2_5100.fmu,p_5145_rp_a9cc4822e30a5ede,output,continuous,,CONFLICT,unit,LEGACY_CONTRACT_CONFLICT | SEMANTIC_REVIEW_REQUIRED,LEGACY_CONTRACT_CONFLICT,Legacy contract conflicts with authoritative SSD fields: unit. SSD values were retained. | SSD unit [-] does not encode Full SysML unit/medium A
BIND::L2_5300::p_5311_rp_10bb4c4f0063bc18,L2_5300,L2_5300,5300,牵引电机及其冷却,p_5311_rp_10bb4c4f0063bc18,L2_5300.p_5311_rp_10bb4c4f0063bc18,output,Real,[-],MotorTorqueActual,Real,ITM-MEA-012,牵引电机实际转矩,MotorTorqueActual,N·m,IF_IF_MEA_012,p_N_5000.p_N_5300.p_N_5310.p_N_5311.rp_10bb4c4f0063bc18,5311,牵引电机,牵引电机实际转矩输出,PORT::5311::牵引电机实际转矩输出::ITM-MEA-012::输出,CG_65E377DBF988541FA5778D1E | CG_D4DF5719633CB5B375F35094,L2_5300.slx,p_5311_rp_10bb4c4f0063bc18,Outport,L2_5300.fmu,p_5311_rp_10bb4c4f0063bc18,output,continuous,,AMBIGUOUS,,SEMANTIC_REVIEW_REQUIRED,SEMANTIC_REVIEW_REQUIRED,SSD unit [-] does not encode Full SysML unit/medium N·m
BIND::L2_5300::p_5311_rp_537e9856bafa2a02,L2_5300,L2_5300,5300,牵引电机及其冷却,p_5311_rp_537e9856bafa2a02,L2_5300.p_5311_rp_537e9856bafa2a02,output,Real,[-],MotorPhaseVoltage,Real/Vector,ITM-MEA-011,电机侧相电压,MotorPhaseVoltage,V,IF_IF_MEA_011,p_N_5000.p_N_5300.p_N_5310.p_N_5311.rp_537e9856bafa2a02,5311,牵引电机,电机侧相电压输出,PORT::5311::电机侧相电压输出::ITM-MEA-011::输出,CG_37ECA5B04E215AC3E6A4B472,L2_5300.slx,p_5311_rp_537e9856bafa2a02,Outport,L2_5300.fmu,p_5311_rp_537e9856bafa2a02,output,continuous,,CONFLICT,unit,LEGACY_CONTRACT_CONFLICT | SEMANTIC_REVIEW_REQUIRED,LEGACY_CONTRACT_CONFLICT,Legacy contract conflicts with authoritative SSD fields: unit. SSD values were retained. | Full SysML item datatype Real/Vector requires implementation interpretation against SSD Real | SSD unit [-] does not encode Full SysML unit/medium V
BIND::L2_5300::p_5311_rp_57f3c317ac0c860d,L2_5300,L2_5300,5300,牵引电机及其冷却,p_5311_rp_57f3c317ac0c860d,L2_5300.p_5311_rp_57f3c317ac0c860d,input,Real,[-],ThreePhaseACElectricalEnergy,PhysicalConnector,ITM-PHY-004,三相交流电能,ThreePhaseACElectricalEnergy,三相交流电气,IF_IF_PHY_004,p_N_5000.p_N_5300.p_N_5310.p_N_5311.rp_57f3c317ac0c860d,5311,牵引电机,三相交流电能端口,PORT::5311::三相交流电能端口::ITM-PHY-004::双向物理,CG_3BD24EBE88F37EEFFE563597,L2_5300.slx,p_5311_rp_57f3c317ac0c860d,Inport,L2_5300.fmu,p_5311_rp_57f3c317ac0c860d,input,continuous,,AMBIGUOUS,,SEMANTIC_REVIEW_REQUIRED,SEMANTIC_REVIEW_REQUIRED,Full SysML item datatype PhysicalConnector requires implementation interpretation against SSD Real | SSD unit [-] does not encode Full SysML unit/medium 三相交流电气
BIND::L2_5300::p_5311_rp_79c695a1342df24f,L2_5300,L2_5300,5300,牵引电机及其冷却,p_5311_rp_79c695a1342df24f,L2_5300.p_5311_rp_79c695a1342df24f,output,Real,[-],MotorSpeed,Real,ITM-MEA-004,牵引电机转速,MotorSpeed,rad/s,IF_IF_MEA_004,p_N_5000.p_N_5300.p_N_5310.p_N_5311.rp_79c695a1342df24f,5311,牵引电机,牵引电机转速输出,PORT::5311::牵引电机转速输出::ITM-MEA-004::输出,CG_46A1EE350324445D016EAF45,L2_5300.slx,p_5311_rp_79c695a1342df24f,Outport,L2_5300.fmu,p_5311_rp_79c695a1342df24f,output,continuous,,CONFLICT,unit,LEGACY_CONTRACT_CONFLICT | SEMANTIC_REVIEW_REQUIRED,LEGACY_CONTRACT_CONFLICT,Legacy contract conflicts with authoritative SSD fields: unit. SSD values were retained. | SSD unit [-] does not encode Full SysML unit/medium rad/s
BIND::L2_5300::p_5311_rp_97eb613c06ae1b2e,L2_5300,L2_5300,5300,牵引电机及其冷却,p_5311_rp_97eb613c06ae1b2e,L2_5300.p_5311_rp_97eb613c06ae1b2e,output,Real,[-],RotationalMechanicalEnergy,PhysicalConnector,ITM-PHY-005,旋转机械能,RotationalMechanicalEnergy,旋转机械,IF_IF_PHY_005,p_N_5000.p_N_5300.p_N_5310.p_N_5311.rp_97eb613c06ae1b2e,5311,牵引电机,旋转机械能端口,PORT::5311::旋转机械能端口::ITM-PHY-005::双向物理,CG_07AF42BFA3927EF22F7BDDE7 | CG_338D68ABEF709ACD5E0DDCC6,L2_5300.slx,p_5311_rp_97eb613c06ae1b2e,Outport,L2_5300.fmu,p_5311_rp_97eb613c06ae1b2e,output,continuous,,CONFLICT,unit,LEGACY_CONTRACT_CONFLICT | SEMANTIC_REVIEW_REQUIRED,LEGACY_CONTRACT_CONFLICT,Legacy contract conflicts with authoritative SSD fields: unit. SSD values were retained. | Full SysML item datatype PhysicalConnector requires implementation interpretation against SSD Real | SSD unit [-] does not encode Full SysML unit/medium 旋转机械
BIND::L2_7100::p_7142_rp_52f3b82b80918b84,L2_7100,L2_7100,7100,供风,p_7142_rp_52f3b82b80918b84,L2_7100.p_7142_rp_52f3b82b80918b84,output,Real,[-],MainReservoirPressure,Real,ITM-MEA-014,总风管压力,MainReservoirPressure,Pa,IF_IF_MEA_014,p_N_7000.p_N_7100.p_N_7140.p_N_7142.rp_52f3b82b80918b84,7142,总风管压力传感器,总风管压力输出,PORT::7142::总风管压力输出::ITM-MEA-014::输出,CG_739E53DD845C8CD2646C8E39,L2_7100.slx,p_7142_rp_52f3b82b80918b84,Outport,L2_7100.fmu,p_7142_rp_52f3b82b80918b84,output,continuous,,CONFLICT,unit,LEGACY_CONTRACT_CONFLICT | SEMANTIC_REVIEW_REQUIRED,LEGACY_CONTRACT_CONFLICT,Legacy contract conflicts with authoritative SSD fields: unit. SSD values were retained. | SSD unit [-] does not encode Full SysML unit/medium Pa
BIND::L2_7200::p_7211_rp_0194ebfed505dfb5,L2_7200,L2_7200,7200,制动,p_7211_rp_0194ebfed505dfb5,L2_7200.p_7211_rp_0194ebfed505dfb5,output,Real,[-],DynamicBrakeForceRequest,Real,ITM-CMD-006,动态制动力请求,DynamicBrakeForceRequest,N,IF_IF_CMD_006,p_N_7000.p_N_7200.p_N_7210.p_N_7211.rp_0194ebfed505dfb5,7211,电子制动控制单元(EBCU),动态制动力请求输出,PORT::7211::动态制动力请求输出::ITM-CMD-006::输出,CG_B251741505CB19FE47559F29,L2_7200.slx,p_7211_rp_0194ebfed505dfb5,Outport,L2_7200.fmu,p_7211_rp_0194ebfed505dfb5,output,continuous,,CONFLICT,unit,LEGACY_CONTRACT_CONFLICT | SEMANTIC_REVIEW_REQUIRED,LEGACY_CONTRACT_CONFLICT,Legacy contract conflicts with authoritative SSD fields: unit. SSD values were retained. | SSD unit [-] does not encode Full SysML unit/medium N
BIND::L2_7200::p_7211_rp_04cfaf63bfa3ed70,L2_7200,L2_7200,7200,制动,p_7211_rp_04cfaf63bfa3ed70,L2_7200.p_7211_rp_04cfaf63bfa3ed70,input,Real,[-],MainReservoirPressure,Real,ITM-MEA-014,总风管压力,MainReservoirPressure,Pa,IF_IF_MEA_014,p_N_7000.p_N_7200.p_N_7210.p_N_7211.rp_04cfaf63bfa3ed70,7211,电子制动控制单元(EBCU),总风管压力输入,PORT::7211::总风管压力输入::ITM-MEA-014::输入,CG_A0B82CF482DDFB4553F8CFCA,L2_7200.slx,p_7211_rp_04cfaf63bfa3ed70,Inport,L2_7200.fmu,p_7211_rp_04cfaf63bfa3ed70,input,continuous,,CONFLICT,unit,LEGACY_CONTRACT_CONFLICT | SEMANTIC_REVIEW_REQUIRED,LEGACY_CONTRACT_CONFLICT,Legacy contract conflicts with authoritative SSD fields: unit. SSD values were retained. | SSD unit [-] does not encode Full SysML unit/medium Pa
BIND::L2_7200::p_7211_rp_179bcc3fb8dacbbf,L2_7200,L2_7200,7200,制动,p_7211_rp_179bcc3fb8dacbbf,L2_7200.p_7211_rp_179bcc3fb8dacbbf,input,Real,[-],AchievedDynamicBrakeForce,Real,ITM-MEA-013,实际动态制动力,AchievedDynamicBrakeForce,N,IF_IF_MEA_013,p_N_7000.p_N_7200.p_N_7210.p_N_7211.rp_179bcc3fb8dacbbf,7211,电子制动控制单元(EBCU),实际动态制动力输入,PORT::7211::实际动态制动力输入::ITM-MEA-013::输入,CG_E8DAA56D71F2BE4B5E1C9BBF,L2_7200.slx,p_7211_rp_179bcc3fb8dacbbf,Inport,L2_7200.fmu,p_7211_rp_179bcc3fb8dacbbf,input,continuous,,CONFLICT,unit,LEGACY_CONTRACT_CONFLICT | SEMANTIC_REVIEW_REQUIRED,LEGACY_CONTRACT_CONFLICT,Legacy contract conflicts with authoritative SSD fields: unit. SSD values were retained. | SSD unit [-] does not encode Full SysML unit/medium N
BIND::L2_7200::p_7211_rp_77afbfa330bfb95e,L2_7200,L2_7200,7200,制动,p_7211_rp_77afbfa330bfb95e,L2_7200.p_7211_rp_77afbfa330bfb95e,input,Real,[-],ServiceBrakeRequest,Real,ITM-CMD-003,服务制动请求,ServiceBrakeRequest,1 或 m/s2,IF_IF_CMD_003,p_N_7000.p_N_7200.p_N_7210.p_N_7211.rp_77afbfa330bfb95e,7211,电子制动控制单元(EBCU),服务制动请求输入,PORT::7211::服务制动请求输入::ITM-CMD-003::输入,CG_979C19823B520B68E370ECB6,L2_7200.slx,p_7211_rp_77afbfa330bfb95e,Inport,L2_7200.fmu,p_7211_rp_77afbfa330bfb95e,input,continuous,,CONFLICT,unit,LEGACY_CONTRACT_CONFLICT | SEMANTIC_REVIEW_REQUIRED,LEGACY_CONTRACT_CONFLICT,Legacy contract conflicts with authoritative SSD fields: unit. SSD values were retained. | SSD unit [-] does not encode Full SysML unit/medium 1 或 m/s2
BIND::L2_7200::p_7211_rp_c021f63639408eff,L2_7200,L2_7200,7200,制动,p_7211_rp_c021f63639408eff,L2_7200.p_7211_rp_c021f63639408eff,output,Real,[-],BrakeAvailability,Boolean,ITM-STA-003,制动系统可用状态,BrakeAvailability,无,IF_IF_STA_003,p_N_7000.p_N_7200.p_N_7210.p_N_7211.rp_c021f63639408eff,7211,电子制动控制单元(EBCU),制动系统可用状态输出,PORT::7211::制动系统可用状态输出::ITM-STA-003::输出,CG_1102EBD35D52A38B96D5D2E7 | CG_944069F2CBBFA2A01274A9DB,L2_7200.slx,p_7211_rp_c021f63639408eff,Outport,L2_7200.fmu,p_7211_rp_c021f63639408eff,output,continuous,,CONFLICT,data_type,LEGACY_CONTRACT_CONFLICT | SEMANTIC_REVIEW_REQUIRED,LEGACY_CONTRACT_CONFLICT,Legacy contract conflicts with authoritative SSD fields: data_type. SSD values were retained. | Full SysML item datatype Boolean requires implementation interpretation against SSD Real | SSD unit [-] does not encode Full SysML unit/medium 无
BIND::L2_7200::p_7211_rp_d26568a796272d7a,L2_7200,L2_7200,7200,制动,p_7211_rp_d26568a796272d7a,L2_7200.p_7211_rp_d26568a796272d7a,input,Real,[-],DynamicBrakeAvailability,Boolean,ITM-STA-002,动态制动可用状态,DynamicBrakeAvailability,无,IF_IF_STA_002,p_N_7000.p_N_7200.p_N_7210.p_N_7211.rp_d26568a796272d7a,7211,电子制动控制单元(EBCU),动态制动可用状态输入,PORT::7211::动态制动可用状态输入::ITM-STA-002::输入,CG_1ACF37CC65D3FF235E8BD75C,L2_7200.slx,p_7211_rp_d26568a796272d7a,Inport,L2_7200.fmu,p_7211_rp_d26568a796272d7a,input,continuous,,CONFLICT,data_type,LEGACY_CONTRACT_CONFLICT | SEMANTIC_REVIEW_REQUIRED,LEGACY_CONTRACT_CONFLICT,Legacy contract conflicts with authoritative SSD fields: data_type. SSD values were retained. | Full SysML item datatype Boolean requires implementation interpretation against SSD Real | SSD unit [-] does not encode Full SysML unit/medium 无
BIND::L2_7200::p_7211_rp_da3049ae66223d22,L2_7200,L2_7200,7200,制动,p_7211_rp_da3049ae66223d22,L2_7200.p_7211_rp_da3049ae66223d22,input,Real,[-],SafetyBrakeRequest,Enum,ITM-CMD-030,安全停车/制动请求,SafetyBrakeRequest,无,IF_IF_CMD_030,p_N_7000.p_N_7200.p_N_7210.p_N_7211.rp_da3049ae66223d22,7211,电子制动控制单元(EBCU),安全停车/制动请求输入,PORT::7211::安全停车_制动请求输入::ITM-CMD-030::输入,CG_ED49C68C1459BB1005D412BB,L2_7200.slx,p_7211_rp_da3049ae66223d22,Inport,L2_7200.fmu,p_7211_rp_da3049ae66223d22,input,continuous,,CONFLICT,data_type,LEGACY_CONTRACT_CONFLICT | SEMANTIC_REVIEW_REQUIRED,LEGACY_CONTRACT_CONFLICT,Legacy contract conflicts with authoritative SSD fields: data_type. SSD values were retained. | Full SysML item datatype Enum requires implementation interpretation against SSD Real | SSD unit [-] does not encode Full SysML unit/medium 无
BIND::L2_7200::p_7211_rp_daaf414c1711f2bd,L2_7200,L2_7200,7200,制动,p_7211_rp_daaf414c1711f2bd,L2_7200.p_7211_rp_daaf414c1711f2bd,input,Real,[-],BrakeSafetyLoopState,Boolean/Enum,ITM-STA-025,制动安全回路状态,BrakeSafetyLoopState,无,IF_IF_STA_025,p_N_7000.p_N_7200.p_N_7210.p_N_7211.rp_daaf414c1711f2bd,7211,电子制动控制单元(EBCU),制动安全回路状态输入,PORT::7211::制动安全回路状态输入::ITM-STA-025::输入,CG_CE151D40A2BF816F41762F4C,L2_7200.slx,p_7211_rp_daaf414c1711f2bd,Inport,L2_7200.fmu,p_7211_rp_daaf414c1711f2bd,input,continuous,,CONFLICT,data_type,LEGACY_CONTRACT_CONFLICT | SEMANTIC_REVIEW_REQUIRED,LEGACY_CONTRACT_CONFLICT,Legacy contract conflicts with authoritative SSD fields: data_type. SSD values were retained. | Full SysML item datatype Boolean/Enum requires implementation interpretation against SSD Real | SSD unit [-] does not encode Full SysML unit/medium 无
BIND::L2_7200::p_7211_rp_e4d6047a07b1416e,L2_7200,L2_7200,7200,制动,p_7211_rp_e4d6047a07b1416e,L2_7200.p_7211_rp_e4d6047a07b1416e,input,Real,[-],AvailableDynamicBrakeForce,Real,ITM-LIM-001,可用动态制动力,AvailableDynamicBrakeForce,N,IF_IF_LIM_001,p_N_7000.p_N_7200.p_N_7210.p_N_7211.rp_e4d6047a07b1416e,7211,电子制动控制单元(EBCU),可用动态制动力输入,PORT::7211::可用动态制动力输入::ITM-LIM-001::输入,CG_BEDE0932E86628B2EFCA8CCD,L2_7200.slx,p_7211_rp_e4d6047a07b1416e,Inport,L2_7200.fmu,p_7211_rp_e4d6047a07b1416e,input,continuous,,CONFLICT,unit,LEGACY_CONTRACT_CONFLICT | SEMANTIC_REVIEW_REQUIRED,LEGACY_CONTRACT_CONFLICT,Legacy contract conflicts with authoritative SSD fields: unit. SSD values were retained. | SSD unit [-] does not encode Full SysML unit/medium N
BIND::L2_7200::p_7211_rp_f786158194c89c8a,L2_7200,L2_7200,7200,制动,p_7211_rp_f786158194c89c8a,L2_7200.p_7211_rp_f786158194c89c8a,input,Real,[-],BrakeCylinderPressure,Real,ITM-MEA-016,制动缸压力,BrakeCylinderPressure,Pa,IF_IF_MEA_016,p_N_7000.p_N_7200.p_N_7210.p_N_7211.rp_f786158194c89c8a,7211,电子制动控制单元(EBCU),制动缸压力输入,PORT::7211::制动缸压力输入::ITM-MEA-016::输入,CG_1AEA8B915E14A5D0FFEE30D9,L2_7200.slx,p_7211_rp_f786158194c89c8a,Inport,L2_7200.fmu,p_7211_rp_f786158194c89c8a,input,continuous,,CONFLICT,unit,LEGACY_CONTRACT_CONFLICT | SEMANTIC_REVIEW_REQUIRED,LEGACY_CONTRACT_CONFLICT,Legacy contract conflicts with authoritative SSD fields: unit. SSD values were retained. | SSD unit [-] does not encode Full SysML unit/medium Pa
BIND::L2_7200::p_7211_rp_faa6c7c9931b0a58,L2_7200,L2_7200,7200,制动,p_7211_rp_faa6c7c9931b0a58,L2_7200.p_7211_rp_faa6c7c9931b0a58,input,Real,[-],EmergencyBrakeRequest,Boolean,ITM-CMD-004,紧急制动请求,EmergencyBrakeRequest,无,IF_IF_CMD_004,p_N_7000.p_N_7200.p_N_7210.p_N_7211.rp_faa6c7c9931b0a58,7211,电子制动控制单元(EBCU),紧急制动请求输入,PORT::7211::紧急制动请求输入::ITM-CMD-004::输入,CG_071B7693DAFA8B87ADA0A61E,L2_7200.slx,p_7211_rp_faa6c7c9931b0a58,Inport,L2_7200.fmu,p_7211_rp_faa6c7c9931b0a58,input,continuous,,CONFLICT,data_type,LEGACY_CONTRACT_CONFLICT | SEMANTIC_REVIEW_REQUIRED,LEGACY_CONTRACT_CONFLICT,Legacy contract conflicts with authoritative SSD fields: data_type. SSD values were retained. | Full SysML item datatype Boolean requires implementation interpretation against SSD Real | SSD unit [-] does not encode Full SysML unit/medium 无
BIND::L2_7200::p_7226_rp_5f6a9d81cebde2d3,L2_7200,L2_7200,7200,制动,p_7226_rp_5f6a9d81cebde2d3,L2_7200.p_7226_rp_5f6a9d81cebde2d3,input,Real,[-],EmergencyBrakeRequest,Boolean,ITM-CMD-004,紧急制动请求,EmergencyBrakeRequest,无,IF_IF_CMD_004,p_N_7000.p_N_7200.p_N_7220.p_N_7226.rp_5f6a9d81cebde2d3,7226,紧急制动阀,紧急制动请求输入,PORT::7226::紧急制动请求输入::ITM-CMD-004::输入,CG_4163C3EB1F2D16B7AFCB21C9,L2_7200.slx,p_7226_rp_5f6a9d81cebde2d3,Inport,L2_7200.fmu,p_7226_rp_5f6a9d81cebde2d3,input,continuous,,CONFLICT,data_type,LEGACY_CONTRACT_CONFLICT | SEMANTIC_REVIEW_REQUIRED,LEGACY_CONTRACT_CONFLICT,Legacy contract conflicts with authoritative SSD fields: data_type. SSD values were retained. | Full SysML item datatype Boolean requires implementation interpretation against SSD Real | SSD unit [-] does not encode Full SysML unit/medium 无
BIND::L2_7200::p_722B_rp_8d219d5375ded80b,L2_7200,L2_7200,7200,制动,p_722B_rp_8d219d5375ded80b,L2_7200.p_722B_rp_8d219d5375ded80b,output,Real,[-],BrakeCylinderPressure,Real,ITM-MEA-016,制动缸压力,BrakeCylinderPressure,Pa,IF_IF_MEA_016,p_N_7000.p_N_7200.p_N_7220.p_N_722B.rp_8d219d5375ded80b,722B,压力传感器,制动缸压力输出,PORT::722B::制动缸压力输出::ITM-MEA-016::输出,CG_E9224B53F74EDFCCFDA0FC70,L2_7200.slx,p_722B_rp_8d219d5375ded80b,Outport,L2_7200.fmu,p_722B_rp_8d219d5375ded80b,output,continuous,,CONFLICT,unit,LEGACY_CONTRACT_CONFLICT | SEMANTIC_REVIEW_REQUIRED,LEGACY_CONTRACT_CONFLICT,Legacy contract conflicts with authoritative SSD fields: unit. SSD values were retained. | SSD unit [-] does not encode Full SysML unit/medium Pa
BIND::L2_7200::p_7254_rp_d9511ef0fa1c17df,L2_7200,L2_7200,7200,制动,p_7254_rp_d9511ef0fa1c17df,L2_7200.p_7254_rp_d9511ef0fa1c17df,output,Real,[-],FrictionBrakeMechanicalInteraction,PhysicalConnector,ITM-PHY-007,摩擦制动机械作用,FrictionBrakeMechanicalInteraction,摩擦机械,IF_IF_PHY_007,p_N_7000.p_N_7200.p_N_7250.p_N_7254.rp_d9511ef0fa1c17df,7254,闸片,摩擦制动机械作用端口,PORT::7254::摩擦制动机械作用端口::ITM-PHY-007::双向物理,CG_DA869E241F8A36DBAAC07E48,L2_7200.slx,p_7254_rp_d9511ef0fa1c17df,Outport,L2_7200.fmu,p_7254_rp_d9511ef0fa1c17df,output,continuous,,CONFLICT,unit,LEGACY_CONTRACT_CONFLICT | SEMANTIC_REVIEW_REQUIRED,LEGACY_CONTRACT_CONFLICT,Legacy contract conflicts with authoritative SSD fields: unit. SSD values were retained. | Full SysML item datatype PhysicalConnector requires implementation interpretation against SSD Real | SSD unit [-] does not encode Full SysML unit/medium 摩擦机械
BIND::L2_8100::p_8121_rp_0b58c63caeaf2f6d,L2_8100,L2_8100,8100,列车主干网及安全回路,p_8121_rp_0b58c63caeaf2f6d,L2_8100.p_8121_rp_0b58c63caeaf2f6d,input,Real,[-],ServiceBrakeRequest,Real,ITM-CMD-003,服务制动请求,ServiceBrakeRequest,1 或 m/s2,IF_IF_CMD_003,p_N_8000.p_N_8100.p_N_8120.p_N_8121.rp_0b58c63caeaf2f6d,8121,主控制单元,服务制动请求输入,PORT::8121::服务制动请求输入::ITM-CMD-003::输入,CG_41AD09EEB4EAB9DC956C08F8,L2_8100.slx,p_8121_rp_0b58c63caeaf2f6d,Inport,L2_8100.fmu,p_8121_rp_0b58c63caeaf2f6d,input,continuous,,CONFLICT,unit,LEGACY_CONTRACT_CONFLICT | SEMANTIC_REVIEW_REQUIRED,LEGACY_CONTRACT_CONFLICT,Legacy contract conflicts with authoritative SSD fields: unit. SSD values were retained. | SSD unit [-] does not encode Full SysML unit/medium 1 或 m/s2
BIND::L2_8100::p_8121_rp_1c14ea3cdc439198,L2_8100,L2_8100,8100,列车主干网及安全回路,p_8121_rp_1c14ea3cdc439198,L2_8100.p_8121_rp_1c14ea3cdc439198,input,Real,[-],BrakeAvailability,Boolean,ITM-STA-003,制动系统可用状态,BrakeAvailability,无,IF_IF_STA_003,p_N_8000.p_N_8100.p_N_8120.p_N_8121.rp_1c14ea3cdc439198,8121,主控制单元,制动系统可用状态输入,PORT::8121::制动系统可用状态输入::ITM-STA-003::输入,CG_944069F2CBBFA2A01274A9DB,L2_8100.slx,p_8121_rp_1c14ea3cdc439198,Inport,L2_8100.fmu,p_8121_rp_1c14ea3cdc439198,input,continuous,,CONFLICT,data_type,LEGACY_CONTRACT_CONFLICT | SEMANTIC_REVIEW_REQUIRED,LEGACY_CONTRACT_CONFLICT,Legacy contract conflicts with authoritative SSD fields: data_type. SSD values were retained. | Full SysML item datatype Boolean requires implementation interpretation against SSD Real | SSD unit [-] does not encode Full SysML unit/medium 无
BIND::L2_8100::p_8121_rp_1e34bb2697325127,L2_8100,L2_8100,8100,列车主干网及安全回路,p_8121_rp_1e34bb2697325127,L2_8100.p_8121_rp_1e34bb2697325127,input,Real,[-],EmergencyBrakeRequest,Boolean,ITM-CMD-004,紧急制动请求,EmergencyBrakeRequest,无,IF_IF_CMD_004,p_N_8000.p_N_8100.p_N_8120.p_N_8121.rp_1e34bb2697325127,8121,主控制单元,紧急制动请求输入,PORT::8121::紧急制动请求输入::ITM-CMD-004::输入,CG_8EED0159D22D9EDC70A9EA67,L2_8100.slx,p_8121_rp_1e34bb2697325127,Inport,L2_8100.fmu,p_8121_rp_1e34bb2697325127,input,continuous,,CONFLICT,data_type,LEGACY_CONTRACT_CONFLICT | SEMANTIC_REVIEW_REQUIRED,LEGACY_CONTRACT_CONFLICT,Legacy contract conflicts with authoritative SSD fields: data_type. SSD values were retained. | Full SysML item datatype Boolean requires implementation interpretation against SSD Real | SSD unit [-] does not encode Full SysML unit/medium 无
BIND::L2_8100::p_8121_rp_2ee1cd48c6d41ac7,L2_8100,L2_8100,8100,列车主干网及安全回路,p_8121_rp_2ee1cd48c6d41ac7,L2_8100.p_8121_rp_2ee1cd48c6d41ac7,input,Real,[-],TrainDirectionCommand,Enum,ITM-CMD-001,列车方向指令,TrainDirectionCommand,无,IF_IF_CMD_001,p_N_8000.p_N_8100.p_N_8120.p_N_8121.rp_2ee1cd48c6d41ac7,8121,主控制单元,列车方向指令输入,PORT::8121::列车方向指令输入::ITM-CMD-001::输入,CG_A3B31951ADAE62C498E76260,L2_8100.slx,p_8121_rp_2ee1cd48c6d41ac7,Inport,L2_8100.fmu,p_8121_rp_2ee1cd48c6d41ac7,input,continuous,,CONFLICT,data_type,LEGACY_CONTRACT_CONFLICT | SEMANTIC_REVIEW_REQUIRED,LEGACY_CONTRACT_CONFLICT,Legacy contract conflicts with authoritative SSD fields: data_type. SSD values were retained. | Full SysML item datatype Enum requires implementation interpretation against SSD Real | SSD unit [-] does not encode Full SysML unit/medium 无
BIND::L2_8100::p_8121_rp_a49a67fafe112278,L2_8100,L2_8100,8100,列车主干网及安全回路,p_8121_rp_a49a67fafe112278,L2_8100.p_8121_rp_a49a67fafe112278,input,Real,[-],TractionCommand,Real,ITM-CMD-002,牵引指令,TractionCommand,1,IF_IF_CMD_002,p_N_8000.p_N_8100.p_N_8120.p_N_8121.rp_a49a67fafe112278,8121,主控制单元,牵引指令输入,PORT::8121::牵引指令输入::ITM-CMD-002::输入,CG_2E8F3CC8A8EBCDE6B7CF4D27,L2_8100.slx,p_8121_rp_a49a67fafe112278,Inport,L2_8100.fmu,p_8121_rp_a49a67fafe112278,input,continuous,,MATCHED,,,READY,
BIND::L2_8100::p_8121_rp_a9c7eff84933cd80,L2_8100,L2_8100,8100,列车主干网及安全回路,p_8121_rp_a9c7eff84933cd80,L2_8100.p_8121_rp_a9c7eff84933cd80,output,Real,[-],EmergencyBrakeRequest,Boolean,ITM-CMD-004,紧急制动请求,EmergencyBrakeRequest,无,IF_IF_CMD_004,p_N_8000.p_N_8100.p_N_8120.p_N_8121.rp_a9c7eff84933cd80,8121,主控制单元,紧急制动请求输出,PORT::8121::紧急制动请求输出::ITM-CMD-004::输出,CG_071B7693DAFA8B87ADA0A61E | CG_4163C3EB1F2D16B7AFCB21C9,L2_8100.slx,p_8121_rp_a9c7eff84933cd80,Outport,L2_8100.fmu,p_8121_rp_a9c7eff84933cd80,output,continuous,,CONFLICT,data_type,LEGACY_CONTRACT_CONFLICT | SEMANTIC_REVIEW_REQUIRED,LEGACY_CONTRACT_CONFLICT,Legacy contract conflicts with authoritative SSD fields: data_type. SSD values were retained. | Full SysML item datatype Boolean requires implementation interpretation against SSD Real | SSD unit [-] does not encode Full SysML unit/medium 无
BIND::L2_8100::p_8121_rp_d82e5c8a7afb4b7b,L2_8100,L2_8100,8100,列车主干网及安全回路,p_8121_rp_d82e5c8a7afb4b7b,L2_8100.p_8121_rp_d82e5c8a7afb4b7b,output,Real,[-],ServiceBrakeRequest,Real,ITM-CMD-003,服务制动请求,ServiceBrakeRequest,1 或 m/s2,IF_IF_CMD_003,p_N_8000.p_N_8100.p_N_8120.p_N_8121.rp_d82e5c8a7afb4b7b,8121,主控制单元,服务制动请求输出,PORT::8121::服务制动请求输出::ITM-CMD-003::输出,CG_979C19823B520B68E370ECB6,L2_8100.slx,p_8121_rp_d82e5c8a7afb4b7b,Outport,L2_8100.fmu,p_8121_rp_d82e5c8a7afb4b7b,output,continuous,,CONFLICT,unit,LEGACY_CONTRACT_CONFLICT | SEMANTIC_REVIEW_REQUIRED,LEGACY_CONTRACT_CONFLICT,Legacy contract conflicts with authoritative SSD fields: unit. SSD values were retained. | SSD unit [-] does not encode Full SysML unit/medium 1 或 m/s2
BIND::L2_8100::p_8122_rp_1967a947dd39d4a5,L2_8100,L2_8100,8100,列车主干网及安全回路,p_8122_rp_1967a947dd39d4a5,L2_8100.p_8122_rp_1967a947dd39d4a5,input,Real,[-],ESSAvailability,Boolean,ITM-STA-030,储能系统可用状态,ESSAvailability,无,IF_IF_STA_030,p_N_8000.p_N_8100.p_N_8120.p_N_8122.rp_1967a947dd39d4a5,8122,车辆控制单元,储能系统可用状态输入,PORT::8122::储能系统可用状态输入::ITM-STA-030::输入,CG_C03EBDD9B3CFF4E6611E41A1,L2_8100.slx,p_8122_rp_1967a947dd39d4a5,Inport,L2_8100.fmu,p_8122_rp_1967a947dd39d4a5,input,continuous,,CONFLICT,data_type,LEGACY_CONTRACT_CONFLICT | SEMANTIC_REVIEW_REQUIRED,LEGACY_CONTRACT_CONFLICT,Legacy contract conflicts with authoritative SSD fields: data_type. SSD values were retained. | Full SysML item datatype Boolean requires implementation interpretation against SSD Real | SSD unit [-] does not encode Full SysML unit/medium 无
BIND::L2_8100::p_8122_rp_35b0ef67b409e840,L2_8100,L2_8100,8100,列车主干网及安全回路,p_8122_rp_35b0ef67b409e840,L2_8100.p_8122_rp_35b0ef67b409e840,input,Real,[-],ESSAvailableDischargePower,Real,ITM-LIM-010,储能可用放电功率,ESSAvailableDischargePower,W,IF_IF_LIM_010,p_N_8000.p_N_8100.p_N_8120.p_N_8122.rp_35b0ef67b409e840,8122,车辆控制单元,储能可用放电功率输入,PORT::8122::储能可用放电功率输入::ITM-LIM-010::输入,CG_DAF7D43DDD825831F29A70F8,L2_8100.slx,p_8122_rp_35b0ef67b409e840,Inport,L2_8100.fmu,p_8122_rp_35b0ef67b409e840,input,continuous,,CONFLICT,unit,LEGACY_CONTRACT_CONFLICT | SEMANTIC_REVIEW_REQUIRED,LEGACY_CONTRACT_CONFLICT,Legacy contract conflicts with authoritative SSD fields: unit. SSD values were retained. | SSD unit [-] does not encode Full SysML unit/medium W
BIND::L2_8100::p_8122_rp_361eac651ec9fd05,L2_8100,L2_8100,8100,列车主干网及安全回路,p_8122_rp_361eac651ec9fd05,L2_8100.p_8122_rp_361eac651ec9fd05,input,Real,[-],DCLinkVoltage,Real,ITM-MEA-008,中间直流母线电压,DCLinkVoltage,V,IF_IF_MEA_008,p_N_8000.p_N_8100.p_N_8120.p_N_8122.rp_361eac651ec9fd05,8122,车辆控制单元,中间直流母线电压输入,PORT::8122::中间直流母线电压输入::ITM-MEA-008::输入,CG_732BB9F5922B7AC9420BB2D0,L2_8100.slx,p_8122_rp_361eac651ec9fd05,Inport,L2_8100.fmu,p_8122_rp_361eac651ec9fd05,input,continuous,,CONFLICT,unit,LEGACY_CONTRACT_CONFLICT | SEMANTIC_REVIEW_REQUIRED,LEGACY_CONTRACT_CONFLICT,Legacy contract conflicts with authoritative SSD fields: unit. SSD values were retained. | SSD unit [-] does not encode Full SysML unit/medium V
BIND::L2_8100::p_8122_rp_4683a7cb63e55daf,L2_8100,L2_8100,8100,列车主干网及安全回路,p_8122_rp_4683a7cb63e55daf,L2_8100.p_8122_rp_4683a7cb63e55daf,output,Real,[-],ESSContactorCommand,Boolean,ITM-CMD-027,储能主接触器指令,ESSContactorCommand,无,IF_IF_CMD_027,p_N_8000.p_N_8100.p_N_8120.p_N_8122.rp_4683a7cb63e55daf,8122,车辆控制单元,储能主接触器指令输出,PORT::8122::储能主接触器指令输出::ITM-CMD-027::输出,CG_1AE13610E33C0DC7055CFCED,L2_8100.slx,p_8122_rp_4683a7cb63e55daf,Outport,L2_8100.fmu,p_8122_rp_4683a7cb63e55daf,output,continuous,,CONFLICT,data_type,LEGACY_CONTRACT_CONFLICT | SEMANTIC_REVIEW_REQUIRED,LEGACY_CONTRACT_CONFLICT,Legacy contract conflicts with authoritative SSD fields: data_type. SSD values were retained. | Full SysML item datatype Boolean requires implementation interpretation against SSD Real | SSD unit [-] does not encode Full SysML unit/medium 无
BIND::L2_8100::p_8122_rp_47c78247980cc3a5,L2_8100,L2_8100,8100,列车主干网及安全回路,p_8122_rp_47c78247980cc3a5,L2_8100.p_8122_rp_47c78247980cc3a5,output,Real,[-],ESSFaultResetCommand,Boolean,ITM-CMD-029,储能故障复位指令,ESSFaultResetCommand,无,IF_IF_CMD_029,p_N_8000.p_N_8100.p_N_8120.p_N_8122.rp_47c78247980cc3a5,8122,车辆控制单元,储能故障复位指令输出,PORT::8122::储能故障复位指令输出::ITM-CMD-029::输出,CG_D8FCE908D4FD9343C6353985,L2_8100.slx,p_8122_rp_47c78247980cc3a5,Outport,L2_8100.fmu,p_8122_rp_47c78247980cc3a5,output,continuous,,CONFLICT,data_type,LEGACY_CONTRACT_CONFLICT | SEMANTIC_REVIEW_REQUIRED,LEGACY_CONTRACT_CONFLICT,Legacy contract conflicts with authoritative SSD fields: data_type. SSD values were retained. | Full SysML item datatype Boolean requires implementation interpretation against SSD Real | SSD unit [-] does not encode Full SysML unit/medium 无
BIND::L2_8100::p_8122_rp_6437aa0577c9ccd7,L2_8100,L2_8100,8100,列车主干网及安全回路,p_8122_rp_6437aa0577c9ccd7,L2_8100.p_8122_rp_6437aa0577c9ccd7,input,Real,[-],SuperCapSOC,Real,ITM-MEA-028,超级电容SOC,SuperCapSOC,1,IF_IF_MEA_028,p_N_8000.p_N_8100.p_N_8120.p_N_8122.rp_6437aa0577c9ccd7,8122,车辆控制单元,超级电容SOC输入,PORT::8122::超级电容SOC输入::ITM-MEA-028::输入,CG_9465AAC3F0B0B115DC3EF9FD,L2_8100.slx,p_8122_rp_6437aa0577c9ccd7,Inport,L2_8100.fmu,p_8122_rp_6437aa0577c9ccd7,input,continuous,,MATCHED,,,READY,
BIND::L2_8100::p_8122_rp_77c439392dea95b4,L2_8100,L2_8100,8100,列车主干网及安全回路,p_8122_rp_77c439392dea95b4,L2_8100.p_8122_rp_77c439392dea95b4,output,Real,[-],ESSPowerRequest,Real,ITM-CMD-025,储能功率请求,ESSPowerRequest,W,IF_IF_CMD_025,p_N_8000.p_N_8100.p_N_8120.p_N_8122.rp_77c439392dea95b4,8122,车辆控制单元,储能功率请求输出,PORT::8122::储能功率请求输出::ITM-CMD-025::输出,CG_7A2381DC8C36A40B747035A5,L2_8100.slx,p_8122_rp_77c439392dea95b4,Outport,L2_8100.fmu,p_8122_rp_77c439392dea95b4,output,continuous,,CONFLICT,unit,LEGACY_CONTRACT_CONFLICT | SEMANTIC_REVIEW_REQUIRED,LEGACY_CONTRACT_CONFLICT,Legacy contract conflicts with authoritative SSD fields: unit. SSD values were retained. | SSD unit [-] does not encode Full SysML unit/medium W
BIND::L2_8100::p_8122_rp_81e596aab3f0fe4c,L2_8100,L2_8100,8100,列车主干网及安全回路,p_8122_rp_81e596aab3f0fe4c,L2_8100.p_8122_rp_81e596aab3f0fe4c,input,Real,[-],TractionConverterFault,Enum/Bitset,ITM-STA-019,牵引变流器故障状态,TractionConverterFault,无,IF_IF_STA_019,p_N_8000.p_N_8100.p_N_8120.p_N_8122.rp_81e596aab3f0fe4c,8122,车辆控制单元,牵引变流器故障状态输入,PORT::8122::牵引变流器故障状态输入::ITM-STA-019::输入,CG_55513667B46680F5B87A0939,L2_8100.slx,p_8122_rp_81e596aab3f0fe4c,Inport,L2_8100.fmu,p_8122_rp_81e596aab3f0fe4c,input,continuous,,CONFLICT,data_type,LEGACY_CONTRACT_CONFLICT | SEMANTIC_REVIEW_REQUIRED,LEGACY_CONTRACT_CONFLICT,Legacy contract conflicts with authoritative SSD fields: data_type. SSD values were retained. | Full SysML item datatype Enum/Bitset requires implementation interpretation against SSD Real | SSD unit [-] does not encode Full SysML unit/medium 无
BIND::L2_8100::p_8122_rp_8c3ed075d33335e8,L2_8100,L2_8100,8100,列车主干网及安全回路,p_8122_rp_8c3ed075d33335e8,L2_8100.p_8122_rp_8c3ed075d33335e8,input,Real,[-],ESSAvailableChargePower,Real,ITM-LIM-009,储能可用充电功率,ESSAvailableChargePower,W,IF_IF_LIM_009,p_N_8000.p_N_8100.p_N_8120.p_N_8122.rp_8c3ed075d33335e8,8122,车辆控制单元,储能可用充电功率输入,PORT::8122::储能可用充电功率输入::ITM-LIM-009::输入,CG_CB302083C9F33A1345D9C406,L2_8100.slx,p_8122_rp_8c3ed075d33335e8,Inport,L2_8100.fmu,p_8122_rp_8c3ed075d33335e8,input,continuous,,CONFLICT,unit,LEGACY_CONTRACT_CONFLICT | SEMANTIC_REVIEW_REQUIRED,LEGACY_CONTRACT_CONFLICT,Legacy contract conflicts with authoritative SSD fields: unit. SSD values were retained. | SSD unit [-] does not encode Full SysML unit/medium W
BIND::L2_8100::p_8122_rp_9d3500c169fe7103,L2_8100,L2_8100,8100,列车主干网及安全回路,p_8122_rp_9d3500c169fe7103,L2_8100.p_8122_rp_9d3500c169fe7103,input,Real,[-],ESSFault,Enum/Bitset,ITM-STA-031,储能系统故障状态,ESSFault,无,IF_IF_STA_031,p_N_8000.p_N_8100.p_N_8120.p_N_8122.rp_9d3500c169fe7103,8122,车辆控制单元,储能系统故障状态输入,PORT::8122::储能系统故障状态输入::ITM-STA-031::输入,CG_C113ED5B462ACDD4ACE56E91,L2_8100.slx,p_8122_rp_9d3500c169fe7103,Inport,L2_8100.fmu,p_8122_rp_9d3500c169fe7103,input,continuous,,CONFLICT,data_type,LEGACY_CONTRACT_CONFLICT | SEMANTIC_REVIEW_REQUIRED,LEGACY_CONTRACT_CONFLICT,Legacy contract conflicts with authoritative SSD fields: data_type. SSD values were retained. | Full SysML item datatype Enum/Bitset requires implementation interpretation against SSD Real | SSD unit [-] does not encode Full SysML unit/medium 无
BIND::L2_8100::p_8122_rp_a095b9b42ab5cc7d,L2_8100,L2_8100,8100,列车主干网及安全回路,p_8122_rp_a095b9b42ab5cc7d,L2_8100.p_8122_rp_a095b9b42ab5cc7d,input,Real,[-],ESSAbsorbedPower,Real,ITM-ACC-004,储能吸收功率,ESSAbsorbedPower,W,IF_IF_ACC_004,p_N_8000.p_N_8100.p_N_8120.p_N_8122.rp_a095b9b42ab5cc7d,8122,车辆控制单元,储能吸收功率输入,PORT::8122::储能吸收功率输入::ITM-ACC-004::输入,CG_093EFCE58F3AB220CFEC48AC,L2_8100.slx,p_8122_rp_a095b9b42ab5cc7d,Inport,L2_8100.fmu,p_8122_rp_a095b9b42ab5cc7d,input,continuous,,CONFLICT,unit,LEGACY_CONTRACT_CONFLICT | SEMANTIC_REVIEW_REQUIRED,LEGACY_CONTRACT_CONFLICT,Legacy contract conflicts with authoritative SSD fields: unit. SSD values were retained. | SSD unit [-] does not encode Full SysML unit/medium W
BIND::L2_8100::p_8122_rp_a4aac084c46e1e57,L2_8100,L2_8100,8100,列车主干网及安全回路,p_8122_rp_a4aac084c46e1e57,L2_8100.p_8122_rp_a4aac084c46e1e57,output,Real,[-],DCDCEnableCommand,Boolean,ITM-CMD-026,双向DC/DC使能,DCDCEnableCommand,无,IF_IF_CMD_026,p_N_8000.p_N_8100.p_N_8120.p_N_8122.rp_a4aac084c46e1e57,8122,车辆控制单元,双向DC/DC使能输出,PORT::8122::双向DC_DC使能输出::ITM-CMD-026::输出,CG_25DC22E45A984D1CB28D188B,L2_8100.slx,p_8122_rp_a4aac084c46e1e57,Outport,L2_8100.fmu,p_8122_rp_a4aac084c46e1e57,output,continuous,,CONFLICT,data_type,LEGACY_CONTRACT_CONFLICT | SEMANTIC_REVIEW_REQUIRED,LEGACY_CONTRACT_CONFLICT,Legacy contract conflicts with authoritative SSD fields: data_type. SSD values were retained. | Full SysML item datatype Boolean requires implementation interpretation against SSD Real | SSD unit [-] does not encode Full SysML unit/medium 无
BIND::L2_8100::p_8122_rp_abc36140248d0eef,L2_8100,L2_8100,8100,列车主干网及安全回路,p_8122_rp_abc36140248d0eef,L2_8100.p_8122_rp_abc36140248d0eef,input,Real,[-],GridAcceptableRegenerativePower,Real,ITM-LIM-005,接触网可接收功率,GridAcceptableRegenerativePower,W,IF_IF_LIM_005,p_N_8000.p_N_8100.p_N_8120.p_N_8122.rp_abc36140248d0eef,8122,车辆控制单元,接触网可接收功率输入,PORT::8122::接触网可接收功率输入::ITM-LIM-005::输入,CG_BDD8747118488C9BE895D95F,L2_8100.slx,p_8122_rp_abc36140248d0eef,Inport,L2_8100.fmu,p_8122_rp_abc36140248d0eef,input,continuous,,CONFLICT,unit,LEGACY_CONTRACT_CONFLICT | SEMANTIC_REVIEW_REQUIRED,LEGACY_CONTRACT_CONFLICT,Legacy contract conflicts with authoritative SSD fields: unit. SSD values were retained. | SSD unit [-] does not encode Full SysML unit/medium W
BIND::L2_8100::p_8122_rp_b1fb8856841fb7cf,L2_8100,L2_8100,8100,列车主干网及安全回路,p_8122_rp_b1fb8856841fb7cf,L2_8100.p_8122_rp_b1fb8856841fb7cf,input,Real,[-],BrakeAvailability,Boolean,ITM-STA-003,制动系统可用状态,BrakeAvailability,无,IF_IF_STA_003,p_N_8000.p_N_8100.p_N_8120.p_N_8122.rp_b1fb8856841fb7cf,8122,车辆控制单元,制动系统可用状态输入,PORT::8122::制动系统可用状态输入::ITM-STA-003::输入,CG_1102EBD35D52A38B96D5D2E7,L2_8100.slx,p_8122_rp_b1fb8856841fb7cf,Inport,L2_8100.fmu,p_8122_rp_b1fb8856841fb7cf,input,continuous,,CONFLICT,data_type,LEGACY_CONTRACT_CONFLICT | SEMANTIC_REVIEW_REQUIRED,LEGACY_CONTRACT_CONFLICT,Legacy contract conflicts with authoritative SSD fields: data_type. SSD values were retained. | Full SysML item datatype Boolean requires implementation interpretation against SSD Real | SSD unit [-] does not encode Full SysML unit/medium 无
BIND::L2_8100::p_8122_rp_bd78e8d84d334672,L2_8100,L2_8100,8100,列车主干网及安全回路,p_8122_rp_bd78e8d84d334672,L2_8100.p_8122_rp_bd78e8d84d334672,input,Real,[-],RegenerativePowerActual,Real,ITM-ACC-002,实际再生功率,RegenerativePowerActual,W,IF_IF_ACC_002,p_N_8000.p_N_8100.p_N_8120.p_N_8122.rp_bd78e8d84d334672,8122,车辆控制单元,实际再生功率输入,PORT::8122::实际再生功率输入::ITM-ACC-002::输入,CG_40ADD911FF2840BEEAA67F8D,L2_8100.slx,p_8122_rp_bd78e8d84d334672,Inport,L2_8100.fmu,p_8122_rp_bd78e8d84d334672,input,continuous,,CONFLICT,unit,LEGACY_CONTRACT_CONFLICT | SEMANTIC_REVIEW_REQUIRED,LEGACY_CONTRACT_CONFLICT,Legacy contract conflicts with authoritative SSD fields: unit. SSD values were retained. | SSD unit [-] does not encode Full SysML unit/medium W
BIND::L2_8100::p_8122_rp_dae173a1561f3f35,L2_8100,L2_8100,8100,列车主干网及安全回路,p_8122_rp_dae173a1561f3f35,L2_8100.p_8122_rp_dae173a1561f3f35,input,Real,[-],BrakeResistorDissipatedPower,Real,ITM-ACC-005,制动电阻耗散功率,BrakeResistorDissipatedPower,W,IF_IF_ACC_005,p_N_8000.p_N_8100.p_N_8120.p_N_8122.rp_dae173a1561f3f35,8122,车辆控制单元,制动电阻耗散功率输入,PORT::8122::制动电阻耗散功率输入::ITM-ACC-005::输入,CG_A35E2178763C6233BE73AA36,L2_8100.slx,p_8122_rp_dae173a1561f3f35,Inport,L2_8100.fmu,p_8122_rp_dae173a1561f3f35,input,continuous,,CONFLICT,unit,LEGACY_CONTRACT_CONFLICT | SEMANTIC_REVIEW_REQUIRED,LEGACY_CONTRACT_CONFLICT,Legacy contract conflicts with authoritative SSD fields: unit. SSD values were retained. | SSD unit [-] does not encode Full SysML unit/medium W
BIND::L2_8100::p_8122_rp_e1808e35289aaba6,L2_8100,L2_8100,8100,列车主干网及安全回路,p_8122_rp_e1808e35289aaba6,L2_8100.p_8122_rp_e1808e35289aaba6,input,Real,[-],DCDCActualPower,Real,ITM-MEA-029,双向DC/DC实际功率,DCDCActualPower,W,IF_IF_MEA_029,p_N_8000.p_N_8100.p_N_8120.p_N_8122.rp_e1808e35289aaba6,8122,车辆控制单元,双向DC/DC实际功率输入,PORT::8122::双向DC_DC实际功率输入::ITM-MEA-029::输入,CG_A6D783BBFCF6C6DA11FFCF2D,L2_8100.slx,p_8122_rp_e1808e35289aaba6,Inport,L2_8100.fmu,p_8122_rp_e1808e35289aaba6,input,continuous,,CONFLICT,unit,LEGACY_CONTRACT_CONFLICT | SEMANTIC_REVIEW_REQUIRED,LEGACY_CONTRACT_CONFLICT,Legacy contract conflicts with authoritative SSD fields: unit. SSD values were retained. | SSD unit [-] does not encode Full SysML unit/medium W
BIND::L2_8100::p_8122_rp_eb1cf5594b5796be,L2_8100,L2_8100,8100,列车主干网及安全回路,p_8122_rp_eb1cf5594b5796be,L2_8100.p_8122_rp_eb1cf5594b5796be,input,Real,[-],GridReturnedPower,Real,ITM-ACC-003,回馈电网功率,GridReturnedPower,W,IF_IF_ACC_003,p_N_8000.p_N_8100.p_N_8120.p_N_8122.rp_eb1cf5594b5796be,8122,车辆控制单元,回馈电网功率输入,PORT::8122::回馈电网功率输入::ITM-ACC-003::输入,CG_B399D92EE15558C08A95FA03,L2_8100.slx,p_8122_rp_eb1cf5594b5796be,Inport,L2_8100.fmu,p_8122_rp_eb1cf5594b5796be,input,continuous,,CONFLICT,unit,LEGACY_CONTRACT_CONFLICT | SEMANTIC_REVIEW_REQUIRED,LEGACY_CONTRACT_CONFLICT,Legacy contract conflicts with authoritative SSD fields: unit. SSD values were retained. | SSD unit [-] does not encode Full SysML unit/medium W
BIND::L2_8100::p_8122_rp_f704c2e7bab06749,L2_8100,L2_8100,8100,列车主干网及安全回路,p_8122_rp_f704c2e7bab06749,L2_8100.p_8122_rp_f704c2e7bab06749,output,Real,[-],ESSPrechargeCommand,Boolean,ITM-CMD-028,储能预充电指令,ESSPrechargeCommand,无,IF_IF_CMD_028,p_N_8000.p_N_8100.p_N_8120.p_N_8122.rp_f704c2e7bab06749,8122,车辆控制单元,储能预充电指令输出,PORT::8122::储能预充电指令输出::ITM-CMD-028::输出,CG_D9CD1E8933F596F319A67625,L2_8100.slx,p_8122_rp_f704c2e7bab06749,Outport,L2_8100.fmu,p_8122_rp_f704c2e7bab06749,output,continuous,,CONFLICT,data_type,LEGACY_CONTRACT_CONFLICT | SEMANTIC_REVIEW_REQUIRED,LEGACY_CONTRACT_CONFLICT,Legacy contract conflicts with authoritative SSD fields: data_type. SSD values were retained. | Full SysML item datatype Boolean requires implementation interpretation against SSD Real | SSD unit [-] does not encode Full SysML unit/medium 无
BIND::L2_8100::p_8125_rp_1809c94f1581c7f8,L2_8100,L2_8100,8100,列车主干网及安全回路,p_8125_rp_1809c94f1581c7f8,L2_8100.p_8125_rp_1809c94f1581c7f8,input,Real,[-],GridAcceptableRegenerativePower,Real,ITM-LIM-005,接触网可接收功率,GridAcceptableRegenerativePower,W,IF_IF_LIM_005,p_N_8000.p_N_8100.p_N_8120.p_N_8125.rp_1809c94f1581c7f8,8125,列车级牵引控制单元,接触网可接收功率输入,PORT::8125::接触网可接收功率输入::ITM-LIM-005::输入,CG_08375F15DCE75E45D4C45CE8,L2_8100.slx,p_8125_rp_1809c94f1581c7f8,Inport,L2_8100.fmu,p_8125_rp_1809c94f1581c7f8,input,continuous,,CONFLICT,unit,LEGACY_CONTRACT_CONFLICT | SEMANTIC_REVIEW_REQUIRED,LEGACY_CONTRACT_CONFLICT,Legacy contract conflicts with authoritative SSD fields: unit. SSD values were retained. | SSD unit [-] does not encode Full SysML unit/medium W
BIND::L2_8100::p_8125_rp_1faca3fc4ff0e741,L2_8100,L2_8100,8100,列车主干网及安全回路,p_8125_rp_1faca3fc4ff0e741,L2_8100.p_8125_rp_1faca3fc4ff0e741,input,Real,[-],MotorTorqueActual,Real,ITM-MEA-012,牵引电机实际转矩,MotorTorqueActual,N·m,IF_IF_MEA_012,p_N_8000.p_N_8100.p_N_8120.p_N_8125.rp_1faca3fc4ff0e741,8125,列车级牵引控制单元,牵引电机实际转矩输入,PORT::8125::牵引电机实际转矩输入::ITM-MEA-012::输入,CG_65E377DBF988541FA5778D1E,L2_8100.slx,p_8125_rp_1faca3fc4ff0e741,Inport,L2_8100.fmu,p_8125_rp_1faca3fc4ff0e741,input,continuous,,CONFLICT,unit,LEGACY_CONTRACT_CONFLICT | SEMANTIC_REVIEW_REQUIRED,LEGACY_CONTRACT_CONFLICT,Legacy contract conflicts with authoritative SSD fields: unit. SSD values were retained. | SSD unit [-] does not encode Full SysML unit/medium N·m
BIND::L2_8100::p_8125_rp_36a59f5828d4c515,L2_8100,L2_8100,8100,列车主干网及安全回路,p_8125_rp_36a59f5828d4c515,L2_8100.p_8125_rp_36a59f5828d4c515,output,Real,[-],AchievedDynamicBrakeForce,Real,ITM-MEA-013,实际动态制动力,AchievedDynamicBrakeForce,N,IF_IF_MEA_013,p_N_8000.p_N_8100.p_N_8120.p_N_8125.rp_36a59f5828d4c515,8125,列车级牵引控制单元,实际动态制动力输出,PORT::8125::实际动态制动力输出::ITM-MEA-013::输出,CG_E8DAA56D71F2BE4B5E1C9BBF,L2_8100.slx,p_8125_rp_36a59f5828d4c515,Outport,L2_8100.fmu,p_8125_rp_36a59f5828d4c515,output,continuous,,CONFLICT,unit,LEGACY_CONTRACT_CONFLICT | SEMANTIC_REVIEW_REQUIRED,LEGACY_CONTRACT_CONFLICT,Legacy contract conflicts with authoritative SSD fields: unit. SSD values were retained. | SSD unit [-] does not encode Full SysML unit/medium N
BIND::L2_8100::p_8125_rp_4e582bfad9ebbf1d,L2_8100,L2_8100,8100,列车主干网及安全回路,p_8125_rp_4e582bfad9ebbf1d,L2_8100.p_8125_rp_4e582bfad9ebbf1d,input,Real,[-],MotorSpeed,Real,ITM-MEA-004,牵引电机转速,MotorSpeed,rad/s,IF_IF_MEA_004,p_N_8000.p_N_8100.p_N_8120.p_N_8125.rp_4e582bfad9ebbf1d,8125,列车级牵引控制单元,牵引电机转速输入,PORT::8125::牵引电机转速输入::ITM-MEA-004::输入,CG_89DF67BFD358C3EEF4DB05F2,L2_8100.slx,p_8125_rp_4e582bfad9ebbf1d,Inport,L2_8100.fmu,p_8125_rp_4e582bfad9ebbf1d,input,continuous,,CONFLICT,unit,LEGACY_CONTRACT_CONFLICT | SEMANTIC_REVIEW_REQUIRED,LEGACY_CONTRACT_CONFLICT,Legacy contract conflicts with authoritative SSD fields: unit. SSD values were retained. | SSD unit [-] does not encode Full SysML unit/medium rad/s
BIND::L2_8100::p_8125_rp_70a8e2c4b0887b4d,L2_8100,L2_8100,8100,列车主干网及安全回路,p_8125_rp_70a8e2c4b0887b4d,L2_8100.p_8125_rp_70a8e2c4b0887b4d,output,Real,[-],MotorTorqueRequest,Real,ITM-CMD-012,牵引电机转矩请求,MotorTorqueRequest,N·m,IF_IF_CMD_012,p_N_8000.p_N_8100.p_N_8120.p_N_8125.rp_70a8e2c4b0887b4d,8125,列车级牵引控制单元,牵引电机转矩请求输出,PORT::8125::牵引电机转矩请求输出::ITM-CMD-012::输出,CG_7365C853DD9391D9914E0C8A,L2_8100.slx,p_8125_rp_70a8e2c4b0887b4d,Outport,L2_8100.fmu,p_8125_rp_70a8e2c4b0887b4d,output,continuous,,CONFLICT,unit,LEGACY_CONTRACT_CONFLICT | SEMANTIC_REVIEW_REQUIRED,LEGACY_CONTRACT_CONFLICT,Legacy contract conflicts with authoritative SSD fields: unit. SSD values were retained. | SSD unit [-] does not encode Full SysML unit/medium N·m
BIND::L2_8100::p_8125_rp_7262595caaf3b8d8,L2_8100,L2_8100,8100,列车主干网及安全回路,p_8125_rp_7262595caaf3b8d8,L2_8100.p_8125_rp_7262595caaf3b8d8,input,Real,[-],DCLinkVoltage,Real,ITM-MEA-008,中间直流母线电压,DCLinkVoltage,V,IF_IF_MEA_008,p_N_8000.p_N_8100.p_N_8120.p_N_8125.rp_7262595caaf3b8d8,8125,列车级牵引控制单元,中间直流母线电压输入,PORT::8125::中间直流母线电压输入::ITM-MEA-008::输入,CG_C8FE042475056BF85CFA2B40,L2_8100.slx,p_8125_rp_7262595caaf3b8d8,Inport,L2_8100.fmu,p_8125_rp_7262595caaf3b8d8,input,continuous,,CONFLICT,unit,LEGACY_CONTRACT_CONFLICT | SEMANTIC_REVIEW_REQUIRED,LEGACY_CONTRACT_CONFLICT,Legacy contract conflicts with authoritative SSD fields: unit. SSD values were retained. | SSD unit [-] does not encode Full SysML unit/medium V
BIND::L2_8100::p_8125_rp_b60dd66dcfd10afa,L2_8100,L2_8100,8100,列车主干网及安全回路,p_8125_rp_b60dd66dcfd10afa,L2_8100.p_8125_rp_b60dd66dcfd10afa,output,Real,[-],AvailableDynamicBrakeForce,Real,ITM-LIM-001,可用动态制动力,AvailableDynamicBrakeForce,N,IF_IF_LIM_001,p_N_8000.p_N_8100.p_N_8120.p_N_8125.rp_b60dd66dcfd10afa,8125,列车级牵引控制单元,可用动态制动力输出,PORT::8125::可用动态制动力输出::ITM-LIM-001::输出,CG_BEDE0932E86628B2EFCA8CCD,L2_8100.slx,p_8125_rp_b60dd66dcfd10afa,Outport,L2_8100.fmu,p_8125_rp_b60dd66dcfd10afa,output,continuous,,CONFLICT,unit,LEGACY_CONTRACT_CONFLICT | SEMANTIC_REVIEW_REQUIRED,LEGACY_CONTRACT_CONFLICT,Legacy contract conflicts with authoritative SSD fields: unit. SSD values were retained. | SSD unit [-] does not encode Full SysML unit/medium N
BIND::L2_8100::p_8125_rp_d69905c106b65d8f,L2_8100,L2_8100,8100,列车主干网及安全回路,p_8125_rp_d69905c106b65d8f,L2_8100.p_8125_rp_d69905c106b65d8f,input,Real,[-],DynamicBrakeForceRequest,Real,ITM-CMD-006,动态制动力请求,DynamicBrakeForceRequest,N,IF_IF_CMD_006,p_N_8000.p_N_8100.p_N_8120.p_N_8125.rp_d69905c106b65d8f,8125,列车级牵引控制单元,动态制动力请求输入,PORT::8125::动态制动力请求输入::ITM-CMD-006::输入,CG_B251741505CB19FE47559F29,L2_8100.slx,p_8125_rp_d69905c106b65d8f,Inport,L2_8100.fmu,p_8125_rp_d69905c106b65d8f,input,continuous,,CONFLICT,unit,LEGACY_CONTRACT_CONFLICT | SEMANTIC_REVIEW_REQUIRED,LEGACY_CONTRACT_CONFLICT,Legacy contract conflicts with authoritative SSD fields: unit. SSD values were retained. | SSD unit [-] does not encode Full SysML unit/medium N
BIND::L2_8100::p_8125_rp_dae11d7502a6c37a,L2_8100,L2_8100,8100,列车主干网及安全回路,p_8125_rp_dae11d7502a6c37a,L2_8100.p_8125_rp_dae11d7502a6c37a,output,Real,[-],DynamicBrakeAvailability,Boolean,ITM-STA-002,动态制动可用状态,DynamicBrakeAvailability,无,IF_IF_STA_002,p_N_8000.p_N_8100.p_N_8120.p_N_8125.rp_dae11d7502a6c37a,8125,列车级牵引控制单元,动态制动可用状态输出,PORT::8125::动态制动可用状态输出::ITM-STA-002::输出,CG_1ACF37CC65D3FF235E8BD75C,L2_8100.slx,p_8125_rp_dae11d7502a6c37a,Outport,L2_8100.fmu,p_8125_rp_dae11d7502a6c37a,output,continuous,,CONFLICT,data_type,LEGACY_CONTRACT_CONFLICT | SEMANTIC_REVIEW_REQUIRED,LEGACY_CONTRACT_CONFLICT,Legacy contract conflicts with authoritative SSD fields: data_type. SSD values were retained. | Full SysML item datatype Boolean requires implementation interpretation against SSD Real | SSD unit [-] does not encode Full SysML unit/medium 无
BIND::L2_8100::p_8127_rp_8f3091a86214dd4e,L2_8100,L2_8100,8100,列车主干网及安全回路,p_8127_rp_8f3091a86214dd4e,L2_8100.p_8127_rp_8f3091a86214dd4e,output,Real,[-],SafetyBrakeRequest,Enum,ITM-CMD-030,安全停车/制动请求,SafetyBrakeRequest,无,IF_IF_CMD_030,p_N_8000.p_N_8100.p_N_8120.p_N_8127.rp_8f3091a86214dd4e,8127,ATP接口单元,安全停车/制动请求输出,PORT::8127::安全停车_制动请求输出::ITM-CMD-030::输出,CG_ED49C68C1459BB1005D412BB,L2_8100.slx,p_8127_rp_8f3091a86214dd4e,Outport,L2_8100.fmu,p_8127_rp_8f3091a86214dd4e,output,continuous,,CONFLICT,data_type,LEGACY_CONTRACT_CONFLICT | SEMANTIC_REVIEW_REQUIRED,LEGACY_CONTRACT_CONFLICT,Legacy contract conflicts with authoritative SSD fields: data_type. SSD values were retained. | Full SysML item datatype Enum requires implementation interpretation against SSD Real | SSD unit [-] does not encode Full SysML unit/medium 无
BIND::L2_8100::p_8127_rp_a916a9847aeadebb,L2_8100,L2_8100,8100,列车主干网及安全回路,p_8127_rp_a916a9847aeadebb,L2_8100.p_8127_rp_a916a9847aeadebb,input,Real,[-],ExternalSafetySystemState,Enum/Bitset,ITM-STA-027,ATP/外部安全系统状态,ExternalSafetySystemState,无,IF_IF_STA_027,p_N_8000.p_N_8100.p_N_8120.p_N_8127.rp_a916a9847aeadebb,8127,ATP接口单元,ATP/外部安全系统状态输入,PORT::8127::ATP_外部安全系统状态输入::ITM-STA-027::输入,CG_0D68248E62957CCB92C5A2A5,L2_8100.slx,p_8127_rp_a916a9847aeadebb,Inport,L2_8100.fmu,p_8127_rp_a916a9847aeadebb,input,continuous,,CONFLICT,data_type,LEGACY_CONTRACT_CONFLICT | SEMANTIC_REVIEW_REQUIRED,LEGACY_CONTRACT_CONFLICT,Legacy contract conflicts with authoritative SSD fields: data_type. SSD values were retained. | Full SysML item datatype Enum/Bitset requires implementation interpretation against SSD Real | SSD unit [-] does not encode Full SysML unit/medium 无
BIND::L2_8100::p_8127_rp_be0fc7194a7f0161,L2_8100,L2_8100,8100,列车主干网及安全回路,p_8127_rp_be0fc7194a7f0161,L2_8100.p_8127_rp_be0fc7194a7f0161,input,Real,[-],SafetyBrakeRequest,Enum,ITM-CMD-030,安全停车/制动请求,SafetyBrakeRequest,无,IF_IF_CMD_030,p_N_8000.p_N_8100.p_N_8120.p_N_8127.rp_be0fc7194a7f0161,8127,ATP接口单元,安全停车/制动请求输入,PORT::8127::安全停车_制动请求输入::ITM-CMD-030::输入,CG_86987C60BCB826208FEFEF31,L2_8100.slx,p_8127_rp_be0fc7194a7f0161,Inport,L2_8100.fmu,p_8127_rp_be0fc7194a7f0161,input,continuous,,CONFLICT,data_type,LEGACY_CONTRACT_CONFLICT | SEMANTIC_REVIEW_REQUIRED,LEGACY_CONTRACT_CONFLICT,Legacy contract conflicts with authoritative SSD fields: data_type. SSD values were retained. | Full SysML item datatype Enum requires implementation interpretation against SSD Real | SSD unit [-] does not encode Full SysML unit/medium 无
BIND::L2_8100::p_8128_rp_0e19632016b69ff2,L2_8100,L2_8100,8100,列车主干网及安全回路,p_8128_rp_0e19632016b69ff2,L2_8100.p_8128_rp_0e19632016b69ff2,output,Real,[-],BrakeCylinderPressure,Real,ITM-MEA-016,制动缸压力,BrakeCylinderPressure,Pa,IF_IF_MEA_016,p_N_8000.p_N_8100.p_N_8120.p_N_8128.rp_0e19632016b69ff2,8128,输入输出单元,制动缸压力输出,PORT::8128::制动缸压力输出::ITM-MEA-016::输出,CG_1AEA8B915E14A5D0FFEE30D9,L2_8100.slx,p_8128_rp_0e19632016b69ff2,Outport,L2_8100.fmu,p_8128_rp_0e19632016b69ff2,output,continuous,,CONFLICT,unit,LEGACY_CONTRACT_CONFLICT | SEMANTIC_REVIEW_REQUIRED,LEGACY_CONTRACT_CONFLICT,Legacy contract conflicts with authoritative SSD fields: unit. SSD values were retained. | SSD unit [-] does not encode Full SysML unit/medium Pa
BIND::L2_8100::p_8128_rp_5accd69f9c3a8b0c,L2_8100,L2_8100,8100,列车主干网及安全回路,p_8128_rp_5accd69f9c3a8b0c,L2_8100.p_8128_rp_5accd69f9c3a8b0c,output,Real,[-],SandingRequest,Boolean,ITM-CMD-024,撒砂请求,SandingRequest,无,IF_IF_CMD_024,p_N_8000.p_N_8100.p_N_8120.p_N_8128.rp_5accd69f9c3a8b0c,8128,输入输出单元,撒砂请求输出,PORT::8128::撒砂请求输出::ITM-CMD-024::输出,CG_565AF053FC6E3FF333FD7433,L2_8100.slx,p_8128_rp_5accd69f9c3a8b0c,Outport,L2_8100.fmu,p_8128_rp_5accd69f9c3a8b0c,output,continuous,,CONFLICT,data_type,LEGACY_CONTRACT_CONFLICT | SEMANTIC_REVIEW_REQUIRED,LEGACY_CONTRACT_CONFLICT,Legacy contract conflicts with authoritative SSD fields: data_type. SSD values were retained. | Full SysML item datatype Boolean requires implementation interpretation against SSD Real | SSD unit [-] does not encode Full SysML unit/medium 无
BIND::L2_8100::p_8128_rp_8d19f6989a5bebad,L2_8100,L2_8100,8100,列车主干网及安全回路,p_8128_rp_8d19f6989a5bebad,L2_8100.p_8128_rp_8d19f6989a5bebad,output,Real,[-],MainReservoirPressure,Real,ITM-MEA-014,总风管压力,MainReservoirPressure,Pa,IF_IF_MEA_014,p_N_8000.p_N_8100.p_N_8120.p_N_8128.rp_8d19f6989a5bebad,8128,输入输出单元,总风管压力输出,PORT::8128::总风管压力输出::ITM-MEA-014::输出,CG_A0B82CF482DDFB4553F8CFCA,L2_8100.slx,p_8128_rp_8d19f6989a5bebad,Outport,L2_8100.fmu,p_8128_rp_8d19f6989a5bebad,output,continuous,,CONFLICT,unit,LEGACY_CONTRACT_CONFLICT | SEMANTIC_REVIEW_REQUIRED,LEGACY_CONTRACT_CONFLICT,Legacy contract conflicts with authoritative SSD fields: unit. SSD values were retained. | SSD unit [-] does not encode Full SysML unit/medium Pa
BIND::L2_8100::p_8128_rp_cb74be2d7d4a54c7,L2_8100,L2_8100,8100,列车主干网及安全回路,p_8128_rp_cb74be2d7d4a54c7,L2_8100.p_8128_rp_cb74be2d7d4a54c7,output,Real,[-],HVSafetyLoopState,Boolean/Enum,ITM-STA-024,高压安全回路状态,HVSafetyLoopState,无,IF_IF_STA_024,p_N_8000.p_N_8100.p_N_8120.p_N_8128.rp_cb74be2d7d4a54c7,8128,输入输出单元,高压安全回路状态输出,PORT::8128::高压安全回路状态输出::ITM-STA-024::输出,CG_F55B5E17D8CBFAC80E0961C2,L2_8100.slx,p_8128_rp_cb74be2d7d4a54c7,Outport,L2_8100.fmu,p_8128_rp_cb74be2d7d4a54c7,output,continuous,,CONFLICT,data_type,LEGACY_CONTRACT_CONFLICT | SEMANTIC_REVIEW_REQUIRED,LEGACY_CONTRACT_CONFLICT,Legacy contract conflicts with authoritative SSD fields: data_type. SSD values were retained. | Full SysML item datatype Boolean/Enum requires implementation interpretation against SSD Real | SSD unit [-] does not encode Full SysML unit/medium 无
BIND::L2_8100::p_8128_rp_cc7a917501039195,L2_8100,L2_8100,8100,列车主干网及安全回路,p_8128_rp_cc7a917501039195,L2_8100.p_8128_rp_cc7a917501039195,input,Real,[-],BrakeCylinderPressure,Real,ITM-MEA-016,制动缸压力,BrakeCylinderPressure,Pa,IF_IF_MEA_016,p_N_8000.p_N_8100.p_N_8120.p_N_8128.rp_cc7a917501039195,8128,输入输出单元,制动缸压力输入,PORT::8128::制动缸压力输入::ITM-MEA-016::输入,CG_E9224B53F74EDFCCFDA0FC70,L2_8100.slx,p_8128_rp_cc7a917501039195,Inport,L2_8100.fmu,p_8128_rp_cc7a917501039195,input,continuous,,CONFLICT,unit,LEGACY_CONTRACT_CONFLICT | SEMANTIC_REVIEW_REQUIRED,LEGACY_CONTRACT_CONFLICT,Legacy contract conflicts with authoritative SSD fields: unit. SSD values were retained. | SSD unit [-] does not encode Full SysML unit/medium Pa
BIND::L2_8100::p_8128_rp_ccc90acd04ba0ccc,L2_8100,L2_8100,8100,列车主干网及安全回路,p_8128_rp_ccc90acd04ba0ccc,L2_8100.p_8128_rp_ccc90acd04ba0ccc,input,Real,[-],MainReservoirPressure,Real,ITM-MEA-014,总风管压力,MainReservoirPressure,Pa,IF_IF_MEA_014,p_N_8000.p_N_8100.p_N_8120.p_N_8128.rp_ccc90acd04ba0ccc,8128,输入输出单元,总风管压力输入,PORT::8128::总风管压力输入::ITM-MEA-014::输入,CG_739E53DD845C8CD2646C8E39,L2_8100.slx,p_8128_rp_ccc90acd04ba0ccc,Inport,L2_8100.fmu,p_8128_rp_ccc90acd04ba0ccc,input,continuous,,CONFLICT,unit,LEGACY_CONTRACT_CONFLICT | SEMANTIC_REVIEW_REQUIRED,LEGACY_CONTRACT_CONFLICT,Legacy contract conflicts with authoritative SSD fields: unit. SSD values were retained. | SSD unit [-] does not encode Full SysML unit/medium Pa
BIND::L2_8100::p_8128_rp_ce6397cb7b81dd94,L2_8100,L2_8100,8100,列车主干网及安全回路,p_8128_rp_ce6397cb7b81dd94,L2_8100.p_8128_rp_ce6397cb7b81dd94,input,Real,[-],ExternalSafetySystemState,Enum/Bitset,ITM-STA-027,ATP/外部安全系统状态,ExternalSafetySystemState,无,IF_IF_STA_027,p_N_8000.p_N_8100.p_N_8120.p_N_8128.rp_ce6397cb7b81dd94,8128,输入输出单元,ATP/外部安全系统状态输入,PORT::8128::ATP_外部安全系统状态输入::ITM-STA-027::输入,CG_89318B491DF9CED18997C36D,L2_8100.slx,p_8128_rp_ce6397cb7b81dd94,Inport,L2_8100.fmu,p_8128_rp_ce6397cb7b81dd94,input,continuous,,CONFLICT,data_type,LEGACY_CONTRACT_CONFLICT | SEMANTIC_REVIEW_REQUIRED,LEGACY_CONTRACT_CONFLICT,Legacy contract conflicts with authoritative SSD fields: data_type. SSD values were retained. | Full SysML item datatype Enum/Bitset requires implementation interpretation against SSD Real | SSD unit [-] does not encode Full SysML unit/medium 无
BIND::L2_8100::p_8151_rp_d7d7f4cb9554ff03,L2_8100,L2_8100,8100,列车主干网及安全回路,p_8151_rp_d7d7f4cb9554ff03,L2_8100.p_8151_rp_d7d7f4cb9554ff03,input,Real,[-],HVBreakerCommand,Enum,ITM-CMD-016,高压断路器指令,HVBreakerCommand,无,IF_IF_CMD_016,p_N_8000.p_N_8100.p_N_8150.p_N_8151.rp_d7d7f4cb9554ff03,8151,高压安全回路,高压断路器指令输入,PORT::8151::高压断路器指令输入::ITM-CMD-016::输入,CG_9ACDE46A41EE650430438B91,L2_8100.slx,p_8151_rp_d7d7f4cb9554ff03,Inport,L2_8100.fmu,p_8151_rp_d7d7f4cb9554ff03,input,continuous,,CONFLICT,data_type,LEGACY_CONTRACT_CONFLICT | SEMANTIC_REVIEW_REQUIRED,LEGACY_CONTRACT_CONFLICT,Legacy contract conflicts with authoritative SSD fields: data_type. SSD values were retained. | Full SysML item datatype Enum requires implementation interpretation against SSD Real | SSD unit [-] does not encode Full SysML unit/medium 无
BIND::L2_8100::p_8152_rp_93024c6ed1623fbd,L2_8100,L2_8100,8100,列车主干网及安全回路,p_8152_rp_93024c6ed1623fbd,L2_8100.p_8152_rp_93024c6ed1623fbd,input,Real,[-],EmergencyBrakeRequest,Boolean,ITM-CMD-004,紧急制动请求,EmergencyBrakeRequest,无,IF_IF_CMD_004,p_N_8000.p_N_8100.p_N_8150.p_N_8152.rp_93024c6ed1623fbd,8152,制动安全回路,紧急制动请求输入,PORT::8152::紧急制动请求输入::ITM-CMD-004::输入,CG_663CDC611495882DCD3E5B8F,L2_8100.slx,p_8152_rp_93024c6ed1623fbd,Inport,L2_8100.fmu,p_8152_rp_93024c6ed1623fbd,input,continuous,,CONFLICT,data_type,LEGACY_CONTRACT_CONFLICT | SEMANTIC_REVIEW_REQUIRED,LEGACY_CONTRACT_CONFLICT,Legacy contract conflicts with authoritative SSD fields: data_type. SSD values were retained. | Full SysML item datatype Boolean requires implementation interpretation against SSD Real | SSD unit [-] does not encode Full SysML unit/medium 无
BIND::L2_8100::p_8152_rp_ae53feffb1e116e3,L2_8100,L2_8100,8100,列车主干网及安全回路,p_8152_rp_ae53feffb1e116e3,L2_8100.p_8152_rp_ae53feffb1e116e3,output,Real,[-],BrakeSafetyLoopState,Boolean/Enum,ITM-STA-025,制动安全回路状态,BrakeSafetyLoopState,无,IF_IF_STA_025,p_N_8000.p_N_8100.p_N_8150.p_N_8152.rp_ae53feffb1e116e3,8152,制动安全回路,制动安全回路状态输出,PORT::8152::制动安全回路状态输出::ITM-STA-025::输出,CG_CE151D40A2BF816F41762F4C,L2_8100.slx,p_8152_rp_ae53feffb1e116e3,Outport,L2_8100.fmu,p_8152_rp_ae53feffb1e116e3,output,continuous,,CONFLICT,data_type,LEGACY_CONTRACT_CONFLICT | SEMANTIC_REVIEW_REQUIRED,LEGACY_CONTRACT_CONFLICT,Legacy contract conflicts with authoritative SSD fields: data_type. SSD values were retained. | Full SysML item datatype Boolean/Enum requires implementation interpretation against SSD Real | SSD unit [-] does not encode Full SysML unit/medium 无
BIND::L2_8100::p_8166_rp_3b0068559b0ca1e4,L2_8100,L2_8100,8100,列车主干网及安全回路,p_8166_rp_3b0068559b0ca1e4,L2_8100.p_8166_rp_3b0068559b0ca1e4,input,Real,[-],DCLinkCurrent,Real,ITM-MEA-009,中间直流母线电流,DCLinkCurrent,A,IF_IF_MEA_009,p_N_8000.p_N_8100.p_N_8160.p_N_8166.rp_3b0068559b0ca1e4,8166,能量计,中间直流母线电流输入,PORT::8166::中间直流母线电流输入::ITM-MEA-009::输入,CG_4E4C49F08CEE642A5C3C67EB,L2_8100.slx,p_8166_rp_3b0068559b0ca1e4,Inport,L2_8100.fmu,p_8166_rp_3b0068559b0ca1e4,input,continuous,,CONFLICT,unit,LEGACY_CONTRACT_CONFLICT | SEMANTIC_REVIEW_REQUIRED,LEGACY_CONTRACT_CONFLICT,Legacy contract conflicts with authoritative SSD fields: unit. SSD values were retained. | SSD unit [-] does not encode Full SysML unit/medium A
BIND::L2_8100::p_8166_rp_54d624d57f57843b,L2_8100,L2_8100,8100,列车主干网及安全回路,p_8166_rp_54d624d57f57843b,L2_8100.p_8166_rp_54d624d57f57843b,input,Real,[-],DCLinkVoltage,Real,ITM-MEA-008,中间直流母线电压,DCLinkVoltage,V,IF_IF_MEA_008,p_N_8000.p_N_8100.p_N_8160.p_N_8166.rp_54d624d57f57843b,8166,能量计,中间直流母线电压输入,PORT::8166::中间直流母线电压输入::ITM-MEA-008::输入,CG_A424455519797490E4F865AA,L2_8100.slx,p_8166_rp_54d624d57f57843b,Inport,L2_8100.fmu,p_8166_rp_54d624d57f57843b,input,continuous,,CONFLICT,unit,LEGACY_CONTRACT_CONFLICT | SEMANTIC_REVIEW_REQUIRED,LEGACY_CONTRACT_CONFLICT,Legacy contract conflicts with authoritative SSD fields: unit. SSD values were retained. | SSD unit [-] does not encode Full SysML unit/medium V
BIND::L2_8100::p_8166_rp_573e029523ef9946,L2_8100,L2_8100,8100,列车主干网及安全回路,p_8166_rp_573e029523ef9946,L2_8100.p_8166_rp_573e029523ef9946,input,Real,[-],LineVoltage,Real,ITM-MEA-005,高压线路电压,LineVoltage,V,IF_IF_MEA_005,p_N_8000.p_N_8100.p_N_8160.p_N_8166.rp_573e029523ef9946,8166,能量计,高压线路电压输入,PORT::8166::高压线路电压输入::ITM-MEA-005::输入,CG_1C5FC46A1E7682144A3BDDDF,L2_8100.slx,p_8166_rp_573e029523ef9946,Inport,L2_8100.fmu,p_8166_rp_573e029523ef9946,input,continuous,,CONFLICT,unit,LEGACY_CONTRACT_CONFLICT | SEMANTIC_REVIEW_REQUIRED,LEGACY_CONTRACT_CONFLICT,Legacy contract conflicts with authoritative SSD fields: unit. SSD values were retained. | SSD unit [-] does not encode Full SysML unit/medium V
BIND::L2_8100::p_8166_rp_d9d89be1583c0e18,L2_8100,L2_8100,8100,列车主干网及安全回路,p_8166_rp_d9d89be1583c0e18,L2_8100.p_8166_rp_d9d89be1583c0e18,input,Real,[-],LineCurrent,Real,ITM-MEA-006,高压线路电流,LineCurrent,A,IF_IF_MEA_006,p_N_8000.p_N_8100.p_N_8160.p_N_8166.rp_d9d89be1583c0e18,8166,能量计,高压线路电流输入,PORT::8166::高压线路电流输入::ITM-MEA-006::输入,CG_FE573ED935CFF37491A053E8,L2_8100.slx,p_8166_rp_d9d89be1583c0e18,Inport,L2_8100.fmu,p_8166_rp_d9d89be1583c0e18,input,continuous,,CONFLICT,unit,LEGACY_CONTRACT_CONFLICT | SEMANTIC_REVIEW_REQUIRED,LEGACY_CONTRACT_CONFLICT,Legacy contract conflicts with authoritative SSD fields: unit. SSD values were retained. | SSD unit [-] does not encode Full SysML unit/medium A
BIND::L2_D100::p_D112_rp_8962dea15ad904c6,L2_D100,L2_D100,D100,操纵设施,p_D112_rp_8962dea15ad904c6,L2_D100.p_D112_rp_8962dea15ad904c6,output,Real,[-],TrainDirectionCommand,Enum,ITM-CMD-001,列车方向指令,TrainDirectionCommand,无,IF_IF_CMD_001,p_D000.p_D100.p_D110.p_D112.rp_8962dea15ad904c6,D112,方向操作元件,列车方向指令输出,PORT::D112::列车方向指令输出::ITM-CMD-001::输出,CG_A3B31951ADAE62C498E76260,L2_D100.slx,p_D112_rp_8962dea15ad904c6,Outport,L2_D100.fmu,p_D112_rp_8962dea15ad904c6,output,continuous,,CONFLICT,data_type,LEGACY_CONTRACT_CONFLICT | SEMANTIC_REVIEW_REQUIRED,LEGACY_CONTRACT_CONFLICT,Legacy contract conflicts with authoritative SSD fields: data_type. SSD values were retained. | Full SysML item datatype Enum requires implementation interpretation against SSD Real | SSD unit [-] does not encode Full SysML unit/medium 无
BIND::L2_D100::p_D113_rp_9ca0d9d396f8ffd0,L2_D100,L2_D100,D100,操纵设施,p_D113_rp_9ca0d9d396f8ffd0,L2_D100.p_D113_rp_9ca0d9d396f8ffd0,output,Real,[-],TractionCommand,Real,ITM-CMD-002,牵引指令,TractionCommand,1,IF_IF_CMD_002,p_D000.p_D100.p_D110.p_D113.rp_9ca0d9d396f8ffd0,D113,牵引操作元件,牵引指令输出,PORT::D113::牵引指令输出::ITM-CMD-002::输出,CG_2E8F3CC8A8EBCDE6B7CF4D27,L2_D100.slx,p_D113_rp_9ca0d9d396f8ffd0,Outport,L2_D100.fmu,p_D113_rp_9ca0d9d396f8ffd0,output,continuous,,MATCHED,,,READY,
BIND::L2_D100::p_D114_rp_d3d5739989ecf2dd,L2_D100,L2_D100,D100,操纵设施,p_D114_rp_d3d5739989ecf2dd,L2_D100.p_D114_rp_d3d5739989ecf2dd,output,Real,[-],ServiceBrakeRequest,Real,ITM-CMD-003,服务制动请求,ServiceBrakeRequest,1 或 m/s2,IF_IF_CMD_003,p_D000.p_D100.p_D110.p_D114.rp_d3d5739989ecf2dd,D114,制动操作元件,服务制动请求输出,PORT::D114::服务制动请求输出::ITM-CMD-003::输出,CG_41AD09EEB4EAB9DC956C08F8,L2_D100.slx,p_D114_rp_d3d5739989ecf2dd,Outport,L2_D100.fmu,p_D114_rp_d3d5739989ecf2dd,output,continuous,,CONFLICT,unit,LEGACY_CONTRACT_CONFLICT | SEMANTIC_REVIEW_REQUIRED,LEGACY_CONTRACT_CONFLICT,Legacy contract conflicts with authoritative SSD fields: unit. SSD values were retained. | SSD unit [-] does not encode Full SysML unit/medium 1 或 m/s2
BIND::L2_D100::p_D121_rp_d32b32814a84a88a,L2_D100,L2_D100,D100,操纵设施,p_D121_rp_d32b32814a84a88a,L2_D100.p_D121_rp_d32b32814a84a88a,output,Real,[-],EmergencyBrakeRequest,Boolean,ITM-CMD-004,紧急制动请求,EmergencyBrakeRequest,无,IF_IF_CMD_004,p_D000.p_D100.p_D120.p_D121.rp_d32b32814a84a88a,D121,紧急制动按钮,紧急制动请求输出,PORT::D121::紧急制动请求输出::ITM-CMD-004::输出,CG_663CDC611495882DCD3E5B8F | CG_8EED0159D22D9EDC70A9EA67,L2_D100.slx,p_D121_rp_d32b32814a84a88a,Outport,L2_D100.fmu,p_D121_rp_d32b32814a84a88a,output,continuous,,CONFLICT,data_type,LEGACY_CONTRACT_CONFLICT | SEMANTIC_REVIEW_REQUIRED,LEGACY_CONTRACT_CONFLICT,Legacy contract conflicts with authoritative SSD fields: data_type. SSD values were retained. | Full SysML item datatype Boolean requires implementation interpretation against SSD Real | SSD unit [-] does not encode Full SysML unit/medium 无
BIND::L2_E100::p_E100_rp_0307dc18d9537f9d,L2_E100,L2_E100,E100,ATP车载,p_E100_rp_0307dc18d9537f9d,L2_E100.p_E100_rp_0307dc18d9537f9d,output,Real,[-],ExternalSafetySystemState,Enum/Bitset,ITM-STA-027,ATP/外部安全系统状态,ExternalSafetySystemState,无,IF_IF_STA_027,p_E000.p_E100.rp_0307dc18d9537f9d,E100,ATP车载,ATP/外部安全系统状态输出,PORT::E100::ATP_外部安全系统状态输出::ITM-STA-027::输出,CG_0D68248E62957CCB92C5A2A5 | CG_89318B491DF9CED18997C36D,L2_E100.slx,p_E100_rp_0307dc18d9537f9d,Outport,L2_E100.fmu,p_E100_rp_0307dc18d9537f9d,output,continuous,,CONFLICT,data_type,LEGACY_CONTRACT_CONFLICT | SEMANTIC_REVIEW_REQUIRED,LEGACY_CONTRACT_CONFLICT,Legacy contract conflicts with authoritative SSD fields: data_type. SSD values were retained. | Full SysML item datatype Enum/Bitset requires implementation interpretation against SSD Real | SSD unit [-] does not encode Full SysML unit/medium 无
BIND::L2_E100::p_E100_rp_7273a171b473f816,L2_E100,L2_E100,E100,ATP车载,p_E100_rp_7273a171b473f816,L2_E100.p_E100_rp_7273a171b473f816,output,Real,[-],SafetyBrakeRequest,Enum,ITM-CMD-030,安全停车/制动请求,SafetyBrakeRequest,无,IF_IF_CMD_030,p_E000.p_E100.rp_7273a171b473f816,E100,ATP车载,安全停车/制动请求输出,PORT::E100::安全停车_制动请求输出::ITM-CMD-030::输出,CG_86987C60BCB826208FEFEF31,L2_E100.slx,p_E100_rp_7273a171b473f816,Outport,L2_E100.fmu,p_E100_rp_7273a171b473f816,output,continuous,,CONFLICT,data_type,LEGACY_CONTRACT_CONFLICT | SEMANTIC_REVIEW_REQUIRED,LEGACY_CONTRACT_CONFLICT,Legacy contract conflicts with authoritative SSD fields: data_type. SSD values were retained. | Full SysML item datatype Enum requires implementation interpretation against SSD Real | SSD unit [-] does not encode Full SysML unit/medium 无
BIND::L2_X100::p_X111_rp_9828766df3df1904,L2_X100,L2_X100,X100,车载再生储能,p_X111_rp_9828766df3df1904,L2_X100.p_X111_rp_9828766df3df1904,output,Real,[-],DCDCActualPower,Real,ITM-MEA-029,双向DC/DC实际功率,DCDCActualPower,W,IF_IF_MEA_029,p_X000.p_X100.p_X110.p_X111.rp_9828766df3df1904,X111,双向DC/DC变流模块,双向DC/DC实际功率输出,PORT::X111::双向DC_DC实际功率输出::ITM-MEA-029::输出,CG_A6D783BBFCF6C6DA11FFCF2D,L2_X100.slx,p_X111_rp_9828766df3df1904,Outport,L2_X100.fmu,p_X111_rp_9828766df3df1904,output,continuous,,CONFLICT,unit,LEGACY_CONTRACT_CONFLICT | SEMANTIC_REVIEW_REQUIRED,LEGACY_CONTRACT_CONFLICT,Legacy contract conflicts with authoritative SSD fields: unit. SSD values were retained. | SSD unit [-] does not encode Full SysML unit/medium W
BIND::L2_X100::p_X112_rp_1164249ec859b807,L2_X100,L2_X100,X100,车载再生储能,p_X112_rp_1164249ec859b807,L2_X100.p_X112_rp_1164249ec859b807,input,Real,[-],DCDCEnableCommand,Boolean,ITM-CMD-026,双向DC/DC使能,DCDCEnableCommand,无,IF_IF_CMD_026,p_X000.p_X100.p_X110.p_X112.rp_1164249ec859b807,X112,双向DC/DC控制模块,双向DC/DC使能输入,PORT::X112::双向DC_DC使能输入::ITM-CMD-026::输入,CG_25DC22E45A984D1CB28D188B,L2_X100.slx,p_X112_rp_1164249ec859b807,Inport,L2_X100.fmu,p_X112_rp_1164249ec859b807,input,continuous,,CONFLICT,data_type,LEGACY_CONTRACT_CONFLICT | SEMANTIC_REVIEW_REQUIRED,LEGACY_CONTRACT_CONFLICT,Legacy contract conflicts with authoritative SSD fields: data_type. SSD values were retained. | Full SysML item datatype Boolean requires implementation interpretation against SSD Real | SSD unit [-] does not encode Full SysML unit/medium 无
BIND::L2_X100::p_X112_rp_388d943a537916a7,L2_X100,L2_X100,X100,车载再生储能,p_X112_rp_388d943a537916a7,L2_X100.p_X112_rp_388d943a537916a7,output,Real,[-],ESSAvailableChargePower,Real,ITM-LIM-009,储能可用充电功率,ESSAvailableChargePower,W,IF_IF_LIM_009,p_X000.p_X100.p_X110.p_X112.rp_388d943a537916a7,X112,双向DC/DC控制模块,储能可用充电功率输出,PORT::X112::储能可用充电功率输出::ITM-LIM-009::输出,CG_CB302083C9F33A1345D9C406,L2_X100.slx,p_X112_rp_388d943a537916a7,Outport,L2_X100.fmu,p_X112_rp_388d943a537916a7,output,continuous,,CONFLICT,unit,LEGACY_CONTRACT_CONFLICT | SEMANTIC_REVIEW_REQUIRED,LEGACY_CONTRACT_CONFLICT,Legacy contract conflicts with authoritative SSD fields: unit. SSD values were retained. | SSD unit [-] does not encode Full SysML unit/medium W
BIND::L2_X100::p_X112_rp_3b946767139d884a,L2_X100,L2_X100,X100,车载再生储能,p_X112_rp_3b946767139d884a,L2_X100.p_X112_rp_3b946767139d884a,output,Real,[-],ESSAvailability,Boolean,ITM-STA-030,储能系统可用状态,ESSAvailability,无,IF_IF_STA_030,p_X000.p_X100.p_X110.p_X112.rp_3b946767139d884a,X112,双向DC/DC控制模块,储能系统可用状态输出,PORT::X112::储能系统可用状态输出::ITM-STA-030::输出,CG_C03EBDD9B3CFF4E6611E41A1,L2_X100.slx,p_X112_rp_3b946767139d884a,Outport,L2_X100.fmu,p_X112_rp_3b946767139d884a,output,continuous,,CONFLICT,data_type,LEGACY_CONTRACT_CONFLICT | SEMANTIC_REVIEW_REQUIRED,LEGACY_CONTRACT_CONFLICT,Legacy contract conflicts with authoritative SSD fields: data_type. SSD values were retained. | Full SysML item datatype Boolean requires implementation interpretation against SSD Real | SSD unit [-] does not encode Full SysML unit/medium 无
BIND::L2_X100::p_X112_rp_5ff890136d5d49bf,L2_X100,L2_X100,X100,车载再生储能,p_X112_rp_5ff890136d5d49bf,L2_X100.p_X112_rp_5ff890136d5d49bf,input,Real,[-],ESSPrechargeCommand,Boolean,ITM-CMD-028,储能预充电指令,ESSPrechargeCommand,无,IF_IF_CMD_028,p_X000.p_X100.p_X110.p_X112.rp_5ff890136d5d49bf,X112,双向DC/DC控制模块,储能预充电指令输入,PORT::X112::储能预充电指令输入::ITM-CMD-028::输入,CG_D9CD1E8933F596F319A67625,L2_X100.slx,p_X112_rp_5ff890136d5d49bf,Inport,L2_X100.fmu,p_X112_rp_5ff890136d5d49bf,input,continuous,,CONFLICT,data_type,LEGACY_CONTRACT_CONFLICT | SEMANTIC_REVIEW_REQUIRED,LEGACY_CONTRACT_CONFLICT,Legacy contract conflicts with authoritative SSD fields: data_type. SSD values were retained. | Full SysML item datatype Boolean requires implementation interpretation against SSD Real | SSD unit [-] does not encode Full SysML unit/medium 无
BIND::L2_X100::p_X112_rp_73067cce4e6a7eeb,L2_X100,L2_X100,X100,车载再生储能,p_X112_rp_73067cce4e6a7eeb,L2_X100.p_X112_rp_73067cce4e6a7eeb,output,Real,[-],ESSAvailableDischargePower,Real,ITM-LIM-010,储能可用放电功率,ESSAvailableDischargePower,W,IF_IF_LIM_010,p_X000.p_X100.p_X110.p_X112.rp_73067cce4e6a7eeb,X112,双向DC/DC控制模块,储能可用放电功率输出,PORT::X112::储能可用放电功率输出::ITM-LIM-010::输出,CG_DAF7D43DDD825831F29A70F8,L2_X100.slx,p_X112_rp_73067cce4e6a7eeb,Outport,L2_X100.fmu,p_X112_rp_73067cce4e6a7eeb,output,continuous,,CONFLICT,unit,LEGACY_CONTRACT_CONFLICT | SEMANTIC_REVIEW_REQUIRED,LEGACY_CONTRACT_CONFLICT,Legacy contract conflicts with authoritative SSD fields: unit. SSD values were retained. | SSD unit [-] does not encode Full SysML unit/medium W
BIND::L2_X100::p_X112_rp_81f1c1da5d6d3173,L2_X100,L2_X100,X100,车载再生储能,p_X112_rp_81f1c1da5d6d3173,L2_X100.p_X112_rp_81f1c1da5d6d3173,input,Real,[-],ESSContactorCommand,Boolean,ITM-CMD-027,储能主接触器指令,ESSContactorCommand,无,IF_IF_CMD_027,p_X000.p_X100.p_X110.p_X112.rp_81f1c1da5d6d3173,X112,双向DC/DC控制模块,储能主接触器指令输入,PORT::X112::储能主接触器指令输入::ITM-CMD-027::输入,CG_1AE13610E33C0DC7055CFCED,L2_X100.slx,p_X112_rp_81f1c1da5d6d3173,Inport,L2_X100.fmu,p_X112_rp_81f1c1da5d6d3173,input,continuous,,CONFLICT,data_type,LEGACY_CONTRACT_CONFLICT | SEMANTIC_REVIEW_REQUIRED,LEGACY_CONTRACT_CONFLICT,Legacy contract conflicts with authoritative SSD fields: data_type. SSD values were retained. | Full SysML item datatype Boolean requires implementation interpretation against SSD Real | SSD unit [-] does not encode Full SysML unit/medium 无
BIND::L2_X100::p_X112_rp_843fa8c83311440e,L2_X100,L2_X100,X100,车载再生储能,p_X112_rp_843fa8c83311440e,L2_X100.p_X112_rp_843fa8c83311440e,input,Real,[-],ESSPowerRequest,Real,ITM-CMD-025,储能功率请求,ESSPowerRequest,W,IF_IF_CMD_025,p_X000.p_X100.p_X110.p_X112.rp_843fa8c83311440e,X112,双向DC/DC控制模块,储能功率请求输入,PORT::X112::储能功率请求输入::ITM-CMD-025::输入,CG_7A2381DC8C36A40B747035A5,L2_X100.slx,p_X112_rp_843fa8c83311440e,Inport,L2_X100.fmu,p_X112_rp_843fa8c83311440e,input,continuous,,CONFLICT,unit,LEGACY_CONTRACT_CONFLICT | SEMANTIC_REVIEW_REQUIRED,LEGACY_CONTRACT_CONFLICT,Legacy contract conflicts with authoritative SSD fields: unit. SSD values were retained. | SSD unit [-] does not encode Full SysML unit/medium W
BIND::L2_X100::p_X112_rp_a59821acb0d73604,L2_X100,L2_X100,X100,车载再生储能,p_X112_rp_a59821acb0d73604,L2_X100.p_X112_rp_a59821acb0d73604,output,Real,[-],ESSAbsorbedPower,Real,ITM-ACC-004,储能吸收功率,ESSAbsorbedPower,W,IF_IF_ACC_004,p_X000.p_X100.p_X110.p_X112.rp_a59821acb0d73604,X112,双向DC/DC控制模块,储能吸收功率输出,PORT::X112::储能吸收功率输出::ITM-ACC-004::输出,CG_093EFCE58F3AB220CFEC48AC,L2_X100.slx,p_X112_rp_a59821acb0d73604,Outport,L2_X100.fmu,p_X112_rp_a59821acb0d73604,output,continuous,,CONFLICT,unit,LEGACY_CONTRACT_CONFLICT | SEMANTIC_REVIEW_REQUIRED,LEGACY_CONTRACT_CONFLICT,Legacy contract conflicts with authoritative SSD fields: unit. SSD values were retained. | SSD unit [-] does not encode Full SysML unit/medium W
BIND::L2_X100::p_X112_rp_b84f02a624b9982f,L2_X100,L2_X100,X100,车载再生储能,p_X112_rp_b84f02a624b9982f,L2_X100.p_X112_rp_b84f02a624b9982f,input,Real,[-],ESSFaultResetCommand,Boolean,ITM-CMD-029,储能故障复位指令,ESSFaultResetCommand,无,IF_IF_CMD_029,p_X000.p_X100.p_X110.p_X112.rp_b84f02a624b9982f,X112,双向DC/DC控制模块,储能故障复位指令输入,PORT::X112::储能故障复位指令输入::ITM-CMD-029::输入,CG_D8FCE908D4FD9343C6353985,L2_X100.slx,p_X112_rp_b84f02a624b9982f,Inport,L2_X100.fmu,p_X112_rp_b84f02a624b9982f,input,continuous,,CONFLICT,data_type,LEGACY_CONTRACT_CONFLICT | SEMANTIC_REVIEW_REQUIRED,LEGACY_CONTRACT_CONFLICT,Legacy contract conflicts with authoritative SSD fields: data_type. SSD values were retained. | Full SysML item datatype Boolean requires implementation interpretation against SSD Real | SSD unit [-] does not encode Full SysML unit/medium 无
BIND::L2_X100::p_X112_rp_e5eadfefaf46ac0a,L2_X100,L2_X100,X100,车载再生储能,p_X112_rp_e5eadfefaf46ac0a,L2_X100.p_X112_rp_e5eadfefaf46ac0a,output,Real,[-],ESSFault,Enum/Bitset,ITM-STA-031,储能系统故障状态,ESSFault,无,IF_IF_STA_031,p_X000.p_X100.p_X110.p_X112.rp_e5eadfefaf46ac0a,X112,双向DC/DC控制模块,储能系统故障状态输出,PORT::X112::储能系统故障状态输出::ITM-STA-031::输出,CG_C113ED5B462ACDD4ACE56E91,L2_X100.slx,p_X112_rp_e5eadfefaf46ac0a,Outport,L2_X100.fmu,p_X112_rp_e5eadfefaf46ac0a,output,continuous,,CONFLICT,data_type,LEGACY_CONTRACT_CONFLICT | SEMANTIC_REVIEW_REQUIRED,LEGACY_CONTRACT_CONFLICT,Legacy contract conflicts with authoritative SSD fields: data_type. SSD values were retained. | Full SysML item datatype Enum/Bitset requires implementation interpretation against SSD Real | SSD unit [-] does not encode Full SysML unit/medium 无
BIND::L2_X100::p_X121_rp_b6cf5a49ced52abf,L2_X100,L2_X100,X100,车载再生储能,p_X121_rp_b6cf5a49ced52abf,L2_X100.p_X121_rp_b6cf5a49ced52abf,output,Real,[-],SuperCapSOC,Real,ITM-MEA-028,超级电容SOC,SuperCapSOC,1,IF_IF_MEA_028,p_X000.p_X100.p_X120.p_X121.rp_b6cf5a49ced52abf,X121,超级电容模块,超级电容SOC输出,PORT::X121::超级电容SOC输出::ITM-MEA-028::输出,CG_9465AAC3F0B0B115DC3EF9FD,L2_X100.slx,p_X121_rp_b6cf5a49ced52abf,Outport,L2_X100.fmu,p_X121_rp_b6cf5a49ced52abf,output,continuous,,MATCHED,,,READY,
