time,artifact_role,L2_3100.out_omega_axle,L2_3100.out_omega_gearbox,L2_3100.out_omega_shaft,L2_3100.out_omega_wheel,L2_3500.out_T_shaft,L2_3500.out_omega_shaft,L2_3600.out_motor_speed,L2_4100.out_U_ac_rms,L2_4100.out_f_ac,L2_4100.out_pantograph_state,L2_4200.out_I_ac_rms,L2_4200.out_U_ac_rms,L2_4200.out_f_ac,L2_4200.out_hv_breaker_command,L2_4200.out_hv_breaker_state,L2_4200.out_hv_system_fault,L2_4200.out_line_current,L2_4200.out_line_voltage,L2_4200.out_pantograph_command,L2_4500.out_I_ac_rms,L2_4500.out_U_sec_rms,L2_4500.out_f_sec,L2_4500.out_hv_system_fault,L2_5100.out_I_sec_rms,L2_5100.out_U_motor_ll_rms,L2_5100.out_brake_resistor_dissipated_power,L2_5100.out_dc_link_current,L2_5100.out_dc_link_voltage,L2_5100.out_f_motor_e,L2_5100.out_grid_acceptable_regenerative_power,L2_5100.out_grid_returned_power,L2_5100.out_regenerative_power_actual,L2_5100.out_traction_converter_fault,L2_5300.out_I_motor_rms,L2_5300.out_T_shaft,L2_5300.out_motor_phase_voltage,L2_5300.out_motor_speed,L2_5300.out_motor_torque_actual,L2_5300.out_omega_motor,L2_7100.out_main_reservoir_pressure,L2_7200.out_T_brake,L2_7200.out_brake_availability,L2_7200.out_brake_cylinder_pressure,L2_7200.out_dynamic_brake_force_request,L2_8100.out_achieved_dynamic_brake_force,L2_8100.out_available_dynamic_brake_force,L2_8100.out_brake_cylinder_pressure,L2_8100.out_brake_safety_loop_state,L2_8100.out_dcdc_enable_command,L2_8100.out_dynamic_brake_availability,L2_8100.out_emergency_brake_request,L2_8100.out_ess_contactor_command,L2_8100.out_ess_fault_reset_command,L2_8100.out_ess_power_request,L2_8100.out_ess_precharge_command,L2_8100.out_hv_safety_loop_state,L2_8100.out_main_reservoir_pressure,L2_8100.out_motor_torque_request,L2_8100.out_safety_brake_request,L2_8100.out_sanding_request,L2_8100.out_service_brake_request,L2_D100.out_emergency_brake_request,L2_D100.out_service_brake_request,L2_D100.out_traction_command,L2_D100.out_train_direction_command,L2_E100.out_external_safety_system_state,L2_E100.out_safety_brake_request,L2_X100.out_dcdc_actual_power,L2_X100.out_ess_absorbed_power,L2_X100.out_ess_availability,L2_X100.out_ess_available_charge_power,L2_X100.out_ess_available_discharge_power,L2_X100.out_ess_fault,L2_X100.out_super_cap_soc
0.0,diagnostic,0.0,0.0,0.0,0.0,0.0,0.0,0.0,0.0,0.0,0,0.0,0.0,0.0,0,0,0,0.0,0.0,1,0.0,0.0,0.0,0,0.0,0.0,0.0,0.0,0.0,0.0,0.0,0.0,-0.0,0,0.0,0.0,0.0,0.0,0.0,0.0,900000.0,0.0,0,0.0,0.0,-0.0,0.0,0.0,0,0,0,0,0,1,0.0,0,0,0.0,0.0,0,0,0.0,0,0.0,0.0,1,1,0,0.0,0.0,0,600000.0,400000.0,0,0.35
0.05,diagnostic,0.0,0.0,0.0,0.0,0.0,0.0,0.0,0.0,0.0,0,0.0,0.0,0.0,0,0,0,0.0,0.0,1,0.0,0.0,0.0,0,0.0,0.0,0.0,0.0,0.0,0.0,0.0,0.0,-0.0,0,0.0,0.0,0.0,0.0,0.0,0.0,900000.0,0.0,0,0.0,0.0,-0.0,0.0,0.0,1,1,0,0,1,0,0.0,1,1,900000.0,0.0,0,0,0.0,0,0.0,0.016666666666666666,1,1,0,0.0,0.0,0,600000.0,400000.0,0,0.35
0.1,diagnostic,0.0,0.0,0.0,0.0,0.0,0.0,0.0,0.0,0.0,0,0.0,0.0,0.0,0,0,0,0.0,0.0,1,0.0,0.0,0.0,0,0.0,0.0,0.0,0.0,0.0,0.0,0.0,0.0,-0.0,0,0.0,0.0,0.0,0.0,0.0,0.0,900000.0,0.0,1,0.0,0.0,-0.0,0.0,0.0,1,1,0,0,1,0,0.0,1,1,900000.0,0.0,0,0,0.0,0,0.0,0.03333333333333333,1,1,0,0.0,0.0,1,600000.0,400000.0,0,0.35
0.15,diagnostic,0.0,0.0,0.0,0.0,0.0,0.0,0.0,0.0,0.0,0,0.0,0.0,0.0,0,0,0,0.0,0.0,1,0.0,0.0,0.0,0,0.0,0.0,0.0,0.0,0.0,0.0,0.0,0.0,-0.0,0,0.0,0.0,0.0,0.0,0.0,0.0,900000.0,0.0,1,0.0,0.0,-0.0,0.0,0.0,1,1,0,0,1,0,0.0,1,1,900000.0,0.0,0,0,0.0,0,0.0,0.049999999999999996,1,1,0,0.0,0.0,1,600000.0,400000.0,0,0.35
0.2,diagnostic,0.0,0.0,0.0,0.0,0.0,0.0,0.0,25000.0,50.0,1,0.0,0.0,0.0,0,0,0,0.0,0.0,1,0.0,0.0,0.0,0,0.0,0.0,0.0,0.0,0.0,0.0,0.0,0.0,-0.0,0,0.0,0.0,0.0,0.0,0.0,0.0,900000.0,0.0,1,0.0,0.0,-0.0,0.0,0.0,1,1,0,0,1,0,0.0,1,1,900000.0,0.0,0,0,0.0,0,0.0,0.06666666666666667,1,1,0,0.0,0.0,1,600000.0,400000.0,0,0.35
0.25,diagnostic,0.0,0.0,0.0,0.0,0.0,0.0,0.0,25000.0,50.0,1,0.0,0.0,0.0,1,0,0,0.0,0.0,1,0.0,0.0,0.0,0,0.0,0.0,0.0,0.0,0.0,0.0,0.0,0.0,-0.0,0,0.0,0.0,0.0,0.0,0.0,0.0,900000.0,0.0,1,0.0,0.0,-0.0,0.0,0.0,1,1,0,0,1,0,0.0,1,1,900000.0,0.0,0,0,0.0,0,0.0,0.08333333333333333,1,1,0,0.0,0.0,1,600000.0,400000.0,0,0.35
0.3,diagnostic,0.0,0.0,0.0,0.0,0.0,0.0,0.0,25000.0,50.0,1,0.0,0.0,0.0,1,0,0,0.0,0.0,1,0.0,0.0,0.0,0,0.0,0.0,0.0,0.0,0.0,0.0,0.0,0.0,-0.0,0,0.0,0.0,0.0,0.0,0.0,0.0,900000.0,0.0,1,0.0,0.0,-0.0,0.0,0.0,1,1,0,0,1,0,0.0,1,1,900000.0,0.0,0,0,0.0,0,0.0,0.09999999999999999,1,1,0,0.0,0.0,1,600000.0,400000.0,0,0.35
0.35,diagnostic,0.0,0.0,0.0,0.0,0.0,0.0,0.0,25000.0,50.0,1,0.0,0.0,0.0,1,0,0,0.0,0.0,1,0.0,0.0,0.0,0,0.0,0.0,0.0,0.0,0.0,0.0,0.0,0.0,-0.0,0,0.0,0.0,0.0,0.0,0.0,0.0,900000.0,0.0,1,0.0,0.0,-0.0,0.0,0.0,1,1,0,0,1,0,0.0,1,1,900000.0,0.0,0,0,0.0,0,0.0,0.11666666666666668,1,1,0,0.0,0.0,1,600000.0,400000.0,0,0.35
0.4,diagnostic,0.0,0.0,0.0,0.0,0.0,0.0,0.0,25000.0,50.0,1,0.0,0.0,0.0,1,0,0,0.0,0.0,1,0.0,0.0,0.0,0,0.0,0.0,0.0,0.0,0.0,0.0,0.0,0.0,-0.0,0,0.0,0.0,0.0,0.0,0.0,0.0,900000.0,0.0,1,0.0,0.0,-0.0,0.0,0.0,1,1,0,0,1,0,0.0,1,1,900000.0,0.0,0,0,0.0,0,0.0,0.13333333333333333,1,1,0,0.0,0.0,1,600000.0,400000.0,0,0.35
0.45,diagnostic,0.0,0.0,0.0,0.0,0.0,0.0,0.0,25000.0,50.0,1,0.0,0.0,0.0,1,0,0,0.0,0.0,1,0.0,0.0,0.0,0,0.0,0.0,0.0,0.0,0.0,0.0,0.0,0.0,-0.0,0,0.0,0.0,0.0,0.0,0.0,0.0,900000.0,0.0,1,0.0,0.0,-0.0,0.0,0.0,1,1,0,0,1,0,0.0,1,1,900000.0,0.0,0,0,0.0,0,0.0,0.15,1,1,0,0.0,0.0,1,600000.0,400000.0,0,0.35
0.5,diagnostic,0.0,0.0,0.0,0.0,0.0,0.0,0.0,25000.0,50.0,1,0.0,25000.0,50.0,1,1,0,0.0,25000.0,1,0.0,0.0,0.0,0,0.0,0.0,0.0,0.0,0.0,0.0,0.0,0.0,-0.0,0,0.0,0.0,0.0,0.0,0.0,0.0,900000.0,0.0,1,0.0,0.0,-0.0,0.0,0.0,1,1,0,0,1,0,0.0,1,1,900000.0,0.0,0,0,0.0,0,0.0,0.16666666666666666,1,1,0,0.0,0.0,1,600000.0,400000.0,0,0.35
0.55,diagnostic,0.0,0.0,0.0,0.0,0.0,0.0,0.0,25000.0,50.0,1,0.0,25000.0,50.0,1,1,0,0.0,25000.0,1,0.0,1500.0,50.0,0,0.0,0.0,0.0,0.0,0.0,0.0,0.0,0.0,-0.0,0,0.0,0.0,0.0,0.0,0.0,0.0,900000.0,0.0,1,0.0,0.0,-0.0,0.0,0.0,1,1,0,0,1,0,0.0,1,1,900000.0,0.0,0,0,0.0,0,0.0,0.18333333333333335,1,1,0,0.0,0.0,1,600000.0,400000.0,0,0.35
0.6,diagnostic,0.0,0.0,0.0,0.0,0.0,0.0,0.0,25000.0,50.0,1,0.0,25000.0,50.0,1,1,0,0.0,25000.0,1,0.0,1500.0,50.0,0,615.6462585034013,0.0,0.0,0.0,474.60509900337144,0.0,0.0,0.0,-0.0,0,0.0,0.0,0.0,0.0,0.0,0.0,900000.0,0.0,1,0.0,0.0,-0.0,0.0,0.0,1,1,0,0,1,0,0.0,1,1,900000.0,0.0,0,0,0.0,0,0.0,0.19999999999999998,1,1,0,0.0,0.0,1,600000.0,400000.0,0,0.35
0.65,diagnostic,0.0,0.0,0.0,0.0,0.0,0.0,0.0,25000.0,50.0,1,0.0,25000.0,50.0,1,1,0,0.0,25000.0,1,38.081211866189776,1500.0,50.0,0,615.6462585034013,0.0,0.0,0.0,671.006706374832,0.0,0.0,0.0,-0.0,0,0.0,0.0,0.0,0.0,0.0,0.0,900000.0,0.0,1,0.0,0.0,-0.0,0.0,0.0,1,1,0,0,1,0,0.0,1,1,900000.0,0.0,0,0,0.0,0,0.0,0.21666666666666667,1,1,0,0.0,0.0,1,600000.0,400000.0,0,0.35
0.7,diagnostic,0.0,0.0,0.0,0.0,0.0,0.0,0.0,25000.0,50.0,1,38.081211866189776,25000.0,50.0,1,1,0,38.081211866189776,25000.0,1,38.081211866189776,1500.0,50.0,0,595.3533478206098,0.0,0.0,0.0,820.3658983501971,0.0,0.0,0.0,-0.0,0,0.0,0.0,0.0,0.0,0.0,0.0,900000.0,0.0,1,0.0,0.0,-0.0,0.0,0.0,1,1,0,0,1,0,0.0,1,1,900000.0,0.0,0,0,0.0,0,0.0,0.23333333333333336,1,1,0,0.0,0.0,1,600000.0,400000.0,0,0.35
0.75,diagnostic,0.0,0.0,0.0,0.0,0.0,0.0,0.0,24984.767515253523,50.0,1,38.081211866189776,25000.0,50.0,1,1,0,38.081211866189776,25000.0,1,36.82598027756349,1500.0,50.0,0,547.6411490540319,0.0,0.0,0.0,938.0320661508277,0.0,0.0,0.0,-0.0,0,0.0,0.0,0.0,0.0,0.0,0.0,900000.0,0.0,1,0.0,0.0,-0.0,0.0,0.0,1,1,0,0,1,0,0.0,1,1,900000.0,0.0,0,0,0.0,0,0.0,0.25,1,1,0,0.0,0.0,1,600000.0,400000.0,0,0.35
0.8,diagnostic,0.0,0.0,0.0,0.0,0.0,0.0,0.0,24984.767515253523,50.0,1,36.82598027756349,24984.767515253523,50.0,1,1,0,36.82598027756349,24984.767515253523,1,33.874710250764856,1500.0,50.0,0,503.774623517838,0.0,0.0,0.0,1034.4715293882648,0.0,0.0,0.0,-0.0,0,0.0,0.0,0.0,0.0,0.0,0.0,900000.0,0.0,1,0.0,0.0,-0.0,0.0,0.0,1,1,0,0,1,0,0.0,1,1,900000.0,0.0,0,0,0.0,0,0.0,0.26666666666666666,1,1,0,0.0,0.0,1,600000.0,400000.0,0,0.35
0.85,diagnostic,0.0,0.0,0.0,0.0,0.0,0.0,0.0,24985.269607888975,50.0,1,33.874710250764856,24984.767515253523,50.0,1,1,0,33.874710250764856,24984.767515253523,1,31.161316918629154,1499.0860509152112,50.0,0,463.4438043067667,0.0,0.0,0.0,1115.8073053281673,0.0,0.0,0.0,-0.0,0,0.0,0.0,0.0,0.0,0.0,0.0,900000.0,0.0,1,0.0,0.0,-0.0,0.0,0.0,1,1,0,0,1,0,0.0,1,1,900000.0,0.0,0,0,0.0,0,0.0,0.2833333333333333,1,1,0,0.0,0.0,1,600000.0,400000.0,0,0.35
0.9,diagnostic,0.0,0.0,0.0,0.0,0.0,0.0,0.0,24986.450115899694,50.0,1,31.161316918629154,24985.269607888975,50.0,1,1,0,31.161316918629154,24985.269607888975,1,28.66662707052165,1499.0860509152112,50.0,0,425.7863084158584,0.0,0.0,0.0,1185.540231431007,0.0,0.0,0.0,-0.0,0,0.0,0.0,0.0,0.0,0.0,0.0,900000.0,0.0,1,0.0,0.0,-0.0,0.0,0.0,1,1,0,0,1,0,0.0,1,1,900000.0,0.0,0,0,0.0,0,0.0,0.3,1,1,0,0.0,0.0,1,600000.0,400000.0,0,0.35
0.95,diagnostic,0.0,0.0,0.0,0.0,0.0,0.0,0.0,24987.535473232547,50.0,1,28.66662707052165,24986.450115899694,50.0,1,1,0,28.66662707052165,24986.450115899694,1,26.337297427785057,1499.1161764733383,50.0,0,391.7416289811238,0.0,0.0,0.0,1246.2144434027684,0.0,0.0,0.0,-0.0,0,0.0,0.0,0.0,0.0,0.0,0.0,900000.0,0.0,1,0.0,0.0,-0.0,0.0,0.0,1,1,0,0,1,0,0.0,1,1,900000.0,0.0,0,0,0.0,0,0.0,0.3166666666666667,1,1,0,0.0,0.0,1,600000.0,400000.0,0,0.35
1.0,diagnostic,0.0,0.0,0.0,0.0,0.0,0.0,0.0,24988.53334917179,50.0,1,26.337297427785057,24987.535473232547,50.0,1,1,0,26.337297427785057,24987.535473232547,1,24.231440967904565,1499.1870069539816,50.0,0,360.46134913563117,0.0,0.0,0.0,1299.5050571921374,0.0,0.0,0.0,-0.0,0,0.0,0.0,0.0,0.0,0.0,0.0,900000.0,0.0,1,0.0,0.0,-0.0,0.0,0.0,1,1,0,0,1,0,0.0,0,1,900000.0,1425.0000000000002,0,0,0.0,0,0.0,0.3333333333333333,1,1,0,0.0,0.0,1,600000.0,400000.0,0,0.35
1.05,diagnostic,0.0,0.0,0.0,0.0,0.0,0.0,0.0,24989.465081028888,50.0,1,24.231440967904565,24988.53334917179,50.0,1,1,0,24.231440967904565,24988.53334917179,1,22.29657829704935,1499.2521283939527,50.0,0,331.7311532645428,250.0,0.0,0.0,1346.6500526427353,22.67957939059509,0.0,0.0,-0.0,0,0.0,0.0,0.0,0.0,0.0,0.0,900000.0,0.0,1,0.0,0.0,-0.0,0.0,0.0,1,1,0,0,1,0,0.0,0,1,900000.0,1500.0,0,0,0.0,0,0.0,0.35000000000000003,1,1,0,0.0,0.0,1,600000.0,400000.0,0,0.35
1.1,diagnostic,0.0,0.0,0.0,0.0,0.0,0.0,0.0,24990.307423612838,50.0,1,22.29657829704935,24989.465081028888,50.0,1,1,0,22.29657829704935,24989.465081028888,1,20.51945277925007,1499.3120009503073,50.0,0,305.3138227425776,250.0,0.0,0.0,1388.5916339194266,23.8732414637843,0.0,0.0,-0.0,0,0.0,315.2088841232481,144.33756729740645,0.0,315.2088841232481,0.0,900000.0,0.0,1,0.0,0.0,-0.0,0.0,0.0,1,1,0,0,1,0,0.0,0,1,900000.0,1575.0000000000002,0,0,0.0,0,0.0,0.3666666666666667,1,1,0,0.0,0.0,1,600000.0,400000.0,0,0.35
1.15,diagnostic,0.0,0.0,0.0,0.0,1876.1232783015726,0.0,0.0,24991.08136868118,50.0,1,20.51945277925007,24990.307423612838,50.0,1,1,0,20.51945277925007,24990.307423612838,1,18.885391097479026,1499.3679048617332,50.0,0,281.0229877879712,250.0,0.0,0.0,1426.0719811338756,25.06690353697352,0.0,0.0,-0.0,0,0.0,577.283751179142,144.33756729740645,0.0,577.283751179142,0.0,900000.0,0.0,1,0.0,0.0,0.0,0.0,0.0,1,1,0,0,1,0,0.0,0,1,900000.0,1650.0000000000002,0,0,0.0,0,0.0,0.38333333333333336,1,1,0,0.0,0.0,1,600000.0,400000.0,0,0.35
1.2,diagnostic,0.001044786883588859,0.001044786883588859,0.001044786883588859,0.001044786883588859,3435.992887018253,0.0,0.0,24991.7922188883,50.0,1,18.885391097479026,24991.08136868118,50.0,1,1,0,18.885391097479026,24991.08136868118,1,17.382865223998216,1499.4184454167703,50.0,0,258.68796089851804,250.0,0.0,0.0,1459.6891124271556,26.260565610162736,0.0,0.0,-0.0,0,0.0,797.9778041352513,144.33756729740645,0.0,797.9778041352513,0.0,900000.0,0.0,1,0.0,0.0,0.0,0.0,0.0,1,1,0,0,1,0,0.0,0,1,900000.0,1725.0000000000002,0,0,0.0,0,0.0,0.39999999999999997,1,1,0,0.0,0.0,1,600000.0,400000.0,0,0.35
1.25,diagnostic,0.006422544875245483,0.006422544875245483,0.006422544875245483,0.006422544875245483,4749.563890213016,0.006477678678250926,0.0,24992.445843561007,50.0,1,17.382865223998216,24991.7922188883,50.0,1,1,0,17.382865223998216,24991.7922188883,1,16.001317168980496,1499.464882120871,50.0,0,238.14986525160188,250.0,0.0,0.0,1489.933446769068,27.454227683351952,0.0,0.0,-0.0,0,0.0,986.444446666316,144.33756729740645,0.0,986.444446666316,0.0,900000.0,0.0,1,0.0,0.0,0.0,0.0,0.0,1,1,0,0,1,0,0.0,0,1,900000.0,1799.9999999999998,0,0,0.0,0,0.0,0.4166666666666667,1,1,0,0.0,0.0,1,600000.0,400000.0,0,0.35
1.3,diagnostic,0.01544911099876422,0.01544911099876422,0.01544911099876422,0.01544911099876422,5871.317346557913,0.039819778226521996,0.0,24993.0468539104,50.0,1,16.001317168980496,24992.445843561007,50.0,1,1,0,16.001317168980496,24992.445843561007,1,14.730919500099086,1499.5075331332978,50.0,0,219.26463911496438,250.0,0.0,0.0,1517.2134996884906,28.647889756541158,0.0,0.0,-0.0,0,0.018297916727302216,1149.7693709984578,144.33756729740645,0.006477678678250926,1149.7693709984578,0.006477678678250926,900000.0,0.0,1,0.0,0.0,0.0,0.0,0.0,1,1,0,0,1,0,0.0,0,1,900000.0,1875.0,0,0,0.0,0,0.0,0.43333333333333335,1,1,0,0.0,0.0,1,600000.0,400000.0,0,0.35
1.35,diagnostic,0.027591658241126797,0.027591658241126797,0.027591658241126797,0.027591658241126797,6843.427296182821,0.09578448819233816,0.0018898912774915832,24993.599473132406,50.0,1,14.730919500099086,24993.0468539104,50.0,1,1,0,14.730919500099086,24993.0468539104,1,13.56276118236893,1499.5467506136604,50.0,0,201.90466349413347,250.0,0.0,0.0052435739305958795,1541.8737385794634,29.84464469347459,0.0,0.0,0.0,0,0.1265265279676026,1293.3356338437272,144.33756729740645,0.039819778226521996,1293.3356338437272,0.039819778226521996,900000.0,0.0,1,0.0,0.0,0.0,0.0,0.0,1,1,0,0,1,0,0.0,0,1,900000.0,1950.0,0,0,0.0,0,0.0,0.45,1,1,0,0.0,0.0,1,600000.0,400000.0,0,0.35
1.4,diagnostic,0.042434509304289804,0.042434509304289804,0.042434509304289804,0.042434509304289804,7697.933692637865,0.17106828109498615,0.012956102811245838,24994.10763219996,50.0,1,13.56276118236893,24993.599473132406,50.0,1,1,0,13.56276118236893,24993.599473132406,1,12.48894825736908,1499.582811234624,50.0,0,185.96913733316347,250.0,0.0,0.035740591370754575,1564.2076907524959,31.05422644653231,0.0,0.0,0.0,0,0.3344914730286142,1421.4066982628353,144.33756729740645,0.09578448819233816,1421.4066982628353,0.09578448819233816,900000.0,0.0,1,0.0,0.0,0.0,0.0,0.0,1,1,0,0,1,0,0.0,0,1,900000.0,2025.0,0,0,0.0,0,0.0,0.46666666666666673,1,1,0,0.0,0.0,1,600000.0,400000.0,0,0.35
1.45,diagnostic,0.059650986325431615,0.059650986325431615,0.059650986325431615,0.059650986325431615,8460.212668060396,0.26309395768659677,0.037121648963761245,24994.574895527054,50.0,1,12.48894825736908,24994.10763219996,50.0,1,1,0,12.48894825736908,24994.10763219996,1,11.503245608236917,1499.6159683879443,50.0,0,171.34849217297722,258.19687760328657,0.0,0.0932773542229499,1584.4677075095371,32.27460970041082,0.0,0.0,0.0,0,0.6461671462092553,1537.46016069907,144.33756729740645,0.17106828109498615,1537.46016069907,0.17106828109498615,900000.0,0.0,1,0.0,0.0,0.0,0.0,0.0,1,1,0,0,1,0,0.0,0,1,900000.0,2100.0000000000005,0,0,0.0,0,0.0,0.48333333333333334,1,1,0,0.0,0.0,1,600000.0,400000.0,0,0.35
1.5,diagnostic,0.07898490024652846,0.07898490024652846,0.07898490024652846,0.07898490024652846,9150.962876480864,0.369836115217676,0.07620116869420406,24995.004420697052,50.0,1,11.503245608236917,24994.574895527054,50.0,1,1,0,11.503245608236917,24994.574895527054,1,10.598875804514055,1499.6464579319977,50.0,0,157.9404748834904,268.03373709540426,0.0,0.17812319752962424,1602.8723992923447,33.50421713692553,0.0,0.0,0.0,0,1.029021121378148,1644.1933296648228,149.07003678817836,0.26309395768659677,1644.1933296648228,0.26309395768659677,900000.0,0.0,1,0.0,0.0,0.0,0.0,0.0,1,1,0,0,1,0,0.0,0,1,900000.0,2175.0,0,0,0.0,0,0.0,0.5,1,1,0,0.0,0.0,1,600000.0,400000.0,0,0.35
1.55,diagnostic,0.10023755781469103,0.10023755781469103,0.10023755781469103,0.10023755781469103,9786.238698165025,0.48970638152847645,0.1307279628262911,24995.398701756705,50.0,1,10.598875804514055,24995.004420697052,50.0,1,1,0,10.598875804514055,24995.004420697052,1,9.769513910318993,1499.6744937316232,50.0,0,145.6503395732874,277.9345458726203,0.0,0.28993372474758394,1619.6123950557765,34.741818234077535,0.0,0.0,0.0,0,1.4777560378195511,1743.6983895360383,154.74935026393305,0.369836115217676,1743.6983895360383,0.369836115217676,900000.0,0.0,1,0.0,0.0,0.0,0.0,0.0,1,1,0,0,1,0,0.0,0,1,900000.0,2250.0,0,0,0.0,0,0.0,0.5166666666666667,1,1,0,0.0,0.0,1,600000.0,400000.0,0,0.35
1.6,diagnostic,0.12325486081964301,0.12325486081964301,0.12325486081964301,0.12325486081964301,10378.4928145185,0.6214728584510844,0.2004888191495355,24995.760449678193,50.0,1,9.769513910318993,24995.398701756705,50.0,1,1,0,9.769513910318993,24995.398701756705,1,9.009299355048705,1499.700265241823,50.0,0,134.3906637468844,287.89156746631073,0.0,0.4282008742282585,1634.854872918284,35.98644593328884,0.0,0.0,0.0,0,1.988636023440092,1837.5981733097053,160.4655848766537,0.48970638152847645,1837.5981733097053,0.48970638152847645,900000.0,0.0,1,0.0,0.0,0.0,0.0,0.0,1,1,0,0,1,0,0.0,0,1,900000.0,2325.0000000000005,0,0,0.0,0,0.0,0.5333333333333333,1,1,0,0.0,0.0,1,600000.0,400000.0,0,0.35
1.65,diagnostic,0.14791730137208284,0.14791730137208284,0.14791730137208284,0.14791730137208284,10937.384327539366,0.7641801370817867,0.28486931648302255,24996.09219443587,50.0,1,9.009299355048705,24995.760449678193,50.0,1,1,0,9.009299355048705,24995.760449678193,1,8.312824561662952,1499.7239221054022,50.0,0,124.08100737740536,297.8987347417391,0.0,0.5924863106494063,1648.7471741958793,37.237341842717385,0.0,0.0,0.0,0,2.5551744065192445,1927.1512789169099,166.2142739740978,0.6214728584510844,1927.1512789169099,0.6214728584510844,900000.0,0.0,1,0.0,0.0,0.0,0.0,0.0,1,1,0,0,1,0,0.0,0,1,900000.0,2400.0,0,0,0.0,0,0.0,0.55,1,1,0,0.0,0.0,1,600000.0,400000.0,0,0.35
1.7,diagnostic,0.17413220195620008,0.17413220195620008,0.17413220195620008,0.17413220195620008,11470.404412113447,0.9170872685069136,0.3830748820159491,24996.39628025798,50.0,1,8.312824561662952,24996.09219443587,50.0,1,1,0,8.312824561662952,24996.09219443587,1,7.675113858396208,1499.7456269806914,50.0,0,114.6474872753983,307.9513421945176,0.0,0.7825366441073053,1661.4197208746134,38.4939177743147,0.0,0.0,0.0,0,3.1721547751198296,2013.3337030826572,171.991914694392,0.7641801370817867,2013.3337030826572,0.7641801370817867,900000.0,0.0,1,0.0,0.0,0.0,0.0,0.0,1,1,0,0,1,0,0.0,0,1,900000.0,2475.0,0,0,0.0,0,0.0,0.5666666666666667,1,1,0,0.0,0.0,1,600000.0,400000.0,0,0.35
1.75,diagnostic,0.2018276934026138,0.2018276934026138,0.2018276934026138,0.2018276934026138,11983.362200747975,1.0796196521284405,0.494264018299197,24996.674870175335,50.0,1,7.675113858396208,24996.39628025798,50.0,1,1,0,7.675113858396208,24996.39628025798,1,7.0915971510555655,1499.7655316661521,50.0,0,106.02235362563,318.04574043145374,0.0,0.9983082238823656,1672.9884039078856,39.75571755393172,0.0,0.0,0.0,0,3.8354672354677257,2096.9022948929382,177.79579031331133,0.9170872685069136,2096.9022948929382,0.9170872685069136,900000.0,0.0,1,0.0,0.0,0.0,0.0,0.0,1,1,0,0,1,0,0.0,0,1,900000.0,2550.0,0,0,0.0,0,0.0,0.5833333333333334,1,1,0,0.0,0.0,1,600000.0,400000.0,0,0.35
1.8,diagnostic,0.23094804253853188,0.23094804253853188,0.23094804253853188,0.23094804253853188,12480.762459202768,1.2513316990962056,0.6176245633616099,24996.929954456642,50.0,1,7.0915971510555655,24996.674870175335,50.0,1,1,0,7.0915971510555655,24996.674870175335,1,6.558083729420412,1499.7837768154789,50.0,0,98.14349946260874,328.179099236175,0.0,1.2399587024793477,1683.5565513739366,41.02238740452187,0.0,0.0,0.0,0,4.541916121812225,2178.443961973619,183.62379385271367,1.0796196521284405,2178.443961973619,1.0796196521284405,900000.0,0.0,1,0.0,0.0,0.0,0.0,0.0,1,1,0,0,1,0,0.0,0,1,900000.0,2625.0,0,0,0.0,0,0.0,0.6,1,1,0,0.0,0.0,1,600000.0,400000.0,0,0.35
1.85,diagnostic,0.2614500289345663,0.2614500289345663,0.2614500289345663,0.2614500289345663,12966.098461666981,1.4318778637388976,0.7524136648086948,24997.163361139577,50.0,1,6.558083729420412,24996.929954456642,50.0,1,1,0,6.558083729420412,24996.929954456642,1,6.070731925522191,1499.8004922105201,50.0,0,90.95400921590584,338.3492237960697,0.0,1.5078242912955786,1693.2165671354298,42.29365297450871,0.0,0.0,0.0,0,5.2890365852778265,2258.4138284408727,189.47429128641454,1.2513316990962056,2258.4138284408727,1.2513316990962056,900000.0,0.0,1,0.0,0.0,0.0,0.0,0.0,1,1,0,0,1,0,0.0,0,1,900000.0,2700.0,0,0,0.0,0,0.0,0.6166666666666667,1,1,0,0.0,0.0,1,600000.0,400000.0,0,0.35
1.9,diagnostic,0.2933001351917494,0.2933001351917494,0.2933001351917494,0.2933001351917494,13442.079106880074,1.6209901793943111,0.8979751981939554,24997.37676650823,50.0,1,6.070731925522191,24997.163361139577,50.0,1,1,0,6.070731925522191,24997.163361139577,1,5.626021188612732,1499.8157972673985,50.0,0,84.40173420541157,348.55441208710374,0.0,1.802392593792346,1702.0513065237321,43.56930151088797,0.0,0.0,0.0,0,6.074935219115771,2337.1648253096564,195.34601543876178,1.4318778637388976,2337.1648253096564,1.4318778637388976,900000.0,0.0,1,0.0,0.0,0.0,0.0,0.0,1,1,0,0,1,0,0.0,0,1,900000.0,2775.0,0,0,0.0,0,0.0,0.6333333333333334,1,1,0,0.0,0.0,1,600000.0,400000.0,0,0.35
1.95,diagnostic,0.32647236810507596,0.32647236810507596,0.32647236810507596,0.32647236810507596,13910.805040243074,1.8184608381888463,1.0537436517961252,24997.571707229792,50.0,1,5.626021188612732,24997.37676650823,50.0,1,1,0,5.626021188612732,24997.37676650823,1,5.22072582713886,1499.8298016683746,50.0,0,78.43889832746316,358.7933442220375,0.0,2.1242759434362237,1710.1352399813422,44.849168027754686,0.0,0.0,0.0,0,6.898158561571905,2414.970636834122,201.2379836457211,1.6209901793943111,2414.970636834122,1.6209901793943111,900000.0,0.0,1,0.0,0.0,0.0,0.0,0.0,1,1,0,0,1,0,0.0,0,1,900000.0,2850.0000000000005,0,0,0.0,0,0.0,0.65,1,1,0,0.0,0.0,1,600000.0,400000.0,0,0.35
2.0,diagnostic,0.36094656905387973,0.36094656905387973,0.36094656905387973,0.36094656905387973,14373.905230436694,2.024128682251471,1.2192403239750957,24997.749591524556,50.0,1,5.22072582713886,24997.571707229792,50.0,1,1,0,5.22072582713886,24997.571707229792,1,4.851890618193598,1499.8426059904937,50.0,0,73.02173450644408,369.064996643618,0.0,2.474187456792963,1717.5354441230265,46.13312458045225,0.0,0.0,0.0,0,7.757588013444309,2492.0434945009274,207.14943387003942,1.8184608381888463,2492.0434945009274,1.8184608381888463,900000.0,0.0,1,0.0,0.0,0.0,0.0,0.0,1,1,0,0,1,0,0.0,0,1,900000.0,2925.0,0,0,0.0,0,0.0,0.6666666666666666,1,1,0,0.0,0.0,1,600000.0,400000.0,0,0.35
2.05,diagnostic,0.3967071037707395,0.3967071037707395,0.3967071037707395,0.3967071037707395,14832.64287926952,2.2378687281340546,1.3940655475399626,24997.911709669144,50.0,1,4.851890618193598,24997.749591524556,50.0,1,1,0,4.851890618193598,24997.749591524556,1,4.5168083199862314,1499.8543024337876,50.0,0,68.11015089357798,379.36857558423793,0.0,2.8529205486302858,1724.3124511085043,47.42107194802974,0.0,0.0,0.0,0,8.652357645292398,2568.5479755774454,213.07977516066117,2.024128682251471,2568.5479755774454,2.024128682251471,900000.0,0.0,1,0.0,0.0,0.0,0.0,0.0,1,1,0,0,1,0,0.0,0,1,900000.0,3000.0,0,0,0.0,0,0.0,0.6833333333333332,1,1,0,0.0,0.0,1,600000.0,400000.0,0,0.35
2.1,diagnostic,0.43374184630367846,0.43374184630367846,0.43374184630367846,0.43374184630367846,15287.997550636956,2.4595840433785847,1.57788924144412,24998.059243752723,50.0,1,4.5168083199862314,24997.911709669144,50.0,1,1,0,4.5168083199862314,24997.911709669144,1,4.21299902434503,1499.8649754914734,50.0,0,63.66742522446127,389.7034654661746,0.0,3.2613319308765845,1730.5209807703977,48.71293318327182,0.0,0.0,0.0,0,9.58179087740312,2644.6117033474397,219.02854923564468,2.2378687281340546,2644.6117033474397,2.2378687281340546,900000.0,0.0,1,0.0,0.0,0.0,0.0,0.0,1,1,0,0,1,0,0.0,0,1,900000.0,3074.9999999999995,0,0,0.0,0,0.0,0.7000000000000001,1,1,0,0.0,0.0,1,600000.0,400000.0,0,0.35
2.15,diagnostic,0.4720413911138206,0.4720413911138206,0.4720413911138206,0.4720413911138206,15740.72885832396,2.6891994470828067,1.7704411627684218,24998.193276672006,50.0,1,4.21299902434503,24998.059243752723,50.0,1,1,0,4.21299902434503,24998.059243752723,1,3.9381912509976043,1499.8747025801486,50.0,0,59.65992517890169,400.0691888878219,0.0,3.7003277839654776,1736.210574992661,50.00864861097774,0.0,0.0,0.0,0,10.545352244276474,2720.333644725913,224.99540069102594,2.4595840433785847,2720.333644725913,2.4595840433785847,900000.0,0.0,1,0.0,0.0,0.0,0.0,0.0,1,1,0,0,1,0,0.0,0,1,900000.0,3150.0000000000005,0,0,0.0,0,0.0,0.7166666666666667,1,1,0,0.0,0.0,1,600000.0,400000.0,0,0.35
2.2,diagnostic,0.5115984420832173,0.5115984420832173,0.5115984420832173,0.5115984420832173,16191.425853408635,2.9266566249056876,1.9715016326838946,24998.31480039026,50.0,1,3.9381912509976043,24998.193276672006,50.0,1,1,0,3.9381912509976043,24998.193276672006,1,3.6903046502413415,1499.8835546251632,50.0,0,56.05685266409688,410.465375594464,0.0,4.17085266505407,1741.426150034027,51.308171949308,0.0,0.0,0.0,0,11.542610966662403,2795.7905447352414,230.9800538988592,2.6891994470828067,2795.7905447352414,2.6891994470828067,900000.0,0.0,1,0.0,0.0,0.0,0.0,0.0,1,1,0,0,1,0,0.0,0,1,900000.0,3225.0,0,0,0.0,0,0.0,0.7333333333333334,1,1,0,0.0,0.0,1,600000.0,400000.0,0,0.35
2.25,diagnostic,0.5524073387096271,0.5524073387096271,0.5524073387096271,0.5524073387096271,16640.545322264155,3.171910340915947,2.1808931302679517,24998.4247234996,50.0,1,3.6903046502413415,24998.31480039026,50.0,1,1,0,3.6903046502413415,24998.31480039026,1,3.4674341854080546,1499.8915966003203,50.0,0,52.830009970429394,420.89173841620726,0.0,4.673880700701263,1746.208479530239,52.61146730202591,0.0,0.0,0.0,0,12.573213630469166,2871.0419161900313,236.98229509248463,2.9266566249056876,2871.0419161900313,2.9266566249056876,900000.0,0.0,1,0.0,0.0,0.0,0.0,0.0,1,1,0,0,1,0,0.0,0,1,900000.0,3300.0000000000005,0,0,0.0,0,0.0,0.75,1,1,0,0.0,0.0,1,600000.0,400000.0,0,0.35
2.3,diagnostic,0.594463688684442,0.594463688684442,0.594463688684442,0.594463688684442,17088.441485163064,3.4249254999996883,2.3984729136430762,24998.523878139902,50.0,1,3.4674341854080546,24998.4247234996,50.0,1,1,0,3.4674341854080546,24998.4247234996,1,3.267835668273983,1499.8988880234156,50.0,0,49.953585869757276,431.34805460867693,0.0,5.210408645373335,1750.5946185840496,53.91850682608462,0.0,0.0,0.0,0,13.636863813279819,2946.133909002779,243.00195847428682,3.171910340915947,2946.133909002779,3.171910340915947,900000.0,0.0,1,0.0,0.0,0.0,0.0,0.0,1,1,0,0,1,0,0.0,0,1,900000.0,3375.0,0,0,0.0,0,0.0,0.7666666666666667,1,1,0,0.0,0.0,1,600000.0,400000.0,0,0.35
2.35,diagnostic,0.6377640829666056,0.6377640829666056,0.6377640829666056,0.6377640829666056,17535.389026384542,3.6856748698435404,2.6241266887209123,24998.61302632584,50.0,1,3.267835668273983,24998.523878139902,50.0,1,1,0,3.267835668273983,24998.523878139902,1,3.089912528026223,1499.905483409976,50.0,0,47.40395987417363,441.83415138334317,0.0,5.781450441118337,1754.6182775114094,55.229268922917896,0.0,0.0,0.0,0,14.73330696691981,3021.102310679227,249.03891544274103,3.4249254999996883,3021.102310679227,3.4249254999996883,900000.0,0.0,1,0.0,0.0,0.0,0.0,0.0,1,1,0,0,1,0,0.0,0,1,900000.0,3450.0000000000005,0,0,0.0,0,0.0,0.7833333333333333,1,1,0,0.0,0.0,1,600000.0,400000.0,0,0.35
2.4,diagnostic,0.6823058748289706,0.6823058748289706,0.6823058748289706,0.6823058748289706,17981.600953162757,3.9541373143929546,2.8577632680626395,24998.69286573269,50.0,1,3.089912528026223,24998.61302632584,50.0,1,1,0,3.089912528026223,24998.61302632584,1,2.9322037035571316,1499.9114326883941,50.0,0,45.15952302750559,452.3498946867456,0.0,6.3880329720983156,1758.3101523437379,56.5437368358432,0.0,0.0,0.0,0,15.862319249888268,3095.9748730852866,255.09306623834306,3.6856748698435404,3095.9748730852866,3.6856748698435404,900000.0,0.0,1,0.0,0.0,0.0,0.0,0.0,1,1,0,0,1,0,0.0,0,1,900000.0,3525.0,0,0,0.0,0,0.0,0.7999999999999999,1,1,0,0.0,0.0,1,600000.0,400000.0,0,0.35
2.45,diagnostic,0.7280870085127983,0.7280870085127983,0.7280870085127983,0.7280870085127983,18427.242444603628,4.230296423939619,3.0993101234189,24998.764034988788,50.0,1,2.9322037035571316,24998.69286573269,50.0,1,1,0,2.9322037035571316,24998.69286573269,1,2.7933725584024076,1499.9167815795502,50.0,0,43.20051375236045,462.89518049910913,0.0,7.031192762712606,1761.6982180059335,57.86189756238864,0.0,0.0,0.0,0,17.023699311703705,3170.773116763873,261.16433346529146,3.9541373143929546,3170.773116763873,3.9541373143929546,900000.0,0.0,1,0.0,0.0,0.0,0.0,0.0,1,1,0,0,1,0,0.0,0,1,900000.0,3599.9999999999995,0,0,0.0,0,0.0,0.8166666666666668,1,1,0,0.0,0.0,1,600000.0,400000.0,0,0.35
2.5,diagnostic,0.775105886351444,0.775105886351444,0.775105886351444,0.775105886351444,18872.44159097857,4.514139452779349,3.3487097204394667,24998.827118518577,50.0,1,2.7933725584024076,24998.764034988788,50.0,1,1,0,2.7933725584024076,24998.764034988788,1,2.6721967269501308,1499.9215719439612,50.0,0,41.508867415763255,473.46992808665254,0.0,7.711973416545869,1764.8079891346508,59.18374101083157,0.0,0.0,0.0,0,18.217262272887655,3245.5137301121067,267.2526570677411,4.230296423939619,3245.5137301121067,4.230296423939619,900000.0,0.0,1,0.0,0.0,0.0,0.0,0.0,1,1,0,0,1,0,0.0,0,1,900000.0,3675.0000000000005,0,0,0.0,0,0.0,0.8333333333333334,1,1,0,0.0,0.0,1,600000.0,400000.0,0,0.35
2.55,diagnostic,0.823361265725408,0.823361265725408,0.823361265725408,0.823361265725408,19317.29772162726,4.805656495378953,3.6059165230694745,24998.88265097664,50.0,1,2.6721967269501308,24998.827118518577,50.0,1,1,0,2.6721967269501308,24998.827118518577,1,2.567558809222469,1499.9258420993272,50.0,0,40.06807840500355,484.07407476890734,0.0,8.431423634426563,1767.6627527233982,60.50925934611342,0.0,0.0,0.0,0,19.442835331136163,3320.209654388565,273.3579904340216,4.514139452779349,3320.209654388565,4.514139452779349,900000.0,0.0,1,0.0,0.0,0.0,0.0,0.0,1,1,0,0,1,0,0.0,0,1,900000.0,3750.0,0,0,0.0,0,0.0,0.8500000000000001,1,1,0,0.0,0.0,1,600000.0,400000.0,0,0.35
2.6,diagnostic,0.8728521791504523,0.8728521791504523,0.8728521791504523,0.8728521791504523,19761.88786292074,5.10483984749753,3.870894561983255,24998.93112130922,50.0,1,2.567558809222469,24998.88265097664,50.0,1,1,0,2.567558809222469,24998.88265097664,1,2.4784378394847555,1499.9296271111145,50.0,0,38.86307362147416,494.7075718608695,0.0,9.190595683739254,1770.283776143412,61.83844648260869,0.0,0.0,0.0,0,20.700254567166635,3394.870925094009,279.4802973755477,4.805656495378953,3394.870925094009,4.805656495378953,900000.0,0.0,1,0.0,0.0,0.0,0.0,0.0,1,1,0,0,1,0,0.0,0,1,900000.0,3825.0000000000005,0,0,0.0,0,0.0,0.8666666666666667,1,1,0,0.0,0.0,1,600000.0,400000.0,0,0.35
2.65,diagnostic,0.923577872304512,0.923577872304512,0.923577872304512,0.923577872304512,20206.271746159542,5.4116835107328045,4.143615472081363,24998.97297647631,50.0,1,2.4784378394847555,24998.93112130922,50.0,1,1,0,2.4784378394847555,24998.93112130922,1,2.403901461122113,1499.9329590585983,50.0,0,37.88009640457959,505.3703815261894,0.0,9.99054421856622,1772.6904935636276,63.17129769077368,0.0,0.0,0.0,0,21.989362632225085,3469.5053244292585,285.61954978401917,5.10483984749753,3469.5053244292585,5.10483984749753,900000.0,0.0,1,0.0,0.0,0.0,0.0,0.0,1,1,0,0,1,0,0.0,0,1,900000.0,3900.0,0,0,0.0,0,0.0,0.8833333333333333,1,1,0,0.0,0.0,1,600000.0,400000.0,0,0.35
2.7,diagnostic,0.9755377559654498,0.9755377559654498,0.9755377559654498,0.9755377559654498,20650.495691002947,5.726182808287975,4.424056916160806,24999.008624864207,50.0,1,2.403901461122113,24998.97297647631,50.0,1,1,0,2.403901461122113,24998.97297647631,1,2.343098746675026,1499.9358672785531,50.0,0,37.106599991084465,516.0624743368345,0.0,10.832325372177031,1774.9006733573622,64.50780929210431,0.0,0.0,0.0,0,23.310007081083604,3544.1188872507764,291.77572581460936,5.4116835107328045,3544.1188872507764,5.4116835107328045,900000.0,0.0,1,0.0,0.0,0.0,0.0,0.0,1,1,0,0,1,0,0.0,0,1,900000.0,3975.0,0,0,0.0,0,0.0,0.9,1,1,0,0.0,0.0,1,600000.0,400000.0,0,0.35
2.75,diagnostic,1.02873136873613,1.02873136873613,1.02873136873613,1.02873136873613,21094.59561691662,6.048334086985789,4.712201323935648,24999.03843941555,50.0,1,2.343098746675026,24999.008624864207,50.0,1,1,0,2.343098746675026,24999.008624864207,1,2.295253607695946,1499.9383785885786,50.0,0,36.53114969868281,526.7838273805959,0.0,11.716996060771919,1776.9305687201966,65.84797842257449,0.0,0.0,0.0,0,24.6620391757847,3618.7162934194535,297.94880847703575,5.726182808287975,3618.7162934194535,5.726182808287975,900000.0,0.0,1,0.0,0.0,0.0,0.0,0.0,1,1,0,0,1,0,0.0,0,1,900000.0,4050.0,0,0,0.0,0,0.0,0.9166666666666666,1,1,0,0.0,0.0,1,600000.0,400000.0,0,0.35
2.8,diagnostic,1.0831583481346407,1.0831583481346407,1.0831583481346407,1.0831583481346407,21538.599378432587,6.378134486164005,5.008034886852182,24999.06276050133,50.0,1,2.295253607695946,24999.03843941555,50.0,1,1,0,2.295253607695946,24999.03843941555,1,2.259658744248421,1499.9405174918525,50.0,0,36.14333309711737,537.5344227934256,0.0,12.645613451061001,1778.7950534193974,67.1918028491782,0.0,0.0,0.0,0,26.045313031293627,3693.301172051759,304.1387845429284,6.048334086985789,3693.301172051759,6.048334086985789,900000.0,0.0,1,0.0,0.0,0.0,0.0,0.0,1,1,0,0,1,0,0.0,0,1,900000.0,4125.0,0,0,0.0,0,0.0,0.9333333333333335,1,1,0,0.0,0.0,1,600000.0,400000.0,0,0.35
2.85,diagnostic,1.1388184081713695,1.1388184081713695,1.1388184081713695,1.1388184081713695,21982.528576052067,6.715581758434773,5.311546759232496,24999.08189855692,50.0,1,2.259658744248421,24999.06276050133,50.0,1,1,0,2.259658744248421,24999.06276050133,1,2.235670088481487,1499.942306364933,50.0,0,35.933677496952406,548.3142466212145,0.0,13.619234554957595,1780.5077443392493,68.53928082765181,0.0,0.0,0.0,0,27.459685008396487,3767.8763374546133,310.3456436984744,6.378134486164005,3767.8763374546133,6.378134486164005,900000.0,0.0,1,0.0,0.0,0.0,0.0,0.0,1,1,0,0,1,0,0.0,0,1,900000.0,4200.000000000001,0,0,0.0,0,0.0,0.9500000000000001,1,1,0,0.0,0.0,1,600000.0,400000.0,0,0.35
2.9,diagnostic,1.1957113219563755,1.1957113219563755,1.1957113219563755,1.1957113219563755,22426.39996052986,7.060674130662491,5.622728425062163,24999.0961365023,50.0,1,2.235670088481487,24999.08189855692,50.0,1,1,0,2.235670088481487,24999.08189855692,1,2.222701700842417,1499.9437656300797,50.0,0,35.89357414597717,559.1232879370377,0.0,14.638915922990982,1782.0811122702157,69.89041099212972,0.0,0.0,0.0,0,28.905013284538477,3842.4439720836663,316.56937788726503,6.715581758434773,3842.4439720836663,6.715581758434773,900000.0,0.0,1,0.0,0.0,0.0,0.0,0.0,1,1,0,0,1,0,0.0,0,1,900000.0,4275.0,0,0,0.0,0,0.0,0.9666666666666667,1,1,0,0.0,0.0,1,600000.0,400000.0,0,0.35
2.95,diagnostic,1.2538369082075707,1.2538369082075707,1.2538369082075707,1.2538369082075707,22870.22652184198,7.4134101961295285,5.941573197226161,24999.105731964606,50.0,1,2.222701700842417,24999.0961365023,50.0,1,1,0,2.222701700842417,24999.0961365023,1,2.220221081194464,1499.9449139134151,50.0,0,36.01520857704324,569.9615381565059,0.0,15.70571341450175,1783.526582206043,71.24519226956323,0.0,0.0,0.0,0,30.381157552049757,3917.005768420285,322.8099808006374,7.060674130662491,3917.005768420285,7.060674130662491,900000.0,0.0,1,0.0,0.0,0.0,0.0,0.0,1,1,0,0,1,0,0.0,0,1,900000.0,4350.0,0,0,0.0,0,0.0,0.9833333333333334,1,1,0,0.0,0.0,1,600000.0,400000.0,0,0.35
3.0,diagnostic,1.313195020783825,1.313195020783825,1.313195020783825,1.313195020783825,23314.018333637538,7.7737888308869385,6.268075822284601,24999.110919319664,50.0,1,2.220221081194464,24999.105731964606,50.0,1,1,0,2.220221081194464,24999.105731964606,1,2.2277448604356644,1499.9457681901379,50.0,0,36.291496599629276,580.82899050674,0.0,16.82068202767606,1784.8546242561397,72.6036238133425,0.0,0.0,0.0,0,31.88797880703071,3991.563038991615,329.06744748239186,7.4134101961295285,3991.563038991615,7.4134101961295285,900000.0,0.0,1,0.0,0.0,0.0,0.0,0.0,1,1,0,0,1,0,0.0,0,1,900000.0,4425.0,0,0,0.0,0,0.0,1.0,1,1,0,0.0,0.0,1,600000.0,400000.0,0,0.35
3.05,diagnostic,1.3737855405637829,1.3737855405637829,1.3737855405637829,1.3737855405637829,23757.783208078094,8.141809128859716,6.602232169095752,24999.11191156752,50.0,1,2.2277448604356644,24999.110919319664,50.0,1,1,0,2.2277448604356644,24999.110919319664,1,2.2448348412141823,1499.9463439178762,50.0,0,36.71602547121199,591.7256396144744,0.0,17.984875776325655,1786.0748361463254,73.9657049518093,0.0,0.0,0.0,0,33.42533920232744,4066.116801686838,335.3417740222049,7.7737888308869385,4066.116801686838,7.7737888308869385,900000.0,0.0,1,0.0,0.0,0.0,0.0,0.0,1,1,0,0,1,0,0.0,0,1,900000.0,4500.0,0,0,0.0,0,0.0,1.0,1,1,0,0.0,0.0,1,600000.0,400000.0,0,0.35
3.1,diagnostic,1.4356083691436905,1.4356083691436905,1.4356083691436905,1.4356083691436905,24201.527203640057,8.517470351495454,6.944038983879619,24999.108902055825,50.0,1,2.2448348412141823,24999.11191156752,50.0,1,1,0,2.2448348412141823,24999.11191156752,1,2.271094359044041,1499.9466551591797,50.0,0,37.28299982413895,602.6514811865405,0.0,19.199347603283847,1787.1960181656254,75.33143514831757,0.0,0.0,0.0,0,34.99310194546879,4140.667845916592,341.6329573178203,8.141809128859716,4140.667845916592,8.141809128859716,900000.0,0.0,1,0.0,0.0,0.0,0.0,0.0,1,1,0,0,1,0,0.0,0,1,900000.0,4500.0,0,0,0.0,0,0.0,1.0,1,1,0,0.0,0.0,1,600000.0,400000.0,0,0.35
3.15,diagnostic,1.4986634239457957,1.4986634239457957,1.4986634239457957,1.4986634239457957,24645.255018895557,8.900771888690882,7.293493697809476,24999.102066063515,50.0,1,2.271094359044041,24999.108902055825,50.0,1,1,0,2.271094359044041,24999.108902055825,1,2.306164937575605,1499.9467146940513,50.0,0,37.98719195961848,604.057215176473,0.0,20.465149322564486,1788.2262413172186,75.50715189705913,0.0,0.0,0.0,0,36.59113122786648,4215.216783917021,347.9409948905759,8.517470351495454,4215.216783917021,8.517470351495454,900000.0,0.0,1,0.0,0.0,0.0,52.84942596585172,0.0,1,1,1,0,1,0,0.0,0,1,900000.0,4500.0,0,0,0.0,0,0.0,1.0,1,1,0,0.0,0.0,1,600000.0,400000.0,0,0.35
3.2,diagnostic,1.5629506344205928,1.5629506344205928,1.5629506344205928,1.5629506344205928,25088.970297874108,9.291713228463934,7.65059427604919,24999.09156225638,50.0,1,2.306164937575605,24999.102066063515,50.0,1,1,0,2.306164937575605,24999.102066063515,1,2.3497232139970192,1499.9465341233495,50.0,0,38.823896153070045,605.4921353487232,0.0,21.783331584178576,1789.1729093454055,75.6865169185904,0.0,0.0,0.0,0,38.67334223000669,4273.174149264404,348.7525957880724,8.900771888690882,4273.174149264404,8.900771888690882,900000.0,0.0,1,0.0,0.0,0.0,380.0654841751731,0.0,1,1,1,0,1,0,0.0,0,1,900000.0,4500.0,0,0,0.0,0,0.0,1.0,1,1,0,0.0,0.0,1,600000.0,400000.0,0,0.35
3.25,diagnostic,1.6284699390973054,1.6284699390973054,1.6284699390973054,1.6284699390973054,25433.932536421733,9.690293933407675,8.01533909943471,24999.07753402497,50.0,1,2.3497232139970192,24999.09156225638,50.0,1,1,0,2.3497232139970192,24999.09156225638,1,2.4014781125610334,1499.9461239638108,50.0,0,39.67983888809471,606.9562393728681,0.0,23.065396005125052,1790.042815235542,75.86952992160852,0.0,0.0,0.0,0,40.70076462515745,4318.20999228334,349.58104733578665,9.291713228463934,4318.20999228334,9.291713228463934,900000.0,0.0,1,0.0,0.0,0.0,1008.7619820979892,0.0,1,1,1,0,1,0,0.0,0,1,900000.0,4500.0,0,0,0.0,0,0.0,1.0,1,1,0,0.0,0.0,1,600000.0,400000.0,0,0.35
3.3,diagnostic,1.6949469970767153,1.6949469970767153,1.6949469970767153,1.6949469970767153,25701.98587407044,10.096513622403293,8.387726871827208,24999.060110714403,50.0,1,2.4014781125610334,24999.07753402497,50.0,1,1,0,2.4014781125610334,24999.07753402497,1,2.454423024005858,1499.9454937353828,50.0,0,40.56204755099706,608.4495252932807,0.0,24.32138533082376,1790.8421927185725,76.05619066166008,0.0,0.0,0.0,0,42.68722950102784,4353.182549894533,350.42634818824837,9.690293933407675,4353.182549894533,9.690293933407675,900000.0,0.0,1,0.0,0.0,0.0,1940.3032758965492,0.0,1,1,1,0,1,0,0.0,0,1,900000.0,4500.0,0,0,0.0,0,0.0,1.0,1,1,0,0.0,0.0,1,600000.0,400000.0,0,0.35
3.35,diagnostic,1.7621681465514056,1.7621681465514056,1.7621681465514056,1.7621681465514056,25910.14253697226,10.508671381875635,8.767756547626668,24999.039408754976,50.0,1,2.454423024005858,24999.060110714403,50.0,1,1,0,2.454423024005858,24999.060110714403,1,2.5089926320204365,1499.944652041498,50.0,0,41.47590547548089,609.9719914391889,0.0,25.559625126443994,1791.5767632546708,76.2464989298986,0.0,0.0,0.0,0,44.64409466175676,4380.317818381619,351.2884972163756,10.096513622403293,4380.317818381619,10.096513622403293,900000.0,0.0,1,0.0,0.0,0.0,3174.1802107220983,0.0,1,1,1,0,1,0,0.0,0,1,900000.0,4500.0,0,0,0.0,0,0.0,1.0,1,1,0,0.0,0.0,1,600000.0,400000.0,0,0.35
3.4,diagnostic,1.8299669826690066,1.8299669826690066,1.8299669826690066,1.8299669826690066,26071.651655007397,10.925442508618715,9.155427275098388,24999.018230790396,50.0,1,2.5089926320204365,24999.039408754976,50.0,1,1,0,2.5089926320204365,24999.039408754976,1,2.5655199263184056,1499.943606642864,50.0,0,42.425447607785905,611.5236363548266,0.0,26.787001899355154,1792.2517789204117,76.44045454435333,0.0,0.0,0.0,0,46.57323411679285,4401.360689713317,352.1674934555478,10.508671381875635,4401.360689713317,10.508671381875635,900000.0,0.0,1,0.0,0.0,0.0,4707.890865684224,0.0,1,1,1,0,1,0,0.0,0,1,900000.0,4500.0,0,0,0.0,0,0.0,1.0,1,1,0,0.0,0.0,1,600000.0,400000.0,0,0.35
3.45,diagnostic,1.8982139043576924,1.8982139043576924,1.8982139043576924,1.8982139043576924,26196.898825173663,11.345795292547841,9.550242201979843,24998.996402947192,50.0,1,2.5655199263184056,24999.018230790396,50.0,1,1,0,2.5655199263184056,24999.018230790396,1,2.624254491203252,1499.9423645252984,50.0,0,43.4081711753892,613.0979630289156,0.0,28.004739854319478,1792.872061579824,76.63724537861445,0.0,0.0,0.0,0,48.47652170181978,4417.678875291497,353.063336065278,10.925442508618715,4417.678875291497,10.925442508618715,900000.0,0.0,1,0.0,0.0,0.0,6536.818463971172,0.0,1,1,1,0,1,0,0.0,0,1,900000.0,4500.0,0,0,0.0,0,0.0,1.0,1,1,0,0.0,0.0,1,600000.0,400000.0,0,0.35
3.5,diagnostic,1.9668081599593854,1.9668081599593854,1.9668081599593854,1.9668081599593854,26294.024665734993,11.768926207017694,9.95146294685049,24998.973792029472,50.0,1,2.624254491203252,24998.996402947192,50.0,1,1,0,2.624254491203252,24998.996402947192,1,2.6850415160034555,1499.9410938474236,50.0,0,44.42189661264829,614.6899114679348,0.0,29.214059181031594,1793.4420386808204,76.83623893349186,0.0,0.0,0.0,0,50.35620241807841,4430.333109008312,353.9722739943557,11.345795292547841,4430.333109008312,11.345795292547841,900000.0,0.0,1,0.0,0.0,0.0,8651.299106525903,0.0,1,1,1,0,1,0,0.0,0,1,900000.0,4500.0,0,0,0.0,0,0.0,1.0,1,1,0,0.0,0.0,1,600000.0,400000.0,0,0.35
3.55,diagnostic,2.0356716110850637,2.0356716110850637,2.0356716110850637,2.0356716110850637,26369.34266481747,12.19421059174819,10.358265548360409,24998.95029820352,50.0,1,2.6850415160034555,24998.973792029472,50.0,1,1,0,2.6850415160034555,24998.973792029472,1,2.7477461822256672,1499.9397841768314,50.0,0,45.46476664969094,616.2955408296491,0.0,30.41607973963852,1793.9657916940128,77.03694260370614,0.0,0.0,0.0,0,52.21430808790992,4440.146032734186,354.8913858541594,11.768926207017694,4440.146032734186,11.768926207017694,900000.0,0.0,1,0.0,0.0,0.0,11036.675449208053,0.0,1,1,1,0,1,0,0.0,0,1,900000.0,4500.0,0,0,0.0,0,0.0,1.0,1,1,0,0.0,0.0,1,600000.0,400000.0,0,0.35
3.6,diagnostic,2.1047436571750056,2.1047436571750056,2.1047436571750056,2.1047436571750056,26427.749186833873,12.621163988727394,10.769832007074722,24998.925983393598,50.0,1,2.7477461822256672,24998.95029820352,50.0,1,1,0,2.7477461822256672,24998.95029820352,1,2.8122536071973774,1499.9384275217683,50.0,0,46.5349075530978,617.911781868358,0.0,31.61182087161328,1794.4470675009518,77.23897273354476,0.0,0.0,0.0,0,54.052663808580014,4447.755619429052,355.8183963983639,12.19421059174819,4447.755619429052,12.19421059174819,900000.0,0.0,1,0.0,0.0,0.0,13673.862387598008,0.0,1,1,1,0,1,0,0.0,0,1,900000.0,4500.0,0,0,0.0,0,0.0,1.0,1,1,0,0.0,0.0,1,600000.0,400000.0,0,0.35
3.65,diagnostic,2.1739772989790267,2.1739772989790267,2.1739772989790267,2.1739772989790267,26473.041446841715,13.049410674485035,11.18540073110829,24998.90090152711,50.0,1,2.8122536071973774,24998.925983393598,50.0,1,1,0,2.8122536071973774,24998.925983393598,1,2.8784478898823385,1499.937017892211,50.0,0,47.63058263270693,619.5362485575498,0.0,32.80220274508088,1794.889306320559,77.44203106969373,0.0,0.0,0.0,0,55.87289580661858,4453.65660560173,356.75153359713784,12.621163988727394,4453.65660560173,12.621163988727394,900000.0,0.0,1,0.0,0.0,0.0,16540.113260707312,0.0,1,1,1,0,1,0,0.0,0,1,900000.0,4500.0,0,0,0.0,0,0.0,1.0,1,1,0,0.0,0.0,1,600000.0,400000.0,0,0.35
3.7,diagnostic,2.2433360853099606,2.2433360853099606,2.2433360853099606,2.2433360853099606,26508.1641165415,13.478659253669965,11.60429098360379,24998.87509855712,50.0,1,2.8784478898823385,24998.90090152711,50.0,1,1,0,2.8784478898823385,24998.90090152711,1,2.9462216061468207,1499.9355590036157,50.0,0,48.750172737941014,621.1670904039286,0.0,33.98804822215876,1795.2956672283126,77.64588630049107,0.0,0.0,0.0,0,57.67643696750177,4458.23264049388,357.68941987743233,13.049410674485035,4458.23264049388,13.049410674485035,900000.0,0.0,1,0.0,0.0,0.0,19609.812118033093,0.0,1,1,1,0,1,0,0.0,0,1,900000.0,4500.0,0,0,0.0,0,0.0,1.0,1,1,0,0.0,0.0,1,600000.0,400000.0,0,0.35
3.75,diagnostic,2.3127917448231576,2.3127917448231576,2.3127917448231576,2.3127917448231576,26535.400676219575,13.908683728921757,12.025911016702628,24998.848620844048,50.0,1,2.9462216061468207,24998.87509855712,50.0,1,1,0,2.9462216061468207,24998.87509855712,1,3.015474602346867,1499.9340540916266,50.0,0,49.89216425051684,622.8028722495537,0.0,35.17008346701206,1795.669052269767,77.85035903119422,0.0,0.0,0.0,0,59.46453768990368,4461.781229276051,358.6309868564448,13.478659253669965,4461.781229276051,13.478659253669965,900000.0,0.0,1,0.0,0.0,0.0,22855.198092112492,0.0,1,1,1,0,1,0,0.0,0,1,900000.0,4500.0,0,0,0.0,0,0.0,1.0,1,1,0,0.0,0.0,1,600000.0,400000.0,0,0.35
3.8,diagnostic,2.3823223493369796,2.3823223493369796,2.3823223493369796,2.3823223493369796,26556.521876651055,14.339308817903579,12.4497567117128,24998.821511357542,50.0,1,3.015474602346867,24998.848620844048,50.0,1,1,0,3.015474602346867,24998.848620844048,1,3.086113252609289,1499.9325059134271,50.0,0,51.05512628728524,624.4424810461726,0.0,36.348941807485204,1796.0121275618365,78.05531013077157,0.0,0.0,0.0,0,61.238280656133405,4464.533075629085,359.575405945352,13.908683728921757,4464.533075629085,13.908683728921757,900000.0,0.0,1,0.0,0.0,0.0,26246.977094894657,0.0,1,1,1,0,1,0,0.0,0,1,900000.0,4500.0,0,0,0.0,0,0.0,1.0,1,1,0,0.0,0.0,1,600000.0,400000.0,0,0.35
3.85,diagnostic,2.4519108895540156,2.4519108895540156,2.4519108895540156,2.4519108895540156,26572.900866144315,14.770398565889273,12.87540509306544,24998.793810159063,50.0,1,3.086113252609289,24998.821511357542,50.0,1,1,0,3.086113252609289,24998.821511357542,1,3.158049048698056,1499.9309172506428,50.0,0,52.23770198686282,626.0850535474563,0.0,37.52516985766682,1796.327342626055,78.26063169343203,0.0,0.0,0.0,0,62.99859739525041,4466.667081237045,360.5220345254456,14.339308817903579,4466.667081237045,14.339308817903579,900000.0,0.0,1,0.0,0.0,0.0,29754.811462783815,0.0,1,1,1,0,1,0,0.0,0,1,900000.0,4500.0,0,0,0.0,0,0.0,1.0,1,1,0,0.0,0.0,1,600000.0,400000.0,0,0.35
3.9,diagnostic,2.5215441705850696,2.5215441705850696,2.5215441705850696,2.5215441705850696,26585.60246752289,15.201847515234897,13.302505450782792,24998.765554698955,50.0,1,3.158049048698056,24998.793810159063,50.0,1,1,0,3.158049048698056,24998.793810159063,1,3.231198061043061,1499.9292906814526,50.0,0,53.43860330237938,627.7299202241966,0.0,38.69923503608571,1796.6169481555082,78.46624002802457,0.0,0.0,0.0,0,64.74628541301152,4468.321977350766,361.4703742012251,14.770398565889273,4468.321977350766,14.770398565889273,900000.0,0.0,1,0.0,0.0,0.0,33347.69525856156,0.0,1,1,1,0,1,0,0.0,0,1,900000.0,4500.0,0,0,0.0,0,0.0,1.0,1,1,0,0.0,0.0,1,600000.0,400000.0,0,0.35
3.95,diagnostic,2.591211955469281,2.591211955469281,2.591211955469281,2.591211955469281,26595.45240919176,15.633573857627432,13.730769730677384,24998.73678038052,50.0,1,3.231198061043061,24998.765554698955,50.0,1,1,0,3.231198061043061,24998.765554698955,1,3.305480616642023,1499.9276286095437,50.0,0,54.656607177897605,629.3765617675925,0.0,39.871533757726944,1796.8830122797406,78.67207022094907,0.0,0.0,0.0,0,66.48202498815193,4469.605344622013,362.4200384198222,15.201847515234897,4469.605344622013,15.201847515234897,900000.0,0.0,1,0.0,0.0,0.0,36994.230915938206,0.0,1,1,1,0,1,0,0.0,0,1,900000.0,4500.0,0,0,0.0,0,0.0,1.0,1,1,0,0.0,0.0,1,600000.0,400000.0,0,0.35
4.0,diagnostic,2.6609063010064835,2.6609063010064835,2.6609063010064835,2.6609063010064835,26603.091011190223,16.06551412390954,14.159963151907347,24998.707520775584,50.0,1,3.305480616642023,24998.73678038052,50.0,1,1,0,3.305480616642023,24998.73678038052,1,3.3808210625503676,1499.9259332819372,50.0,0,55.89055325629428,631.0245753591164,0.0,41.04239974702826,1797.1274354811273,78.87807191988955,0.0,0.0,0.0,0,68.20639502691763,4470.6006076323,363.3707273581607,15.633573857627432,4470.6006076323,15.633573857627432,900000.0,0.0,1,0.0,0.0,0.0,40662.825404922354,0.0,1,1,1,0,1,0,0.0,0,1,900000.0,4500.0,0,0,0.0,0,0.0,1.0,1,1,0,0.0,0.0,1,600000.0,400000.0,0,0.35
4.05,diagnostic,2.7306210427205597,2.7306210427205597,2.7306210427205597,2.7306210427205597,26609.01481662745,16.497619066240198,14.58989556403968,24998.67780775334,50.0,1,3.3808210625503676,24998.707520775584,50.0,1,1,0,3.3808210625503676,24998.707520775584,1,3.457147624100677,1499.9242068228311,50.0,0,57.139342286648976,632.6736485140304,0.0,42.212112081270824,1797.351964276646,79.0842060642538,0.0,0.0,0.0,0,69.9198876119168,4471.372458876426,364.3222084488552,16.06551412390954,4471.372458876426,16.06551412390954,900000.0,0.0,1,0.0,0.0,0.0,44321.82351953551,0.0,1,1,1,0,1,0,0.0,0,1,900000.0,4500.0,0,0,0.0,0,0.0,1.0,1,1,0,0.0,0.0,1,600000.0,400000.0,0,0.35
4.1,diagnostic,2.800351395468193,2.800351395468193,2.800351395468193,2.800351395468193,26613.60887523249,16.92985046486747,15.020413776461377,24998.64767157498,50.0,1,3.457147624100677,24998.67780775334,50.0,1,1,0,3.457147624100677,24998.67780775334,1,3.534392306390658,1499.922451246535,50.0,0,58.401934859784824,634.3235387980119,0.0,43.38090271312467,1797.558203771431,79.29044234975149,0.0,0.0,0.0,0,71.62292106598207,4471.97106484947,365.2743012787582,16.497619066240198,4471.97106484947,16.497619066240198,900000.0,0.0,1,0.0,0.0,0.0,47939.59380251513,0.0,1,1,1,0,1,0,0.0,0,1,900000.0,4500.0,0,0,0.0,0,0.0,1.0,1,1,0,0.0,0.0,1,600000.0,400000.0,0,0.35
4.15,diagnostic,2.8700936437262095,2.8700936437262095,2.8700936437262095,2.8700936437262095,26617.171777984047,17.362178651902795,15.451394924320851,24998.61714095036,50.0,1,3.534392306390658,24998.64767157498,50.0,1,1,0,3.534392306390658,24998.64767157498,1,3.6124908160691644,1499.9206684652004,50.0,0,59.6773501823308,635.9740580981646,0.0,44.548963329496736,1797.7476291775222,79.49675726227058,0.0,0.0,0.0,0,73.31585148274753,4472.435327702626,366.22686587834824,16.92985046486747,4472.435327702626,16.92985046486747,900000.0,0.0,1,0.0,0.0,0.0,51484.579981513365,0.0,1,1,1,0,1,0,0.0,0,1,900000.0,4500.0,0,0,0.0,0,0.0,1.0,1,1,0,0.0,0.0,1,600000.0,400000.0,0,0.35
4.2,diagnostic,2.939844901421251,2.939844901421251,2.939844901421251,2.939844901421251,26619.93507048603,17.7945805911025,15.882740838347049,24998.586243077443,50.0,1,3.6124908160691644,24998.61714095036,50.0,1,1,0,3.6124908160691644,24998.61714095036,1,3.6913824855049975,1499.918860294499,50.0,0,60.96466475311838,637.6250604257899,0.0,45.71645148326401,1797.921596384481,79.70313255322374,0.0,0.0,0.0,0,74.9989827634898,4472.795414529597,367.1797936405941,17.362178651902795,4472.795414529597,17.362178651902795,900000.0,0.0,1,0.0,0.0,0.0,54925.328138556724,0.0,1,1,1,0,1,0,0.0,0,1,900000.0,4500.0,0,0,0.0,0,0.0,1.0,1,1,0,0.0,0.0,1,600000.0,400000.0,0,0.35
4.25,diagnostic,3.00960292568686,3.00960292568686,3.00960292568686,3.00960292568686,26622.07830728016,18.227038388811756,16.314373334848895,24998.555003673573,50.0,1,3.6913824855049975,24998.586243077443,50.0,1,1,0,3.6913824855049975,24998.586243077443,1,3.771010190914539,1499.9170284570214,50.0,0,62.263010867517075,639.2764324579011,0.0,46.8834959897491,1798.081351661297,79.90955405723764,0.0,0.0,0.0,0,76.67257525446725,4473.074718729185,368.13300027888124,17.7945805911025,4473.074718729185,17.7945805911025,900000.0,0.0,1,0.0,0.0,0.0,58230.497444077795,0.0,1,1,1,0,1,0,0.0,0,1,900000.0,4500.0,0,0,0.0,0,0.0,1.0,1,1,0,0.0,0.0,1,600000.0,400000.0,0,0.35
4.3,diagnostic,3.0793659724392235,3.0793659724392235,3.0793659724392235,3.0793659724392235,26623.740725876112,18.659538139258533,16.746230319645917,24998.5234470058,50.0,1,3.771010190914539,24998.555003673573,50.0,1,1,0,3.771010190914539,24998.555003673573,1,3.851320259846417,1499.9151745846466,50.0,0,63.57157492238982,640.9280862025287,0.0,48.05020161603684,1798.2280405620704,80.11601077531608,0.0,0.0,0.0,0,78.33685310934372,4473.291380965152,369.0864203661529,18.227038388811756,4473.291380965152,18.227038388811756,900000.0,0.0,1,0.0,0.0,0.0,61368.86027058031,0.0,1,1,1,0,1,0,0.0,0,1,900000.0,4500.0,0,0,0.0,0,0.0,1.0,1,1,0,0.0,0.0,1,600000.0,400000.0,0,0.35
4.35,diagnostic,3.149132684381684,3.149132684381684,3.149132684381684,3.149132684381684,26625.030299504582,19.092069029123188,17.178262594255642,24998.491595923635,50.0,1,3.851320259846417,24998.5234470058,50.0,1,1,0,3.851320259846417,24998.5234470058,1,3.9322623663333913,1499.9133002204144,50.0,0,64.88959552793001,642.5799533109463,0.0,49.21665311316422,1798.3627161018183,80.32249416386828,0.0,0.0,0.0,0,79.99201051451873,4473.459468611046,370.0400031002216,18.659538139258533,4473.459468611046,18.659538139258533,900000.0,0.0,1,0.0,0.0,0.0,64309.29587728832,0.0,1,1,1,0,1,0,0.0,0,1,900000.0,4500.0,0,0,0.0,0,0.0,1.0,1,1,0,0.0,0.0,1,600000.0,400000.0,0,0.35
4.4,diagnostic,3.2189020041565217,3.2189020041565217,3.2189020041565217,3.2189020041565217,26626.030757172946,19.524622643166442,17.610431256999263,24998.45947189606,50.0,1,3.9322623663333913,24998.491595923635,50.0,1,1,0,3.9322623663333913,24998.491595923635,1,4.013789414098763,1499.9114068203478,50.0,0,66.2163614510546,644.2319806670171,0.0,50.38291865282846,1798.4863462630976,80.52899758337713,0.0,0.0,0.0,0,81.63821691690279,4473.589890363468,370.993709019932,19.092069029123188,4473.589890363468,19.092069029123188,900000.0,0.0,1,0.0,0.0,0.0,67020.78059549592,0.0,1,1,1,0,1,0,0.0,0,1,900000.0,4500.0,0,0,0.0,0,0.0,1.0,1,1,0,0.0,0.0,1,600000.0,400000.0,0,0.35
4.45,diagnostic,3.2886731069974853,3.2886731069974853,3.2886731069974853,3.2886731069974853,26626.80702744336,19.957192425770437,18.042705601100433,24998.427095053466,50.0,1,4.013789414098763,24998.45947189606,50.0,1,1,0,4.013789414098763,24998.45947189606,1,4.095857409343583,1499.909495755418,50.0,0,67.55120942482725,645.8841269669026,0.0,51.54905273470574,1798.5998208889998,80.73551587086283,0.0,0.0,0.0,0,83.2756213880622,4473.691105488822,371.9475074586681,19.524622643166442,4473.691105488822,19.524622643166442,900000.0,0.0,1,0.0,0.0,0.0,69472.37649302634,0.0,1,1,1,0,1,0,0.0,0,1,900000.0,4500.0,0,0,0.0,0,0.0,1.0,1,1,0,0.0,0.0,1,600000.0,400000.0,0,0.35
4.5,diagnostic,3.358445348504413,3.358445348504413,3.358445348504413,3.358445348504413,26627.409459869472,20.38977326338441,18.475061423436916,24998.39448423436,50.0,1,4.095857409343583,24998.427095053466,50.0,1,1,0,4.095857409343583,24998.427095053466,1,4.178425325247046,1499.9075683137637,50.0,0,68.89352186182754,647.5363600667565,0.0,52.71509863016816,1798.7039580133464,80.94204500834456,0.0,0.0,0.0,0,84.90435624873119,4473.769673816403,372.90137456964766,19.957192425770437,4473.769673816403,19.957192425770437,900000.0,0.0,1,0.0,0.0,0.0,71633.21979811041,0.0,1,1,1,0,1,0,0.0,0,1,900000.0,4500.0,0,0,0.0,0,0.0,1.0,1,1,0,0.0,0.0,1,600000.0,400000.0,0,0.35
4.55,diagnostic,3.4282182241444468,3.4282182241444468,3.4282182241444468,3.4282182241444468,26627.877098555233,20.82236116072736,18.907479669623577,24998.36165703626,50.0,1,4.178425325247046,24998.39448423436,50.0,1,1,0,4.178425325247046,24998.39448423436,1,4.261454960525414,1499.905625703208,50.0,0,70.24272450895292,649.1886549259632,0.0,53.88109042490299,1798.7995096746267,81.1485818657454,0.0,0.0,0.0,0,86.52454006556874,4473.830682236472,373.85529179461236,20.38977326338441,4473.830682236472,20.38977326338441,900000.0,0.0,1,0.0,0.0,0.0,73472.50986407508,0.0,1,1,1,0,1,0,0.0,0,1,900000.0,4500.0,0,0,0.0,0,0.0,1.0,1,1,0,0.0,0.0,1,600000.0,400000.0,0,0.35
4.6,diagnostic,3.497991337846782,3.497991337846782,3.497991337846782,3.497991337846782,26628.240220671483,21.25495298969557,19.33994535257509,24998.328629869902,50.0,1,4.261454960525414,24998.36165703626,50.0,1,1,0,4.261454960525414,24998.36165703626,1,4.3449107943682215,1499.9036690540615,50.0,0,71.59828407832265,650.8409920121974,0.0,55.047054717947745,1798.8871672562877,81.35512400152467,0.0,0.0,0.0,0,88.13628011915235,4473.878075432813,374.80924467635595,20.82236116072736,4473.878075432813,20.82236116072736,900000.0,0.0,1,0.0,0.0,0.0,74959.49910942251,0.0,1,1,1,0,1,0,0.0,0,1,900000.0,4500.0,0,0,0.0,0,0.0,1.0,1,1,0,0.0,0.0,1,600000.0,400000.0,0,0.35
4.65,diagnostic,3.5677643776491017,3.5677643776491017,3.5677643776491017,3.5677643776491017,26628.5223049761,21.687546294650048,19.77244669211345,24998.29541801579,50.0,1,4.3449107943682215,24998.328629869902,50.0,1,1,0,4.3449107943682215,24998.328629869902,1,4.428759839896246,1499.9016994221756,50.0,0,72.95970588482048,652.4933560646101,0.0,56.213012028841526,1798.9675663924027,81.56166950807626,0.0,0.0,0.0,0,89.73967442947385,4473.914912352866,375.76322193788525,21.25495298969557,4473.914912352866,21.25495298969557,900000.0,0.0,1,0.0,0.0,0.0,76063.48413429587,0.0,1,1,1,0,1,0,0.0,0,1,900000.0,4500.0,0,0,0.0,0,0.0,1.0,1,1,0,0.0,0.0,1,600000.0,400000.0,0,0.35
4.7,diagnostic,3.637537096812323,3.637537096812323,3.637537096812323,3.637537096812323,26628.74155832426,22.12013914142443,20.204974432341423,24998.26203568225,50.0,1,4.428759839896246,24998.29541801579,50.0,1,1,0,4.428759839896246,24998.29541801579,1,4.512971498030132,1499.899717792194,50.0,0,74.32653151615774,654.1457351347251,0.0,57.37897795854654,1799.0412914744643,81.76821689184064,0.0,0.0,0.0,0,91.33481341319869,4473.943565090267,376.717214768345,21.687546294650048,4473.943565090267,21.687546294650048,900000.0,0.0,1,0.0,0.0,0.0,76753.79806302919,0.0,1,1,1,0,1,0,0.0,0,1,900000.0,4500.0,0,0,0.0,0,0.0,1.0,1,1,0,0.0,0.0,1,600000.0,400000.0,0,0.35
4.75,diagnostic,3.707309299175809,3.707309299175809,3.707309299175809,3.707309299175809,26628.91209941727,22.552730000236405,20.637521301367055,24998.228496064043,50.0,1,4.512971498030132,24998.26203568225,50.0,1,1,0,4.512971498030132,24998.26203568225,1,4.597517413370582,1499.8977250809473,50.0,0,75.69833655663332,655.7981198426922,0.0,58.54496414389435,1799.1088797920554,81.97476498033653,0.0,0.0,0.0,0,92.92178123598042,4473.965873110455,377.67121626927917,22.12013914142443,4473.965873110455,22.12013914142443,900000.0,0.0,1,0.0,0.0,0.0,76999.80406958361,0.0,1,1,1,0,1,0,0.0,0,1,900000.0,4500.0,0,0,0.0,0,0.0,1.0,1,1,0,0.0,0.0,1,600000.0,400000.0,0,0.35
4.8,diagnostic,3.777080827800904,3.777080827800904,3.777080827800904,3.777080827800904,26629.044876753425,22.985317654890018,21.07008158460334,24998.194811400786,50.0,1,4.597517413370582,24998.228496064043,50.0,1,1,0,4.597517413370582,24998.228496064043,1,4.682371333399999,1499.895722140935,50.0,0,77.07472838128903,657.4505028005402,0.0,59.71097903978548,1799.1708253374186,82.18131285006753,0.0,0.0,0.0,0,94.50065691332081,4473.98326284659,378.6252210252288,22.552730000236405,4473.98326284659,22.552730000236405,900000.0,0.0,1,0.0,0.0,0.0,77000.0,0.0,1,1,1,0,1,0,0.0,0,1,900000.0,4500.0,0,0,0.0,0,0.0,1.0,1,1,0,0.0,0.0,1,600000.0,400000.0,0,0.35
4.85,diagnostic,3.846851556164435,3.846851556164435,3.846851556164435,3.846851556164435,26629.148380462906,23.417901132365607,21.502650788398466,24998.160993034653,50.0,1,4.682371333399999,24998.194811400786,50.0,1,1,0,4.682371333399999,24998.194811400786,1,4.767508972038497,1499.8937097638425,50.0,0,78.4553440331082,659.1028781649314,0.0,60.87702855834179,1799.2275823014338,82.38785977061643,0.0,0.0,0.0,0,96.07151520486843,4473.9968404415,379.57922477074675,22.985317654890018,4473.9968404415,22.985317654890018,900000.0,0.0,1,0.0,0.0,0.0,77000.0,0.0,1,1,1,0,1,0,0.0,0,1,900000.0,4500.0,0,0,0.0,0,0.0,1.0,1,1,0,0.0,0.0,1,600000.0,400000.0,0,0.35
4.9,diagnostic,3.916621381329613,3.916621381329613,3.916621381329613,3.916621381329613,26629.22919430781,23.850479648219498,21.935225375312797,24998.12705146664,50.0,1,4.767508972038497,24998.160993034653,50.0,1,1,0,4.767508972038497,24998.160993034653,1,4.852907878336589,1499.891688684047,50.0,0,79.83984819233527,660.7552412903391,0.0,62.04311658972808,1799.279568286241,82.59440516129239,0.0,0.0,0.0,0,97.63442733960201,4474.0074636654235,380.5332241321803,23.417901132365607,4474.0074636654235,23.417901132365607,900000.0,0.0,1,0.0,0.0,0.0,77000.0,0.0,1,1,1,0,1,0,0.0,0,1,900000.0,4500.0,0,0,0.0,0,0.0,1.0,1,1,0,0.0,0.0,1,600000.0,400000.0,0,0.35
4.95,diagnostic,3.986390218650335,3.986390218650335,3.986390218650335,3.986390218650335,26629.292423736602,24.2830525642436,22.367802556087526,24998.092996411186,50.0,1,4.852907878336589,24998.12705146664,50.0,1,1,0,4.852907878336589,24998.12705146664,1,4.938547310866099,1499.889659582079,50.0,0,81.2279312439406,662.4075884601019,0.0,63.209245425429145,1799.3271672576363,82.80094855751274,0.0,0.0,0.0,0,99.18946160297288,4474.015797685394,381.4872164274334,23.850479648219498,4474.015797685394,23.850479648219498,900000.0,0.0,1,0.0,0.0,0.0,77000.0,0.0,1,1,1,0,1,0,0.0,0,1,900000.0,4500.0,0,0,0.0,0,0.0,1.0,1,1,0,0.0,0.0,1,600000.0,400000.0,0,0.35
5.0,diagnostic,4.056157997664581,4.056157997664581,4.056157997664581,4.056157997664581,26629.342027823466,24.715619355632075,22.800380126377476,24998.058836848664,50.0,1,4.938547310866099,24998.092996411186,50.0,1,1,0,4.938547310866099,24998.092996411186,1,5.024408118181893,1499.8876230879982,50.0,0,82.6193074466998,664.059916677866,0.0,64.37541610136518,1799.3707322584655,83.00748958473325,0.0,0.0,0.0,0,100.73668381167325,4474.022358312217,382.4411995106907,24.2830525642436,4474.022358312217,24.2830525642436,900000.0,0.0,1,0.0,0.0,0.0,77000.0,0.0,1,1,1,0,1,0,0.0,0,1,900000.0,4500.0,0,0,0.0,0,0.0,1.0,1,1,0,0.0,0.0,1,600000.0,400000.0,0,0.35
5.05,diagnostic,4.125924658909903,4.125924658909903,4.125924658909903,4.125924658909903,26629.381076674315,25.148179585520403,23.232956338764872,24998.024581075653,50.0,1,5.024408118181893,24998.058836848664,50.0,1,1,0,5.024408118181893,24998.058836848664,1,5.11047262556906,1499.885579784671,50.0,0,84.01371320525243,665.712223505856,0.0,65.54162867531294,1799.4105879024833,83.214027938232,0.0,0.0,0.0,0,102.27615769714826,4474.027545536801,383.3951716520064,24.715619355632075,4474.027545536801,24.715619355632075,900000.0,0.0,1,0.0,0.0,0.0,77000.0,0.0,1,1,1,0,1,0,0.0,0,1,900000.0,4500.0,0,0,0.0,0,0.0,1.0,1,1,0,0.0,0.0,1,600000.0,400000.0,0,0.35
5.1,diagnostic,4.195690151453965,4.195690151453965,4.195690151453965,4.195690151453965,26629.41195103504,25.5807328852414,23.665529802534344,24997.99023675273,50.0,1,5.11047262556906,24998.024581075653,50.0,1,1,0,5.11047262556906,24998.024581075653,1,5.196724528159944,1499.8835302109198,50.0,0,85.41090544483411,667.364506939461,0.0,66.70788245062307,1799.4470326665441,83.42056336743262,0.0,0.0,0.0,0,103.80794521516263,4474.031669536267,384.3491314439303,25.148179585520403,4474.031669536267,25.148179585520403,900000.0,0.0,1,0.0,0.0,0.0,77000.0,0.0,1,1,1,0,1,0,0.0,0,1,900000.0,4500.0,0,0,0.0,0,0.0,1.0,1,1,0,0.0,0.0,1,600000.0,400000.0,0,0.35
5.15,diagnostic,4.26545443097958,4.26545443097958,4.26545443097958,4.26545443097958,26629.436497079863,26.013278939014583,24.098099405260722,24997.955810949774,50.0,1,5.196724528159944,24997.99023675273,50.0,1,1,0,5.196724528159944,24997.99023675273,1,5.283148790402111,1499.881474864539,50.0,0,86.81066008703763,669.0167653099816,0.0,67.87417615613536,1799.4803409975157,83.6270956637477,0.0,0.0,0.0,0,105.33210679556834,4474.03497084067,385.3030777290997,25.5807328852414,4474.03497084067,25.5807328852414,900000.0,0.0,1,0.0,0.0,0.0,77000.0,0.0,1,1,1,0,1,0,0.0,0,1,900000.0,4500.0,0,0,0.0,0,0.0,1.0,1,1,0,0.0,0.0,1,600000.0,400000.0,0,0.35
5.2,diagnostic,4.3352174582997325,4.3352174582997325,4.3352174582997325,4.3352174582997325,26629.45614644367,26.445817472073397,24.5306642515135,24997.921310188736,50.0,1,5.283148790402111,24997.955810949774,50.0,1,1,0,5.283148790402111,24997.955810949774,1,5.369731551775524,1499.8794142051636,50.0,0,88.21277062396139,670.668997209213,0.0,69.0405080904417,1799.510765248967,83.83362465115162,0.0,0.0,0.0,0,106.84870154379999,4474.037635971491,386.2570095440906,26.013278939014583,4474.037635971491,26.013278939014583,900000.0,0.0,1,0.0,0.0,0.0,77000.0,0.0,1,1,1,0,1,0,0.0,0,1,900000.0,4500.0,0,0,0.0,0,0.0,1.0,1,1,0,0.0,0.0,1,600000.0,400000.0,0,0.35
5.25,diagnostic,4.404979198206043,4.404979198206043,4.404979198206043,4.404979198206043,26629.472009302313,26.878348241458344,24.9632236149776,24997.88674048384,50.0,1,5.369731551775524,24997.921310188736,50.0,1,1,0,5.369731551775524,24997.921310188736,1,5.45646003859555,1499.8773486569864,50.0,0,89.6170467873418,672.3212014309624,0.0,70.20687623718696,1799.5385374614405,84.0401501788703,0.0,0.0,0.0,0,108.3577874034678,4474.039809568685,387.21092607587553,26.445817472073397,4474.039809568685,26.445817472073397,900000.0,0.0,1,0.0,0.0,0.0,77000.0,0.0,1,1,1,0,1,0,0.0,0,1,900000.0,4500.0,0,0,0.0,0,0.0,1.0,1,1,0,0.0,0.0,1,600000.0,400000.0,0,0.35
5.3,diagnostic,4.4747396185758,4.4747396185758,4.4747396185758,4.4747396185758,26629.484946552813,27.310871028877465,25.395776901079238,24997.85210737929,50.0,1,5.45646003859555,24997.88674048384,50.0,1,1,0,5.45646003859555,24997.88674048384,1,5.543322481691246,1499.8752786113241,50.0,0,91.02331330873825,673.9733769256991,0.0,71.37327835688482,1799.5638709990014,84.24667211571239,0.0,0.0,0.0,0,109.85942128764373,4474.041603794724,388.1648266280588,26.878348241458344,4474.041603794724,26.878348241458344,900000.0,0.0,1,0.0,0.0,0.0,77000.0,0.0,1,1,1,0,1,0,0.0,0,1,900000.0,4500.0,0,0,0.0,0,0.0,1.0,1,1,0,0.0,0.0,1,600000.0,400000.0,0,0.35
5.35,diagnostic,4.544498689679505,4.544498689679505,4.544498689679505,4.544498689679505,26629.4956257862,27.74338563516996,25.828323617829636,24997.817415984562,50.0,1,5.543322481691246,24997.85210737929,50.0,1,1,0,5.543322481691246,24997.85210737929,1,5.630308039715768,1499.8732044290302,50.0,0,92.43140876648154,675.6255227653861,0.0,72.53971205972323,1799.5869620536996,84.45319034567326,0.0,0.0,0.0,0,111.35365918498813,4474.043105627064,389.1187105946935,27.310871028877465,4474.043105627064,27.310871028877465,900000.0,0.0,1,0.0,0.0,0.0,77000.0,0.0,1,1,1,0,1,0,0.0,0,1,900000.0,4500.0,0,0,0.0,0,0.0,1.0,1,1,0,0.0,0.0,1,600000.0,400000.0,0,0.35
5.4,diagnostic,4.6142563836439106,4.6142563836439106,4.6142563836439106,4.6142563836439106,26629.50456469228,28.175891876012933,26.260863353092258,24997.782671007324,50.0,1,5.630308039715768,24997.817415984562,50.0,1,1,0,5.630308039715768,24997.817415984562,1,5.717406727823601,1499.8711264427575,50.0,0,93.84118451488666,677.2776381162092,0.0,73.7061748630073,1799.607991028651,84.65970476452615,0.0,0.0,0.0,0,112.84055624568148,4474.044382513167,390.0725774399773,27.74338563516996,4474.044382513167,27.74338563516996,900000.0,0.0,1,0.0,0.0,0.0,77000.0,0.0,1,1,1,0,1,0,0.0,0,1,900000.0,4500.0,0,0,0.0,0,0.0,1.0,1,1,0,0.0,0.0,1,600000.0,400000.0,0,0.35
5.45,diagnostic,4.6840126740356185,4.6840126740356185,4.6840126740356185,4.6840126740356185,26629.51216471837,28.608389578592245,26.6933957568672,24997.747876784113,50.0,1,5.717406727823601,24997.782671007324,50.0,1,1,0,5.717406727823601,24997.782671007324,1,5.804609351436288,1499.8690449590736,50.0,0,95.25250369112878,678.9297222174308,0.0,74.87266423620957,1799.6271238095567,84.86621527717885,0.0,0.0,0.0,0,114.32016685116248,4474.045486755755,391.02642668250735,28.175891876012933,4474.045486755755,28.175891876012933,900000.0,0.0,1,0.0,0.0,0.0,77000.0,0.0,1,1,1,0,1,0,0.0,0,1,900000.0,4500.0,0,0,0.0,0,0.0,1.0,1,1,0,0.0,0.0,1,600000.0,400000.0,0,0.35
5.5,diagnostic,4.753767535538201,4.753767535538201,4.753767535538201,4.753767535538201,26629.518737170252,29.040878579020834,27.125920527491537,24997.71303730887,50.0,1,5.804609351436288,24997.747876784113,50.0,1,1,0,5.804609351436288,24997.747876784113,1,5.891907444812089,1499.8669602604393,50.0,0,96.66524029517446,680.581774364989,0.0,76.03917763603931,1799.6445129336867,85.07272179562362,0.0,0.0,0.0,0,115.7925446708933,4474.046458913391,391.98025788307154,28.608389578592245,4474.046458913391,28.608389578592245,900000.0,0.0,1,0.0,0.0,0.0,77000.0,0.0,1,1,1,0,1,0,0.0,0,1,900000.0,4500.0,0,0,0.0,0,0.0,1.0,1,1,0,0.0,0.0,1,600000.0,400000.0,0,0.35
5.55,diagnostic,4.823520943701815,4.823520943701815,4.823520943701815,4.823520943701815,26629.524523452503,29.473358720336847,27.55843740089455,24997.678156259426,50.0,1,5.891907444812089,24997.71303730887,50.0,1,1,0,5.891907444812089,24997.71303730887,1,5.979293214134502,1499.8648726070467,50.0,0,98.07927833822897,682.2337938987821,0.0,77.2057125334894,1799.6602986646183,85.27922423734776,0.0,0.0,0.0,0,117.25774270874125,4474.047330437504,392.9340706351795,29.040878579020834,4474.047330437504,29.040878579020834,900000.0,0.0,1,0.0,0.0,0.0,77000.0,0.0,1,1,1,0,1,0,0.0,0,1,900000.0,4500.0,0,0,0.0,0,0.0,1.0,1,1,0,0.0,0.0,1,600000.0,400000.0,0,0.35
5.6,diagnostic,4.893272874749041,4.893272874749041,4.893272874749041,4.893272874749041,26629.52971076402,29.905829850951253,27.99094614223454,24997.643237022075,50.0,1,5.979293214134502,24997.678156259426,50.0,1,1,0,5.979293214134502,24997.678156259426,1,6.066759484838905,1499.8627822385322,50.0,0,99.4945110552526,683.8857801928082,0.0,78.37226643444669,1799.6746099803447,85.48572252410102,0.0,0.0,0.0,0,118.7158133410535,4474.048125717295,393.8878645577215,29.473358720336847,4474.048125717295,29.473358720336847,900000.0,0.0,1,0.0,0.0,0.0,77000.0,0.0,1,1,1,0,1,0,0.0,0,1,900000.0,4500.0,0,0,0.0,0,0.0,1.0,1,1,0,0.0,0.0,1,600000.0,400000.0,0,0.35
5.65,diagnostic,4.963023305424337,4.963023305424337,4.963023305424337,4.963023305424337,26629.53444426934,30.338291823444052,28.423446539391602,24997.608282714347,50.0,1,6.066759484838905,24997.643237022075,50.0,1,1,0,6.066759484838905,24997.643237022075,1,6.154299652902222,1499.8606893755655,50.0,0,100.9108401772759,685.5377326475167,0.0,79.53883689515042,1799.6875654817538,85.69221658093959,0.0,0.0,0.0,0,120.1668083480895,4474.048863665486,394.84163928927507,29.905829850951253,4474.048863665486,29.905829850951253,900000.0,0.0,1,0.0,0.0,0.0,77000.0,0.0,1,1,1,0,1,0,0.0,0,1,900000.0,4500.0,0,0,0.0,0,0.0,1.0,1,1,0,0.0,0.0,1,600000.0,400000.0,0,0.35
5.7,diagnostic,5.03277221287729,5.03277221287729,5.03277221287729,5.03277221287729,26629.538836536976,30.77074449363089,28.855938397905977,24997.573296206065,50.0,1,6.154299652902222,24997.608282714347,50.0,1,1,0,6.154299652902222,24997.608282714347,1,6.241907639831499,1499.8585942213244,50.0,0,102.32817525939295,687.1896506838805,0.0,80.70542153353637,1799.6992742279067,85.89870633548506,0.0,0.0,0.0,0,121.61077894014525,4474.049558948,395.7953944836895,30.338291823444052,4474.049558948,30.338291823444052,900000.0,0.0,1,0.0,0.0,0.0,77000.0,0.0,1,1,1,0,1,0,0.0,0,1,900000.0,4500.0,0,0,0.0,0,0.0,1.0,1,1,0,0.0,0.0,1,600000.0,400000.0,0,0.35
5.75,diagnostic,5.102519574572086,5.102519574572086,5.102519574572086,5.102519574572086,26629.542974858494,31.203187719839196,29.28842153704196,24997.53828013884,50.0,1,6.241907639831499,24997.573296206065,50.0,1,1,0,6.241907639831499,24997.573296206065,1,6.329577851096471,1499.8564969628608,50.0,0,103.74643306053058,688.8415337387966,0.0,81.87201803730589,1799.7098365040217,86.10519171734957,0.0,0.0,0.0,0,123.04777577943393,4474.05022293753,396.7491298066633,30.77074449363089,4474.05022293753,30.77074449363089,900000.0,0.0,1,0.0,0.0,0.0,77000.0,0.0,1,1,1,0,1,0,0.0,0,1,900000.0,4500.0,0,0,0.0,0,0.0,1.0,1,1,0,0.0,0.0,1,600000.0,400000.0,0,0.35
5.8,diagnostic,5.172265368217332,5.172265368217332,5.172265368217332,5.172265368217332,26629.546926924177,31.635621362346935,29.720895786727862,24997.503236944067,50.0,1,6.329577851096471,24997.53828013884,50.0,1,1,0,6.329577851096471,24997.53828013884,1,6.417305137764778,1499.8543977723639,50.0,0,105.16553697127387,690.4933812615211,0.0,83.03862416939631,1799.719344527603,86.31167265769014,0.0,0.0,0.0,0,124.47784899857577,4474.050864452999,397.7028449330889,31.203187719839196,4474.050864452999,31.203187719839196,900000.0,0.0,1,0.0,0.0,0.0,77000.0,0.0,1,1,1,0,1,0,0.0,0,1,900000.0,4500.0,0,0,0.0,0,0.0,1.0,1,1,0,0.0,0.0,1,600000.0,400000.0,0,0.35
5.85,diagnostic,5.242009571711619,5.242009571711619,5.242009571711619,5.242009571711619,26629.55074522425,32.06804528294746,30.153360985177574,24997.468168859563,50.0,1,6.417305137764778,24997.503236944067,50.0,1,1,0,6.417305137764778,24997.503236944067,1,6.505084761109724,1499.8522968083303,50.0,0,106.58541648625395,692.1451927109049,0.0,84.20523777139819,1799.7278830976913,86.51814908886311,0.0,0.0,0.0,0,125.90104821637557,4474.05149033298,398.65653954499413,31.635621362346935,4474.05149033298,31.635621362346935,900000.0,0.0,1,0.0,0.0,0.0,77000.0,0.0,1,1,1,0,1,0,0.0,0,1,900000.0,4500.0,0,0,0.0,0,0.0,1.0,1,1,0,0.0,0.0,1,600000.0,400000.0,0,0.35
5.9,diagnostic,5.311752163101328,5.311752163101328,5.311752163101328,5.311752163101328,26629.5544704619,32.50045934461204,30.58581697704227,24997.433077944894,50.0,1,6.505084761109724,24997.468168859563,50.0,1,1,0,6.505084761109724,24997.468168859563,1,6.592912359974471,1499.850194216644,50.0,0,108.00600671780553,693.796967553249,0.0,85.37185676535871,1799.7355301918378,86.72462094415613,0.0,0.0,0.0,0,127.31742255143133,4474.052105880361,399.61021332994636,32.06804528294746,4474.052105880361,32.06804528294746,900000.0,0.0,1,0.0,0.0,0.0,77000.0,0.0,1,1,1,0,1,0,0.0,0,1,900000.0,4500.0,0,0,0.0,0,0.0,1.0,1,1,0,0.0,0.0,1,600000.0,400000.0,0,0.35
5.95,diagnostic,5.38149312054791,5.38149312054791,5.38149312054791,5.38149312054791,26629.558134199906,32.93286341122823,31.01826361197442,24997.397966095556,50.0,1,6.592912359974471,24997.433077944894,50.0,1,1,0,6.592912359974471,24997.433077944894,1,6.680783920689002,1499.8480901315738,50.0,0,109.42724794780867,695.448705260643,0.0,86.53847915432537,1799.7423575150042,86.93108815758038,0.0,0.0,0.0,0,128.7270206340049,4474.052715207157,400.5638659798144,32.50045934461204,4474.052715207157,32.50045934461204,900000.0,0.0,1,0.0,0.0,0.0,77000.0,0.0,1,1,1,0,1,0,0.0,0,1,900000.0,4500.0,0,0,0.0,0,0.0,1.0,1,1,0,0.0,0.0,1,600000.0,400000.0,0,0.35
6.0,diagnostic,5.451232422302522,5.451232422302522,5.451232422302522,5.451232422302522,26629.561760913,33.36525734739704,31.45070074351233,24997.36283505601,50.0,1,6.680783920689002,24997.397966095556,50.0,1,1,0,6.680783920689002,24997.397966095556,1,6.768695749348989,1499.8459846766937,50.0,0,110.84908521483193,697.1004053096757,0.0,87.70510302191289,1799.748431004276,87.13755066370946,0.0,0.0,0.0,0,130.1298906164985,4474.053321501917,401.517497189809,32.93286341122823,4474.053321501917,32.93286341122823,900000.0,0.0,1,0.0,0.0,0.0,77000.0,0.0,1,1,1,0,1,0,0.0,0,1,900000.0,4500.0,0,0,0.0,0,0.0,1.0,1,1,0,0.0,0.0,1,600000.0,400000.0,0,0.35
6.05,diagnostic,5.520970046686365,5.520970046686365,5.520970046686365,5.520970046686365,26629.56536957941,33.797641018275634,31.88312822821373,24997.327686431723,50.0,1,6.768695749348989,24997.36283505601,50.0,1,1,0,6.768695749348989,24997.36283505601,1,6.856644446278263,1499.8438779657333,50.0,0,112.27146793388688,698.7520671804358,0.0,88.87172653112266,1799.7538112929374,87.34400839755448,0.0,0.0,0.0,0,131.52608018281225,4474.053927237066,402.4711066577385,33.36525734739704,4474.053927237066,33.36525734739704,900000.0,0.0,1,0.0,0.0,0.0,77000.0,0.0,1,1,1,0,1,0,0.0,0,1,900000.0,4500.0,0,0,0.0,0,0.0,1.0,1,1,0,0.0,0.0,1,600000.0,400000.0,0,0.35
6.1,diagnostic,5.590705972075433,5.590705972075433,5.590705972075433,5.590705972075433,26629.56897491502,34.23001428945547,32.31554592498303,24997.29252170026,50.0,1,6.856644446278263,24997.327686431723,50.0,1,1,0,6.856644446278263,24997.327686431723,1,6.944626882508467,1499.8417701033607,50.0,0,113.69434954629803,700.4036903557372,0.0,90.03834792259656,1799.758554137196,87.55046129446715,0.0,0.0,0.0,0,132.91563655679877,4474.054534329712,403.4246940834321,33.797641018275634,4474.054534329712,33.797641018275634,900000.0,0.0,1,0.0,0.0,0.0,77000.0,0.0,1,1,1,0,1,0,0.0,0,1,900000.0,4500.0,0,0,0.0,0,0.0,1.0,1,1,0,0.0,0.0,1,600000.0,400000.0,0,0.35
6.15,diagnostic,5.660440176888713,5.660440176888713,5.660440176888713,5.660440176888713,26629.572588330444,34.66237702686769,32.747953694548876,24997.25734222149,50.0,1,6.944626882508467,24997.29252170026,50.0,1,1,0,6.944626882508467,24997.29252170026,1,7.032640178121528,1499.8396611859034,50.0,0,115.11768719735016,702.0552743205185,0.0,91.20496551245193,1799.7627108085567,87.75690929006481,0.0,0.0,0.0,0,134.29860650998907,4474.055144266321,404.37825916829223,34.23001428945547,4474.055144266321,34.23001428945547,900000.0,0.0,1,0.0,0.0,0.0,77000.0,0.0,1,1,1,0,1,0,0.0,0,1,900000.0,4500.0,0,0,0.0,0,0.0,1.0,1,1,0,0.0,0.0,1,600000.0,400000.0,0,0.35
6.2,diagnostic,5.730172639579015,5.730172639579015,5.730172639579015,5.730172639579015,26629.57621867314,35.09472909671002,33.1803513990587,24997.222149246998,50.0,1,7.032640178121528,24997.25734222149,50.0,1,1,0,7.032640178121528,24997.25734222149,1,7.12068168231032,1499.8375513020155,50.0,0,116.54144143956513,703.7068185613764,0.0,92.37157768981439,1799.7663284546177,87.96335232017205,0.0,0.0,0.0,0,135.67503636872644,4474.055758199421,405.33180161494795,34.66237702686769,4474.055758199421,34.66237702686769,900000.0,0.0,1,0.0,0.0,0.0,77000.0,0.0,1,1,1,0,1,0,0.0,0,1,900000.0,4500.0,0,0,0.0,0,0.0,1.0,1,1,0,0.0,0.0,1,600000.0,400000.0,0,0.35
6.25,diagnostic,5.799903338625886,5.799903338625886,5.799903338625886,5.799903338625886,26629.57987280295,35.527070365389896,33.612738901763834,24997.18694392875,50.0,1,7.12068168231032,24997.222149246998,50.0,1,1,0,7.12068168231032,24997.222149246998,1,7.208748955024648,1499.8354405332893,50.0,0,117.96557595960732,705.358322566206,0.0,93.53818291414119,1799.769450430827,88.16979032077575,0.0,0.0,0.0,0,137.04497202081959,4474.056377022577,406.2853211269858,35.09472909671002,4474.056377022577,35.09472909671002,900000.0,0.0,1,0.0,0.0,0.0,77000.0,0.0,1,1,1,0,1,0,0.0,0,1,900000.0,4500.0,0,0,0.0,0,0.0,1.0,1,1,0,0.0,0.0,1,600000.0,400000.0,0,0.35
6.3,diagnostic,5.8696322525301134,5.8696322525301134,5.8696322525301134,5.8696322525301134,26629.58355603838,35.9594006994805,34.04511606677522,24997.151727327077,50.0,1,7.208748955024648,24997.18694392875,50.0,1,1,0,7.208748955024648,24997.18694392875,1,7.296839750078804,1499.8333289548198,50.0,0,119.390057326959,707.00978582392,0.0,94.70477971240983,1799.7721166055449,88.37622322799,0.0,0.0,0.0,0,138.40845892179885,4474.057001428539,407.2388174087419,35.527070365389896,4474.057001428539,35.527070365389896,900000.0,0.0,1,0.0,0.0,0.0,77000.0,0.0,1,1,1,0,1,0,0.0,0,1,900000.0,4500.0,0,0,0.0,0,0.0,1.0,1,1,0,0.0,0.0,1,600000.0,400000.0,0,0.35
6.35,diagnostic,5.93935935980947,5.93935935980947,5.93935935980947,5.93935935980947,26629.58727250266,36.391719965686704,34.47748275887383,24997.11650041799,50.0,1,7.296839750078804,24997.151727327077,50.0,1,1,0,7.296839750078804,24997.151727327077,1,7.384951999605711,1499.831216635725,50.0,0,120.81485476266157,708.6612078242326,0.0,95.87136667622913,1799.7743636405548,88.58265097802908,0.0,0.0,0.0,0,139.76554210084748,4474.057631954328,408.19229016513987,35.9594006994805,4474.057631954328,35.9594006994805,900000.0,0.0,1,0.0,0.0,0.0,77000.0,0.0,1,1,1,0,1,0,0.0,0,1,900000.0,4500.0,0,0,0.0,0,0.0,1.0,1,1,0,0.0,0.0,1,600000.0,400000.0,0,0.35
6.4,diagnostic,6.009084638995419,6.009084638995419,6.009084638995419,6.009084638995419,26629.59102539216,36.82402803081872,34.90983884336351,24997.08126409997,50.0,1,7.384951999605711,24997.11650041799,50.0,1,1,0,7.384951999605711,24997.11650041799,1,7.473083799752262,1499.8291036396245,50.0,0,122.23993992653597,710.3125880574908,0.0,97.03794245891959,1799.7762252490056,88.78907350718634,0.0,0.0,0.0,0,141.1162661664611,4474.058269016205,409.14573910156605,36.391719965686704,4474.058269016205,36.391719965686704,900000.0,0.0,1,0.0,0.0,0.0,77000.0,0.0,1,1,1,0,1,0,0.0,0,1,900000.0,4500.0,0,0,0.0,0,0.0,1.0,1,1,0,0.0,0.0,1,600000.0,400000.0,0,0.35
6.45,diagnostic,6.078808068630563,6.078808068630563,6.078808068630563,6.078808068630563,26629.59481718445,37.2563247617716,35.34218418595686,24997.04601920016,50.0,1,7.473083799752262,24997.08126409997,50.0,1,1,0,7.473083799752262,24997.08126409997,1,7.561233397517689,1499.8269900250793,50.0,0,123.66528672141904,711.9639260145448,0.0,98.20450577259871,1799.7777324325966,88.9954907518181,0.0,0.0,0.0,0,142.46067531187978,4474.058912936781,410.09916392377204,36.82402803081872,4474.058912936781,36.82402803081872,900000.0,0.0,1,0.0,0.0,0.0,77000.0,0.0,1,1,1,0,1,0,0.0,0,1,900000.0,4500.0,0,0,0.0,0,0.0,1.0,1,1,0,0.0,0.0,1,600000.0,400000.0,0,0.35
6.5,diagnostic,6.14852962726668,6.14852962726668,6.14852962726668,6.14852962726668,26629.59864979972,37.68861002550949,35.77451865268672,24997.0107664801,50.0,1,7.561233397517689,24997.04601920016,50.0,1,1,0,7.561233397517689,24997.04601920016,1,7.649399178644476,1499.8248758459981,50.0,0,125.09087111307092,713.6152211866467,0.0,99.37105538529907,1799.7789136996814,89.20190264833084,0.0,0.0,0.0,0,143.7988133203266,4474.059563966041,411.0525643378002,37.2563247617716,4474.059563966041,37.2563247617716,900000.0,0.0,1,0.0,0.0,0.0,77000.0,0.0,1,1,1,0,1,0,0.0,0,1,900000.0,4500.0,0,0,0.0,0,0.0,1.0,1,1,0,0.0,0.0,1,600000.0,400000.0,0,0.35
6.55,diagnostic,6.218249293463198,6.218249293463198,6.218249293463198,6.218249293463198,26629.602524725877,38.12088368905342,36.206842109837496,24996.975506640993,50.0,1,7.649399178644476,24997.0107664801,50.0,1,1,0,7.649399178644476,24997.0107664801,1,7.737579656478614,1499.8227611520094,50.0,0,126.51667096450484,715.2664730653736,0.0,100.53759011814013,1799.7797952658234,89.4083091331717,0.0,0.0,0.0,0,145.13072357008156,4474.060222297654,412.00594004992485,37.68861002550949,4474.060222297654,37.68861002550949,900000.0,0.0,1,0.0,0.0,0.0,77000.0,0.0,1,1,1,0,1,0,0.0,0,1,900000.0,4500.0,0,0,0.0,0,0.0,1.0,1,1,0,0.0,0.0,1,600000.0,400000.0,0,0.35
6.6,diagnostic,6.287967045786018,6.287967045786018,6.287967045786018,6.287967045786018,26629.606443115637,38.55314561947183,36.63915442389188,24996.940240328542,50.0,1,7.737579656478614,24996.975506640993,50.0,1,1,0,7.737579656478614,24996.975506640993,1,7.8257734617219485,1499.8206459888058,50.0,0,127.9426658835941,716.9176811425657,0.0,101.70410884257058,1799.7804012382155,89.61471014282071,0.0,0.0,0.0,0,146.45644903941212,4474.060888081614,412.9592907666077,38.12088368905342,4474.060888081614,38.12088368905342,900000.0,0.0,1,0.0,0.0,0.0,77000.0,0.0,1,1,1,0,1,0,0.0,0,1,900000.0,4500.0,0,0,0.0,0,0.0,1.0,1,1,0,0.0,0.0,1,600000.0,400000.0,0,0.35
6.65,diagnostic,6.357682862806611,6.357682862806611,6.357682862806611,6.357682862806611,26629.610405861768,38.985395683873314,37.071455461489656,24996.90496813741,50.0,1,7.8257734617219485,24996.940240328542,50.0,1,1,0,7.8257734617219485,24996.940240328542,1,7.913979333005821,1499.8185303984594,50.0,0,129.36883708289798,718.5688449102805,0.0,102.87061047769274,1799.7807537852646,89.82110561378506,0.0,0.0,0.0,0,147.77603231137772,4474.061561434044,413.9126161944626,38.55314561947183,4474.061561434044,38.55314561947183,900000.0,0.0,1,0.0,0.0,0.0,77000.0,0.0,1,1,1,0,1,0,0.0,0,1,900000.0,4500.0,0,0,0.0,0,0.0,1.0,1,1,0,0.0,0.0,1,600000.0,400000.0,0,0.35
6.7,diagnostic,6.427396723101325,6.427396723101325,6.427396723101325,6.427396723101325,26629.61441365543,39.417633749400984,37.50374508939564,24996.869690615313,50.0,1,7.913979333005821,24996.90496813741,50.0,1,1,0,7.913979333005821,24996.90496813741,1,8.002196108220494,1499.8164144197124,50.0,0,130.79516725072915,720.2199638607574,0.0,104.03709398767698,1799.780873292532,90.02749548259467,0.0,0.0,0.0,0,149.0895155785232,4474.062242444797,414.8659160402289,38.985395683873314,4474.062242444797,38.985395683873314,900000.0,0.0,1,0.0,0.0,0.0,77000.0,0.0,1,1,1,0,1,0,0.0,0,1,900000.0,4500.0,0,0,0.0,0,0.0,1.0,1,1,0,0.0,0.0,1,600000.0,400000.0,0,0.35
6.75,diagnostic,6.497108605250854,6.497108605250854,6.497108605250854,6.497108605250854,26629.618467031436,39.84985968322822,37.936023174474975,24996.834408266797,50.0,1,8.002196108220494,24996.869690615313,50.0,1,1,0,8.002196108220494,24996.869690615313,1,8.090422716539948,1499.8142980882444,50.0,0,132.2225380066687,721.8710374863883,0.0,105.20355283867265,1799.780873292532,90.23387968579854,0.0,0.0,0.0,0,150.3969406474717,4474.06293118336,415.81919001075084,39.417633749400984,4474.06293118336,39.417633749400984,900000.0,0.0,1,0.0,0.0,0.0,77000.0,0.0,1,1,1,0,1,0,0.0,0,1,900000.0,4500.0,0,0,0.0,0,0.0,1.0,1,1,0,0.0,0.0,1,600000.0,400000.0,0,0.35
6.8,diagnostic,6.566818487839817,6.566818487839817,6.566818487839817,6.566818487839817,26629.62256640336,40.282073352555294,38.36828958367389,24996.799121556713,50.0,1,8.090422716539948,24996.834408266797,50.0,1,1,0,8.090422716539948,24996.834408266797,1,8.178713691134147,1499.8121814369188,50.0,0,133.6510055014711,723.5220652796974,0.0,106.36997984907511,1799.780873292532,90.44025815996217,0.0,0.0,0.0,0,151.698348943427,4474.0636277034155,416.77243781296073,39.84985968322822,4474.0636277034155,39.84985968322822,900000.0,0.0,1,0.0,0.0,0.0,77000.0,0.0,1,1,1,0,1,0,0.0,0,1,900000.0,4500.0,0,0,0.0,0,0.0,1.0,1,1,0,0.0,0.0,1,600000.0,400000.0,0,0.35
6.85,diagnostic,6.636526349456461,6.636526349456461,6.636526349456461,6.636526349456461,26629.62671209073,40.714274624606865,38.800544184004906,24996.763830913384,50.0,1,8.178713691134147,24996.799121556713,50.0,1,1,0,8.178713691134147,24996.799121556713,1,8.267072505245634,1499.8100644960077,50.0,0,135.0794376378411,725.173046733324,0.0,107.53637466776611,1799.780873292532,90.6466308416655,0.0,0.0,0.0,0,152.99378151459177,4474.064332046394,417.7256591538673,40.282073352555294,4474.064332046394,40.282073352555294,900000.0,0.0,1,0.0,0.0,0.0,77000.0,0.0,1,1,1,0,1,0,0.0,0,1,900000.0,4500.0,0,0,0.0,0,0.0,1.0,1,1,0,0.0,0.0,1,600000.0,400000.0,0,0.35
6.9,diagnostic,6.70623216869242,6.70623216869242,6.70623216869242,6.70623216869242,26629.630904340138,41.14646336663006,39.23278684253529,24996.728514523547,50.0,1,8.267072505245634,24996.763830913384,50.0,1,1,0,8.267072505245634,24996.763830913384,1,8.355429132237594,1499.8079472934028,50.0,0,136.5078339836368,726.8239813400111,0.0,108.70273694345757,1799.780873292532,90.85299766750138,0.0,0.0,0.0,0,154.2832790365081,4474.065044244221,418.6788537405457,40.714274624606865,4474.065044244221,40.714274624606865,900000.0,0.0,1,0.0,0.0,0.0,77000.0,0.0,1,1,1,0,1,0,0.0,0,1,900000.0,4500.0,0,0,0.0,0,0.0,1.0,1,1,0,0.0,0.0,1,600000.0,400000.0,0,0.35
6.95,diagnostic,6.775935924142538,6.775935924142538,6.775935924142538,6.775935924142538,26629.635143341602,41.578639445893,39.66501742637824,24996.693170997904,50.0,1,8.355429132237594,24996.728514523547,50.0,1,1,0,8.355429132237594,24996.728514523547,1,8.443783545379597,1499.805829854803,50.0,0,137.93619410666454,728.4748685925937,0.0,109.86906632473645,1799.780873292532,91.05935857407421,0.0,0.0,0.0,0,155.56688181632572,4474.06576432145,419.63202128013097,41.14646336663006,4474.06576432145,41.14646336663006,900000.0,0.0,1,0.0,0.0,0.0,77000.0,0.0,1,1,1,0,1,0,0.0,0,1,900000.0,4500.0,0,0,0.0,0,0.0,1.0,1,1,0,0.0,0.0,1,600000.0,400000.0,0,0.35
7.0,diagnostic,6.845637594404745,6.845637594404745,6.845637594404745,6.845637594404745,26629.63942924127,42.01080272968374,40.097235802686036,24996.657828347106,50.0,1,8.443783545379597,24996.693170997904,50.0,1,1,0,8.443783545379597,24996.693170997904,1,8.532135717938013,1499.8037108714127,50.0,0,139.3645175747159,730.1257079839935,0.0,111.03536246010013,1799.780873292532,91.26571349799919,0.0,0.0,0.0,0,156.84462979700126,4474.066492296913,420.58516147981123,41.578639445893,4474.066492296913,41.578639445893,900000.0,0.0,1,0.0,0.0,0.0,77000.0,0.0,1,1,1,0,1,0,0.0,0,1,900000.0,4500.0,0,0,0.0,0,0.0,1.0,1,1,0,0.0,0.0,1,600000.0,400000.0,0,0.35
7.05,diagnostic,6.915337158079953,6.915337158079953,6.915337158079953,6.915337158079953,26629.643762151223,42.44295308530942,40.52944183864475,24996.622486581848,50.0,1,8.532135717938013,24996.657828347106,50.0,1,1,0,8.532135717938013,24996.657828347106,1,8.620485623178304,1499.801590259874,50.0,0,140.792804080681,731.776499007212,0.0,112.2016249979842,1799.780873292532,91.4720623759015,0.0,0.0,0.0,0,158.11656256143203,4474.067228185007,421.53827404682477,42.01080272968374,4474.067228185007,42.01080272968374,900000.0,0.0,1,0.0,0.0,0.0,77000.0,0.0,1,1,1,0,1,0,0.0,0,1,900000.0,4500.0,0,0,0.0,0,0.0,1.0,1,1,0,0.0,0.0,1,600000.0,400000.0,0,0.35
7.1,diagnostic,6.985034593771992,6.985034593771992,6.985034593771992,6.985034593771992,26629.64814215716,42.875090380095706,40.9616354014702,24996.587145712823,50.0,1,8.620485623178304,24996.622486581848,50.0,1,1,0,8.620485623178304,24996.622486581848,1,8.70883324210398,1499.7994697008264,50.0,0,142.2210532061809,733.427241155327,0.0,113.36785358678453,1799.780873292532,91.67840514441588,0.0,0.0,0.0,0,159.3827193365282,4474.067971996683,422.49135868845576,42.44295308530942,4474.067971996683,42.44295308530942,900000.0,0.0,1,0.0,0.0,0.0,77000.0,0.0,1,1,1,0,1,0,0.0,0,1,900000.0,4500.0,0,0,0.0,0,0.0,1.0,1,1,0,0.0,0.0,1,600000.0,400000.0,0,0.35
7.15,diagnostic,7.054729880087565,7.054729880087565,7.054729880087565,7.054729880087565,26629.652569324255,43.30721448138635,41.39381635840486,24996.55180575073,50.0,1,8.70883324210398,24996.587145712823,50.0,1,1,0,8.70883324210398,24996.587145712823,1,8.797178548835932,1499.7973491949108,50.0,0,143.6492643641708,735.0779339214889,0.0,114.53404787487501,1799.780873292532,91.88474174018612,0.0,0.0,0.0,0,160.64313899722342,4474.068723740222,423.44441511203263,42.875090380095706,4474.068723740222,42.875090380095706,900000.0,0.0,1,0.0,0.0,0.0,77000.0,0.0,1,1,1,0,1,0,0.0,0,1,900000.0,4500.0,0,0,0.0,0,0.0,1.0,1,1,0,0.0,0.0,1,600000.0,400000.0,0,0.35
7.2,diagnostic,7.12442299563621,7.12442299563621,7.12442299563621,7.12442299563621,26629.657043701798,43.739325256542905,41.825984576715484,24996.516466703157,50.0,1,8.797178548835932,24996.55180575073,50.0,1,1,0,8.797178548835932,24996.55180575073,1,8.885521507062112,1499.7952287427693,50.0,0,145.07743712369881,736.7285767989193,0.0,115.70020751062094,1799.780873292532,92.09107209986492,0.0,0.0,0.0,0,161.89786007042932,4474.06948342183,424.39744302492556,43.30721448138635,4474.06948342183,43.30721448138635,900000.0,0.0,1,0.0,0.0,0.0,77000.0,0.0,1,1,1,0,1,0,0.0,0,1,900000.0,4500.0,0,0,0.0,0,0.0,1.0,1,1,0,0.0,0.0,1,600000.0,400000.0,0,0.35
7.25,diagnostic,7.1941139190302925,7.1941139190302925,7.1941139190302925,7.1941139190302925,26629.661565326733,44.1714225729445,42.258139923691274,24996.481128580464,50.0,1,8.885521507062112,24996.516466703157,50.0,1,1,0,8.885521507062112,24996.516466703157,1,8.9738620901257,1499.7931083450437,50.0,0,146.5055710538117,738.3791692809084,0.0,116.86633214239052,1799.780873292532,92.29739616011355,0.0,0.0,0.0,0,163.14692073893164,4474.0702510461,425.350442134546,43.739325256542905,4474.0702510461,43.739325256542905,900000.0,0.0,1,0.0,0.0,0.0,77000.0,0.0,1,1,1,0,1,0,0.0,0,1,900000.0,4500.0,0,0,0.0,0,0.0,1.0,1,1,0,0.0,0.0,1,600000.0,400000.0,0,0.35
7.3,diagnostic,7.263802628884989,7.263802628884989,7.263802628884989,7.263802628884989,26629.666134226383,44.60350629798781,42.69028226664253,24996.445791397175,50.0,1,8.9738620901257,24996.481128580464,50.0,1,1,0,8.9738620901257,24996.481128580464,1,9.062200271369797,1499.7909880021894,50.0,0,147.93366572356487,740.0297108608149,0.0,118.03242141856305,1799.780873292532,92.50371385760187,0.0,0.0,0.0,0,164.39035884523392,4474.071026616377,426.30341214834476,44.1714225729445,4474.071026616377,44.1714225729445,900000.0,0.0,1,0.0,0.0,0.0,77000.0,0.0,1,1,1,0,1,0,0.0,0,1,900000.0,4500.0,0,0,0.0,0,0.0,1.0,1,1,0,0.0,0.0,1,600000.0,400000.0,0,0.35
7.35,diagnostic,7.333489103818289,7.333489103818289,7.333489103818289,7.333489103818289,26629.670750420675,45.035576299086934,43.12241147289966,24996.41045516395,50.0,1,9.062200271369797,24996.445791397175,50.0,1,1,0,9.062200271369797,24996.445791397175,1,9.150536024138033,1499.7888677148278,50.0,0,149.36172070205023,741.6802010320642,0.0,119.19847498753637,1799.780873292532,92.71002512900803,0.0,0.0,0.0,0,165.62821189534617,4474.071810135031,427.25635277381247,44.60350629798781,4474.071810135031,44.60350629798781,900000.0,0.0,1,0.0,0.0,0.0,77000.0,0.0,1,1,1,0,1,0,0.0,0,1,900000.0,4500.0,0,0,0.0,0,0.0,1.0,1,1,0,0.0,0.0,1,600000.0,400000.0,0,0.35
7.4,diagnostic,7.403173322451004,7.403173322451004,7.403173322451004,7.403173322451004,26629.675413923705,45.467632443673395,43.554527409812394,24996.37511989145,50.0,1,9.150536024138033,24996.41045516395,50.0,1,1,0,9.150536024138033,24996.41045516395,1,9.238869321776303,1499.7867474838304,50.0,0,150.78973555836797,743.3306392881492,0.0,120.36449249773221,1799.780873292532,92.91632991101865,0.0,0.0,0.0,0,166.86051706252238,4474.072601603679,428.2092637184781,45.035576299086934,4474.072601603679,45.035576299086934,900000.0,0.0,1,0.0,0.0,0.0,77000.0,0.0,1,1,1,0,1,0,0.0,0,1,900000.0,4500.0,0,0,0.0,0,0.0,1.0,1,1,0,0.0,0.0,1,600000.0,400000.0,0,0.35
7.45,diagnostic,7.472855263406776,7.472855263406776,7.472855263406776,7.472855263406776,26629.680124745097,45.89967459919623,43.98662994474923,24996.339785590346,50.0,1,9.238869321776303,24996.37511989145,50.0,1,1,0,9.238869321776303,24996.37511989145,1,9.327200137631008,1499.7846273098369,50.0,0,152.2177098616228,744.9810251226287,0.0,121.53047359760062,1799.780873292532,93.12262814032859,0.0,0.0,0.0,0,168.08731119094713,4474.0734010233455,429.16214468990955,45.467632443673395,4474.0734010233455,45.467632443673395,900000.0,0.0,1,0.0,0.0,0.0,77000.0,0.0,1,1,1,0,1,0,0.0,0,1,900000.0,4500.0,0,0,0.0,0,0.0,1.0,1,1,0,0.0,0.0,1,600000.0,400000.0,0,0.35
7.5,diagnostic,7.5425349053120865,7.5425349053120865,7.5425349053120865,7.5425349053120865,26629.684882890953,46.33170263312201,44.41871894509709,24996.304452271288,50.0,1,9.327200137631008,24996.339785590346,50.0,1,1,0,9.327200137631008,24996.339785590346,1,9.415528445048832,1499.782507193487,50.0,0,153.64564318097675,746.6313580291284,0.0,122.69641793562361,1799.780873292532,93.32891975364105,0.0,0.0,0.0,0,169.30863079937214,4474.074208394598,430.11499539571304,45.89967459919623,4474.074208394598,45.89967459919623,900000.0,0.0,1,0.0,0.0,0.0,77000.0,0.0,1,1,1,0,1,0,0.0,0,1,900000.0,4500.0,0,0,0.0,0,0.0,1.0,1,1,0,0.0,0.0,1,600000.0,400000.0,0,0.35
7.55,diagnostic,7.61221222679628,7.61221222679628,7.61221222679628,7.61221222679628,26629.689688364648,46.76371641293494,44.85079427826097,24996.269119944947,50.0,1,9.415528445048832,24996.304452271288,50.0,1,1,0,9.415528445048832,24996.304452271288,1,9.503854217380006,1499.7803871354206,50.0,0,155.0735350856295,748.2816375013414,0.0,123.86232516031812,1799.780873292532,93.53520468766767,0.0,0.0,0.0,0,170.52451208470416,4474.075023717645,431.06781554353313,46.33170263312201,4474.075023717645,46.33170263312201,900000.0,0.0,1,0.0,0.0,0.0,77000.0,0.0,1,1,1,0,1,0,0.0,0,1,900000.0,4500.0,0,0,0.0,0,0.0,1.0,1,1,0,0.0,0.0,1,600000.0,400000.0,0,0.35
7.6,diagnostic,7.681887206491579,7.681887206491579,7.681887206491579,7.681887206491579,26629.694541167424,47.19571580613694,45.282855811663865,24996.23378862198,50.0,1,9.503854217380006,24996.269119944947,50.0,1,1,0,9.503854217380006,24996.269119944947,1,9.592177427977083,1499.7782671362772,50.0,0,156.50138514482154,749.931863033027,0.0,125.0281949202383,1799.780873292532,93.74148287912837,0.0,0.0,0.0,0,171.73499092554474,4474.0758469924185,432.02060484105345,46.76371641293494,4474.0758469924185,46.76371641293494,900000.0,0.0,1,0.0,0.0,0.0,77000.0,0.0,1,1,1,0,1,0,0.0,0,1,900000.0,4500.0,0,0,0.0,0,0.0,1.0,1,1,0,0.0,0.0,1,600000.0,400000.0,0,0.35
7.65,diagnostic,7.751559823033107,7.751559823033107,7.751559823033107,7.751559823033107,26629.699441298875,47.62770068024779,45.71490341274661,24996.198458313047,50.0,1,9.592177427977083,24996.23378862198,50.0,1,1,0,9.592177427977083,24996.23378862198,1,9.680498050195148,1499.7761471966967,50.0,0,157.92919292783674,751.5820341180118,0.0,126.19402686397767,1799.780873292532,93.94775426475148,0.0,0.0,0.0,0,172.94010288568322,4474.076678218626,432.97336299599567,47.19571580613694,4474.076678218626,47.19571580613694,900000.0,0.0,1,0.0,0.0,0.0,77000.0,0.0,1,1,1,0,1,0,0.0,0,1,900000.0,4500.0,0,0,0.0,0,0.0,1.0,1,1,0,0.0,0.0,1,600000.0,400000.0,0,0.35
7.7,diagnostic,7.821230055058905,7.821230055058905,7.821230055058905,7.821230055058905,26629.704388757258,48.059670902805266,46.14693694896787,24996.16312902881,50.0,1,9.680498050195148,24996.198458313047,50.0,1,1,0,9.680498050195148,24996.198458313047,1,9.768816057391962,1499.7740273173188,50.0,0,159.3569580040039,753.232150250191,0.0,127.35982064017041,1799.780873292532,94.15401878127388,0.0,0.0,0.0,0,174.13988321754343,4474.077517395807,433.92608971612066,47.62770068024779,4474.077517395807,47.62770068024779,900000.0,0.0,1,0.0,0.0,0.0,77000.0,0.0,1,1,1,0,1,0,0.0,0,1,900000.0,4500.0,0,0,0.0,0,0.0,1.0,1,1,0,0.0,0.0,1,600000.0,400000.0,0,0.35
7.75,diagnostic,7.890897881209961,7.890897881209961,7.890897881209961,7.890897881209961,26629.709383539845,48.49162634136521,46.57895628780415,24996.127800779923,50.0,1,9.768816057391962,24996.16312902881,50.0,1,1,0,9.768816057391962,24996.16312902881,1,9.857131422928076,1499.7719074987829,50.0,0,160.7846799426989,754.882210923527,0.0,128.52557589749318,1799.780873292532,94.36027636544088,0.0,0.0,0.0,0,175.33436686558463,4474.078364523365,434.87878470922846,48.059670902805266,4474.078364523365,48.059670902805266,900000.0,0.0,1,0.0,0.0,0.0,77000.0,0.0,1,1,1,0,1,0,0.0,0,1,900000.0,4500.0,0,0,0.0,0,0.0,1.0,1,1,0,0.0,0.0,1,600000.0,400000.0,0,0.35
7.8,diagnostic,7.96056328013023,7.96056328013023,7.96056328013023,7.96056328013023,26629.71442564307,48.92356686350176,47.01096129674981,24996.092473577042,50.0,1,9.857131422928076,24996.127800779923,50.0,1,1,0,9.857131422928076,24996.127800779923,1,9.945444120166941,1499.7697877417286,50.0,0,162.21235831334576,756.5322156320518,0.0,129.69129228466585,1799.780873292532,94.56652695400648,0.0,0.0,0.0,0,176.52358846965788,4474.079219600594,435.8314476831582,48.49162634136521,4474.079219600594,48.49162634136521,900000.0,0.0,1,0.0,0.0,0.0,77000.0,0.0,1,1,1,0,1,0,0.0,0,1,900000.0,4500.0,0,0,0.0,0,0.0,1.0,1,1,0,0.0,0.0,1,600000.0,400000.0,0,0.35
7.85,diagnostic,8.030226230466653,8.030226230466653,8.030226230466653,8.030226230466653,26629.719515062738,49.35549233680742,47.44295184331717,24996.057147430827,50.0,1,9.945444120166941,24996.092473577042,50.0,1,1,0,9.945444120166941,24996.092473577042,1,10.033754122474996,1499.7676680467953,50.0,0,163.6399926854181,758.1821638698657,0.0,130.85696945045282,1799.780873292532,94.77277048373321,0.0,0.0,0.0,0,177.7075823683191,4474.080082626706,436.78407834578917,48.92356686350176,4474.080082626706,48.92356686350176,900000.0,0.0,1,0.0,0.0,0.0,77000.0,0.0,1,1,1,0,1,0,0.0,0,1,900000.0,4500.0,0,0,0.0,0,0.0,1.0,1,1,0,0.0,0.0,1,600000.0,400000.0,0,0.35
7.9,diagnostic,8.099886710869193,8.099886710869193,8.099886710869193,8.099886710869193,26629.724651794153,49.78740262889325,47.87492779503657,24996.021822351933,50.0,1,10.033754122474996,24996.057147430827,50.0,1,1,0,10.033754122474996,24996.057147430827,1,10.122061403221737,1499.7655484146226,50.0,0,165.0675826284403,759.8320551311392,0.0,132.0226070436638,1799.780873292532,94.9790068913924,0.0,0.0,0.0,0,178.88638260209757,4474.080953600841,437.73667640503993,49.35549233680742,4474.080953600841,49.35549233680742,900000.0,0.0,1,0.0,0.0,0.0,77000.0,0.0,1,1,1,0,1,0,0.0,0,1,900000.0,4500.0,0,0,0.0,0,0.0,1.0,1,1,0,0.0,0.0,1,600000.0,400000.0,0,0.35
7.95,diagnostic,8.169544699990851,8.169544699990851,8.169544699990851,8.169544699990851,26629.729835832204,50.219297607388995,48.30688901945649,24995.98649835101,50.0,1,10.122061403221737,24996.021822351933,50.0,1,1,0,10.122061403221737,24996.021822351933,1,10.210365935779812,1499.7634288458496,50.0,0,166.4951277119881,761.4818889101127,0.0,133.1882047131545,1799.780873292532,95.18523611376409,0.0,0.0,0.0,0,180.06002291672291,4474.081832522085,438.6892415688698,49.78740262889325,4474.081832522085,49.78740262889325,900000.0,0.0,1,0.0,0.0,0.0,77000.0,0.0,1,1,1,0,1,0,0.0,0,1,900000.0,4500.0,0,0,0.0,0,0.0,1.0,1,1,0,0.0,0.0,1,600000.0,400000.0,0,0.35
8.0,diagnostic,8.239200176487694,8.239200176487694,8.239200176487694,8.239200176487694,26629.735067171452,50.65117713994328,48.73883538414367,24995.951175438713,50.0,1,10.210365935779812,24995.98649835101,50.0,1,1,0,10.210365935779812,24995.98649835101,1,10.298667693525037,1499.761309341116,50.0,0,167.92262750568966,763.131664701098,0.0,134.3537621078274,1799.780873292532,95.39145808763725,0.0,0.0,0.0,0,181.22853676631007,4474.08271938948,439.64177354527834,50.219297607388995,4474.08271938948,50.219297607388995,900000.0,0.0,1,0.0,0.0,0.0,77000.0,0.0,1,1,1,0,1,0,0.0,0,1,900000.0,4500.0,0,0,0.0,0,0.0,1.0,1,1,0,0.0,0.0,1,600000.0,400000.0,0,0.35
8.05,diagnostic,8.308853119018876,8.308853119018876,8.308853119018876,8.308853119018876,26629.740345806185,51.0830410942237,49.17076675668322,24995.915853625687,50.0,1,10.298667693525037,24995.951175438713,50.0,1,1,0,10.298667693525037,24995.951175438713,1,10.386966649836474,1499.7591899010604,50.0,0,169.35008157922658,764.7813819984781,0.0,135.51927887663254,1799.780873292532,95.59767274980976,0.0,0.0,0.0,0,182.39195731650236,4474.083614202031,440.59427204230616,50.65117713994328,4474.083614202031,50.65117713994328,900000.0,0.0,1,0.0,0.0,0.0,77000.0,0.0,1,1,1,0,1,0,0.0,0,1,900000.0,4500.0,0,0,0.0,0,0.0,1.0,1,1,0,0.0,0.0,1,600000.0,400000.0,0,0.35
8.1,diagnostic,8.378503506246668,8.378503506246668,8.378503506246668,8.378503506246668,26629.745671730485,51.51488933791703,49.60268300467881,24995.88053292259,50.0,1,10.386966649836474,24995.915853625687,50.0,1,1,0,10.386966649836474,24995.915853625687,1,10.47526277809649,1499.7570705263227,50.0,0,170.7774895023343,766.4310402967077,0.0,136.68475466856788,1799.780873292532,95.80388003708846,0.0,0.0,0.0,0,183.5503174475743,4474.08451695871,441.5467367680354,51.0830410942237,4474.08451695871,51.0830410942237,900000.0,0.0,1,0.0,0.0,0.0,77000.0,0.0,1,1,1,0,1,0,0.0,0,1,900000.0,4500.0,0,0,0.0,0,0.0,1.0,1,1,0,0.0,0.0,1,600000.0,400000.0,0,0.35
8.15,diagnostic,8.448151316836487,8.448151316836487,8.448151316836487,8.448151316836487,26629.751044938243,51.946721738729345,50.03458399575273,24995.845213340064,50.0,1,10.47526277809649,24995.88053292259,50.0,1,1,0,10.47526277809649,24995.88053292259,1,10.563556051690782,1499.7549512175412,50.0,0,172.2048508448028,768.0806390903141,0.0,137.85018913267987,1799.780873292532,96.01007988628926,0.0,0.0,0.0,0,184.70364975749496,4474.085427658465,442.4991674305891,51.51488933791703,4474.085427658465,51.51488933791703,900000.0,0.0,1,0.0,0.0,0.0,77000.0,0.0,1,1,1,0,1,0,0.0,0,1,900000.0,4500.0,0,0,0.0,0,0.0,1.0,1,1,0,0.0,0.0,1,600000.0,400000.0,0,0.35
8.2,diagnostic,8.51779652945692,8.51779652945692,8.51779652945692,8.51779652945692,26629.756465423183,52.37853816438622,50.46646959754611,24995.80989488876,50.0,1,10.563556051690782,24995.845213340064,50.0,1,1,0,10.563556051690782,24995.845213340064,1,10.65184644400842,1499.7528319753553,50.0,0,173.63216517647749,769.7301778738986,0.0,139.01558191806424,1799.780873292532,96.21627223423732,0.0,0.0,0.0,0,185.8519865649509,4474.086346300221,443.4515637381327,51.946721738729345,4474.086346300221,51.946721738729345,900000.0,0.0,1,0.0,0.0,0.0,77000.0,0.0,1,1,1,0,1,0,0.0,0,1,900000.0,4500.0,0,0,0.0,0,0.0,1.0,1,1,0,0.0,0.0,1,600000.0,400000.0,0,0.35
8.25,diagnostic,8.58743912277974,8.58743912277974,8.58743912277974,8.58743912277974,26629.761933178914,52.81033848263291,50.898339677718994,24995.774577579323,50.0,1,10.65184644400842,24995.80989488876,50.0,1,1,0,10.65184644400842,24995.80989488876,1,10.740133928441907,1499.7507128004038,50.0,0,175.05943206725948,771.379656142135,0.0,140.18093267386607,1799.780873292532,96.42245701776687,0.0,0.0,0.0,0,186.99535991233108,4474.087272882882,444.40392539887387,52.37853816438622,4474.087272882882,52.37853816438622,900000.0,0.0,1,0.0,0.0,0.0,77000.0,0.0,1,1,1,0,1,0,0.0,0,1,900000.0,4500.0,0,0,0.0,0,0.0,1.0,1,1,0,0.0,0.0,1,600000.0,400000.0,0,0.35
8.3,diagnostic,8.65707907547994,8.65707907547994,8.65707907547994,8.65707907547994,26629.767448198912,53.24212256123439,51.33019410395058,24995.739261422397,50.0,1,10.740133928441907,24995.774577579323,50.0,1,1,0,10.740133928441907,24995.774577579323,1,10.828418478387183,1499.7485936933256,50.0,0,176.4866510871065,773.0290733897726,0.0,141.34624104928076,1799.780873292532,96.62863417372158,0.0,0.0,0.0,0,188.13380156867348,4474.088207405336,445.3562521210626,52.81033848263291,4474.088207405336,52.81033848263291,900000.0,0.0,1,0.0,0.0,0.0,77000.0,0.0,1,1,1,0,1,0,0.0,0,1,900000.0,4500.0,0,0,0.0,0,0.0,1.0,1,1,0,0.0,0.0,1,600000.0,400000.0,0,0.35
8.35,diagnostic,8.726716366235765,8.726716366235765,8.726716366235765,8.726716366235765,26629.77301047656,53.67389026797563,51.762032743939315,24995.703946428624,50.0,1,10.828418478387183,24995.739261422397,50.0,1,1,0,10.828418478387183,24995.739261422397,1,10.916700067243701,1499.7464746547594,50.0,0,177.91382180603344,774.6784291116354,0.0,142.5115066935542,1799.780873292532,96.83480363895443,0.0,0.0,0.0,0,189.26734303257325,4474.089149866455,446.30854361299225,53.24212256123439,4474.089149866455,53.24212256123439,900000.0,0.0,1,0.0,0.0,0.0,77000.0,0.0,1,1,1,0,1,0,0.0,0,1,900000.0,4500.0,0,0,0.0,0,0.0,1.0,1,1,0,0.0,0.0,1,600000.0,400000.0,0,0.35
8.4,diagnostic,8.796350973728725,8.796350973728725,8.796350973728725,8.796350973728725,26629.77862000514,54.105641470661745,52.19385546540307,24995.668632608646,50.0,1,10.916700067243701,24995.703946428624,50.0,1,1,0,10.916700067243701,24995.703946428624,1,11.004978668414438,1499.7443556853439,50.0,0,179.34094379411255,776.3277228026227,0.0,143.6767292559832,1799.780873292532,97.04096535032784,0.0,0.0,0.0,0,190.39601553505506,4474.090100265096,447.26079958299914,53.67389026797563,4474.090100265096,53.67389026797563,900000.0,0.0,1,0.0,0.0,0.0,77000.0,0.0,1,1,1,0,1,0,0.0,0,1,900000.0,4500.0,0,0,0.0,0,0.0,1.0,1,1,0,0.0,0.0,1,600000.0,400000.0,0,0.35
8.45,diagnostic,8.865982876643624,8.865982876643624,8.865982876643624,8.865982876643624,26629.784276777853,54.537376037118094,52.625662136079285,24995.6333199731,50.0,1,11.004978668414438,24995.668632608646,50.0,1,1,0,11.004978668414438,24995.668632608646,1,11.093254255305931,1499.7422367857175,50.0,0,180.76801662147435,777.9769539577104,0.0,144.84190838591596,1799.780873292532,97.2471192447138,0.0,0.0,0.0,0,191.51985004240825,4474.091058600104,448.2130197394634,54.105641470661745,4474.091058600104,54.105641470661745,900000.0,0.0,1,0.0,0.0,0.0,77000.0,0.0,1,1,1,0,1,0,0.0,0,1,900000.0,4500.0,0,0,0.0,0,0.0,1.0,1,1,0,0.0,0.0,1,600000.0,400000.0,0,0.35
8.5,diagnostic,8.935612053668596,8.935612053668596,8.935612053668596,8.935612053668596,26629.789980787817,54.96909383519047,53.057452623725155,24995.598008532634,50.0,1,11.093254255305931,24995.6333199731,50.0,1,1,0,11.093254255305931,24995.6333199731,1,11.18152680132831,1499.7401179565186,50.0,0,182.1950398583082,779.626122071951,0.0,146.00704373275286,1799.780873292532,97.45326525899388,0.0,0.0,0.0,0,192.63887725898567,4474.09202487031,449.16520379080924,54.537376037118094,4474.09202487031,54.537376037118094,900000.0,0.0,1,0.0,0.0,0.0,77000.0,0.0,1,1,1,0,1,0,0.0,0,1,900000.0,4500.0,0,0,0.0,0,0.0,1.0,1,1,0,0.0,0.0,1,600000.0,400000.0,0,0.35
8.55,diagnostic,9.005238483495122,9.005238483495122,9.005238483495122,9.005238483495122,26629.795732028084,55.4007947327453,53.48922679611774,24995.56269829788,50.0,1,11.18152680132831,24995.598008532634,50.0,1,1,0,11.18152680132831,24995.598008532634,1,11.269796279895353,1499.737999198386,50.0,0,183.62201307486265,781.2752266404751,0.0,147.17213494594637,1799.780873292532,97.65940333005939,0.0,0.0,0.0,0,193.7531276299678,4474.092999074534,450.117351445505,54.96909383519047,4474.092999074534,54.96909383519047,900000.0,0.0,1,0.0,0.0,0.0,77000.0,0.0,1,1,1,0,1,0,0.0,0,1,900000.0,4500.0,0,0,0.0,0,0.0,1.0,1,1,0,0.0,0.0,1,600000.0,400000.0,0,0.35
8.6,diagnostic,9.07486214481805,9.07486214481805,9.07486214481805,9.07486214481805,26629.80153049163,55.832478597669756,53.92098452105417,24995.52738927947,50.0,1,11.269796279895353,24995.56269829788,50.0,1,1,0,11.269796279895353,24995.56269829788,1,11.358062664424494,1499.735880511958,50.0,0,185.04893584144588,782.9242671584902,0.0,148.33718167500177,1799.780873292532,97.86553339481128,0.0,0.0,0.0,0,194.86263134409148,4474.0939812115885,451.06946241206424,55.4007947327453,4474.0939812115885,55.4007947327453,900000.0,0.0,1,0.0,0.0,0.0,77000.0,0.0,1,1,1,0,1,0,0.0,0,1,900000.0,4500.0,0,0,0.0,0,0.0,1.0,1,1,0,0.0,0.0,1,600000.0,400000.0,0,0.35
8.65,diagnostic,9.144483016335645,9.144483016335645,9.144483016335645,9.144483016335645,26629.807376171375,56.26414529787191,54.352725666351795,24995.492081488042,50.0,1,11.358062664424494,24995.52738927947,50.0,1,1,0,11.358062664424494,24995.52738927947,1,11.446325928336858,1499.7337618978727,50.0,0,186.47580772842662,784.5732431212837,0.0,149.50218356947772,1799.780873292532,98.07165539016046,0.0,0.0,0.0,0,195.96741833634437,4474.094971280268,452.02153639904486,55.832478597669756,4474.094971280268,55.832478597669756,900000.0,0.0,1,0.0,0.0,0.0,77000.0,0.0,1,1,1,0,1,0,0.0,0,1,900000.0,4500.0,0,0,0.0,0,0.0,1.0,1,1,0,0.0,0.0,1,600000.0,400000.0,0,0.35
8.7,diagnostic,9.214101076749582,9.214101076749582,9.214101076749582,9.214101076749582,26629.813269060152,56.695794701281,54.78445009984832,24995.45677493423,50.0,1,11.446325928336858,24995.492081488042,50.0,1,1,0,11.446325928336858,24995.492081488042,1,11.534586045057317,1499.731643356768,50.0,0,187.90262830623422,786.2221540242216,0.0,150.6671402789862,1799.780873292532,98.2777692530277,0.0,0.0,0.0,0,197.06751829062537,4474.095969279359,452.97357311505084,56.26414529787191,4474.095969279359,56.26414529787191,900000.0,0.0,1,0.0,0.0,0.0,77000.0,0.0,1,1,1,0,1,0,0.0,0,1,900000.0,4500.0,0,0,0.0,0,0.0,1.0,1,1,0,0.0,0.0,1,600000.0,400000.0,0,0.35
8.75,diagnostic,9.283716304764997,9.283716304764997,9.283716304764997,9.283716304764997,26629.819209150748,57.12742667584741,55.216157689402,24995.421469628665,50.0,1,11.534586045057317,24995.45677493423,50.0,1,1,0,11.534586045057317,24995.45677493423,1,11.622842988014488,1499.7295248892824,50.0,0,189.32939714535954,787.8709993627498,0.0,151.8320514531934,1799.780873292532,98.48387492034372,0.0,0.0,0.0,0,198.162960642372,4474.096975207641,453.9255722687318,56.695794701281,4474.096975207641,56.695794701281,900000.0,0.0,1,0.0,0.0,0.0,77000.0,0.0,1,1,1,0,1,0,0.0,0,1,900000.0,4500.0,0,0,0.0,0,0.0,1.0,1,1,0,0.0,0.0,1,600000.0,400000.0,0,0.35
8.8,diagnostic,9.3533286790905,9.3533286790905,9.3533286790905,9.3533286790905,26629.82519643588,57.55904108954299,55.64784830289179,24995.38616558198,50.0,1,11.622842988014488,24995.421469628665,50.0,1,1,0,11.622842988014488,24995.421469628665,1,11.711096730640797,1499.7274064960538,50.0,0,190.75611381635525,789.519778632395,0.0,152.9969167418201,1799.780873292532,98.68997232904937,0.0,0.0,0.0,0,199.25377458115432,4474.097989063877,454.87753356878306,57.12742667584741,4474.097989063877,57.12742667584741,900000.0,0.0,1,0.0,0.0,0.0,77000.0,0.0,1,1,1,0,1,0,0.0,0,1,900000.0,4500.0,0,0,0.0,0,0.0,1.0,1,1,0,0.0,0.0,1,600000.0,400000.0,0,0.35
8.85,diagnostic,9.422938178438208,9.422938178438208,9.422938178438208,9.422938178438208,26629.8312309082,57.99063781036111,56.079521808217464,24995.350862804793,50.0,1,11.711096730640797,24995.38616558198,50.0,1,1,0,11.711096730640797,24995.38616558198,1,11.799347246372491,1499.72528817772,50.0,0,192.18277788983627,791.1684913287653,0.0,154.16173579464163,1799.780873292532,98.89606141609566,0.0,0.0,0.0,0,200.3399890532369,4474.099010846825,455.829456723947,57.55904108954299,4474.099010846825,57.55904108954299,900000.0,0.0,1,0.0,0.0,0.0,77000.0,0.0,1,1,1,0,1,0,0.0,0,1,900000.0,4500.0,0,0,0.0,0,0.0,1.0,1,1,0,0.0,0.0,1,600000.0,400000.0,0,0.35
8.9,diagnostic,9.49254478152377,9.49254478152377,9.49254478152377,9.49254478152377,26629.837312560303,58.422216706316895,56.511178073299874,24995.315561307743,50.0,1,11.799347246372491,24995.350862804793,50.0,1,1,0,11.799347246372491,24995.350862804793,1,11.887594508649666,1499.7231699349186,50.0,0,193.60938893648066,792.81713694755,0.0,155.3265082614889,1799.780873292532,99.10214211844375,0.0,0.0,0.0,0,201.42163276410838,4474.1000405552295,456.78134144301276,57.99063781036111,4474.1000405552295,57.99063781036111,900000.0,0.0,1,0.0,0.0,0.0,77000.0,0.0,1,1,1,0,1,0,0.0,0,1,900000.0,4500.0,0,0,0.0,0,0.0,1.0,1,1,0,0.0,0.0,1,600000.0,400000.0,0,0.35
8.95,diagnostic,9.562148467066391,9.562148467066391,9.562148467066391,9.562148467066391,26629.843441384724,58.85377764544738,56.942816966080976,24995.280261101452,50.0,1,11.887594508649666,24995.315561307743,50.0,1,1,0,11.887594508649666,24995.315561307743,1,11.97583849091633,1499.7210517682875,50.0,0,195.03594652702964,794.4657149845209,0.0,156.49123379224844,1799.780873292532,99.30821437306511,0.0,0.0,0.0,0,202.49873418098022,4474.101078187828,457.73318743481644,58.422216706316895,4474.101078187828,58.422216706316895,900000.0,0.0,1,0.0,0.0,0.0,77000.0,0.0,1,1,1,0,1,0,0.0,0,1,900000.0,4500.0,0,0,0.0,0,0.0,1.0,1,1,0,0.0,0.0,1,600000.0,400000.0,0,0.35
9.0,diagnostic,9.63174921378885,9.63174921378885,9.63174921378885,9.63174921378885,26629.84961737395,59.285320495811625,57.374438354524116,24995.24496219654,50.0,1,11.97583849091633,24995.280261101452,50.0,1,1,0,11.97583849091633,24995.280261101452,1,12.06407916662039,1499.7189336784645,50.0,0,196.46245023228852,796.114224935533,0.0,157.6559120368629,1799.780873292532,99.51427811694163,0.0,0.0,0.0,0,203.57132153525365,4474.102123743346,458.68499440824166,58.85377764544738,4474.102123743346,58.85377764544738,900000.0,0.0,1,0.0,0.0,0.0,77000.0,0.0,1,1,1,0,1,0,0.0,0,1,900000.0,4500.0,0,0,0.0,0,0.0,1.0,1,1,0,0.0,0.0,1,600000.0,400000.0,0,0.35
9.05,diagnostic,9.701347000417547,9.701347000417547,9.701347000417547,9.701347000417547,26629.855840520395,59.71684512549088,57.80604210661411,24995.209664603633,50.0,1,12.06407916662039,24995.24496219654,50.0,1,1,0,12.06407916662039,24995.24496219654,1,12.152316509213723,1499.716815666087,50.0,0,197.888899623127,797.762666296525,0.0,158.82054264533156,1799.780873292532,99.72033328706563,0.0,0.0,0.0,0,204.6394228249564,4474.1031772205015,459.6367620722203,59.285320495811625,4474.1031772205015,59.285320495811625,900000.0,0.0,1,0.0,0.0,0.0,77000.0,0.0,1,1,1,0,1,0,0.0,0,1,900000.0,4500.0,0,0,0.0,0,0.0,1.0,1,1,0,0.0,0.0,1,600000.0,400000.0,0,0.35
9.1,diagnostic,9.770941805682504,9.770941805682504,9.770941805682504,9.770941805682504,26629.862110816426,60.148351402588794,58.237628090357454,24995.17436833335,50.0,1,12.152316509213723,24995.209664603633,50.0,1,1,0,12.152316509213723,24995.209664603633,1,12.240550492152186,1499.7146977317923,50.0,0,199.31529427047985,799.4110385635194,0.0,159.98512526771077,1799.780873292532,99.92637982043992,0.0,0.0,0.0,0,205.70306581714908,4474.104238618001,460.58849013573234,59.71684512549088,4474.104238618001,59.71684512549088,900000.0,0.0,1,0.0,0.0,0.0,77000.0,0.0,1,1,1,0,1,0,0.0,0,1,900000.0,4500.0,0,0,0.0,0,0.0,1.0,1,1,0,0.0,0.0,1,600000.0,400000.0,0,0.35
9.15,diagnostic,9.840533608317411,9.840533608317411,9.840533608317411,9.840533608317411,26629.86842825434,60.57983919523153,58.66919617378244,24995.139073396316,50.0,1,12.240550492152186,24995.17436833335,50.0,1,1,0,12.240550492152186,24995.17436833335,1,12.32878108889566,1499.712579876218,50.0,0,200.74163374534706,801.0593412326239,0.0,161.149659554114,1799.780873292532,100.13241765407798,0.0,0.0,0.0,0,206.76227805030229,4474.10530793454,461.54017830780623,60.148351402588794,4474.10530793454,60.148351402588794,900000.0,0.0,1,0.0,0.0,0.0,77000.0,0.0,1,1,1,0,1,0,0.0,0,1,900000.0,4500.0,0,0,0.0,0,0.0,1.0,1,1,0,0.0,0.0,1,600000.0,400000.0,0,0.35
9.2,diagnostic,9.910122387059639,9.910122387059639,9.910122387059639,9.910122387059639,26629.874792826384,61.01130837156795,59.10074622493934,24995.10377980314,50.0,1,12.32878108889566,24995.139073396316,50.0,1,1,0,12.32878108889566,24995.139073396316,1,12.417008272908065,1499.710462100001,50.0,0,202.16791761879483,802.7075738000315,0.0,162.31414515471278,1799.780873292532,100.33844672500393,0.0,0.0,0.0,0,207.81708683664365,4474.106385168807,462.4918262975197,60.57983919523153,4474.106385168807,60.57983919523153,900000.0,0.0,1,0.0,0.0,0.0,77000.0,0.0,1,1,1,0,1,0,0.0,0,1,900000.0,4500.0,0,0,0.0,0,0.0,1.0,1,1,0,0.0,0.0,1,600000.0,400000.0,0,0.35
9.25,diagnostic,9.979708120650272,9.979708120650272,9.979708120650272,9.979708120650272,26629.88120452474,61.44275879976976,59.5322781119006,24995.06848756444,50.0,1,12.417008272908065,24995.10377980314,50.0,1,1,0,12.417008272908065,24995.10377980314,1,12.505232017657411,1499.708344403779,50.0,0,203.59414546195555,804.355735762021,0.0,163.47858171973658,1799.780873292532,100.54446697025263,0.0,0.0,0.0,0,208.86751926447715,4474.10747031948,463.4434338139996,61.01130837156795,4474.10747031948,61.01130837156795,900000.0,0.0,1,0.0,0.0,0.0,77000.0,0.0,1,1,1,0,1,0,0.0,0,1,900000.0,4500.0,0,0,0.0,0,0.0,1.0,1,1,0,0.0,0.0,1,600000.0,400000.0,0,0.35
9.3,diagnostic,10.049290787834135,10.049290787834135,10.049290787834135,10.049290787834135,26629.887663341546,61.87419034803169,59.963791702760936,24995.033196690838,50.0,1,12.505232017657411,24995.06848756444,50.0,1,1,0,12.505232017657411,24995.06848756444,1,12.593452296615808,1499.7062267881884,50.0,0,205.02031684602898,806.0038266149586,0.0,164.64296889947394,1799.780873292532,100.75047832686982,0.0,0.0,0.0,0,209.91360220047272,4474.108563385226,464.39500056642237,61.44275879976976,4474.108563385226,61.44275879976976,900000.0,0.0,1,0.0,0.0,0.0,77000.0,0.0,1,1,1,0,1,0,0.0,0,1,900000.0,4500.0,0,0,0.0,0,0.0,1.0,1,1,0,0.0,0.0,1,600000.0,400000.0,0,0.35
9.35,diagnostic,10.118870367359808,10.118870367359808,10.118870367359808,10.118870367359808,26629.894169268868,62.30560288457164,60.395286865637516,24994.997907192937,50.0,1,12.593452296615808,24995.033196690838,50.0,1,1,0,12.593452296615808,24995.033196690838,1,12.681669083259523,1499.7041092538664,50.0,0,206.44643134228215,807.651845855297,0.0,165.80730634427204,1799.780873292532,100.95648073191212,0.0,0.0,0.0,0,210.95536229192825,4474.109664364703,465.3465262640148,61.87419034803169,4474.109664364703,61.87419034803169,900000.0,0.0,1,0.0,0.0,0.0,77000.0,0.0,1,1,1,0,1,0,0.0,0,1,900000.0,4500.0,0,0,0.0,0,0.0,1.0,1,1,0,0.0,0.0,1,600000.0,400000.0,0,0.35
9.4,diagnostic,10.188446837979667,10.188446837979667,10.188446837979667,10.188446837979667,26629.900722298713,62.73699627763081,60.82676346867016,24994.962619081354,50.0,1,12.681669083259523,24994.997907192937,50.0,1,1,0,12.681669083259523,24994.997907192937,1,12.769882351068999,1499.7019918014503,50.0,0,207.87248852205,809.2997929795772,0.0,166.97159370453764,1799.780873292532,101.16247412244715,0.0,0.0,0.0,0,211.99282596900505,4474.110773256561,466.2980106160539,62.30560288457164,4474.110773256561,62.30560288457164,900000.0,0.0,1,0.0,0.0,0.0,77000.0,0.0,1,1,1,0,1,0,0.0,0,1,900000.0,4500.0,0,0,0.0,0,0.0,1.0,1,1,0,0.0,0.0,1,600000.0,400000.0,0,0.35
9.45,diagnostic,10.258020178449897,10.258020178449897,10.258020178449897,10.258020178449897,26629.90732242305,63.168370395473936,61.25822138002146,24994.927332366697,50.0,1,12.769882351068999,24994.962619081354,50.0,1,1,0,12.769882351068999,24994.962619081354,1,12.858092073528866,1499.6998744315763,50.0,0,209.29848795673624,810.9476674844287,0.0,168.13583063073762,1799.780873292532,101.36845843555359,0.0,0.0,0.0,0,213.02601944693367,4474.1118900594365,467.24945333186736,62.73699627763081,4474.1118900594365,62.73699627763081,900000.0,0.0,1,0.0,0.0,0.0,77000.0,0.0,1,1,1,0,1,0,0.0,0,1,900000.0,4500.0,0,0,0.0,0,0.0,1.0,1,1,0,0.0,0.0,1,600000.0,400000.0,0,0.35
9.5,diagnostic,10.32759036753053,10.32759036753053,10.32759036753053,10.32759036753053,26629.913969633766,63.599725106389364,61.689660467876934,24994.892047059573,50.0,1,12.858092073528866,24994.927332366697,50.0,1,1,0,12.858092073528866,24994.927332366697,1,12.946298224128014,1499.6977571448813,50.0,0,210.7244292178133,812.5954688665698,0.0,169.30001677339868,1799.780873292532,101.57443360832123,0.0,0.0,0.0,0,214.0549687281955,4474.11301477196,468.2008541208341,63.168370395473936,4474.11301477196,63.168370395473936,900000.0,0.0,1,0.0,0.0,0.0,77000.0,0.0,1,1,1,0,1,0,0.0,0,1,900000.0,4500.0,0,0,0.0,0,0.0,1.0,1,1,0,0.0,0.0,1,600000.0,400000.0,0,0.35
9.55,diagnostic,10.39715738398546,10.39715738398546,10.39715738398546,10.39715738398546,26629.9206639227,64.03106027868928,62.12108060044522,24994.85676317059,50.0,1,12.946298224128014,24994.892047059573,50.0,1,1,0,12.946298224128014,24994.892047059573,1,13.034500776359586,1499.6956399420017,50.0,0,212.15031187682354,814.2431966228094,0.0,170.46415178310872,1799.780873292532,101.78039957785117,0.0,0.0,0.0,0,215.0796996046759,4474.114147392751,469.1522126923843,63.599725106389364,4474.114147392751,63.599725106389364,900000.0,0.0,1,0.0,0.0,0.0,77000.0,0.0,1,1,1,0,1,0,0.0,0,1,900000.0,4500.0,0,0,0.0,0,0.0,1.0,1,1,0,0.0,0.0,1,600000.0,400000.0,0,0.35
9.6,diagnostic,10.466721206582472,10.466721206582472,10.466721206582472,10.466721206582472,26629.927405281655,64.46237578070986,62.55248164595821,24994.82148071035,50.0,1,13.034500776359586,24994.85676317059,50.0,1,1,0,13.034500776359586,24994.85676317059,1,13.122699703721043,1499.6935228235743,50.0,0,213.576135505379,815.8908502500454,0.0,171.6282353105164,1799.780873292532,101.98635628125568,0.0,0.0,0.0,0,216.10023765979219,4474.11528792042,470.1035287560004,64.03106027868928,4474.11528792042,64.03106027868928,900000.0,0.0,1,0.0,0.0,0.0,77000.0,0.0,1,1,1,0,1,0,0.0,0,1,900000.0,4500.0,0,0,0.0,0,0.0,1.0,1,1,0,0.0,0.0,1,600000.0,400000.0,0,0.35
9.65,diagnostic,10.536281814093279,10.536281814093279,10.536281814093279,10.536281814093279,26629.934193702342,64.89367148081132,62.98386347267124,24994.786199689457,50.0,1,13.122699703721043,24994.82148071035,50.0,1,1,0,13.122699703721043,24994.82148071035,1,13.210894979714164,1499.6914057902352,50.0,0,215.00189967516246,817.5384292452676,0.0,172.7922670063322,1799.780873292532,102.19230365565845,0.0,0.0,0.0,0,217.1166082705957,4474.116436353566,471.0548020212164,64.46237578070986,4474.116436353566,64.46237578070986,900000.0,0.0,1,0.0,0.0,0.0,77000.0,0.0,1,1,1,0,1,0,0.0,0,1,900000.0,4500.0,0,0,0.0,0,0.0,1.0,1,1,0,0.0,0.0,1,600000.0,400000.0,0,0.35
9.7,diagnostic,10.605839185293526,10.605839185293526,10.605839185293526,10.605839185293526,26629.941029176425,65.32494724737833,63.41522594886319,24994.750920118513,50.0,1,13.210894979714164,24994.786199689457,50.0,1,1,0,13.210894979714164,24994.786199689457,1,13.2990865778451,1499.689288842621,50.0,0,216.4276039579277,819.1859331055573,0.0,173.95624652132832,1799.780873292532,102.39824163819466,0.0,0.0,0.0,0,218.12883660984815,4474.117592690782,472.0060321976191,64.89367148081132,4474.117592690782,64.89367148081132,900000.0,0.0,1,0.0,0.0,0.0,77000.0,0.0,1,1,1,0,1,0,0.0,0,1,900000.0,4500.0,0,0,0.0,0,0.0,1.0,1,1,0,0.0,0.0,1,600000.0,400000.0,0,0.35
9.75,diagnostic,10.675393298962835,10.675393298962835,10.675393298962835,10.675393298962835,26629.947911695534,65.75620294881986,63.846568942836704,24994.715642008116,50.0,1,13.2990865778451,24994.750920118513,50.0,1,1,0,13.2990865778451,24994.750920118513,1,13.387274471624393,1499.6871719813673,50.0,0,217.85324792549986,820.8333613280874,0.0,175.12017350633928,1799.780873292532,102.60417016601093,0.0,0.0,0.0,0,219.13694764807389,4474.118756930648,472.9572189948483,65.32494724737833,4474.118756930648,65.32494724737833,900000.0,0.0,1,0.0,0.0,0.0,77000.0,0.0,1,1,1,0,1,0,0.0,0,1,900000.0,4500.0,0,0,0.0,0,0.0,1.0,1,1,0,0.0,0.0,1,600000.0,400000.0,0,0.35
9.8,diagnostic,10.744944133884818,10.744944133884818,10.744944133884818,10.744944133884818,26629.954841251216,66.18743845356957,64.27789232291835,24994.680365368862,50.0,1,13.387274471624393,24994.715642008116,50.0,1,1,0,13.387274471624393,24994.715642008116,1,13.475458634567003,1499.6850552071107,50.0,0,219.27883114977686,822.4807134101248,0.0,176.28404761226292,1799.780873292532,102.8100891762656,0.0,0.0,0.0,0,220.1409661555857,4474.119929071733,473.90836212259666,65.75620294881986,4474.119929071733,65.75620294881986,900000.0,0.0,1,0.0,0.0,0.0,77000.0,0.0,1,1,1,0,1,0,0.0,0,1,900000.0,4500.0,0,0,0.0,0,0.0,1.0,1,1,0,0.0,0.0,1,600000.0,400000.0,0,0.35
9.85,diagnostic,10.81449166884711,10.81449166884711,10.81449166884711,10.81449166884711,26629.961817834956,66.61865363008587,64.70919595745873,24994.64509021135,50.0,1,13.475458634567003,24994.680365368862,50.0,1,1,0,13.475458634567003,24994.680365368862,1,13.563639040192383,1499.682938520487,50.0,0,220.70435320272824,824.1279888490283,0.0,177.4478684900594,1799.780873292532,103.01599860612853,0.0,0.0,0.0,0,221.14091670448852,4474.121109112604,474.859461290611,66.18743845356957,4474.121109112604,66.18743845356957,900000.0,0.0,1,0.0,0.0,0.0,77000.0,0.0,1,1,1,0,1,0,0.0,0,1,900000.0,4500.0,0,0,0.0,0,0.0,1.0,1,1,0,0.0,0.0,1,600000.0,400000.0,0,0.35
9.9,diagnostic,10.884035882641395,10.884035882641395,10.884035882641395,10.884035882641395,26629.96884143822,67.04984834685209,65.14047971483271,24994.609816546174,50.0,1,13.563639040192383,24994.64509021135,50.0,1,1,0,13.563639040192383,24994.64509021135,1,13.651815662024427,1499.6808219221316,50.0,0,222.12981365639752,825.7751871422518,0.0,178.61163579075333,1799.780873292532,103.22189839278147,0.0,0.0,0.0,0,222.1368236706574,4474.122297051809,475.8105162086914,66.61865363008587,4474.122297051809,66.61865363008587,900000.0,0.0,1,0.0,0.0,0.0,77000.0,0.0,1,1,1,0,1,0,0.0,0,1,900000.0,4500.0,0,0,0.0,0,0.0,1.0,1,1,0,0.0,0.0,1,600000.0,400000.0,0,0.35
9.95,diagnostic,10.95357675406343,10.95357675406343,10.95357675406343,10.95357675406343,26629.975912052367,67.48102247237665,65.57174346343946,24994.574544383922,50.0,1,13.651815662024427,24994.609816546174,50.0,1,1,0,13.651815662024427,24994.609816546174,1,13.739988473591598,1499.678705412681,50.0,0,223.55521208290108,827.4223077873434,0.0,179.7753491654327,1799.780873292532,103.42778847341792,0.0,0.0,0.0,0,223.12871123569263,4474.123492887893,476.7615265866927,67.04984834685209,4474.123492887893,67.04984834685209,900000.0,0.0,1,0.0,0.0,0.0,77000.0,0.0,1,1,1,0,1,0,0.0,0,1,900000.0,4500.0,0,0,0.0,0,0.0,1.0,1,1,0,0.0,0.0,1,600000.0,400000.0,0,0.35
10.0,diagnostic,11.023114261913065,11.023114261913065,11.023114261913065,11.023114261913065,26629.98302966874,67.91217587519327,66.00298707170276,24994.53927373519,50.0,1,13.739988473591598,24994.574544383922,50.0,1,1,0,13.739988473591598,24994.574544383922,1,13.82815744842687,1499.6765889927703,50.0,0,224.98054805442982,829.0693502819462,0.0,180.9390082652502,1799.780873292532,103.63366878524327,0.0,0.0,0.0,0,224.11660338885127,4474.124696619388,477.7124921345241,67.48102247237665,4474.124696619388,67.48102247237665,900000.0,0.0,1,0.0,0.0,0.0,77000.0,0.0,1,1,1,0,1,0,0.0,0,1,900000.0,4500.0,0,0,0.0,0,0.0,1.0,1,1,0,0.0,0.0,1,600000.0,400000.0,0,0.35
10.05,diagnostic,11.09264838499428,11.09264838499428,11.09264838499428,11.09264838499428,26629.990194278595,68.343308423861,66.4342104080711,24994.504004610564,50.0,1,13.82815744842687,24994.53927373519,50.0,1,1,0,13.82815744842687,24994.53927373519,1,13.916322560067822,1499.6744726630352,50.0,0,226.40582114324917,830.7163141237995,0.0,182.10261274142343,1799.780873292532,103.83953926547494,0.0,0.0,0.0,0,225.10052392895614,4474.125908244817,478.6634125621498,67.91217587519327,4474.125908244817,67.91217587519327,900000.0,0.0,1,0.0,0.0,0.0,77000.0,0.0,1,1,1,0,1,0,0.0,0,1,900000.0,4500.0,0,0,0.0,0,0.0,1.0,1,1,0,0.0,0.0,1,600000.0,400000.0,0,0.35
10.1,diagnostic,11.162179102115202,11.162179102115202,11.162179102115202,11.162179102115202,26629.99740587315,68.77441998696455,66.86541334101777,24994.46873702063,50.0,1,13.916322560067822,24994.504004610564,50.0,1,1,0,13.916322560067822,24994.504004610564,1,14.004483782056651,1499.6723564241113,50.0,0,227.83103092169958,832.3631988107394,0.0,183.26616224523502,1799.780873292532,104.04539985134242,0.0,0.0,0.0,0,226.08049646628126,4474.127127762696,479.6142875795894,68.343308423861,4474.127127762696,68.343308423861,900000.0,0.0,1,0.0,0.0,0.0,77000.0,0.0,1,1,1,0,1,0,0.0,0,1,900000.0,4500.0,0,0,0.0,0,0.0,1.0,1,1,0,0.0,0.0,1,600000.0,400000.0,0,0.35
10.15,diagnostic,11.23170639208813,11.23170639208813,11.23170639208813,11.23170639208813,26630.004664443564,69.20551043311426,67.29659573904114,24994.43347097597,50.0,1,14.004483782056651,24994.46873702063,50.0,1,1,0,14.004483782056651,24994.46873702063,1,14.09264108794018,1499.6702402766339,50.0,0,229.25617696219723,834.010003840698,0.0,184.4296564280335,1799.780873292532,104.25125048008725,0.0,0.0,0.0,0,227.05654442441565,4474.128355171528,480.5651168969184,68.77441998696455,4474.128355171528,68.77441998696455,900000.0,0.0,1,0.0,0.0,0.0,77000.0,0.0,1,1,1,0,1,0,0.0,0,1,900000.0,4500.0,0,0,0.0,0,0.0,1.0,1,1,0,0.0,0.0,1,600000.0,400000.0,0,0.35
10.2,diagnostic,11.301230233729571,11.301230233729571,11.301230233729571,11.301230233729571,26630.011969980933,69.63657963094641,67.72775747066474,24994.398206487178,50.0,1,14.09264108794018,24994.43347097597,50.0,1,1,0,14.09264108794018,24994.43347097597,1,14.18079445126993,1499.6681242212378,50.0,0,230.68125883723457,835.6567287117061,0.0,185.5930949412334,1799.780873292532,104.45709108896327,0.0,0.0,0.0,0,228.02869104210487,4474.129590469808,481.51590022426785,69.20551043311426,4474.129590469808,69.20551043311426,900000.0,0.0,1,0.0,0.0,0.0,77000.0,0.0,1,1,1,0,1,0,0.0,0,1,900000.0,4500.0,0,0,0.0,0,0.0,1.0,1,1,0,0.0,0.0,1,600000.0,400000.0,0,0.35
10.25,diagnostic,11.370750605860252,11.370750605860252,11.370750605860252,11.370750605860252,26630.0193224763,70.06762744912335,68.15889840443745,24994.362943564825,50.0,1,14.18079445126993,24994.398206487178,50.0,1,1,0,14.18079445126993,24994.398206487178,1,14.268943845602138,1499.6660082585581,50.0,0,232.10627611938023,837.3033729218921,0.0,186.75647743631555,1799.780873292532,104.66292161523651,0.0,0.0,0.0,0,228.99695937507067,4474.130833656021,482.4666372718256,69.63657963094641,4474.130833656021,69.63657963094641,900000.0,0.0,1,0.0,0.0,0.0,77000.0,0.0,1,1,1,0,1,0,0.0,0,1,900000.0,4500.0,0,0,0.0,0,0.0,1.0,1,1,0,0.0,0.0,1,600000.0,400000.0,0,0.35
10.3,diagnostic,11.440267487305157,11.440267487305157,11.440267487305157,11.440267487305157,26630.02672192064,70.49865375633357,68.59001840893363,24994.327682219493,50.0,1,14.268943845602138,24994.362943564825,50.0,1,1,0,14.268943845602138,24994.362943564825,1,14.357089244497747,1499.6638923892306,50.0,0,233.53122838128036,838.9499359694835,0.0,187.91980356482784,1799.780873292532,104.86874199618543,0.0,0.0,0.0,0,229.9613722978096,4474.132084728644,483.41732774983603,70.06762744912335,4474.132084728644,70.06762744912335,900000.0,0.0,1,0.0,0.0,0.0,77000.0,0.0,1,1,1,0,1,0,0.0,0,1,900000.0,4500.0,0,0,0.0,0,0.0,1.0,1,1,0,0.0,0.0,1,600000.0,400000.0,0,0.35
10.35,diagnostic,11.509780856893547,11.509780856893547,11.509780856893547,11.509780856893547,26630.03416830489,70.92965842129198,69.02111735275332,24994.29242246176,50.0,1,14.357089244497747,24994.327682219493,50.0,1,1,0,14.357089244497747,24994.327682219493,1,14.445230621522496,1499.6617766138895,50.0,0,234.95611519565855,840.5964173528075,0.0,189.08307297838553,1799.780873292532,105.07455216910094,0.0,0.0,0.0,0,230.9219525053696,4474.133343686141,484.3679713686006,70.49865375633357,4474.133343686141,70.49865375633357,900000.0,0.0,1,0.0,0.0,0.0,77000.0,0.0,1,1,1,0,1,0,0.0,0,1,900000.0,4500.0,0,0,0.0,0,0.0,1.0,1,1,0,0.0,0.0,1,600000.0,400000.0,0,0.35
10.4,diagnostic,11.579290693458985,11.579290693458985,11.579290693458985,11.579290693458985,26630.041661619915,71.36064131274,69.45219510452235,24994.257164302202,50.0,1,14.445230621522496,24994.29242246176,50.0,1,1,0,14.445230621522496,24994.29242246176,1,14.533367950246921,1499.6596609331696,50.0,0,236.38093613531674,842.2428165702912,0.0,190.24628532867146,1799.780873292532,105.2803520712864,0.0,0.0,0.0,0,231.87872251510686,4474.13461052697,485.31856783847843,70.92965842129198,4474.13461052697,70.92965842129198,900000.0,0.0,1,0.0,0.0,0.0,77000.0,0.0,1,1,1,0,1,0,0.0,0,1,900000.0,4500.0,0,0,0.0,0,0.0,1.0,1,1,0,0.0,0.0,1,600000.0,400000.0,0,0.35
10.45,diagnostic,11.648796975839362,11.648796975839362,11.648796975839362,11.648796975839362,26630.049201856527,71.79160229944571,69.88325153289256,24994.22190775139,50.0,1,14.533367950246921,24994.257164302202,50.0,1,1,0,14.533367950246921,24994.257164302202,1,14.621501204246396,1499.6575453477055,50.0,0,237.80569077313544,843.8891331204625,0.0,191.40944026743676,1799.780873292532,105.48614164005781,0.0,0.0,0.0,0,232.83170466842105,4474.135885249579,486.26911686988626,71.36064131274,4474.135885249579,71.36064131274,900000.0,0.0,1,0.0,0.0,0.0,77000.0,0.0,1,1,1,0,1,0,0.0,0,1,900000.0,4500.0,0,0,0.0,0,0.0,1.0,1,1,0,0.0,0.0,1,600000.0,400000.0,0,0.35
10.5,diagnostic,11.71829968287693,11.71829968287693,11.71829968287693,11.71829968287693,26630.05678900549,72.22254125020405,70.31428650654192,24994.186652819903,50.0,1,14.621501204246396,24994.22190775139,50.0,1,1,0,14.621501204246396,24994.22190775139,1,14.709630357101162,1499.655429858132,50.0,0,239.23037868207425,845.5353665019502,0.0,192.57253744650095,1799.780873292532,105.69192081274377,0.0,0.0,0.0,0,233.78092113247095,4474.137167852404,487.21961817329895,71.79160229944571,4474.137167852404,71.79160229944571,900000.0,0.0,1,0.0,0.0,0.0,77000.0,0.0,1,1,1,0,1,0,0.0,0,1,900000.0,4500.0,0,0,0.0,0,0.0,1.0,1,1,0,0.0,0.0,1,600000.0,400000.0,0,0.35
10.55,diagnostic,11.787798793418313,11.787798793418313,11.787798793418313,11.787798793418313,26630.064423057505,72.65345803383697,70.74529989417468,24994.1513995183,50.0,1,14.709630357101162,24994.186652819903,50.0,1,1,0,14.709630357101162,24994.186652819903,1,14.797755382396344,1499.6533144650834,50.0,0,240.6549994351725,847.1815162134857,0.0,193.73557651775258,1799.780873292532,105.89768952668571,0.0,0.0,0.0,0,234.7263939018695,4474.138458333872,488.17007145924987,72.22254125020405,4474.138458333872,72.22254125020405,900000.0,0.0,1,0.0,0.0,0.0,77000.0,0.0,1,1,1,0,1,0,0.0,0,1,900000.0,4500.0,0,0,0.0,0,0.0,1.0,1,1,0,0.0,0.0,1,600000.0,400000.0,0,0.35
10.6,diagnostic,11.857294286314545,11.857294286314545,11.857294286314545,11.857294286314545,26630.072104003208,73.08435251919354,71.17629156452158,24994.11614785716,50.0,1,14.797755382396344,24994.1513995183,50.0,1,1,0,14.797755382396344,24994.1513995183,1,14.88587625372201,1499.6511991691941,50.0,0,242.0795526055495,848.8275817539022,0.0,194.8985571331494,1799.780873292532,106.10344771923778,0.0,0.0,0.0,0,235.66814480036004,4474.139756692403,489.1204764383313,72.65345803383697,4474.139756692403,72.65345803383697,900000.0,0.0,1,0.0,0.0,0.0,77000.0,0.0,1,1,1,0,1,0,0.0,0,1,900000.0,4500.0,0,0,0.0,0,0.0,1.0,1,1,0,0.0,0.0,1,600000.0,400000.0,0,0.35
10.65,diagnostic,11.926786140421093,11.926786140421093,11.926786140421093,11.926786140421093,26630.079831833184,73.51522457515019,71.60726138633991,24994.08089784704,50.0,1,14.88587625372201,24994.11614785716,50.0,1,1,0,14.88587625372201,24994.11614785716,1,14.973992944673165,1499.649083971098,50.0,0,243.50403776640556,850.4735626221367,0.0,196.06147894471925,1799.780873292532,106.30919532776709,0.0,0.0,0.0,0,236.60619548247158,4474.1410629264055,490.07083282119453,73.08435251919354,4474.1410629264055,73.08435251919354,900000.0,0.0,1,0.0,0.0,0.0,77000.0,0.0,1,1,1,0,1,0,0.0,0,1,900000.0,4500.0,0,0,0.0,0,0.0,1.0,1,1,0,0.0,0.0,1,600000.0,400000.0,0,0.35
10.7,diagnostic,11.996274334597882,11.996274334597882,11.996274334597882,11.996274334597882,26630.087606537967,73.94607407061078,72.03820922841379,24994.045649498512,50.0,1,14.973992944673165,24994.08089784704,50.0,1,1,0,14.973992944673165,24994.08089784704,1,15.062105428849828,1499.6469688714294,50.0,0,244.928454491022,852.1194583172296,0.0,197.22434160455995,1799.780873292532,106.5149322896537,0.0,0.0,0.0,0,237.54056743515613,4474.142377034277,491.0211403185507,73.51522457515019,4474.142377034277,73.51522457515019,900000.0,0.0,1,0.0,0.0,0.0,77000.0,0.0,1,1,1,0,1,0,0.0,0,1,900000.0,4500.0,0,0,0.0,0,0.0,1.0,1,1,0,0.0,0.0,1,600000.0,400000.0,0,0.35
10.75,diagnostic,12.065758847709315,12.065758847709315,12.065758847709315,12.065758847709315,26630.095428108016,74.37690087450687,72.46913495955427,24994.010402822132,50.0,1,15.062105428849828,24994.045649498512,50.0,1,1,0,15.062105428849828,24994.045649498512,1,15.15021367985703,1499.6448538708223,50.0,0,246.35280235276164,853.7652683383257,0.0,198.38714476483977,1799.780873292532,106.7206585422907,0.0,0.0,0.0,0,238.47128197940677,4474.143699014409,491.97139864117065,73.94607407061078,4474.143699014409,73.94607407061078,900000.0,0.0,1,0.0,0.0,0.0,77000.0,0.0,1,1,1,0,1,0,0.0,0,1,900000.0,4500.0,0,0,0.0,0,0.0,1.0,1,1,0,0.0,0.0,1,600000.0,400000.0,0,0.35
10.8,diagnostic,12.135239658624306,12.135239658624306,12.135239658624306,12.135239658624306,26630.103296533765,74.80770485579775,72.90003844859945,24993.97515782846,50.0,1,15.15021367985703,24994.010402822132,50.0,1,1,0,15.15021367985703,24994.010402822132,1,15.238317671304845,1499.6427389699106,50.0,0,247.77708092506975,855.4109921846745,0.0,199.5498880777983,1799.780873292532,106.9263740230843,0.0,0.0,0.0,0,239.3983602718565,4474.145028865182,492.9216074998854,74.37690087450687,4474.145028865182,74.37690087450687,900000.0,0.0,1,0.0,0.0,0.0,77000.0,0.0,1,1,1,0,1,0,0.0,0,1,900000.0,4500.0,0,0,0.0,0,0.0,1.0,1,1,0,0.0,0.0,1,600000.0,400000.0,0,0.35
10.85,diagnostic,12.204716746216302,12.204716746216302,12.204716746216302,12.204716746216302,26630.111211805564,75.2384858834707,73.33091956441471,24993.93991452806,50.0,1,15.238317671304845,24993.97515782846,50.0,1,1,0,15.238317671304845,24993.97515782846,1,15.326417376808438,1499.6406241693278,50.0,0,249.20128978147426,857.0566293556316,0.0,200.71257119574642,1799.780873292532,107.13207866945395,0.0,0.0,0.0,0,240.32182330635928,4474.146366584968,493.8717666055867,74.80770485579775,4474.146366584968,74.80770485579775,900000.0,0.0,1,0.0,0.0,0.0,77000.0,0.0,1,1,1,0,1,0,0.0,0,1,900000.0,4500.0,0,0,0.0,0,0.0,1.0,1,1,0,0.0,0.0,1,600000.0,400000.0,0,0.35
10.9,diagnostic,12.274190089363312,12.274190089363312,12.274190089363312,12.274190089363312,26630.11917391373,75.66924382654108,73.76177817589284,24993.90467293148,50.0,1,15.326417376808438,24993.93991452806,50.0,1,1,0,15.326417376808438,24993.93991452806,1,15.414512769988098,1499.6385094697075,50.0,0,250.6254284955863,858.7021793506582,0.0,201.8751937710668,1799.780873292532,107.33777241883227,0.0,0.0,0.0,0,241.24169191555217,4474.1477121721255,494.8218756692272,75.2384858834707,4474.1477121721255,75.2384858834707,900000.0,0.0,1,0.0,0.0,0.0,77000.0,0.0,1,1,1,0,1,0,0.0,0,1,900000.0,4500.0,0,0,0.0,0,0.0,1.0,1,1,0,0.0,0.0,1,600000.0,400000.0,0,0.35
10.95,diagnostic,12.343659666947925,12.343659666947925,12.343659666947925,12.343659666947925,26630.12718284849,76.09997855405254,74.19261415195417,24993.869433049276,50.0,1,15.414512769988098,24993.90467293148,50.0,1,1,0,15.414512769988098,24993.90467293148,1,15.502603824469256,1499.6363948716835,50.0,0,252.04949664110043,860.3476416693228,0.0,203.03775545621428,1799.780873292532,107.54345520866535,0.0,0.0,0.0,0,242.1579867724003,4474.149065625008,495.77193440182083,75.66924382654108,4474.149065625008,75.66924382654108,900000.0,0.0,1,0.0,0.0,0.0,77000.0,0.0,1,1,1,0,1,0,0.0,0,1,900000.0,4500.0,0,0,0.0,0,0.0,1.0,1,1,0,0.0,0.0,1,600000.0,400000.0,0,0.35
11.0,diagnostic,12.41312545785734,12.41312545785734,12.41312545785734,12.41312545785734,26630.135238600047,76.53068993507713,74.6234273615468,24993.834194892006,50.0,1,15.502603824469256,24993.869433049276,50.0,1,1,0,15.502603824469256,24993.869433049276,1,15.590690513882501,1499.6342803758887,50.0,0,253.47349379179565,861.9930158113008,0.0,204.20025590371642,1799.780873292532,107.7491269764126,0.0,0.0,0.0,0,243.07072839172358,4474.150426941956,496.72194251444324,76.09997855405254,4474.150426941956,76.09997855405254,900000.0,0.0,1,0.0,0.0,0.0,77000.0,0.0,1,1,1,0,1,0,0.0,0,1,900000.0,4500.0,0,0,0.0,0,0.0,1.0,1,1,0,0.0,0.0,1,600000.0,400000.0,0,0.35
11.05,diagnostic,12.482587440983398,12.482587440983398,12.482587440983398,12.482587440983398,26630.14334115852,76.9613778387155,75.05421767364666,24993.79895847021,50.0,1,15.590690513882501,24993.834194892006,50.0,1,1,0,15.590690513882501,24993.834194892006,1,15.678772811863647,1499.6321659829566,50.0,0,254.89741952153562,863.6383012763757,0.0,205.36269476617386,1799.780873292532,107.95478765954697,0.0,0.0,0.0,0,243.97993713170592,4474.151796121302,497.6718997182319,76.53068993507713,4474.151796121302,76.53068993507713,900000.0,0.0,1,0.0,0.0,0.0,77000.0,0.0,1,1,1,0,1,0,0.0,0,1,900000.0,4500.0,0,0,0.0,0,0.0,1.0,1,1,0,0.0,0.0,1,600000.0,400000.0,0,0.35
11.1,diagnostic,12.552045595222598,12.552045595222598,12.552045595222598,12.552045595222598,26630.15149051399,77.39204213409707,75.48498495725777,24993.763723794447,50.0,1,15.678772811863647,24993.79895847021,50.0,1,1,0,15.678772811863647,24993.79895847021,1,15.76685069205375,1499.6300516935203,50.0,0,256.3212734042691,865.2834975644398,0.0,206.5250716962605,1799.780873292532,108.16043719555498,0.0,0.0,0.0,0,244.88563319538784,4474.153173161372,498.62180572438666,76.9613778387155,4474.153173161372,76.9613778387155,900000.0,0.0,1,0.0,0.0,0.0,77000.0,0.0,1,1,1,0,1,0,0.0,0,1,900000.0,4500.0,0,0,0.0,0,0.0,1.0,1,1,0,0.0,0.0,1,600000.0,400000.0,0,0.35
11.15,diagnostic,12.621499899476122,12.621499899476122,12.621499899476122,12.621499899476122,26630.159686656487,77.8226826903801,75.91572908141228,24993.728490875255,50.0,1,15.76685069205375,24993.763723794447,50.0,1,1,0,15.76685069205375,24993.763723794447,1,15.85492412809912,1499.6279375082127,50.0,0,257.7450550140307,866.9286041754942,0.0,207.68738634672448,1799.780873292532,108.36607552193678,0.0,0.0,0.0,0,245.78783663214082,4474.154558060478,499.57166024417023,77.39204213409707,4474.154558060478,77.39204213409707,900000.0,0.0,1,0.0,0.0,0.0,77000.0,0.0,1,1,1,0,1,0,0.0,0,1,900000.0,4500.0,0,0,0.0,0,0.0,1.0,1,1,0,0.0,0.0,1,600000.0,400000.0,0,0.35
11.2,diagnostic,12.69095033264987,12.69095033264987,12.69095033264987,12.69095033264987,26630.167929575964,78.25329937675195,76.3464499151708,24993.69325972318,50.0,1,15.85492412809912,24993.728490875255,50.0,1,1,0,15.85492412809912,24993.728490875255,1,15.942993093651383,1499.6258234276668,50.0,0,259.1687639249412,868.57362060965,0.0,208.84963837038785,1799.780873292532,108.57170257620625,0.0,0.0,0.0,0,246.68656733912624,4474.155950816923,500.5214629889081,77.8226826903801,4474.155950816923,77.8226826903801,900000.0,0.0,1,0.0,0.0,0.0,77000.0,0.0,1,1,1,0,1,0,0.0,0,1,900000.0,4500.0,0,0,0.0,0,0.0,1.0,1,1,0,0.0,0.0,1,600000.0,400000.0,0,0.35
11.25,diagnostic,12.760396873654472,12.760396873654472,12.760396873654472,12.760396873654472,26630.176219262325,78.6838920624292,76.77714732762233,24993.65803034876,50.0,1,15.942993093651383,24993.69325972318,50.0,1,1,0,15.942993093651383,24993.69325972318,1,16.031057562367494,1499.6237094525152,50.0,0,260.592399711208,870.218546367129,0.0,210.0118274201475,1799.780873292532,108.77731829589112,0.0,0.0,0.0,0,247.58184506273656,4474.157351429003,501.4712136699893,78.25329937675195,4474.157351429003,78.25329937675195,900000.0,0.0,1,0.0,0.0,0.0,77000.0,0.0,1,1,1,0,1,0,0.0,0,1,900000.0,4500.0,0,0,0.0,0,0.0,1.0,1,1,0,0.0,0.0,1,600000.0,400000.0,0,0.35
11.3,diagnostic,12.82983950140533,12.82983950140533,12.82983950140533,12.82983950140533,26630.184555705426,79.11446061665772,77.20782118788468,24993.62280276254,50.0,1,16.031057562367494,24993.65803034876,50.0,1,1,0,16.031057562367494,24993.65803034876,1,16.119117507909774,1499.6215955833907,50.0,0,262.0159619471257,871.8633809482633,0.0,211.17395314897544,1799.780873292532,108.98292261853291,0.0,0.0,0.0,0,248.47368940002116,4474.158759895005,502.42091199886676,78.6838920624292,4474.158759895005,78.6838920624292,900000.0,0.0,1,0.0,0.0,0.0,77000.0,0.0,1,1,1,0,1,0,0.0,0,1,900000.0,4500.0,0,0,0.0,0,0.0,1.0,1,1,0,0.0,0.0,1,600000.0,400000.0,0,0.35
11.35,diagnostic,12.899278194822624,12.899278194822624,12.899278194822624,12.899278194822624,26630.192938895067,79.54500490871304,77.6384713651044,24993.587576975053,50.0,1,16.119117507909774,24993.62280276254,50.0,1,1,0,16.119117507909774,24993.62280276254,1,16.207172903945917,1499.6194818209256,50.0,0,263.43945020707673,873.5081238534974,0.0,212.3360152099191,1799.780873292532,109.18851548168718,0.0,0.0,0.0,0,249.36211980009512,4474.160176213201,503.37055768705704,79.11446061665772,4474.160176213201,79.11446061665772,900000.0,0.0,1,0.0,0.0,0.0,77000.0,0.0,1,1,1,0,1,0,0.0,0,1,900000.0,4500.0,0,0,0.0,0,0.0,1.0,1,1,0,0.0,0.0,1,600000.0,400000.0,0,0.35
11.4,diagnostic,12.968712932831357,12.968712932831357,12.968712932831357,12.968712932831357,26630.201368820974,79.97552480790027,78.06909772845701,24993.552352996838,50.0,1,16.207172903945917,24993.587576975053,50.0,1,1,0,16.207172903945917,24993.587576975053,1,16.295223724149075,1499.6173681657524,50.0,0,264.8628640655316,875.152774583387,0.0,213.49801325610184,1799.780873292532,109.39409682292337,0.0,0.0,0.0,0,250.24715556553286,4474.16160038186,504.3201504461417,79.54500490871304,4474.16160038186,79.54500490871304,900000.0,0.0,1,0.0,0.0,0.0,77000.0,0.0,1,1,1,0,1,0,0.0,0,1,900000.0,4500.0,0,0,0.0,0,0.0,1.0,1,1,0,0.0,0.0,1,600000.0,400000.0,0,0.35
11.45,diagnostic,13.038143694361365,13.038143694361365,13.038143694361365,13.038143694361365,26630.20984547283,80.40602018355442,78.49970014714725,24993.517130838423,50.0,1,16.295223724149075,24993.552352996838,50.0,1,1,0,16.295223724149075,24993.552352996838,1,16.38326994219783,1499.615254618503,50.0,0,266.2862030970497,876.7973326386015,0.0,214.6599469407234,1799.780873292532,109.59966657982518,0.0,0.0,0.0,0,251.1288158537455,4474.163032399237,505.26968998776636,79.97552480790027,4474.163032399237,79.97552480790027,900000.0,0.0,1,0.0,0.0,0.0,77000.0,0.0,1,1,1,0,1,0,0.0,0,1,900000.0,4500.0,0,0,0.0,0,0.0,1.0,1,1,0,0.0,0.0,1,600000.0,400000.0,0,0.35
11.5,diagnostic,13.107570458347354,13.107570458347354,13.107570458347354,13.107570458347354,26630.21836884026,80.83649090504046,78.93027849040914,24993.48191051034,50.0,1,16.38326994219783,24993.517130838423,50.0,1,1,0,16.38326994219783,24993.517130838423,1,16.47131153177627,1499.61314117981,50.0,0,267.70946687627935,878.4417975199233,0.0,215.82181591705995,1799.780873292532,109.80522468999041,0.0,0.0,0.0,0,252.0071196783431,4474.164472263581,506.21917602364243,80.40602018355442,4474.164472263581,80.40602018355442,900000.0,0.0,1,0.0,0.0,0.0,77000.0,0.0,1,1,1,0,1,0,0.0,0,1,900000.0,4500.0,0,0,0.0,0,0.0,1.0,1,1,0,0.0,0.0,1,600000.0,400000.0,0,0.35
11.55,diagnostic,13.176993203728914,13.176993203728914,13.176993203728914,13.176993203728914,26630.226938912834,81.26693684175359,79.36083262750613,24993.44669202312,50.0,1,16.47131153177627,24993.48191051034,50.0,1,1,0,16.47131153177627,24993.48191051034,1,16.559348466573983,1499.6110278503054,50.0,0,269.13265497795885,880.0861687282486,0.0,216.98361983846524,1799.780873292532,110.01077109103107,0.0,0.0,0.0,0,252.88208591048115,4474.16591997313,507.1686082655465,80.83649090504046,4474.16591997313,80.83649090504046,900000.0,0.0,1,0.0,0.0,0.0,77000.0,0.0,1,1,1,0,1,0,0.0,0,1,900000.0,4500.0,0,0,0.0,0,0.0,1.0,1,1,0,0.0,0.0,1,600000.0,400000.0,0,0.35
11.6,diagnostic,13.246411909450554,13.246411909450554,13.246411909450554,13.246411909450554,26630.235555680072,81.69735786311927,79.79136242773133,24993.41147538729,50.0,1,16.559348466573983,24993.44669202312,50.0,1,1,0,16.559348466573983,24993.44669202312,1,16.647380720286115,1499.6089146306203,50.0,0,270.55576697691663,881.7304457645888,0.0,218.1453583583703,1799.780873292532,110.2163057205736,0.0,0.0,0.0,0,253.75373328019256,4474.167375526112,508.11798642532074,81.26693684175359,4474.167375526112,81.26693684175359,900000.0,0.0,1,0.0,0.0,0.0,77000.0,0.0,1,1,1,0,1,0,0.0,0,1,900000.0,4500.0,0,0,0.0,0,0.0,1.0,1,1,0,0.0,0.0,1,600000.0,400000.0,0,0.35
11.65,diagnostic,13.315826554461719,13.315826554461719,13.315826554461719,13.315826554461719,26630.24421913142,82.12775383859343,80.22186776040759,24993.37626061337,50.0,1,16.647380720286115,24993.41147538729,50.0,1,1,0,16.647380720286115,24993.41147538729,1,16.7354082666134,1499.6068015213873,50.0,0,271.9788024480718,883.3746281300699,0.0,219.30703113028403,1799.780873292532,110.42182851625874,0.0,0.0,0.0,0,254.62208037770395,4474.168838920744,509.0673102148741,81.69735786311927,4474.168838920744,81.69735786311927,900000.0,0.0,1,0.0,0.0,0.0,77000.0,0.0,1,1,1,0,1,0,0.0,0,1,900000.0,4500.0,0,0,0.0,0,0.0,1.0,1,1,0,0.0,0.0,1,600000.0,400000.0,0,0.35
11.7,diagnostic,13.385237117716825,13.385237117716825,13.385237117716825,13.385237117716825,26630.25292925627,82.55812463766266,80.65234849488775,24993.341047711885,50.0,1,16.7354082666134,24993.37626061337,50.0,1,1,0,16.7354082666134,24993.37626061337,1,16.823431079262175,1499.6046885232372,50.0,0,273.40176096643467,885.0187153259342,0.0,220.46863780779384,1799.780873292532,110.62733941574177,0.0,0.0,0.0,0,255.48714565473807,4474.1703101552375,510.01657934618146,82.12775383859343,4474.1703101552375,82.12775383859343,900000.0,0.0,1,0.0,0.0,0.0,77000.0,0.0,1,1,1,0,1,0,0.0,0,1,900000.0,4500.0,0,0,0.0,0,0.0,1.0,1,1,0,0.0,0.0,1,600000.0,400000.0,0,0.35
11.75,diagnostic,13.454643578175276,13.454643578175276,13.454643578175276,13.454643578175276,26630.261686043974,82.98847012984432,81.0828045005547,24993.305836693355,50.0,1,16.823431079262175,24993.341047711885,50.0,1,1,0,16.823431079262175,24993.341047711885,1,16.911449131944412,1499.6025756368022,50.0,0,274.8246421071073,886.6627068535399,0.0,221.63017804456578,1799.780873292532,110.83283835669249,0.0,0.0,0.0,0,256.34894742580127,4474.171789227793,510.96579353128493,82.55812463766266,4474.171789227793,82.55812463766266,900000.0,0.0,1,0.0,0.0,0.0,77000.0,0.0,1,1,1,0,1,0,0.0,0,1,900000.0,4500.0,0,0,0.0,0,0.0,1.0,1,1,0,0.0,0.0,1,600000.0,400000.0,0,0.35
11.8,diagnostic,13.52404591480149,13.52404591480149,13.52404591480149,13.52404591480149,26630.270489483824,83.41879018468671,81.51323564682157,24993.270627568294,50.0,1,16.911449131944412,24993.305836693355,50.0,1,1,0,16.911449131944412,24993.305836693355,1,16.999462398377773,1499.6004628627131,50.0,0,276.2474454452839,888.3066022143626,0.0,222.7916514943452,1799.780873292532,111.03832527679532,0.0,0.0,0.0,0,257.20750386945616,4474.1732761366,511.91495248229353,82.98847012984432,4474.1732761366,82.98847012984432,900000.0,0.0,1,0.0,0.0,0.0,77000.0,0.0,1,1,1,0,1,0,0.0,0,1,900000.0,4500.0,0,0,0.0,0,0.0,1.0,1,1,0,0.0,0.0,1,600000.0,400000.0,0,0.35
11.85,diagnostic,13.593444106564933,13.593444106564933,13.593444106564933,13.593444106564933,26630.279339565044,83.84908467176925,81.94364180313191,24993.23542034722,50.0,1,16.999462398377773,24993.270627568294,50.0,1,1,0,16.999462398377773,24993.270627568294,1,17.087470852285602,1499.5983502016013,50.0,0,277.6701705562514,889.9504009099951,0.0,223.95305781095672,1799.780873292532,111.24380011374939,0.0,0.0,0.0,0,258.06283302958144,4474.174770879841,512.8640559113841,83.41879018468671,4474.174770879841,83.41879018468671,900000.0,0.0,1,0.0,0.0,0.0,77000.0,0.0,1,1,1,0,1,0,0.0,0,1,900000.0,4500.0,0,0,0.0,0,0.0,1.0,1,1,0,0.0,0.0,1,600000.0,400000.0,0,0.35
11.9,diagnostic,13.662838132440134,13.662838132440134,13.662838132440134,13.662838132440134,26630.288236276814,84.27935346070258,82.37402283895986,24993.200215040648,50.0,1,17.087470852285602,24993.23542034722,50.0,1,1,0,17.087470852285602,24993.23542034722,1,17.17547446739699,1499.5962376540976,50.0,0,279.0928170153901,891.5941024421489,0.0,225.11439664830536,1799.780873292532,111.44926280526862,0.0,0.0,0.0,0,258.9149528166163,4474.176273455688,513.8131035308011,83.84908467176925,4474.176273455688,83.84908467176925,900000.0,0.0,1,0.0,0.0,0.0,77000.0,0.0,1,1,1,0,1,0,0.0,0,1,900000.0,4500.0,0,0,0.0,0,0.0,1.0,1,1,0,0.0,0.0,1,600000.0,400000.0,0,0.35
11.95,diagnostic,13.732227971406715,13.732227971406715,13.732227971406715,13.732227971406715,26630.297179608253,84.70959642112884,82.80437862381022,24993.165011659086,50.0,1,17.17547446739699,24993.200215040648,50.0,1,1,0,17.17547446739699,24993.200215040648,1,17.26347321744681,1499.5941252208331,50.0,0,280.51538439817375,893.237706312654,0.0,226.2756676603761,1799.780873292532,111.65471328908176,0.0,0.0,0.0,0,259.76388100879166,4474.177783862301,514.7620950528575,84.27935346070258,4474.177783862301,84.27935346070258,900000.0,0.0,1,0.0,0.0,0.0,77000.0,0.0,1,1,1,0,1,0,0.0,0,1,900000.0,4500.0,0,0,0.0,0,0.0,1.0,1,1,0,0.0,0.0,1,600000.0,400000.0,0,0.35
12.0,diagnostic,13.801613602449414,13.801613602449414,13.801613602449414,13.801613602449414,26630.306169548418,85.13981342272163,83.23470902721873,24993.129810213042,50.0,1,17.26347321744681,24993.165011659086,50.0,1,1,0,17.26347321744681,24993.165011659086,1,17.351467076175695,1499.592012902439,50.0,0,281.9378722801703,894.8812120234595,0.0,227.4368705012348,1799.780873292532,111.86015150293244,0.0,0.0,0.0,0,260.60963525334853,4474.179302097835,515.7110301899347,84.70959642112884,4474.179302097835,84.70959642112884,900000.0,0.0,1,0.0,0.0,0.0,77000.0,0.0,1,1,1,0,1,0,0.0,0,1,900000.0,4500.0,0,0,0.0,0,0.0,1.0,1,1,0,0.0,0.0,1,600000.0,400000.0,0,0.35
12.05,diagnostic,13.870995004558113,13.870995004558113,13.870995004558113,13.870995004558113,26630.315206086314,85.57000433518637,83.66501391875214,24993.094610713022,50.0,1,17.351467076175695,24993.129810213042,50.0,1,1,0,17.351467076175695,24993.129810213042,1,17.439456017330123,1499.589900699545,50.0,0,283.36028023704284,896.5246190766355,0.0,228.59800482502885,1799.780873292532,112.06557738457944,0.0,0.0,0.0,0,261.4522330677414,4474.180828160433,516.6599086544829,85.13981342272163,4474.180828160433,85.13981342272163,900000.0,0.0,1,0.0,0.0,0.0,77000.0,0.0,1,1,1,0,1,0,0.0,0,1,900000.0,4500.0,0,0,0.0,0,0.0,1.0,1,1,0,0.0,0.0,1,600000.0,400000.0,0,0.35
12.1,diagnostic,13.940372156727861,13.940372156727861,13.940372156727861,13.940372156727861,26630.324289210894,86.0001690282603,84.09529316800837,24993.05941316953,50.0,1,17.439456017330123,24993.094610713022,50.0,1,1,0,17.439456017330123,24993.094610713022,1,17.527440014662442,1499.5877886127826,50.0,0,284.78260784454903,898.1679269743715,0.0,229.75907028598672,1799.780873292532,112.27099087179644,0.0,0.0,0.0,0,262.29169184082957,4474.182362048228,517.6087301590222,85.57000433518637,4474.182362048228,85.57000433518637,900000.0,0.0,1,0.0,0.0,0.0,77000.0,0.0,1,1,1,0,1,0,0.0,0,1,900000.0,4500.0,0,0,0.0,0,0.0,1.0,1,1,0,0.0,0.0,1,600000.0,400000.0,0,0.35
12.15,diagnostic,14.0097450379589,14.0097450379589,14.0097450379589,14.0097450379589,26630.333418911054,86.43030737171274,84.5255466446167,24993.02421759307,50.0,1,17.527440014662442,24993.05941316953,50.0,1,1,0,17.527440014662442,24993.05941316953,1,17.615419041930867,1499.5856766427812,50.0,0,286.2048546785427,899.811135218979,0.0,230.92006653841926,1799.780873292532,112.47639190237237,0.0,0.0,0.0,0,263.1280288340552,4474.183903759348,518.5574944161416,86.0001690282603,4474.183903759348,86.0001690282603,900000.0,0.0,1,0.0,0.0,0.0,77000.0,0.0,1,1,1,0,1,0,0.0,0,1,900000.0,4500.0,0,0,0.0,0,0.0,1.0,1,1,0,0.0,0.0,1,600000.0,400000.0,0,0.35
12.2,diagnostic,14.079113627256689,14.079113627256689,14.079113627256689,14.079113627256689,26630.34259517564,86.86041923534519,84.95577421823792,24992.989023994134,50.0,1,17.615419041930867,24993.02421759307,50.0,1,1,0,17.615419041930867,24993.02421759307,1,17.703393072899548,1499.5835647901717,50.0,0,287.6270203149738,901.4542433128908,0.0,232.08099323671956,1799.780873292532,112.68178041411134,0.0,0.0,0.0,0,263.96126118260776,4474.185453291905,519.5062011385003,86.43030737171274,4474.185453291905,86.43030737171274,900000.0,0.0,1,0.0,0.0,0.0,77000.0,0.0,1,1,1,0,1,0,0.0,0,1,900000.0,4500.0,0,0,0.0,0,0.0,1.0,1,1,0,0.0,0.0,1,600000.0,400000.0,0,0.35
12.25,diagnostic,14.148477903631933,14.148477903631933,14.148477903631933,14.148477903631933,26630.351817993418,87.29050448899147,85.38597575856451,24992.953832383228,50.0,1,17.703393072899548,24992.989023994134,50.0,1,1,0,17.703393072899548,24992.989023994134,1,17.791362081338583,1499.581453055584,50.0,0,289.0491043298886,903.0972507586623,0.0,233.24185003536343,1799.780873292532,112.88715634483279,0.0,0.0,0.0,0,264.79140589657663,4474.187010644007,520.4548500388279,86.86041923534519,4474.187010644007,86.86041923534519,900000.0,0.0,1,0.0,0.0,0.0,77000.0,0.0,1,1,1,0,1,0,0.0,0,1,900000.0,4500.0,0,0,0.0,0,0.0,1.0,1,1,0,0.0,0.0,1,600000.0,400000.0,0,0.35
12.3,diagnostic,14.217837846100602,14.217837846100602,14.217837846100602,14.217837846100602,26630.361087353132,87.72056300251799,85.81615113532072,24992.91864277084,50.0,1,17.791362081338583,24992.953832383228,50.0,1,1,0,17.791362081338583,24992.953832383228,1,17.879326041024036,1499.579341439648,50.0,0,290.47110629943114,904.740157058972,0.0,234.40263658891016,1799.780873292532,113.0925196323715,0.0,0.0,0.0,0,265.6184798620904,4474.18857581375,521.4034408299246,87.29050448899147,4474.18857581375,87.29050448899147,900000.0,0.0,1,0.0,0.0,0.0,77000.0,0.0,1,1,1,0,1,0,0.0,0,1,900000.0,4500.0,0,0,0.0,0,0.0,1.0,1,1,0,0.0,0.0,1,600000.0,400000.0,0,0.35
12.35,diagnostic,14.287193433683965,14.287193433683965,14.287193433683965,14.287193433683965,26630.370403243436,88.15059464582373,86.24630021826276,24992.883455167466,50.0,1,17.879326041024036,24992.91864277084,50.0,1,1,0,17.879326041024036,24992.91864277084,1,17.96728492573801,1499.5772299429937,50.0,0,291.89302579984263,906.3829617166218,0.0,235.5633525520022,1799.780873292532,113.29787021457773,0.0,0.0,0.0,0,266.4424998424446,4474.190148799221,522.3519732246618,87.72056300251799,4474.190148799221,87.72056300251799,900000.0,0.0,1,0.0,0.0,0.0,77000.0,0.0,1,1,1,0,1,0,0.0,0,1,900000.0,4500.0,0,0,0.0,0,0.0,1.0,1,1,0,0.0,0.0,1,600000.0,400000.0,0,0.35
12.4,diagnostic,14.356544645408608,14.356544645408608,14.356544645408608,14.356544645408608,26630.379765652964,88.58059928884059,86.67642287717904,24992.848269583592,50.0,1,17.96728492573801,24992.883455167466,50.0,1,1,0,17.96728492573801,24992.883455167466,1,18.055238709268618,1499.5751185662505,50.0,0,293.31486240746284,908.0256642345377,0.0,236.72399757936654,1799.780873292532,113.50320802931721,0.0,0.0,0.0,0,267.2634824792156,4474.191729598498,523.3004469359819,88.15059464582373,4474.191729598498,88.15059464582373,900000.0,0.0,1,0.0,0.0,0.0,77000.0,0.0,1,1,1,0,1,0,0.0,0,1,900000.0,4500.0,0,0,0.0,0,0.0,1.0,1,1,0,0.0,0.0,1,600000.0,400000.0,0,0.35
12.45,diagnostic,14.425891460306456,14.425891460306456,14.425891460306456,14.425891460306456,26630.389174570257,89.01057680153338,87.10651898189013,24992.813086029706,50.0,1,18.055238709268618,24992.848269583592,50.0,1,1,0,18.055238709268618,24992.848269583592,1,18.14318736541007,1499.5730073100478,50.0,0,294.73661569872974,909.6682641157706,0.0,237.88457132581408,1799.780873292532,113.70853301447133,0.0,0.0,0.0,0,268.0814442933646,4474.19331820965,524.2488616768991,88.58059928884059,4474.19331820965,88.58059928884059,900000.0,0.0,1,0.0,0.0,0.0,77000.0,0.0,1,1,1,0,1,0,0.0,0,1,900000.0,4500.0,0,0,0.0,0,0.0,1.0,1,1,0,0.0,0.0,1,600000.0,400000.0,0,0.35
12.5,diagnostic,14.495233857414808,14.495233857414808,14.495233857414808,14.495233857414808,26630.398629983836,89.44052705390003,87.53658840224922,24992.777904516293,50.0,1,18.14318736541007,24992.813086029706,50.0,1,1,0,18.14318736541007,24992.813086029706,1,18.231130867962666,1499.5708961750154,50.0,0,296.1582852501813,911.310760863497,0.0,239.0450734462411,1799.780873292532,113.91384510793712,0.0,0.0,0.0,0,268.89640168632707,4474.194914630734,525.1972171604998,89.01057680153338,4474.194914630734,89.01057680153338,900000.0,0.0,1,0.0,0.0,0.0,77000.0,0.0,1,1,1,0,1,0,0.0,0,1,900000.0,4500.0,0,0,0.0,0,0.0,1.0,1,1,0,0.0,0.0,1,600000.0,400000.0,0,0.35
12.55,diagnostic,14.564571815776356,14.564571815776356,14.564571815776356,14.564571815776356,26630.40813188213,89.87044991597182,87.96663100814197,24992.742725053835,50.0,1,18.231130867962666,24992.777904516293,50.0,1,1,0,18.231130867962666,24992.777904516293,1,18.31906919073286,1499.5687851617822,50.0,0,297.5798706384542,912.953153981019,0.0,240.2055035956286,1799.780873292532,114.11914424762737,0.0,0.0,0.0,0,269.7083709410927,4474.196518859802,526.1455130999427,89.44052705390003,4474.196518859802,89.44052705390003,900000.0,0.0,1,0.0,0.0,0.0,77000.0,0.0,1,1,1,0,1,0,0.0,0,1,900000.0,4500.0,0,0,0.0,0,0.0,1.0,1,1,0,0.0,0.0,1,600000.0,400000.0,0,0.35
12.6,diagnostic,14.63390531443921,14.63390531443921,14.63390531443921,14.63390531443921,26630.417680253544,90.3003452578134,88.39664666948681,24992.707547652815,50.0,1,18.31906919073286,24992.742725053835,50.0,1,1,0,18.31906919073286,24992.742725053835,1,18.40700230753325,1499.5666742709775,50.0,0,299.00137144028594,914.5954429717654,0.0,241.3658614290434,1799.780873292532,114.32443037147067,0.0,0.0,0.0,0,270.51736822327257,4474.198130894893,527.0937492084593,89.87044991597182,4474.198130894893,89.87044991597182,900000.0,0.0,1,0.0,0.0,0.0,77000.0,0.0,1,1,1,0,1,0,0.0,0,1,900000.0,4500.0,0,0,0.0,0,0.0,1.0,1,1,0,0.0,0.0,1,600000.0,400000.0,0,0.35
12.65,diagnostic,14.703234332456924,14.703234332456924,14.703234332456924,14.703234332456924,26630.427275086404,90.73021294952311,88.82663525623512,24992.67237232371,50.0,1,18.40700230753325,24992.707547652815,50.0,1,1,0,18.40700230753325,24992.707547652815,1,18.494930192182636,1499.5645635032301,50.0,0,300.4227872325144,916.2376273392919,0.0,242.52614660163843,1799.780873292532,114.52970341741148,0.0,0.0,0.0,0,271.32340958215445,4474.199750734039,528.0419251993537,90.3003452578134,4474.199750734039,90.3003452578134,900000.0,0.0,1,0.0,0.0,0.0,77000.0,0.0,1,1,1,0,1,0,0.0,0,1,900000.0,4500.0,0,0,0.0,0,0.0,1.0,1,1,0,0.0,0.0,1,600000.0,400000.0,0,0.35
12.7,diagnostic,14.772558848888522,14.772558848888522,14.772558848888522,14.772558848888522,26630.436916369003,91.16005286123293,89.2565966383713,24992.637199076988,50.0,1,18.494930192182636,24992.67237232371,50.0,1,1,0,18.494930192182636,24992.67237232371,1,18.582852818506044,1499.5624528591688,50.0,0,301.8441175920786,917.8797065872823,0.0,243.68635876865287,1799.780873292532,114.73496332341028,0.0,0.0,0.0,0,272.126510951748,4474.201378375262,528.9900407860042,90.73021294952311,4474.201378375262,90.73021294952311,900000.0,0.0,1,0.0,0.0,0.0,77000.0,0.0,1,1,1,0,1,0,0.0,0,1,900000.0,4500.0,0,0,0.0,0,0.0,1.0,1,1,0,0.0,0.0,1,600000.0,400000.0,0,0.35
12.75,diagnostic,14.841878842798524,14.841878842798524,14.841878842798524,14.841878842798524,26630.446604089557,91.58986486310884,89.68653068591303,24992.602027923127,50.0,1,18.582852818506044,24992.637199076988,50.0,1,1,0,18.582852818506044,24992.637199076988,1,18.670770160334758,1499.5603423394225,50.0,0,303.26536209601954,919.5216802195487,0.0,244.846497585413,1799.780873292532,114.94021002744358,0.0,0.0,0.0,0,272.926688151817,4474.203013816572,529.9380956818621,91.16005286123293,4474.203013816572,91.16005286123293,900000.0,0.0,1,0.0,0.0,0.0,77000.0,0.0,1,1,1,0,1,0,0.0,0,1,900000.0,4500.0,0,0,0.0,0,0.0,1.0,1,1,0,0.0,0.0,1,600000.0,400000.0,0,0.35
12.8,diagnostic,14.911194293256964,14.911194293256964,14.911194293256964,14.911194293256964,26630.456338236236,92.01964882535086,90.11643726891128,24992.566858872597,50.0,1,18.670770160334758,24992.602027923127,50.0,1,1,0,18.670770160334758,24992.602027923127,1,18.758682191506363,1499.5582319446191,50.0,0,304.68652032147986,921.163547740032,0.0,246.00656270733197,1799.780873292532,115.145443467504,0.0,0.0,0.0,0,273.7239568889022,4474.204657055974,530.8860896004535,91.58986486310884,4474.204657055974,91.58986486310884,900000.0,0.0,1,0.0,0.0,0.0,77000.0,0.0,1,1,1,0,1,0,0.0,0,1,900000.0,4500.0,0,0,0.0,0,0.0,1.0,1,1,0,0.0,0.0,1,600000.0,400000.0,0,0.35
12.85,diagnostic,14.980505179339426,14.980505179339426,14.980505179339426,14.980505179339426,26630.466118797158,92.44940461819317,90.54631625745063,24992.531691935867,50.0,1,18.758682191506363,24992.566858872597,50.0,1,1,0,18.758682191506363,24992.566858872597,1,18.846588885864733,1499.5561216753877,50.0,0,306.1075918457052,922.8053086528025,0.0,247.16655378991086,1799.780873292532,115.35066358160032,0.0,0.0,0.0,0,274.5183327573321,4474.20630809146,531.8340222553782,92.01964882535086,4474.20630809146,92.01964882535086,900000.0,0.0,1,0.0,0.0,0.0,77000.0,0.0,1,1,1,0,1,0,0.0,0,1,900000.0,4500.0,0,0,0.0,0,0.0,1.0,1,1,0,0.0,0.0,1,600000.0,400000.0,0,0.35
12.9,diagnostic,15.049811480127063,15.049811480127063,15.049811480127063,15.049811480127063,26630.475945760372,92.87913211190444,90.97616752164929,24992.496527123396,50.0,1,18.846588885864733,24992.531691935867,50.0,1,1,0,18.846588885864733,24992.531691935867,1,18.934490217260116,1499.5540115323558,50.0,0,307.5285762460441,924.4469624620612,0.0,248.3264704887386,1799.780873292532,115.55587030775764,0.0,0.0,0.0,0,275.30983124022333,4474.207966921017,532.7818933603113,92.44940461819317,4474.207966921017,92.44940461819317,900000.0,0.0,1,0.0,0.0,0.0,77000.0,0.0,1,1,1,0,1,0,0.0,0,1,900000.0,4500.0,0,0,0.0,0,0.0,1.0,1,1,0,0.0,0.0,1,600000.0,400000.0,0,0.35
12.95,diagnostic,15.11911317470662,15.11911317470662,15.11911317470662,15.11911317470662,26630.485819113892,93.30883117678779,91.40599093165935,24992.461364445655,50.0,1,18.934490217260116,24992.496527123396,50.0,1,1,0,18.934490217260116,24992.496527123396,1,19.02238615954912,1499.551901516152,50.0,0,308.949473099949,926.0885086721386,0.0,249.48631245949278,1799.780873292532,115.76106358401732,0.0,0.0,0.0,0,276.0984677104705,4474.209633542619,533.7297026290029,92.87913211190444,4474.209633542619,92.87913211190444,900000.0,0.0,1,0.0,0.0,0.0,77000.0,0.0,1,1,1,0,1,0,0.0,0,1,900000.0,4500.0,0,0,0.0,0,0.0,1.0,1,1,0,0.0,0.0,1,600000.0,400000.0,0,0.35
13.0,diagnostic,15.188410242170455,15.188410242170455,15.188410242170455,15.188410242170455,26630.495738845664,93.73850168318104,91.83578635766689,24992.426203913095,50.0,1,19.02238615954912,24992.461364445655,50.0,1,1,0,19.02238615954912,24992.461364445655,1,19.110276686594784,1499.5497916274037,50.0,0,310.3702819849763,927.7299467874979,0.0,250.64607935793967,1799.780873292532,115.96624334843723,0.0,0.0,0.0,0,276.8842574317251,4474.2113079542305,534.6774497752783,93.30883117678779,4474.2113079542305,93.30883117678779,900000.0,0.0,1,0.0,0.0,0.0,77000.0,0.0,1,1,1,0,1,0,0.0,0,1,900000.0,4500.0,0,0,0.0,0,0.0,1.0,1,1,0,0.0,0.0,1,600000.0,400000.0,0,0.35
13.05,diagnostic,15.257702661616586,15.257702661616586,15.257702661616586,15.257702661616586,26630.505704943578,94.16814350145683,92.26555366989214,24992.39104553618,50.0,1,19.110276686594784,24992.426203913095,50.0,1,1,0,19.110276686594784,24992.426203913095,1,19.198161772266573,1499.5476818667391,50.0,0,311.79100247878705,929.3712763127336,0.0,251.80577083993484,1799.780873292532,116.1714095390917,0.0,0.0,0.0,0,277.6672155593635,4474.212990153807,535.6251345130391,93.73850168318104,4474.212990153807,93.73850168318104,900000.0,0.0,1,0.0,0.0,0.0,77000.0,0.0,1,1,1,0,1,0,0.0,0,1,900000.0,4500.0,0,0,0.0,0,0.0,1.0,1,1,0,0.0,0.0,1,600000.0,400000.0,0,0.35
13.1,diagnostic,15.326990412148685,15.326990412148685,15.326990412148685,15.326990412148685,26630.51571739546,94.59775650202283,92.69529273858964,24992.35588932536,50.0,1,19.198161772266573,24992.39104553618,50.0,1,1,0,19.198161772266573,24992.39104553618,1,19.286041390440435,1499.5455722347856,50.0,0,313.2116341591471,931.0124967525722,0.0,252.96538656142326,1799.780873292532,116.37656209407153,0.0,0.0,0.0,0,278.4473571414468,4474.214680139298,536.5727565562628,94.16814350145683,4474.214680139298,94.16814350145683,900000.0,0.0,1,0.0,0.0,0.0,77000.0,0.0,1,1,1,0,1,0,0.0,0,1,900000.0,4500.0,0,0,0.0,0,0.0,1.0,1,1,0,0.0,0.0,1,600000.0,400000.0,0,0.35
13.15,diagnostic,15.396273472876125,15.396273472876125,15.396273472876125,15.396273472876125,26630.525776189104,95.02734055532186,93.1250034340484,24992.320735291094,50.0,1,19.286041390440435,24992.35588932536,50.0,1,1,0,19.286041390440435,24992.35588932536,1,19.37391551499879,1499.5434627321708,50.0,0,314.6321766039283,932.6536076118743,0.0,254.12492617844032,1799.780873292532,116.5817009514843,0.0,0.0,0.0,0,279.224697119668,4474.216377908641,537.5203156190032,94.59775650202283,4474.216377908641,94.59775650202283,900000.0,0.0,1,0.0,0.0,0.0,77000.0,0.0,1,1,1,0,1,0,0.0,0,1,900000.0,4500.0,0,0,0.0,0,0.0,1.0,1,1,0,0.0,0.0,1,600000.0,400000.0,0,0.35
13.2,diagnostic,15.465551822914,15.465551822914,15.465551822914,15.465551822914,26630.535881312233,95.45689553183198,93.55468562659202,24992.285583443823,50.0,1,19.37391551499879,24992.320735291094,50.0,1,1,0,19.37391551499879,24992.320735291094,1,19.461784119830615,1499.5413533595215,50.0,0,316.05262939110855,934.2946083956333,0.0,255.28438934711167,1799.780873292532,116.78682604945416,0.0,0.0,0.0,0,279.9992503302902,4474.218083459764,538.4678114153913,95.02734055532186,4474.218083459764,95.02734055532186,900000.0,0.0,1,0.0,0.0,0.0,77000.0,0.0,1,1,1,0,1,0,0.0,0,1,900000.0,4500.0,0,0,0.0,0,0.0,1.0,1,1,0,0.0,0.0,1,600000.0,400000.0,0,0.35
13.25,diagnostic,15.534825441383141,15.534825441383141,15.534825441383141,15.534825441383141,26630.546032752514,95.88642130206681,93.98433918657886,24992.250433794,50.0,1,19.461784119830615,24992.285583443823,50.0,1,1,0,19.461784119830615,24992.285583443823,1,19.549647178831457,1499.5392441174656,50.0,0,317.47299209877224,935.9354986089771,0.0,256.4437757236538,1799.780873292532,116.99193732612214,0.0,0.0,0.0,0,280.77103150507514,4474.219796790586,539.4152436596349,95.45689553183198,4474.219796790586,95.45689553183198,900000.0,0.0,1,0.0,0.0,0.0,77000.0,0.0,1,1,1,0,1,0,0.0,0,1,900000.0,4500.0,0,0,0.0,0,0.0,1.0,1,1,0,0.0,0.0,1,600000.0,400000.0,0,0.35
13.3,diagnostic,15.604094307410152,15.604094307410152,15.604094307410152,15.604094307410152,26630.55623049757,96.31591773657547,94.4139639844023,24992.215286352068,50.0,1,19.549647178831457,24992.250433794,50.0,1,1,0,19.549647178831457,24992.250433794,1,19.637504665903435,1499.5371350066293,50.0,0,318.8932643051107,937.5762777571684,0.0,257.6030849643744,1799.780873292532,117.19703471964606,0.0,0.0,0.0,0,281.5400552722019,4474.221517899015,540.3626120660196,95.88642130206681,4474.221517899015,95.88642130206681,900000.0,0.0,1,0.0,0.0,0.0,77000.0,0.0,1,1,1,0,1,0,0.0,0,1,900000.0,4500.0,0,0,0.0,0,0.0,1.0,1,1,0,0.0,0.0,1,600000.0,400000.0,0,0.35
13.35,diagnostic,15.673358400127432,15.673358400127432,15.673358400127432,15.673358400127432,26630.56647453494,96.74538470594295,94.84355989049072,24992.18014112847,50.0,1,19.637504665903435,24992.215286352068,50.0,1,1,0,19.637504665903435,24992.215286352068,1,19.7253565549553,1499.53502602764,50.0,0,320.31344558842284,939.2169453456061,0.0,258.7623167256728,1799.780873292532,117.40211816820076,0.0,0.0,0.0,0,282.30633615717517,4474.223246782954,541.3099163489086,96.31591773657547,4474.223246782954,96.31591773657547,900000.0,0.0,1,0.0,0.0,0.0,77000.0,0.0,1,1,1,0,1,0,0.0,0,1,900000.0,4500.0,0,0,0.0,0,0.0,1.0,1,1,0,0.0,0.0,1,600000.0,400000.0,0,0.35
13.4,diagnostic,15.742617698673191,15.742617698673191,15.742617698673191,15.742617698673191,26630.576764852143,97.17482208079008,95.27312677530774,24992.144998133637,50.0,1,19.7253565549553,24992.18014112847,50.0,1,1,0,19.7253565549553,24992.18014112847,1,19.813202819902443,1499.532917181124,50.0,0,321.733535527116,940.8575008798235,0.0,259.9214706640405,1799.780873292532,117.60718760997794,0.0,0.0,0.0,0,283.06988858372483,4474.224983440296,542.2571562227437,96.74538470594295,4474.224983440296,96.74538470594295,900000.0,0.0,1,0.0,0.0,0.0,77000.0,0.0,1,1,1,0,1,0,0.0,0,1,900000.0,4500.0,0,0,0.0,0,0.0,1.0,1,1,0,0.0,0.0,1,600000.0,400000.0,0,0.35
13.45,diagnostic,15.811872182191491,15.811872182191491,15.811872182191491,15.811872182191491,26630.58710143664,97.60422973177378,95.7026645093524,24992.10985737802,50.0,1,19.813202819902443,24992.144998133637,50.0,1,1,0,19.813202819902443,24992.144998133637,1,19.901043434666967,1499.530808467708,50.0,0,323.1535336997058,942.4979438654922,0.0,261.0805464360615,1799.780873292532,117.81224298318652,0.0,0.0,0.0,0,283.8307268746958,4474.22672786892,543.2043314020447,97.17482208079008,4474.22672786892,97.17482208079008,900000.0,0.0,1,0.0,0.0,0.0,77000.0,0.0,1,1,1,0,1,0,0.0,0,1,900000.0,4500.0,0,0,0.0,0,0.0,1.0,1,1,0,0.0,0.0,1,600000.0,400000.0,0,0.35
13.5,diagnostic,15.881121829832258,15.881121829832258,15.881121829832258,15.881121829832258,26630.597484275808,98.03360752958724,96.13217296315928,24992.074718872038,50.0,1,19.901043434666967,24992.10985737802,50.0,1,1,0,19.901043434666967,24992.10985737802,1,19.98887837317768,1499.528699888018,50.0,0,324.57343968481666,944.13827380842,0.0,262.2395436984124,1799.780873292532,118.0172842260525,0.0,0.0,0.0,0,284.5888652529281,4474.228480066698,544.1514416014107,97.60422973177378,4474.228480066698,97.60422973177378,900000.0,0.0,1,0.0,0.0,0.0,77000.0,0.0,1,1,1,0,1,0,0.0,0,1,900000.0,4500.0,0,0,0.0,0,0.0,1.0,1,1,0,0.0,0.0,1,600000.0,400000.0,0,0.35
13.55,diagnostic,15.950366620751309,15.950366620751309,15.950366620751309,15.950366620751309,26630.607913356984,98.46295534496001,96.56165200729863,24992.039582626134,50.0,1,19.98887837317768,24992.074718872038,50.0,1,1,0,19.98887837317768,24992.074718872038,1,20.076707609370104,1499.5265914426811,50.0,0,325.993253061183,945.7784902145529,0.0,263.3984621078629,1799.780873292532,118.22231127681911,0.0,0.0,0.0,0,285.34431784212893,4474.230240031496,545.0984865355199,98.03360752958724,4474.230240031496,98.03360752958724,900000.0,0.0,1,0.0,0.0,0.0,77000.0,0.0,1,1,1,0,1,0,0.0,0,1,900000.0,4500.0,0,0,0.0,0,0.0,1.0,1,1,0,0.0,0.0,1,600000.0,400000.0,0,0.35
13.6,diagnostic,16.019606534110377,16.019606534110377,16.019606534110377,16.019606534110377,26630.618388667463,98.89227304865811,96.99110151237657,24992.00444865073,50.0,1,20.076707609370104,24992.039582626134,50.0,1,1,0,20.076707609370104,24992.039582626134,1,20.164531117186577,1499.5244831323223,50.0,0,327.4129734076487,947.4185925899751,0.0,264.55730132127667,1799.780873292532,118.42732407374689,0.0,0.0,0.0,0,286.09709866773426,4474.232007761167,546.04546591913,98.46295534496001,4474.232007761167,98.46295534496001,900000.0,0.0,1,0.0,0.0,0.0,77000.0,0.0,1,1,1,0,1,0,0.0,0,1,900000.0,4500.0,0,0,0.0,0,0.0,1.0,1,1,0,0.0,0.0,1,600000.0,400000.0,0,0.35
13.65,diagnostic,16.08884154907715,16.08884154907715,16.08884154907715,16.08884154907715,26630.628910194464,99.32156051148434,97.42052134903525,24991.969316956252,50.0,1,20.164531117186577,24992.00444865073,50.0,1,1,0,20.164531117186577,24992.00444865073,1,20.252348870576206,1499.522374957568,50.0,0,328.8326003031688,949.0585804409099,0.0,265.7160609956115,1799.780873292532,118.63232255511373,0.0,0.0,0.0,0,286.8472216577621,4474.233783253556,546.9923794670785,98.89227304865811,4474.233783253556,98.89227304865811,900000.0,0.0,1,0.0,0.0,0.0,77000.0,0.0,1,1,1,0,1,0,0.0,0,1,900000.0,4500.0,0,0,0.0,0,0.0,1.0,1,1,0,0.0,0.0,1,600000.0,400000.0,0,0.35
13.7,diagnostic,16.158071644825267,16.158071644825267,16.158071644825267,16.158071644825267,26630.639477925164,99.75081760427832,97.84991138795297,24991.934187553125,50.0,1,20.252348870576206,24991.969316956252,50.0,1,1,0,20.252348870576206,24991.969316956252,1,20.34016084349498,1499.5202669190437,50.0,0,330.25213332680875,950.6984532737199,0.0,266.8747407879191,1799.780873292532,118.83730665921499,0.0,0.0,0.0,0,287.5947006436571,4474.2355665065015,547.9392268942835,99.32156051148434,4474.2355665065015,99.32156051148434,900000.0,0.0,1,0.0,0.0,0.0,77000.0,0.0,1,1,1,0,1,0,0.0,0,1,900000.0,4500.0,0,0,0.0,0,0.0,1.0,1,1,0,0.0,0.0,1,600000.0,400000.0,0,0.35
13.75,diagnostic,16.22729680053437,16.22729680053437,16.22729680053437,16.22729680053437,26630.650091846695,100.18004419791666,98.27927149984431,24991.89906045177,50.0,1,20.34016084349498,24991.934187553125,50.0,1,1,0,20.34016084349498,24991.934187553125,1,20.427967009905696,1499.5181590173752,50.0,0,331.67157205774595,952.3382105949079,0.0,268.03334035534664,1799.780873292532,119.04227632436348,0.0,0.0,0.0,0,288.33954936112616,4474.237357517828,548.8860079157431,99.75081760427832,4474.237357517828,99.75081760427832,900000.0,0.0,1,0.0,0.0,0.0,77000.0,0.0,1,1,1,0,1,0,0.0,0,1,900000.0,4500.0,0,0,0.0,0,0.0,1.0,1,1,0,0.0,0.0,1,600000.0,400000.0,0,0.35
13.8,diagnostic,16.296516995390107,16.296516995390107,16.296516995390107,16.296516995390107,26630.660751946114,100.60924016331309,98.70860155546039,24991.8639356626,50.0,1,20.427967009905696,24991.89906045177,50.0,1,1,0,20.427967009905696,24991.89906045177,1,20.515767343778098,1499.5160512531875,50.0,0,333.0909160752695,953.9778519111179,0.0,269.191859355136,1799.780873292532,119.24723148888974,0.0,0.0,0.0,0,289.0817814509649,4474.239156285352,549.8327222465366,100.18004419791666,4474.239156285352,100.18004419791666,900000.0,0.0,1,0.0,0.0,0.0,77000.0,0.0,1,1,1,0,1,0,0.0,0,1,900000.0,4500.0,0,0,0.0,0,0.0,1.0,1,1,0,0.0,0.0,1,600000.0,400000.0,0,0.35
13.85,diagnostic,16.365732208584177,16.365732208584177,16.365732208584177,16.365732208584177,26630.671458210414,101.03840537141866,99.1379014255889,24991.828813196036,50.0,1,20.515767343778098,24991.8639356626,50.0,1,1,0,20.515767343778098,24991.8639356626,1,20.603561819088835,1499.5139436271063,50.0,0,334.51016495878105,955.6173767291349,0.0,270.35029744462486,1799.780873292532,119.45217209114186,0.0,0.0,0.0,0,289.8214104598763,4474.240962806882,550.7793696018249,100.60924016331309,4474.240962806882,100.60924016331309,900000.0,0.0,1,0.0,0.0,0.0,77000.0,0.0,1,1,1,0,1,0,0.0,0,1,900000.0,4500.0,0,0,0.0,0,0.0,1.0,1,1,0,0.0,0.0,1,600000.0,400000.0,0,0.35
13.9,diagnostic,16.434942419314343,16.434942419314343,16.434942419314343,16.434942419314343,26630.68221062656,101.4675396932219,99.5671709810543,24991.79369306249,50.0,1,20.603561819088835,24991.828813196036,50.0,1,1,0,20.603561819088835,24991.828813196036,1,20.691350409821506,1499.511836139756,50.0,0,335.92931828779496,957.2567845558854,0.0,271.508654281247,1799.780873292532,119.65709806948567,0.0,0.0,0.0,0,290.5584498412807,4474.242777080217,551.7259496968501,101.03840537141866,4474.242777080217,101.03840537141866,900000.0,0.0,1,0.0,0.0,0.0,77000.0,0.0,1,1,1,0,1,0,0.0,0,1,900000.0,4500.0,0,0,0.0,0,0.0,1.0,1,1,0,0.0,0.0,1,600000.0,400000.0,0,0.35
13.95,diagnostic,16.504147606784457,16.504147606784457,16.504147606784457,16.504147606784457,26630.69300918145,101.89664299974893,99.996410092718,24991.758575272364,50.0,1,20.691350409821506,24991.79369306249,50.0,1,1,0,20.691350409821506,24991.79369306249,1,20.7791330899667,1499.5097287917622,50.0,0,337.34837564193947,958.896074898439,0.0,272.6669295225324,1799.780873292532,119.86200936230487,0.0,0.0,0.0,0,291.29291295611745,4474.244599103147,552.672462246936,101.4675396932219,4474.244599103147,101.4675396932219,900000.0,0.0,1,0.0,0.0,0.0,77000.0,0.0,1,1,1,0,1,0,0.0,0,1,900000.0,4500.0,0,0,0.0,0,0.0,1.0,1,1,0,0.0,0.0,1,600000.0,400000.0,0,0.35
14.0,diagnostic,16.573347750204483,16.573347750204483,16.573347750204483,16.573347750204483,26630.70385386193,102.32571516206363,100.42561863147849,24991.72345983607,50.0,1,20.7791330899667,24991.758575272364,50.0,1,1,0,20.7791330899667,24991.758575272364,1,20.866909833522026,1499.5076215837494,50.0,0,338.76733660095647,960.535247264008,0.0,273.82512282610804,1799.780873292532,120.066905908001,0.0,0.0,0.0,0,292.0248130736378,4474.246428873454,553.6189069674894,101.89664299974893,4474.246428873454,101.89664299974893,900000.0,0.0,1,0.0,0.0,0.0,77000.0,0.0,1,1,1,0,1,0,0.0,0,1,900000.0,4500.0,0,0,0.0,0,0.0,1.0,1,1,0,0.0,0.0,1,600000.0,400000.0,0,0.35
14.05,diagnostic,16.642542828790535,16.642542828790535,16.642542828790535,16.642542828790535,26630.714744654797,102.7547560512678,100.85479646827147,24991.688346764015,50.0,1,20.866909833522026,24991.72345983607,50.0,1,1,0,20.866909833522026,24991.72345983607,1,20.954680614492155,1499.505514516342,50.0,0,340.1862007447023,962.1743011599485,0.0,274.98323384969825,1799.780873292532,120.27178764499357,0.0,0.0,0.0,0,292.75416337219036,4474.248266388908,554.5652835739988,102.32571516206363,4474.248266388908,102.32571516206363,900000.0,0.0,1,0.0,0.0,0.0,77000.0,0.0,1,1,1,0,1,0,0.0,0,1,900000.0,4500.0,0,0,0.0,0,0.0,1.0,1,1,0,0.0,0.0,1,600000.0,400000.0,0,0.35
14.1,diagnostic,16.711732821764876,16.711732821764876,16.711732821764876,16.711732821764876,26630.725681546777,103.18376553850132,101.28394347407011,24991.65323606659,50.0,1,20.954680614492155,24991.688346764015,50.0,1,1,0,20.954680614492155,24991.688346764015,1,21.042445406888802,1499.5034075901642,50.0,0,341.6049676531484,963.8132360937608,0.0,276.1412622511246,1799.780873292532,120.4766545117201,0.0,0.0,0.0,0,293.48097693999813,4474.2501116472695,555.5115917820364,102.7547560512678,4474.2501116472695,102.7547560512678,900000.0,0.0,1,0.0,0.0,0.0,77000.0,0.0,1,1,1,0,1,0,0.0,0,1,900000.0,4500.0,0,0,0.0,0,0.0,1.0,1,1,0,0.0,0.0,1,600000.0,400000.0,0,0.35
14.15,diagnostic,16.78091770835597,16.78091770835597,16.78091770835597,16.78091770835597,26630.73666452455,103.61274349494224,101.71305951988505,24991.618127754202,50.0,1,21.042445406888802,24991.65323606659,50.0,1,1,0,21.042445406888802,24991.65323606659,1,21.13020418473083,1499.5013008058409,50.0,0,343.0236369063813,965.45205157309,0.0,277.29920768830686,1799.780873292532,120.68150644663625,0.0,0.0,0.0,0,294.20526677592756,4474.251964646293,556.4578313072572,103.18376553850132,4474.251964646293,103.18376553850132,900000.0,0.0,1,0.0,0.0,0.0,77000.0,0.0,1,1,1,0,1,0,0.0,0,1,900000.0,4500.0,0,0,0.0,0,0.0,1.0,1,1,0,0.0,0.0,1,600000.0,400000.0,0,0.35
14.2,diagnostic,16.850097467798495,16.850097467798495,16.850097467798495,16.850097467798495,26630.747693574736,104.04168979180703,102.14214447676467,24991.583021837243,50.0,1,21.13020418473083,24991.618127754202,50.0,1,1,0,21.13020418473083,24991.618127754202,1,21.217956922044202,1499.4991941639955,50.0,0,344.44220808460335,967.0907471057268,0.0,278.4570698192631,1799.780873292532,120.88634338821585,0.0,0.0,0.0,0,294.92704579025,4474.253825383722,557.4040018654,103.61274349494224,4474.253825383722,103.61274349494224,900000.0,0.0,1,0.0,0.0,0.0,77000.0,0.0,1,1,1,0,1,0,0.0,0,1,900000.0,4500.0,0,0,0.0,0,0.0,1.0,1,1,0,0.0,0.0,1,600000.0,400000.0,0,0.35
14.25,diagnostic,16.919272079333357,16.919272079333357,16.919272079333357,16.919272079333357,26630.758768683914,104.47060430035067,102.57119821579514,24991.54791832611,50.0,1,21.217956922044202,24991.583021837243,50.0,1,1,0,21.217956922044202,24991.583021837243,1,21.305703592862063,1499.4970876652521,50.0,0,345.8606807681337,968.7293221996075,0.0,279.61484830211026,1799.780873292532,121.09116527495094,0.0,0.0,0.0,0,295.6463268053951,4474.255693857291,558.3501031722877,104.04168979180703,4474.255693857291,104.04168979180703,900000.0,0.0,1,0.0,0.0,0.0,77000.0,0.0,1,1,1,0,1,0,0.0,0,1,900000.0,4500.0,0,0,0.0,0,0.0,1.0,1,1,0,0.0,0.0,1,600000.0,400000.0,0,0.35
14.3,diagnostic,16.988441522207737,16.988441522207737,16.988441522207737,16.988441522207737,26630.769889838593,104.89948689186681,103.00022060810066,24991.51281723118,50.0,1,21.305703592862063,24991.54791832611,50.0,1,1,0,21.305703592862063,24991.54791832611,1,21.393444171224765,1499.4949813102346,50.0,0,347.2790545374081,970.3677763628154,0.0,280.77254279506445,1799.780873292532,121.29597204535193,0.0,0.0,0.0,0,296.3631225566966,4474.257570064726,559.2961349438272,104.47060430035067,4474.257570064726,104.47060430035067,900000.0,0.0,1,0.0,0.0,0.0,77000.0,0.0,1,1,1,0,1,0,0.0,0,1,900000.0,4500.0,0,0,0.0,0,0.0,1.0,1,1,0,0.0,0.0,1,600000.0,400000.0,0,0.35
14.35,diagnostic,17.057605775675093,17.057605775675093,17.057605775675093,17.057605775675093,26630.781057025248,105.32833743768796,103.42921152484362,24991.477718562855,50.0,1,21.393444171224765,24991.51281723118,50.0,1,1,0,21.393444171224765,24991.51281723118,1,21.481178631179883,1499.4928750995664,50.0,0,348.6973289729795,972.0061091035806,0.0,281.9301529564414,1799.780873292532,121.50076363794757,0.0,0.0,0.0,0,297.0774456931306,4474.259454003742,560.2420968960101,104.89948689186681,4474.259454003742,104.89948689186681,900000.0,0.0,1,0.0,0.0,0.0,77000.0,0.0,1,1,1,0,1,0,0.0,0,1,900000.0,4500.0,0,0,0.0,0,0.0,1.0,1,1,0,0.0,0.0,1,600000.0,400000.0,0,0.35
14.4,diagnostic,17.126764818995206,17.126764818995206,17.126764818995206,17.126764818995206,26630.79227023027,105.75715580918558,103.85817083722466,24991.44262233151,50.0,1,21.481178631179883,24991.477718562855,50.0,1,1,0,21.481178631179883,24991.477718562855,1,21.568906946782235,1499.490769033871,50.0,0,350.1155036555188,973.6443199302813,0.0,283.08767844465666,1799.780873292532,121.70553999128516,0.0,0.0,0.0,0,297.7893087780465,4474.261345672046,561.187988744913,105.32833743768796,4474.261345672046,105.32833743768796,900000.0,0.0,1,0.0,0.0,0.0,77000.0,0.0,1,1,1,0,1,0,0.0,0,1,900000.0,4500.0,0,0,0.0,0,0.0,1.0,1,1,0,0.0,0.0,1,600000.0,400000.0,0,0.35
14.45,diagnostic,17.195918631434182,17.195918631434182,17.195918631434182,17.195918631434182,26630.80352944002,106.18594187777028,104.28709841648295,24991.407528547526,50.0,1,21.568906946782235,24991.44262233151,50.0,1,1,0,21.568906946782235,24991.44262233151,1,21.656629092093947,1499.4886631137713,50.0,0,351.5335781658153,975.2824083514435,0.0,284.24511891822635,1799.780873292532,121.91030104393043,0.0,0.0,0.0,0,298.49872428988994,4474.263245067338,562.1338102066981,105.75715580918558,4474.263245067338,105.75715580918558,900000.0,0.0,1,0.0,0.0,0.0,77000.0,0.0,1,1,1,0,1,0,0.0,0,1,900000.0,4500.0,0,0,0.0,0,0.0,1.0,1,1,0,0.0,0.0,1,600000.0,400000.0,0,0.35
14.5,diagnostic,17.2650671922645,17.2650671922645,17.2650671922645,17.2650671922645,26630.814834640798,106.61469551489193,104.71599413389617,24991.372437221286,50.0,1,21.656629092093947,24991.407528547526,50.0,1,1,0,21.656629092093947,24991.407528547526,1,21.744345041184452,1499.4865573398906,50.0,0,352.95155208477706,976.9203738757425,0.0,285.40247403576717,1799.780873292532,122.11504673446781,0.0,0.0,0.0,0,299.2057046229193,4474.265152187305,563.0795609976125,106.18594187777028,4474.265152187305,106.18594187777028,900000.0,0.0,1,0.0,0.0,0.0,77000.0,0.0,1,1,1,0,1,0,0.0,0,1,900000.0,4500.0,0,0,0.0,0,0.0,1.0,1,1,0,0.0,0.0,1,600000.0,400000.0,0,0.35
14.55,diagnostic,17.334210480765012,17.334210480765012,17.334210480765012,17.334210480765012,26630.826185818838,107.0434165920399,105.14485786078085,24991.337348363162,50.0,1,21.744345041184452,24991.372437221286,50.0,1,1,0,21.744345041184452,24991.372437221286,1,21.832054768130536,1499.4844517128515,50.0,0,354.36942499343115,978.5582160120033,0.0,286.5597434559971,1799.780873292532,122.31977700150041,0.0,0.0,0.0,0,299.910262087914,4474.2670670296275,564.0252408339898,106.61469551489193,4474.2670670296275,106.61469551489193,900000.0,0.0,1,0.0,0.0,0.0,77000.0,0.0,1,1,1,0,1,0,0.0,0,1,900000.0,4500.0,0,0,0.0,0,0.0,1.0,1,1,0,0.0,0.0,1,600000.0,400000.0,0,0.35
14.6,diagnostic,17.403348476220987,17.403348476220987,17.403348476220987,17.403348476220987,26630.837582960343,107.47210498074308,105.57368946849242,24991.302261983525,50.0,1,21.832054768130536,24991.337348363162,50.0,1,1,0,21.832054768130536,24991.337348363162,1,21.919758247016357,1499.482346233277,50.0,0,355.787196472925,980.1959342692002,0.0,287.71692683773557,1799.780873292532,122.52449178365002,0.0,0.0,0.0,0,300.61240891287645,4474.268989591975,564.9708494322501,107.0434165920399,4474.268989591975,107.0434165920399,900000.0,0.0,1,0.0,0.0,0.0,76912.52512269147,0.0,1,1,1,0,1,0,0.0,0,1,900000.0,4500.0,0,0,0.0,0,0.0,1.0,1,1,0,0.0,0.0,1,600000.0,400000.0,0,0.35
14.65,diagnostic,17.472481157924133,17.472481157924133,17.472481157924133,17.472481157924133,26630.849026051434,107.90076055257012,106.00248882842534,24991.26717809275,50.0,1,21.919758247016357,24991.302261983525,50.0,1,1,0,21.919758247016357,24991.302261983525,1,22.007455451933506,1499.4802409017898,50.0,0,357.20486610452554,981.8335281564589,0.0,288.8740238399041,1799.780873292532,122.72919101955736,0.0,0.0,0.0,0,301.3121572437267,4474.270919872009,565.9163865088994,107.47210498074308,4474.270919872009,107.47210498074308,900000.0,0.0,1,0.0,0.0,0.0,76600.11279754141,0.0,1,1,1,0,1,0,0.0,0,1,900000.0,4500.0,0,0,0.0,0,0.0,1.0,1,1,0,0.0,0.0,1,600000.0,400000.0,0,0.35
14.7,diagnostic,17.541608505172597,17.541608505172597,17.541608505172597,17.541608505172597,26630.860515078195,108.32938317912962,106.43125581201336,24991.232096701195,50.0,1,22.007455451933506,24991.26717809275,50.0,1,1,0,22.007455451933506,24991.26717809275,1,22.095146356980962,1499.4781357190113,50.0,0,358.62243346962083,983.470997183056,0.0,290.0310341215263,1799.780873292532,122.933874647882,0.0,0.0,0.0,0,302.0095191449894,4474.2728578673805,566.8618517805315,107.90076055257012,4474.2728578673805,107.90076055257012,900000.0,0.0,1,0.0,0.0,0.0,76290.25139993273,0.0,1,1,1,0,1,0,0.0,0,1,900000.0,4500.0,0,0,0.0,0,0.0,1.0,1,1,0,0.0,0.0,1,600000.0,400000.0,0,0.35
14.75,diagnostic,17.61073049727104,17.61073049727104,17.61073049727104,17.61073049727104,26630.87205002665,108.7579727320701,106.85999029072953,24991.197017819228,50.0,1,22.095146356980962,24991.232096701195,50.0,1,1,0,22.095146356980962,24991.232096701195,1,22.182830936265205,1499.4760306855649,50.0,0,360.03989814972016,985.1083408584196,0.0,291.18795734172863,1799.780873292532,123.13854260730245,0.0,0.0,0.0,0,302.7045066004755,4474.274803575735,567.8072449638271,108.32938317912962,4474.274803575735,108.32938317912962,900000.0,0.0,1,0.0,0.0,0.0,75982.9099078085,0.0,1,1,1,0,1,0,0.0,0,1,900000.0,4500.0,0,0,0.0,0,0.0,1.0,1,1,0,0.0,0.0,1,600000.0,400000.0,0,0.35
14.8,diagnostic,17.679847113530602,17.679847113530602,17.679847113530602,17.679847113530602,26630.883630882774,109.18652908308044,107.28869213608648,24991.16194145721,50.0,1,22.182830936265205,24991.197017819228,50.0,1,1,0,22.182830936265205,24991.197017819228,1,22.270509163900215,1499.4739258020716,50.0,0,361.4572597264545,986.7455586921313,0.0,292.3447931597409,1799.780873292532,123.34319483651642,0.0,0.0,0.0,0,303.3971315139555,4474.276756994706,568.7525657755542,108.7579727320701,4474.276756994706,108.7579727320701,900000.0,0.0,1,0.0,0.0,0.0,75678.05780009228,0.0,1,1,1,0,1,0,0.0,0,1,900000.0,4500.0,0,0,0.0,0,0.0,1.0,1,1,0,0.0,0.0,1,600000.0,400000.0,0,0.35
14.85,diagnostic,17.748958333268966,17.748958333268966,17.748958333268966,17.748958333268966,26630.895257632492,109.61505210388974,107.71736121963646,24991.126867625495,50.0,1,22.270509163900215,24991.16194145721,50.0,1,1,0,22.270509163900215,24991.16194145721,1,22.358181014007492,1499.4718210691535,50.0,0,362.8745177815769,988.3826501939238,0.0,293.501541234896,1799.780873292532,123.54783127424048,0.0,0.0,0.0,0,304.08740570982627,4474.278718121917,569.6978139325697,109.18652908308044,4474.278718121917,109.18652908308044,900000.0,0.0,1,0.0,0.0,0.0,75375.66504661573,0.0,1,1,1,0,1,0,0.0,0,1,900000.0,4500.0,0,0,0.0,0,0.0,1.0,1,1,0,0.0,0.0,1,600000.0,400000.0,0,0.35
14.9,diagnostic,17.818064135810378,17.818064135810378,17.818064135810378,17.818064135810378,26630.90693026165,110.0435416662676,108.1459974129716,24991.09179633444,50.0,1,22.358181014007492,24991.126867625495,50.0,1,1,0,22.358181014007492,24991.126867625495,1,22.445846460716098,1499.4697164874324,50.0,0,364.29167189696324,990.0196148736852,0.0,294.6582012266311,1799.780873292532,123.75245185921065,0.0,0.0,0.0,0,304.77534093377227,4474.280686954984,570.6429891518177,109.61505210388974,4474.280686954984,109.61505210388974,900000.0,0.0,1,0.0,0.0,0.0,75075.70209828822,0.0,1,1,1,0,1,0,0.0,0,1,900000.0,4500.0,0,0,0.0,0,0.0,1.0,1,1,0,0.0,0.0,1,600000.0,400000.0,0,0.35
14.95,diagnostic,17.887164500485653,17.887164500485653,17.887164500485653,17.887164500485653,26630.918648756066,110.47199764202435,108.574600587724,24991.056727594398,50.0,1,22.445846460716098,24991.09179633444,50.0,1,1,0,22.445846460716098,24991.09179633444,1,22.533505478162677,1499.4676120575295,50.0,0,365.7087216546122,991.6564522414565,0.0,295.8147727944873,1799.780873292532,123.95705653018206,0.0,0.0,0.0,0,305.4609488534188,4474.2826634915145,571.5880911503318,110.0435416662676,4474.2826634915145,110.0435416662676,900000.0,0.0,1,0.0,0.0,0.0,74778.13987750174,0.0,1,1,1,0,1,0,0.0,0,1,900000.0,4500.0,0,0,0.0,0,0.0,1.0,1,1,0,0.0,0.0,1,600000.0,400000.0,0,0.35
15.0,diagnostic,17.95625940663222,17.95625940663222,17.95625940663222,17.95625940663222,26630.930413101494,110.90041990301106,109.00317061556586,24991.021661415714,50.0,1,22.533505478162677,24991.056727594398,50.0,1,1,0,22.533505478162677,24991.056727594398,1,22.621158040491473,1499.4655077800664,50.0,0,367.1256666366465,993.2931618074338,0.0,296.9712555981106,1799.780873292532,124.16164522592922,0.0,0.0,0.0,0,306.14424105897996,4474.284647729105,572.5331196452341,110.47199764202435,4474.284647729105,110.47199764202435,900000.0,0.0,1,0.0,0.0,0.0,74482.94976876464,0.0,1,1,1,0,1,0,0.0,0,1,900000.0,4500.0,0,0,0.0,0,0.0,1.0,1,1,0,0.0,0.0,1,600000.0,400000.0,0,0.35
15.05,diagnostic,18.025348833594133,18.025348833594133,18.025348833594133,18.025348833594133,26630.942223283633,111.32880832111977,109.43170736820969,24990.986597808736,50.0,1,22.621158040491473,24991.021661415714,50.0,1,1,0,22.621158040491473,24991.021661415714,1,22.70880412185442,1499.4634036556638,50.0,0,368.54250642531264,994.9297430819684,0.0,298.1276492972522,1799.780873292532,124.36621788524604,0.0,0.0,0.0,0,306.8252290638991,4474.286639665345,573.4780743537364,110.90041990301106,4474.286639665345,110.90041990301106,900000.0,0.0,1,0.0,0.0,0.0,74190.10360955774,0.0,1,1,1,0,1,0,0.0,0,1,900000.0,4500.0,0,0,0.0,0,0.0,1.0,1,1,0,0.0,0.0,1,600000.0,400000.0,0,0.35
15.1,diagnostic,18.0944327607221,18.0944327607221,18.0944327607221,18.0944327607221,26630.954079288134,111.75716276828364,109.8602107174084,24990.951536783803,50.0,1,22.70880412185442,24990.986597808736,50.0,1,1,0,22.70880412185442,24990.986597808736,1,22.796443696411092,1499.4612996849428,50.0,0,369.9592406029819,996.5661955755679,0.0,299.28395355176855,1799.780873292532,124.57077444694599,0.0,0.0,0.0,0,307.50392430548357,4474.288639297814,574.4229549931397,111.32880832111977,4474.288639297814,111.32880832111977,900000.0,0.0,1,0.0,0.0,0.0,73899.57368140653,0.0,1,1,1,0,1,0,0.0,0,1,900000.0,4500.0,0,0,0.0,0,0.0,1.0,1,1,0,0.0,0.0,1,600000.0,400000.0,0,0.35
15.15,diagnostic,18.163511167373507,18.163511167373507,18.163511167373507,18.163511167373507,26630.96598110059,112.18548311647702,110.28868053495555,24990.916478351257,50.0,1,22.796443696411092,24990.951536783803,50.0,1,1,0,22.796443696411092,24990.951536783803,1,22.884076738328776,1499.4591958685241,50.0,0,371.37586875215067,998.2025187988953,0.0,300.44016802162207,1799.780873292532,124.77531484986191,0.0,0.0,0.0,0,308.1803381455331,4474.290646624083,575.3677612808355,111.75716276828364,4474.290646624083,111.75716276828364,900000.0,0.0,1,0.0,0.0,0.0,73611.33270116398,0.0,1,1,1,0,1,0,0.0,0,1,900000.0,4500.0,0,0,0.0,0,0.0,1.0,1,1,0,0.0,0.0,1,600000.0,400000.0,0,0.35
15.2,diagnostic,18.232584032912442,18.232584032912442,18.232584032912442,18.232584032912442,26630.977928706543,112.61376923771574,110.71711669268535,24990.881422521437,50.0,1,22.884076738328776,24990.916478351257,50.0,1,1,0,22.884076738328776,24990.916478351257,1,22.971703221782516,1499.4570922070282,50.0,0,372.7923904554408,999.838712262772,0.0,301.59629236688147,1799.780873292532,124.9798390328465,0.0,0.0,0.0,0,308.8544818709617,4474.292661641711,576.3124929343047,112.18548311647702,4474.292661641711,112.18548311647702,900000.0,0.0,1,0.0,0.0,0.0,73325.35381249759,0.0,1,1,1,0,1,0,0.0,0,1,900000.0,4500.0,0,0,0.0,0,0.0,1.0,1,1,0,0.0,0.0,1,600000.0,400000.0,0,0.35
15.25,diagnostic,18.30165133670972,18.30165133670972,18.30165133670972,18.30165133670972,26630.989922091463,113.04202100405715,111.14551906247297,24990.84636930467,50.0,1,22.971703221782516,24990.881422521437,50.0,1,1,0,22.971703221782516,24990.881422521437,1,23.0593231209551,1499.4549887010753,50.0,0,374.20880529560003,1001.4747754781757,0.0,302.7523262477218,1799.780873292532,125.18434693477197,0.0,0.0,0.0,0,309.5263666944138,4474.294684348252,577.2571496711203,112.61376923771574,4474.294684348252,112.61376923771574,900000.0,0.0,1,0.0,0.0,0.0,73041.6105775757,0.0,1,1,1,0,1,0,0.0,0,1,900000.0,4500.0,0,0,0.0,0,0.0,1.0,1,1,0,0.0,0.0,1,600000.0,400000.0,0,0.35
15.3,diagnostic,18.37071305814291,18.37071305814291,18.37071305814291,18.37071305814291,26631.001961240796,113.47023828760027,111.57388751623456,24990.811318711287,50.0,1,23.0593231209551,24990.84636930467,50.0,1,1,0,23.0593231209551,24990.84636930467,1,23.146936410037114,1499.452885351286,50.0,0,375.625112855503,1003.1107079562428,0.0,303.90826932442553,1799.780873292532,125.38883849453035,0.0,0.0,0.0,0,310.19600375487425,4474.296714741249,578.2017312089448,113.04202100405715,4474.296714741249,113.04202100405715,900000.0,0.0,1,0.0,0.0,0.0,72760.07696894728,0.0,1,1,1,0,1,0,0.0,0,1,900000.0,4500.0,0,0,0.0,0,0.0,1.0,1,1,0,0.0,0.0,1,600000.0,400000.0,0,0.35
15.35,diagnostic,18.43976917659635,18.43976917659635,18.43976917659635,18.43976917659635,26631.014046139913,113.89842096048605,112.00222192592751,24990.77627075162,50.0,1,23.146936410037114,24990.811318711287,50.0,1,1,0,23.146936410037114,24990.811318711287,1,23.23454306322699,1499.4507821582802,50.0,0,377.04131271815083,1004.7465092082684,0.0,305.06412125738234,1799.780873292532,125.59331365103355,0.0,0.0,0.0,0,310.8634041182717,4474.298752818237,579.1462372655329,113.47023828760027,4474.298752818237,113.47023828760027,900000.0,0.0,1,0.0,0.0,0.0,72480.72736160991,0.0,1,1,1,0,1,0,0.0,0,1,900000.0,4500.0,0,0,0.0,0,0.0,1.0,1,1,0,0.0,0.0,1,600000.0,400000.0,0,0.35
15.4,diagnostic,18.50881967146118,18.50881967146118,18.50881967146118,18.50881967146118,26631.026176774143,114.32656889489738,112.4305221635505,24990.741225435984,50.0,1,23.23454306322699,24990.77627075162,50.0,1,1,0,23.23454306322699,24990.77627075162,1,23.32214305473098,1499.448679122677,50.0,0,378.4574044666726,1006.3821787457072,0.0,306.21988170708977,1799.780873292532,125.7977723432134,0.0,0.0,0.0,0,311.52857877807696,4474.300798576738,580.0906675587306,113.89842096048605,4474.300798576738,113.89842096048605,900000.0,0.0,1,0.0,0.0,0.0,72203.53652526131,0.0,1,1,1,0,1,0,0.0,0,1,900000.0,4500.0,0,0,0.0,0,0.0,1.0,1,1,0,0.0,0.0,1,600000.0,400000.0,0,0.35
15.45,diagnostic,18.577864522135357,18.577864522135357,18.577864522135357,18.577864522135357,26631.038353128744,114.75468196305931,112.85878810114376,24990.70618277471,50.0,1,23.32214305473098,24990.741225435984,50.0,1,1,0,23.32214305473098,24990.741225435984,1,23.409736358763254,1499.446576245097,50.0,0,379.87338768432494,1008.0177160801728,0.0,307.37555033415344,1799.780873292532,126.0022145100216,0.0,0.0,0.0,0,312.19153865589504,4474.302852014271,581.0350218064762,114.32656889489738,4474.302852014271,114.32656889489738,900000.0,0.0,1,0.0,0.0,0.0,71928.4796167289,0.0,1,1,1,0,1,0,0.0,0,1,900000.0,4500.0,0,0,0.0,0,0.0,1.0,1,1,0,0.0,0.0,1,600000.0,400000.0,0,0.35
15.5,diagnostic,18.6469037080237,18.6469037080237,18.6469037080237,18.6469037080237,26631.05057518894,115.18276003723922,113.28701961078909,24990.67114277811,50.0,1,23.409736358763254,24990.70618277471,50.0,1,1,0,23.409736358763254,24990.70618277471,1,23.49732294954587,1499.444473526159,50.0,0,381.2892619544931,1009.6531207234403,0.0,308.5311267992877,1799.780873292532,126.20664009043004,0.0,0.0,0.0,0,312.8522946020515,4474.304913128341,581.9792997267996,114.75468196305931,4474.304913128341,114.75468196305931,900000.0,0.0,1,0.0,0.0,0.0,71655.53217257322,0.0,1,1,1,0,1,0,0.0,0,1,900000.0,4500.0,0,0,0.0,0,0.0,1.0,1,1,0,0.0,0.0,1,600000.0,400000.0,0,0.35
15.55,diagnostic,18.715937208537888,18.715937208537888,18.715937208537888,18.715937208537888,26631.062842939882,115.61080298974694,113.71521656461009,24990.636105456495,50.0,1,23.49732294954587,24990.67114277811,50.0,1,1,0,23.49732294954587,24990.67114277811,1,23.58490280130885,1499.4423709664825,50.0,0,382.70502686069136,1011.2883921874452,0.0,309.6866107633158,1799.780873292532,126.41104902343065,0.0,0.0,0.0,0,313.5108573961726,4474.3069819164475,582.923501037824,115.18276003723922,4474.3069819164475,115.18276003723922,900000.0,0.0,1,0.0,0.0,0.0,71384.67010186006,0.0,1,1,1,0,1,0,0.0,0,1,900000.0,4500.0,0,0,0.0,0,0.0,1.0,1,1,0,0.0,0.0,1,600000.0,400000.0,0,0.35
15.6,diagnostic,18.784965003096495,18.784965003096495,18.784965003096495,18.784965003096495,26631.075156366696,116.0388106929349,114.14337883477232,24990.601070820183,50.0,1,23.58490280130885,24990.636105456495,50.0,1,1,0,23.58490280130885,24990.636105456495,1,23.67247588829019,1499.4402685666864,50.0,0,384.1206819865631,1012.9235299842852,0.0,310.84200188717045,1799.780873292532,126.61544124803565,0.0,0.0,0.0,0,314.1672377477608,4474.309058376079,583.8676254577654,115.61080298974694,4474.309058376079,115.61080298974694,900000.0,0.0,1,0.0,0.0,0.0,71115.86967909723,0.0,1,1,1,0,1,0,0.0,0,1,900000.0,4500.0,0,0,0.0,0,0.0,1.0,1,1,0,0.0,0.0,1,600000.0,400000.0,0,0.35
15.65,diagnostic,18.853987071125015,18.853987071125015,18.853987071125015,18.853987071125015,26631.08751545442,116.46678301919827,114.57150629348348,24990.566038879475,50.0,1,23.67247588829019,24990.601070820183,50.0,1,1,0,23.67247588829019,24990.601070820183,1,23.760042184735862,1499.4381663273896,50.0,0,385.5362269158818,1014.5585336262193,0.0,311.99729983189394,1799.780873292532,126.81981670327741,0.0,0.0,0.0,0,314.8214462967634,4474.3111425047155,584.811672704933,116.0388106929349,4474.3111425047155,116.0388106929349,900000.0,0.0,1,0.0,0.0,0.0,70849.1075373313,0.0,1,1,1,0,1,0,0.0,0,1,900000.0,4500.0,0,0,0.0,0,0.0,1.0,1,1,0,0.0,0.0,1,600000.0,400000.0,0,0.35
15.7,diagnostic,18.9230033920559,18.9230033920559,18.9230033920559,18.9230033920559,26631.099920188066,116.8947198409751,114.99959881299341,24990.531009644685,50.0,1,23.760042184735862,24990.566038879475,50.0,1,1,0,23.760042184735862,24990.566038879475,1,23.847601664899905,1499.4360642492109,50.0,0,386.9516612325513,1016.1934026256698,0.0,313.1525042586389,1799.780873292532,127.02417532820873,0.0,0.0,0.0,0,315.473493614137,4474.313234299827,585.7556424977297,116.46678301919827,4474.313234299827,116.46678301919827,900000.0,0.0,1,0.0,0.0,0.0,70584.36066140028,0.0,1,1,1,0,1,0,0.0,0,1,900000.0,4500.0,0,0,0.0,0,0.0,1.0,1,1,0,0.0,0.0,1,600000.0,400000.0,0,0.35
15.75,diagnostic,18.99201394532855,18.99201394532855,18.99201394532855,18.99201394532855,26631.11237055257,117.32262103074659,115.42765626559444,24990.495983126104,50.0,1,23.847601664899905,24990.531009644685,50.0,1,1,0,23.847601664899905,24990.531009644685,1,23.935154303044413,1499.4339623327685,50.0,0,388.36698452060597,1017.8281364952221,0.0,314.30761482866825,1799.780873292532,127.22851706190276,0.0,0.0,0.0,0,316.1233902024052,4474.315333758879,586.6995345546522,116.8947198409751,4474.315333758879,116.8947198409751,900000.0,0.0,1,0.0,0.0,0.0,70321.60638133819,0.0,1,1,1,0,1,0,0.0,0,1,900000.0,4500.0,0,0,0.0,0,0.0,1.0,1,1,0,0.0,0.0,1,600000.0,400000.0,0,0.35
15.8,diagnostic,19.06101871038937,19.06101871038937,19.06101871038937,19.06101871038937,26631.12486653285,117.75048646103703,115.85567852362131,24990.46095933404,50.0,1,23.935154303044413,24990.495983126104,50.0,1,1,0,23.935154303044413,24990.495983126104,1,24.022700073439545,1499.431860578681,50.0,0,389.78219636421176,1019.4627347476257,0.0,315.462631203356,1799.780873292532,127.43284184345322,0.0,0.0,0.0,0,316.77114649621166,4474.317440879321,587.6433485942916,117.32262103074659,4474.317440879321,117.32262103074659,900000.0,0.0,1,0.0,0.0,0.0,70060.82236592732,0.0,1,1,1,0,1,0,0.0,0,1,900000.0,4500.0,0,0,0.0,0,0.0,1.0,1,1,0,0.0,0.0,1,600000.0,400000.0,0,0.35
15.85,diagnostic,19.130017666691767,19.130017666691767,19.130017666691767,19.130017666691767,26631.13740811372,118.1783160044141,116.28366545945158,24990.425938278782,50.0,1,24.022700073439545,24990.46095933404,50.0,1,1,0,24.022700073439545,24990.46095933404,1,24.110238950363616,1499.4297589875662,50.0,0,391.1972963476664,1021.0971968957946,0.0,316.61755304418756,1799.780873292532,127.63714961197432,0.0,0.0,0.0,0,317.4167728628676,4474.319555658597,588.5870843353338,117.75048646103703,4474.319555658597,117.75048646103703,900000.0,0.0,1,0.0,0.0,0.0,69801.98661639461,0.0,1,1,1,0,1,0,0.0,0,1,900000.0,4500.0,0,0,0.0,0,0.0,1.0,1,1,0,0.0,0.0,1,600000.0,400000.0,0,0.35
15.9,diagnostic,19.19901079369621,19.19901079369621,19.19901079369621,19.19901079369621,26631.149995279968,118.60610953348896,116.71161694550558,24990.390919970625,50.0,1,24.110238950363616,24990.425938278782,50.0,1,1,0,24.110238950363616,24990.425938278782,1,24.197770908103074,1499.4276575600422,50.0,0,392.61228405539947,1022.7315224528074,0.0,317.77238001275947,1799.780873292532,127.84144030660093,0.0,0.0,0.0,0,318.0602796028942,4474.321678094143,589.5307414965594,118.1783160044141,4474.321678094143,118.1783160044141,900000.0,0.0,1,0.0,0.0,0.0,69545.07746024805,0.0,1,1,1,0,1,0,0.0,0,1,900000.0,4500.0,0,0,0.0,0,0.0,1.0,1,1,0,0.0,0.0,1,600000.0,400000.0,0,0.35
15.95,diagnostic,19.267998070870213,19.267998070870213,19.267998070870213,19.267998070870213,26631.16262801634,119.03386692091651,117.13953285424662,24990.355904419856,50.0,1,24.197770908103074,24990.390919970625,50.0,1,1,0,24.197770908103074,24990.390919970625,1,24.285295920952542,1499.4255562967269,50.0,0,394.02715907197376,1024.3657109319086,0.0,318.9271117707809,1799.780873292532,128.04571386648857,0.0,0.0,0.0,0,318.7016769505594,4474.323808183387,590.4743197968442,118.60610953348896,4474.323808183387,118.60610953348896,900000.0,0.0,1,0.0,0.0,0.0,69290.07354525002,0.0,1,1,1,0,1,0,0.0,0,1,900000.0,4500.0,0,0,0.0,0,0.0,1.0,1,1,0,0.0,0.0,1,600000.0,400000.0,0,0.35
16.0,diagnostic,19.33697947768838,19.33697947768838,19.33697947768838,19.33697947768838,26631.17530630752,119.46158803939532,117.56741305818119,24990.32089163676,50.0,1,24.285295920952542,24990.355904419856,50.0,1,1,0,24.285295920952542,24990.355904419856,1,24.37281396321487,1499.4234551982374,50.0,0,395.44192098208504,1025.9997618465081,0.0,320.08174798007354,1799.780873292532,128.24997023081352,0.0,0.0,0.0,0,319.34097507441004,4474.325945923744,591.4178189551598,119.03386692091651,4474.325945923744,119.03386692091651,900000.0,0.0,1,0.0,0.0,0.0,69036.95383352347,0.0,1,1,1,0,1,0,0.0,0,1,900000.0,4500.0,0,0,0.0,0,0.0,1.0,1,1,0,0.0,0.0,1,600000.0,400000.0,0,0.35
16.05,diagnostic,19.405954993632434,19.405954993632434,19.405954993632434,19.405954993632434,26631.188030138124,119.88927276166797,117.99525742985907,24990.28588163162,50.0,1,24.37281396321487,24990.32089163676,50.0,1,1,0,24.37281396321487,24990.32089163676,1,24.460325009201135,1499.4213542651912,50.0,0,396.85656937056285,1027.6336747101843,0.0,321.23628830257155,1799.780873292532,128.45420933877304,0.0,0.0,0.0,0,319.9781840777977,4474.328091312622,592.3612386905735,119.46158803939532,4474.328091312622,119.46158803939532,900000.0,0.0,1,0.0,0.0,0.0,68785.69759578785,0.0,1,1,1,0,1,0,0.0,0,1,900000.0,4500.0,0,0,0.0,0,0.0,1.0,1,1,0,0.0,0.0,1,600000.0,400000.0,0,0.35
16.1,diagnostic,19.474924598191237,19.474924598191237,19.474924598191237,19.474924598191237,26631.200799492726,120.3169209605211,118.42306584187337,24990.250874414713,50.0,1,24.460325009201135,24990.28588163162,50.0,1,1,0,24.460325009201135,24990.28588163162,1,24.54782903323069,1499.4192534982055,50.0,0,398.2711038223708,1029.267449036681,0.0,322.3907324003223,1799.780873292532,128.65843112958513,0.0,0.0,0.0,0,320.6133139994013,4474.330244347421,593.3045787222493,119.88927276166797,4474.330244347421,119.88927276166797,900000.0,0.0,1,0.0,0.0,0.0,68536.28440572138,0.0,1,1,1,0,1,0,0.0,0,1,900000.0,4500.0,0,0,0.0,0,0.0,1.0,1,1,0,0.0,0.0,1,600000.0,400000.0,0,0.35
16.15,diagnostic,19.543888270860805,19.543888270860805,19.543888270860805,19.543888270860805,26631.213614355853,120.74453250878567,118.85083816686091,24990.21586999632,50.0,1,24.54782903323069,24990.250874414713,50.0,1,1,0,24.54782903323069,24990.250874414713,1,24.635326009631182,1499.417152897897,50.0,0,399.6855239226069,1030.9010843399108,0.0,323.545079935487,1799.780873292532,128.86263554248885,0.0,0.0,0.0,0,321.2463748137437,4474.332405025532,594.2478387694472,120.3169209605211,4474.332405025532,120.3169209605211,900000.0,0.0,1,0.0,0.0,0.0,68288.69413444668,0.0,1,1,1,0,1,0,0.0,0,1,900000.0,4500.0,0,0,0.0,0,0.0,1.0,1,1,0,0.0,0.0,1,600000.0,400000.0,0,0.35
16.2,diagnostic,19.61284599114433,19.61284599114433,19.61284599114433,19.61284599114433,26631.22647471197,121.172107279337,119.27857427750217,24990.18086838671,50.0,1,24.635326009631182,24990.21586999632,50.0,1,1,0,24.635326009631182,24990.21586999632,1,24.722815912738568,1499.4150524648826,50.0,0,401.0998292565048,1032.5345801339545,0.0,324.69933057034086,1799.780873292532,129.0668225167443,0.0,0.0,0.0,0,321.87737643170266,4474.334573344336,595.1910185515246,120.74453250878567,4474.334573344336,120.74453250878567,900000.0,0.0,1,0.0,0.0,0.0,68042.90694513595,0.0,1,1,1,0,1,0,0.0,0,1,900000.0,4500.0,0,0,0.0,0,0.0,1.0,1,1,0,0.0,0.0,1,600000.0,400000.0,0,0.35
16.25,diagnostic,19.681797738552223,19.681797738552223,19.681797738552223,19.681797738552223,26631.239380545485,121.59964514509484,119.70627404652154,24990.14586959615,50.0,1,24.722815912738568,24990.18086838671,50.0,1,1,0,24.722815912738568,24990.18086838671,1,24.810298716897204,1499.412952199779,50.0,0,402.5140194094334,1034.1679359330622,0.0,325.8534839672734,1799.780873292532,129.27099199163277,0.0,0.0,0.0,0,322.5063287010183,4474.336749301203,596.1341177879359,121.172107279337,4474.336749301203,121.172107279337,900000.0,0.0,1,0.0,0.0,0.0,67798.9032877337,0.0,1,1,1,0,1,0,0.0,0,1,900000.0,4500.0,0,0,0.0,0,0.0,1.0,1,1,0,0.0,0.0,1,600000.0,400000.0,0,0.35
16.3,diagnostic,19.750743492602123,19.750743492602123,19.750743492602123,19.750743492602123,26631.25233184076,122.02714597902379,120.13393734668745,24990.110873634905,50.0,1,24.810298716897204,24990.14586959615,50.0,1,1,0,24.810298716897204,24990.14586959615,1,24.8977743964598,1499.4108521032026,50.0,0,403.92809396689756,1035.8011512516532,0.0,327.0075397887889,1799.780873292532,129.47514390645665,0.0,0.0,0.0,0,323.1332414067945,4474.338932893498,597.0771361982331,121.59964514509484,4474.338932893498,121.59964514509484,900000.0,0.0,1,0.0,0.0,0.0,67556.66389379298,0.0,1,1,1,0,1,0,0.0,0,1,900000.0,4500.0,0,0,0.0,0,0.0,1.0,1,1,0,0.0,0.0,1,600000.0,400000.0,0,0.35
16.35,diagnostic,19.819683232818925,19.819683232818925,19.819683232818925,19.819683232818925,26631.2653285821,122.45460965413317,120.56156405081249,24990.075880513243,50.0,1,24.8977743964598,24990.110873634905,50.0,1,1,0,24.8977743964598,24990.110873634905,1,24.985242925787478,1499.4087521757688,50.0,0,405.3420525145385,1037.4342256043167,0.0,328.16149769750655,1799.780873292532,129.67927820053958,0.0,0.0,0.0,0,323.7581242719973,4474.341124118579,598.0200735020663,122.02714597902379,4474.341124118579,122.02714597902379,900000.0,0.0,1,0.0,0.0,0.0,67316.1697714232,0.0,1,1,1,0,1,0,0.0,0,1,900000.0,4500.0,0,0,0.0,0,0.0,1.0,1,1,0,0.0,0.0,1,600000.0,400000.0,0,0.35
16.4,diagnostic,19.8886169387348,19.8886169387348,19.8886169387348,19.8886169387348,26631.27837075378,122.88203604347734,120.98915403175359,24990.040890241416,50.0,1,24.985242925787478,24990.075880513243,50.0,1,1,0,24.985242925787478,24990.075880513243,1,25.072704279249805,1499.4066524180942,50.0,0,406.7558946381355,1039.0671585058137,0.0,329.31535735616177,1799.780873292532,129.88339481322672,0.0,0.0,0.0,0,324.38098695794577,4474.343322973787,598.9629294191832,122.45460965413317,4474.343322973787,122.45460965413317,900000.0,0.0,1,0.0,0.0,0.0,67077.40220034606,0.0,1,1,1,0,1,0,0.0,0,1,900000.0,4500.0,0,0,0.0,0,0.0,1.0,1,1,0,0.0,0.0,1,600000.0,400000.0,0,0.35
16.45,diagnostic,19.957544589889224,19.957544589889224,19.957544589889224,19.957544589889224,26631.291458339976,123.30942502015576,121.41670716241211,24990.005902829686,50.0,1,25.072704279249805,24990.040890241416,50.0,1,1,0,25.072704279249805,24990.040890241416,1,25.160158431224875,1499.4045528307945,50.0,0,408.1696199236037,1040.699949471075,0.0,330.46911842760494,1799.780873292532,130.08749368388436,0.0,0.0,0.0,0,325.00183906480083,4474.34552945646,599.9057036694311,122.88203604347734,4474.34552945646,122.88203604347734,900000.0,0.0,1,0.0,0.0,0.0,66840.34272705724,0.0,1,1,1,0,1,0,0.0,0,1,900000.0,4500.0,0,0,0.0,0,0.0,1.0,1,1,0,0.0,0.0,1,600000.0,400000.0,0,0.35
16.5,diagnostic,20.026466165829003,20.026466165829003,20.026466165829003,20.026466165829003,26631.30459132485,123.7367764573132,121.84422331573408,24989.9709182883,50.0,1,25.160158431224875,24990.005902829686,50.0,1,1,0,25.160158431224875,24990.005902829686,1,25.2476053560992,1499.4024534144849,50.0,0,409.5832279569974,1042.332598015204,0.0,331.6227805748037,1799.780873292532,130.2915747519005,0.0,0.0,0.0,0,325.62069013204825,4474.347743563927,600.848395972755,123.30942502015576,4474.347743563927,123.30942502015576,900000.0,0.0,1,0.0,0.0,0.0,66604.97316009135,0.0,1,1,1,0,1,0,0.0,0,1,900000.0,4500.0,0,0,0.0,0,0.0,1.0,1,1,0,0.0,0.0,1,600000.0,400000.0,0,0.35
16.55,diagnostic,20.095381646108294,20.095381646108294,20.095381646108294,20.095381646108294,26631.317769692494,124.16409022813983,122.27170236471032,24989.93593662751,50.0,1,25.2476053560992,24989.9709182883,50.0,1,1,0,25.2476053560992,24989.9709182883,1,25.33504502826788,1499.4003541697812,50.0,0,410.9967183245088,1043.9651036534767,0.0,332.7763434608416,1799.780873292532,130.4956379566846,0.0,0.0,0.0,0,326.237549638977,4474.349965293505,601.7910060492001,123.7367764573132,4474.349965293505,123.7367764573132,900000.0,0.0,1,0.0,0.0,0.0,66371.27556538694,0.0,1,1,1,0,1,0,0.0,0,1,900000.0,4500.0,0,0,0.0,0,0.0,1.0,1,1,0,0.0,0.0,1,600000.0,400000.0,0,0.35
16.6,diagnostic,20.16429101028862,20.16429101028862,20.16429101028862,20.16429101028862,26631.330993426942,124.59136620587142,122.69914418237651,24989.90095785756,50.0,1,25.33504502826788,24989.93593662751,50.0,1,1,0,25.33504502826788,24989.93593662751,1,25.422477422134563,1499.398255097298,50.0,0,412.4100906124689,1045.5974659013416,0.0,333.92980674891953,1799.780873292532,130.6996832376677,0.0,0.0,0.0,0,326.8524270051537,4474.352194642507,602.7335336189104,124.16409022813983,4474.352194642507,124.16409022813983,900000.0,0.0,1,0.0,0.0,0.0,66139.2322617499,0.0,1,1,1,0,1,0,0.0,0,1,900000.0,4500.0,0,0,0.0,0,0.0,1.0,1,1,0,0.0,0.0,1,600000.0,400000.0,0,0.35
16.65,diagnostic,20.233194237938907,20.233194237938907,20.233194237938907,20.233194237938907,26631.3442625122,125.01860426378944,123.12654864181344,24989.865981988693,50.0,1,25.422477422134563,24989.90095785756,50.0,1,1,0,25.422477422134563,24989.90095785756,1,25.509902512111477,1499.3961561976505,50.0,0,413.8233444073487,1047.2296842744204,0.0,335.08317010235623,1799.780873292532,130.90371053430255,0.0,0.0,0.0,0,327.4653315908918,4474.3544316082325,603.6759784021301,124.59136620587142,4474.3544316082325,124.59136620587142,900000.0,0.0,1,0.0,0.0,0.0,65908.82581641246,0.0,1,1,1,0,1,0,0.0,0,1,900000.0,4500.0,0,0,0.0,0,0.0,1.0,1,1,0,0.0,0.0,1,600000.0,400000.0,0,0.35
16.7,diagnostic,20.3020913086355,20.3020913086355,20.3020913086355,20.3020913086355,26631.3575769322,125.44580427522122,123.5539156161471,24989.831009031146,50.0,1,25.509902512111477,24989.865981988693,50.0,1,1,0,25.509902512111477,24989.865981988693,1,25.59732027261951,1499.3940574714536,50.0,0,415.2364792957584,1048.8617582885101,0.0,336.2364331845876,1799.780873292532,131.10771978606377,0.0,0.0,0.0,0,328.07627269771723,4474.356676187975,604.6183401192035,125.01860426378944,4474.356676187975,125.01860426378944,900000.0,0.0,1,0.0,0.0,0.0,65680.03904068518,0.0,1,1,1,0,1,0,0.0,0,1,900000.0,4500.0,0,0,0.0,0,0.0,1.0,1,1,0,0.0,0.0,1,600000.0,400000.0,0,0.35
16.75,diagnostic,20.370982201962192,20.370982201962192,20.370982201962192,20.370982201962192,26631.370936670824,125.8729661135401,123.98124497854883,24989.796038995155,50.0,1,25.59732027261951,24989.831009031146,50.0,1,1,0,25.59732027261951,24989.831009031146,1,25.684730678088147,1499.3919589193215,50.0,0,416.64949486444846,1050.4936874595812,0.0,337.38959565916826,1799.780873292532,131.31171093244765,0.0,0.0,0.0,0,328.6852595688282,4474.358928379015,605.5606184905755,125.44580427522122,4474.358928379015,125.44580427522122,900000.0,0.0,1,0.0,0.0,0.0,65452.85498570032,0.0,1,1,1,0,1,0,0.0,0,1,900000.0,4500.0,0,0,0.0,0,0.0,1.0,1,1,0,0.0,0.0,1,600000.0,400000.0,0,0.35
16.8,diagnostic,20.43986689751025,20.43986689751025,20.43986689751025,20.43986689751025,26631.3843417119,126.3000896521656,124.4085366022355,24989.761071890953,50.0,1,25.684730678088147,24989.796038995155,50.0,1,1,0,25.684730678088147,24989.796038995155,1,25.772133702955575,1499.3898605418688,50.0,0,418.06239070031035,1052.1254713037804,0.0,338.54265718977103,1799.780873292532,131.51568391297255,0.0,0.0,0.0,0,329.2923013895532,4474.361188178631,606.5028132367919,125.8729661135401,4474.361188178631,125.8729661135401,900000.0,0.0,1,0.0,0.0,0.0,65227.25693824362,0.0,1,1,1,0,1,0,0.0,0,1,900000.0,4500.0,0,0,0.0,0,0.0,1.0,1,1,0,0.0,0.0,1,600000.0,400000.0,0,0.35
16.85,diagnostic,20.508745374878426,20.508745374878426,20.508745374878426,20.508745374878426,26631.39779203921,126.72717476456356,124.83579036046964,24989.726107728766,50.0,1,25.772133702955575,24989.761071890953,50.0,1,1,0,25.772133702955575,24989.761071890953,1,25.85952932166868,1499.3877623397093,50.0,0,419.4751663903769,1053.7571093374283,0.0,339.695617440188,1799.780873292532,131.71963866717854,0.0,0.0,0.0,0,329.89740728780174,4474.363455584088,607.4449240784995,126.3000896521656,4474.363455584088,126.3000896521656,900000.0,0.0,1,0.0,0.0,0.0,65003.22841667294,0.0,1,1,1,0,1,0,0.0,0,1,900000.0,4500.0,0,0,0.0,0,0.0,1.0,1,1,0,0.0,0.0,1,600000.0,400000.0,0,0.35
16.9,diagnostic,20.57761761367299,20.57761761367299,20.57761761367299,20.57761761367299,26631.411287636492,127.15422132424625,125.26300612655955,24989.691146518817,50.0,1,25.85952932166868,24989.726107728766,50.0,1,1,0,25.85952932166868,24989.726107728766,1,25.946917508683107,1499.385664313457,50.0,0,420.88782152182245,1055.3886010770238,0.0,340.8484760743306,1799.780873292532,131.92357513462798,0.0,0.0,0.0,0,330.50058633451374,4474.365730592642,608.3869507364462,126.72717476456356,4474.365730592642,126.72717476456356,900000.0,0.0,1,0.0,0.0,0.0,64780.7531669214,0.0,1,1,1,0,1,0,0.0,0,1,900000.0,4500.0,0,0,0.0,0,0.0,1.0,1,1,0,0.0,0.0,1,600000.0,400000.0,0,0.35
16.95,diagnostic,20.64648359350776,20.64648359350776,20.64648359350776,20.64648359350776,26631.424828487405,127.58122920477255,125.69018377385953,24989.656188271332,50.0,1,25.946917508683107,24989.691146518817,50.0,1,1,0,25.946917508683107,24989.691146518817,1,26.034298238463244,1499.3835664637259,50.0,0,422.3003556819634,1057.019946039242,0.0,342.00123275622974,1799.780873292532,132.12749325490526,0.0,0.0,0.0,0,331.10184754410176,4474.368013201542,609.3288929314823,127.15422132424625,4474.368013201542,127.15422132424625,900000.0,0.0,1,0.0,0.0,0.0,64559.81515858297,0.0,1,1,1,0,1,0,0.0,0,1,900000.0,4500.0,0,0,0.0,0,0.0,1.0,1,1,0,0.0,0.0,1,600000.0,400000.0,0,0.35
17.0,diagnostic,20.71534329400411,20.71534329400411,20.71534329400411,20.71534329400411,26631.43841457558,128.00819827974811,126.11732317576995,24989.621232996527,50.0,1,26.034298238463244,24989.656188271332,50.0,1,1,0,26.034298238463244,24989.656188271332,1,26.121671485482274,1499.381468791129,50.0,0,423.7127684582592,1058.6511437409354,0.0,343.15388715003684,1799.780873292532,132.33139296761692,0.0,0.0,0.0,0,331.7011998748914,4474.370303408026,610.2707503845602,127.58122920477255,4474.370303408026,127.58122920477255,900000.0,0.0,1,0.0,0.0,0.0,64340.398581078516,0.0,1,1,1,0,1,0,0.0,0,1,900000.0,4500.0,0,0,0.0,0,0.0,1.0,1,1,0,0.0,0.0,1,600000.0,400000.0,0,0.35
17.05,diagnostic,20.784196694790996,20.784196694790996,20.784196694790996,20.784196694790996,26631.452045884573,128.4351284228255,126.54442420573744,24989.586280704614,50.0,1,26.121671485482274,24989.621232996527,50.0,1,1,0,26.121671485482274,24989.621232996527,1,26.209037224222218,1499.37937129628,50.0,0,425.12505943831184,1060.2821936991343,0.0,344.30643892002325,1799.780873292532,132.53527421239178,0.0,0.0,0.0,0,332.29865222955726,4474.372601209326,611.2125228167342,128.00819827974811,4474.372601209326,128.00819827974811,900000.0,0.0,1,0.0,0.0,0.0,64122.487839900656,0.0,1,1,1,0,1,0,0.0,0,1,900000.0,4500.0,0,0,0.0,0,0.0,1.0,1,1,0,0.0,0.0,1,600000.0,400000.0,0,0.35
17.1,diagnostic,20.853043775504997,20.853043775504997,20.853043775504997,20.853043775504997,26631.465722397905,128.8620195077042,126.97148673725499,24989.551331405808,50.0,1,26.209037224222218,24989.586280704614,50.0,1,1,0,26.209037224222218,24989.586280704614,1,26.296395429173927,1499.3772739797917,50.0,0,426.5372282098672,1061.913095431048,0.0,345.4588877305817,1799.780873292532,132.739136928881,0.0,0.0,0.0,0,332.89421345555377,4474.374906602662,612.1542099491621,128.4351284228255,4474.374906602662,128.4351284228255,900000.0,0.0,1,0.0,0.0,0.0,63906.06755293508,0.0,1,1,1,0,1,0,0.0,0,1,900000.0,4500.0,0,0,0.0,0,0.0,1.0,1,1,0,0.0,0.0,1,600000.0,400000.0,0,0.35
17.15,diagnostic,20.92188451579032,20.92188451579032,20.92188451579032,20.92188451579032,26631.479444099044,129.28887140813097,127.39851064386217,24989.51638511031,50.0,1,26.296395429173927,24989.551331405808,50.0,1,1,0,26.296395429173927,24989.551331405808,1,26.383746074837145,1499.3751768422767,50.0,0,427.94927436081554,1063.5438484540648,0.0,346.61123324622616,1799.780873292532,132.9429810567581,0.0,0.0,0.0,0,333.4878923455424,4474.377219585249,613.0958115031044,128.8620195077042,4474.377219585249,128.8620195077042,900000.0,0.0,1,0.0,0.0,0.0,63691.122546856954,0.0,1,1,1,0,1,0,0.0,0,1,900000.0,4500.0,0,0,0.0,0,0.0,1.0,1,1,0,0.0,0.0,1,600000.0,400000.0,0,0.35
17.2,diagnostic,20.99071889529883,20.99071889529883,20.99071889529883,20.99071889529883,26631.493210971403,129.7156839979,127.82549579914522,24989.48144182833,50.0,1,26.383746074837145,24989.51638511031,50.0,1,1,0,26.383746074837145,24989.51638511031,1,26.471089135720547,1499.3730798843485,50.0,0,429.36119747919105,1065.174452285752,0.0,347.7634751315919,1799.780873292532,133.146806535719,0.0,0.0,0.0,0,334.07969763781625,4474.379540154289,614.0373271999249,129.28887140813097,4474.379540154289,129.28887140813097,900000.0,0.0,1,0.0,0.0,0.0,63477.63785360033,0.0,1,1,1,0,1,0,0.0,0,1,900000.0,4500.0,0,0,0.0,0,0.0,1.0,1,1,0,0.0,0.0,1,600000.0,400000.0,0,0.35
17.25,diagnostic,21.059546893690072,21.059546893690072,21.059546893690072,21.059546893690072,26631.50702299833,130.14245715085275,128.2524420767372,24989.446501570066,50.0,1,26.471089135720547,24989.48144182833,50.0,1,1,0,26.471089135720547,24989.48144182833,1,26.558424586341715,1499.3709831066185,50.0,0,430.77299715317315,1066.804906443858,0.0,348.9156130514365,1799.780873292532,133.35061330548226,0.0,0.0,0.0,0,334.6696380167189,4474.381868306979,614.9787567610912,129.7156839979,4474.381868306979,129.7156839979,900000.0,0.0,1,0.0,0.0,0.0,63265.598706899036,0.0,1,1,1,0,1,0,0.0,0,1,900000.0,4500.0,0,0,0.0,0,0.0,1.0,1,1,0,0.0,0.0,1,600000.0,400000.0,0,0.35
17.3,diagnostic,21.128368490631306,21.128368490631306,21.128368490631306,21.128368490631306,26631.52088016314,130.56919074087844,128.67934935031818,24989.41156434571,50.0,1,26.558424586341715,24989.446501570066,50.0,1,1,0,26.558424586341715,24989.446501570066,1,26.645752401227202,1499.3688865097,50.0,0,432.18467297108685,1068.4352104463126,0.0,350.0676466706397,1799.780873292532,133.55440130578907,0.0,0.0,0.0,0,335.25772211305997,4474.384204040504,615.920099908175,130.14245715085275,4474.384204040504,130.14245715085275,900000.0,0.0,1,0.0,0.0,0.0,63054.99053889725,0.0,1,1,1,0,1,0,0.0,0,1,900000.0,4500.0,0,0,0.0,0,0.0,1.0,1,1,0,0.0,0.0,1,600000.0,400000.0,0,0.35
17.35,diagnostic,21.197183665797503,21.197183665797503,21.197183665797503,21.197183665797503,26631.534782449082,130.9958846419141,129.10621749361528,24989.376630165465,50.0,1,26.645752401227202,24989.41156434571,50.0,1,1,0,26.645752401227202,24989.41156434571,1,26.73307255491259,1499.366790094204,50.0,0,433.59622452140286,1070.0653638112246,0.0,351.21957565420433,1799.780873292532,133.75817047640308,0.0,0.0,0.0,0,335.8439585045269,4474.386547352044,616.861356362853,130.56919074087844,4474.386547352044,130.56919074087844,900000.0,0.0,1,0.0,0.0,0.0,62845.79897682808,0.0,1,1,1,0,1,0,0.0,0,1,900000.0,4500.0,0,0,0.0,0,0.0,1.0,1,1,0,0.0,0.0,1,600000.0,400000.0,0,0.35
17.4,diagnostic,21.265992398871404,21.265992398871404,21.265992398871404,21.265992398871404,26631.548729839364,131.42253872794453,129.53304638040296,24989.34169903951,50.0,1,26.73307255491259,24989.376630165465,50.0,1,1,0,26.73307255491259,24989.376630165465,1,26.820385021942442,1499.3646938607426,50.0,0,435.00765139273824,1071.6953660568872,0.0,352.37139966725573,1799.780873292532,133.9619207571109,0.0,0.0,0.0,0,336.42835571609453,4474.388898238766,617.8025258469054,130.9958846419141,4474.388898238766,130.9958846419141,900000.0,0.0,1,0.0,0.0,0.0,62638.00983975893,0.0,1,1,1,0,1,0,0.0,0,1,900000.0,4500.0,0,0,0.0,0,0.0,1.0,1,1,0,0.0,0.0,1,600000.0,400000.0,0,0.35
17.45,diagnostic,21.334794669543506,21.334794669543506,21.334794669543506,21.334794669543506,26631.562722317136,131.8491528730027,129.95983588450315,24989.306770978033,50.0,1,26.820385021942442,24989.34169903951,50.0,1,1,0,26.820385021942442,24989.34169903951,1,26.907689776870406,1499.3625978099278,50.0,0,436.4189531738576,1073.3252167017752,0.0,353.52311837504396,1799.780873292532,134.1656520877219,0.0,0.0,0.0,0,337.0109222204268,4474.3912566978315,618.7436080822184,131.42253872794453,4474.3912566978315,131.42253872794453,900000.0,0.0,1,0.0,0.0,0.0,62431.60913540133,0.0,1,1,1,0,1,0,0.0,0,1,900000.0,4500.0,0,0,0.0,0,0.0,1.0,1,1,0,0.0,0.0,1,600000.0,400000.0,0,0.35
17.5,diagnostic,21.40359045751212,21.40359045751212,21.40359045751212,21.40359045751212,26631.576759865493,132.27572695116973,130.38658587978517,24989.271845991225,50.0,1,26.907689776870406,24989.306770978033,50.0,1,1,0,26.907689776870406,24989.306770978033,1,26.994986794259233,1499.3605019423705,50.0,0,437.8301294536714,1074.9549152645452,0.0,354.6747314429415,1799.780873292532,134.36936440806815,0.0,0.0,0.0,0,337.59166643827956,4474.393622726391,619.6846027907833,131.8491528730027,4474.393622726391,131.8491528730027,900000.0,0.0,1,0.0,0.0,0.0,62226.58305698466,0.0,1,1,1,0,1,0,0.0,0,1,900000.0,4500.0,0,0,0.0,0,0.0,1.0,1,1,0,0.0,0.0,1,600000.0,400000.0,0,0.35
17.55,diagnostic,21.472379742483376,21.472379742483376,21.472379742483376,21.472379742483376,26631.59084246748,132.70226083657514,130.81329624016618,24989.23692408925,50.0,1,26.994986794259233,24989.271845991225,50.0,1,1,0,26.994986794259233,24989.271845991225,1,27.082276048680708,1499.358406258682,50.0,0,439.2411798212395,1076.5844612640396,0.0,355.8262385364462,1799.780873292532,134.57305765800496,0.0,0.0,0.0,0,338.1705967388966,4474.3959963215875,620.6255096946966,132.27572695116973,4474.3959963215875,132.27572695116973,900000.0,0.0,1,0.0,0.0,0.0,62022.91798019164,0.0,1,1,1,0,1,0,0.0,0,1,900000.0,4500.0,0,0,0.0,0,0.0,1.0,1,1,0,0.0,0.0,1,600000.0,400000.0,0,0.35
17.6,diagnostic,21.541162504171247,21.541162504171247,21.541162504171247,21.541162504171247,26631.604970106087,133.12875440339693,131.23996683961118,24989.202005282295,50.0,1,27.082276048680708,24989.23692408925,50.0,1,1,0,27.082276048680708,24989.23692408925,1,27.169557514715844,1499.3563107594734,50.0,0,440.65210386576865,1078.2138542192836,0.0,356.97763932117994,1799.780873292532,134.77673177741045,0.0,0.0,0.0,0,338.747721440403,4474.398377480556,621.5663285161615,132.70226083657514,4474.398377480556,132.70226083657514,900000.0,0.0,1,0.0,0.0,0.0,61820.60046015439,0.0,1,1,1,0,1,0,0.0,0,1,900000.0,4500.0,0,0,0.0,0,0.0,1.0,1,1,0,0.0,0.0,1,600000.0,400000.0,0,0.35
17.65,diagnostic,21.609938722297578,21.609938722297578,21.609938722297578,21.609938722297578,26631.619142764266,133.55520752586173,131.66659755213314,24989.16708958053,50.0,1,27.169557514715844,24989.202005282295,50.0,1,1,0,27.169557514715844,24989.202005282295,1,27.25683116695476,1499.354215445355,50.0,0,442.06290117661507,1079.8430936494865,0.0,358.12893346289,1799.780873292532,134.9803867061858,0.0,0.0,0.0,0,339.323048810195,4474.4007662004215,622.5070589774873,133.12875440339693,4474.4007662004215,133.12875440339693,900000.0,0.0,1,0.0,0.0,0.0,61619.61722850957,0.0,1,1,1,0,1,0,0.0,0,1,900000.0,4500.0,0,0,0.0,0,0.0,1.0,1,1,0,0.0,0.0,1,600000.0,400000.0,0,0.35
17.7,diagnostic,21.678708376592102,21.678708376592102,21.678708376592102,21.678708376592102,26631.63336042491,133.981620078245,132.09318825179318,24989.132176994113,50.0,1,27.25683116695476,24989.16708958053,50.0,1,1,0,27.25683116695476,24989.16708958053,1,27.34409697999681,1499.3521203169378,50.0,0,443.47357134328456,1081.4721790740443,0.0,359.28012062744926,1799.780873292532,135.18402238425554,0.0,0.0,0.0,0,339.89658706532583,4474.403162478299,623.4477008010894,133.55520752586173,4474.403162478299,133.55520752586173,900000.0,0.0,1,0.0,0.0,0.0,61419.95519051151,0.0,1,1,1,0,1,0,0.0,0,1,900000.0,4500.0,0,0,0.0,0,0.0,1.0,1,1,0,0.0,0.0,1,600000.0,400000.0,0,0.35
17.75,diagnostic,21.747471446792467,21.747471446792467,21.747471446792467,21.747471446792467,26631.647623070836,134.40799193487103,132.5197388127007,24989.09726753322,50.0,1,27.34409697999681,24989.132176994113,50.0,1,1,0,27.34409697999681,24989.132176994113,1,27.43135492845059,1499.3500253748316,50.0,0,444.88411395543136,1083.1011100125384,0.0,360.4312004808557,1799.780873292532,135.3876387515673,0.0,0.0,0.0,0,340.4683443728883,4474.405566311297,624.3882537094906,133.981620078245,4474.405566311297,133.981620078245,900000.0,0.0,1,0.0,0.0,0.0,61221.60142220164,0.0,1,1,1,0,1,0,0.0,0,1,900000.0,4500.0,0,0,0.0,0,0.0,1.0,1,1,0,0.0,0.0,1,600000.0,400000.0,0,0.35
17.8,diagnostic,21.816227912644266,21.816227912644266,21.816227912644266,21.816227912644266,26631.661930684837,134.8343229701133,132.9462491090136,24989.062361208,50.0,1,27.43135492845059,24989.09726753322,50.0,1,1,0,27.43135492845059,24989.09726753322,1,27.518604986933898,1499.3479306196468,50.0,0,446.29452860286045,1084.7298859847358,0.0,361.58217268923386,1799.780873292532,135.59123574809198,0.0,0.0,0.0,0,341.0383288503945,4474.407977696516,625.3287174253215,134.40799193487103,4474.407977696516,134.40799193487103,900000.0,0.0,1,0.0,0.0,0.0,61024.5431676332,0.0,1,1,1,0,1,0,0.0,0,1,900000.0,4500.0,0,0,0.0,0,0.0,1.0,1,1,0,0.0,0.0,1,600000.0,400000.0,0,0.35
17.85,diagnostic,21.884977753901047,21.884977753901047,21.884977753901047,21.884977753901047,26631.676283249664,135.26061305839445,133.37271901493824,24989.02745802862,50.0,1,27.518604986933898,24989.062361208,50.0,1,1,0,27.518604986933898,24989.062361208,1,27.60584713007384,1499.345836051993,50.0,0,447.7048148755279,1086.358506510591,0.0,362.73303691883507,1799.780873292532,135.79481331382388,0.0,0.0,0.0,0,341.6065485661507,4474.410396631045,626.2690916713193,134.8343229701133,4474.410396631045,134.8343229701133,900000.0,0.0,1,0.0,0.0,0.0,60828.76783614984,0.0,1,1,1,0,1,0,0.0,0,1,900000.0,4500.0,0,0,0.0,0,0.0,1.0,1,1,0,0.0,0.0,1,600000.0,400000.0,0,0.35
17.9,diagnostic,21.953720950324342,21.953720950324342,21.953720950324342,21.953720950324342,26631.69068074798,135.6868620741865,133.79914840472983,24988.992558005226,50.0,1,27.60584713007384,24989.02745802862,50.0,1,1,0,27.60584713007384,24989.02745802862,1,27.693081332506882,1499.34374167248,50.0,0,449.11497236353966,1087.986971110246,0.0,363.88379283603706,1799.780873292532,135.99837138878075,0.0,0.0,0.0,0,342.17301153963007,4474.412823111966,627.2093761703296,135.26061305839445,4474.412823111966,135.26061305839445,900000.0,0.0,1,0.0,0.0,0.0,60634.26299971707,0.0,1,1,1,0,1,0,0.0,0,1,900000.0,4500.0,0,0,0.0,0,0.0,1.0,1,1,0,0.0,0.0,1,600000.0,400000.0,0,0.35
17.95,diagnostic,22.0224574816837,22.0224574816837,22.0224574816837,22.0224574816837,26631.70512316242,136.11306989201094,134.2255371526924,24988.95766114797,50.0,1,27.693081332506882,24988.992558005226,50.0,1,1,0,27.693081332506882,24988.992558005226,1,27.78030756887874,1499.3416474817172,50.0,0,450.52500065715407,1089.6152793040308,0.0,365.03444010734506,1799.780873292532,136.20190991300385,0.0,0.0,0.0,0,342.7377257418417,4474.415257136353,628.1495706453062,135.6868620741865,4474.415257136353,135.6868620741865,900000.0,0.0,1,0.0,0.0,0.0,60441.01639030503,0.0,1,1,1,0,1,0,0.0,0,1,900000.0,4500.0,0,0,0.0,0,0.0,1.0,1,1,0,0.0,0.0,1,600000.0,400000.0,0,0.35
18.0,diagnostic,22.091187327756696,22.091187327756696,22.091187327756696,22.091187327756696,26631.71961047557,136.53923638643894,134.65188513317892,24988.922767466996,50.0,1,27.78030756887874,24988.95766114797,50.0,1,1,0,27.78030756887874,24988.95766114797,1,27.86752581384458,1499.3395534803135,50.0,0,451.934899346781,1091.2434306124633,0.0,366.1849783993921,1799.780873292532,136.4054288265579,0.0,0.0,0.0,0,343.3006990956957,4474.41769870127,629.0896748193114,136.11306989201094,4474.41769870127,136.11306989201094,900000.0,0.0,1,0.0,0.0,0.0,60249.015897321864,0.0,1,1,1,0,1,0,0.0,0,1,900000.0,4500.0,0,0,0.0,0,0.0,1.0,1,1,0,0.0,0.0,1,600000.0,400000.0,0,0.35
18.05,diagnostic,22.15991046832897,22.15991046832897,22.15991046832897,22.15991046832897,26631.734142669957,136.96536143209153,135.0781922205916,24988.887876972447,50.0,1,27.86752581384458,24988.922767466996,50.0,1,1,0,27.86752581384458,24988.922767466996,1,27.954736042068927,1499.3374596688782,50.0,0,453.344668022983,1092.8714245562512,0.0,367.3354073789391,1799.780873292532,136.6089280695314,0.0,0.0,0.0,0,343.86193947636554,4474.420147803771,630.0296884155164,136.53923638643894,4474.420147803771,136.53923638643894,900000.0,0.0,1,0.0,0.0,0.0,60058.24956509623,0.0,1,1,1,0,1,0,0.0,0,1,900000.0,4500.0,0,0,0.0,0,0.0,1.0,1,1,0,0.0,0.0,1,600000.0,400000.0,0,0.35
18.1,diagnostic,22.228626883194224,22.228626883194224,22.228626883194224,22.228626883194224,26631.748719728046,137.3914449036396,135.50445828938192,24988.852989674462,50.0,1,27.954736042068927,24988.887876972447,50.0,1,1,0,27.954736042068927,24988.887876972447,1,28.041938228225753,1499.3353660480198,50.0,0,454.754306276475,1094.4992606562919,0.0,368.48572671287525,1799.780873292532,136.81240758203649,0.0,0.0,0.0,0,344.42145471164775,4474.422604440905,630.9696111572015,136.96536143209153,4474.422604440905,136.96536143209153,900000.0,0.0,1,0.0,0.0,0.0,59868.70559040793,0.0,1,1,1,0,1,0,0.0,0,1,900000.0,4500.0,0,0,0.0,0,0.0,1.0,1,1,0,0.0,0.0,1,600000.0,400000.0,0,0.35
18.15,diagnostic,22.297336552154263,22.297336552154263,22.297336552154263,22.297336552154263,26631.763341632268,137.8174866758042,135.93068321405082,24988.818105583174,50.0,1,28.041938228225753,24988.852989674462,50.0,1,1,0,28.041938228225753,24988.852989674462,1,28.129132346998453,1499.3332726183467,50.0,0,456.1638136981258,1096.1269384336729,0.0,369.63593606821877,1799.780873292532,137.0158673042091,0.0,0.0,0.0,0,344.9792525823164,4474.425068609709,631.9094427677566,137.3914449036396,4474.425068609709,137.3914449036396,900000.0,0.0,1,0.0,0.0,0.0,59680.37232006573,0.0,1,1,1,0,1,0,0.0,0,1,900000.0,4500.0,0,0,0.0,0,0.0,1.0,1,1,0,0.0,0.0,1,600000.0,400000.0,0,0.35
18.2,diagnostic,22.366039455019028,22.366039455019028,22.366039455019028,22.366039455019028,26631.77800836499,138.24348662335643,136.35686686914886,24988.78322470871,50.0,1,28.129132346998453,24988.818105583174,50.0,1,1,0,28.129132346998453,24988.818105583174,1,28.216318373079947,1499.3311793804676,50.0,0,457.5731898789578,1097.7544574096719,0.0,370.78603511211696,1799.780873292532,137.21930717620899,0.0,0.0,0.0,0,345.5353408224767,4474.427540307214,632.8491829706815,137.8174866758042,4474.427540307214,137.8174866758042,900000.0,0.0,1,0.0,0.0,0.0,59493.23824853109,0.0,1,1,1,0,1,0,0.0,0,1,900000.0,4500.0,0,0,0.0,0,0.0,1.0,1,1,0,0.0,0.0,1,600000.0,400000.0,0,0.35
18.25,diagnostic,22.4347355716066,22.4347355716066,22.4347355716066,22.4347355716066,26631.79271990854,138.66944462111798,136.7830091292763,24988.748347061202,50.0,1,28.216318373079947,24988.78322470871,50.0,1,1,0,28.216318373079947,24988.78322470871,1,28.303496281172645,1499.3290863349903,50.0,0,458.9824344101476,1099.381817105759,0.0,371.9360235118466,1799.780873292532,137.42272713821987,0.0,0.0,0.0,0,346.0897271199139,4474.430019530441,633.7888314895856,138.24348662335643,4474.430019530441,138.24348662335643,900000.0,0.0,1,0.0,0.0,0.0,59307.292015586994,0.0,1,1,1,0,1,0,0.0,0,1,900000.0,4500.0,0,0,0.0,0,0.0,1.0,1,1,0,0.0,0.0,1,600000.0,400000.0,0,0.35
18.3,diagnostic,22.503424881743232,22.503424881743232,22.503424881743232,22.503424881743232,26631.807476245187,139.0953605439609,137.2091098690833,24988.71347265077,50.0,1,28.303496281172645,24988.748347061202,50.0,1,1,0,28.303496281172645,24988.748347061202,1,28.39066604598851,1499.3269934825225,50.0,0,460.39154688302636,1101.0090170435951,0.0,373.0859009348143,1799.780873292532,137.6261271304494,0.0,0.0,0.0,0,346.64241911643956,4474.432506276401,634.7283880481899,138.66944462111798,4474.432506276401,138.66944462111798,900000.0,0.0,1,0.0,0.0,0.0,59122.52240405085,0.0,1,1,1,0,1,0,0.0,0,1,900000.0,4500.0,0,0,0.0,0,0.0,1.0,1,1,0,0.0,0.0,1,600000.0,400000.0,0,0.35
18.35,diagnostic,22.572107365263367,22.572107365263367,22.572107365263367,22.572107365263367,26631.82227735714,139.52123426680805,137.63516896327002,24988.678601487532,50.0,1,28.39066604598851,24988.71347265077,50.0,1,1,0,28.39066604598851,24988.71347265077,1,28.477827642249053,1499.3249008236721,50.0,0,461.80052688908086,1102.6360567450336,0.0,374.2356670485571,1799.780873292532,137.8295070931292,0.0,0.0,0.0,0,347.19342440823476,4474.4350005421,635.6678523703249,139.0953605439609,4474.4350005421,139.0953605439609,900000.0,0.0,1,0.0,0.0,0.0,58938.91833753035,0.0,1,1,1,0,1,0,0.0,0,1,900000.0,4500.0,0,0,0.0,0,0.0,1.0,1,1,0,0.0,0.0,1,600000.0,400000.0,0,0.35
18.4,diagnostic,22.640783002009677,22.640783002009677,22.640783002009677,22.640783002009677,26631.83712322658,139.94706566463287,138.06118628658675,24988.643733581604,50.0,1,28.477827642249053,24988.678601487532,50.0,1,1,0,28.477827642249053,24988.678601487532,1,28.564981044685414,1499.3228083590461,50.0,0,463.209374019953,1104.2629357321216,0.0,375.38532152074254,1799.780873292532,138.0328669665152,0.0,0.0,0.0,0,347.7427505461905,4474.43750232453,636.6072241799326,139.52123426680805,4474.43750232453,139.52123426680805,900000.0,0.0,1,0.0,0.0,0.0,58756.46887822149,0.0,1,1,1,0,1,0,0.0,0,1,900000.0,4500.0,0,0,0.0,0,0.0,1.0,1,1,0,0.0,0.0,1,600000.0,400000.0,0,0.35
18.45,diagnostic,22.70945177183306,22.70945177183306,22.70945177183306,22.70945177183306,26631.852013835603,140.37285461246,138.48716171383418,24988.6088689431,50.0,1,28.564981044685414,24988.643733581604,50.0,1,1,0,28.564981044685414,24988.643733581604,1,28.652126228038327,1499.3207160892518,50.0,0,464.61808786744103,1105.8896535270992,0.0,376.5348640191693,1799.780873292532,138.2362066908874,0.0,0.0,0.0,0,348.29040503624395,4474.4400116206825,637.5465032010669,139.94706566463287,4474.4400116206825,139.94706566463287,900000.0,0.0,1,0.0,0.0,0.0,58575.16322474779,0.0,1,1,1,0,1,0,0.0,0,1,900000.0,4500.0,0,0,0.0,0,0.0,1.0,1,1,0,0.0,0.0,1,600000.0,400000.0,0,0.35
18.5,diagnostic,22.778113654592673,22.778113654592673,22.778113654592673,22.778113654592673,26631.866949166302,140.79860098536497,138.91309511986336,24988.574007582127,50.0,1,28.652126228038327,24988.6088689431,50.0,1,1,0,28.652126228038327,24988.6088689431,1,28.73926316705821,1499.3186240148962,50.0,0,466.0266680234999,1107.5162096524004,0.0,377.68429421176734,1799.780873292532,138.43952620655006,0.0,0.0,0.0,0,348.83639533971325,4474.442528427532,638.4856891578927,140.37285461246,4474.442528427532,140.37285461246,900000.0,0.0,1,0.0,0.0,0.0,58394.99071003982,0.0,1,1,1,0,1,0,0.0,0,1,900000.0,4500.0,0,0,0.0,0,0.0,1.0,1,1,0,0.0,0.0,1,600000.0,400000.0,0,0.35
18.55,diagnostic,22.846768630155978,22.846768630155978,22.846768630155978,22.846768630155978,26631.88192920067,141.22430465847458,139.33898637957597,24988.539149508786,50.0,1,28.73926316705821,24988.574007582127,50.0,1,1,0,28.73926316705821,24988.574007582127,1,28.82639183650515,1499.3165321365861,50.0,0,467.4351140802413,1109.1426036306545,0.0,378.8336117665985,1799.780873292532,138.64282545383182,0.0,0.0,0.0,0,349.3807288736278,4474.445052742048,639.4247817746874,140.79860098536497,4474.445052742048,140.79860098536497,900000.0,0.0,1,0.0,0.0,0.0,58215.940799254175,0.0,1,1,1,0,1,0,0.0,0,1,900000.0,4500.0,0,0,0.0,0,0.0,1.0,1,1,0,0.0,0.0,1,600000.0,400000.0,0,0.35
18.6,diagnostic,22.915416678398728,22.915416678398728,22.915416678398728,22.915416678398728,26631.896953920666,141.64996550696708,139.7648353679245,24988.504294733175,50.0,1,28.82639183650515,24988.539149508786,50.0,1,1,0,28.82639183650515,24988.539149508786,1,28.913512211148948,1499.3144404549275,50.0,0,468.8434256299341,1110.7688349846849,0.0,379.9828163518564,1799.780873292532,138.8461043730856,0.0,0.0,0.0,0,349.9234130110572,4474.447584561191,640.3637807758408,141.22430465847458,4474.447584561191,141.22430465847458,900000.0,0.0,1,0.0,0.0,0.0,58038.00308773094,0.0,1,1,1,0,1,0,0.0,0,1,900000.0,4500.0,0,0,0.0,0,0.0,1.0,1,1,0,0.0,0.0,1,600000.0,400000.0,0,0.35
18.65,diagnostic,22.984057779205017,22.984057779205017,22.984057779205017,22.984057779205017,26631.91202330821,142.07558340607213,140.19064195991217,24988.4694432654,50.0,1,28.913512211148948,24988.504294733175,50.0,1,1,0,28.913512211148948,24988.504294733175,1,29.00062426576912,1499.3123489705272,50.0,0,470.25160226500583,1112.3949032375115,0.0,381.1319076358676,1799.780873292532,139.04936290468893,0.0,0.0,0.0,0,350.46445508143603,4474.450123881914,641.3026858858549,141.64996550696708,4474.450123881914,141.64996550696708,900000.0,0.0,1,0.0,0.0,0.0,57861.16729898898,0.0,1,1,1,0,1,0,0.0,0,1,900000.0,4500.0,0,0,0.0,0,0.0,1.0,1,1,0,0.0,0.0,1,600000.0,400000.0,0,0.35
18.7,diagnostic,23.05269191246729,23.05269191246729,23.05269191246729,23.05269191246729,26631.927137345152,142.50115823107112,140.6164060305934,24988.43459511554,50.0,1,29.00062426576912,24988.4694432654,50.0,1,1,0,29.00062426576912,24988.4694432654,1,29.087727975155,1499.3102576839904,50.0,0,471.65964357804154,1114.02080791235,0.0,382.2808852870911,1799.780873292532,139.25260098904374,0.0,0.0,0.0,0,351.00386237088594,4474.45267070116,642.241496829345,142.07558340607213,4474.45267070116,142.07558340607213,900000.0,0.0,1,0.0,0.0,0.0,57685.42328275816,0.0,1,1,1,0,1,0,0.0,0,1,900000.0,4500.0,0,0,0.0,0,0.0,1.0,1,1,0,0.0,0.0,1,600000.0,400000.0,0,0.35
18.75,diagnostic,23.121319058086367,23.121319058086367,23.121319058086367,23.121319058086367,26631.942296013305,142.9266898572972,141.04212745507363,24988.39975029369,50.0,1,29.087727975155,24988.43459511554,50.0,1,1,0,29.087727975155,24988.43459511554,1,29.174823314105662,1499.308166595924,50.0,0,473.06754916178585,1115.646548532613,0.0,383.4297489741195,1799.780873292532,139.45581856657662,0.0,0.0,0.0,0,351.54164212253596,4474.455225015867,643.1802133310397,142.50115823107112,4474.455225015867,142.50115823107112,900000.0,0.0,1,0.0,0.0,0.0,57510.76101304766,0.0,1,1,1,0,1,0,0.0,0,1,900000.0,4500.0,0,0,0.0,0,0.0,1.0,1,1,0,0.0,0.0,1,600000.0,400000.0,0,0.35
18.8,diagnostic,23.189939195971476,23.189939195971476,23.189939195971476,23.189939195971476,26631.95749929444,143.35217816013548,141.4678061085097,24988.364908809937,50.0,1,29.174823314105662,24988.39975029369,50.0,1,1,0,29.174823314105662,24988.39975029369,1,29.261910257430053,1499.3060757069325,50.0,0,474.47531860914233,1117.2721246219105,0.0,384.5784983656789,1799.780873292532,139.6590155777388,0.0,0.0,0.0,0,352.07780153683785,4474.457786822958,644.118835115781,142.9266898572972,4474.457786822958,142.9266898572972,900000.0,0.0,1,0.0,0.0,0.0,57337.17058624971,0.0,1,1,1,0,1,0,0.0,0,1,900000.0,4500.0,0,0,0.0,0,0.0,1.0,1,1,0,0.0,0.0,1,600000.0,400000.0,0,0.35
18.85,diagnostic,23.258552306040265,23.258552306040265,23.258552306040265,23.258552306040265,26631.972747170246,143.77762301502315,141.8934418661099,24988.330070674358,50.0,1,29.261910257430053,24988.364908809937,50.0,1,1,0,29.261910257430053,24988.364908809937,1,29.348988779946946,1499.3039850176215,50.0,0,475.8829515131742,1118.89753570405,0.0,385.7271331306292,1799.780873292532,139.86219196300624,0.0,0.0,0.0,0,352.6123477718811,4474.4603561193535,645.0573619085252,143.35217816013548,4474.4603561193535,143.35217816013548,900000.0,0.0,1,0.0,0.0,0.0,57164.64221927786,0.0,1,1,1,0,1,0,0.0,0,1,900000.0,4500.0,0,0,0.0,0,0.0,1.0,1,1,0,0.0,0.0,1,600000.0,400000.0,0,0.35
18.9,diagnostic,23.327158368218814,23.327158368218814,23.327158368218814,23.327158368218814,26631.988039622393,144.20302429744964,142.31903460313399,24988.29523589703,50.0,1,29.348988779946946,24988.330070674358,50.0,1,1,0,29.348988779946946,24988.330070674358,1,29.436058856485,1499.3018945285962,50.0,0,477.2904474671054,1120.5227813030378,0.0,386.87565293796507,1799.780873292532,140.06534766287973,0.0,0.0,0.0,0,353.1452879437034,4474.462932901962,645.9957934343422,143.77762301502315,4474.462932901962,143.77762301502315,900000.0,0.0,1,0.0,0.0,0.0,56993.16624773929,0.0,1,1,1,0,1,0,0.0,0,1,900000.0,4500.0,0,0,0.0,0,0.0,1.0,1,1,0,0.0,0.0,1,600000.0,400000.0,0,0.35
18.95,diagnostic,23.395757362441696,23.395757362441696,23.395757362441696,23.395757362441696,26632.003376632478,144.62838188295666,142.7445841948936,24988.26040448802,50.0,1,29.436058856485,24988.29523589703,50.0,1,1,0,29.436058856485,24988.29523589703,1,29.52312046188281,1499.2998042404613,50.0,0,478.69780606431954,1122.147860943079,0.0,388.02405745681517,1799.780873292532,140.26848261788487,0.0,0.0,0.0,0,353.67662912659904,4474.465517167682,646.9341294184171,144.20302429744964,4474.465517167682,144.20302429744964,900000.0,0.0,1,0.0,0.0,0.0,56822.73312414001,0.0,1,1,1,0,1,0,0.0,0,1,900000.0,4500.0,0,0,0.0,0,0.0,1.0,1,1,0,0.0,0.0,1,600000.0,400000.0,0,0.35
19.0,diagnostic,23.464349268651958,23.464349268651958,23.464349268651958,23.464349268651958,26632.018758182046,145.0536956471385,143.17009051675225,24988.225576457407,50.0,1,29.52312046188281,24988.26040448802,50.0,1,1,0,29.52312046188281,24988.26040448802,1,29.610173570988838,1499.2977141538217,50.0,0,480.1050268983621,1123.7727741485783,0.0,389.17234635644377,1799.780873292532,140.47159676857228,0.0,0.0,0.0,0,354.20637835342484,4474.468108913409,647.8723695860494,144.62838188295666,4474.468108913409,144.62838188295666,900000.0,0.0,1,0.0,0.0,0.0,56653.33341612287,0.0,1,1,1,0,1,0,0.0,0,1,900000.0,4500.0,0,0,0.0,0,0.0,1.0,1,1,0,0.0,0.0,1,600000.0,400000.0,0,0.35
19.05,diagnostic,23.53293406680117,23.53293406680117,23.53293406680117,23.53293406680117,26632.03418425261,145.47896546564215,143.59555344412536,24988.190751815247,50.0,1,29.610173570988838,24988.225576457407,50.0,1,1,0,29.610173570988838,24988.225576457407,1,29.69721815866157,1499.2956242692812,50.0,0,481.5121095629398,1125.3975204441401,0.0,390.32051930625056,1799.780873292532,140.67469005551752,0.0,0.0,0.0,0,354.7345426159025,4474.470708136025,648.8105136626542,145.0536956471385,4474.470708136025,145.0536956471385,900000.0,0.0,1,0.0,0.0,0.0,56484.95780473701,0.0,1,1,1,0,1,0,0.0,0,1,900000.0,4500.0,0,0,0.0,0,0.0,1.0,1,1,0,0.0,0.0,1,600000.0,400000.0,0,0.35
19.1,diagnostic,23.60151173684944,23.60151173684944,23.60151173684944,23.60151173684944,26632.04965482562,145.90419121416727,144.0209728524806,24988.155930571604,50.0,1,29.69721815866157,24988.190751815247,50.0,1,1,0,29.69721815866157,24988.190751815247,1,29.78425419976947,1499.2935345874444,50.0,0,482.9190536519214,1127.0220993545697,0.0,391.46857597577053,1799.780873292532,140.87776241932121,0.0,0.0,0.0,0,355.2611288649201,4474.473314832407,649.7485613737617,145.47896546564215,4474.473314832407,145.47896546564215,900000.0,0.0,1,0.0,0.0,0.0,56317.59708273875,0.0,1,1,1,0,1,0,0.0,0,1,900000.0,4500.0,0,0,0.0,0,0.0,1.0,1,1,0,0.0,0.0,1,600000.0,400000.0,0,0.35
19.15,diagnostic,23.670082258765422,23.670082258765422,23.670082258765422,23.670082258765422,26632.065169882484,146.32937276846653,144.44634861733797,24988.121112736535,50.0,1,29.78425419976947,24988.155930571604,50.0,1,1,0,29.78425419976947,24988.155930571604,1,29.871281669191013,1499.2914451089148,50.0,0,484.32585875933864,1128.6465104048732,0.0,392.61651603467584,1799.780873292532,141.08081380060915,0.0,0.0,0.0,0,355.7861440108283,4474.475928999421,650.686512445018,145.90419121416727,4474.475928999421,145.90419121416727,900000.0,0.0,1,0.0,0.0,0.0,56151.2421529226,0.0,1,1,1,0,1,0,0.0,0,1,900000.0,4500.0,0,0,0.0,0,0.0,1.0,1,1,0,0.0,0.0,1,600000.0,400000.0,0,0.35
19.2,diagnostic,23.738645612526366,23.738645612526366,23.738645612526366,23.738645612526366,26632.08072940455,146.75451000434563,144.87168061426985,24988.086298320093,50.0,1,29.871281669191013,24988.121112736535,50.0,1,1,0,29.871281669191013,24988.121112736535,1,29.958300541814758,1499.2893558342962,50.0,0,485.7325244793854,1130.2707531202586,0.0,393.76433915277437,1799.780873292532,141.28384414003233,0.0,0.0,0.0,0,356.30959492373626,4474.478550633926,651.6243666021853,146.32937276846653,4474.478550633926,146.32937276846653,900000.0,0.0,1,0.0,0.0,0.0,55985.884026482396,0.0,1,1,1,0,1,0,0.0,0,1,900000.0,4500.0,0,0,0.0,0,0.0,1.0,1,1,0,0.0,0.0,1,600000.0,400000.0,0,0.35
19.25,diagnostic,23.807201778118127,23.807201778118127,23.807201778118127,23.807201778118127,26632.096333373127,147.17960279766348,145.2969687189012,24988.051487332323,50.0,1,29.958300541814758,24988.086298320093,50.0,1,1,0,29.958300541814758,24988.086298320093,1,30.045310792539304,1499.287266764192,50.0,0,487.1390504064193,1131.894827026136,0.0,394.9120450000111,1799.780873292532,141.486853378267,0.0,0.0,0.0,0,356.8314884338038,4474.48117973277,652.5621235711424,146.75451000434563,4474.48117973277,146.75451000434563,900000.0,0.0,1,0.0,0.0,0.0,55821.51382140152,0.0,1,1,1,0,1,0,0.0,0,1,900000.0,4500.0,0,0,0.0,0,0.0,1.0,1,1,0,0.0,0.0,1,600000.0,400000.0,0,0.35
19.3,diagnostic,23.875750735535178,23.875750735535178,23.875750735535178,23.875750735535178,26632.11198176945,147.60465102433238,145.72221280690977,24988.016679783275,50.0,1,30.045310792539304,24988.051487332323,50.0,1,1,0,30.045310792539304,24988.051487332323,1,30.13231239627336,1499.2851778992056,50.0,0,488.54543613496173,1133.518731648118,0.0,396.0596332464683,1799.780873292532,141.68984145601476,0.0,0.0,0.0,0,357.3518313315319,4474.483816292796,653.4997830778846,147.17960279766348,4474.483816292796,147.17960279766348,900000.0,0.0,1,0.0,0.0,0.0,55658.12276087164,0.0,1,1,1,0,1,0,0.0,0,1,900000.0,4500.0,0,0,0.0,0,0.0,1.0,1,1,0,0.0,0.0,1,600000.0,400000.0,0,0.35
19.35,diagnostic,23.94429246478065,23.94429246478065,23.94429246478065,23.94429246478065,26632.127674574724,148.0296545603181,146.14741275402613,24987.981875682985,50.0,1,30.13231239627336,24988.016679783275,50.0,1,1,0,30.13231239627336,24988.016679783275,1,30.21930532793578,1499.2830892399393,50.0,0,489.9516812596981,1135.1424665120207,0.0,397.2071035623659,1799.780873292532,141.8928083140026,0.0,0.0,0.0,0,357.8706303680494,4474.486460310837,654.4373448485242,147.60465102433238,4474.486460310837,147.60465102433238,900000.0,0.0,1,0.0,0.0,0.0,55495.70217173966,0.0,1,1,1,0,1,0,0.0,0,1,900000.0,4500.0,0,0,0.0,0,0.0,1.0,1,1,0,0.0,0.0,1,600000.0,400000.0,0,0.35
19.4,diagnostic,24.012826945866347,24.012826945866347,24.012826945866347,24.012826945866347,26632.143411770103,148.45461328164004,146.57256843603383,24987.94707504149,50.0,1,30.21930532793578,24987.981875682985,50.0,1,1,0,30.21930532793578,24987.981875682985,1,30.30628956245555,1499.2810007869964,50.0,0,491.357785375479,1136.7660311438638,0.0,398.35445561806176,1799.780873292532,142.09575389298297,0.0,0.0,0.0,0,358.3878922553984,4474.489111783717,655.374808609291,148.0296545603181,4474.489111783717,148.0296545603181,900000.0,0.0,1,0.0,0.0,0.0,55334.24348298186,0.0,1,1,1,0,1,0,0.0,0,1,900000.0,4500.0,0,0,0.0,0,0.0,1.0,1,1,0,0.0,0.0,1,600000.0,400000.0,0,0.35
19.45,diagnostic,24.08135415881277,24.08135415881277,24.08135415881277,24.08135415881277,26632.159193336684,148.87952706437136,146.99767972876973,24987.912277868825,50.0,1,30.30628956245555,24987.94707504149,50.0,1,1,0,30.30628956245555,24987.94707504149,1,30.3932650747719,1499.278912540979,50.0,0,492.7637480773201,1138.3894250698718,0.0,399.5016890840524,1799.780873292532,142.29867813373397,0.0,0.0,0.0,0,358.90362366681654,4474.491770708251,656.3121740865323,148.45461328164004,4474.491770708251,148.45461328164004,900000.0,0.0,1,0.0,0.0,0.0,55173.73822420518,0.0,1,1,1,0,1,0,0.0,0,1,900000.0,4500.0,0,0,0.0,0,0.0,1.0,1,1,0,0.0,0.0,1,600000.0,400000.0,0,0.35
19.5,diagnostic,24.14987408364913,24.14987408364913,24.14987408364913,24.14987408364913,26632.175019255512,149.30439578463915,147.42274650812377,24987.877484175016,50.0,1,30.3932650747719,24987.912277868825,50.0,1,1,0,30.3932650747719,24987.912277868825,1,30.480231839834232,1499.2768245024895,50.0,0,494.16956896040205,1140.0126478164732,0.0,400.64880363097257,1799.780873292532,142.50158097705915,0.0,0.0,0.0,0,359.41783123701697,4474.494437081248,657.2494410067138,148.87952706437136,4474.494437081248,148.87952706437136,900000.0,0.0,1,0.0,0.0,0.0,55014.17802417454,0.0,1,1,1,0,1,0,0.0,0,1,900000.0,4500.0,0,0,0.0,0,0.0,1.0,1,1,0,0.0,0.0,1,600000.0,400000.0,0,0.35
19.55,diagnostic,24.218386700413394,24.218386700413394,24.218386700413394,24.218386700413394,26632.19088950759,149.72921931862462,147.84776865003943,24987.84269397009,50.0,1,30.480231839834232,24987.877484175016,50.0,1,1,0,30.480231839834232,24987.877484175016,1,30.567189832602185,1499.2747366721294,50.0,0,495.5752476200724,1141.6356989103028,0.0,401.7957989295965,1799.780873292532,142.70446236378785,0.0,0.0,0.0,0,359.93052156246637,4474.497110899509,658.1866090964189,149.30439578463915,4474.497110899509,149.30439578463915,900000.0,0.0,1,0.0,0.0,0.0,54855.554609366176,0.0,1,1,1,0,1,0,0.0,0,1,900000.0,4500.0,0,0,0.0,0,0.0,1.0,1,1,0,0.0,0.0,1,600000.0,400000.0,0,0.35
19.6,diagnostic,24.28689198915227,24.28689198915227,24.28689198915227,24.28689198915227,26632.206804073874,150.15399754256305,148.27274603051376,24987.807907264065,50.0,1,30.567189832602185,24987.84269397009,50.0,1,1,0,30.567189832602185,24987.84269397009,1,30.654139028045716,1499.2726490505008,50.0,0,496.980783651845,1143.2585778782009,0.0,402.942674650838,1799.780873292532,142.9073222347751,0.0,0.0,0.0,0,360.44170120165955,4474.499792159821,659.1236780823499,149.72921931862462,4474.499792159821,149.72921931862462,900000.0,0.0,1,0.0,0.0,0.0,54697.859802546125,0.0,1,1,1,0,1,0,0.0,0,1,900000.0,4500.0,0,0,0.0,0,0.0,1.0,1,1,0,0.0,0.0,1,600000.0,400000.0,0,0.35
19.65,diagnostic,24.35538992992127,24.35538992992127,24.35538992992127,24.35538992992127,26632.222762935253,150.57873033274407,148.69767852559755,24987.77312406696,50.0,1,30.654139028045716,24987.807907264065,50.0,1,1,0,30.654139028045716,24987.807907264065,1,30.74107940114505,1499.2705616382054,50.0,0,498.3861766514005,1144.881284247214,0.0,404.0894304657504,1799.780873292532,143.11016053090174,0.0,0.0,0.0,0,360.9513766753925,4474.502480858967,660.0606476913281,150.15399754256305,4474.502480858967,150.15399754256305,900000.0,0.0,1,0.0,0.0,0.0,54541.08552137341,0.0,1,1,1,0,1,0,0.0,0,1,900000.0,4500.0,0,0,0.0,0,0.0,1.0,1,1,0,0.0,0.0,1,600000.0,400000.0,0,0.35
19.7,diagnostic,24.423880502784712,24.423880502784712,24.423880502784712,24.423880502784712,26632.238766072573,151.00341756551188,149.12256601139535,24987.73834438878,50.0,1,30.74107940114505,24987.77312406696,50.0,1,1,0,30.74107940114505,24987.77312406696,1,30.82801092689075,1499.268474435844,50.0,0,499.7914262145867,1146.5038175445964,0.0,405.2360660455272,1799.780873292532,143.31297719307454,0.0,0.0,0.0,0,361.45955446703283,4474.505176993722,660.9975176502934,150.57873033274407,4474.505176993722,150.57873033274407,900000.0,0.0,1,0.0,0.0,0.0,54385.223777027575,0.0,1,1,1,0,1,0,0.0,0,1,900000.0,4500.0,0,0,0.0,0,0.0,1.0,1,1,0,0.0,0.0,1,600000.0,400000.0,0,0.35
19.75,diagnostic,24.492363687815736,24.492363687815736,24.492363687815736,24.492363687815736,26632.254813466632,151.4280591172652,149.5474083640658,24987.703568239544,50.0,1,30.82801092689075,24987.73834438878,50.0,1,1,0,30.82801092689075,24987.73834438878,1,30.914933580283712,1499.2663874440175,50.0,0,501.1965319374197,1148.126177297809,0.0,406.3825810615024,1799.780873292532,143.5157721622261,0.0,0.0,0.0,0,361.9662410227882,4474.507880560851,661.9342876863063,151.00341756551188,4474.507880560851,151.00341756551188,900000.0,0.0,1,0.0,0.0,0.0,54230.26667285994,0.0,1,1,1,0,1,0,0.0,0,1,900000.0,4500.0,0,0,0.0,0,0.0,1.0,1,1,0,0.0,0.0,1,600000.0,400000.0,0,0.35
19.8,diagnostic,24.560839465096354,24.560839465096354,24.560839465096354,24.560839465096354,26632.270905098183,151.85265486445758,149.97220545982162,24987.668795629244,50.0,1,30.914933580283712,24987.703568239544,50.0,1,1,0,30.914933580283712,24987.703568239544,1,31.00184733633524,1499.2643006633268,50.0,0,502.60149341608394,1149.7483630345214,0.0,407.5289751851513,1799.780873292532,143.71854537931517,0.0,0.0,0.0,0,362.471442751972,4474.510591557111,662.870957526546,151.4280591172652,4474.510591557111,151.4280591172652,900000.0,0.0,1,0.0,0.0,0.0,54076.20640306807,0.0,1,1,1,0,1,0,0.0,0,1,900000.0,4500.0,0,0,0.0,0,0.0,1.0,1,1,0,0.0,0.0,1,600000.0,400000.0,0,0.35
19.85,diagnostic,24.62930781471743,24.62930781471743,24.62930781471743,24.62930781471743,26632.287040947926,152.2772046835974,150.3969571749298,24987.63402656789,50.0,1,31.00184733633524,24987.668795629244,50.0,1,1,0,31.00184733633524,24987.668795629244,1,31.08875217006705,1499.2622140943727,50.0,0,504.0063102469323,1151.3703742826115,0.0,408.6752480880902,1799.780873292532,143.92129678532643,0.0,0.0,0.0,0,362.97516602726654,4474.513309979251,663.8075268983125,151.85265486445758,4474.513309979251,151.85265486445758,900000.0,0.0,1,0.0,0.0,0.0,53923.0352513931,0.0,1,1,1,0,1,0,0.0,0,1,900000.0,4500.0,0,0,0.0,0,0.0,1.0,1,1,0,0.0,0.0,1,600000.0,400000.0,0,0.35
19.9,diagnostic,24.697768716778736,24.697768716778736,24.697768716778736,24.697768716778736,26632.303220996502,152.70170845124807,150.8216633857118,24987.599261065465,50.0,1,31.08875217006705,24987.63402656789,50.0,1,1,0,31.08875217006705,24987.63402656789,1,31.175648056511275,1499.2601277377546,50.0,0,505.4109820264868,1152.9922105701664,0.0,409.821399442077,1799.780873292532,144.1240263212708,0.0,0.0,0.0,0,363.4774171849852,4474.516035824011,664.7439955290259,152.2772046835974,4474.516035824011,152.2772046835974,900000.0,0.0,1,0.0,0.0,0.0,53770.745589839455,0.0,1,1,1,0,1,0,0.0,0,1,900000.0,4500.0,0,0,0.0,0,0.0,1.0,1,1,0,0.0,0.0,1,600000.0,400000.0,0,0.35
19.95,diagnostic,24.766222151388966,24.766222151388966,24.766222151388966,24.766222151388966,26632.31944522451,153.12616604402817,151.24632396854352,24987.56449913197,50.0,1,31.175648056511275,24987.599261065465,50.0,1,1,0,31.175648056511275,24987.599261065465,1,31.262534970710526,1499.2580415940733,50.0,0,506.81550835144,1154.6138714254835,0.0,410.9674289190119,1799.780873292532,144.32673392818543,0.0,0.0,0.0,0,363.97820252533035,4474.518769088121,665.6803631462273,152.70170845124807,4474.518769088121,152.70170845124807,900000.0,0.0,1,0.0,0.0,0.0,53619.32987741636,0.0,1,1,1,0,1,0,0.0,0,1,900000.0,4500.0,0,0,0.0,0,0.0,1.0,1,1,0,0.0,0.0,1,600000.0,400000.0,0,0.35
20.0,diagnostic,24.834668098665762,24.834668098665762,24.834668098665762,24.834668098665762,26632.335713612498,153.5505773386116,151.6709387998557,24987.529740777394,50.0,1,31.262534970710526,24987.56449913197,50.0,1,1,0,31.262534970710526,24987.56449913197,1,31.34941288771794,1499.2559556639278,50.0,0,508.21988881865315,1156.2353563770691,0.0,412.11333619093693,1799.780873292532,144.52941954713364,0.0,0.0,0.0,0,364.4775283126513,4474.521509768308,666.6166294775788,153.12616604402817,4474.521509768308,153.12616604402817,900000.0,0.0,1,0.0,0.0,0.0,53468.78065890098,0.0,1,1,1,0,1,0,0.0,0,1,900000.0,4500.0,0,0,0.0,0,0.0,0.0,1,1,0,0.0,0.0,1,600000.0,400000.0,0,0.35
20.05,diagnostic,24.90310653873572,24.90310653873572,24.90310653873572,24.90310653873572,26632.35202614097,153.97494221172772,152.09550775613377,24987.494986011716,50.0,1,31.34941288771794,24987.529740777394,50.0,1,1,0,31.34941288771794,24987.529740777394,1,31.4362817825971,1499.2538699479182,50.0,0,509.6241230251592,1157.8566649536415,0.0,413.2591209300373,1799.780873292532,144.73208311920519,0.0,0.0,0.0,0,364.9754007756987,4474.524257861286,667.5527942508638,153.5505773386116,4474.524257861286,153.5505773386116,900000.0,0.0,1,0.0,0.0,0.0,53319.09056362237,0.0,1,1,1,0,1,0,0.0,0,1,900000.0,0.0,0,0,0.0,0,0.0,0.0,1,1,0,0.0,0.0,1,600000.0,400000.0,0,0.35
20.1,diagnostic,24.971537451734427,24.971537451734427,24.971537451734427,24.971537451734427,26632.368382790373,154.39926054016146,152.5200307139182,24987.46023484491,50.0,1,31.4362817825971,24987.494986011716,50.0,1,1,0,31.4362817825971,24987.494986011716,1,31.523141630422217,1499.2517844466436,50.0,0,511.02821056816146,0.0,0.0,414.40478280864113,1799.780873292532,0.0,0.0,0.0,0.0,0,365.4718261078762,4474.5270133637605,668.4888571939873,153.97494221172772,4474.5270133637605,153.97494221172772,900000.0,0.0,1,0.0,0.0,0.0,53170.25230426634,0.0,1,1,1,0,1,0,0.0,0,1,900000.0,0.0,0,0,0.0,0,0.0,0.0,1,1,0,0.0,0.0,1,600000.0,400000.0,0,0.35
20.15,diagnostic,25.039960817806488,25.039960817806488,25.039960817806488,25.039960817806488,26632.384783541103,154.82353220075345,152.94450754980454,24987.42548728696,50.0,1,31.523141630422217,24987.46023484491,50.0,1,1,0,31.523141630422217,24987.46023484491,1,31.609992406278028,1499.249699160703,50.0,0,512.4321510450349,0.0,0.0,415.55032149921993,1799.780873292532,0.0,0.0,0.0,0.0,0,0.0,1646.0864971827825,0.0,154.39926054016146,1646.0864971827825,154.39926054016146,900000.0,0.0,1,0.0,0.0,0.0,53022.25867570032,0.0,1,1,1,0,1,0,0.0,0,1,900000.0,0.0,0,0,0.0,0,0.0,0.0,1,1,0,0.0,0.0,1,600000.0,400000.0,0,0.35
20.2,diagnostic,25.10837661710553,25.10837661710553,25.10837661710553,25.10837661710553,9797.506831231922,155.24775707040024,153.36893814044367,24987.39074334783,50.0,1,31.609992406278028,24987.42548728696,50.0,1,1,0,31.609992406278028,24987.42548728696,1,31.696834085259887,1499.2476140906947,50.0,0,191.18070993651844,0.0,0.0,153.29370009126575,1799.780873292532,0.0,0.0,0.0,0.0,0,0.0,605.5613807034589,0.0,154.82353220075345,605.5613807034589,154.82353220075345,900000.0,0.0,1,0.0,0.0,0.0,52875.10255381816,0.0,1,1,1,0,1,0,0.0,0,1,900000.0,0.0,0,0,0.0,0,0.0,0.0,1,1,0,0.0,0.0,1,600000.0,400000.0,0,0.35
20.25,diagnostic,25.130023323837953,25.130023323837953,25.130023323837953,25.130023323837953,3604.301337946987,155.67193502605429,153.79332236254172,24987.35600303749,50.0,1,31.696834085259887,24987.39074334783,50.0,1,1,0,31.696834085259887,24987.39074334783,1,11.825610923908357,1499.2455292372176,50.0,0,72.67252246707591,0.0,0.0,56.548563944983854,1799.780873292532,0.0,0.0,0.0,0.0,0,0.0,222.7735823281955,0.0,155.24775707040024,222.7735823281955,155.24775707040024,900000.0,0.0,1,0.0,0.0,0.0,52728.77689440418,0.0,1,1,1,0,1,0,0.0,0,1,900000.0,0.0,0,0,0.0,0,0.0,0.0,1,1,0,0.0,0.0,1,600000.0,400000.0,0,0.35
20.3,diagnostic,25.134465033387364,25.134465033387364,25.134465033387364,25.134465033387364,1325.9483620174196,155.80614460779532,154.21766009286043,24987.321266365896,50.0,1,11.825610923908357,24987.35600303749,50.0,1,1,0,11.825610923908357,24987.35600303749,1,4.495207575283046,1499.2434446008697,50.0,0,28.95574041978102,0.0,0.0,20.860055598893815,1799.780873292532,0.0,0.0,0.0,0.0,0,0.0,81.95382097465685,0.0,155.67193502605429,81.95382097465685,155.67193502605429,900000.0,0.0,1,0.0,0.0,0.0,52583.274732016645,0.0,1,1,1,0,1,0,0.0,0,1,900000.0,0.0,0,0,0.0,0,0.0,0.0,1,1,0,0.0,0.0,1,600000.0,400000.0,0,0.35
20.35,diagnostic,25.132577771316825,25.132577771316825,25.132577771316825,25.132577771316825,487.7891424411576,155.83368320700166,154.64195120821717,24995.269755630437,50.0,1,4.495207575283046,24987.321266365896,50.0,1,1,0,4.495207575283046,24987.321266365896,1,1.791076726996764,1499.2413601822493,50.0,0,12.829075468835537,0.0,0.0,7.694952955948909,1799.780873292532,0.0,0.0,0.0,0.0,0,0.0,30.149125862021187,0.0,155.80614460779532,30.149125862021187,155.80614460779532,900000.0,0.0,1,0.0,0.0,0.0,52438.5891788895,0.0,1,1,1,0,1,0,0.0,0,1,900000.0,0.0,0,0,0.0,0,0.0,0.0,1,1,0,0.0,0.0,1,600000.0,400000.0,0,0.35
20.4,diagnostic,25.12836260400719,25.12836260400719,25.12836260400719,25.12836260400719,179.4475971307501,155.82198218216433,154.9816097588278,24998.201916969887,50.0,1,1.791076726996764,24995.269755630437,50.0,1,1,0,1.791076726996764,24995.269755630437,1,0.7935510599279714,1499.2392759819536,50.0,0,6.873707129200186,0.0,0.0,2.833255526285485,1799.780873292532,0.0,0.0,0.0,0.0,0,0.0,11.09124357392783,0.0,155.83368320700166,11.09124357392783,155.83368320700166,900000.0,0.0,1,0.0,0.0,0.0,52294.713423852714,0.0,1,1,1,0,1,0,0.0,0,1,900000.0,0.0,0,0,0.0,0,0.0,0.0,1,1,0,0.0,0.0,1,600000.0,400000.0,0,0.35
20.45,diagnostic,25.123291441405794,25.123291441405794,25.123291441405794,25.123291441405794,66.01508175201845,155.79584814484457,155.23020593926088,24999.283569309202,50.0,1,0.7935510599279714,24998.201916969887,50.0,1,1,0,0.7935510599279714,24998.201916969887,1,0.4251777605690837,1499.7161853378261,50.0,0,4.680085609210891,0.0,0.0,1.0424806846895516,1799.780873292532,0.0,0.0,0.0,0.0,0,0.0,4.08024048787292,0.0,155.82198218216433,4.08024048787292,155.82198218216433,900000.0,0.0,1,0.0,0.0,0.0,52180.10404152803,0.0,1,1,1,0,1,0,0.0,0,1,900000.0,0.0,0,0,0.0,0,0.0,0.0,1,1,0,0.0,0.0,1,600000.0,400000.0,0,0.35
20.5,diagnostic,25.117905768782357,25.117905768782357,25.117905768782357,25.117905768782357,24.285591383819618,155.76440693671591,155.40285926389166,24999.68257957603,50.0,1,0.4251777605690837,24999.283569309202,50.0,1,1,0,0.4251777605690837,24999.283569309202,1,0.28948983149758084,1499.8921150181932,50.0,0,3.871601332201009,0.0,0.0,0.3834784154546444,1799.780873292532,0.0,0.0,0.0,0.0,0,0.0,1.5010365905237826,0.0,155.79584814484457,1.5010365905237826,155.79584814484457,900000.0,0.0,1,0.0,0.0,0.0,52096.53928374886,0.0,1,1,1,0,1,0,0.0,0,1,900000.0,0.0,0,0,0.0,0,0.0,0.0,1,1,0,0.0,0.0,1,600000.0,400000.0,0,0.35
20.55,diagnostic,25.112404787299543,25.112404787299543,25.112404787299543,25.112404787299543,8.934169786797554,155.7310157664506,155.51751550035453,24999.82992889577,50.0,1,0.28948983149758084,24999.68257957603,50.0,1,1,0,0.28948983149758084,24999.68257957603,1,0.23948049477532013,1499.957014158552,50.0,0,3.6427460046938074,0.0,0.0,0.14104959825748098,1799.7881005667975,0.0,0.0,0.0,0.0,0,0.0,0.5522005020997761,0.0,155.76440693671591,0.5522005020997761,155.76440693671591,900000.0,0.0,1,0.0,0.0,0.0,52038.65977785236,0.0,1,1,1,0,1,0,0.0,0,1,900000.0,0.0,0,0,0.0,0,0.0,0.0,1,1,0,0.0,0.0,1,600000.0,400000.0,0,0.35
20.6,diagnostic,25.10686177883679,25.10686177883679,25.10686177883679,25.10686177883679,3.2866973884978674,155.69690968125718,155.58954716404807,24999.884204067403,50.0,1,0.23948049477532013,24999.82992889577,50.0,1,1,0,0.23948049477532013,24999.82992889577,1,0.22532449513569944,1499.9809547745617,50.0,0,3.5873334953213547,0.0,0.0,0.05187840311854484,1799.8010228348794,0.0,0.0,0.0,0.0,0,0.0,0.20314321212705547,0.0,155.7310157664506,0.20314321212705547,155.7310157664506,900000.0,0.0,1,0.0,0.0,0.0,52000.29395866149,0.0,1,1,1,0,1,0,0.0,0,1,900000.0,0.0,0,0,0.0,0,0.0,0.0,1,1,0,0.0,0.0,1,600000.0,400000.0,0,0.35
20.65,diagnostic,25.10130370215928,25.10130370215928,25.10130370215928,25.10130370215928,1.2091083985802342,155.66254302878812,155.63082125172662,24999.90420780209,50.0,1,0.22532449513569944,24999.884204067403,50.0,1,1,0,0.22532449513569944,24999.884204067403,1,0.22189691723637248,1499.9897957337462,50.0,0,3.5591850877031814,0.0,0.0,0.01908075619823429,1799.8152192372027,0.0,0.0,0.0,0.0,0,0.0,0.07473221135507291,0.0,155.69690968125718,0.07473221135507291,155.69690968125718,900000.0,0.0,1,0.0,0.0,0.0,51976.21992698861,0.0,1,1,1,0,1,0,0.0,0,1,900000.0,0.0,0,0,0.0,0,0.0,0.0,1,1,0,0.0,0.0,1,600000.0,400000.0,0,0.35
20.7,diagnostic,25.095740474711334,25.095740474711334,25.095740474711334,25.095740474711334,0.44480612198539393,155.62808295338755,155.65010284204882,24999.909870201947,50.0,1,0.22189691723637248,24999.90420780209,50.0,1,1,0,0.22189691723637248,24999.90420780209,1,0.22015577862081534,1499.993052244044,50.0,0,3.5416577446420976,0.0,0.0,0.007017826403057594,1799.8291264760542,0.0,0.0,0.0,0.0,0,0.0,0.02749244415081033,0.0,155.66254302878812,0.02749244415081033,155.66254302878812,900000.0,0.0,1,0.0,0.0,0.0,51962.43556833002,0.0,1,1,1,0,1,0,0.0,0,1,900000.0,0.0,0,0,0.0,0,0.0,0.0,1,1,0,0.0,0.0,1,600000.0,400000.0,0,0.35
20.75,diagnostic,25.0901757447859,25.0901757447859,25.0901757447859,25.0901757447859,0.1636350275856231,155.59359094321027,155.6537323213078,24999.911241233105,50.0,1,0.22015577862081534,24999.909870201947,50.0,1,1,0,0.22015577862081534,24999.909870201947,1,0.2190716130706452,1499.9942524681253,50.0,0,3.5285868055852374,0.0,0.0,0.0025811254107003883,1799.8422276774775,0.0,0.0,0.0,0.0,0,0.0,0.01011390499063719,0.0,155.62808295338755,0.01011390499063719,155.62808295338755,900000.0,0.0,1,0.0,0.0,0.0,51955.99857679273,0.0,1,1,1,0,1,0,0.0,0,1,900000.0,0.0,0,0,0.0,0,0.0,0.0,1,1,0,0.0,0.0,1,600000.0,400000.0,0,0.35
20.8,diagnostic,25.084610854384124,25.084610854384124,25.084610854384124,25.084610854384124,0.060197962504272555,155.55908961767258,155.64624900527542,24999.91193768855,50.0,1,0.2190716130706452,24999.911241233105,50.0,1,1,0,0.2190716130706452,24999.911241233105,1,0.21826310137640642,1499.9945922121167,50.0,0,3.5176867006373267,0.0,0.0,0.0009493263524564201,1799.8543889153889,0.0,0.0,0.0,0.0,0,0.0,0.00372069771601667,0.0,155.59359094321027,0.00372069771601667,155.59359094321027,900000.0,0.0,1,0.0,0.0,0.0,51954.787085,0.0,1,1,1,0,1,0,0.0,0,1,900000.0,0.0,0,0,0.0,0,0.0,0.0,1,1,0,0.0,0.0,1,600000.0,400000.0,0,0.35
20.85,diagnostic,25.079046297069898,25.079046297069898,25.079046297069898,25.079046297069898,0.02214559280573122,155.52458729718157,155.63088578379907,24999.91237135477,50.0,1,0.21826310137640642,24999.91193768855,50.0,1,1,0,0.21826310137640642,24999.91193768855,1,0.21758886808065936,1499.9946744739862,50.0,0,3.5079809158772783,0.0,0.0,0.0003491580707413295,1799.865602730146,0.0,0.0,0.0,0.0,0,0.0,0.0013687681965360741,0.0,155.55908961767258,0.0013687681965360741,155.55908961767258,900000.0,0.0,1,0.0,0.0,0.0,51957.28501921709,0.0,1,1,1,0,1,0,0.0,0,1,900000.0,0.0,0,0,0.0,0,0.0,0.0,1,1,0,0.0,0.0,1,600000.0,400000.0,0,0.35
20.9,diagnostic,25.073482254284535,25.073482254284535,25.073482254284535,25.073482254284535,0.008146908305782713,155.49008704183336,155.60993893619218,24999.91269475945,50.0,1,0.21758886808065936,24999.91237135477,50.0,1,1,0,0.21758886808065936,24999.91237135477,1,0.21698851026045018,1499.994716261313,50.0,0,3.499227482764948,0.0,0.0,0.00012841885769582145,1799.8759205903668,0.0,0.0,0.0,0.0,0,0.0,0.0005035416792349337,0.0,155.52458729718157,0.0005035416792349337,155.52458729718157,900000.0,0.0,1,0.0,0.0,0.0,51962.41402219771,0.0,1,1,1,0,1,0,0.0,0,1,900000.0,0.0,0,0,0.0,0,0.0,0.0,1,1,0,0.0,0.0,1,600000.0,400000.0,0,0.35
20.95,diagnostic,25.067918792645916,25.067918792645916,25.067918792645916,25.067918792645916,0.0029970800748063257,155.4555899765641,155.58503721968262,24999.912964452767,50.0,1,0.21698851026045018,24999.91269475945,50.0,1,1,0,0.21698851026045018,24999.91269475945,1,0.2164470607895844,1499.994742281286,50.0,0,3.4912916808249523,0.0,0.0,4.723193035171614e-05,1799.8854108057124,0.0,0.0,0.0,0.0,0,0.0,0.00018524263156347704,0.0,155.49008704183336,0.00018524263156347704,155.49008704183336,900000.0,0.0,1,0.0,0.0,0.0,51969.40874743988,0.0,1,1,1,0,1,0,0.0,0,1,900000.0,0.0,0,0,0.0,0,0.0,0.0,1,1,0,0.0,0.0,1,600000.0,400000.0,0,0.35
21.0,diagnostic,25.062355936530793,25.062355936530793,25.062355936530793,25.062355936530793,0.0011025641430658154,155.4210965144047,155.55733508720172,24999.913204595894,50.0,1,0.2164470607895844,24999.912964452767,50.0,1,1,0,0.2164470607895844,24999.912964452767,1,0.21595618644278056,1499.9947616855668,50.0,0,3.484035936314191,0.0,0.0,1.7371717438451885e-05,1799.8941385684614,0.0,0.0,0.0,0.0,0,0.0,6.814695578069929e-05,0.0,155.4555899765641,6.814695578069929e-05,155.4555899765641,900000.0,0.0,1,0.0,0.0,0.0,51977.72656197348,0.0,1,1,1,0,1,0,0.0,0,1,900000.0,0.0,0,0,0.0,0,0.0,0.0,1,1,0,0.0,0.0,1,600000.0,400000.0,0,0.35
21.05,diagnostic,25.056793694776303,25.056793694776303,25.056793694776303,25.056793694776303,0.0004056106808067222,155.38660680649093,155.52765050315978,24999.913421175683,50.0,1,0.21595618644278056,24999.913204595894,50.0,1,1,0,0.21595618644278056,24999.913204595894,1,0.2155073775039706,1499.994777867166,50.0,0,3.4773791340360245,0.0,0.0,6.389251370727521e-06,1799.9021647002955,0.0,0.0,0.0,0.0,0,0.0,2.506986401013864e-05,0.0,155.4210965144047,2.506986401013864e-05,155.4210965144047,900000.0,0.0,1,0.0,0.0,0.0,51986.98291665755,0.0,1,1,1,0,1,0,0.0,0,1,900000.0,0.0,0,0,0.0,0,0.0,0.0,1,1,0,0.0,0.0,1,600000.0,400000.0,0,0.35
21.1,diagnostic,25.05123207050294,25.05123207050294,25.05123207050294,25.05123207050294,0.00014921583058834519,155.35212090761308,155.49656290775212,24999.913617525424,50.0,1,0.2155073775039706,24999.913421175683,50.0,1,1,0,0.2155073775039706,24999.913421175683,1,0.21509561653831077,1499.9947922757535,50.0,0,3.471263349576236,0.0,0.0,2.3499430495254365e-06,1799.909545447734,0.0,0.0,0.0,0.0,0,0.0,9.222687562293855e-06,0.0,155.38660680649093,9.222687562293855e-06,155.38660680649093,900000.0,0.0,1,0.0,0.0,0.0,51996.90534497485,0.0,1,1,1,0,1,0,0.0,0,1,900000.0,0.0,0,0,0.0,0,0.0,0.0,1,1,0,0.0,0.0,1,600000.0,400000.0,0,0.35
21.15,diagnostic,25.045671064728197,25.045671064728197,25.045671064728197,25.045671064728197,5.489343637077303e-05,155.31763883711824,155.46448273104033,24999.913797048997,50.0,1,0.21509561653831077,24999.913617525424,50.0,1,1,0,0.21509561653831077,24999.913617525424,1,0.2147173205923445,1499.9948052705408,50.0,0,3.4656416117379676,0.0,0.0,8.643006352532955e-07,1799.9163326630778,0.0,0.0,0.0,0.0,0,0.0,3.392837146515475e-06,0.0,155.35212090761308,3.392837146515475e-06,155.35212090761308,900000.0,0.0,1,0.0,0.0,0.0,52007.30080790721,0.0,1,1,1,0,1,0,0.0,0,1,900000.0,0.0,0,0,0.0,0,0.0,0.0,1,1,0,0.0,0.0,1,600000.0,400000.0,0,0.35
21.2,diagnostic,25.040110677695957,25.040110677695957,25.040110677695957,25.040110677695957,2.0194166696060106e-05,155.28316060131482,155.43170067429347,24999.913961753384,50.0,1,0.2147173205923445,24999.913797048997,50.0,1,1,0,0.2147173205923445,24999.913797048997,1,0.2143695842312145,1499.9948170515254,50.0,0,3.4604727033937,0.0,0.0,3.178867659391374e-07,1799.9225740532522,0.0,0.0,0.0,0.0,0,0.0,1.2481550334458233e-06,0.0,155.31763883711824,1.2481550334458233e-06,155.31763883711824,900000.0,0.0,1,0.0,0.0,0.0,52018.03254142545,0.0,1,1,1,0,1,0,0.0,0,1,900000.0,0.0,0,0,0.0,0,0.0,0.0,1,1,0,0.0,0.0,1,600000.0,400000.0,0,0.35
21.25,diagnostic,25.034550909365567,25.034550909365567,25.034550909365567,25.034550909365567,7.42901875906954e-06,155.24868620171495,155.39842263105,24999.91411307176,50.0,1,0.2143695842312145,24999.913961753384,50.0,1,1,0,0.2143695842312145,24999.913961753384,1,0.21404985794187834,1499.99482782294,50.0,0,3.4557196744341803,0.0,0.0,1.169176760148488e-07,1799.9283134986429,0.0,0.0,0.0,0.0,0,0.0,4.5917057619937226e-07,0.0,155.28316060131482,4.5917057619937226e-07,155.28316060131482,900000.0,0.0,1,0.0,0.0,0.0,52029.00365019692,0.0,1,1,1,0,1,0,0.0,0,1,900000.0,0.0,0,0,0.0,0,0.0,0.0,1,1,0,0.0,0.0,1,600000.0,400000.0,0,0.35
21.3,diagnostic,25.02899175959172,25.02899175959172,25.02899175959172,25.02899175959172,2.7329832695386635e-06,155.21421563806652,155.36479442634237,24999.91425216631,50.0,1,0.21404985794187834,24999.91411307176,50.0,1,1,0,0.21404985794187834,24999.91411307176,1,0.21375585615056783,1499.994837705203,50.0,0,3.451348957855925,0.0,0.0,4.300193527654808e-08,1799.9335913620307,0.0,0.0,0.0,0.0,0,0.0,1.689194149745942e-07,0.0,155.24868620171495,1.689194149745942e-07,155.24868620171495,900000.0,0.0,1,0.0,0.0,0.0,52040.14548422632,0.0,1,1,1,0,1,0,0.0,0,1,900000.0,0.0,0,0,0.0,0,0.0,0.0,1,1,0,0.0,0.0,1,600000.0,400000.0,0,0.35
21.35,diagnostic,25.02343322819066,25.02343322819066,25.02343322819066,25.02343322819066,1.0054083579287846e-06,155.17974890946866,155.33091934054886,24999.914380056824,50.0,1,0.21375585615056783,24999.91425216631,50.0,1,1,0,0.21375585615056783,24999.91425216631,1,0.2134855025477892,1499.9948467843055,50.0,0,3.4473297630999973,0.0,0.0,1.5815973180223043e-08,1799.9384447640894,0.0,0.0,0.0,0.0,0,0.0,6.214197998386067e-08,0.0,155.21421563806652,6.214197998386067e-08,155.21421563806652,900000.0,0.0,1,0.0,0.0,0.0,52051.40940454895,0.0,1,1,1,0,1,0,0.0,0,1,900000.0,0.0,0,0,0.0,0,0.0,0.0,1,1,0,0.0,0.0,1,600000.0,400000.0,0,0.35
21.4,diagnostic,25.01787531496455,25.01787531496455,25.01787531496455,25.01787531496455,3.698690648639387e-07,155.1452860147821,155.29687052146912,24999.91449765754,50.0,1,0.2134855025477892,24999.914380056824,50.0,1,1,0,0.2134855025477892,24999.914380056824,1,0.21323689256288642,1499.9948551299785,50.0,0,3.4436338041475048,0.0,0.0,5.817065072139745e-09,1799.9429078414444,0.0,0.0,0.0,0.0,0,0.0,2.2860756869749614e-08,0.0,155.17974890946866,2.2860756869749614e-08,155.17974890946866,900000.0,0.0,1,0.0,0.0,0.0,52062.76094979659,0.0,1,1,1,0,1,0,0.0,0,1,900000.0,0.0,0,0,0.0,0,0.0,0.0,1,1,0,0.0,0.0,1,600000.0,400000.0,0,0.35
21.45,diagnostic,25.012318019710378,25.012318019710378,25.012318019710378,25.012318019710378,1.360672248887497e-07,155.1108269527802,155.2626997754473,24999.914605798982,50.0,1,0.21323689256288642,24999.91449765754,50.0,1,1,0,0.21323689256288642,24999.91449765754,1,0.2130082765452065,1499.9948628034094,50.0,0,3.440235079957952,0.0,0.0,2.1394985678871664e-09,1799.9470119856808,0.0,0.0,0.0,0.0,0,0.0,8.410002461999698e-09,0.0,155.1452860147821,8.410002461999698e-09,155.1452860147821,900000.0,0.0,1,0.0,0.0,0.0,52074.17570350295,0.0,1,1,1,0,1,0,0.0,0,1,900000.0,0.0,0,0,0.0,0,0.0,0.0,1,1,0,0.0,0.0,1,600000.0,400000.0,0,0.35
21.5,diagnostic,25.00676134222331,25.00676134222331,25.00676134222331,25.00676134222331,5.00563346538222e-08,155.07637172220436,155.22844379376613,24999.914705242976,50.0,1,0.2130082765452065,24999.914605798982,50.0,1,1,0,0.2130082765452065,24999.914605798982,1,0.2127980461829661,1499.9948698594524,50.0,0,3.4371096847348444,0.0,0.0,7.869010904881374e-10,1799.9507860638182,0.0,0.0,0.0,0.0,0,0.0,3.0938670059709024e-09,0.0,155.1108269527802,3.0938670059709024e-09,155.1108269527802,900000.0,0.0,1,0.0,0.0,0.0,52085.63636620452,0.0,1,1,1,0,1,0,0.0,0,1,900000.0,0.0,0,0,0.0,0,0.0,0.0,1,1,0,0.0,0.0,1,600000.0,400000.0,0,0.35
21.55,diagnostic,25.001205282297867,25.001205282297867,25.001205282297867,25.001205282297867,1.8414696419538812e-08,155.04192032178452,155.1941285625072,24999.914796689383,50.0,1,0.2127980461829661,24999.914705242976,50.0,1,1,0,0.2127980461829661,24999.914705242976,1,0.21260472276710377,1499.9948763479388,50.0,0,3.4342356364260165,0.0,0.0,2.8941987841016176e-10,1799.954256621225,0.0,0.0,0.0,0.0,0,0.0,1.1381700652153387e-09,0.0,155.07637172220436,1.1381700652153387e-09,155.07637172220436,900000.0,0.0,1,0.0,0.0,0.0,52097.13068104531,0.0,1,1,1,0,1,0,0.0,0,1,900000.0,0.0,0,0,0.0,0,0.0,0.0,1,1,0,0.0,0.0,1,600000.0,400000.0,0,0.35
21.6,diagnostic,24.99564983972837,24.99564983972837,24.99564983972837,24.99564983972837,6.774388228161696e-09,155.0074727502468,155.15977248583107,24999.914880781525,50.0,1,0.21260472276710377,24999.914796689383,50.0,1,1,0,0.21260472276710377,24999.914796689383,1,0.21242694658305256,1499.9948823145785,50.0,0,3.431592721160486,0.0,0.0,1.0644778353476114e-10,1799.957448068299,0.0,0.0,0.0,0.0,0,0.0,4.1870936754948274e-10,0.0,155.04192032178452,4.1870936754948274e-10,155.04192032178452,900000.0,0.0,1,0.0,0.0,0.0,52108.649964047865,0.0,1,1,1,0,1,0,0.0,0,1,900000.0,0.0,0,0,0.0,0,0.0,0.0,1,1,0,0.0,0.0,1,600000.0,400000.0,0,0.35
21.65,diagnostic,24.99009501430912,24.99009501430912,24.99009501430912,24.99009501430912,2.492158155654521e-09,154.9730290063159,155.12538859803297,24999.914958110894,50.0,1,0.21242694658305256,24999.914880781525,50.0,1,1,0,0.21242694658305256,24999.914880781525,1,0.2122634672882775,1499.994887801363,50.0,0,3.4291623509249103,0.0,0.0,3.915118760347466e-11,1799.9603828521772,0.0,0.0,0.0,0.0,0,0.0,1.5403456814735172e-10,0.0,155.0074727502468,1.5403456814735172e-10,155.0074727502468,900000.0,0.0,1,0.0,0.0,0.0,52120.188062776506,0.0,1,1,1,0,1,0,0.0,0,1,900000.0,0.0,0,0,0.0,0,0.0,0.0,1,1,0,0.0,0.0,1,600000.0,400000.0,0,0.35
21.7,diagnostic,24.98454080583445,24.98454080583445,24.98454080583445,24.98454080583445,9.168137496130374e-10,154.93858908871655,155.0909861302234,24999.915029221367,50.0,1,0.2122634672882775,24999.914958110894,50.0,1,1,0,0.2122634672882775,24999.914958110894,1,0.21211313510875734,1499.9948928468914,50.0,0,3.4269274326568833,0.0,0.0,1.439969535331615e-11,1799.9630816146473,0.0,0.0,0.0,0.0,0,0.0,5.666615085113218e-11,0.0,154.9730290063159,5.666615085113218e-11,154.9730290063159,900000.0,0.0,1,0.0,0.0,0.0,52131.74061851585,0.0,1,1,1,0,1,0,0.0,0,1,900000.0,0.0,0,0,0.0,0,0.0,0.0,1,1,0,0.0,0.0,1,600000.0,400000.0,0,0.35
21.75,diagnostic,24.978987214098755,24.978987214098755,24.978987214098755,24.978987214098755,3.3727692986593876e-10,154.9041529961736,155.0565716199237,24999.915094613083,50.0,1,0.21211313510875734,24999.915029221367,50.0,1,1,0,0.21211313510875734,24999.915029221367,1,0.21197489274166287,1499.9948974866536,50.0,0,3.424872247963057,0.0,0.0,5.296167468841026e-12,1799.9655633373518,0.0,0.0,0.0,0.0,0,0.0,2.0846311908451154e-11,0.0,154.93858908871655,2.0846311908451154e-11,154.93858908871655,900000.0,0.0,1,0.0,0.0,0.0,52143.30454349457,0.0,1,1,1,0,1,0,0.0,0,1,900000.0,0.0,0,0,0.0,0,0.0,0.0,1,1,0,0.0,0.0,1,600000.0,400000.0,0,0.35
21.8,diagnostic,24.973434238896484,24.973434238896484,24.973434238896484,24.973434238896484,1.2407724847910127e-10,154.86972072741227,155.02214969693244,24999.915154745955,50.0,1,0.21197489274166287,24999.915094613083,50.0,1,1,0,0.21197489274166287,24999.915094613083,1,0.21184776791524063,1499.994901753282,50.0,0,3.422982342546099,0.0,0.0,1.9479156737095905e-12,1799.9678454753184,0.0,0.0,0.0,0.0,0,0.0,7.668929575366592e-12,0.0,154.9041529961736,7.668929575366592e-12,154.9041529961736,900000.0,0.0,1,0.0,0.0,0.0,52154.87765047433,0.0,1,1,1,0,1,0,0.0,0,1,900000.0,0.0,0,0,0.0,0,0.0,0.0,1,1,0,0.0,0.0,1,600000.0,400000.0,0,0.35
21.85,diagnostic,24.967881880022162,24.967881880022162,24.967881880022162,24.967881880022162,4.564546883258196e-11,154.83529228115822,154.9877236399121,24999.915210042902,50.0,1,0.21184776791524063,24999.915154745955,50.0,1,1,0,0.21184776791524063,24999.915154745955,1,0.21173086654924322,1499.994905676785,50.0,0,3.421244424536015,0.0,0.0,7.164380256713143e-13,1799.9699440797444,0.0,0.0,0.0,0.0,0,0.0,2.821241526569008e-12,0.0,154.86972072741227,2.821241526569008e-12,154.86972072741227,900000.0,0.0,1,0.0,0.0,0.0,52166.45839029514,0.0,1,1,1,0,1,0,0.0,0,1,900000.0,0.0,0,0,0.0,0,0.0,0.0,1,1,0,0.0,0.0,1,600000.0,400000.0,0,0.35
21.9,diagnostic,24.962330137270374,24.962330137270374,24.962330137270374,24.962330137270374,1.6792029566138734e-11,154.8008676561374,154.95329577058897,24999.915260892834,50.0,1,0.21173086654924322,24999.915210042902,50.0,1,1,0,0.21173086654924322,24999.915210042902,1,0.21162336646614524,1499.9949092847573,50.0,0,3.419646271007078,0.0,0.0,2.6350395296396484e-13,1799.9718739109082,0.0,0.0,0.0,0.0,0,0.0,1.0378767562038731e-12,0.0,154.83529228115822,1.0378767562038731e-12,154.83529228115822,900000.0,0.0,1,0.0,0.0,0.0,52178.04566591231,0.0,1,1,1,0,1,0,0.0,0,1,900000.0,0.0,0,0,0.0,0,0.0,0.0,1,1,0,0.0,0.0,1,600000.0,400000.0,0,0.35
21.95,diagnostic,24.956779010435774,24.956779010435774,24.956779010435774,24.956779010435774,6.177442452925453e-12,154.76644685107632,154.91886773294368,24999.91530765338,50.0,1,0.21162336646614524,24999.915260892834,50.0,1,1,0,0.21162336646614524,24999.915260892834,1,0.2115245116086852,1499.994912602574,50.0,0,3.418176642008805,0.0,0.0,9.691604159549254e-14,1799.9736485419962,0.0,0.0,0.0,0.0,0,0.0,3.8181352107711006e-13,0.0,154.8008676561374,3.8181352107711006e-13,154.8008676561374,900000.0,0.0,1,0.0,0.0,0.0,52189.63870063151,0.0,1,1,1,0,1,0,0.0,0,1,900000.0,0.0,0,0,0.0,0,0.0,0.0,1,1,0,0.0,0.0,1,600000.0,400000.0,0,0.35
22.0,diagnostic,24.951228499313093,24.951228499313093,24.951228499313093,24.951228499313093,2.272554077450959e-12,154.73202986470181,154.8844406909466,24999.915350653413,50.0,1,0.2115245116086852,24999.91530765338,50.0,1,1,0,0.2115245116086852,24999.91530765338,1,0.21143360672219413,1499.99491565357,50.0,0,3.41682520151561,0.0,0.0,3.5645460058952385e-14,1799.975280454579,0.0,0.0,0.0,0.0,0,0.0,1.4046134476554793e-13,0.0,154.76644685107632,1.4046134476554793e-13,154.76644685107632,900000.0,0.0,1,0.0,0.0,0.0,52201.23694474581,0.0,1,1,1,0,1,0,0.0,0,1,900000.0,0.0,0,0,0.0,0,0.0,0.0,1,1,0,0.0,0.0,1,600000.0,400000.0,0,0.35
22.05,diagnostic,24.945678603697115,24.945678603697115,24.945678603697115,24.945678603697115,8.360259240445413e-13,154.69761669574117,154.8500154686031,24999.915390195358,50.0,1,0.21143360672219413,24999.915350653413,50.0,1,1,0,0.21143360672219413,24999.915350653413,1,0.2113500124648831,1499.9949184592028,50.0,0,3.4155824447318652,0.0,0.0,1.3110305198879081e-14,1799.9767811264082,0.0,0.0,0.0,0.0,0,0.0,5.1672841018539054e-14,0.0,154.73202986470181,5.1672841018539054e-14,154.73202986470181,900000.0,0.0,1,0.0,0.0,0.0,52212.84000938278,0.0,1,1,1,0,1,0,0.0,0,1,900000.0,0.0,0,0,0.0,0,0.0,0.0,1,1,0,0.0,0.0,1,600000.0,400000.0,0,0.35
22.1,diagnostic,24.940129323382706,24.940129323382706,24.940129323382706,24.940129323382706,3.0755674974234444e-13,154.6632073429221,154.8155926491398,24999.915426557312,50.0,1,0.2113500124648831,24999.915390195358,50.0,1,1,0,0.2113500124648831,24999.915390195358,1,0.21127314091124938,1499.9949210392047,50.0,0,3.4144396312438263,0.0,0.0,4.821935511225434e-15,1799.97816111215,0.0,0.0,0.0,0.0,0,0.0,1.9009375877640925e-14,0.0,154.69761669574117,1.9009375877640925e-14,154.69761669574117,900000.0,0.0,1,0.0,0.0,0.0,52224.44761963112,0.0,1,1,1,0,1,0,0.0,0,1,900000.0,0.0,0,0,0.0,0,0.0,0.0,1,1,0,0.0,0.0,1,600000.0,400000.0,0,0.35
22.15,diagnostic,24.934580658164794,24.934580658164794,24.934580658164794,24.934580658164794,1.1314380522371878e-13,154.6288018049728,154.78117264525315,24999.915459995012,50.0,1,0.21127314091124938,24999.915426557312,50.0,1,1,0,0.21127314091124938,24999.915426557312,1,0.2112024514171439,1499.9949234117214,50.0,0,3.4133887235469507,0.0,0.0,1.7734951687782357e-15,1799.9794301176269,0.0,0.0,0.0,0.0,0,0.0,6.9931585748844395e-15,0.0,154.6632073429221,6.9931585748844395e-15,154.6632073429221,900000.0,0.0,1,0.0,0.0,0.0,52236.05958132837,0.0,1,1,1,0,1,0,0.0,0,1,900000.0,0.0,0,0,0.0,0,0.0,0.0,1,1,0,0.0,0.0,1,600000.0,400000.0,0,0.35
22.2,diagnostic,24.929032607838376,24.929032607838376,24.929032607838376,24.929032607838376,4.1623279837712183e-14,154.59440008062174,154.7467557488624,24999.915490743635,50.0,1,0.2112024514171439,24999.915459995012,50.0,1,1,0,0.2112024514171439,24999.915459995012,1,0.21113744681733715,1499.9949255934387,50.0,0,3.4124223305184502,0.0,0.0,6.522868683434035e-16,1799.9805970680868,0.0,0.0,0.0,0.0,0,0.0,2.572639268551767e-15,0.0,154.6288018049728,2.572639268551767e-15,154.6288018049728,900000.0,0.0,1,0.0,0.0,0.0,52247.675757527875,0.0,1,1,1,0,1,0,0.0,0,1,900000.0,0.0,0,0,0.0,0,0.0,0.0,1,1,0,0.0,0.0,1,600000.0,400000.0,0,0.35
22.25,diagnostic,24.923485172198518,24.923485172198518,24.923485172198518,24.923485172198518,1.5312348926420116e-14,154.56000216859795,154.71234216634693,24999.915519019432,50.0,1,0.21113744681733715,24999.915490743635,50.0,1,1,0,0.21113744681733715,24999.915490743635,1,0.2110776699289763,1499.9949275997008,50.0,0,3.4115336554345714,0.0,0.0,2.3990940473059216e-16,1799.981670170981,0.0,0.0,0.0,0.0,0,0.0,9.464210964505319e-16,0.0,154.59440008062174,9.464210964505319e-16,154.59440008062174,900000.0,0.0,1,0.0,0.0,0.0,52259.29605182421,0.0,1,1,1,0,1,0,0.0,0,1,900000.0,0.0,0,0,0.0,0,0.0,0.0,1,1,0,0.0,0.0,1,600000.0,400000.0,0,0.35
22.3,diagnostic,24.91793835104036,24.91793835104036,24.91793835104036,24.91793835104036,5.633098366073566e-15,154.52560806763083,154.67793204350315,24999.915545021275,50.0,1,0.2110776699289763,24999.915519019432,50.0,1,1,0,0.2110776699289763,24999.915519019432,1,0.21102270033615905,1499.994929444618,50.0,0,3.4107164481685803,0.0,0.0,8.823805384009384e-17,1799.9826569736929,0.0,0.0,0.0,0.0,0,0.0,3.481688640750853e-16,0.0,154.56000216859795,3.481688640750853e-16,154.56000216859795,900000.0,0.0,1,0.0,0.0,0.0,52270.920396538386,0.0,1,1,1,0,1,0,0.0,0,1,900000.0,0.0,0,0,0.0,0,0.0,0.0,1,1,0,0.0,0.0,1,600000.0,400000.0,0,0.35
22.35,diagnostic,24.9123921441591,24.9123921441591,24.9123921441591,24.9123921441591,2.0723010789749076e-15,154.49121777645024,154.64352548321986,24999.91556893203,50.0,1,0.21102270033615905,24999.915545021275,50.0,1,1,0,0.21102270033615905,24999.915545021275,1,0.21097215143310807,1499.9949311411658,50.0,0,3.409964961232609,0.0,0.0,3.2453726872447594e-17,1799.9835644166255,0.0,0.0,0.0,0.0,0,0.0,1.2808416714923822e-16,0.0,154.52560806763083,1.2808416714923822e-16,154.52560806763083,900000.0,0.0,1,0.0,0.0,0.0,52282.548744346255,0.0,1,1,1,0,1,0,0.0,0,1,900000.0,0.0,0,0,0.0,0,0.0,0.0,1,1,0,0.0,0.0,1,600000.0,400000.0,0,0.35
22.4,diagnostic,24.906846551350007,24.906846551350007,24.906846551350007,24.906846551350007,7.623569628722659e-16,154.45683129378642,154.6091225579969,24999.915590919867,50.0,1,0.21097215143310807,24999.91556893203,50.0,1,1,0,0.21097215143310807,24999.91556893203,1,0.21092566770510984,1499.9949327012764,50.0,0,3.4092739093556794,0.0,0.0,1.1936396583850982e-17,1799.9843988820169,0.0,0.0,0.0,0.0,0,0.0,4.711953183377135e-17,0.0,154.49121777645024,4.711953183377135e-17,154.49121777645024,900000.0,0.0,1,0.0,0.0,0.0,52294.18106234673,0.0,1,1,1,0,1,0,0.0,0,1,900000.0,0.0,0,0,0.0,0,0.0,0.0,1,1,0,0.0,0.0,1,600000.0,400000.0,0,0.35
22.45,diagnostic,24.90130157240842,24.90130157240842,24.90130157240842,24.90130157240842,2.804554534746071e-16,154.42244861837005,154.57472331881146,24999.915611139426,50.0,1,0.21092566770510984,24999.915590919867,50.0,1,1,0,0.21092566770510984,24999.915590919867,1,0.21088292222818636,1499.9949341359218,50.0,0,3.4086384323114913,0.0,0.0,4.390175764218298e-18,1799.9851662388294,0.0,0.0,0.0,0.0,0,0.0,1.7334307039267786e-17,0.0,154.45683129378642,1.7334307039267786e-17,154.45683129378642,900000.0,0.0,1,0.0,0.0,0.0,52305.81732785887,0.0,1,1,1,0,1,0,0.0,0,1,900000.0,0.0,0,0,0.0,0,0.0,0.0,1,1,0,0.0,0.0,1,600000.0,400000.0,0,0.35
22.5,diagnostic,24.895757207129748,24.895757207129748,24.895757207129748,24.895757207129748,1.0317379549772186e-16,154.38806974893222,154.5403278013974,24999.915629732917,50.0,1,0.21088292222818636,24999.915611139426,50.0,1,1,0,0.21088292222818636,24999.915611139426,1,0.21084361436978297,1499.994935455192,50.0,0,3.4080540607368834,0.0,0.0,1.6146952965505235e-18,1799.9858718840296,0.0,0.0,0.0,0.0,0,0.0,6.37693518670003e-18,0.0,154.42244861837005,6.37693518670003e-18,154.42244861837005,900000.0,0.0,1,0.0,0.0,0.0,52317.4575254437,0.0,1,1,1,0,1,0,0.0,0,1,900000.0,0.0,0,0,0.0,0,0.0,0.0,1,1,0,0.0,0.0,1,600000.0,400000.0,0,0.35
22.55,diagnostic,24.890213455309457,24.890213455309457,24.890213455309457,24.890213455309457,3.795551823123858e-17,154.35369468420444,154.50593603069268,24999.91564683111,50.0,1,0.21084361436978297,24999.915629732917,50.0,1,1,0,0.21084361436978297,24999.915629732917,1,0.21080746767444639,1499.9949366683654,50.0,0,3.4075166846967515,0.0,0.0,5.938807596746273e-19,1799.9865207805503,0.0,0.0,0.0,0.0,0,0.0,2.345943352869714e-18,0.0,154.38806974893222,2.345943352869714e-18,154.38806974893222,900000.0,0.0,1,0.0,0.0,0.0,52329.101644794144,0.0,1,1,1,0,1,0,0.0,0,1,900000.0,0.0,0,0,0.0,0,0.0,0.0,1,1,0,0.0,0.0,1,600000.0,400000.0,0,0.35
22.6,diagnostic,24.884670316743094,24.884670316743094,24.884670316743094,24.884670316743094,1.3963054836280536e-17,154.31932342291864,154.4715480239894,24999.915662554253,50.0,1,0.21080746767444639,24999.91564683111,50.0,1,1,0,0.21080746767444639,24999.91564683111,1,0.2107742279193867,1499.994937783975,50.0,0,3.407022524780183,0.0,0.0,2.184278104360895e-19,1799.9871174921936,0.0,0.0,0.0,0.0,0,0.0,8.630243296735699e-19,0.0,154.35369468420444,8.630243296735699e-19,154.35369468420444,900000.0,0.0,1,0.0,0.0,0.0,52340.74967923985,0.0,1,1,1,0,1,0,0.0,0,1,900000.0,0.0,0,0,0.0,0,0.0,0.0,1,1,0,0.0,0.0,1,600000.0,400000.0,0,0.35
22.65,diagnostic,24.87912779122627,24.87912779122627,24.87912779122627,24.87912779122627,5.136720810217088e-18,154.2849559638072,154.43716379316447,24999.91567701293,50.0,1,0.2107742279193867,24999.915662554253,50.0,1,1,0,0.2107742279193867,24999.915662554253,1,0.21074366132660924,1499.9949388098664,50.0,0,3.406568105519375,0.0,0.0,8.033718499366525e-20,1799.9876662157321,0.0,0.0,0.0,0.0,0,0.0,3.1748890811767145e-19,0.0,154.31932342291864,3.1748890811767145e-19,154.31932342291864,900000.0,0.0,1,0.0,0.0,0.0,52352.401624687715,0.0,1,1,1,0,1,0,0.0,0,1,900000.0,0.0,0,0,0.0,0,0.0,0.0,1,1,0,0.0,0.0,1,600000.0,400000.0,0,0.35
22.7,diagnostic,24.873585878554668,24.873585878554668,24.873585878554668,24.873585878554668,1.8896939811163804e-18,154.25059230560288,154.40278334625967,24999.915690308833,50.0,1,0.21074366132660924,24999.91567701293,50.0,1,1,0,0.21074366132660924,24999.91567701293,1,0.2107155529187242,1499.994939753255,50.0,0,3.406150230945223,0.0,0.0,2.9547809306061496e-20,1799.9881708104272,0.0,0.0,0.0,0.0,0,0.0,1.1679764209646036e-19,0.0,154.2849559638072,1.1679764209646036e-19,154.2849559638072,900000.0,0.0,1,0.0,0.0,0.0,52364.05747887133,0.0,1,1,1,0,1,0,0.0,0,1,900000.0,0.0,0,0,0.0,0,0.0,0.0,1,1,0,0.0,0.0,1,600000.0,400000.0,0,0.35
22.75,diagnostic,24.868044578524028,24.868044578524028,24.868044578524028,24.868044578524028,6.95179565758132e-19,154.21623244703895,154.36840668860077,24999.91570253547,50.0,1,0.2107155529187242,24999.915690308833,50.0,1,1,0,0.2107155529187242,24999.915690308833,1,0.21068970500692102,1499.9949406207757,50.0,0,3.4057659621103777,0.0,0.0,1.0867607979342827e-20,1799.9886348251712,0.0,0.0,0.0,0.0,0,0.0,4.296745130458794e-20,0.0,154.25059230560288,4.296745130458794e-20,154.25059230560288,900000.0,0.0,1,0.0,0.0,0.0,52375.71724081898,0.0,1,1,1,0,1,0,0.0,0,1,900000.0,0.0,0,0,0.0,0,0.0,0.0,1,1,0,0.0,0.0,1,600000.0,400000.0,0,0.35
22.8,diagnostic,24.862503890930164,24.862503890930164,24.862503890930164,24.862503890930164,2.5574227016490743e-19,154.18187638684898,154.33403382359,24999.91571377883,50.0,1,0.21068970500692102,24999.91570253547,50.0,1,1,0,0.21068970500692102,24999.91570253547,1,0.2106659358006419,1499.9949414185298,50.0,0,3.4054125964200574,0.0,0.0,3.9970781409822044e-21,1799.9890615234488,0.0,0.0,0.0,0.0,0,0.0,1.580684197449297e-20,0.0,154.21623244703895,1.580684197449297e-20,154.21623244703895,900000.0,0.0,1,0.0,0.0,0.0,52387.38091047685,0.0,1,1,1,0,1,0,0.0,0,1,900000.0,0.0,0,0,0.0,0,0.0,0.0,1,1,0,0.0,0.0,1,600000.0,400000.0,0,0.35
22.85,diagnostic,24.85696381556896,24.85696381556896,24.85696381556896,24.85696381556896,9.408232343218215e-20,154.14752412376703,154.29966475326734,24999.915724117996,50.0,1,0.2106659358006419,24999.91571377883,50.0,1,1,0,0.2106659358006419,24999.91571377883,1,0.2106440781290757,1499.994942152128,50.0,0,3.405087648623835,0.0,0.0,1.4701150060607864e-21,1799.98945390629,0.0,0.0,0.0,0.0,0,0.0,5.8150121922617704e-21,0.0,154.18187638684898,5.8150121922617704e-21,154.18187638684898,900000.0,0.0,1,0.0,0.0,0.0,52399.048488441935,0.0,1,1,1,0,1,0,0.0,0,1,900000.0,0.0,0,0,0.0,0,0.0,0.0,1,1,0,0.0,0.0,1,600000.0,400000.0,0,0.35
22.9,diagnostic,24.85142435223636,24.85142435223636,24.85142435223636,24.85142435223636,3.4610952568342055e-20,154.11317565652755,154.2652994787082,24999.91573362568,50.0,1,0.2106440781290757,24999.915724117996,50.0,1,1,0,0.2106440781290757,24999.915724117996,1,0.21062397826539186,1499.9949428267298,50.0,0,3.4047888333361573,0.0,0.0,5.407044942984213e-22,1799.9898147333784,0.0,0.0,0.0,0.0,0,0.0,2.1392234356943833e-21,0.0,154.14752412376703,2.1392234356943833e-21,154.14752412376703,900000.0,0.0,1,0.0,0.0,0.0,52410.719975772896,0.0,1,1,1,0,1,0,0.0,0,1,900000.0,0.0,0,0,0.0,0,0.0,0.0,1,1,0,0.0,0.0,1,600000.0,400000.0,0,0.35
22.95,diagnostic,24.84588550072839,24.84588550072839,24.84588550072839,24.84588550072839,1.273265788925297e-20,154.07883098386543,154.2309380003048,24999.915742368747,50.0,1,0.21062397826539186,24999.91573362568,50.0,1,1,0,0.21062397826539186,24999.91573362568,1,0.2106054948455355,1499.9949434470798,50.0,0,3.404514048964414,0.0,0.0,1.988697117897027e-22,1799.9901465424584,0.0,0.0,0.0,0.0,0,0.0,7.869763220641025e-22,0.0,154.11317565652755,7.869763220641025e-22,154.11317565652755,900000.0,0.0,1,0.0,0.0,0.0,52422.395373855914,0.0,1,1,1,0,1,0,0.0,0,1,900000.0,0.0,0,0,0.0,0,0.0,0.0,1,1,0,0.0,0.0,1,600000.0,400000.0,0,0.35
23.0,diagnostic,24.840347260841128,24.840347260841128,24.840347260841128,24.840347260841128,4.684083068925538e-21,154.04449010451603,154.19658031796578,24999.915750408694,50.0,1,0.2106054948455355,24999.915742368747,50.0,1,1,0,0.2106054948455355,24999.915742368747,1,0.21058849787408748,1499.9949440175408,50.0,0,3.40426136292696,0.0,0.0,7.314376388695597e-23,1799.9904516671877,0.0,0.0,0.0,0.0,0,0.0,2.895124095760989e-22,0.0,154.07883098386543,2.895124095760989e-22,154.07883098386543,900000.0,0.0,1,0.0,0.0,0.0,52434.07468430976,0.0,1,1,1,0,1,0,0.0,0,1,900000.0,0.0,0,0,0.0,0,0.0,0.0,1,1,0,0.0,0.0,1,600000.0,400000.0,0,0.35
23.05,diagnostic,24.83480963237073,24.83480963237073,24.83480963237073,24.83480963237073,1.7231778617969405e-21,154.010153017215,154.1622264312573,24999.91575780206,50.0,1,0.21058849787408748,24999.915750408694,50.0,1,1,0,0.21058849787408748,24999.915750408694,1,0.21057286780991505,1499.9949445421248,50.0,0,3.40402899806157,0.0,0.0,2.690208622688433e-23,1799.9907322535462,0.0,0.0,0.0,0.0,0,0.0,1.0650566344705295e-22,0.0,154.04449010451603,1.0650566344705295e-22,154.04449010451603,900000.0,0.0,1,0.0,0.0,0.0,52445.75790891843,0.0,1,1,1,0,1,0,0.0,0,1,900000.0,0.0,0,0,0.0,0,0.0,0.0,1,1,0,0.0,0.0,1,600000.0,400000.0,0,0.35
23.1,diagnostic,24.829272615113418,24.829272615113418,24.829272615113418,24.829272615113418,6.339217088368591e-22,153.97581972069855,154.12787633950308,24999.91576460085,50.0,1,0.21057286780991505,24999.91575780206,50.0,1,1,0,0.21057286780991505,24999.91575780206,1,0.21055849472545796,1499.9949450245217,50.0,0,3.4038153201263865,0.0,0.0,9.894517260729059e-24,1799.990990274933,0.0,0.0,0.0,0.0,0,0.0,3.918124395049554e-23,0.0,154.010153017215,3.918124395049554e-23,154.010153017215,900000.0,0.0,1,0.0,0.0,0.0,52457.44504958351,0.0,1,1,1,0,1,0,0.0,0,1,900000.0,0.0,0,0,0.0,0,0.0,0.0,1,1,0,0.0,0.0,1,600000.0,400000.0,0,0.35
23.15,diagnostic,24.82373620886548,24.82373620886548,24.82373620886548,24.82373620886548,2.3320676399334943e-22,153.9414902137032,154.09353004185536,24999.915770852876,50.0,1,0.21055849472545796,24999.91576460085,50.0,1,1,0,0.21055849472545796,24999.91576460085,1,0.21054527753359092,1499.9949454681237,50.0,0,3.403618826307162,0.0,0.0,3.639177633694484e-24,1799.9912275460429,0.0,0.0,0.0,0.0,0,0.0,1.441397412891025e-23,0.0,153.97581972069855,1.441397412891025e-23,153.97581972069855,900000.0,0.0,1,0.0,0.0,0.0,52469.13610829035,0.0,1,1,1,0,1,0,0.0,0,1,900000.0,0.0,0,0,0.0,0,0.0,0.0,1,1,0,0.0,0.0,1,600000.0,400000.0,0,0.35
23.2,diagnostic,24.818200413423266,24.818200413423266,24.818200413423266,24.818200413423266,8.579197401527381e-23,153.90716449496597,154.05918753734494,24999.91577660211,50.0,1,0.21054527753359092,24999.915770852876,50.0,1,1,0,0.21054527753359092,24999.915770852876,1,0.21053312327673168,1499.994945876051,50.0,0,3.4034381346455524,0.0,0.0,1.3384800196642886e-24,1799.9914457356317,0.0,0.0,0.0,0.0,0,0.0,5.302604747603129e-24,0.0,153.9414902137032,5.302604747603129e-24,153.9414902137032,900000.0,0.0,1,0.0,0.0,0.0,52480.8310870841,0.0,1,1,1,0,1,0,0.0,0,1,900000.0,0.0,0,0,0.0,0,0.0,0.0,1,1,0,0.0,0.0,1,600000.0,400000.0,0,0.35
23.25,diagnostic,24.812665228583203,24.812665228583203,24.812665228583203,24.812665228583203,3.156110345773382e-23,153.87284256322425,154.02484882491675,24999.915781888987,50.0,1,0.21053312327673168,24999.91577660211,50.0,1,1,0,0.21053312327673168,24999.91577660211,1,0.21052194647292077,1499.9949462511725,50.0,0,3.4032719743225632,0.0,0.0,4.922894444462463e-25,1799.9916463782515,0.0,0.0,0.0,0.0,0,0.0,1.9507192713012753e-24,0.0,153.90716449496597,1.9507192713012753e-24,153.90716449496597,900000.0,0.0,1,0.0,0.0,0.0,52492.529988052804,0.0,1,1,1,0,1,0,0.0,0,1,900000.0,0.0,0,0,0.0,0,0.0,0.0,1,1,0,0.0,0.0,1,600000.0,400000.0,0,0.35
23.3,diagnostic,24.807130654141783,24.807130654141783,24.807130654141783,24.807130654141783,1.161068110278519e-23,153.83852441721587,153.99051390345514,24999.91578675069,50.0,1,0.21052194647292077,24999.915781888987,50.0,1,1,0,0.21052194647292077,24999.915781888987,1,0.21051166851479772,1499.9949465961265,50.0,0,3.4031191767183877,0.0,0.0,1.8106276495594537e-25,1799.9918308850445,0.0,0.0,0.0,0.0,0,0.0,7.176295154086761e-25,0.0,153.87284256322425,7.176295154086761e-25,153.87284256322425,900000.0,0.0,1,0.0,0.0,0.0,52504.23281331535,0.0,1,1,1,0,1,0,0.0,0,1,900000.0,0.0,0,0,0.0,0,0.0,0.0,1,1,0,0.0,0.0,1,600000.0,400000.0,0,0.35
23.35,diagnostic,24.801596689895558,24.801596689895558,24.801596689895558,24.801596689895558,4.27133087571244e-24,153.80421005567905,153.95618277180145,24999.91579122141,50.0,1,0.21051166851479772,24999.91578675069,50.0,1,1,0,0.21051166851479772,24999.91578675069,1,0.2105022171166013,1499.9949469133392,50.0,0,3.402978667194751,0.0,0.0,6.659440837035533e-26,1799.9920005536674,0.0,0.0,0.0,0.0,0,0.0,2.640011450966766e-25,0.0,153.83852441721587,2.640011450966766e-25,153.83852441721587,900000.0,0.0,1,0.0,0.0,0.0,52515.939565012915,0.0,1,1,1,0,1,0,0.0,0,1,900000.0,0.0,0,0,0.0,0,0.0,0.0,1,1,0,0.0,0.0,1,600000.0,400000.0,0,0.35
23.4,diagnostic,24.796063335641158,24.796063335641158,24.796063335641158,24.796063335641158,1.571334815615419e-24,153.76989947735245,153.921855428767,24999.915795332596,50.0,1,0.2105022171166013,24999.91579122141,50.0,1,1,0,0.2105022171166013,24999.91579122141,1,0.2104935258058609,1499.9949472050414,50.0,0,3.4028494575364303,0.0,0.0,2.4493247683385041e-26,1799.9921565774177,0.0,0.0,0.0,0.0,0,0.0,9.712059372678623e-26,0.0,153.80421005567905,9.712059372678623e-26,153.80421005567905,900000.0,0.0,1,0.0,0.0,0.0,52527.650245303,0.0,1,1,1,0,1,0,0.0,0,1,900000.0,0.0,0,0,0.0,0,0.0,0.0,1,1,0,0.0,0.0,1,600000.0,400000.0,0,0.35
23.45,diagnostic,24.790530591175276,24.790530591175276,24.790530591175276,24.790530591175276,5.780617738618316e-25,153.73559268097517,153.88753187314163,24999.915799113154,50.0,1,0.2104935258058609,24999.915795332596,50.0,1,1,0,0.2104935258058609,24999.915795332596,1,0.21048553345586166,1499.9949474732846,50.0,0,3.402730639001113,0.0,0.0,9.008551706506713e-27,1799.9923000536269,0.0,0.0,0.0,0.0,0,0.0,3.57286697464488e-26,0.0,153.76989947735245,3.57286697464488e-26,153.76989947735245,900000.0,0.0,1,0.0,0.0,0.0,52539.36485635509,0.0,1,1,1,0,1,0,0.0,0,1,900000.0,0.0,0,0,0.0,0,0.0,0.0,1,1,0,0.0,0.0,1,600000.0,400000.0,0,0.35
23.5,diagnostic,24.78499845629467,24.78499845629467,24.78499845629467,24.78499845629467,2.1265704233086323e-25,153.7012896652867,153.85321210370032,24999.915802589676,50.0,1,0.21048553345586166,24999.915799113154,50.0,1,1,0,0.21048553345586166,24999.915799113154,1,0.21047818385573894,1499.9949477199557,50.0,0,3.4026213759278554,0.0,0.0,3.3133214253671275e-27,1799.9924319913778,0.0,0.0,0.0,0.0,0,0.0,1.31438430601226e-26,0.0,153.73559268097517,1.31438430601226e-26,153.73559268097517,900000.0,0.0,1,0.0,0.0,0.0,52551.0834003477,0.0,1,1,1,0,1,0,0.0,0,1,900000.0,0.0,0,0,0.0,0,0.0,0.0,1,1,0,0.0,0.0,1,600000.0,400000.0,0,0.35
23.55,diagnostic,24.779466930796172,24.779466930796172,24.779466930796172,24.779466930796172,7.823215389384971e-26,153.66699042902695,153.81889611920758,24999.91580578662,50.0,1,0.21047818385573894,24999.915802589676,50.0,1,1,0,0.21047818385573894,24999.915802589676,1,0.21047142531512505,1499.9949479467891,50.0,0,3.402520899860949,0.0,0.0,1.2186308092212601e-27,1799.992553318602,0.0,0.0,0.0,0.0,0,0.0,4.8353496398030404e-27,0.0,153.7012896652867,4.8353496398030404e-27,153.7012896652867,900000.0,0.0,1,0.0,0.0,0.0,52562.80587946614,0.0,1,1,1,0,1,0,0.0,0,1,900000.0,0.0,0,0,0.0,0,0.0,0.0,1,1,0,0.0,0.0,1,600000.0,400000.0,0,0.35
23.6,diagnostic,24.773936014476668,24.773936014476668,24.773936014476668,24.773936014476668,2.8780001056107696e-26,153.63269497093626,153.7845839184206,24999.91580872646,50.0,1,0.21047142531512505,24999.91580578662,50.0,1,1,0,0.21047142531512505,24999.91580578662,1,0.21046521030067725,1499.9949481553806,50.0,0,3.4024285041427706,0.0,0.0,4.4820916209322665e-28,1799.992664888607,0.0,0.0,0.0,0.0,0,0.0,1.778825723359277e-27,0.0,153.66699042902695,1.778825723359277e-27,153.66699042902695,900000.0,0.0,1,0.0,0.0,0.0,52574.53229590107,0.0,1,1,1,0,1,0,0.0,0,1,900000.0,0.0,0,0,0.0,0,0.0,0.0,1,1,0,0.0,0.0,1,600000.0,400000.0,0,0.35
23.65,diagnostic,24.76840570713313,24.76840570713313,24.76840570713313,24.76840570713313,1.0587570705434417e-26,153.59840328975534,153.75027550009153,24999.915811429873,50.0,1,0.21046521030067725,24999.91580872646,50.0,1,1,0,0.21046521030067725,24999.91580872646,1,0.21045949510161469,1499.9949483471971,50.0,0,3.4023435389473446,0.0,0.0,1.648501313115108e-28,1799.9927674860744,0.0,0.0,0.0,0.0,0,0.0,6.543934130507974e-28,0.0,153.63269497093626,6.543934130507974e-28,153.63269497093626,900000.0,0.0,1,0.0,0.0,0.0,52586.26265184738,0.0,1,1,1,0,1,0,0.0,0,1,900000.0,0.0,0,0,0.0,0,0.0,0.0,1,1,0,0.0,0.0,1,600000.0,400000.0,0,0.35
23.7,diagnostic,24.762876008562582,24.762876008562582,24.762876008562582,24.762876008562582,3.894949594478346e-27,153.5641153842254,153.71597086296907,24999.91581391588,50.0,1,0.21045949510161469,24999.915811429873,50.0,1,1,0,0.21045949510161469,24999.915811429873,1,0.21045423952251616,1499.9949485235875,50.0,0,3.402265406707232,0.0,0.0,6.063143623723586e-29,1799.9928618325837,0.0,0.0,0.0,0.0,0,0.0,2.4073788309940013e-28,0.0,153.59840328975534,2.4073788309940013e-28,153.59840328975534,900000.0,0.0,1,0.0,0.0,0.0,52597.99694950346,0.0,1,1,1,0,1,0,0.0,0,1,900000.0,0.0,0,0,0.0,0,0.0,0.0,1,1,0,0.0,0.0,1,600000.0,400000.0,0,0.35
23.75,diagnostic,24.75734691856212,24.75734691856212,24.75734691856212,24.75734691856212,1.4328718802076295e-27,153.52983125308802,153.68167000579962,24999.91581620196,50.0,1,0.21045423952251616,24999.91581391588,50.0,1,1,0,0.21045423952251616,24999.91581391588,1,0.21044940660044734,1499.9949486857925,50.0,0,3.4021935579110663,0.0,0.0,2.2300079190986868e-29,1799.992948591682,0.0,0.0,0.0,0.0,0,0.0,8.856251790340332e-29,0.0,153.5641153842254,8.856251790340332e-29,153.5641153842254,900000.0,0.0,1,0.0,0.0,0.0,52609.73519107062,0.0,1,1,1,0,1,0,0.0,0,1,900000.0,0.0,0,0,0.0,0,0.0,0.0,1,1,0,0.0,0.0,1,600000.0,400000.0,0,0.35
23.8,diagnostic,24.751818436928918,24.751818436928918,24.751818436928918,24.751818436928918,5.271241065610565e-28,153.49555089508516,153.64737292732798,24999.91581830419,50.0,1,0.21044940660044734,24999.91581620196,50.0,1,1,0,0.21044940660044734,24999.91581620196,1,0.2104449623450144,1499.9949488349528,50.0,0,3.402127487240951,0.0,0.0,8.201908979137374e-30,1799.9930283735548,0.0,0.0,0.0,0.0,0,0.0,3.2580329595039857e-29,0.0,153.52983125308802,3.2580329595039857e-29,153.52983125308802,900000.0,0.0,1,0.0,0.0,0.0,52621.47737875275,0.0,1,1,1,0,1,0,0.0,0,1,900000.0,0.0,0,0,0.0,0,0.0,0.0,1,1,0,0.0,0.0,1,600000.0,400000.0,0,0.35
23.85,diagnostic,24.7462905634602,24.7462905634602,24.7462905634602,24.7462905634602,1.9391812174967722e-28,153.4612743089593,153.61307962629814,24999.91582023736,50.0,1,0.2104449623450144,24999.91581830419,50.0,1,1,0,0.2104449623450144,24999.91581830419,1,0.21044087549944024,1499.9949489721175,50.0,0,3.4020667300164855,0.0,0.0,3.0166399350310652e-30,1799.9931017393155,0.0,0.0,0.0,0.0,0,0.0,1.1985633444604663e-29,0.0,153.49555089508516,1.1985633444604663e-29,153.49555089508516,900000.0,0.0,1,0.0,0.0,0.0,52633.22351475604,0.0,1,1,1,0,1,0,0.0,0,1,900000.0,0.0,0,0,0.0,0,0.0,0.0,1,1,0,0.0,0.0,1,600000.0,400000.0,0,0.35
23.9,diagnostic,24.740763297953258,24.740763297953258,24.740763297953258,24.740763297953258,7.133849026228696e-29,153.42700149345325,153.57879010145342,24999.91582201506,50.0,1,0.21044087549944024,24999.91582023736,50.0,1,1,0,0.21044087549944024,24999.91582023736,1,0.21043711732060735,1499.9949490982515,50.0,0,3.4020108589265257,0.0,0.0,1.1095119831872752e-30,1799.9931692049524,0.0,0.0,0.0,0.0,0,0.0,4.409268133686911e-30,0.0,153.4612743089593,4.409268133686911e-30,153.4612743089593,900000.0,0.0,1,0.0,0.0,0.0,52644.97360128874,0.0,1,1,1,0,1,0,0.0,0,1,900000.0,0.0,0,0,0.0,0,0.0,0.0,1,1,0,0.0,0.0,1,600000.0,400000.0,0,0.35
23.95,diagnostic,24.735236640205468,24.735236640205468,24.735236640205468,24.735236640205468,2.6243963931704495e-29,153.3927324473102,153.54450435153686,24999.9158236498,50.0,1,0.21043711732060735,24999.91582201506,50.0,1,1,0,0.21043711732060735,24999.91582201506,1,0.21043366137689848,1499.9949492142414,50.0,0,3.40195948102493,0.0,0.0,4.080754879324378e-31,1799.9932312449578,0.0,0.0,0.0,0.0,0,0.0,1.622079096995789e-30,0.0,153.42700149345325,1.622079096995789e-30,153.42700149345325,900000.0,0.0,1,0.0,0.0,0.0,52656.727640561076,0.0,1,1,1,0,1,0,0.0,0,1,900000.0,0.0,0,0,0.0,0,0.0,0.0,1,1,0,0.0,0.0,1,600000.0,400000.0,0,0.35
24.0,diagnostic,24.729710590014257,24.729710590014257,24.729710590014257,24.729710590014257,9.654614785318938e-30,153.3584671692739,153.51022237529153,24999.91582515307,50.0,1,0.21043366137689848,24999.9158236498,50.0,1,1,0,0.21043366137689848,24999.9158236498,1,0.2104304833623668,1499.9949493209035,50.0,0,3.401912234966925,0.0,0.0,1.5008905052055343e-31,1799.9932882956646,0.0,0.0,0.0,0.0,0,0.0,5.967295517386886e-31,0.0,153.3927324473102,5.967295517386886e-31,153.3927324473102,900000.0,0.0,1,0.0,0.0,0.0,52668.485634785175,0.0,1,1,1,0,1,0,0.0,0,1,900000.0,0.0,0,0,0.0,0,0.0,0.0,1,1,0,0.0,0.0,1,600000.0,400000.0,0,0.35
24.05,diagnostic,24.724185147177124,24.724185147177124,24.724185147177124,24.724185147177124,3.551734291948675e-30,153.3242056580884,153.4759441714605,24999.91582653545,50.0,1,0.2104304833623668,24999.91582515307,50.0,1,1,0,0.2104304833623668,24999.91582515307,1,0.21042756092578915,1499.994949418988,50.0,0,3.401868788467079,0.0,0.0,5.520234181964333e-32,1799.9933407583155,0.0,0.0,0.0,0.0,0,0.0,2.19524534024114e-31,0.0,153.3584671692739,2.19524534024114e-31,153.3584671692739,900000.0,0.0,1,0.0,0.0,0.0,52680.24758617494,0.0,1,1,1,0,1,0,0.0,0,1,900000.0,0.0,0,0,0.0,0,0.0,0.0,1,1,0,0.0,0.0,1,600000.0,400000.0,0,0.35
24.1,diagnostic,24.71866031149164,24.71866031149164,24.71866031149164,24.71866031149164,1.3066100265115265e-30,153.28994791249818,153.441669738787,24999.915827806653,50.0,1,0.21042756092578915,24999.91582653545,50.0,1,1,0,0.21042756092578915,24999.91582653545,1,0.2104248735134276,1499.9949495091842,50.0,0,3.4018288359625366,0.0,0.0,2.030326970373463e-32,1799.9933890018851,0.0,0.0,0.0,0.0,0,0.0,8.075856290021231e-32,0.0,153.3242056580884,8.075856290021231e-32,153.3242056580884,900000.0,0.0,1,0.0,0.0,0.0,52692.01349694602,0.0,1,1,1,0,1,0,0.0,0,1,900000.0,0.0,0,0,0.0,0,0.0,0.0,1,1,0,0.0,0.0,1,600000.0,400000.0,0,0.35
24.15,diagnostic,24.713136082755437,24.713136082755437,24.713136082755437,24.713136082755437,4.806749663820637e-31,153.25569393124817,153.4073990760145,24999.91582897563,50.0,1,0.2104248735134276,24999.915827806653,50.0,1,1,0,0.2104248735134276,24999.915827806653,1,0.2104224022244868,1499.9949495921269,50.0,0,3.4017920964635313,0.0,0.0,7.467486659285717e-33,1799.9934333656754,0.0,0.0,0.0,0.0,0,0.0,2.9709414989538875e-32,0.0,153.28994791249818,2.9709414989538875e-32,153.28994791249818,900000.0,0.0,1,0.0,0.0,0.0,52703.7833693158,0.0,1,1,1,0,1,0,0.0,0,1,900000.0,0.0,0,0,0.0,0,0.0,0.0,1,1,0,0.0,0.0,1,600000.0,400000.0,0,0.35
24.2,diagnostic,24.707612460766214,24.707612460766214,24.707612460766214,24.707612460766214,1.7683043801773537e-31,153.22144371308372,153.37313218188686,24999.915830050595,50.0,1,0.2104224022244868,24999.91582897563,50.0,1,1,0,0.2104224022244868,24999.91582897563,1,0.2104201296781566,1499.9949496683992,50.0,0,3.401758311578799,0.0,0.0,2.74652095530512e-33,1799.9934741617005,0.0,0.0,0.0,0.0,0,0.0,1.0929482983882032e-32,0.0,153.25569393124817,1.0929482983882032e-32,153.25569393124817,900000.0,0.0,1,0.0,0.0,0.0,52715.55720550339,0.0,1,1,1,0,1,0,0.0,0,1,900000.0,0.0,0,0,0.0,0,0.0,0.0,1,1,0,0.0,0.0,1,600000.0,400000.0,0,0.35
24.25,diagnostic,24.702089445321736,24.702089445321736,24.702089445321736,24.702089445321736,6.505228272006585e-32,153.18719725675052,153.33886905514808,24999.91583103911,50.0,1,0.2104201296781566,24999.915830050595,50.0,1,1,0,0.2104201296781566,24999.915830050595,1,0.2104180398914721,1499.9949497385378,50.0,0,3.4017272436955484,0.0,0.0,1.0101627929701109e-33,1799.9935116768822,0.0,0.0,0.0,0.0,0,0.0,4.020732092403308e-33,0.0,153.22144371308372,4.020732092403308e-33,153.22144371308372,900000.0,0.0,1,0.0,0.0,0.0,52727.33500772951,0.0,1,1,1,0,1,0,0.0,0,1,900000.0,0.0,0,0,0.0,0,0.0,0.0,1,1,0,0.0,0.0,1,600000.0,400000.0,0,0.35
24.3,diagnostic,24.69656703621984,24.69656703621984,24.69656703621984,24.69656703621984,2.393139741398449e-32,153.15295456099477,153.3046096945427,24999.91583194813,50.0,1,0.2104180398914721,24999.91583103911,50.0,1,1,0,0.2104180398914721,24999.91583103911,1,0.21041611816673494,1499.9949498030358,50.0,0,3.401698674311618,0.0,0.0,3.715350658895637e-34,1799.9935461750686,0.0,0.0,0.0,0.0,0,0.0,1.4791446752534128e-33,0.0,153.18719725675052,1.4791446752534128e-33,153.18719725675052,900000.0,0.0,1,0.0,0.0,0.0,52739.11677821668,0.0,1,1,1,0,1,0,0.0,0,1,900000.0,0.0,0,0,0.0,0,0.0,0.0,1,1,0,0.0,0.0,1,600000.0,400000.0,0,0.35
24.35,diagnostic,24.691045233258425,24.691045233258425,24.691045233258425,24.691045233258425,8.803869107108313e-33,153.118715624563,153.27035409881555,24999.915832784045,50.0,1,0.21041611816673494,24999.91583194813,50.0,1,1,0,0.21041611816673494,24999.91583194813,1,0.21041435098834751,1499.9949498623466,50.0,0,3.401672402495667,0.0,0.0,1.3664956069590478e-34,1799.9935778988884,0.0,0.0,0.0,0.0,0,0.0,5.441469165439399e-34,0.0,153.15295456099477,5.441469165439399e-34,153.15295456099477,900000.0,0.0,1,0.0,0.0,0.0,52750.902519188945,0.0,1,1,1,0,1,0,0.0,0,1,900000.0,0.0,0,0,0.0,0,0.0,0.0,1,1,0,0.0,0.0,1,600000.0,400000.0,0,0.35
24.4,diagnostic,24.68552403623546,24.68552403623546,24.68552403623546,24.68552403623546,3.2387624472695305e-33,153.08448044620224,153.23610226671187,24999.91583355273,50.0,1,0.21041435098834751,24999.915832784045,50.0,1,1,0,0.21041435098834751,24999.915832784045,1,0.21041272592756702,1499.9949499168877,50.0,0,3.4016482434755257,0.0,0.0,5.025932598148659e-35,1799.993607071458,0.0,0.0,0.0,0.0,0,0.0,2.00180463573348e-34,0.0,153.118715624563,2.00180463573348e-34,153.118715624563,900000.0,0.0,1,0.0,0.0,0.0,52762.6922328721,0.0,1,1,1,0,1,0,0.0,0,1,900000.0,0.0,0,0,0.0,0,0.0,0.0,1,1,0,0.0,0.0,1,600000.0,400000.0,0,0.35
24.45,diagnostic,24.680003444948984,24.680003444948984,24.680003444948984,24.680003444948984,1.1914741191885671e-33,153.05024902465985,153.20185419697725,24999.915834259606,50.0,1,0.21041272592756702,24999.91583355273,50.0,1,1,0,0.21041272592756702,24999.91583355273,1,0.21041123155518715,1499.9949499670427,50.0,0,3.4016260273392698,0.0,0.0,1.8485238988577552e-35,1799.9936338979505,0.0,0.0,0.0,0.0,0,0.0,7.364227707280351e-35,0.0,153.08448044620224,7.364227707280351e-35,153.08448044620224,900000.0,0.0,1,0.0,0.0,0.0,52774.48592149354,0.0,1,1,1,0,1,0,0.0,0,1,900000.0,0.0,0,0,0.0,0,0.0,0.0,1,1,0,0.0,0.0,1,600000.0,400000.0,0,0.35
24.5,diagnostic,24.67448345919709,24.67448345919709,24.67448345919709,24.67448345919709,4.383188331373265e-34,153.0160213586837,153.16760988835773,24999.91583490963,50.0,1,0.21041123155518715,24999.915834259606,50.0,1,1,0,0.21041123155518715,24999.915834259606,1,0.21040985736119194,1499.9949500131638,50.0,0,3.4016055978389814,0.0,0.0,6.798818836189545e-36,1799.9936585670391,0.0,0.0,0.0,0.0,0,0.0,2.709147973613547e-35,0.0,153.05024902465985,2.709147973613547e-35,153.05024902465985,900000.0,0.0,1,0.0,0.0,0.0,52786.28358728239,0.0,1,1,1,0,1,0,0.0,0,1,900000.0,0.0,0,0,0.0,0,0.0,0.0,1,1,0,0.0,0.0,1,600000.0,400000.0,0,0.35
24.55,diagnostic,24.668964078777954,24.668964078777954,24.668964078777954,24.668964078777954,1.6124848738947833e-34,152.98179744702196,153.1333693395997,24999.915835507378,50.0,1,0.21040985736119194,24999.91583490963,50.0,1,1,0,0.21040985736119194,24999.91583490963,1,0.21040859368076173,1499.9949500555763,50.0,0,3.4015868112919243,0.0,0.0,2.5005863581025236e-36,1799.9936812522235,0.0,0.0,0.0,0.0,0,0.0,9.966398425836969e-36,0.0,153.0160213586837,9.966398425836969e-36,153.0160213586837,900000.0,0.0,1,0.0,0.0,0.0,52798.08523246937,0.0,1,1,1,0,1,0,0.0,0,1,900000.0,0.0,0,0,0.0,0,0.0,0.0,1,1,0,0.0,0.0,1,600000.0,400000.0,0,0.35
24.6,diagnostic,24.66344530348981,24.66344530348981,24.66344530348981,24.66344530348981,5.932000343058164e-35,152.94757728842333,153.09913254945005,24999.915836057055,50.0,1,0.21040859368076173,24999.915835507378,50.0,1,1,0,0.21040859368076173,24999.915835507378,1,0.2104074316263046,1499.9949500945777,50.0,0,3.4015695355712023,0.0,0.0,9.197085746795637e-37,1799.9937021130506,0.0,0.0,0.0,0.0,0,0.0,3.666433083388846e-36,0.0,152.98179744702196,3.666433083388846e-36,152.98179744702196,900000.0,0.0,1,0.0,0.0,0.0,52809.8908592869,0.0,1,1,1,0,1,0,0.0,0,1,900000.0,0.0,0,0,0.0,0,0.0,0.0,1,1,0,0.0,0.0,1,600000.0,400000.0,0,0.35
24.65,diagnostic,24.65792713313095,24.65792713313095,24.65792713313095,24.65792713313095,2.182260971233041e-35,152.9133608816368,153.0648995166559,24999.915836562526,50.0,1,0.2104074316263046,24999.915836057055,50.0,1,1,0,0.2104074316263046,24999.915836057055,1,0.21040636302502283,1499.9949501304427,50.0,0,3.4015536491746947,0.0,0.0,3.3826619857438015e-37,1799.9937212962366,0.0,0.0,0.0,0.0,0,0.0,1.3488053538095764e-36,0.0,152.94757728842333,1.3488053538095764e-36,152.94757728842333,900000.0,0.0,1,0.0,0.0,0.0,52821.70046996899,0.0,1,1,1,0,1,0,0.0,0,1,900000.0,0.0,0,0,0.0,0,0.0,0.0,1,1,0,0.0,0.0,1,600000.0,400000.0,0,0.35
24.7,diagnostic,24.652409567499753,24.652409567499753,24.652409567499753,24.652409567499753,8.0280894658746e-36,152.8791482254119,153.030670239965,24999.91583702735,50.0,1,0.21040636302502283,24999.915836562526,50.0,1,1,0,0.21040636302502283,24999.915836562526,1,0.21040538036132134,1499.9949501634233,50.0,0,3.401539040372524,0.0,0.0,1.2441334290817017e-37,1799.9937389366985,0.0,0.0,0.0,0.0,0,0.0,4.9619775980851644e-37,0.0,152.9133608816368,4.9619775980851644e-37,152.9133608816368,900000.0,0.0,1,0.0,0.0,0.0,52833.5140667514,0.0,1,1,1,0,1,0,0.0,0,1,900000.0,0.0,0,0,0.0,0,0.0,0.0,1,1,0,0.0,0.0,1,600000.0,400000.0,0,0.35
24.75,diagnostic,24.646892606394648,24.646892606394648,24.646892606394648,24.646892606394648,2.95336906638029e-36,152.84493931849846,152.99644471812536,24999.91583745479,50.0,1,0.21040538036132134,24999.91583702735,50.0,1,1,0,0.21040538036132134,24999.91583702735,1,0.21040447672407367,1499.9949501937515,50.0,0,3.401525606419333,0.0,0.0,4.575887149220539e-38,1799.9937551585028,0.0,0.0,0.0,0.0,0,0.0,1.8254095458887858e-37,0.0,152.8791482254119,1.8254095458887858e-37,152.8791482254119,900000.0,0.0,1,0.0,0.0,0.0,52845.33165187149,0.0,1,1,1,0,1,0,0.0,0,1,900000.0,0.0,0,0,0.0,0,0.0,0.0,1,1,0,0.0,0.0,1,600000.0,400000.0,0,0.35
24.8,diagnostic,24.641376249614137,24.641376249614137,24.641376249614137,24.641376249614137,1.0864837617130053e-36,152.8107341596468,152.9622229498855,24999.915837847857,50.0,1,0.21040447672407367,24999.91583745479,50.0,1,1,0,0.21040447672407367,24999.91583745479,1,0.21040364575789688,1499.994950221641,50.0,0,3.401513252833078,0.0,0.0,1.6829981570638794e-38,1799.9937700757393,0.0,0.0,0.0,0.0,0,0.0,6.715306436505826e-38,0.0,152.84493931849846,6.715306436505826e-38,152.84493931849846,900000.0,0.0,1,0.0,0.0,0.0,52857.15322756828,0.0,1,1,1,0,1,0,0.0,0,1,900000.0,0.0,0,0,0.0,0,0.0,0.0,1,1,0,0.0,0.0,1,600000.0,400000.0,0,0.35
24.85,diagnostic,24.63586049695679,24.63586049695679,24.63586049695679,24.63586049695679,3.996950391008268e-37,152.77653274760766,152.92800493399423,24999.915838209312,50.0,1,0.21040364575789688,24999.915837847857,50.0,1,1,0,0.21040364575789688,24999.915837847857,1,0.21040288161854093,1499.9949502472875,50.0,0,3.4015018927304603,0.0,0.0,6.190018752269808e-39,1799.993783793322,0.0,0.0,0.0,0.0,0,0.0,2.4704231791567525e-38,0.0,152.8107341596468,2.4704231791567525e-38,152.8107341596468,900000.0,0.0,1,0.0,0.0,0.0,52868.97879608243,0.0,1,1,1,0,1,0,0.0,0,1,900000.0,0.0,0,0,0.0,0,0.0,0.0,1,1,0,0.0,0.0,1,600000.0,400000.0,0,0.35
24.9,diagnostic,24.63034534822124,24.63034534822124,24.63034534822124,24.63034534822124,1.470395876234099e-37,152.7423350811321,152.89379066920088,24999.915838541696,50.0,1,0.21040288161854093,24999.915838209312,50.0,1,1,0,0.21040288161854093,24999.915838209312,1,0.21040217893178104,1499.9949502708714,50.0,0,3.4014914462143495,0.0,0.0,2.2766710133662464e-39,1799.9937964077283,0.0,0.0,0.0,0.0,0,0.0,9.088178986051638e-39,0.0,152.77653274760766,9.088178986051638e-39,152.77653274760766,900000.0,0.0,1,0.0,0.0,0.0,52880.80835965636,0.0,1,1,1,0,1,0,0.0,0,1,900000.0,0.0,0,0,0.0,0,0.0,0.0,1,1,0,0.0,0.0,1,600000.0,400000.0,0,0.35
24.95,diagnostic,24.62483080320619,24.62483080320619,24.62483080320619,24.62483080320619,5.409284132497935e-38,152.7081411589717,152.85958015425516,24999.91583884735,50.0,1,0.21040217893178104,24999.915838541696,50.0,1,1,0,0.21040217893178104,24999.915838541696,1,0.21040153275552675,1499.9949502925588,50.0,0,3.4014818398136164,0.0,0.0,8.373530001888719e-40,1799.9938080076756,0.0,0.0,0.0,0.0,0,0.0,3.343354206654721e-39,0.0,152.7423350811321,3.343354206654721e-39,152.7423350811321,900000.0,0.0,1,0.0,0.0,0.0,52892.641920534035,0.0,1,1,1,0,1,0,0.0,0,1,900000.0,0.0,0,0,0.0,0,0.0,0.0,1,1,0,0.0,0.0,1,600000.0,400000.0,0,0.35
25.0,diagnostic,24.6193168617104,24.6193168617104,24.6193168617104,24.6193168617104,1.98996442380089e-38,152.67395097987838,152.8253733879072,24999.91583912843,50.0,1,0.21040153275552675,24999.91583884735,50.0,1,1,0,0.21040153275552675,24999.91583884735,1,0.21040093854517214,1499.9949503125017,50.0,0,3.4014730059657183,0.0,0.0,3.0797599882764077e-40,1799.993818674748,0.0,0.0,0.0,0.0,0,0.0,1.2299512771823291e-39,0.0,152.7081411589717,1.2299512771823291e-39,152.7081411589717,900000.0,0.0,1,0.0,0.0,0.0,52904.47948096116,0.0,1,1,1,0,1,0,0.0,0,1,900000.0,0.0,0,0,0.0,0,0.0,0.0,1,1,0,0.0,0.0,1,600000.0,400000.0,0,0.35
25.05,diagnostic,24.613803523532706,24.613803523532706,24.613803523532706,24.613803523532706,7.320670001789222e-39,152.63976454260447,152.7911703689075,24999.915839386897,50.0,1,0.21040093854517214,24999.91583912843,50.0,1,1,0,0.21040093854517214,24999.91583912843,1,0.21040039212159084,1499.994950330841,50.0,0,3.401464882541411,0.0,0.0,1.132726740679354e-40,1799.9938284839673,0.0,0.0,0.0,0.0,0,0.0,4.524737885179369e-40,0.0,152.67395097987838,4.524737885179369e-40,152.67395097987838,900000.0,0.0,1,0.0,0.0,0.0,52916.32104318508,0.0,1,1,1,0,1,0,0.0,0,1,900000.0,0.0,0,0,0.0,0,0.0,0.0,1,1,0,0.0,0.0,1,600000.0,400000.0,0,0.35
25.1,diagnostic,24.60829078847201,24.60829078847201,24.60829078847201,24.60829078847201,2.6931239892587602e-39,152.60558184590278,152.75697109600702,24999.91583962458,50.0,1,0.21040039212159084,24999.915839386897,50.0,1,1,0,0.21040039212159084,24999.915839386897,1,0.21039988964173675,1499.9949503477058,50.0,0,3.4014574124078436,0.0,0.0,4.166135808055726e-41,1799.993837504323,0.0,0.0,0.0,0.0,0,0.0,1.6645580446470396e-40,0.0,152.63976454260447,1.6645580446470396e-40,152.63976454260447,900000.0,0.0,1,0.0,0.0,0.0,52928.166609454805,0.0,1,1,1,0,1,0,0.0,0,1,900000.0,0.0,0,0,0.0,0,0.0,0.0,1,1,0,0.0,0.0,1,600000.0,400000.0,0,0.35
25.15,diagnostic,24.60277865632728,24.60277865632728,24.60277865632728,24.60277865632728,9.90744948173918e-40,152.57140288852648,152.72277556795711,24999.91583984315,50.0,1,0.21039988964173675,24999.91583962458,50.0,1,1,0,0.21039988964173675,24999.91583962458,1,0.2103994275716192,1499.9949503632138,50.0,0,3.401450543027976,0.0,0.0,1.5322925212121735e-41,1799.9938457992557,0.0,0.0,0.0,0.0,0,0.0,6.123566832621816e-41,0.0,152.60558184590278,6.123566832621816e-41,152.60558184590278,900000.0,0.0,1,0.0,0.0,0.0,52940.016182021034,0.0,1,1,1,0,1,0,0.0,0,1,900000.0,0.0,0,0,0.0,0,0.0,0.0,1,1,0,0.0,0.0,1,600000.0,400000.0,0,0.35
25.2,diagnostic,24.597267126897552,24.597267126897552,24.597267126897552,24.597267126897552,3.6447469787765046e-40,152.53722766922914,152.68858378350959,24999.915840044145,50.0,1,0.2103994275716192,24999.91583984315,50.0,1,1,0,0.2103994275716192,24999.91583984315,1,0.21039900266152428,1499.9949503774747,50.0,0,3.4014442260873037,0.0,0.0,5.635726772679791e-42,1799.9938534271048,0.0,0.0,0.0,0.0,0,0.0,2.252734344360892e-41,0.0,152.57140288852648,2.252734344360892e-41,152.57140288852648,900000.0,0.0,1,0.0,0.0,0.0,52951.869763136114,0.0,1,1,1,0,1,0,0.0,0,1,900000.0,0.0,0,0,0.0,0,0.0,0.0,1,1,0,0.0,0.0,1,600000.0,400000.0,0,0.35
25.25,diagnostic,24.591756199981916,24.591756199981916,24.591756199981916,24.591756199981916,1.3408274817636029e-40,152.50305618676484,152.65439574141652,24999.915840228972,50.0,1,0.21039900266152428,24999.915840044145,50.0,1,1,0,0.21039900266152428,24999.915840044145,1,0.210398611922926,1499.9949503905889,50.0,0,3.4014384171591243,0.0,0.0,2.0728036593728756e-42,1799.9938604415174,0.0,0.0,0.0,0.0,0,0.0,8.287346517112002e-42,0.0,152.53722766922914,8.287346517112002e-42,152.53722766922914,900000.0,0.0,1,0.0,0.0,0.0,52963.727355054056,0.0,1,1,1,0,1,0,0.0,0,1,900000.0,0.0,0,0,0.0,0,0.0,0.0,1,1,0,0.0,0.0,1,600000.0,400000.0,0,0.35
25.3,diagnostic,24.58624587537954,24.58624587537954,24.58624587537954,24.58624587537954,4.932628646985064e-41,152.46888843988788,152.62021144043058,24999.915840398935,50.0,1,0.210398611922926,24999.915840228972,50.0,1,1,0,0.210398611922926,24999.915840228972,1,0.2103982526077809,1499.9949504026486,50.0,0,3.4014330753886863,0.0,0.0,7.623710436345735e-43,1799.9938668918264,0.0,0.0,0.0,0.0,0,0.0,3.048744405509261e-42,0.0,152.50305618676484,3.048744405509261e-42,152.50305618676484,900000.0,0.0,1,0.0,0.0,0.0,52975.588960030625,0.0,1,1,1,0,1,0,0.0,0,1,900000.0,0.0,0,0,0.0,0,0.0,0.0,1,1,0,0.0,0.0,1,600000.0,400000.0,0,0.35
25.35,diagnostic,24.580736152889646,24.580736152889646,24.580736152889646,24.580736152889646,1.814612670159112e-41,152.43472442735316,152.5860308793048,24999.91584055523,50.0,1,0.2103982526077809,24999.915840398935,50.0,1,1,0,0.2103982526077809,24999.915840398935,1,0.2103979221889909,1499.9949504137383,50.0,0,3.401428163206898,0.0,0.0,2.8039780361197516e-43,1799.9938728233976,0.0,0.0,0.0,0.0,0,0.0,1.1215703881733077e-42,0.0,152.46888843988788,1.1215703881733077e-42,152.46888843988788,900000.0,0.0,1,0.0,0.0,0.0,52987.454580323145,0.0,1,1,1,0,1,0,0.0,0,1,900000.0,0.0,0,0,0.0,0,0.0,0.0,1,1,0,0.0,0.0,1,600000.0,400000.0,0,0.35
25.4,diagnostic,24.57522703231155,24.57522703231155,24.57522703231155,24.57522703231155,6.675586950407527e-42,152.40056414791582,152.5518540567925,24999.915840698955,50.0,1,0.2103979221889909,24999.91584055523,50.0,1,1,0,0.2103979221889909,24999.91584055523,1,0.21039761834269471,1499.994950423936,50.0,0,3.4014236460659517,0.0,0.0,1.0312947602949197e-43,1799.993878277948,0.0,0.0,0.0,0.0,0,0.0,4.12602687635634e-43,0.0,152.43472442735316,4.12602687635634e-43,152.43472442735316,900000.0,0.0,1,0.0,0.0,0.0,52999.32421819068,0.0,1,1,1,0,1,0,0.0,0,1,900000.0,0.0,0,0,0.0,0,0.0,0.0,1,1,0,0.0,0.0,1,600000.0,400000.0,0,0.35
25.45,diagnostic,24.569718513444606,24.569718513444606,24.569718513444606,24.569718513444606,2.455811196807294e-42,152.3664076003316,152.51768097164762,24999.915840831123,50.0,1,0.21039761834269471,24999.915840698955,50.0,1,1,0,0.21039761834269471,24999.915840698955,1,0.21039733893191453,1499.9949504333138,50.0,0,3.40141949219619,0.0,0.0,3.793071278783651e-44,1799.9938832938399,0.0,0.0,0.0,0.0,0,0.0,1.5178804615323221e-43,0.0,152.40056414791582,1.5178804615323221e-43,152.40056414791582,900000.0,0.0,1,0.0,0.0,0.0,53011.197875893995,0.0,1,1,1,0,1,0,0.0,0,1,900000.0,0.0,0,0,0.0,0,0.0,0.0,1,1,0,0.0,0.0,1,600000.0,400000.0,0,0.35
25.5,diagnostic,24.564210596088245,24.564210596088245,24.564210596088245,24.564210596088245,9.03442450704038e-43,152.33225478335657,152.4835116226243,24999.915840952664,50.0,1,0.21039733893191453,24999.915840831123,50.0,1,1,0,0.21039733893191453,24999.915840831123,1,0.21039708199151694,1499.9949504419374,50.0,0,3.4014156723834432,0.0,0.0,1.3950802343625697e-44,1799.9938879063502,0.0,0.0,0.0,0.0,0,0.0,5.583970159535614e-44,0.0,152.3664076003316,5.583970159535614e-44,152.3664076003316,900000.0,0.0,1,0.0,0.0,0.0,53023.075555695475,0.0,1,1,1,0,1,0,0.0,0,1,900000.0,0.0,0,0,0.0,0,0.0,0.0,1,1,0,0.0,0.0,1,600000.0,400000.0,0,0.35
25.55,diagnostic,24.558703280041957,24.558703280041957,24.558703280041957,24.558703280041957,3.3235790389555975e-43,152.29810569574713,152.44934600847716,24999.915841064427,50.0,1,0.21039708199151694,24999.915840952664,50.0,1,1,0,0.21039708199151694,24999.915840952664,1,0.21039684571443978,1499.9949504498672,50.0,0,3.4014121597624576,0.0,0.0,5.131063108360575e-45,1799.99389214792,0.0,0.0,0.0,0.0,0,0.0,2.0542278218079707e-44,0.0,152.33225478335657,2.0542278218079707e-44,152.33225478335657,900000.0,0.0,1,0.0,0.0,0.0,53034.95725985925,0.0,1,1,1,0,1,0,0.0,0,1,900000.0,0.0,0,0,0.0,0,0.0,0.0,1,1,0,0.0,0.0,1,600000.0,400000.0,0,0.35
25.6,diagnostic,24.553196565105306,24.553196565105306,24.553196565105306,24.553196565105306,1.2226763995401041e-43,152.26396033626014,152.41518412796137,24999.915841167203,50.0,1,0.21039684571443978,24999.915841064427,50.0,1,1,0,0.21039684571443978,24999.915841064427,1,0.2103966284389149,1499.9949504571598,50.0,0,3.401408929628546,0.0,0.0,1.8871895178624048e-45,1799.9938960483796,0.0,0.0,0.0,0.0,0,0.0,7.557081831255454e-45,0.0,152.29810569574713,7.557081831255454e-45,152.29810569574713,900000.0,0.0,1,0.0,0.0,0.0,53046.842990651094,0.0,1,1,1,0,1,0,0.0,0,1,900000.0,0.0,0,0,0.0,0,0.0,0.0,1,1,0,0.0,0.0,1,600000.0,400000.0,0,0.35
25.65,diagnostic,24.547690451077926,24.547690451077926,24.547690451077926,24.547690451077926,4.497975105963246e-44,152.2298187036529,152.38102597983232,24999.915841261714,50.0,1,0.2103966284389149,24999.915841167203,50.0,1,1,0,0.2103966284389149,24999.915841167203,1,0.2103964286368173,1499.9949504638655,50.0,0,3.4014059592644132,0.0,0.0,6.9410258847505125e-46,1799.993899635162,0.0,0.0,0.0,0.0,0,0.0,2.7800950409691156e-45,0.0,152.26396033626014,2.7800950409691156e-45,152.26396033626014,900000.0,0.0,1,0.0,0.0,0.0,53058.732750338466,0.0,1,1,1,0,1,0,0.0,0,1,900000.0,0.0,0,0,0.0,0,0.0,0.0,1,1,0,0.0,0.0,1,600000.0,400000.0,0,0.35
25.7,diagnostic,24.542184937759504,24.542184937759504,24.542184937759504,24.542184937759504,1.6547125683848177e-44,152.19568079668315,152.34687156284588,24999.915841348626,50.0,1,0.2103964286368173,24999.915841261714,50.0,1,1,0,0.2103964286368173,24999.915841261714,1,0.2103962449029534,1499.994950470032,50.0,0,3.401403227778473,0.0,0.0,2.5528882309841556e-46,1799.993902933493,0.0,0.0,0.0,0.0,0,0.0,1.022739810075216e-45,0.0,152.2298187036529,1.022739810075216e-45,152.2298187036529,900000.0,0.0,1,0.0,0.0,0.0,53070.62654119051,0.0,1,1,1,0,1,0,0.0,0,1,900000.0,0.0,0,0,0.0,0,0.0,0.0,1,1,0,0.0,0.0,1,600000.0,400000.0,0,0.35
25.75,diagnostic,24.536680024949806,24.536680024949806,24.536680024949806,24.536680024949806,6.087347349567685e-45,152.16154661410894,152.31272087575837,24999.915841428545,50.0,1,0.2103962449029534,24999.915841348626,50.0,1,1,0,0.2103962449029534,24999.915841348626,1,0.21039607594506018,1499.9949504757028,50.0,0,3.4014007159604396,0.0,0.0,9.389445106361473e-47,1799.9939059665703,0.0,0.0,0.0,0.0,0,0.0,3.762449497942574e-46,0.0,152.19568079668315,3.762449497942574e-46,152.19568079668315,900000.0,0.0,1,0.0,0.0,0.0,53082.52436547811,0.0,1,1,1,0,1,0,0.0,0,1,900000.0,0.0,0,0,0.0,0,0.0,0.0,1,1,0,0.0,0.0,1,600000.0,400000.0,0,0.35
25.8,diagnostic,24.531175712448658,24.531175712448658,24.531175712448658,24.531175712448658,2.23940994117542e-45,152.1274161546888,152.2785739173265,24999.91584150204,50.0,1,0.21039607594506018,24999.915841428545,50.0,1,1,0,0.21039607594506018,24999.915841428545,1,0.21039592057487255,1499.9949504809174,50.0,0,3.401398406144593,0.0,0.0,3.453409204167317e-47,1799.9939087557254,0.0,0.0,0.0,0.0,0,0.0,1.3841278187388875e-46,0.0,152.16154661410894,1.3841278187388875e-46,152.16154661410894,900000.0,0.0,1,0.0,0.0,0.0,53094.42622547376,0.0,1,1,1,0,1,0,0.0,0,1,900000.0,0.0,0,0,0.0,0,0.0,0.0,1,1,0,0.0,0.0,1,600000.0,400000.0,0,0.35
25.85,diagnostic,24.52567200005594,24.52567200005594,24.52567200005594,24.52567200005594,8.238328777133858e-46,152.0932894171817,152.24443068630737,24999.915841569622,50.0,1,0.21039592057487255,24999.91584150204,50.0,1,1,0,0.21039592057487255,24999.91584150204,1,0.21039577769966555,1499.9949504857127,50.0,0,3.4013962820857024,0.0,0.0,1.2701533146749018e-47,1799.9939113205749,0.0,0.0,0.0,0.0,0,0.0,5.091921684675091e-47,0.0,152.1274161546888,5.091921684675091e-47,152.1274161546888,900000.0,0.0,1,0.0,0.0,0.0,53106.332123451706,0.0,1,1,1,0,1,0,0.0,0,1,900000.0,0.0,0,0,0.0,0,0.0,0.0,1,1,0,0.0,0.0,1,600000.0,400000.0,0,0.35
25.9,diagnostic,24.520168887571618,24.520168887571618,24.520168887571618,24.520168887571618,3.0307117867186142e-46,152.05916640034684,152.2102911814585,24999.91584163177,50.0,1,0.21039577769966555,24999.915841569622,50.0,1,1,0,0.21039577769966555,24999.915841569622,1,0.21039564631457955,1499.9949504901224,50.0,0,3.401394328844592,0.0,0.0,4.671584819184375e-48,1799.9939136791577,0.0,0.0,0.0,0.0,0,0.0,1.8732133038470214e-47,0.0,152.0932894171817,1.8732133038470214e-47,152.0932894171817,900000.0,0.0,1,0.0,0.0,0.0,53118.24206168784,0.0,1,1,1,0,1,0,0.0,0,1,900000.0,0.0,0,0,0.0,0,0.0,0.0,1,1,0,0.0,0.0,1,600000.0,400000.0,0,0.35
25.95,diagnostic,24.514666374795716,24.514666374795716,24.514666374795716,24.514666374795716,1.114936558449747e-46,152.02504710294403,152.1761554015378,24999.91584168892,50.0,1,0.21039564631457955,24999.91584163177,50.0,1,1,0,0.21039564631457955,24999.91584163177,1,0.21039552549554175,1499.9949504941774,50.0,0,3.4013925326847914,0.0,0.0,1.7181944816070178e-48,1799.9939158480613,0.0,0.0,0.0,0.0,0,0.0,6.891166634141534e-48,0.0,152.05916640034684,6.891166634141534e-48,152.05916640034684,900000.0,0.0,1,0.0,0.0,0.0,53130.156042459785,0.0,1,1,1,0,1,0,0.0,0,1,900000.0,0.0,0,0,0.0,0,0.0,0.0,1,1,0,0.0,0.0,1,600000.0,400000.0,0,0.35
26.0,diagnostic,24.50916446152832,24.50916446152832,24.50916446152832,24.50916446152832,4.101622380641041e-47,151.99093152373345,152.14202334530358,24999.915841741473,50.0,1,0.21039552549554175,24999.91584168892,50.0,1,1,0,0.21039552549554175,24999.91584168892,1,0.21039541439287368,1499.994950497906,50.0,0,3.401390880973146,0.0,0.0,6.31946612291131e-49,1799.9939178425407,0.0,0.0,0.0,0.0,0,0.0,2.5351185303872763e-48,0.0,152.02504710294403,2.5351185303872763e-48,152.02504710294403,900000.0,0.0,1,0.0,0.0,0.0,53142.07406804685,0.0,1,1,1,0,1,0,0.0,0,1,900000.0,0.0,0,0,0.0,0,0.0,0.0,1,1,0,0.0,0.0,1,600000.0,400000.0,0,0.35
26.05,diagnostic,24.503663147569586,24.503663147569586,24.503663147569586,24.503663147569586,1.508902549286507e-47,151.9568196614756,152.10789501151461,24999.915841789803,50.0,1,0.21039541439287368,24999.915841741473,50.0,1,1,0,0.21039541439287368,24999.915841741473,1,0.21039531222514304,1499.994950501335,50.0,0,3.4013893620928335,0.0,0.0,2.324280020432154e-49,1799.993919676623,0.0,0.0,0.0,0.0,0,0.0,9.326179882622391e-49,0.0,151.99093152373345,9.326179882622391e-49,151.99093152373345,900000.0,0.0,1,0.0,0.0,0.0,53153.996140730065,0.0,1,1,1,0,1,0,0.0,0,1,900000.0,0.0,0,0,0.0,0,0.0,0.0,1,1,0,0.0,0.0,1,600000.0,400000.0,0,0.35
26.1,diagnostic,24.498162432719734,24.498162432719734,24.498162432719734,24.498162432719734,5.550942266136847e-48,151.92271151493145,152.07377039893004,24999.91584183424,50.0,1,0.21039531222514304,24999.915841789803,50.0,1,1,0,0.21039531222514304,24999.915841789803,1,0.21039521827378352,1499.9949505044883,50.0,0,3.401387965362191,0.0,0.0,8.548629534198459e-50,1799.9939213632067,0.0,0.0,0.0,0.0,0,0.0,3.430909843483472e-49,0.0,151.9568196614756,3.430909843483472e-49,151.9568196614756,900000.0,0.0,1,0.0,0.0,0.0,53165.92226279212,0.0,1,1,1,0,1,0,0.0,0,1,900000.0,0.0,0,0,0.0,0,0.0,0.0,1,1,0,0.0,0.0,1,600000.0,400000.0,0,0.35
26.15,diagnostic,24.492662316779054,24.492662316779054,24.492662316779054,24.492662316779054,2.0420775388413624e-48,151.88860708286236,152.03964950630942,24999.91584187511,50.0,1,0.21039521827378352,24999.91584183424,50.0,1,1,0,0.21039521827378352,24999.91584183424,1,0.21039513187807365,1499.9949505073882,50.0,0,3.401386680957365,0.0,0.0,3.1441592399275997e-50,1799.9939229141548,0.0,0.0,0.0,0.0,0,0.0,1.2621611959303e-49,0.0,151.92271151493145,1.2621611959303e-49,151.92271151493145,900000.0,0.0,1,0.0,0.0,0.0,53177.852436517416,0.0,1,1,1,0,1,0,0.0,0,1,900000.0,0.0,0,0,0.0,0,0.0,0.0,1,1,0,0.0,0.0,1,600000.0,400000.0,0,0.35
26.2,diagnostic,24.487162799547892,24.487162799547892,24.487162799547892,24.487162799547892,7.512383438177145e-49,151.85450636403013,152.00553233241274,24999.91584191269,50.0,1,0.21039513187807365,24999.91584187511,50.0,1,1,0,0.21039513187807365,24999.91584187511,1,0.2103950524303525,1499.9949505100544,50.0,0,3.401385499845399,0.0,0.0,1.1564119173455744e-50,1799.9939243403744,0.0,0.0,0.0,0.0,0,0.0,4.64323155427118e-50,0.0,151.88860708286236,4.64323155427118e-50,151.88860708286236,900000.0,0.0,1,0.0,0.0,0.0,53189.78666419205,0.0,1,1,1,0,1,0,0.0,0,1,900000.0,0.0,0,0,0.0,0,0.0,0.0,1,1,0,0.0,0.0,1,600000.0,400000.0,0,0.35
26.25,diagnostic,24.48166388082667,24.48166388082667,24.48166388082667,24.48166388082667,2.763651421102206e-49,151.82040935719695,151.97141887600037,24999.915841947248,50.0,1,0.2103950524303525,24999.91584191269,50.0,1,1,0,0.2103950524303525,24999.91584191269,1,0.21039497937188037,1499.9949505125066,50.0,0,3.4013844137190206,0.0,0.0,4.253246689862355e-51,1799.9939256518965,0.0,0.0,0.0,0.0,0,0.0,1.7081494294148887e-50,0.0,151.85450636403013,1.7081494294148887e-50,151.85450636403013,900000.0,0.0,1,0.0,0.0,0.0,53201.72494810385,0.0,1,1,1,0,1,0,0.0,0,1,900000.0,0.0,0,0,0.0,0,0.0,0.0,1,1,0,0.0,0.0,1,600000.0,400000.0,0,0.35
26.3,diagnostic,24.476165560415865,24.476165560415865,24.476165560415865,24.476165560415865,1.0166905403877418e-49,151.78631606112535,151.93730913583312,24999.91584197903,50.0,1,0.21039497937188037,24999.915841947248,50.0,1,1,0,0.21039497937188037,24999.915841947248,1,0.2103949121888054,1499.9949505147613,50.0,0,3.4013834149397595,0.0,0.0,1.5643307254842473e-51,1799.993926857945,0.0,0.0,0.0,0.0,0,0.0,6.283930575304672e-51,0.0,151.82040935719695,6.283930575304672e-51,151.82040935719695,900000.0,0.0,1,0.0,0.0,0.0,53213.66729054234,0.0,1,1,1,0,1,0,0.0,0,1,900000.0,0.0,0,0,0.0,0,0.0,0.0,1,1,0,0.0,0.0,1,600000.0,400000.0,0,0.35
26.35,diagnostic,24.470667838116032,24.470667838116032,24.470667838116032,24.470667838116032,3.740195478421341e-50,151.75222647457838,151.9032031106721,24999.91584200825,50.0,1,0.2103949121888054,24999.91584197903,50.0,1,1,0,0.2103949121888054,24999.91584197903,1,0.21039485040864492,1499.9949505168347,50.0,0,3.401382496482773,0.0,0.0,5.753558948478061e-52,1799.9939279670025,0.0,0.0,0.0,0.0,0,0.0,2.3117288684032224e-51,0.0,151.78631606112535,2.3117288684032224e-51,151.78631606112535,900000.0,0.0,1,0.0,0.0,0.0,53225.613693798725,0.0,1,1,1,0,1,0,0.0,0,1,900000.0,0.0,0,0,0.0,0,0.0,0.0,1,1,0,0.0,0.0,1,600000.0,400000.0,0,0.35
26.4,diagnostic,24.465170713727783,24.465170713727783,24.465170713727783,24.465170713727783,1.375941022473598e-50,151.71814059631942,151.869100799279,24999.915842035123,50.0,1,0.21039485040864492,24999.91584200825,50.0,1,1,0,0.21039485040864492,24999.91584200825,1,0.21039479359687255,1499.9949505187417,50.0,0,3.401381651888931,0.0,0.0,2.1161407351739697e-52,1799.9939289868687,0.0,0.0,0.0,0.0,0,0.0,8.504375242480678e-52,0.0,151.75222647457838,8.504375242480678e-52,151.75222647457838,900000.0,0.0,1,0.0,0.0,0.0,53237.56416016597,0.0,1,1,1,0,1,0,0.0,0,1,900000.0,0.0,0,0,0.0,0,0.0,0.0,1,1,0,0.0,0.0,1,600000.0,400000.0,0,0.35
26.45,diagnostic,24.4596741870518,24.4596741870518,24.4596741870518,24.4596741870518,5.061804144324499e-51,151.68405842511226,151.8350022004158,24999.915842059836,50.0,1,0.21039479359687255,24999.915842035123,50.0,1,1,0,0.21039479359687255,24999.915842035123,1,0.2103947413539545,1499.994950520495,50.0,0,3.4013808752180976,0.0,0.0,7.783098313421701e-53,1799.993929924717,0.0,0.0,0.0,0.0,0,0.0,3.1285848117160402e-52,0.0,151.71814059631942,3.1285848117160402e-52,151.71814059631942,900000.0,0.0,1,0.0,0.0,0.0,53249.518691938705,0.0,1,1,1,0,1,0,0.0,0,1,900000.0,0.0,0,0,0.0,0,0.0,0.0,1,1,0,0.0,0.0,1,600000.0,400000.0,0,0.35
26.5,diagnostic,24.454178257888824,24.454178257888824,24.454178257888824,24.454178257888824,1.8621336799333873e-51,151.64997995972115,151.8009073128449,24999.915842082562,50.0,1,0.2103947413539545,24999.915842059836,50.0,1,1,0,0.2103947413539545,24999.915842059836,1,0.21039469331245966,1499.9949505221073,50.0,0,3.401380161007017,0.0,0.0,2.8625987287030393e-53,1799.9939307871425,0.0,0.0,0.0,0.0,0,0.0,1.1509420321915586e-52,0.0,151.68405842511226,1.1509420321915586e-52,151.68405842511226,900000.0,0.0,1,0.0,0.0,0.0,53261.47729141328,0.0,1,1,1,0,1,0,0.0,0,1,900000.0,0.0,0,0,0.0,0,0.0,0.0,1,1,0,0.0,0.0,1,600000.0,400000.0,0,0.35
26.55,diagnostic,24.44868292603967,24.44868292603967,24.44868292603967,24.44868292603967,6.850406975604157e-52,151.61590519891072,151.76681613532912,24999.91584210346,50.0,1,0.21039469331245966,24999.915842082562,50.0,1,1,0,0.21039469331245966,24999.915842082562,1,0.2103946491344547,1499.9949505235902,50.0,0,3.4013795042332893,0.0,0.0,1.052854652293205e-53,1799.9939315802117,0.0,0.0,0.0,0.0,0,0.0,4.234079116233547e-53,0.0,151.64997995972115,4.234079116233547e-53,151.64997995972115,900000.0,0.0,1,0.0,0.0,0.0,53273.43996088776,0.0,1,1,1,0,1,0,0.0,0,1,900000.0,0.0,0,0,0.0,0,0.0,0.0,1,1,0,0.0,0.0,1,600000.0,400000.0,0,0.35
26.6,diagnostic,24.443188191305207,24.443188191305207,24.443188191305207,24.443188191305207,2.5201238899822075e-52,151.58183414144597,151.7327286666317,24999.915842122675,50.0,1,0.2103946491344547,24999.91584210346,50.0,1,1,0,0.2103946491344547,24999.91584210346,1,0.21039460850927563,1499.9949505249538,50.0,0,3.4013789002778747,0.0,0.0,3.872365619755201e-54,1799.9939323095016,0.0,0.0,0.0,0.0,0,0.0,1.5576306591556713e-53,0.0,151.61590519891072,1.5576306591556713e-53,151.61590519891072,900000.0,0.0,1,0.0,0.0,0.0,53285.40670266196,0.0,1,1,1,0,1,0,0.0,0,1,900000.0,0.0,0,0,0.0,0,0.0,0.0,1,1,0,0.0,0.0,1,600000.0,400000.0,0,0.35
26.65,diagnostic,24.437694053486386,24.437694053486386,24.437694053486386,24.437694053486386,9.271017683294556e-53,151.5477667860923,151.69864490551623,24999.915842140344,50.0,1,0.21039460850927563,24999.915842122675,50.0,1,1,0,0.21039460850927563,24999.915842122675,1,0.21039457115120874,1499.9949505262075,50.0,0,3.4013783448932937,0.0,0.0,1.4242436095098478e-54,1799.9939329801414,0.0,0.0,0.0,0.0,0,0.0,5.730202964416936e-54,0.0,151.58183414144597,5.730202964416936e-54,151.58183414144597,900000.0,0.0,1,0.0,0.0,0.0,53297.377519037356,0.0,1,1,1,0,1,0,0.0,0,1,900000.0,0.0,0,0,0.0,0,0.0,0.0,1,1,0,0.0,0.0,1,600000.0,400000.0,0,0.35
26.7,diagnostic,24.432200512384206,24.432200512384206,24.432200512384206,24.432200512384206,3.4106168044209604e-53,151.51370313161559,151.6645648507468,24999.915842156595,50.0,1,0.21039457115120874,24999.915842140344,50.0,1,1,0,0.21039457115120874,24999.915842140344,1,0.21039453679752332,1499.9949505273605,50.0,0,3.401377834172735,0.0,0.0,5.238322011853706e-55,1799.993933596848,0.0,0.0,0.0,0.0,0,0.0,2.1080238643486445e-54,0.0,151.5477667860923,2.1080238643486445e-54,151.5477667860923,900000.0,0.0,1,0.0,0.0,0.0,53309.35241231718,0.0,1,1,1,0,1,0,0.0,0,1,900000.0,0.0,0,0,0.0,0,0.0,0.0,1,1,0,0.0,0.0,1,600000.0,400000.0,0,0.35
26.75,diagnostic,24.426707567799745,24.426707567799745,24.426707567799745,24.426707567799745,1.2546958040603131e-53,151.47964317678208,151.63048850108785,24999.91584217154,50.0,1,0.21039453679752332,24999.915842156595,50.0,1,1,0,0.21039453679752332,24999.915842156595,1,0.21039450520656092,1499.9949505284205,50.0,0,3.401377364524713,0.0,0.0,1.926637873002696e-55,1799.9939341639586,0.0,0.0,0.0,0.0,0,0.0,7.754986411926434e-55,0.0,151.51370313161559,7.754986411926434e-55,151.51370313161559,900000.0,0.0,1,0.0,0.0,0.0,53321.331384806384,0.0,1,1,1,0,1,0,0.0,0,1,900000.0,0.0,0,0,0.0,0,0.0,0.0,1,1,0,0.0,0.0,1,600000.0,400000.0,0,0.35
26.8,diagnostic,24.421215219534137,24.421215219534137,24.421215219534137,24.421215219534137,4.6157679123786137e-54,151.44558692035844,151.5964158553042,24999.91584218528,50.0,1,0.21039450520656092,24999.91584217154,50.0,1,1,0,0.21039450520656092,24999.91584217154,1,0.21039447615616783,1499.9949505293957,50.0,0,3.4013769326458814,0.0,0.0,7.0861115228773835e-56,1799.9939346854615,0.0,0.0,0.0,0.0,0,0.0,2.852900067511625e-55,0.0,151.47964317678208,2.852900067511625e-55,151.47964317678208,900000.0,0.0,1,0.0,0.0,0.0,53333.314438811634,0.0,1,1,1,0,1,0,0.0,0,1,900000.0,0.0,0,0,0.0,0,0.0,0.0,1,1,0,0.0,0.0,1,600000.0,400000.0,0,0.35
26.85,diagnostic,24.41572346738858,24.41572346738858,24.41572346738858,24.41572346738858,1.698046120182919e-54,151.41153436111165,151.5623469121612,24999.91584219792,50.0,1,0.21039447615616783,24999.91584218528,50.0,1,1,0,0.21039447615616783,24999.91584218528,1,0.21039444944201327,1499.9949505302923,50.0,0,3.401376535499514,0.0,0.0,2.6062487355716895e-56,1799.993935165025,0.0,0.0,0.0,0.0,0,0.0,1.0495232825541463e-55,0.0,151.44558692035844,1.0495232825541463e-55,151.44558692035844,900000.0,0.0,1,0.0,0.0,0.0,53345.30157664131,0.0,1,1,1,0,1,0,0.0,0,1,900000.0,0.0,0,0,0.0,0,0.0,0.0,1,1,0,0.0,0.0,1,600000.0,400000.0,0,0.35
26.9,diagnostic,24.41023231116435,24.41023231116435,24.41023231116435,24.41023231116435,6.246762577762279e-55,151.3774854978092,151.52828167042438,24999.91584220954,50.0,1,0.21039444944201327,24999.91584219792,50.0,1,1,0,0.21039444944201327,24999.91584219792,1,0.21039442487625862,1499.9949505311167,50.0,0,3.4013761702916203,0.0,0.0,9.585697702265614e-57,1799.993935606022,0.0,0.0,0.0,0.0,0,0.0,3.8609803868243708e-56,0.0,151.41153436111165,3.8609803868243708e-56,151.41153436111165,900000.0,0.0,1,0.0,0.0,0.0,53357.292800605486,0.0,1,1,1,0,1,0,0.0,0,1,900000.0,0.0,0,0,0.0,0,0.0,0.0,1,1,0,0.0,0.0,1,600000.0,400000.0,0,0.35
26.95,diagnostic,24.404741750662772,24.404741750662772,24.404741750662772,24.404741750662772,2.2980555262378655e-55,151.34344032921896,151.4942201288599,24999.915842220224,50.0,1,0.21039442487625862,24999.91584220954,50.0,1,1,0,0.21039442487625862,24999.91584220954,1,0.2103944022860796,1499.994950531875,50.0,0,3.401375834453911,0.0,0.0,3.5255882059170224e-57,1799.9939360115536,0.0,0.0,0.0,0.0,0,0.0,1.4203753070788482e-56,0.0,151.3774854978092,1.4203753070788482e-56,151.3774854978092,900000.0,0.0,1,0.0,0.0,0.0,53369.28811301607,0.0,1,1,1,0,1,0,0.0,0,1,900000.0,0.0,0,0,0.0,0,0.0,0.0,1,1,0,0.0,0.0,1,600000.0,400000.0,0,0.35
27.0,diagnostic,24.399251785685255,24.399251785685255,24.399251785685255,24.399251785685255,8.454073827733304e-56,151.3093988541092,151.46016228623418,24999.91584223005,50.0,1,0.2103944022860796,24999.915842220224,50.0,1,1,0,0.2103944022860796,24999.915842220224,1,0.21039438151261305,1499.9949505325724,50.0,0,3.401375525624401,0.0,0.0,1.29669975611319e-57,1799.9939363844721,0.0,0.0,0.0,0.0,0,0.0,5.225268742218823e-57,0.0,151.34344032921896,5.225268742218823e-57,151.34344032921896,900000.0,0.0,1,0.0,0.0,0.0,53381.28751618658,0.0,1,1,1,0,1,0,0.0,0,1,900000.0,0.0,0,0,0.0,0,0.0,0.0,1,1,0,0.0,0.0,1,600000.0,400000.0,0,0.35
27.05,diagnostic,24.393762416033255,24.393762416033255,24.393762416033255,24.393762416033255,3.110079955368644e-56,151.2753610712486,151.42610814131407,24999.915842239086,50.0,1,0.21039438151261305,24999.91584223005,50.0,1,1,0,0.21039438151261305,24999.91584223005,1,0.21039436240975676,1499.9949505332133,50.0,0,3.4013752416314373,0.0,0.0,4.769218965196644e-58,1799.9939367274,0.0,0.0,0.0,0.0,0,0.0,1.922268944858066e-57,0.0,151.3093988541092,1.922268944858066e-57,151.3093988541092,900000.0,0.0,1,0.0,0.0,0.0,53393.29101243233,0.0,1,1,1,0,1,0,0.0,0,1,900000.0,0.0,0,0,0.0,0,0.0,0.0,1,1,0,0.0,0.0,1,600000.0,400000.0,0,0.35
27.1,diagnostic,24.388273641508302,24.388273641508302,24.388273641508302,24.388273641508302,1.144134475979521e-56,151.24132697940618,151.39205769286696,24999.915842247396,50.0,1,0.21039436240975676,24999.915842239086,50.0,1,1,0,0.21039436240975676,24999.915842239086,1,0.21039434484318167,1499.994950533803,50.0,0,3.4013749804772013,0.0,0.0,1.7541029706622078e-58,1799.9939370427498,0.0,0.0,0.0,0.0,0,0.0,7.071632252156033e-58,0.0,151.2753610712486,7.071632252156033e-58,151.2753610712486,900000.0,0.0,1,0.0,0.0,0.0,53405.298604070376,0.0,1,1,1,0,1,0,0.0,0,1,900000.0,0.0,0,0,0.0,0,0.0,0.0,1,1,0,0.0,0.0,1,600000.0,400000.0,0,0.35
27.15,diagnostic,24.38278546191199,24.38278546191199,24.38278546191199,24.38278546191199,4.209035516483271e-57,151.20729657735149,151.35801093966046,24999.915842255035,50.0,1,0.21039434484318167,24999.915842247396,50.0,1,1,0,0.21039434484318167,24999.915842247396,1,0.21039432868931143,1499.9949505343452,50.0,0,3.4013747403250294,0.0,0.0,6.451532574921481e-59,1799.993937332739,0.0,0.0,0.0,0.0,0,0.0,2.601508121093109e-58,0.0,151.24132697940618,2.601508121093109e-58,151.24132697940618,900000.0,0.0,1,0.0,0.0,0.0,53417.31029341943,0.0,1,1,1,0,1,0,0.0,0,1,900000.0,0.0,0,0,0.0,0,0.0,0.0,1,1,0,0.0,0.0,1,600000.0,400000.0,0,0.35
27.2,diagnostic,24.37729787704598,24.37729787704598,24.37729787704598,24.37729787704598,1.5484176336746186e-57,151.17326986385433,151.32396788046267,24999.915842262064,50.0,1,0.21039432868931143,24999.915842255035,50.0,1,1,0,0.21039432868931143,24999.915842255035,1,0.21039431383453788,1499.9949505348436,50.0,0,3.401374519486227,0.0,0.0,2.3728522310553647e-59,1799.993937599407,0.0,0.0,0.0,0.0,0,0.0,9.570413537907017e-59,0.0,151.20729657735149,9.570413537907017e-59,151.20729657735149,900000.0,0.0,1,0.0,0.0,0.0,53429.32608280001,0.0,1,1,1,0,1,0,0.0,0,1,900000.0,0.0,0,0,0.0,0,0.0,0.0,1,1,0,0.0,0.0,1,600000.0,400000.0,0,0.35
27.25,diagnostic,24.371810886711984,24.371810886711984,24.371810886711984,24.371810886711984,5.696310137762256e-58,151.13924683768508,151.28992851404217,24999.915842268525,50.0,1,0.21039431383453788,24999.915842262064,50.0,1,1,0,0.21039431383453788,24999.915842262064,1,0.21039430017440577,1499.994950535302,50.0,0,3.4013743164071233,0.0,0.0,8.727271384557847e-60,1799.9939378446293,0.0,0.0,0.0,0.0,0,0.0,3.520758384104839e-59,0.0,151.17326986385433,3.520758384104839e-59,151.17326986385433,900000.0,0.0,1,0.0,0.0,0.0,53441.345974534364,0.0,1,1,1,0,1,0,0.0,0,1,900000.0,0.0,0,0,0.0,0,0.0,0.0,1,1,0,0.0,0.0,1,600000.0,400000.0,0,0.35
27.3,diagnostic,24.366324490711804,24.366324490711804,24.366324490711804,24.366324490711804,2.0955553902192e-58,151.1052274976143,151.25589283916776,24999.915842274466,50.0,1,0.21039430017440577,24999.915842268525,50.0,1,1,0,0.21039430017440577,24999.915842268525,1,0.21039428761281176,1499.9949505357238,50.0,0,3.4013741296599678,0.0,0.0,3.209861230474746e-60,1799.9939380701308,0.0,0.0,0.0,0.0,0,0.0,1.295214626844158e-59,0.0,151.13924683768508,1.295214626844158e-59,151.13924683768508,900000.0,0.0,1,0.0,0.0,0.0,53453.369970946405,0.0,1,1,1,0,1,0,0.0,0,1,900000.0,0.0,0,0,0.0,0,0.0,0.0,1,1,0,0.0,0.0,1,600000.0,400000.0,0,0.35
27.35,diagnostic,24.36083868884729,24.36083868884729,24.36083868884729,24.36083868884729,7.709117458976428e-59,151.0712118424132,151.22186085460876,24999.91584227993,50.0,1,0.21039428761281176,24999.915842274466,50.0,1,1,0,0.21039428761281176,24999.915842274466,1,0.2103942760614413,1499.9949505361114,50.0,0,3.401373957931183,0.0,0.0,1.1805761955122856e-60,1799.9939382774971,0.0,0.0,0.0,0.0,0,0.0,4.7648283312050696e-60,0.0,151.1052274976143,4.7648283312050696e-60,151.1052274976143,900000.0,0.0,1,0.0,0.0,0.0,53465.39807436191,0.0,1,1,1,0,1,0,0.0,0,1,900000.0,0.0,0,0,0.0,0,0.0,0.0,1,1,0,0.0,0.0,1,600000.0,400000.0,0,0.35
27.4,diagnostic,24.355353480920364,24.355353480920364,24.355353480920364,24.355353480920364,2.8360258227332575e-59,151.03719987085321,151.1878325591349,24999.915842284954,50.0,1,0.2103942760614413,24999.91584227993,50.0,1,1,0,0.2103942760614413,24999.91584227993,1,0.21039426543904224,1499.994950536468,50.0,0,3.4013738000130487,0.0,0.0,4.342119539505319e-61,1799.993938468187,0.0,0.0,0.0,0.0,0,0.0,1.7528823837615768e-60,0.0,151.0712118424132,1.7528823837615768e-60,151.0712118424132,900000.0,0.0,1,0.0,0.0,0.0,53477.430287108284,0.0,1,1,1,0,1,0,0.0,0,1,900000.0,0.0,0,0,0.0,0,0.0,0.0,1,1,0,0.0,0.0,1,600000.0,400000.0,0,0.35
27.45,diagnostic,24.349868866733004,24.349868866733004,24.349868866733004,24.349868866733004,1.0433155948148906e-59,151.00319158170626,151.15380795151626,24999.915842289574,50.0,1,0.21039426543904224,24999.915842284954,50.0,1,1,0,0.21039426543904224,24999.915842284954,1,0.21039425567091022,1499.9949505367958,50.0,0,3.4013736547945923,0.0,0.0,1.5970169203325486e-61,1799.9939386435417,0.0,0.0,0.0,0.0,0,0.0,6.448493917774742e-61,0.0,151.03719987085321,6.448493917774742e-61,151.03719987085321,900000.0,0.0,1,0.0,0.0,0.0,53489.46661151475,0.0,1,1,1,0,1,0,0.0,0,1,900000.0,0.0,0,0,0.0,0,0.0,0.0,1,1,0,0.0,0.0,1,600000.0,400000.0,0,0.35
27.5,diagnostic,24.34438484608726,24.34438484608726,24.34438484608726,24.34438484608726,3.8381435798595265e-60,150.96918697374463,151.11978703052336,24999.915842293824,50.0,1,0.21039425567091022,24999.915842289574,50.0,1,1,0,0.21039425567091022,24999.915842289574,1,0.2103942466883253,1499.994950537097,50.0,0,3.4013735212547305,0.0,0.0,5.873774209905242e-62,1799.993938804794,0.0,0.0,0.0,0.0,0,0.0,2.372268338868416e-61,0.0,151.00319158170626,2.372268338868416e-61,151.00319158170626,900000.0,0.0,1,0.0,0.0,0.0,53501.50704991225,0.0,1,1,1,0,1,0,0.0,0,1,900000.0,0.0,0,0,0.0,0,0.0,0.0,1,1,0,0.0,0.0,1,600000.0,400000.0,0,0.35
27.55,diagnostic,24.338901418785237,24.338901418785237,24.338901418785237,24.338901418785237,1.411974115294481e-60,150.935186045741,151.08576979492713,24999.91584229773,50.0,1,0.2103942466883253,24999.915842293824,50.0,1,1,0,0.2103942466883253,24999.915842293824,1,0.21039423842812766,1499.9949505373745,50.0,0,3.401373398453947,0.0,0.0,2.160354228044411e-62,1799.9939389530787,0.0,0.0,0.0,0.0,0,0.0,8.727087508116184e-62,0.0,150.96918697374463,8.727087508116184e-62,150.96918697374463,900000.0,0.0,1,0.0,0.0,0.0,53513.55160463346,0.0,1,1,1,0,1,0,0.0,0,1,900000.0,0.0,0,0,0.0,0,0.0,0.0,1,1,0,0.0,0.0,1,600000.0,400000.0,0,0.35
27.6,diagnostic,24.333418584629122,24.333418584629122,24.333418584629122,24.333418584629122,5.1943624848307526e-61,150.9011887964685,151.05175624349891,24999.915842301325,50.0,1,0.21039423842812766,24999.91584229773,50.0,1,1,0,0.21039423842812766,24999.91584229773,1,0.2103942308322029,1499.9949505376294,50.0,0,3.4013732855292838,0.0,0.0,7.945709353051067e-63,1799.9939390894378,0.0,0.0,0.0,0.0,0,0.0,3.2105160755400565e-62,0.0,150.935186045741,3.2105160755400565e-62,150.935186045741,900000.0,0.0,1,0.0,0.0,0.0,53525.600278012804,0.0,1,1,1,0,1,0,0.0,0,1,900000.0,0.0,0,0,0.0,0,0.0,0.0,1,1,0,0.0,0.0,1,600000.0,400000.0,0,0.35
27.65,diagnostic,24.327936343421154,24.327936343421154,24.327936343421154,24.327936343421154,1.9108991681614415e-61,150.86719522470057,151.0177463750104,24999.91584230463,50.0,1,0.2103942308322029,24999.915842301325,50.0,1,1,0,0.2103942308322029,24999.915842301325,1,0.21039422384717218,1499.9949505378638,50.0,0,3.4013731816858894,0.0,0.0,2.922404790853412e-63,1799.993939214831,0.0,0.0,0.0,0.0,0,0.0,1.1810828597416077e-62,0.0,150.9011887964685,1.1810828597416077e-62,150.9011887964685,900000.0,0.0,1,0.0,0.0,0.0,53537.65307238646,0.0,1,1,1,0,1,0,0.0,0,1,900000.0,0.0,0,0,0.0,0,0.0,0.0,1,1,0,0.0,0.0,1,600000.0,400000.0,0,0.35
27.7,diagnostic,24.322454694963646,24.322454694963646,24.322454694963646,24.322454694963646,7.029805181182049e-62,150.83320532921115,150.98374018823372,24999.915842307666,50.0,1,0.21039422384717218,24999.91584230463,50.0,1,1,0,0.21039422384717218,24999.91584230463,1,0.21039421742386943,1499.9949505380794,50.0,0,3.4013730861939826,0.0,0.0,1.074850483070031e-63,1799.9939393301397,0.0,0.0,0.0,0.0,0,0.0,4.344961024189115e-63,0.0,150.86719522470057,4.344961024189115e-63,150.86719522470057,900000.0,0.0,1,0.0,0.0,0.0,53549.709990092364,0.0,1,1,1,0,1,0,0.0,0,1,900000.0,0.0,0,0,0.0,0,0.0,0.0,1,1,0,0.0,0.0,1,600000.0,400000.0,0,0.35
27.75,diagnostic,24.316973639058965,24.316973639058965,24.316973639058965,24.316973639058965,2.5861208015973613e-62,150.79921910877462,150.94973768194137,24999.91584231046,50.0,1,0.21039421742386943,24999.915842307666,50.0,1,1,0,0.21039421742386943,24999.915842307666,1,0.21039421151715357,1499.9949505382776,50.0,0,3.4013729983812,0.0,0.0,3.953263196455681e-64,1799.9939394361754,0.0,0.0,0.0,0.0,0,0.0,1.598421833490389e-63,0.0,150.83320532921115,1.598421833490389e-63,150.83320532921115,900000.0,0.0,1,0.0,0.0,0.0,53561.77103347022,0.0,1,1,1,0,1,0,0.0,0,1,900000.0,0.0,0,0,0.0,0,0.0,0.0,1,1,0,0.0,0.0,1,600000.0,400000.0,0,0.35
27.8,diagnostic,24.31149317550955,24.31149317550955,24.31149317550955,24.31149317550955,9.513806752934795e-63,150.7652365621656,150.91573885490635,24999.915842313032,50.0,1,0.21039421151715357,24999.91584231046,50.0,1,1,0,0.21039421151715357,24999.91584231046,1,0.21039420608543508,1499.99495053846,50.0,0,3.4013729176308782,0.0,0.0,1.4539966008439516e-64,1799.9939395336835,0.0,0.0,0.0,0.0,0,0.0,5.880265308606763e-64,0.0,150.79921910877462,5.880265308606763e-64,150.79921910877462,900000.0,0.0,1,0.0,0.0,0.0,53573.83620486146,0.0,1,1,1,0,1,0,0.0,0,1,900000.0,0.0,0,0,0.0,0,0.0,0.0,1,1,0,0.0,0.0,1,600000.0,400000.0,0,0.35
27.85,diagnostic,24.3060133041179,24.3060133041179,24.3060133041179,24.3060133041179,3.4999339116827457e-63,150.73125768815922,150.88174370590193,24999.915842315393,50.0,1,0.21039420608543508,24999.915842313032,50.0,1,1,0,0.21039420608543508,24999.915842313032,1,0.21039420109056978,1499.9949505386276,50.0,0,3.4013728433742667,0.0,0.0,5.347749326011699e-65,1799.9939396233501,0.0,0.0,0.0,0.0,0,0.0,2.1632287156700742e-64,0.0,150.7652365621656,2.1632287156700742e-64,150.7652365621656,900000.0,0.0,1,0.0,0.0,0.0,53585.905506609255,0.0,1,1,1,0,1,0,0.0,0,1,900000.0,0.0,0,0,0.0,0,0.0,0.0,1,1,0,0.0,0.0,1,600000.0,400000.0,0,0.35
27.9,diagnostic,24.300534024686584,24.300534024686584,24.300534024686584,24.300534024686584,1.287553731566828e-63,150.697282485531,150.84775223370184,24999.915842317565,50.0,1,0.21039420109056978,24999.915842315393,50.0,1,1,0,0.21039420109056978,24999.915842315393,1,0.2103941964973773,1499.994950538782,50.0,0,3.4013727750893388,0.0,0.0,1.9668836970900873e-65,1799.9939397058056,0.0,0.0,0.0,0.0,0,0.0,7.958073710467235e-65,0.0,150.73125768815922,7.958073710467235e-65,150.73125768815922,900000.0,0.0,1,0.0,0.0,0.0,53597.97894105859,0.0,1,1,1,0,1,0,0.0,0,1,900000.0,0.0,0,0,0.0,0,0.0,0.0,1,1,0,0.0,0.0,1,600000.0,400000.0,0,0.35
27.95,diagnostic,24.295055337018226,24.295055337018226,24.295055337018226,24.295055337018226,4.736645472470098e-64,150.66331095305682,150.81376443708027,24999.915842319562,50.0,1,0.2103941964973773,24999.915842317565,50.0,1,1,0,0.2103941964973773,24999.915842317565,1,0.21039419227356734,1499.9949505389236,50.0,0,3.4013727122961743,0.0,0.0,7.234129985840539e-66,1799.99393978163,0.0,0.0,0.0,0.0,0,0.0,2.9276117094078327e-65,0.0,150.697282485531,2.9276117094078327e-65,150.697282485531,900000.0,0.0,1,0.0,0.0,0.0,53610.056510556155,0.0,1,1,1,0,1,0,0.0,0,1,900000.0,0.0,0,0,0.0,0,0.0,0.0,1,1,0,0.0,0.0,1,600000.0,400000.0,0,0.35
28.0,diagnostic,24.289577240915527,24.289577240915527,24.289577240915527,24.289577240915527,1.742514489439542e-64,150.62934308951301,150.7797803148117,24999.9158423214,50.0,1,0.21039419227356734,24999.915842319562,50.0,1,1,0,0.21039419227356734,24999.915842319562,1,0.21039418838945406,1499.994950539054,50.0,0,3.401372654552603,0.0,0.0,2.6606878355439013e-66,1799.9939398513568,0.0,0.0,0.0,0.0,0,0.0,1.0770081596239242e-65,0.0,150.66331095305682,1.0770081596239242e-65,150.66331095305682,900000.0,0.0,1,0.0,0.0,0.0,53622.13821745045,0.0,1,1,1,0,1,0,0.0,0,1,900000.0,0.0,0,0,0.0,0,0.0,0.0,1,1,0,0.0,0.0,1,600000.0,400000.0,0,0.35
28.05,diagnostic,24.28409973618125,24.28409973618125,24.28409973618125,24.28409973618125,6.410352566081597e-65,150.59537889367627,150.74579986567107,24999.91584232309,50.0,1,0.21039418838945406,24999.9158423214,50.0,1,1,0,0.21039418838945406,24999.9158423214,1,0.2103941848176868,1499.9949505391737,50.0,0,3.401372601452751,0.0,0.0,9.785917013804197e-67,1799.9939399154757,0.0,0.0,0.0,0.0,0,0.0,3.962091598995327e-66,0.0,150.62934308951301,3.962091598995327e-66,150.62934308951301,900000.0,0.0,1,0.0,0.0,0.0,53634.22406409168,0.0,1,1,1,0,1,0,0.0,0,1,900000.0,0.0,0,0,0.0,0,0.0,0.0,1,1,0,0.0,0.0,1,600000.0,400000.0,0,0.35
28.1,diagnostic,24.27862282261821,24.27862282261821,24.27862282261821,24.27862282261821,2.3582369197220186e-65,150.56141836432377,150.71182308843373,24999.915842324644,50.0,1,0.2103941848176868,24999.91584232309,50.0,1,1,0,0.2103941848176868,24999.91584232309,1,0.21039418153315984,1499.994950539284,50.0,0,3.4013725526232155,0.0,0.0,3.599226034179303e-67,1799.9939399744385,0.0,0.0,0.0,0.0,0,0.0,1.457572043308467e-66,0.0,150.59537889367627,1.457572043308467e-66,150.59537889367627,900000.0,0.0,1,0.0,0.0,0.0,53646.314052831876,0.0,1,1,1,0,1,0,0.0,0,1,900000.0,0.0,0,0,0.0,0,0.0,0.0,1,1,0,0.0,0.0,1,600000.0,400000.0,0,0.35
28.15,diagnostic,24.2731465000293,24.2731465000293,24.2731465000293,24.2731465000293,8.675468801771995e-66,150.5274615002329,150.67784998187545,24999.915842326074,50.0,1,0.21039418153315984,24999.915842324644,50.0,1,1,0,0.21039418153315984,24999.915842324644,1,0.21039417851277623,1499.9949505393854,50.0,0,3.4013725077208177,0.0,0.0,1.3237827056578524e-67,1799.9939400286594,0.0,0.0,0.0,0.0,0,0.0,5.3621078875943615e-67,0.0,150.56141836432377,5.3621078875943615e-67,150.56141836432377,900000.0,0.0,1,0.0,0.0,0.0,53658.408186024775,0.0,1,1,1,0,1,0,0.0,0,1,900000.0,0.0,0,0,0.0,0,0.0,0.0,1,1,0,0.0,0.0,1,600000.0,400000.0,0,0.35
28.2,diagnostic,24.267670768217474,24.267670768217474,24.267670768217474,24.267670768217474,3.1915266146961637e-66,150.49350830018165,150.64388054477232,24999.915842327388,50.0,1,0.21039417851277623,24999.915842326074,50.0,1,1,0,0.21039417851277623,24999.915842326074,1,0.2103941757353083,1499.9949505394786,50.0,0,3.401372466429306,0.0,0.0,4.868826210692075e-68,1799.9939400785197,0.0,0.0,0.0,0.0,0,0.0,1.9726092531891963e-67,0.0,150.5274615002329,1.9726092531891963e-67,150.5274615002329,900000.0,0.0,1,0.0,0.0,0.0,53670.50646602592,0.0,1,1,1,0,1,0,0.0,0,1,900000.0,0.0,0,0,0.0,0,0.0,0.0,1,1,0,0.0,0.0,1,600000.0,400000.0,0,0.35
28.25,diagnostic,24.262195626985747,24.262195626985747,24.262195626985747,24.262195626985747,1.1740970274982096e-66,150.45955876294835,150.60991477590088,24999.915842328595,50.0,1,0.2103941757353083,24999.915842327388,50.0,1,1,0,0.2103941757353083,24999.915842327388,1,0.2103941731811942,1499.9949505395643,50.0,0,3.4013724284583016,0.0,0.0,1.7907371005686775e-68,1799.9939401243703,0.0,0.0,0.0,0.0,0,0.0,7.256823897128576e-68,0.0,150.49350830018165,7.256823897128576e-68,150.49350830018165,900000.0,0.0,1,0.0,0.0,0.0,53682.60889519263,0.0,1,1,1,0,1,0,0.0,0,1,900000.0,0.0,0,0,0.0,0,0.0,0.0,1,1,0,0.0,0.0,1,600000.0,400000.0,0,0.35
28.3,diagnostic,24.2567210761372,24.2567210761372,24.2567210761372,24.2567210761372,4.319261583570929e-67,150.42561288731164,150.57595267403804,24999.915842329705,50.0,1,0.2103941731811942,24999.915842328595,50.0,1,1,0,0.2103941731811942,24999.915842328595,1,0.21039417083247225,1499.9949505396432,50.0,0,3.4013723935411804,0.0,0.0,6.586267694673221e-69,1799.9939401665335,0.0,0.0,0.0,0.0,0,0.0,2.6696363199552282e-68,0.0,150.45955876294835,2.6696363199552282e-68,150.45955876294835,900000.0,0.0,1,0.0,0.0,0.0,53694.715475883975,0.0,1,1,1,0,1,0,0.0,0,1,900000.0,0.0,0,0,0.0,0,0.0,0.0,1,1,0,0.0,0.0,1,600000.0,400000.0,0,0.35
28.35,diagnostic,24.251247115474985,24.251247115474985,24.251247115474985,24.251247115474985,1.588967537637352e-67,150.39167067205065,150.5419942379612,24999.915842330727,50.0,1,0.21039417083247225,24999.915842329705,50.0,1,1,0,0.21039417083247225,24999.915842329705,1,0.21039416867265034,1499.9949505397158,50.0,0,3.4013723614324385,0.0,0.0,2.422405889742218e-69,1799.993940205306,0.0,0.0,0.0,0.0,0,0.0,9.82104317516115e-69,0.0,150.42561288731164,9.82104317516115e-69,150.42561288731164,900000.0,0.0,1,0.0,0.0,0.0,53706.8262104608,0.0,1,1,1,0,1,0,0.0,0,1,900000.0,0.0,0,0,0.0,0,0.0,0.0,1,1,0,0.0,0.0,1,600000.0,400000.0,0,0.35
28.4,diagnostic,24.245773744802307,24.245773744802307,24.245773744802307,24.245773744802307,5.8454848978559165e-68,150.3577321159449,150.5080394664481,24999.915842331666,50.0,1,0.21039416867265034,24999.915842330727,50.0,1,1,0,0.21039416867265034,24999.915842330727,1,0.2103941666865426,1499.9949505397822,50.0,0,3.401372331905712,0.0,0.0,8.909522677755382e-70,1799.9939402409602,0.0,0.0,0.0,0.0,0,0.0,3.612959874998891e-69,0.0,150.39167067205065,3.612959874998891e-69,150.39167067205065,900000.0,0.0,1,0.0,0.0,0.0,53718.94110128571,0.0,1,1,1,0,1,0,0.0,0,1,900000.0,0.0,0,0,0.0,0,0.0,0.0,1,1,0,0.0,0.0,1,600000.0,400000.0,0,0.35
28.45,diagnostic,24.24030096392244,24.24030096392244,24.24030096392244,24.24030096392244,2.1504337175993397e-68,150.3237972177743,150.47408835827684,24999.91584233253,50.0,1,0.2103941666865426,24999.915842331666,50.0,1,1,0,0.2103941666865426,24999.915842331666,1,0.21039416486014714,1499.9949505398436,50.0,0,3.4013723047532465,0.0,0.0,3.2768906553322015e-70,1799.993940273747,0.0,0.0,0.0,0.0,0,0.0,1.3291336597894356e-69,0.0,150.3577321159449,1.3291336597894356e-69,150.3577321159449,900000.0,0.0,1,0.0,0.0,0.0,53731.060150723104,0.0,1,1,1,0,1,0,0.0,0,1,900000.0,0.0,0,0,0.0,0,0.0,0.0,1,1,0,0.0,0.0,1,600000.0,400000.0,0,0.35
28.5,diagnostic,24.23482877263873,24.23482877263873,24.23482877263873,24.23482877263873,7.911003543066721e-69,150.28986597631913,150.44014091222598,24999.915842333325,50.0,1,0.21039416486014714,24999.91584233253,50.0,1,1,0,0.21039416486014714,24999.91584233253,1,0.2103941631806132,1499.9949505399,50.0,0,3.401372279784576,0.0,0.0,1.2052286603626312e-70,1799.9939403038973,0.0,0.0,0.0,0.0,0,0.0,4.8896094800549144e-70,0.0,150.3237972177743,4.8896094800549144e-70,150.3237972177743,900000.0,0.0,1,0.0,0.0,0.0,53743.18336113917,0.0,1,1,1,0,1,0,0.0,0,1,900000.0,0.0,0,0,0.0,0,0.0,0.0,1,1,0,0.0,0.0,1,600000.0,400000.0,0,0.35
28.55,diagnostic,24.22935717075457,24.22935717075457,24.22935717075457,24.22935717075457,2.910295562528685e-69,150.25593839036011,150.40619712707442,24999.915842334056,50.0,1,0.2103941631806132,24999.915842333325,50.0,1,1,0,0.2103941631806132,24999.915842333325,1,0.21039416163615934,1499.9949505399518,50.0,0,3.4013722568242866,0.0,0.0,4.432787779284451e-71,1799.9939403316225,0.0,0.0,0.0,0.0,0,0.0,1.7987868030691883e-70,0.0,150.28986597631913,1.7987868030691883e-70,150.28986597631913,900000.0,0.0,1,0.0,0.0,0.0,53755.31073490186,0.0,1,1,1,0,1,0,0.0,0,1,900000.0,0.0,0,0,0.0,0,0.0,0.0,1,1,0,0.0,0.0,1,600000.0,400000.0,0,0.35
28.6,diagnostic,24.223886158073434,24.223886158073434,24.223886158073434,24.223886158073434,1.0706379051867809e-69,150.22201445867836,150.37225700160153,24999.91584233473,50.0,1,0.21039416163615934,24999.915842334056,50.0,1,1,0,0.21039416163615934,24999.915842334056,1,0.21039416021593527,1499.9949505399995,50.0,0,3.401372235709896,0.0,0.0,1.6303634006694651e-71,1799.9939403571184,0.0,0.0,0.0,0.0,0,0.0,6.6173668389965794e-71,0.0,150.25593839036011,6.6173668389965794e-71,150.25593839036011,900000.0,0.0,1,0.0,0.0,0.0,53767.44227438091,0.0,1,1,1,0,1,0,0.0,0,1,900000.0,0.0,0,0,0.0,0,0.0,0.0,1,1,0,0.0,0.0,1,600000.0,400000.0,0,0.35
28.65,diagnostic,24.218415734398846,24.218415734398846,24.218415734398846,24.218415734398846,3.938656742570764e-70,150.1880941800553,150.33832053458704,24999.915842335344,50.0,1,0.21039416021593527,24999.91584233473,50.0,1,1,0,0.21039416021593527,24999.91584233473,1,0.21039415890989047,1499.9949505400432,50.0,0,3.401372216293838,0.0,0.0,5.996417784411037e-72,1799.993940380564,0.0,0.0,0.0,0.0,0,0.0,2.4343932147564945e-71,0.0,150.22201445867836,2.4343932147564945e-71,150.22201445867836,900000.0,0.0,1,0.0,0.0,0.0,53779.57798194783,0.0,1,1,1,0,1,0,0.0,0,1,900000.0,0.0,0,0,0.0,0,0.0,0.0,1,1,0,0.0,0.0,1,600000.0,400000.0,0,0.35
28.7,diagnostic,24.212945899534407,24.212945899534407,24.212945899534407,24.212945899534407,1.4489508414230653e-70,150.15417755327286,150.30438772481105,24999.915842335915,50.0,1,0.21039415890989047,24999.915842335344,50.0,1,1,0,0.21039415890989047,24999.915842335344,1,0.2103941577088972,1499.9949505400837,50.0,0,3.4013721984389735,0.0,0.0,2.2054607746891883e-72,1799.993940402124,0.0,0.0,0.0,0.0,0,0.0,8.955632154361701e-72,0.0,150.1880941800553,8.955632154361701e-72,150.1880941800553,900000.0,0.0,1,0.0,0.0,0.0,53791.71785997592,0.0,1,1,1,0,1,0,0.0,0,1,900000.0,0.0,0,0,0.0,0,0.0,0.0,1,1,0,0.0,0.0,1,600000.0,400000.0,0,0.35
28.75,diagnostic,24.207476653283777,24.207476653283777,24.207476653283777,24.207476653283777,5.330392258276084e-71,150.12026457711332,150.2704585710541,24999.915842336435,50.0,1,0.2103941577088972,24999.915842335915,50.0,1,1,0,0.2103941577088972,24999.915842335915,1,0.21039415660447258,1499.9949505401205,50.0,0,3.401372182020307,0.0,0.0,8.111604751088848e-73,1799.99394042195,0.0,0.0,0.0,0.0,0,0.0,3.2945929522835815e-72,0.0,150.15417755327286,3.2945929522835815e-72,150.15417755327286,900000.0,0.0,1,0.0,0.0,0.0,53803.861910840285,0.0,1,1,1,0,1,0,0.0,0,1,900000.0,0.0,0,0,0.0,0,0.0,0.0,1,1,0,0.0,0.0,1,600000.0,400000.0,0,0.35
28.8,diagnostic,24.202007995450682,24.202007995450682,24.202007995450682,24.202007995450682,1.9609417251991875e-71,150.08635525035942,150.2365330720971,24999.915842336915,50.0,1,0.21039415660447258,24999.915842336435,50.0,1,1,0,0.21039415660447258,24999.915842336435,1,0.21039415558888497,1499.9949505401548,50.0,0,3.4013721669219494,0.0,0.0,2.983418732131566e-73,1799.9939404401814,0.0,0.0,0.0,0.0,0,0.0,1.212013014173456e-72,0.0,150.12026457711332,1.212013014173456e-72,150.12026457711332,900000.0,0.0,1,0.0,0.0,0.0,53816.01013691778,0.0,1,1,1,0,1,0,0.0,0,1,900000.0,0.0,0,0,0.0,0,0.0,0.0,1,1,0,0.0,0.0,1,600000.0,400000.0,0,0.35
28.85,diagnostic,24.196539925838906,24.196539925838906,24.196539925838906,24.196539925838906,7.21390146036041e-72,150.05244957179423,150.20261122672144,24999.91584233736,50.0,1,0.21039415558888497,24999.915842336915,50.0,1,1,0,0.21039415558888497,24999.915842336915,1,0.21039415465496594,1499.994950540186,50.0,0,3.401372153037912,0.0,0.0,1.0972905321066826e-73,1799.993940456947,0.0,0.0,0.0,0.0,0,0.0,4.458746703466463e-73,0.0,150.08635525035942,4.458746703466463e-73,150.08635525035942,900000.0,0.0,1,0.0,0.0,0.0,53828.16254058709,0.0,1,1,1,0,1,0,0.0,0,1,900000.0,0.0,0,0,0.0,0,0.0,0.0,1,1,0,0.0,0.0,1,600000.0,400000.0,0,0.35
28.9,diagnostic,24.191072444252303,24.191072444252303,24.191072444252303,24.191072444252303,2.6538460379032387e-72,150.0185475402012,150.16869303370882,24999.915842337763,50.0,1,0.21039415465496594,24999.91584233736,50.0,1,1,0,0.21039415465496594,24999.91584233736,1,0.2103941537961595,1499.9949505402149,50.0,0,3.401372140269994,0.0,0.0,4.03579446195289e-74,1799.9939404723643,0.0,0.0,0.0,0.0,0,0.0,1.6402812455962525e-73,0.0,150.05244957179423,1.6402812455962525e-73,150.05244957179423,900000.0,0.0,1,0.0,0.0,0.0,53840.31912422864,0.0,1,1,1,0,1,0,0.0,0,1,900000.0,0.0,0,0,0.0,0,0.0,0.0,1,1,0,0.0,0.0,1,600000.0,400000.0,0,0.35
28.95,diagnostic,24.185605550494785,24.185605550494785,24.185605550494785,24.185605550494785,9.762953973788895e-73,149.9846491543643,150.1347784918413,24999.915842338138,50.0,1,0.2103941537961595,24999.915842337763,50.0,1,1,0,0.2103941537961595,24999.915842337763,1,0.2103941530063914,1499.9949505402415,50.0,0,3.4013721285291,0.0,0.0,1.484350409226627e-74,1799.9939404865418,0.0,0.0,0.0,0.0,0,0.0,6.034257479939465e-74,0.0,150.0185475402012,6.034257479939465e-74,150.0185475402012,900000.0,0.0,1,0.0,0.0,0.0,53852.4798902247,0.0,1,1,1,0,1,0,0.0,0,1,900000.0,0.0,0,0,0.0,0,0.0,0.0,1,1,0,0.0,0.0,1,600000.0,400000.0,0,0.35
29.0,diagnostic,24.180139244370334,24.180139244370334,24.180139244370334,24.180139244370334,3.5915900520599695e-73,149.95075441306767,150.10086759990148,24999.915842338483,50.0,1,0.2103941530063914,24999.915842338138,50.0,1,1,0,0.2103941530063914,24999.915842338138,1,0.21039415228015051,1499.9949505402658,50.0,0,3.4013721177324725,0.0,0.0,5.459386247768324e-75,1799.993940499579,0.0,0.0,0.0,0.0,0,0.0,2.2198792696047256e-74,0.0,149.9846491543643,2.2198792696047256e-74,149.9846491543643,900000.0,0.0,1,0.0,0.0,0.0,53864.64484095932,0.0,1,1,1,0,1,0,0.0,0,1,900000.0,0.0,0,0,0.0,0,0.0,0.0,1,1,0,0.0,0.0,1,600000.0,400000.0,0,0.35
29.05,diagnostic,24.174673525682994,24.174673525682994,24.174673525682994,24.174673525682994,1.3212721412687326e-73,149.91686331509607,150.0669603566722,24999.915842338796,50.0,1,0.21039415228015051,24999.915842338483,50.0,1,1,0,0.21039415228015051,24999.915842338483,1,0.2103941516123179,1499.9949505402883,50.0,0,3.401372107804216,0.0,0.0,2.0079421421947487e-75,1799.9939405115674,0.0,0.0,0.0,0.0,0,0.0,8.166479451702558e-75,0.0,149.95075441306767,8.166479451702558e-75,149.95075441306767,900000.0,0.0,1,0.0,0.0,0.0,53876.813978818325,0.0,1,1,1,0,1,0,0.0,0,1,900000.0,0.0,0,0,0.0,0,0.0,0.0,1,1,0,0.0,0.0,1,600000.0,400000.0,0,0.35
29.1,diagnostic,24.169208394236872,24.169208394236872,24.169208394236872,24.169208394236872,4.860688569653362e-74,149.88297585923456,150.03305676093686,24999.915842339087,50.0,1,0.2103941516123179,24999.915842338796,50.0,1,1,0,0.2103941516123179,24999.915842338796,1,0.21039415099819891,1499.994950540309,50.0,0,3.4013720986743743,0.0,0.0,7.385137001605016e-76,1799.993940522592,0.0,0.0,0.0,0.0,0,0.0,3.004279897030403e-75,0.0,149.91686331509607,3.004279897030403e-75,149.91686331509607,900000.0,0.0,1,0.0,0.0,0.0,53888.98730618935,0.0,1,1,1,0,1,0,0.0,0,1,900000.0,0.0,0,0,0.0,0,0.0,0.0,1,1,0,0.0,0.0,1,600000.0,400000.0,0,0.35
29.15,diagnostic,24.163743849836134,24.163743849836134,24.163743849836134,24.163743849836134,1.788147394712496e-74,149.84909204426862,149.9991568114791,24999.915842339356,50.0,1,0.21039415099819891,24999.915842339087,50.0,1,1,0,0.21039415099819891,24999.915842339087,1,0.21039415043346643,1499.9949505403276,50.0,0,3.4013720902786697,0.0,0.0,2.7162260268953104e-76,1799.9939405327302,0.0,0.0,0.0,0.0,0,0.0,1.1052128096421426e-75,0.0,149.88297585923456,1.1052128096421426e-75,149.88297585923456,900000.0,0.0,1,0.0,0.0,0.0,53901.16482546185,0.0,1,1,1,0,1,0,0.0,0,1,900000.0,0.0,0,0,0.0,0,0.0,0.0,1,1,0,0.0,0.0,1,600000.0,400000.0,0,0.35
29.2,diagnostic,24.15827989228502,24.15827989228502,24.15827989228502,24.15827989228502,6.578226642990033e-75,149.81521186898402,149.96526050708312,24999.9158423396,50.0,1,0.21039415043346643,24999.915842339356,50.0,1,1,0,0.21039415043346643,24999.915842339356,1,0.2103941499141445,1499.9949505403451,50.0,0,3.4013720825581006,0.0,0.0,9.990178421620253e-77,1799.9939405420525,0.0,0.0,0.0,0.0,0,0.0,4.06585070786671e-76,0.0,149.84909204426862,4.06585070786671e-76,149.84909204426862,900000.0,0.0,1,0.0,0.0,0.0,53913.346539027036,0.0,1,1,1,0,1,0,0.0,0,1,900000.0,0.0,0,0,0.0,0,0.0,0.0,1,1,0,0.0,0.0,1,600000.0,400000.0,0,0.35
29.25,diagnostic,24.15281652138783,24.15281652138783,24.15281652138783,24.15281652138783,2.4199943413222657e-75,149.78133533216712,149.93136784653328,24999.915842339826,50.0,1,0.2103941499141445,24999.9158423396,50.0,1,1,0,0.2103941499141445,24999.9158423396,1,0.21039414943658352,1499.9949505403613,50.0,0,3.4013720754585504,0.0,0.0,3.674350412329489e-77,1799.9939405506257,0.0,0.0,0.0,0.0,0,0.0,1.495742886296518e-76,0.0,149.81521186898402,1.495742886296518e-76,149.81521186898402,900000.0,0.0,1,0.0,0.0,0.0,53925.53244927795,0.0,1,1,1,0,1,0,0.0,0,1,900000.0,0.0,0,0,0.0,0,0.0,0.0,1,1,0,0.0,0.0,1,600000.0,400000.0,0,0.35
29.3,diagnostic,24.147353736948926,24.147353736948926,24.147353736948926,24.147353736948926,8.902661659236876e-76,149.74746243260455,149.89747882861457,24999.915842340033,50.0,1,0.21039414943658352,24999.915842339826,50.0,1,1,0,0.21039414943658352,24999.915842339826,1,0.2103941489974361,1499.994950540376,50.0,0,3.4013720689298625,0.0,0.0,1.3514123592697577e-77,1799.9939405585092,0.0,0.0,0.0,0.0,0,0.0,5.502530571469231e-77,0.0,149.78133533216712,5.502530571469231e-77,149.78133533216712,900000.0,0.0,1,0.0,0.0,0.0,53937.72255860945,0.0,1,1,1,0,1,0,0.0,0,1,900000.0,0.0,0,0,0.0,0,0.0,0.0,1,1,0,0.0,0.0,1,600000.0,400000.0,0,0.35
29.35,diagnostic,24.14189153877273,24.14189153877273,24.14189153877273,24.14189153877273,3.275106196138486e-76,149.71359316908334,149.8635934521123,24999.915842340226,50.0,1,0.2103941489974361,24999.915842340033,50.0,1,1,0,0.2103941489974361,24999.915842340033,1,0.21039414859359976,1499.9949505403895,50.0,0,3.401372062926369,0.0,0.0,4.970444053518128e-78,1799.9939405657585,0.0,0.0,0.0,0.0,0,0.0,2.0242678716608774e-77,0.0,149.74746243260455,2.0242678716608774e-77,149.74746243260455,900000.0,0.0,1,0.0,0.0,0.0,53949.9168694182,0.0,1,1,1,0,1,0,0.0,0,1,900000.0,0.0,0,0,0.0,0,0.0,0.0,1,1,0,0.0,0.0,1,600000.0,400000.0,0,0.35
29.4,diagnostic,24.136429926663734,24.136429926663734,24.136429926663734,24.136429926663734,1.2048442372125543e-76,149.67972754039093,149.82971171581212,24999.9158423404,50.0,1,0.21039414859359976,24999.915842340226,50.0,1,1,0,0.21039414859359976,24999.915842340226,1,0.21039414822224964,1499.994950540402,50.0,0,3.401372057405567,0.0,0.0,1.8281106618560596e-78,1799.993940572425,0.0,0.0,0.0,0.0,0,0.0,7.446865334079084e-78,0.0,149.71359316908334,7.446865334079084e-78,149.71359316908334,900000.0,0.0,1,0.0,0.0,0.0,53962.115384102624,0.0,1,1,1,0,1,0,0.0,0,1,900000.0,0.0,0,0,0.0,0,0.0,0.0,1,1,0,0.0,0.0,1,600000.0,400000.0,0,0.35
29.45,diagnostic,24.130968900426492,24.130968900426492,24.130968900426492,24.130968900426492,4.432374246843871e-77,149.64586554531516,149.7958336185001,24999.915842340564,50.0,1,0.21039414822224964,24999.9158423404,50.0,1,1,0,0.21039414822224964,24999.9158423404,1,0.2103941478807567,1499.9949505404136,50.0,0,3.401372052328916,0.0,0.0,6.723722199015814e-79,1799.9939405785553,0.0,0.0,0.0,0.0,0,0.0,2.739548657579999e-78,0.0,149.67972754039093,2.739548657579999e-78,149.67972754039093,900000.0,0.0,1,0.0,0.0,0.0,53974.318105063016,0.0,1,1,1,0,1,0,0.0,0,1,900000.0,0.0,0,0,0.0,0,0.0,0.0,1,1,0,0.0,0.0,1,600000.0,400000.0,0,0.35
29.5,diagnostic,24.125508459865625,24.125508459865625,24.125508459865625,24.125508459865625,1.6305793609916153e-77,149.61200718264425,149.76195915896278,24999.91584234071,50.0,1,0.2103941478807567,24999.915842340564,50.0,1,1,0,0.2103941478807567,24999.915842340564,1,0.21039414756673708,1499.994950540424,50.0,0,3.4013720476606455,0.0,0.0,2.4729596482844416e-79,1799.9939405841924,0.0,0.0,0.0,0.0,0,0.0,1.0078236292125051e-78,0.0,149.64586554531516,1.0078236292125051e-78,149.64586554531516,900000.0,0.0,1,0.0,0.0,0.0,53986.525034701466,0.0,1,1,1,0,1,0,0.0,0,1,900000.0,0.0,0,0,0.0,0,0.0,0.0,1,1,0,0.0,0.0,1,600000.0,400000.0,0,0.35
29.55,diagnostic,24.120048604785808,24.120048604785808,24.120048604785808,24.120048604785808,5.99856624107283e-78,149.5781524511669,149.728088335987,24999.915842340848,50.0,1,0.21039414756673708,24999.91584234071,50.0,1,1,0,0.21039414756673708,24999.91584234071,1,0.2103941472779781,1499.9949505404338,50.0,0,3.4013720433673638,0.0,0.0,9.095452007780035e-80,1799.9939405893767,0.0,0.0,0.0,0.0,0,0.0,3.707575935140711e-79,0.0,149.61200718264425,3.707575935140711e-79,149.61200718264425,900000.0,0.0,1,0.0,0.0,0.0,53998.73617542183,0.0,1,1,1,0,1,0,0.0,0,1,900000.0,0.0,0,0,0.0,0,0.0,0.0,1,1,0,0.0,0.0,1,600000.0,400000.0,0,0.35
29.6,diagnostic,24.114589334991788,24.114589334991788,24.114589334991788,24.114589334991788,2.206749196595751e-78,149.54430134967203,149.69422114836001,24999.91584234097,50.0,1,0.2103941472779781,24999.915842340848,50.0,1,1,0,0.2103941472779781,24999.915842340848,1,0.21039414701241424,1499.9949505404425,50.0,0,3.401372039419502,0.0,0.0,3.3452727405347888e-80,1799.9939405941436,0.0,0.0,0.0,0.0,0,0.0,1.363940963120252e-79,0.0,149.5781524511669,1.363940963120252e-79,149.5781524511669,900000.0,0.0,1,0.0,0.0,0.0,54010.951529629856,0.0,1,1,1,0,1,0,0.0,0,1,900000.0,0.0,0,0,0.0,0,0.0,0.0,1,1,0,0.0,0.0,1,600000.0,400000.0,0,0.35
29.65,diagnostic,24.10913065028837,24.10913065028837,24.10913065028837,24.10913065028837,8.11817661249174e-79,149.5104538769491,149.66035759486957,24999.915842341088,50.0,1,0.21039414701241424,24999.91584234097,50.0,1,1,0,0.21039414701241424,24999.91584234097,1,0.21039414676821663,1499.9949505404509,50.0,0,3.4013720357888175,0.0,0.0,1.2303785889392827e-80,1799.9939405985276,0.0,0.0,0.0,0.0,0,0.0,5.01765839303517e-80,0.0,149.54430134967203,5.01765839303517e-80,149.54430134967203,900000.0,0.0,1,0.0,0.0,0.0,54023.171099733045,0.0,1,1,1,0,1,0,0.0,0,1,900000.0,0.0,0,0,0.0,0,0.0,0.0,1,1,0,0.0,0.0,1,600000.0,400000.0,0,0.35
29.7,diagnostic,24.10367255048043,24.10367255048043,24.10367255048043,24.10367255048043,2.9865102755345336e-79,149.4766100317879,149.6264976743036,24999.915842341194,50.0,1,0.21039414676821663,24999.915842341088,50.0,1,1,0,0.21039414676821663,24999.915842341088,1,0.2103941465436382,1499.9949505404581,50.0,0,3.401372032450624,0.0,0.0,4.525285525971852e-81,1799.9939406025585,0.0,0.0,0.0,0.0,0,0.0,1.8458933656189758e-80,0.0,149.5104538769491,1.8458933656189758e-80,149.5104538769491,900000.0,0.0,1,0.0,0.0,0.0,54035.394888140734,0.0,1,1,1,0,1,0,0.0,0,1,900000.0,0.0,0,0,0.0,0,0.0,0.0,1,1,0,0.0,0.0,1,600000.0,400000.0,0,0.35
29.75,diagnostic,24.0982150353729,24.0982150353729,24.0982150353729,24.0982150353729,1.0986757312164144e-79,149.44276981297867,149.5926413854507,24999.915842341292,50.0,1,0.2103941465436382,24999.915842341194,50.0,1,1,0,0.2103941465436382,24999.915842341194,1,0.210394146337152,1499.9949505404652,50.0,0,3.4013720293805054,0.0,0.0,1.6643827130444414e-81,1799.9939406062656,0.0,0.0,0.0,0.0,0,0.0,6.790662198059816e-81,0.0,149.4766100317879,6.790662198059816e-81,149.4766100317879,900000.0,0.0,1,0.0,0.0,0.0,54047.62289726413,0.0,1,1,1,0,1,0,0.0,0,1,900000.0,0.0,0,0,0.0,0,0.0,0.0,1,1,0,0.0,0.0,1,600000.0,400000.0,0,0.35
29.8,diagnostic,24.092758104770777,24.092758104770777,24.092758104770777,24.092758104770777,4.041802140285202e-80,149.408933219312,149.55878872709962,24999.915842341383,50.0,1,0.210394146337152,24999.915842341292,50.0,1,1,0,0.210394146337152,24999.915842341292,1,0.21039414614724775,1499.9949505404716,50.0,0,3.401372026557739,0.0,0.0,6.121535812125564e-82,1799.9939406096744,0.0,0.0,0.0,0.0,0,0.0,2.4981450146062825e-81,0.0,149.44276981297867,2.4981450146062825e-81,149.44276981297867,900000.0,0.0,1,0.0,0.0,0.0,54059.855129516174,0.0,1,1,1,0,1,0,0.0,0,1,900000.0,0.0,0,0,0.0,0,0.0,0.0,1,1,0,0.0,0.0,1,600000.0,400000.0,0,0.35
29.85,diagnostic,24.087301758479125,24.087301758479125,24.087301758479125,24.087301758479125,1.4868959126936593e-80,149.37510024957882,149.52493969803965,24999.915842341466,50.0,1,0.21039414614724775,24999.915842341383,50.0,1,1,0,0.21039414614724775,24999.915842341383,1,0.21039414597264364,1499.9949505404775,50.0,0,3.401372023961601,0.0,0.0,2.251477343145832e-82,1799.993940612809,0.0,0.0,0.0,0.0,0,0.0,9.190161919385835e-82,0.0,149.408933219312,9.190161919385835e-82,149.408933219312,900000.0,0.0,1,0.0,0.0,0.0,54072.0915873117,0.0,1,1,1,0,1,0,0.0,0,1,900000.0,0.0,0,0,0.0,0,0.0,0.0,1,1,0,0.0,0.0,1,600000.0,400000.0,0,0.35
29.9,diagnostic,24.08184599630307,24.08184599630307,24.08184599630307,24.08184599630307,5.469984374418449e-81,149.34127090257059,149.49109429706044,24999.915842341543,50.0,1,0.21039414597264364,24999.915842341466,50.0,1,1,0,0.21039414597264364,24999.915842341466,1,0.2103941458120578,1499.994950540483,50.0,0,3.40137202157467,0.0,0.0,8.280846907283452e-83,1799.9939406156918,0.0,0.0,0.0,0.0,0,0.0,3.380871631178731e-82,0.0,149.37510024957882,3.380871631178731e-82,149.37510024957882,900000.0,0.0,1,0.0,0.0,0.0,54084.33227306732,0.0,1,1,1,0,1,0,0.0,0,1,900000.0,0.0,0,0,0.0,0,0.0,0.0,1,1,0,0.0,0.0,1,600000.0,400000.0,0,0.35
29.95,diagnostic,24.076390818047795,24.076390818047795,24.076390818047795,24.076390818047795,2.0122947948775808e-81,149.30744517707905,149.45725252295202,24999.915842341612,50.0,1,0.2103941458120578,24999.915842341543,50.0,1,1,0,0.2103941458120578,24999.915842341543,1,0.21039414566441256,1499.994950540488,50.0,0,3.4013720193792576,0.0,0.0,3.045663499890932e-83,1799.9939406183425,0.0,0.0,0.0,0.0,0,0.0,1.2437531663504138e-82,0.0,149.34127090257059,1.2437531663504138e-82,149.34127090257059,900000.0,0.0,1,0.0,0.0,0.0,54096.5771892015,0.0,1,1,1,0,1,0,0.0,0,1,900000.0,0.0,0,0,0.0,0,0.0,0.0,1,1,0,0.0,0.0,1,600000.0,400000.0,0,0.35
30.0,diagnostic,24.070936223518558,24.070936223518558,24.070936223518558,24.070936223518558,7.402818846117662e-82,149.27362307189634,149.42341437450477,24999.915842341674,50.0,1,0.21039414566441256,24999.915842341612,50.0,1,1,0,0.21039414566441256,24999.915842341612,1,0.21039414552861388,1499.9949505404925,50.0,0,3.401372017360846,0.0,0.0,1.120183238209607e-83,1799.9939406207802,0.0,0.0,0.0,0.0,0,0.0,4.5755121979220205e-83,0.0,149.30744517707905,4.5755121979220205e-83,149.30744517707905,900000.0,0.0,1,0.0,0.0,0.0,54108.82633813453,0.0,1,1,1,0,1,0,0.0,0,1,900000.0,0.0,0,0,0.0,0,1.0,0.0,1,1,0,0.0,0.0,1,600000.0,400000.0,0,0.35
30.05,diagnostic,24.065482212520667,24.065482212520667,24.065482212520667,24.065482212520667,2.7233448602031867e-82,149.23980458581505,149.38957985050953,24999.915842341736,50.0,1,0.21039414552861388,24999.915842341674,50.0,1,1,0,0.21039414552861388,24999.915842341674,1,0.21039414540376367,1499.9949505404966,50.0,0,3.401372015504256,0.0,0.0,4.119990449564418e-84,1799.9939406230217,0.0,0.0,0.0,0.0,0,0.0,1.68323687044467e-83,0.0,149.27362307189634,1.68323687044467e-83,149.27362307189634,900000.0,0.0,1,0.0,0.0,0.0,54121.07972228855,0.0,1,1,1,0,1,0,0.0,0,1,900000.0,-0.0,0,1,1.0,0,1.0,0.0,1,1,0,0.0,0.0,1,600000.0,400000.0,0,0.35
30.1,diagnostic,24.06002878485951,24.06002878485951,24.06002878485951,24.06002878485951,1.0018625852886677e-82,149.20598971762814,149.35574894975755,24999.91584234179,50.0,1,0.21039414540376367,24999.915842341736,50.0,1,1,0,0.21039414540376367,24999.915842341736,1,0.21039414528892306,1499.9949505405004,50.0,0,3.4013720137970798,0.0,0.0,1.5153164469857184e-84,1799.993940625083,0.0,0.0,0.0,0.0,0,0.0,6.192282392583526e-84,0.0,149.23980458581505,6.192282392583526e-84,149.23980458581505,900000.0,6670.708286730273,1,6664.43464563223,54121.07972228855,0.0,54133.3373440875,0.0,1,1,1,0,1,0,0.0,0,1,900000.0,-0.0,0,1,1.0,0,1.0,0.0,1,1,0,0.0,0.0,1,600000.0,400000.0,0,0.35
30.15,diagnostic,24.036046987371694,24.036046987371694,24.036046987371694,24.036046987371694,3.685646480065715e-83,149.17217846612897,149.32192167104043,24999.915842341838,50.0,1,0.21039414528892306,24999.91584234179,50.0,1,1,0,0.21039414528892306,24999.91584234179,1,0.2103941451833245,1499.994950540504,50.0,0,3.4013720122274393,0.0,0.0,5.573274745214411e-85,1799.9939406269787,0.0,0.0,0.0,0.0,0,0.0,2.2780133861593886e-84,0.0,149.20598971762814,2.2780133861593886e-84,149.20598971762814,900000.0,12132.222305888483,1,21987.56951825287,54133.3373440875,0.0,54145.59920595717,6664.43464563223,1,1,1,0,1,0,0.0,0,1,900000.0,-4182.744736601602,0,1,1.0,0,1.0,0.0,1,1,0,0.0,0.0,1,600000.0,400000.0,0,0.35
30.2,diagnostic,23.99689752739322,23.99689752739322,23.99689752739322,23.99689752739322,1.3558735674420682e-83,149.0234913217045,149.28809801315015,24999.915842341885,50.0,1,0.2103941451833245,24999.915842341838,50.0,1,1,0,0.2103941451833245,24999.915842341838,1,0.21039414508623336,1499.9949505405073,50.0,0,3.4013720107837173,250.0,0.0,2.049828641773382e-85,1799.993940628722,4.670162355261808,0.0,0.0,0.0,0,0.0,8.380342914813806e-85,0.0,149.17217846612897,8.380342914813806e-85,149.17217846612897,900000.0,16603.731791739836,1,43240.47400697356,54145.59920595717,0.0,54157.865310325156,21987.56951825287,1,1,1,0,1,0,0.0,0,1,900000.0,-4183.692066243322,0,1,1.0,0,1.0,0.0,1,1,0,0.0,0.0,1,600000.0,400000.0,0,0.35
30.25,diagnostic,23.945331912913463,23.945331912913463,23.945331912913463,23.945331912913463,4.987980102897177e-84,148.78076466983796,149.25427797487907,24999.915842341925,50.0,1,0.21039414508623336,24999.915842341885,50.0,1,1,0,0.21039414508623336,24999.915842341885,1,0.21039414499693096,1499.9949505405102,50.0,0,3.401372009456413,250.0,0.0,7.53918932545429e-86,1799.993940630325,4.638941452315435,0.0,0.0,0.0,0,292.5620799743308,-924.0088052804062,144.33756729740645,149.0234913217045,-924.0088052804062,149.0234913217045,900000.0,20264.694120486256,1,68325.11879732538,54157.865310325156,0.0,54170.13565962094,43240.47400697356,1,1,1,0,1,0,0.0,0,1,900000.0,-4184.63972357868,0,1,1.0,0,1.0,0.0,1,1,0,0.0,0.0,1,600000.0,400000.0,0,0.35
30.3,diagnostic,23.883602879663066,23.883602879663066,23.883602879663066,23.883602879663066,-5499.700409028978,148.46105786006348,149.18694495259433,24999.915842341965,50.0,1,0.21039414499693096,24999.915842341925,50.0,1,1,0,0.21039414499693096,24999.915842341925,1,0.21039414491482966,1499.994950540513,50.0,0,3.4013720082354926,250.0,0.0,-68.97214039670497,1799.993940631799,4.552866135359382,0.0,0.0,124149.43478647468,0,519.1900260390939,-1642.4507772836141,144.33756729740645,148.78076466983796,-1642.4507772836141,148.78076466983796,900000.0,23262.036564890932,1,95644.00540970101,54170.13565962094,11955.87045441082,54182.41025627582,68325.11879732538,1,1,1,0,1,0,0.0,0,1,900000.0,-4185.587708795291,0,1,1.0,0,1.0,0.0,1,1,0,0.0,0.0,1,600000.0,400000.0,0,0.35
30.35,diagnostic,23.79827850381003,23.79827850381003,23.79827850381003,23.79827850381003,-9775.86702639207,148.07833785391102,149.06844006656968,24999.915842342,50.0,1,0.21039414491482966,24999.915842341965,50.0,1,1,0,0.21039414491482966,24999.915842341965,1,0.21039414483930882,1499.9949505405154,50.0,0,3.4013720071131703,250.0,0.0,-122.40016673265465,1799.9939406331544,4.421885042645082,0.0,0.0,220319.55845126617,0,694.2715854280486,-2201.0486862499297,144.33756729740645,148.46105786006348,-2201.0486862499297,148.46105786006348,900000.0,24719.126450189575,1,122999.31985322195,54182.41025627582,21251.884839982762,54206.864577251334,95644.00540970101,1,1,1,0,1,0,124149.43478647468,0,1,900000.0,-4186.53602208092,0,1,1.0,0,1.0,0.0,1,1,0,0.0,0.0,1,600000.0,400000.0,0,0.35
30.4,diagnostic,23.697038115260717,23.697038115260717,23.697038115260717,23.697038115260717,-13100.641780559581,147.5493267236222,148.89123363334016,24999.915842342034,50.0,1,0.21039414483930882,24999.915842342,50.0,1,1,0,0.21039414483930882,24999.915842342,1,0.21039414476988683,1499.994950540518,50.0,0,3.4013720060808668,250.0,0.0,-163.67602140276873,1799.9939406344006,4.254143410597081,0.0,0.0,294615.8467521302,0,829.1242938658593,-2635.365876152223,144.33756729740645,148.07833785391102,-2635.365876152223,148.07833785391102,900000.0,25136.953246839963,1,148428.27224111196,54206.864577251334,28479.65604469474,54249.957389556956,122999.31985322195,1,1,1,0,1,0,220319.55845126617,0,1,900000.0,-4187.484663623468,0,1,1.0,0,1.0,0.0,1,1,0,124149.43478647468,119183.45739501569,1,600000.0,400000.0,0,0.35015962070186835
30.45,diagnostic,23.585412714832586,23.585412714832586,23.585412714832586,23.585412714832586,-15685.69769485803,146.92163631461645,148.65406771027406,24999.915842342063,50.0,1,0.21039414476988683,24999.915842342034,50.0,1,1,0,0.21039414476988683,24999.915842342034,1,0.210394144706033,1499.99495054052,50.0,0,3.401372005131848,250.0,0.0,-195.46783782687544,1799.9939406355468,4.056309969127232,0.0,0.0,351840.9236775075,0,931.8296759474074,-2972.433271351758,144.33756729740645,147.5493267236222,-2972.433271351758,147.5493267236222,900000.0,23699.35821944042,1,168823.74047536057,54249.957389556956,34099.34281490876,54314.524263087806,148428.27224111196,1,1,1,0,1,0,294615.8467521302,0,1,900000.0,-4189.374614505312,0,1,1.0,0,1.0,0.0,1,1,0,220319.55845126617,211506.7761132155,1,600000.0,400000.0,0,0.35046062433913217
30.5,diagnostic,23.47061176238517,23.47061176238517,23.47061176238517,23.47061176238517,-17691.922831085663,146.22955883196204,148.331754662921,24999.915842342092,50.0,1,0.210394144706033,24999.915842342063,50.0,1,1,0,0.210394144706033,24999.915842342063,1,0.2103941446473308,1499.994950540522,50.0,0,3.401372004258725,250.0,0.0,-219.68085283208353,1799.9939406366009,3.7736462576142977,0.0,0.0,395424.20397163124,0,1009.3674237683691,-3233.525843608897,144.33756729740645,146.92163631461645,-3233.525843608897,146.92163631461645,900000.0,21114.30230514197,1,182695.6117563192,54314.524263087806,38460.70180670796,54401.17883286291,168823.74047536057,1,1,1,0,1,0,351840.9236775075,0,1,900000.0,-4192.705040187534,0,1,1.0,0,1.0,0.0,1,1,0,294615.8467521302,282831.21288204496,1,600000.0,400000.0,0,0.35087089036473496
30.55,diagnostic,23.357430587003183,23.357430587003183,23.357430587003183,23.357430587003183,-19245.945821160156,145.51779292678808,147.92034642564005,24999.915842342118,50.0,1,0.2103941446473308,24999.915842342092,50.0,1,1,0,0.2103941446473308,24999.915842342092,1,0.2103941445933232,1499.9949505405236,50.0,0,3.401372003456086,250.0,0.0,-237.96054386097268,1799.9939406375704,3.4209407926478055,0.0,0.0,428327.5370605716,0,1067.5811761939333,-3436.200894508462,144.33756729740645,146.22955883196204,-3436.200894508462,146.22955883196204,900000.0,19108.077168914337,1,191734.53775433663,54401.17883286291,41839.01265469599,54519.388246410694,182695.6117563192,1,1,1,0,1,0,395424.20397163124,0,1,900000.0,-4197.6950875370285,0,1,1.0,0,1.0,0.0,1,1,0,351840.9236775075,337767.2867304072,1,600000.0,400000.0,0,0.35136534524471363
30.6,diagnostic,23.245517231320648,23.245517231320648,23.245517231320648,23.245517231320648,-20452.26772411437,144.81606963941974,147.4270517001527,24999.91584234214,50.0,1,0.2103941445933232,24999.915842342118,50.0,1,1,0,0.2103941445933232,24999.915842342118,1,0.21039414454367542,1499.9949505405255,50.0,0,3.401372002717595,250.0,0.0,-251.68456136049957,1799.9939406384617,3.011079065353206,0.0,0.0,453030.68540114834,0,1111.2411807246458,-3594.223147393568,144.33756729740645,145.51779292678808,-3594.223147393568,145.51779292678808,900000.0,17554.054178839848,1,197230.34952108675,54519.388246410694,44461.45157416166,54671.022054457295,191734.53775433663,1,1,1,0,1,0,428327.5370605716,0,1,900000.0,-4204.392181303249,0,1,1.0,0,1.0,0.0,1,1,0,395424.20397163124,379607.23581276595,1,600000.0,400000.0,0,0.35192401078177393
30.65,diagnostic,23.134581239432595,23.134581239432595,23.134581239432595,23.134581239432595,-21392.816173286516,144.122206834188,146.87001704599933,24999.91584234216,50.0,1,0.21039414454367542,24999.91584234214,50.0,1,1,0,0.21039414454367542,24999.91584234214,1,0.21039414449799557,1499.994950540527,50.0,0,3.401372002038895,250.0,0.0,-261.97750145181703,1799.9939406392816,2.5646483212306563,0.0,0.0,471557.9151970893,0,1144.0683471896896,-3718.33078691586,144.33756729740645,144.81606963941974,-3718.33078691586,144.81606963941974,900000.0,16347.732275885635,1,200154.48203355717,54671.022054457295,46506.12211584025,54853.952707315475,197230.34952108675,1,1,1,0,1,0,453030.68540114834,0,1,900000.0,-4213.527989473945,0,1,1.0,0,1.0,0.0,1,1,0,428327.5370605716,411194.4355781487,1,600000.0,400000.0,0,0.35253120678713357
30.7,diagnostic,23.02439488834236,23.02439488834236,23.02439488834236,23.02439488834236,-22131.504843723196,143.4344036844821,146.27076884599916,24999.915842342183,50.0,1,0.21039414449799557,24999.91584234216,50.0,1,1,0,0.21039414449799557,24999.91584234216,1,0.21039414445601415,1499.9949505405284,50.0,0,3.4013720014148396,250.0,0.0,-269.7165766402666,1799.9939406400351,2.0841992286780044,0.0,0.0,485488.2036426536,0,1168.6734027488803,-3816.5861102083845,144.33756729740645,144.122206834188,-3816.5861102083845,144.122206834188,900000.0,15407.183826713486,1,201233.4254070513,54853.952707315475,48111.96705157217,55061.997570316315,200154.48203355717,1,1,1,0,1,0,471557.9151970893,0,1,900000.0,-4225.247000176471,0,1,1.0,0,1.0,0.0,1,1,0,453030.68540114834,434909.4579851024,1,600000.0,400000.0,0,0.3531748644593721
30.75,diagnostic,22.914780516349296,22.914780516349296,22.914780516349296,22.914780516349296,-22716.320527960306,142.75124830772265,145.64391641830696,24999.9158423422,50.0,1,0.21039414445601415,24999.915842342183,50.0,1,1,0,0.21039414445601415,24999.915842342183,1,0.21039414441741278,1499.9949505405295,50.0,0,3.401372000840678,250.0,0.0,-275.51727147606806,1799.9939406407284,1.5663902946919033,0.0,0.0,495929.4191987891,0,1187.0597687485647,-3895.2206402494185,144.33756729740645,143.4344036844821,-3895.2206402494185,143.4344036844821,900000.0,14668.495156276804,1,201006.2661302407,55061.997570316315,49383.30549556587,55287.57786358164,201233.4254070513,1,1,1,0,1,0,485488.2036426536,0,1,900000.0,-4239.384785847635,0,1,1.0,0,1.0,0.0,1,1,0,471557.9151970893,452695.5985892057,1,600000.0,400000.0,0,0.35384587187682565
30.8,diagnostic,22.805604720349432,22.805604720349432,22.805604720349432,22.805604720349432,-23184.35325076454,142.07163920136563,144.99928134908342,24999.915842342216,50.0,1,0.21039414441741278,24999.9158423422,50.0,1,1,0,0.21039414441741278,24999.9158423422,1,0.2103941443818976,1499.994950540531,50.0,0,3.4013720003128447,250.0,0.0,-279.8518968560607,1799.9939406413655,1.0129786338483635,0.0,0.0,503731.7186179017,0,1200.78781420188,-3959.124564056206,144.33756729740645,142.75124830772265,-3959.124564056206,142.75124830772265,900000.0,14083.6794720397,1,199872.13499060855,55287.57786358164,50400.76793644464,55525.535982652465,201006.2661302407,1,1,1,0,1,0,495929.4191987891,0,1,900000.0,-4255.463521899446,0,1,1.0,0,1.0,0.0,1,1,0,485488.2036426536,466068.6754969474,1,600000.0,400000.0,0,0.35453743641225133
30.85,diagnostic,22.696764379066465,22.696764379066465,22.696764379066465,22.696764379066465,-23564.70940526254,141.39474926616649,144.3434078105201,24999.915842342234,50.0,1,0.2103941443818976,24999.915842342216,50.0,1,1,0,0.2103941443818976,24999.915842342216,1,0.2103941443492481,1499.994950540532,50.0,0,3.4013719998276444,250.0,0.0,-283.0883131354004,1799.9939406419517,0.4308949363835723,0.0,0.0,509557.2483102722,0,1211.0542156901229,-4012.0746325570003,144.33756729740645,142.07163920136563,-4012.0746325570003,142.07163920136563,900000.0,13615.646749235468,1,198124.04909583912,55525.535982652465,51227.629141875084,55772.39036288679,199872.13499060855,1,1,1,0,1,0,503731.7186179017,0,1,900000.0,-4272.897482736485,0,1,1.0,0,1.0,0.0,1,1,0,495929.4191987891,476092.24243083753,1,600000.0,400000.0,0,0.3552444154088846
30.9,diagnostic,22.58817855804609,22.58817855804609,22.58817855804609,22.58817855804609,-23879.868212979265,140.7199391502121,143.68060931553833,24999.91584234225,50.0,1,0.2103941443492481,24999.915842342234,50.0,1,1,0,0.2103941443492481,24999.915842342234,1,0.21039414431923573,1499.994950540533,50.0,0,3.401371999381382,250.0,0.0,-285.5086393952121,1799.9939406424905,-0.17106461404589995,0.0,0.0,513913.8209124637,0,1218.753528701001,-4056.9103685159716,144.33756729740645,141.39474926616649,-4056.9103685159716,141.39474926616649,900000.0,13235.290594737462,1,195974.1265034363,55772.39036288679,51912.75698473753,56025.81125391535,198124.04909583912,1,1,1,0,1,0,509557.2483102722,0,1,900000.0,-4291.288063175426,0,1,1.0,0,1.0,0.0,1,1,0,503731.7186179017,483582.4498731856,1,600000.0,400000.0,0,0.35596291753556447
30.95,diagnostic,22.479784739455585,22.479784739455585,22.479784739455585,22.479784739455585,-24146.730513407063,140.04670705988576,143.0136995808244,24999.91584234226,50.0,1,0.21039414431923573,24999.91584234225,50.0,1,1,0,0.21039414431923573,24999.91584234225,1,0.21039414429163186,1499.994950540534,50.0,0,3.401371998970889,250.0,0.0,-287.32376901817884,1799.9939406429862,-0.7869509297128575,0.0,0.0,517181.0432354269,0,1224.5393310726638,-4095.716699263091,144.33756729740645,140.7199391502121,-4095.716699263091,140.7199391502121,900000.0,12920.131787020739,1,193573.67245195748,56025.81125391535,52492.89242045014,56284.258260481685,195974.1265034363,1,1,1,0,1,0,513913.8209124637,0,1,900000.0,-4310.366190680095,0,1,1.0,0,1.0,0.0,1,1,0,509557.2483102722,489174.95837786124,1,600000.0,400000.0,0,0.3566900242431943
31.0,diagnostic,22.37153590691637,22.37153590691637,22.37153590691637,22.37153590691637,-24377.705794013917,139.37466538462462,142.3444848750959,24999.915842342274,50.0,1,0.21039414429163186,24999.91584234226,50.0,1,1,0,0.21039414429163186,24999.91584234226,1,0.21039414426624053,1499.9949505405348,50.0,0,3.401371998593393,250.0,0.0,-288.6877843871462,1799.993940643442,-1.4127868562510835,0.0,0.0,519636.2626346437,0,1228.8912213025242,-4130.031355401678,144.33756729740645,140.04670705988576,-4130.031355401678,140.04670705988576,900000.0,12653.269486592937,1,191029.23099537662,56284.258260481685,52995.01259568243,56546.72626078577,193573.67245195748,1,1,1,0,1,0,517181.0432354269,0,1,900000.0,-4329.951810618458,0,1,1.0,0,1.0,0.0,1,1,0,513913.8209124637,493357.2680759651,1,600000.0,400000.0,0,0.35742356447698326
31.05,diagnostic,22.26339752444871,22.26339752444871,22.26339752444871,22.26339752444871,-24581.94662735079,138.7035226228815,141.67409807972126,24999.915842342285,50.0,1,0.21039414426624053,24999.915842342274,50.0,1,1,0,0.21039414426624053,24999.915842342274,1,0.2103941442428903,1499.9949505405355,50.0,0,3.4013719982463884,250.0,0.0,-289.71375188071084,1799.9939406438612,-2.0459463239926174,0.0,0.0,521482.99790647853,0,1232.1628948616594,-4160.994074645135,144.33756729740645,139.37466538462462,-4160.994074645135,139.37466538462462,900000.0,12422.294205986083,1,188415.0150669827,56546.72626078577,53439.014407284325,56812.57358748569,191029.23099537662,1,1,1,0,1,0,519636.2626346437,0,1,900000.0,-4349.925873625937,0,1,1.0,0,1.0,0.0,1,1,0,517181.0432354269,496493.80150600977,1,600000.0,400000.0,0,0.3581619277927019
31.1,diagnostic,22.15534410630148,22.15534410630148,22.15534410630148,22.15534410630148,-24766.23673228784,138.033064651582,141.0032284658528,24999.915842342292,50.0,1,0.2103941442428903,24999.915842342285,50.0,1,1,0,0.2103941442428903,24999.915842342285,1,0.21039414422142608,1499.9949505405364,50.0,0,3.4013719979269696,250.0,0.0,-290.4850559678739,1799.9939406442468,-2.6847196738642602,0.0,0.0,522871.340589878,0,1234.6166057057928,-4189.454053166782,144.33756729740645,138.7035226228815,-4189.454053166782,138.7035226228815,900000.0,12218.05337264921,1,185781.9051817298,56812.57358748569,53839.645070190956,57081.40465583574,188415.0150669827,1,1,1,0,1,0,521482.99790647853,0,1,900000.0,-4370.210698918256,0,1,1.0,0,1.0,0.0,1,1,0,519636.2626346437,498850.81212925795,1,600000.0,400000.0,0,0.358903914565123
31.15,diagnostic,22.04735674926332,22.04735674926332,22.04735674926332,22.04735674926332,-24935.630524448683,137.3631334590692,140.33227915988917,24999.915842342303,50.0,1,0.21039414422142608,24999.915842342292,50.0,1,1,0,0.21039414422142608,24999.915842342292,1,0.21039414420166822,1499.994950540537,50.0,0,3.4013719976334205,250.0,0.0,-291.0635235834699,1799.9939406446013,-3.328009759522341,0.0,0.0,523912.57879291277,0,1236.4478768475524,-4216.047463244056,144.33756729740645,138.033064651582,-4216.047463244056,138.033064651582,900000.0,12033.76326771216,1,183163.9729650097,57081.40465583574,54207.89244445365,57352.98836577755,185781.9051817298,1,1,1,0,1,0,522871.340589878,0,1,900000.0,-4390.756695269392,0,1,1.0,0,1.0,0.0,1,1,0,521482.99790647853,500623.6779902194,1,600000.0,400000.0,0,0.35964862645709345
31.2,diagnostic,21.939421355515336,21.939421355515336,21.939421355515336,21.939421355515336,-25093.914501228624,136.69361184543257,139.6614732029773,24999.91584234231,50.0,1,0.21039414420166822,24999.915842342303,50.0,1,1,0,0.21039414420166822,24999.915842342303,1,0.21039414418351052,1499.9949505405375,50.0,0,3.4013719973636296,250.0,0.0,-291.4952496987908,1799.9939406449273,-3.9751295483285243,0.0,0.0,524689.6831846036,0,1237.8032178229612,-4241.253459251921,144.33756729740645,137.3631334590692,-4241.253459251921,137.3631334590692,900000.0,11864.36947555132,1,180583.21709825934,57352.98836577755,54551.988046149185,57627.20145466437,183163.9729650097,1,1,1,0,1,0,523912.57879291277,0,1,900000.0,-4411.533289933542,0,1,1.0,0,1.0,0.0,1,1,0,522871.340589878,501956.4869662828,1,600000.0,400000.0,0,0.3603953871804101
31.25,diagnostic,21.831527350555643,21.831527350555643,21.831527350555643,21.831527350555643,-25243.940589467435,136.0244124041951,138.9909224624307,24999.915842342318,50.0,1,0.21039414418351052,24999.91584234231,50.0,1,1,0,0.21039414418351052,24999.91584234231,1,0.21039414416682245,1499.9949505405382,50.0,0,3.401371997115222,250.0,0.0,-291.8147742524672,1799.9939406452268,-4.6256679049297205,0.0,0.0,525264.8254451957,0,1238.7929536178528,-4265.434880632285,144.33756729740645,136.69361184543257,-4265.434880632285,136.69361184543257,900000.0,11706.085498771376,1,178053.00617073613,57627.20145466437,54878.131716233554,57903.9898138976,180583.21709825934,1,1,1,0,1,0,524689.6831846036,0,1,900000.0,-4432.52262235512,0,1,1.0,0,1.0,0.0,1,1,0,523912.57879291277,502956.0756411962,1,600000.0,400000.0,0,0.361143684973228
31.3,diagnostic,21.723666756903864,21.723666756903864,21.723666756903864,21.723666756903864,-25387.868409523362,135.355469573445,138.3206719741916,24999.915842342325,50.0,1,0.21039414416682245,24999.915842342318,50.0,1,1,0,0.21039414416682245,24999.915842342318,1,0.21039414415145705,1499.9949505405386,50.0,0,3.401371996887273,250.0,0.0,-292.04810659749734,1799.9939406455023,-5.2793965285904285,0.0,0.0,525684.822252487,0,1239.5005709554075,-4288.8680128935175,144.33756729740645,136.0244124041951,-4288.8680128935175,136.0244124041951,900000.0,11556.059410532565,1,175580.58479282778,57903.9898138976,55191.01828157252,58183.34304475919,178053.00617073613,1,1,1,0,1,0,525264.8254451957,0,1,900000.0,-4453.7151661870985,0,1,1.0,0,1.0,0.0,1,1,0,524689.6831846036,503702.0958572194,1,600000.0,400000.0,0,0.36189313064857875
31.35,diagnostic,21.615833520902743,21.615833520902743,21.615833520902743,21.615833520902743,-25527.342412742215,134.68673389280397,137.65072813354334,24999.915842342332,50.0,1,0.21039414415145705,24999.915842342325,50.0,1,1,0,0.21039414415145705,24999.915842342325,1,0.21039414413735708,1499.994950540539,50.0,0,3.4013719966772755,250.0,0.0,-292.21492890866233,1799.9939406457559,-5.936205536307365,0.0,0.0,525985.1014018225,0,1239.9895511358275,-4311.764419333526,144.33756729740645,135.355469573445,-4311.764419333526,135.355469573445,900000.0,11412.131590476642,1,173168.89845639604,58183.34304475919,55494.22263639612,58465.27786712911,175580.58479282778,1,1,1,0,1,0,525684.822252487,0,1,900000.0,-4475.1067396493445,0,1,1.0,0,1.0,0.0,1,1,0,525264.8254451957,504254.2324273878,1,600000.0,400000.0,0,0.36264342680746336
31.4,diagnostic,21.508023020490192,21.508023020490192,21.508023020490192,21.508023020490192,-25663.62182387315,134.01816782959702,136.98107634194054,24999.91584234234,50.0,1,0.21039414413735708,24999.915842342332,50.0,1,1,0,0.21039414413735708,24999.915842342332,1,0.21039414412436755,1499.9949505405395,50.0,0,3.401371996484436,250.0,0.0,-292.3302070391937,1799.9939406459887,-6.5960596764896415,0.0,0.0,526192.601338336,0,1240.308383376957,-4334.287010203308,144.33756729740645,134.68673389280397,-4334.287010203308,134.68673389280397,900000.0,11272.657587257783,1,170817.92116672936,58465.27786712911,55790.48222581119,58749.827417501794,173168.89845639604,1,1,1,0,1,0,525985.1014018225,0,1,900000.0,-4496.696539077491,0,1,1.0,0,1.0,0.0,1,1,0,525684.822252487,504657.42936238745,1,600000.0,400000.0,0,0.36339434512542307
31.45,diagnostic,21.400231704114802,21.400231704114802,21.400231704114802,21.400231704114802,-25797.676284730085,133.3497427270392,136.31169182974477,24999.915842342343,50.0,1,0.21039414412436755,24999.91584234234,50.0,1,1,0,0.21039414412436755,24999.91584234234,1,0.21039414411243934,1499.9949505405398,50.0,0,3.4013719963069073,250.0,0.0,-292.405372426621,1799.993940646203,-7.258969774012689,0.0,0.0,526327.8985803141,0,1240.494259457312,-4356.561921128775,144.33756729740645,134.01816782959702,-4356.561921128775,134.01816782959702,900000.0,11136.378176126853,1,168525.6196193312,58749.827417501794,56081.90496680453,59037.03444081557,170817.92116672936,1,1,1,0,1,0,526192.601338336,0,1,900000.0,-4518.485856666564,0,1,1.0,0,1.0,0.0,1,1,0,525985.1014018225,504945.6973457496,1,600000.0,400000.0,0,0.36414570951611847
31.5,diagnostic,21.292456824959434,21.292456824959434,21.292456824959434,21.292456824959434,-25930.25655455847,132.68143656551177,135.64254610364537,24999.91584234235,50.0,1,0.21039414411243934,24999.915842342343,50.0,1,1,0,0.21039414411243934,24999.915842342343,1,0.21039414410145818,1499.9949505405402,50.0,0,3.4013719961432383,250.0,0.0,-292.44919311282297,1799.9939406464005,-7.924974315331322,0.0,0.0,526406.7755500104,0,1240.575813020093,-4378.68734691639,144.33756729740645,133.3497427270392,-4378.68734691639,133.3497427270392,900000.0,11002.323715269915,1,166288.65138693745,59037.03444081557,56370.122944692324,59326.94703723473,168525.6196193312,1,1,1,0,1,0,526327.8985803141,0,1,900000.0,-4540.477253368755,0,1,1.0,0,1.0,0.0,1,1,0,526192.601338336,505144.8972848026,1,600000.0,400000.0,0,0.36489738358946794
31.55,diagnostic,21.184696244476545,21.184696244476545,21.184696244476545,21.184696244476545,-26061.947088846355,132.0132323147485,134.97361062263735,24999.915842342354,50.0,1,0.21039414410145818,24999.91584234235,50.0,1,1,0,0.21039414410145818,24999.91584234235,1,0.2103941440913343,1499.9949505405405,50.0,0,3.4013719959934283,250.0,0.0,-292.4684195408475,1799.9939406465817,-8.594127741872514,0.0,0.0,526441.3830040077,0,1240.5751627310804,-4400.7401505351245,144.33756729740645,132.68143656551177,-4400.7401505351245,132.68143656551177,900000.0,10869.74344544153,1,164102.86819359096,59326.94703723473,56656.40671488337,59619.61607208281,166288.65138693745,1,1,1,0,1,0,526406.7755500104,0,1,900000.0,-4562.6740327243215,0,1,1.0,0,1.0,0.0,1,1,0,526327.8985803141,505274.78263710154,1,600000.0,400000.0,0,0.36564926125926245
31.6,diagnostic,21.07694828627944,21.07694828627944,21.07694828627944,21.07694828627944,-26193.20537598506,131.34511671575459,134.30485874835887,24999.915842342358,50.0,1,0.2103941440913343,24999.915842342354,50.0,1,1,0,0.2103941440913343,24999.915842342354,1,0.21039414408206775,1499.994950540541,50.0,0,3.4013719958552335,250.0,0.0,-292.46826623378524,1799.9939406467483,-9.266493144705956,0.0,0.0,526441.1070522735,0,1240.5094450631454,-4422.780836559326,144.33756729740645,132.0132323147485,-4422.780836559326,132.0132323147485,900000.0,10738.052911153649,1,161963.67610988364,59619.61607208281,56941.75081735882,59915.09365744722,164102.86819359096,1,1,1,0,1,0,526441.3830040077,0,1,900000.0,-4585.079912151878,0,1,1.0,0,1.0,0.0,1,1,0,526406.7755500104,505350.50452801,1,600000.0,400000.0,0,0.366401259670481
31.65,diagnostic,20.969211626830923,20.969211626830923,20.969211626830923,20.969211626830923,-26324.39153920111,130.67707937493253,133.63626664565228,24999.915842342365,50.0,1,0.21039414408206775,24999.915842342358,50.0,1,1,0,0.21039414408206775,24999.915842342358,1,0.21039414407351958,1499.9949505405411,50.0,0,3.40137199572839,250.0,0.0,-292.4527731520196,1799.9939406469014,-9.942137819739584,0.0,0.0,526413.219599018,0,1240.391970571373,-4444.857314874689,144.33756729740645,131.34511671575459,-4444.857314874689,131.34511671575459,900000.0,10606.794624014943,1,159866.29062279046,59915.09365744722,57226.93812869806,60213.4323143983,161963.67610988364,1,1,1,0,1,0,526441.1070522735,0,1,900000.0,-4607.698822775217,0,1,1.0,0,1.0,0.0,1,1,0,526441.3830040077,505383.7276838474,1,600000.0,400000.0,0,0.36715331384513616
31.7,diagnostic,20.861485213183002,20.861485213183002,20.861485213183002,20.861485213183002,-26455.79073813415,130.00911208635173,132.96781356500207,24999.91584234237,50.0,1,0.21039414407351958,24999.915842342365,50.0,1,1,0,0.21039414407351958,24999.915842342365,1,0.2103941440656736,1499.9949505405414,50.0,0,3.401371995611974,250.0,0.0,-292.42507828757607,1799.993940647042,-10.621130663455475,0.0,0.0,526363.3690108738,0,1240.2331006793695,-4467.007764068573,144.33756729740645,130.67707937493253,-4467.007764068573,130.67707937493253,900000.0,10475.608460798894,1,157805.91447424272,60213.4323143983,57512.588561161196,60514.68455926242,159866.29062279046,1,1,1,0,1,0,526413.219599018,0,1,900000.0,-4630.534792074214,0,1,1.0,0,1.0,0.0,1,1,0,526441.1070522735,505383.4627701825,1,600000.0,400000.0,0,0.36790537260891837
31.75,diagnostic,20.75376820072522,20.75376820072522,20.75376820072522,20.75376820072522,-26587.63021173615,129.34120832173463,132.29948177827734,24999.915842342372,50.0,1,0.2103941440656736,24999.91584234237,50.0,1,1,0,0.2103941440656736,24999.91584234237,1,0.2103941440584726,1499.9949505405418,50.0,0,3.4013719955046646,250.0,0.0,-292.3876243683836,1799.9939406471717,-11.30354073776386,0.0,0.0,526295.9521833118,0,1240.0409157548938,-4489.262820748231,144.33756729740645,130.00911208635173,-4489.262820748231,130.00911208635173,900000.0,10344.20926186585,1,155777.85883878724,60514.68455926242,57799.19611246989,60818.90274736131,157805.91447424272,1,1,1,0,1,0,526363.3690108738,0,1,900000.0,-4653.591879136966,0,1,1.0,0,1.0,0.0,1,1,0,526413.219599018,505356.69081505726,1,600000.0,400000.0,0,0.36865739547798176
31.8,diagnostic,20.64605990582396,20.64605990582396,20.64605990582396,20.64605990582396,-26720.09230909347,128.67336284449635,131.6312563354911,24999.915842342372,50.0,1,0.2103941440584726,24999.915842342372,50.0,1,1,0,0.2103941440584726,24999.915842342372,1,0.21039414405183493,1499.994950540542,50.0,0,3.4013719954060666,250.0,0.0,-292.3423163585426,1799.9939406472906,-11.989436563101556,0.0,0.0,526214.39804017,0,1239.821726435586,-4511.647261252949,144.33756729740645,129.34120832173463,-4511.647261252949,129.34120832173463,900000.0,10212.369788263853,1,153777.62305334475,60818.90274736131,58087.15719368146,61126.139067514865,155777.85883878724,1,1,1,0,1,0,526295.9521833118,0,1,900000.0,-4676.874142684932,0,1,1.0,0,1.0,0.0,1,1,0,526363.3690108738,505308.83425043884,1,600000.0,400000.0,0,0.36940935026950966
31.85,diagnostic,20.538359769610842,20.538359769610842,20.538359769610842,20.538359769610842,-26853.324498977552,128.00557141610855,130.96312474372712,24999.915842342376,50.0,1,0.21039414405183493,24999.915842342372,50.0,1,1,0,0.21039414405183493,24999.915842342372,1,0.2103941440457361,1499.9949505405423,50.0,0,3.4013719953153885,250.0,0.0,-292.2906420044664,1799.9939406474004,-12.678885853049756,0.0,0.0,526121.384515978,0,1239.5804665838145,-4534.18129898678,144.33756729740645,128.67336284449635,-4534.18129898678,128.67336284449635,900000.0,10079.90769090653,1,151800.9441746438,61126.139067514865,58376.792389081624,61436.44561993507,153777.62305334475,1,1,1,0,1,0,526214.39804017,0,1,900000.0,-4700.385628996338,0,1,1.0,0,1.0,0.0,1,1,0,526295.9521833118,505244.1140959793,1,600000.0,400000.0,0,0.3701612112607471
31.9,diagnostic,20.430667330166806,20.430667330166806,20.430667330166806,20.430667330166806,-26987.447091569316,127.33783057158723,130.29507662713587,24999.91584234238,50.0,1,0.2103941440457361,24999.915842342376,50.0,1,1,0,0.2103941440457361,24999.915842342376,1,0.2103941440401271,1499.9949505405423,50.0,0,3.4013719952319694,250.0,0.0,-292.23376447483383,1799.9939406475014,-13.371955506411634,0.0,0.0,526019.0053073099,0,1239.3209963899494,-4556.881589145363,144.33756729740645,128.00557141610855,-4556.881589145363,128.00557141610855,900000.0,9946.675501022453,1,149843.82473316064,61436.44561993507,58668.36324254199,61749.8745357821,151800.9441746438,1,1,1,0,1,0,526121.384515978,0,1,900000.0,-4724.130371481324,0,1,1.0,0,1.0,0.0,1,1,0,526214.39804017,505165.82211856317,1,600000.0,400000.0,0,0.370912957765682
31.95,diagnostic,20.32298220106391,20.32298220106391,20.32298220106391,20.32298220106391,-27122.5592185932,126.6701374470342,129.62710340045825,24999.915842342383,50.0,1,0.2103941440401271,24999.91584234238,50.0,1,1,0,0.2103941440401271,24999.91584234238,1,0.21039414403496717,1499.9949505405425,50.0,0,3.401371995154887,250.0,0.0,-292.1725938178373,1799.9939406475942,-14.068711740651546,0.0,0.0,525908.8984953979,0,1239.0463369432846,-4579.762009597977,144.33756729740645,127.33783057158723,-4579.762009597977,127.33783057158723,900000.0,9812.552908430684,1,147902.5448980783,61749.8745357821,58962.085257811304,62066.47811322522,149843.82473316064,1,1,1,0,1,0,526019.0053073099,0,1,900000.0,-4748.112396701971,0,1,1.0,0,1.0,0.0,1,1,0,526121.384515978,505076.5291353389,1,600000.0,400000.0,0,0.3716645730312081
32.0,diagnostic,20.21530405474678,20.21530405474678,20.21530405474678,20.21530405474678,-27258.74348112716,126.00248964659623,128.959197972298,24999.915842342383,50.0,1,0.21039414403496717,24999.915842342383,50.0,1,1,0,0.21039414403496717,24999.915842342383,1,0.2103941440301992,1499.9949505405427,50.0,0,3.4013719950842716,250.0,0.0,-292.107842261784,1799.9939406476794,-14.769220294903368,0.0,0.0,525792.3460868794,0,1238.7588523002917,-4602.834269749264,144.33756729740645,126.6701374470342,-4602.834269749264,126.6701374470342,900000.0,9677.4407814068,1,145973.6636654855,62066.47811322522,59258.13800245035,62386.308955435175,147902.5448980783,1,1,1,0,1,0,525908.8984953979,0,1,900000.0,-4772.335733612193,0,1,1.0,0,1.0,0.0,1,1,0,526019.0053073099,504978.2450950175,1,600000.0,400000.0,0,0.3724160433786772
32.05,diagnostic,20.107632609616548,20.107632609616548,20.107632609616548,20.107632609616548,-27396.069573547622,125.33488513943004,128.29135448464996,24999.915842342387,50.0,1,0.2103941440301992,24999.915842342383,50.0,1,1,0,0.2103941440301992,24999.915842342383,1,0.21039414402583123,1499.994950540543,50.0,0,3.4013719950193315,250.0,0.0,-292.0400671380781,1799.9939406477579,-15.473546659370854,0.0,0.0,525670.3512749049,0,1238.4603911690538,-4626.108386659835,144.33756729740645,126.00248964659623,-4626.108386659835,126.00248964659623,900000.0,9541.256518872839,1,144054.01248668495,62386.308955435175,59556.67298597309,62709.420102599484,145973.6636654855,1,1,1,0,1,0,525792.3460868794,0,1,900000.0,-4796.804424073186,0,1,1.0,0,1.0,0.0,1,1,0,525908.8984953979,504872.54255558195,1,600000.0,400000.0,0,0.3731673575346438
32.1,diagnostic,19.99996761995998,19.99996761995998,19.99996761995998,19.99996761995998,-27534.597117399335,124.6673221796226,127.62356808960713,24999.915842342387,50.0,1,0.21039414402583123,24999.915842342387,50.0,1,1,0,0.21039414402583123,24999.915842342387,1,0.21039414402181433,1499.994950540543,50.0,0,3.4013719949596712,250.0,0.0,-291.9697042836311,1799.99394064783,-16.18175630620851,0.0,0.0,525543.6985632747,0,1238.1523974190904,-4649.593058353918,144.33756729740645,125.33488513943004,-4649.593058353918,125.33488513943004,900000.0,9403.930426452378,1,142140.6838595332,62709.420102599484,59857.81982043333,63035.86515416153,144054.01248668495,1,1,1,0,1,0,525670.3512749049,0,1,900000.0,-4821.522533518176,0,1,1.0,0,1.0,0.0,1,1,0,525792.3460868794,504760.6522434042,1,600000.0,400000.0,0,0.37391850610796906
32.15,diagnostic,19.89230886807421,19.89230886807421,19.89230886807421,19.89230886807421,-27674.377883322522,123.99979924375187,126.95583476115323,24999.91584234239,50.0,1,0.21039414402181433,24999.915842342387,50.0,1,1,0,0.21039414402181433,24999.915842342387,1,0.21039414401812398,1499.9949505405432,50.0,0,3.4013719949046313,250.0,0.0,-291.89709409379174,1799.9939406478964,-16.89391490845195,0.0,0.0,525413.0006615539,0,1237.8359964479196,-4673.2959572291165,144.33756729740645,124.6673221796226,-4673.2959572291165,124.6673221796226,900000.0,9265.402882600669,1,140231.0167360333,63035.86515416153,60161.691050701134,63365.69837995057,142140.6838595332,1,1,1,0,1,0,525543.6985632747,0,1,900000.0,-4846.494161155202,0,1,1.0,0,1.0,0.0,1,1,0,525670.3512749049,504643.5372239087,1,600000.0,400000.0,0,0.374669481180478
32.2,diagnostic,19.784656158092034,19.784656158092034,19.784656158092034,19.784656158092034,-27815.4575374277,123.3323149820601,126.2881511385021,24999.91584234239,50.0,1,0.21039414401812398,24999.91584234239,50.0,1,1,0,0.21039414401812398,24999.91584234239,1,0.21039414401471945,1499.9949505405432,50.0,0,3.4013719948542107,250.0,0.0,-291.8225018834483,1799.9939406479573,-17.610088540635477,0.0,0.0,525278.7351349341,0,1237.5120627961028,-4697.223961192572,144.33756729740645,123.99979924375187,-4697.223961192572,123.99979924375187,900000.0,9125.62211667748,1,138322.5800972527,63365.69837995057,60468.38595092979,63698.97482028633,140231.0167360333,1,1,1,0,1,0,525413.0006615539,0,1,900000.0,-4871.723449414367,0,1,1.0,0,1.0,0.0,1,1,0,525543.6985632747,504521.9506207437,1,600000.0,400000.0,0,0.3754202759859558
32.25,diagnostic,19.677009311128682,19.677009311128682,19.677009311128682,19.677009311128682,-27957.877017018185,122.66486818017061,125.62051439692672,24999.915842342394,50.0,1,0.21039414401471945,24999.91584234239,50.0,1,1,0,0.21039414401471945,24999.91584234239,1,0.21039414401160064,1499.9949505405434,50.0,0,3.40137199480775,250.0,0.0,-291.74613382742154,1799.9939406480132,-18.330343858962237,0.0,0.0,525141.2730968432,0,1237.1812731614718,-4721.383336134235,144.33756729740645,123.3323149820601,-4721.383336134235,123.3323149820601,900000.0,8984.542462572297,1,136413.15567013502,63698.97482028633,60777.99351525692,64035.75037590062,138322.5800972527,1,1,1,0,1,0,525278.7351349341,0,1,900000.0,-4897.214592536502,0,1,1.0,0,1.0,0.0,1,1,0,525413.0006615539,504396.4806350918,1,600000.0,400000.0,0,0.37617088465802984
32.3,diagnostic,19.5693681614587,19.5693681614587,19.5693681614587,19.5693681614587,-28101.673616670967,121.99745772899783,124.9529221420288,24999.915842342394,50.0,1,0.21039414401160064,24999.915842342394,50.0,1,1,0,0.21039414401160064,24999.915842342394,1,0.2103941440087268,1499.9949505405434,50.0,0,3.401371994765248,250.0,0.0,-291.6681494586825,1799.9939406480648,-19.054748261310184,0.0,0.0,525000.9017056626,0,1236.8441480191102,-4745.779880287222,144.33756729740645,122.66486818017061,-4745.779880287222,122.66486818017061,900000.0,8842.122982981815,1,134500.7204787863,64035.75037590062,61090.594818849924,64376.0818888748,136413.15567013502,1,1,1,0,1,0,525141.2730968432,0,1,900000.0,-4922.971844309764,0,1,1.0,0,1.0,0.0,1,1,0,525278.7351349341,504267.5857295367,1,600000.0,400000.0,0,0.37692130203186913
32.35,diagnostic,19.461732553497665,19.461732553497665,19.461732553497665,19.461732553497665,-28246.881847469547,121.33008260104396,124.28537232368654,24999.915842342394,50.0,1,0.2103941440087268,24999.915842342394,50.0,1,1,0,0.2103941440087268,24999.915842342394,1,0.2103941440060978,1499.9949505405436,50.0,0,3.401371994725651,250.0,0.0,-291.58867148035284,1799.9939406481126,-19.783370028642654,0.0,0.0,524857.8418262682,0,1236.5010843320538,-4770.419038679905,144.33756729740645,121.99745772899783,-4770.419038679905,121.99745772899783,900000.0,8698.326383329035,1,132583.4297121006,64376.0818888748,61406.264885803364,64720.027215906346,134500.7204787863,1,1,1,0,1,0,525000.9017056626,0,1,900000.0,-4948.999525019201,0,1,1.0,0,1.0,0.0,1,1,0,525141.2730968432,504135.6221729694,1,600000.0,400000.0,0,0.3776715234880127
32.4,diagnostic,19.354102339414315,19.354102339414315,19.354102339414315,19.354102339414315,-28393.534118222793,120.66274183168552,123.61786316632967,24999.915842342398,50.0,1,0.2103941440060978,24999.915842342394,50.0,1,1,0,0.2103941440060978,24999.915842342394,1,0.2103941440036485,1499.9949505405436,50.0,0,3.401371994689485,250.0,0.0,-291.50779347732316,1799.9939406481562,-20.516278449981133,0.0,0.0,524712.2619108958,0,1236.152381283843,-4795.305994079378,144.33756729740645,121.33008260104396,-4795.305994079378,121.33008260104396,900000.0,8553.118152530453,1,130659.60023271914,64720.027215906346,61725.07417004955,65067.64529519699,132583.4297121006,1,1,1,0,1,0,524857.8418262682,0,1,900000.0,-4975.302027702018,0,1,1.0,0,1.0,0.0,1,1,0,525000.9017056626,504000.8656374361,1,600000.0,400000.0,0,0.37842154482921964
32.45,diagnostic,19.24647737723741,19.24647737723741,19.24647737723741,19.24647737723741,-28541.66127676046,119.99543450436876,122.9503931126413,24999.915842342398,50.0,1,0.2103941440036485,24999.915842342398,50.0,1,1,0,0.2103941440036485,24999.915842342398,1,0.21039414400141146,1499.9949505405436,50.0,0,3.401371994656355,250.0,0.0,-291.4255859827574,1799.9939406481963,-21.25354393327828,0.0,0.0,524564.2889188132,0,1235.7982605373106,-4820.445739431029,144.33756729740645,120.66274183168552,-4820.445739431029,120.66274183168552,900000.0,8406.465881777207,1,128727.69493616588,65067.64529519699,62047.08973208795,65418.996208161356,130659.60023271914,1,1,1,0,1,0,524712.2619108958,0,1,900000.0,-5001.883823809966,0,1,1.0,0,1.0,0.0,1,1,0,524857.8418262682,503863.5281532175,1,600000.0,400000.0,0,0.37917136218324005
32.5,diagnostic,19.138857529351387,19.138857529351387,19.138857529351387,19.138857529351387,-28691.293041093486,119.32815973887196,122.28296077822543,24999.915842342398,50.0,1,0.21039414400141146,24999.915842342398,50.0,1,1,0,0.21039414400141146,24999.915842342398,1,0.21039414399936218,1499.9949505405439,50.0,0,3.401371994625866,250.0,0.0,-291.34210125414575,1799.9939406482329,-21.995238104472794,0.0,0.0,524414.0169131863,0,1235.4388821941025,-4845.843135717246,144.33756729740645,119.99543450436876,-4845.843135717246,119.99543450436876,900000.0,8258.338723239542,1,126786.30808364913,65418.996208161356,62372.376176290185,65774.14123702921,128727.69493616588,1,1,1,0,1,0,524564.2889188132,0,1,900000.0,-5028.7494683788,0,1,1.0,0,1.0,0.0,1,1,0,524712.2619108958,503723.77143445995,1,600000.0,400000.0,0,0.3799209719259576
32.55,diagnostic,19.03124266129809,19.03124266129809,19.03124266129809,19.03124266129809,-28842.458343789047,118.6609166819786,121.6155649151812,24999.915842342398,50.0,1,0.21039414399936218,24999.915842342398,50.0,1,1,0,0.21039414399936218,24999.915842342398,1,0.21039414399747625,1499.9949505405439,50.0,0,3.401371994598015,250.0,0.0,-291.2573770357958,1799.9939406482667,-22.741433896832497,0.0,0.0,524261.5138335401,0,1235.0743573735635,-4871.502958316635,144.33756729740645,119.32815973887196,-4871.502958316635,119.32815973887196,900000.0,8108.706958906515,1,124834.15166995334,65774.14123702921,62700.9963995414,66133.1429192803,126786.30808364913,1,1,1,0,1,0,524414.0169131863,0,1,900000.0,-5055.903604797417,0,1,1.0,0,1.0,0.0,1,1,0,524564.2889188132,503581.7173620607,1,600000.0,400000.0,0,0.38067037062055453
32.6,diagnostic,18.923632640819697,18.923632640819697,18.923632640819697,18.923632640819697,-28995.185607900614,117.99370450004817,120.94820438287965,24999.9158423424,50.0,1,0.21039414399747625,24999.915842342398,50.0,1,1,0,0.21039414399747625,24999.915842342398,1,0.2103941439957535,1499.9949505405439,50.0,0,3.401371994572277,250.0,0.0,-291.17143952433247,1799.9939406482977,-23.492205632461854,0.0,0.0,524106.8268336407,0,1234.7047581307022,-4897.429934288442,144.33756729740645,118.6609166819786,-4897.429934288442,118.6609166819786,900000.0,7957.541656210957,1,122870.04284334769,66133.1429192803,63033.01219108829,66496.06509972014,124834.15166995334,1,1,1,0,1,0,524261.5138335401,0,1,900000.0,-5083.35096925965,0,1,1.0,0,1.0,0.0,1,1,0,524414.0169131863,503437.45623665885,1,600000.0,400000.0,0,0.38141955496928864
32.65,diagnostic,18.816027337091814,18.816027337091814,18.816027337091814,18.816027337091814,-29149.502968884808,117.32652237308213,120.28087812454572,24999.9158423424,50.0,1,0.2103941439957535,24999.9158423424,50.0,1,1,0,0.2103941439957535,24999.9158423424,1,0.21039414399416148,1499.9949505405439,50.0,0,3.4013719945485184,250.0,0.0,-291.0843057068791,1799.9939406483263,-24.247629097607735,0.0,0.0,523949.98649020743,0,1234.3301252778847,-4923.628772493205,144.33756729740645,117.99370450004817,-4923.628772493205,117.99370450004817,900000.0,7804.814392099388,1,120892.89236316922,66496.06509972014,63368.48471496697,66862.97298088577,122870.04284334769,1,1,1,0,1,0,524106.8268336407,0,1,900000.0,-5111.09639497126,0,1,1.0,0,1.0,0.0,1,1,0,524261.5138335401,503291.0532801985,1,600000.0,400000.0,0,0.38216852177520516
32.7,diagnostic,18.708426620106696,18.708426620106696,18.708426620106696,18.708426620106696,-29305.438453879557,116.65936948996925,119.61358514850482,24999.9158423424,50.0,1,0.21039414399416148,24999.9158423424,50.0,1,1,0,0.21039414399416148,24999.9158423424,1,0.21039414399269185,1499.994950540544,50.0,0,3.4013719945266088,250.0,0.0,-290.99598520503883,1799.9939406483527,-25.007781613162994,0.0,0.0,523791.0101220676,0,1233.9504745538131,-4950.104188058002,144.33756729740645,117.32652237308213,-4950.104188058002,117.32652237308213,900000.0,7650.497031115193,1,118901.69405938363,66862.97298088577,63707.47489973816,67233.93317236536,120892.89236316922,1,1,1,0,1,0,523949.98649020743,0,1,900000.0,-5139.144816174608,0,1,1.0,0,1.0,0.0,1,1,0,524106.8268336407,503142.55376029504,1,600000.0,400000.0,0,0.3829172679116815
32.75,diagnostic,18.600830360174953,18.600830360174953,18.600830360174953,18.600830360174953,-29463.02012732123,115.99224504466152,118.94632451316961,24999.9158423424,50.0,1,0.21039414399269185,24999.9158423424,50.0,1,1,0,0.21039414399269185,24999.9158423424,1,0.21039414399133663,1499.994950540544,50.0,0,3.4013719945068095,250.0,0.0,-290.90648172924466,1799.9939406483768,-25.772742101554265,0.0,0.0,523629.9044079781,0,1233.565801488574,-4976.860922378326,144.33756729740645,116.65936948996925,-4976.860922378326,116.65936948996925,900000.0,7494.561546120446,1,116895.51524446093,67233.93317236536,64050.04375504615,67609.01373952521,118901.69405938363,1,1,1,0,1,0,523791.0101220676,0,1,900000.0,-5167.501272044263,0,1,1.0,0,1.0,0.0,1,1,0,523949.98649020743,502991.9870305991,1,600000.0,400000.0,0,0.3836657902981452
32.8,diagnostic,18.49323842752079,18.49323842752079,18.49323842752079,18.49323842752079,-29622.276209995794,115.32514823308472,118.27909531501973,24999.9158423424,50.0,1,0.21039414399133663,24999.9158423424,50.0,1,1,0,0.21039414399133663,24999.9158423424,1,0.21039414399011194,1499.994950540544,50.0,0,3.4013719944883305,250.0,0.0,-290.8157942257048,1799.993940648399,-26.542591151012804,0.0,0.0,523466.6674511203,0,1233.176085239286,-5003.903759599821,144.33756729740645,115.99224504466152,-5003.903759599821,115.99224504466152,900000.0,7336.979872678771,1,114873.4880194062,67609.01373952521,64396.25263042564,67988.28425205985,116895.51524446093,1,1,1,0,1,0,523629.9044079781,0,1,900000.0,-5196.170910498668,0,1,1.0,0,1.0,0.0,1,1,0,523791.0101220676,502839.36971718486,1,600000.0,400000.0,0,0.3844140858806579
32.85,diagnostic,18.385650691951096,18.385650691951096,18.385650691951096,18.385650691951096,-29783.235177138133,114.6580782506289,117.6118966789728,24999.915842342405,50.0,1,0.21039414399011194,24999.9158423424,50.0,1,1,0,0.21039414399011194,24999.9158423424,1,0.21039414398896888,1499.994950540544,50.0,0,3.401371994471304,250.0,0.0,-290.723917780665,1799.9939406484195,-27.317411078064893,0.0,0.0,523301.2904067663,0,1232.7812916125931,-5031.237540327026,144.33756729740645,115.32514823308472,-5031.237540327026,115.32514823308472,900000.0,7177.723790004206,1,112834.80141129247,67988.28425205985,64746.16342856116,68371.81583271887,114873.4880194062,1,1,1,0,1,0,523466.6674511203,0,1,900000.0,-5225.158991965995,0,1,1.0,0,1.0,0.0,1,1,0,523629.9044079781,502684.70823165897,1,600000.0,400000.0,0,0.38516215161634276
32.9,diagnostic,18.278067022582704,18.278067022582704,18.278067022582704,18.278067022582704,-29945.92584002646,113.99103429009679,116.9447277506634,24999.915842342405,50.0,1,0.21039414398896888,24999.915842342405,50.0,1,1,0,0.21039414398896888,24999.915842342405,1,0.21039414398791573,1499.994950540544,50.0,0,3.401371994455729,250.0,0.0,-290.63084433296797,1799.9939406484384,-28.097285988942332,0.0,0.0,523133.7587648819,0,1232.381375444462,-5058.8671731516215,144.33756729740645,114.6580782506289,-5058.8671731516215,114.6580782506289,900000.0,7016.764822861867,1,110778.69427804128,68371.81583271887,65099.838782666215,68759.68120650973,112834.80141129247,1,1,1,0,1,0,523301.2904067663,0,1,900000.0,-5254.470893136346,0,1,1.0,0,1.0,0.0,1,1,0,523466.6674511203,502528.00075307547,1,600000.0,400000.0,0,0.3859099844608382
32.95,diagnostic,18.170487287615593,18.170487287615593,18.170487287615593,18.170487287615593,-30110.37741459845,113.32401554001277,116.27758769024247,24999.915842342405,50.0,1,0.21039414398791573,24999.915842342405,50.0,1,1,0,0.21039414398791573,24999.915842342405,1,0.2103941439869523,1499.9949505405443,50.0,0,3.401371994441474,250.0,0.0,-290.5365632350956,1799.9939406484555,-28.882301840498783,0.0,0.0,522964.0533599989,0,1231.9762824717232,-5086.797644470519,144.33756729740645,113.99103429009679,-5086.797644470519,113.99103429009679,900000.0,6854.074159973541,1,108704.44891664729,68759.68120650973,65457.3422056488,69151.95475063435,110778.69427804128,1,1,1,0,1,0,523133.7587648819,0,1,900000.0,-5284.112110727601,0,1,1.0,0,1.0,0.0,1,1,0,523301.2904067663,502369.2387904956,1,600000.0,400000.0,0,0.3866575813581399
33.0,diagnostic,18.062911354142095,18.062911354142095,18.062911354142095,18.062911354142095,-30276.61957988853,112.65702118321668,115.61047566738726,24999.915842342405,50.0,1,0.2103941439869523,24999.915842342405,50.0,1,1,0,0.2103941439869523,24999.915842342405,1,0.21039414398607056,1499.9949505405443,50.0,0,3.4013719944285383,250.0,0.0,-290.4410616943887,1799.9939406484714,-29.6725465011247,0.0,0.0,522792.1511654085,0,1231.5659508014376,-5115.034026967616,144.33756729740645,113.32401554001277,-5115.034026967616,113.32401554001277,900000.0,6689.622585401553,1,106611.38531291,69151.95475063435,65818.73821714897,69548.71254538206,108704.44891664729,1,1,1,0,1,0,522964.0533599989,0,1,900000.0,-5314.088265288051,0,1,1.0,0,1.0,0.0,1,1,0,523133.7587648819,502208.40841428656,1,600000.0,400000.0,0,0.38740493923232416
33.05,diagnostic,17.955339087984406,17.955339087984406,17.955339087984406,17.955339087984406,-30444.68252851125,111.990050395681,114.94339085727377,24999.915842342405,50.0,1,0.21039414398607056,24999.915842342405,50.0,1,1,0,0.21039414398607056,24999.915842342405,1,0.21039414398527043,1499.9949505405443,50.0,0,3.4013719944163947,250.0,0.0,-290.3443251194537,1799.9939406484862,-30.46810981207547,0.0,0.0,522618.02591669065,0,1231.1503120618488,-5143.581487056681,144.33756729740645,112.65702118321668,-5143.581487056681,112.65702118321668,900000.0,6523.380420111473,1,104498.855973544,69548.71254538206,66184.09245328532,69950.03242617393,106611.38531291,1,1,1,0,1,0,522792.1511654085,0,1,900000.0,-5344.405105055746,0,1,1.0,0,1.0,0.0,1,1,0,522964.0533599989,502045.49122559896,1,600000.0,400000.0,0,0.38815205498075345
33.1,diagnostic,17.847770353554225,17.847770353554225,17.847770353554225,17.847770353554225,-30614.597010961366,111.32310234550332,114.2763324373139,24999.915842342405,50.0,1,0.21039414398527043,24999.915842342405,50.0,1,1,0,0.21039414398527043,24999.915842342405,1,0.21039414398451925,1499.9949505405443,50.0,0,3.4013719944051757,250.1526691965306,0.0,-290.2463373915017,1799.9939406484996,-31.269083649566326,0.0,0.0,522441.64860012307,0,1230.7292923010482,-5172.44529152239,144.33756729740645,111.990050395681,-5172.44529152239,111.990050395681,900000.0,6355.317471488751,1,102366.24128493531,69950.03242617393,66553.4717629595,70355.99403693229,104498.855973544,1,1,1,0,1,0,522618.02591669065,0,1,900000.0,-5375.068509891759,0,1,1.0,0,1.0,0.0,1,1,0,522792.1511654085,501880.46511879214,1,600000.0,400000.0,0,0.38889892546844634
33.15,diagnostic,17.740205013729543,17.740205013729543,17.740205013729543,17.740205013729543,-30786.394375141266,110.6561761920362,113.60929958449967,24999.915842342405,50.0,1,0.21039414398451925,24999.915842342405,50.0,1,1,0,0.21039414398451925,24999.915842342405,1,0.2103941439838253,1499.9949505405443,50.0,0,3.401371994394881,256.6044959034949,0.0,-290.14708107621095,1799.993940648512,-32.075561987936865,0.0,0.0,522262.9878340323,0,1229.5519538500537,-5201.630813548701,144.42571089912036,111.32310234550332,-5201.630813548701,111.32310234550332,900000.0,6185.402989038632,1,100212.94534653249,70355.99403693229,66926.94429378536,70766.67888493199,102366.24128493531,1,1,1,0,1,0,522441.64860012307,0,1,900000.0,-5406.084495302422,0,1,1.0,0,1.0,0.0,1,1,0,522618.02591669065,501713.304880023,1,600000.0,400000.0,0,0.3896455475233627
33.2,diagnostic,17.632642929744698,17.632642929744698,17.632642929744698,17.632642929744698,-30960.106602241867,109.98927108512318,112.94229147322805,24999.915842342405,50.0,1,0.2103941439838253,24999.915842342405,50.0,1,1,0,0.2103941439838253,24999.915842342405,1,0.2103941439831885,1499.9949505405443,50.0,0,3.4013719943853773,263.101127713184,0.0,-290.0465375884296,1799.9939406485234,-32.887640964148,0.0,0.0,522082.01016525744,0,1198.2163306512714,-5231.14353828586,148.150674785151,110.6561761920362,-5231.14353828586,110.6561761920362,900000.0,6013.605624858735,1,98038.39223072144,70766.67888493199,67304.57957009101,71182.17039727686,100212.94534653249,1,1,1,0,1,0,522262.9878340323,0,1,900000.0,-5437.459216563988,0,1,1.0,0,1.0,0.0,1,1,0,522441.64860012307,501543.9826561181,1,600000.0,400000.0,0,0.3903919179324083
33.25,diagnostic,17.525083961090594,17.525083961090594,17.525083961090594,17.525083961090594,-31135.76633987744,109.32238616441713,112.27530727350677,24999.915842342405,50.0,1,0.2103941439831885,24999.915842342405,50.0,1,1,0,0.2103941439831885,24999.915842342405,1,0.21039414398260065,1499.9949505405443,50.0,0,3.401371994376666,269.6433515507483,0.0,-289.9446873194512,1799.993940648534,-33.70541894384354,0.0,0.0,521898.680298246,0,1168.2134812081995,-5260.989068077334,151.90150690930088,109.98927108512318,-5260.989068077334,109.98927108512318,900000.0,5839.8933977581355,1,95842.02262489228,71182.17039727686,67686.44856495094,71602.55397913606,98038.39223072144,1,1,1,0,1,0,522082.01016525744,0,1,900000.0,-5469.1989729618135,0,1,1.0,0,1.0,0.0,1,1,0,522262.9878340323,501372.46832067095,1,600000.0,400000.0,0,0.39113803343799486
33.3,diagnostic,17.41752796542252,17.41752796542252,17.41752796542252,17.41752796542252,-31313.406933196293,108.6555205587617,111.60834614946059,24999.915842342405,50.0,1,0.21039414398260065,24999.915842342405,50.0,1,1,0,0.21039414398260065,24999.915842342405,1,0.21039414398206183,1499.9949505405443,50.0,0,3.4013719943686147,276.23197271346794,0.0,-289.84150973455235,1799.9939406485435,-34.52899658918349,0.0,0.0,521712.96127062006,0,1139.4586187330192,-5291.17312744416,155.67866160301745,109.32238616441713,-5291.17312744416,109.32238616441713,900000.0,5664.233660122566,1,93623.29081517368,71602.55397913606,68072.62376781802,72027.91707386743,95842.02262489228,1,1,1,0,1,0,521898.680298246,0,1,900000.0,-5501.310212155134,0,1,1.0,0,1.0,0.0,1,1,0,522082.01016525744,501198.7297586471,1,600000.0,400000.0,0,0.3918838907350408
33.35,diagnostic,17.309974798473604,17.309974798473604,17.309974798473604,17.309974798473604,-31493.06245454764,107.98867338561962,110.94140725807443,24999.91584234241,50.0,1,0.21039414398206183,24999.915842342405,50.0,1,1,0,0.21039414398206183,24999.915842342405,1,0.21039414398156378,1499.9949505405443,50.0,0,3.4013719943613547,282.8678154290981,0.0,-289.7369834468697,1799.9939406485523,-35.35847692863726,0.0,0.0,521524.81458615535,0,1111.873983113513,-5321.701567905438,159.48260380490208,108.6555205587617,-5321.701567905438,108.6555205587617,900000.0,5486.593066803712,1,91381.66197491919,72027.91707386743,68463.17924901661,72458.3492251508,93623.29081517368,1,1,1,0,1,0,521712.96127062006,0,1,900000.0,-5533.799534677854,0,1,1.0,0,1.0,0.0,1,1,0,521898.680298246,501022.73308631615,1,600000.0,400000.0,0,0.39262948646830503
33.4,diagnostic,17.202424313972294,17.202424313972294,17.202424313972294,17.202424313972294,-31674.767732173168,107.32184375053635,110.2744897481229,24999.91584234241,50.0,1,0.21039414398156378,24999.91584234241,50.0,1,1,0,0.21039414398156378,24999.91584234241,1,0.21039414398111472,1499.9949505405443,50.0,0,3.4013719943546232,289.55172343128913,0.0,-289.63108627242195,1799.9939406485605,-36.19396542891114,0.0,0.0,521334.20031382,0,1085.3881276287525,-5352.580372698748,163.31380938307115,107.98867338561962,-5352.580372698748,107.98867338561962,900000.0,5306.937545452359,1,89116.60972444157,72458.3492251508,68858.19072211559,72893.9421412518,91381.66197491919,1,1,1,0,1,0,521524.81458615535,0,1,900000.0,-5566.673698585185,0,1,1.0,0,1.0,0.0,1,1,0,521712.96127062006,500844.4428197952,1,600000.0,400000.0,0,0.39337481722998136
33.45,diagnostic,17.09487636356252,17.09487636356252,17.09487636356252,17.09487636356252,-31858.558378302947,106.65503074662823,109.60759275924526,24999.91584234241,50.0,1,0.21039414398111472,24999.91584234241,50.0,1,1,0,0.21039414398111472,24999.91584234241,1,0.21039414398069833,1499.9949505405446,50.0,0,3.40137199434842,296.284560553399,0.0,-289.52379527006815,1799.993940648568,-37.035570069174874,0.0,0.0,521141.07715969917,0,1059.9352908111343,-5383.815661452524,167.17276546737486,107.32184375053635,-5383.815661452524,107.32184375053635,900000.0,5125.232267826831,1,86827.61393167936,72893.9421412518,69257.73560500641,73334.7897615349,89116.60972444157,1,1,1,0,1,0,521334.20031382,0,1,900000.0,-5599.939624255607,0,1,1.0,0,1.0,0.0,1,1,0,521524.81458615535,500663.82200270914,1,600000.0,400000.0,0,0.3941198795574879
33.5,diagnostic,16.987330796725537,16.987330796725537,16.987330796725537,16.987330796725537,-32044.470816965422,105.98823345408762,108.9407154211337,24999.91584234241,50.0,1,0.21039414398069833,24999.91584234241,50.0,1,1,0,0.21039414398069833,24999.91584234241,1,0.21039414398031464,1499.9949505405446,50.0,0,3.4013719943428757,303.0672113419472,0.0,-289.415086769404,1799.9939406485748,-37.8834014177434,0.0,0.0,520945.4025172087,0,1035.454841829022,-5415.413694853145,171.05997079223488,106.65503074662823,-5415.413694853145,106.65503074662823,900000.0,4941.441621697051,1,84514.15872643662,73334.7897615349,69661.89308035962,73780.98832534578,86827.61393167936,1,1,1,0,1,0,521141.07715969917,0,1,900000.0,-5633.604399357499,0,1,1.0,0,1.0,0.0,1,1,0,521334.20031382,500480.8323012672,1,600000.0,400000.0,0,0.3948646699314039
33.55,diagnostic,16.87978746070256,16.87978746070256,16.87978746070256,16.87978746070256,-32232.54231176592,105.32145093969834,108.27385685280929,24999.91584234241,50.0,1,0.21039414398031464,24999.91584234241,50.0,1,1,0,0.21039414398031464,24999.91584234241,1,0.2103941439799717,1499.9949505405446,50.0,0,3.401371994337596,309.90058169094004,0.0,-289.304936388962,1799.9939406485814,-38.737572711367505,0.0,0.0,520747.1324998549,0,1011.8907895436201,-5447.380879342119,174.97593605082244,105.98823345408762,-5447.380879342119,105.98823345408762,900000.0,4755.529183034577,1,82175.73070355675,73780.98832534578,70070.74415601286,74232.63644338358,84514.15872643662,1,1,1,0,1,0,520945.4025172087,0,1,900000.0,-5667.675283989593,0,1,1.0,0,1.0,0.0,1,1,0,521141.07715969917,500295.43407331116,1,600000.0,400000.0,0,0.39560918477351126
33.6,diagnostic,16.772246200417467,16.772246200417467,16.772246200417467,16.772246200417467,-32422.810993844294,104.65468225635587,107.6070161619646,24999.91584234241,50.0,1,0.2103941439799717,24999.91584234241,50.0,1,1,0,0.2103941439799717,24999.91584234241,1,0.21039414397964512,1499.9949505405446,50.0,0,3.401371994332844,316.7855994982643,0.0,-289.19331904658463,1799.993940648587,-39.598199937283034,0.0,0.0,520546.221959906,0,989.1913468723167,-5479.723771873067,178.92118426128584,105.32145093969834,-5479.723771873067,105.32145093969834,900000.0,4567.4576882340825,1,79811.81729288027,74232.63644338358,70484.37172574847,74689.83517168675,82175.73070355675,1,1,1,0,1,0,520747.1324998549,0,1,900000.0,-5702.159716004547,0,1,1.0,0,1.0,0.0,1,1,0,520945.4025172087,500107.58641652035,1,600000.0,400000.0,0,0.39635342044491345
33.65,diagnostic,16.664706858399043,16.664706858399043,16.664706858399043,16.664706858399043,-32615.315890188493,103.98792644258829,106.94019244435694,24999.91584234241,50.0,1,0.21039414397964512,24999.91584234241,50.0,1,1,0,0.21039414397964512,24999.91584234241,1,0.2103941439793512,1499.9949505405446,50.0,0,3.4013719943282252,323.72321534535655,0.0,-289.08020896344453,1799.9939406485926,-40.46540191816957,0.0,0.0,520342.6244956291,0,967.3085433242377,-5512.449084753613,182.89625114571987,104.65468225635587,-5512.449084753613,104.65468225635587,900000.0,4377.189006155705,1,77421.90527610296,74689.83517168675,70902.86063084456,75152.68808835899,79811.81729288027,1,1,1,0,1,0,520546.221959906,0,1,900000.0,-5737.065316524941,0,1,1.0,0,1.0,0.0,1,1,0,520747.1324998549,499917.2471998607,1,600000.0,400000.0,0,0.39709737324420163
33.7,diagnostic,16.557169274702186,16.557169274702186,16.557169274702186,16.557169274702186,-32810.0969524535,103.32118252207407,106.2733847832385,24999.91584234241,50.0,1,0.2103941439793512,24999.91584234241,50.0,1,1,0,0.2103941439793512,24999.91584234241,1,0.21039414397906547,1499.9949505405446,50.0,0,3.401371994324265,330.7144032013539,0.0,-288.9655796628707,1799.9939406485973,-41.339300400169236,0.0,0.0,520136.29244917684,0,946.1978796063809,-5545.563690593873,186.90168552257282,103.98792644258829,-5545.563690593873,103.98792644258829,900000.0,4184.684109811503,1,75005.47943270495,75152.68808835899,71326.29772272501,75621.30137316641,77421.90527610296,1,1,1,0,1,0,520342.6244956291,0,1,900000.0,-5772.399895661274,0,1,1.0,0,1.0,0.0,1,1,0,520546.221959906,499724.3730815097,1,600000.0,400000.0,0,0.39784103940564985
33.75,diagnostic,16.449633286827755,16.449633286827755,16.449633286827755,16.449633286827755,-33007.19508641473,102.65444950315356,105.60659224881296,24999.91584234241,50.0,1,0.21039414397906547,24999.91584234241,50.0,1,1,0,0.21039414397906547,24999.91584234241,1,0.2103941439788205,1499.9949505405446,50.0,0,3.4013719943204372,337.76016115296204,0.0,-288.8494039648954,1799.993940648602,-42.220020144120255,0.0,0.0,519927.1768967719,0,925.8180190661612,-5579.07462738045,190.93804971318812,103.32118252207407,-5579.07462738045,103.32118252207407,900000.0,3989.903047546496,1,72562.02129897756,75621.30137316641,71754.77192698854,76095.78389014115,75005.47943270495,1,1,1,0,1,0,520136.29244917684,0,1,900000.0,-5808.171458441723,0,1,1.0,0,1.0,0.0,1,1,0,520342.6244956291,499528.9195158039,1,600000.0,400000.0,0,0.3985844150974241
33.8,diagnostic,16.34209872964062,16.34209872964062,16.34209872964062,16.34209872964062,-33206.65218216844,101.98772637833208,104.93981389771011,24999.91584234241,50.0,1,0.2103941439788205,24999.91584234241,50.0,1,1,0,0.2103941439788205,24999.91584234241,1,0.21039414397858372,1499.9949505405446,50.0,0,3.4013719943171377,344.86151216129787,0.0,-288.7316539772338,1799.993940648606,-43.10768902016223,0.0,0.0,519715.22763247084,0,906.1305114673714,-5612.989103692818,195.00591996319403,102.65444950315356,-5612.989103692818,102.65444950315356,900000.0,3792.8049135852707,1,70091.00802584572,76095.78389014115,72188.37430906181,76576.24727333279,72562.02129897756,1,1,1,0,1,0,519927.1768967719,0,1,900000.0,-5844.3882109638025,0,1,1.0,0,1.0,0.0,1,1,0,520136.29244917684,499330.84075120976,1,600000.0,400000.0,0,0.3993274964197867
33.85,diagnostic,16.234565435285674,16.234565435285674,16.234565435285674,16.234565435285674,-33408.511145179655,101.32101212377185,104.27304877247107,24999.91584234241,50.0,1,0.21039414397858372,24999.91584234241,50.0,1,1,0,0.21039414397858372,24999.91584234241,1,0.21039414397837966,1499.9949505405446,50.0,0,3.401371994313838,352.01950484700853,0.0,-288.6123010832587,1799.9939406486099,-44.00243810587607,0.0,0.0,519500.3931465179,0,887.0995452148047,-5647.314504077425,199.10588687946674,101.98772637833208,-5647.314504077425,101.98772637833208,900000.0,3593.3478178315686,1,67591.91132268454,76576.24727333279,72627.1981416949,77000.0,70091.00802584572,1,1,1,0,1,0,519715.22763247084,0,1,900000.0,-5881.058566778382,0,1,1.0,0,1.0,0.0,1,1,0,519927.1768967719,499130.089820901,1,600000.0,400000.0,0,0.40007027940328965
33.9,diagnostic,16.12703323310144,16.12703323310144,16.12703323310144,16.12703323310144,-33612.815928268836,100.65430569877118,103.60629590103878,24999.91584234241,50.0,1,0.21039414397837966,24999.91584234241,50.0,1,1,0,0.21039414397837966,24999.91584234241,1,0.21039414397817555,1499.9949505405446,50.0,0,3.4013719943110656,359.2352143050079,0.0,-288.4913159274051,1799.9939406486133,-44.90440178812599,0.0,0.0,519282.62059907394,0,868.6917246671301,-5682.0583945936305,203.23855588341917,101.32101212377185,-5682.0583945936305,101.32101212377185,900000.0,3391.488854820347,1,65064.19647567236,77000.0,73071.33897449747,77000.0,67591.91132268454,1,1,1,0,1,0,519500.3931465179,0,1,900000.0,-5918.191153516983,0,1,1.0,0,1.0,0.0,1,1,0,519715.22763247084,498926.61852717196,1,600000.0,400000.0,0,0.40081276000694527
33.95,diagnostic,16.01950194953113,16.01950194953113,16.01950194953113,16.01950194953113,-33819.611564621286,99.98760604522893,102.93955429624897,24999.91584234241,50.0,1,0.21039414397817555,24999.91584234241,50.0,1,1,0,0.21039414397817555,24999.91584234241,1,0.21039414397800407,1499.9949505405446,50.0,0,3.4013719943084264,366.5097429502316,0.0,-288.3686683983384,1799.9939406486164,-45.81371786877895,0.0,0.0,519061.8557899193,0,850.8758696237089,-5717.228528544894,207.40454768138923,100.65430569877118,-5717.228528544894,100.65430569877118,900000.0,3187.184071731164,1,62507.32143042354,77000.0,73520.89470569845,77000.0,65064.19647567236,1,1,1,0,1,0,519282.62059907394,0,1,900000.0,-5950.940860215053,0,1,1.0,0,1.0,0.0,1,1,0,519500.3931465179,498720.3774206572,1,600000.0,400000.0,0,0.4015549341163668
34.0,diagnostic,15.9119714080308,15.9119714080308,15.9119714080308,15.9119714080308,-34028.94420189921,99.320912087093,102.27282295531754,24999.91584234241,50.0,1,0.21039414397800407,24999.91584234241,50.0,1,1,0,0.21039414397800407,24999.91584234241,1,0.2103941439778408,1499.9949505405446,50.0,0,3.4013719943057863,373.2261960699973,0.0,-288.2443276101487,1799.9939406486196,-46.65327450874966,0.0,0.0,518838.0431246032,0,833.622834451555,-5752.83285240799,211.60449875293676,99.98760604522893,-5752.83285240799,99.98760604522893,900000.0,2980.3884353787143,1,59920.735929714596,77000.0,73975.96565630264,77000.0,62507.32143042354,1,1,1,0,1,0,519061.8557899193,0,1,900000.0,-5950.940860215053,0,1,1.0,0,1.0,0.0,1,1,0,519282.62059907394,498511.31577511097,1,600000.0,400000.0,0,0.4022967975418724
34.05,diagnostic,15.80444142897451,15.80444142897451,15.80444142897451,15.80444142897451,-34240.86113753235,98.65422272979096,101.60610085932143,24999.91584234241,50.0,1,0.2103941439778408,24999.91584234241,50.0,1,1,0,0.2103941439778408,24999.91584234241,1,0.2103941439776775,1499.9949505405446,50.0,0,3.4013719943036747,375.77280116005096,0.0,-288.1182618817615,1799.9939406486221,-46.97160014500637,0.0,0.0,518611.1255773836,0,818.1062919923035,-5787.805819919372,215.48224476963298,99.320912087093,-5787.805819919372,99.320912087093,900000.0,2771.0557981007873,1,57303.880698070185,77000.0,74436.65464680947,77000.0,59920.735929714596,1,1,1,0,1,0,518838.0431246032,0,1,900000.0,-5950.940860215053,0,1,1.0,0,1.0,0.0,1,1,0,519061.8557899193,498299.3815583225,1,600000.0,400000.0,0,0.4030383460165449
34.1,diagnostic,15.696911829556148,15.696911829556148,15.696911829556148,15.696911829556148,-34449.0202401601,97.98753685964196,100.93938697266994,24999.91584234241,50.0,1,0.2103941439776775,24999.91584234241,50.0,1,1,0,0.2103941439776775,24999.91584234241,1,0.21039414397754688,1499.9949505405446,50.0,0,3.401371994301695,378.31938449525495,0.0,-287.9370237067044,1799.9939406486246,-47.28992306190687,0.0,0.0,518284.8979604673,0,810.9058944233246,-5815.042862729176,216.95252790389515,98.65422272979096,-5815.042862729176,98.65422272979096,900000.0,2559.1388624676415,1,54656.1866658209,77000.0,74889.17443513064,77000.0,57303.880698070185,1,1,1,0,1,0,518611.1255773836,0,1,900000.0,-5950.940860215053,0,1,1.0,0,1.0,0.0,1,1,0,518838.0431246032,498084.52139961906,1,600000.0,400000.0,0,0.40377957519424634
34.15,diagnostic,15.589400174903087,15.589400174903087,15.589400174903087,15.589400174903087,-34611.135118964055,97.32085334324812,100.27268024256416,24999.91584234241,50.0,1,0.21039414397754688,24999.91584234241,50.0,1,1,0,0.21039414397754688,24999.91584234241,1,0.21039414397742442,1499.9949505405446,50.0,0,3.401371994299715,380.86595025656806,0.0,-287.3501706646337,1799.993940648627,-47.60824378207101,0.0,0.0,517228.56604068953,0,802.9226629396704,-5836.2551466696905,218.42279847798898,97.98753685964196,-5836.2551466696905,97.98753685964196,900000.0,2350.9797598399055,1,51987.27690355981,77000.0,75241.59808470447,77000.0,54656.1866658209,1,1,1,0,1,0,518284.8979604673,0,1,900000.0,-5950.940860215053,0,1,1.0,0,1.0,0.0,1,1,0,518611.1255773836,497866.68055428826,1,600000.0,400000.0,0,0.40452048064757795
34.2,diagnostic,15.482023871349167,15.482023871349167,15.482023871349167,15.482023871349167,-34737.390632978,96.65428108439914,99.60597959844262,24999.91584234241,50.0,1,0.21039414397742442,24999.91584234241,50.0,1,1,0,0.21039414397742442,24999.91584234241,1,0.21039414397730197,1499.9949505405446,50.0,0,3.401371994297735,383.4125026979377,0.0,-286.4494354443245,1799.9939406486294,-47.926562837242216,0.0,0.0,515607.2481020048,0,794.3699615870155,-5852.775328773428,219.8930589057922,97.32085334324812,-5852.775328773428,97.32085334324812,900000.0,2188.8648810359437,1,49373.15436491557,77000.0,75516.06659343043,77000.0,51987.27690355981,1,1,1,0,1,0,517228.56604068953,0,1,900000.0,-5950.940860215053,0,1,1.0,0,1.0,0.0,1,1,0,518284.8979604673,497553.5020420486,1,600000.0,400000.0,0,0.40526093424860976
34.25,diagnostic,15.374754567788335,15.374754567788335,15.374754567788335,15.374754567788335,-34835.71875685944,95.98854800236484,98.93928395141106,24999.91584234241,50.0,1,0.21039414397730197,24999.91584234241,50.0,1,1,0,0.21039414397730197,24999.91584234241,1,0.21039414397717948,1499.9949505405446,50.0,0,3.401371994296283,385.95904614862496,0.0,-285.3058136619635,1799.993940648631,-48.24488076857812,0.0,0.0,513548.73582336167,0,785.4120827944187,-5865.642013454218,221.36331164332248,96.65428108439914,-5865.642013454218,96.65428108439914,900000.0,2062.609367022004,1,46864.631197096154,77000.0,75729.82338447703,77000.0,49373.15436491557,1,1,1,0,1,0,515607.2481020048,0,1,900000.0,-5950.940860215053,0,1,1.0,0,1.0,0.0,1,1,0,517228.56604068953,496539.42339906195,1,600000.0,400000.0,0,0.4059999831046564
34.3,diagnostic,15.267570173065675,15.267570173065675,15.267570173065675,15.267570173065675,-34912.301264079506,95.32347832028768,98.27262430342506,24999.91584234241,50.0,1,0.21039414397717948,24999.91584234241,50.0,1,1,0,0.21039414397717948,24999.91584234241,1,0.21039414397708966,1499.9949505405446,50.0,0,3.4013719942949634,388.5051646267948,0.0,-283.9746080438678,1799.9939406486326,-48.56314557834935,0.0,0.0,511152.57377703255,0,776.1804736641624,-5875.668904619232,222.83355919007982,95.98854800236484,-5875.668904619232,95.98854800236484,900000.0,1964.2812431405666,1,44493.88548992412,77000.0,75896.30709582499,77000.0,46864.631197096154,1,1,1,0,1,0,513548.73582336167,0,1,900000.0,-5950.940860215053,0,1,1.0,0,1.0,0.0,1,1,0,515607.2481020048,494982.9581779246,1,600000.0,400000.0,0,0.40673679650450756
34.35,diagnostic,15.160453459199958,15.160453459199958,15.160453459199958,15.160453459199958,-34971.98132029367,94.65893507300719,97.60623498513543,24999.91584234241,50.0,1,0.21039414397708966,24999.91584234241,50.0,1,1,0,0.21039414397708966,24999.91584234241,1,0.21039414397700804,1499.9949505405446,50.0,0,3.4013719942936427,391.0480776856483,0.0,-282.5007449340727,1799.9939406486342,-48.88100971070604,0.0,0.0,508499.62911005627,0,766.7700550571109,-5883.487826374477,224.30356137883987,95.32347832028768,-5883.487826374477,95.32347832028768,900000.0,1887.6987359205054,1,42279.44504807533,77000.0,76026.0463484645,77000.0,44493.88548992412,1,1,1,0,1,0,511152.57377703255,0,1,900000.0,-5950.940860215053,0,1,1.0,0,1.0,0.0,1,1,0,513548.73582336167,493006.7863904272,1,600000.0,400000.0,0,0.4074707316288665
34.4,diagnostic,15.053390917734179,15.053390917734179,15.053390917734179,15.053390917734179,-35018.519542580885,93.99481144703975,96.94023067652152,24999.91584234241,50.0,1,0.21039414397700804,24999.91584234241,50.0,1,1,0,0.21039414397700804,24999.91584234241,1,0.21039414397692635,1499.9949505405446,50.0,0,3.4013719942923233,393.58845674332355,0.0,-280.91672736141936,1799.9939406486358,-49.19855709291544,0.0,0.0,505648.4070773997,0,757.257111710771,-5889.585104475708,225.77171291789475,94.65893507300719,-5889.585104475708,94.65893507300719,900000.0,1828.0186797063297,1,40229.92844192633,77000.0,76127.21639691497,77000.0,42279.44504807533,1,1,1,0,1,0,508499.62911005627,0,1,900000.0,-5950.940860215053,0,1,1.0,0,1.0,0.0,1,1,0,511152.57377703255,490706.47082595126,1,600000.0,400000.0,0,0.4082012919002688
34.45,diagnostic,14.946372048200685,14.946372048200685,14.946372048200685,14.946372048200685,-35054.81054183942,93.3310236899519,96.2746526389851,24999.91584234241,50.0,1,0.21039414397692635,24999.91584234241,50.0,1,1,0,0.21039414397692635,24999.91584234241,1,0.21039414397684475,1499.9949505405446,50.0,0,3.4013719942910035,396.1268249681962,0.0,-279.2474242416909,1799.9939406486376,-49.51585312102453,0.0,0.0,502643.6715767831,0,747.694020836503,-5894.33994744167,227.23840145068723,93.99481144703975,-5894.33994744167,93.99481144703975,900000.0,1781.4804574191141,1,38346.9376723379,77000.0,76206.10987356394,77000.0,40229.92844192633,1,1,1,0,1,0,505648.4070773997,0,1,900000.0,-5950.940860215053,0,1,1.0,0,1.0,0.0,1,1,0,508499.62911005627,488159.643945654,1,600000.0,400000.0,0,0.40892809893394966
34.5,diagnostic,14.839388756407734,14.839388756407734,14.839388756407734,14.839388756407734,-35083.11136717282,92.66750669884425,95.60949893242814,24999.91584234241,50.0,1,0.21039414397684475,24999.91584234241,50.0,1,1,0,0.21039414397684475,24999.91584234241,1,0.21039414397676312,1499.9949505405446,50.0,0,3.4013719942896836,398.6635903577202,0.0,-277.51209783696197,1799.993940648639,-49.83294879471502,0.0,0.0,499520.0945632238,0,738.1205244553654,-5898.048036282114,228.70392902861988,93.3310236899519,-5898.048036282114,93.3310236899519,900000.0,1745.1894581605882,1,36627.26522637997,77000.0,76267.63340689742,77000.0,38346.9376723379,1,1,1,0,1,0,502643.6715767831,0,1,900000.0,-5950.940860215053,0,1,1.0,0,1.0,0.0,1,1,0,505648.4070773997,485422.4707943037,1,600000.0,400000.0,0,0.4096508611186362
34.55,diagnostic,14.73243471971203,14.73243471971203,14.73243471971203,14.73243471971203,-35105.18191195114,92.00421028972795,94.94474374764347,24999.91584234241,50.0,1,0.21039414397676312,24999.91584234241,50.0,1,1,0,0.21039414397676312,24999.91584234241,1,0.21039414397668146,1499.9949505405446,50.0,0,3.401371994288892,401.1990728226261,0.0,-275.725666108409,1799.9939406486399,-50.14988410282826,0.0,0.0,496304.5282764462,0,728.5666668277187,-5900.939924389429,230.16853120913245,92.66750669884425,-5900.939924389429,92.66750669884425,900000.0,1716.8886328271847,1,35064.477083545615,77000.0,76315.6128520677,77000.0,36627.26522637997,1,1,1,0,1,0,499520.0945632238,0,1,900000.0,-5950.940860215053,0,1,1.0,0,1.0,0.0,1,1,0,502643.6715767831,482537.9247137118,1,600000.0,400000.0,0,0.4103693527545316
34.6,diagnostic,14.62550499688232,14.62550499688232,14.62550499688232,14.62550499688232,-35122.394429965876,91.3410952622146,94.28034981131621,24999.91584234241,50.0,1,0.21039414397668146,24999.91584234241,50.0,1,1,0,0.21039414397668146,24999.91584234241,1,0.21039414397663248,1499.9949505405446,50.0,0,3.401371994288232,403.73352103767195,0.0,-273.89968402996146,1799.9939406486408,-50.466690129708994,0.0,0.0,493017.7715995079,0,719.0550478196816,-5903.1953896855575,231.63239269277145,92.00421028972795,-5903.1953896855575,92.00421028972795,900000.0,1694.8180880488576,1,33650.08555422474,77000.0,76353.03136949104,77000.0,35064.477083545615,1,1,1,0,1,0,496304.5282764462,0,1,900000.0,-5950.940860215053,0,1,1.0,0,1.0,0.0,1,1,0,499520.0945632238,479539.29078069486,1,600000.0,400000.0,0,0.41108339911490943
34.65,diagnostic,14.518595723795224,14.518595723795224,14.518595723795224,14.518595723795224,-35135.81895940844,90.67813098067039,93.61627608338549,24999.91584234241,50.0,1,0.21039414397663248,24999.91584234241,50.0,1,1,0,0.21039414397663248,24999.91584234241,1,0.21039414397659165,1499.9949505405446,50.0,0,3.4013719942875715,406.2671266915751,0.0,-272.0431030807517,1799.9939406486415,-50.783390836446884,0.0,0.0,489675.93714060675,0,709.6025533659182,-5904.954615245341,233.09565705197534,91.3410952622146,-5904.954615245341,91.3410952622146,900000.0,1677.6055700341199,1,32374.409462445077,77000.0,76382.21512914878,77000.0,33650.08555422474,1,1,1,0,1,0,493017.7715995079,0,1,900000.0,-5950.940860215053,0,1,1.0,0,1.0,0.0,1,1,0,496304.5282764462,476452.34714538837,1,600000.0,400000.0,0,0.41179286495048795
34.7,diagnostic,14.41170387607463,14.41170387607463,14.41170387607463,14.41170387607463,-35146.28986994027,90.01529348753039,92.95248206052298,24999.91584234241,50.0,1,0.21039414397659165,24999.91584234241,50.0,1,1,0,0.21039414397659165,24999.91584234241,1,0.21039414397655082,1499.9949505405446,50.0,0,3.401371994286911,408.8000395187895,0.0,-270.16285604115416,1799.9939406486424,-51.10000493984869,0.0,0.0,486291.5038624089,0,700.2216882648881,-5906.326905479666,234.55843495827668,90.67813098067039,-5906.326905479666,90.67813098067039,900000.0,1664.18104059156,1,31227.196874285743,77000.0,76404.97797813102,77000.0,32374.409462445077,1,1,1,0,1,0,489675.93714060675,0,1,900000.0,-5950.940860215053,0,1,1.0,0,1.0,0.0,1,1,0,493017.7715995079,473297.06073552754,1,600000.0,400000.0,0,0.4124976455894411
34.75,diagnostic,14.304827084183094,14.304827084183094,14.304827084183094,14.304827084183094,-35154.45774141497,89.35256403166271,92.28893011834366,24999.91584234241,50.0,1,0.21039414397655082,24999.91584234241,50.0,1,1,0,0.21039414397655082,24999.91584234241,1,0.21039414397650996,1499.9949505405446,50.0,0,3.401371994286252,411.3323765388166,0.0,-268.2643118211611,1799.993940648643,-51.41654706735208,0.0,0.0,482874.1357703681,0,690.92159458482,-5907.397487900341,236.0208128609028,90.01529348753039,-5907.397487900341,90.01529348753039,900000.0,1653.7101300597305,1,30198.068410745247,77000.0,76422.73422046732,77000.0,31227.196874285743,1,1,1,0,1,0,486291.5038624089,0,1,900000.0,-5950.940860215053,0,1,1.0,0,1.0,0.0,1,1,0,489675.93714060675,470088.89965498244,1,600000.0,400000.0,0,0.4131976600474217
34.8,diagnostic,14.197963489271167,14.197963489271167,14.197963489271167,14.197963489271167,-35160.82984798283,88.68992792193518,91.62558661981748,24999.91584234241,50.0,1,0.21039414397650996,24999.91584234241,50.0,1,1,0,0.21039414397650996,24999.91584234241,1,0.21039414397646922,1499.9949505405446,50.0,0,3.4013719942855922,413.8642292628135,0.0,-266.35162803703105,1799.993940648644,-51.73302865785169,0.0,0.0,479431.31654855737,0,681.7088391279576,-5908.2328166255775,237.48285832109428,89.35256403166271,-5908.2328166255775,89.35256403166271,900000.0,1645.5422585850336,1,29276.825645103032,77000.0,76436.58662604963,77000.0,30198.068410745247,1,1,1,0,1,0,482874.1357703681,0,1,900000.0,-5950.940860215053,0,1,1.0,0,1.0,0.0,1,1,0,486291.5038624089,466839.84370791254,1,600000.0,400000.0,0,0.4138928456862649
34.85,diagnostic,14.091111630688133,14.091111630688133,14.091111630688133,14.091111630688133,-35165.80172455544,88.02737363348123,90.96242227094073,24999.91584234241,50.0,1,0.21039414397646922,24999.91584234241,50.0,1,1,0,0.21039414397646922,24999.91584234241,1,0.2103941439764284,1499.9949505405446,50.0,0,3.401371994284932,416.3956693148281,0.0,-264.4280241218677,1799.9939406486446,-52.049458664353516,0.0,0.0,475968.84115705546,0,672.5880187863879,-5908.88470766651,238.9446241728424,88.68992792193518,-5908.88470766651,88.68992792193518,900000.0,1639.170152017172,1,28453.658629379213,77000.0,76447.39505338138,77000.0,29276.825645103032,1,1,1,0,1,0,479431.31654855737,0,1,900000.0,-5950.940860215053,0,1,1.0,0,1.0,0.0,1,1,0,482874.1357703681,463559.1703395534,1,600000.0,400000.0,0,0.4145831540756644
34.9,diagnostic,13.98427035827147,13.98427035827147,13.98427035827147,13.98427035827147,-35169.68178003107,87.36489211026642,90.29941203816175,24999.91584234241,50.0,1,0.2103941439764284,24999.91584234241,50.0,1,1,0,0.2103941439764284,24999.91584234241,1,0.21039414397638756,1499.9949505405446,50.0,0,3.401371994284272,418.9267528108518,0.0,-262.4959928829645,1799.9939406486455,-52.36584410135647,0.0,0.0,472491.19663388614,0,663.5622258614999,-5909.3935633265055,240.40615176831042,88.02737363348123,-5909.3935633265055,88.02737363348123,900000.0,1634.1982754445667,1,27719.2786396327,77000.0,76455.82995658927,77000.0,28453.658629379213,1,1,1,0,1,0,475968.84115705546,0,1,900000.0,-5950.940860215053,0,1,1.0,0,1.0,0.0,1,1,0,479431.31654855737,460254.06388661504,1,600000.0,400000.0,0,0.4152685477877657
34.95,diagnostic,13.87743876395671,13.87743876395671,13.87743876395671,13.87743876395671,-35172.71048891936,86.70247622128312,89.63653482914727,24999.91584234241,50.0,1,0.21039414397638756,24999.91584234241,50.0,1,1,0,0.21039414397638756,24999.91584234241,1,0.2103941439763467,1499.9949505405446,50.0,0,3.4013719942836125,421.45752377263204,0.0,-260.55746437392594,1799.9939406486462,-52.682190471579005,0.0,0.0,469001.8570638422,0,654.6334056964171,-5909.790886345448,241.8674735060811,87.36489211026642,-5909.790886345448,87.36489211026642,900000.0,1630.3182199689375,1,27064.99602802801,77000.0,76462.41410634643,77000.0,27719.2786396327,1,1,1,0,1,0,472491.19663388614,0,1,900000.0,-5950.940860215053,0,1,1.0,0,1.0,0.0,1,1,0,475968.84115705546,456930.0875107732,1,600000.0,400000.0,0,0.4159489979144747
35.0,diagnostic,13.770616128451772,13.770616128451772,13.770616128451772,13.770616128451772,-35175.075355528104,86.0401203365316,88.97377306320716,24999.91584234241,50.0,1,0.2103941439763467,24999.91584234241,50.0,1,1,0,0.2103941439763467,24999.91584234241,1,0.2103941439763059,1499.9949505405446,50.0,0,3.401371994282952,423.9880167916726,0.0,-258.61393282422034,1799.9939406486471,-52.99850209895907,0.0,0.0,465503.5120509129,0,645.8026314891372,-5910.101240239368,243.32861480212222,86.70247622128312,-5910.101240239368,86.70247622128312,900000.0,1627.2895110806405,1,26482.758287432447,77000.0,76467.55512071327,77000.0,27064.99602802801,1,1,1,0,1,0,469001.8570638422,0,1,900000.0,-5950.940860215053,0,1,1.0,0,1.0,0.0,1,1,0,472491.19663388614,453591.54876853066,1,600000.0,400000.0,0,0.41662448214459774
35.05,diagnostic,13.663801879657708,13.663801879657708,13.663801879657708,13.663801879657708,-35176.92258190472,85.37781999640099,88.31111220839219,24999.91584234241,50.0,1,0.2103941439763059,24999.91584234241,50.0,1,1,0,0.2103941439763059,24999.91584234241,1,0.21039414397626507,1499.9949505405446,50.0,0,3.401371994282292,426.5182591064159,0.0,-256.666554952744,1799.993940648648,-53.314782388301985,0.0,0.0,461998.24368210236,0,637.0703154066445,-5910.3437778288735,244.78959562784775,86.0401203365316,-5910.3437778288735,86.0401203365316,900000.0,1624.9246444718974,1,25965.159752839256,77000.0,76471.57083022765,77000.0,26482.758287432447,1,1,1,0,1,0,465503.5120509129,0,1,900000.0,-5950.940860215053,0,1,1.0,0,1.0,0.0,1,1,0,469001.8570638422,450241.7827812885,1,600000.0,400000.0,0,0.41729498327462733
35.1,diagnostic,13.556995560248355,13.556995560248355,13.556995560248355,13.556995560248355,-35178.36616563745,84.71557165387779,87.64854032993611,24999.91584234241,50.0,1,0.21039414397626507,24999.91584234241,50.0,1,1,0,0.21039414397626507,24999.91584234241,1,0.21039414397622425,1499.9949505405446,50.0,0,3.401371994281632,429.0482722218769,0.0,-254.71622611450485,1799.9939406486487,-53.631034027734614,0.0,0.0,458487.66359099984,0,628.4363707119567,-5910.533433072977,246.25043170937977,85.37781999640099,-5910.533433072977,85.37781999640099,900000.0,1623.0774180952824,1,25505.431534864314,77000.0,76474.70905573359,77000.0,25965.159752839256,1,1,1,0,1,0,461998.24368210236,0,1,900000.0,-5950.940860215053,0,1,1.0,0,1.0,0.0,1,1,0,465503.5120509129,446883.3715688764,1,600000.0,400000.0,0,0.41796048805541614
35.15,diagnostic,13.450196802391396,13.450196802391396,13.450196802391396,13.450196802391396,-35179.494993650354,84.05337247353981,86.98604767398214,24999.91584234241,50.0,1,0.21039414397622425,24999.91584234241,50.0,1,1,0,0.21039414397622425,24999.91584234241,1,0.21039414397618342,1499.9949505405446,50.0,0,3.4013719942815004,431.57807317251445,0.0,-252.76363927633494,1799.9939406486487,-53.947259146564306,0.0,0.0,454973.0191137037,0,619.9003362158211,-5910.681850373299,247.71113546264448,84.71557165387779,-5910.681850373299,84.71557165387779,900000.0,1621.6338343625484,1,25097.418111362345,77000.0,76477.16302967467,77000.0,25505.431534864314,1,1,1,0,1,0,458487.66359099984,0,1,900000.0,-5950.940860215053,0,1,1.0,0,1.0,0.0,1,1,0,461998.24368210236,443518.31393481826,1,600000.0,400000.0,0,0.4186209862990145
35.2,diagnostic,13.34340530803769,13.34340530803769,13.34340530803769,13.34340530803769,-35180.378373421874,83.39122017482666,86.32362629754739,24999.91584234241,50.0,1,0.21039414397618342,24999.91584234241,50.0,1,1,0,0.21039414397618342,24999.91584234241,1,0.21039414397617529,1499.9949505405446,50.0,0,3.4013719942815004,434.107675506922,0.0,-250.8093306919352,1799.9939406486487,-54.26345943836525,0.0,0.0,451455.2755036265,0,611.4614717537472,-5910.798109177019,249.17171672249123,84.05337247353981,-5910.798109177019,84.05337247353981,900000.0,1620.5050063496503,1,24735.545344289832,77000.0,76479.08342048235,77000.0,25097.418111362345,1,1,1,0,1,0,454973.0191137037,0,1,900000.0,-5950.940860215053,0,1,1.0,0,1.0,0.0,1,1,0,458487.66359099984,440148.15704735985,1,600000.0,400000.0,0,0.4192764701870148
35.25,diagnostic,13.236620833552381,13.236620833552381,13.236620833552381,13.236620833552381,-35181.070345821616,82.72911290983369,85.66126974780225,24999.91584234241,50.0,1,0.21039414397617529,24999.91584234241,50.0,1,1,0,0.21039414397617529,24999.91584234241,1,0.21039414397617529,1499.9949505405446,50.0,0,3.4013719942815004,436.6370900556146,0.0,-248.85371527451673,1799.9939406486487,-54.57963625695182,0.0,0.0,447935.1796020342,0,603.1188313810355,-5910.889288968861,250.63218331120416,83.39122017482666,-5910.889288968861,83.39122017482666,900000.0,1619.6216265781202,1,24414.78342404269,77000.0,76480.58770830785,77000.0,24735.545344289832,1,1,1,0,1,0,451455.2755036265,0,1,900000.0,-5950.940860215053,0,1,1.0,0,1.0,0.0,1,1,0,454973.0191137037,436774.0983491555,1,600000.0,400000.0,0,0.4199269337349596
35.3,diagnostic,13.129843177731356,13.129843177731356,13.129843177731356,13.129843177731356,-35181.613047942665,82.06704916802477,84.99897278919508,24999.91584234241,50.0,1,0.21039414397617529,24999.91584234241,50.0,1,1,0,0.21039414397617529,24999.91584234241,1,0.21039414397617529,1499.9949505405446,50.0,0,3.4013719942815004,439.16632552969116,0.0,-246.89711398969231,1799.9939406486487,-54.895790691211396,0.0,0.0,444413.3091450849,0,594.871319434028,-5910.96090981022,252.09254148178397,82.72911290983369,-5910.96090981022,82.72911290983369,900000.0,1618.929654178388,1,24130.60728246436,77000.0,76481.76749552753,77000.0,24414.78342404269,1,1,1,0,1,0,447935.1796020342,0,1,900000.0,-5950.940860215053,0,1,1.0,0,1.0,0.0,1,1,0,451455.2755036265,433397.0644834814,1,600000.0,400000.0,0,0.4205723723776234
35.35,diagnostic,13.023072172457363,13.023072172457363,13.023072172457363,13.023072172457363,-35182.03933519043,81.40502770193442,84.33673117453513,24999.91584234241,50.0,1,0.21039414397617529,24999.91584234241,50.0,1,1,0,0.21039414397617529,24999.91584234241,1,0.21039414397617529,1499.9949505405446,50.0,0,3.4013719942815004,441.6953889876277,0.0,-244.93977506786163,1799.9939406486487,-55.211923623453465,0.0,0.0,440890.1109459939,0,586.7177334178457,-5911.017275839089,253.55279626358603,82.06704916802477,-5911.017275839089,82.06704916802477,900000.0,1618.3869520573369,1,23878.956288654277,77000.0,76482.6942069357,77000.0,24130.60728246436,1,1,1,0,1,0,444413.3091450849,0,1,900000.0,-5950.940860215053,0,1,1.0,0,1.0,0.0,1,1,0,447935.1796020342,430017.77241795283,1,600000.0,400000.0,0,0.42121278264789785
35.4,diagnostic,12.91630767541433,12.91630767541433,12.91630767541433,12.91630767541433,-35182.37482579426,80.74304746923565,83.6745414550627,24999.91584234241,50.0,1,0.21039414397617529,24999.91584234241,50.0,1,1,0,0.21039414397617529,24999.91584234241,1,0.21039414397617529,1499.9949505405446,50.0,0,3.4013719942815004,444.22428619924705,0.0,-242.98189042983242,1799.9939406486487,-55.52803577490588,0.0,0.0,437365.9304610522,0,578.6567967670721,-5911.061743106014,255.01295173182334,81.40502770193442,-5911.061743106014,81.40502770193442,900000.0,1617.9606648095769,1,23656.194494454103,77000.0,76483.42353433534,77000.0,23878.956288654277,1,1,1,0,1,0,440890.1109459939,0,1,900000.0,-5950.940860215053,0,1,1.0,0,1.0,0.0,1,1,0,444413.3091450849,426636.77677928144,1,600000.0,400000.0,0,0.4218481619281703
35.45,diagnostic,12.809549564406524,12.809549564406524,12.809549564406524,12.809549564406524,-35182.63949496699,80.08110758756885,83.01240082425535,24999.91584234241,50.0,1,0.21039414397617529,24999.91584234241,50.0,1,1,0,0.21039414397617529,24999.91584234241,1,0.21039414397617529,1499.9949505405446,50.0,0,3.4013719942815004,446.7530219295164,0.0,-241.02360840527263,1799.9939406486487,-55.84412774118955,0.0,0.0,433841.03468276345,0,570.6871838228594,-5911.09692841281,256.47301121770465,80.74304746923565,-5911.09692841281,80.74304746923565,900000.0,1617.6251742057457,1,23459.07228713022,77000.0,76483.99890210215,77000.0,23656.194494454103,1,1,1,0,1,0,437365.9304610522,0,1,900000.0,-5950.940860215053,0,1,1.0,0,1.0,0.0,1,1,0,440890.1109459939,423254.50650815415,1,600000.0,400000.0,0,0.42247850825783595
35.5,diagnostic,12.702797732929028,12.702797732929028,12.702797732929028,12.702797732929028,-35182.84891791304,79.41920729932045,82.35030699030247,24999.91584234241,50.0,1,0.21039414397617529,24999.91584234241,50.0,1,1,0,0.21039414397617529,24999.91584234241,1,0.21039414397617529,1499.9949505405446,50.0,0,3.4013719942815004,449.28160015983156,0.0,-239.06504358021792,1799.9939406486487,-56.160200019978944,0.0,0.0,430315.6298652974,0,562.8075388291498,-5911.124872149612,257.93297747228513,80.08110758756885,-5911.124872149612,80.08110758756885,900000.0,1617.3605050330127,1,23284.690002894044,77000.0,76484.45416937617,77000.0,23459.07228713022,1,1,1,0,1,0,433841.03468276345,0,1,900000.0,-5950.940860215053,0,1,1.0,0,1.0,0.0,1,1,0,437365.9304610522,419871.2932426101,1,600000.0,400000.0,0,0.42310382018427817
35.55,diagnostic,12.596052086713916,12.596052086713916,12.596052086713916,12.596052086713916,-35183.01523903449,78.75734594415998,81.68825807260696,24999.91584234241,50.0,1,0.21039414397617529,24999.91584234241,50.0,1,1,0,0.21039414397617529,24999.91584234241,1,0.21039414397617529,1499.9949505405446,50.0,0,3.4013719942815004,451.810024260558,0.0,-237.10628442133097,1799.9939406486487,-56.47625303256975,0.0,0.0,426789.87524811085,0,555.0164903346679,-5911.14716526321,259.39285279422455,79.41920729932045,-5911.14716526321,79.41920729932045,900000.0,1617.1510820869614,1,23130.46383147218,77000.0,76484.8157370315,77000.0,23284.690002894044,1,1,1,0,1,0,430315.6298652974,0,1,900000.0,-5950.940860215053,0,1,1.0,0,1.0,0.0,1,1,0,433841.03468276345,416487.3932954529,1,600000.0,400000.0,0,0.42372409664750754
35.6,diagnostic,12.489312541037208,12.489312541037208,12.489312541037208,12.489312541037208,-35183.14792764663,78.09552293762628,81.0262525182071,24999.91584234241,50.0,1,0.21039414397617529,24999.91584234241,50.0,1,1,0,0.21039414397617529,24999.91584234241,1,0.21039414397617529,1499.9949505405446,50.0,0,3.4013719942815004,454.33829712556644,0.0,-235.1473991785606,1799.9939406486487,-56.792287140695805,0.0,0.0,423263.8936806981,0,547.312662067265,-5911.165048257589,260.8526391294045,78.75734594415998,-5911.165048257589,78.75734594415998,900000.0,1616.9847609655092,1,22994.094179648495,77000.0,76485.10419053615,77000.0,23130.46383147218,1,1,1,0,1,0,426789.87524811085,0,1,900000.0,-5950.940860215053,0,1,1.0,0,1.0,0.0,1,1,0,430315.6298652974,413103.0046706855,1,600000.0,400000.0,0,0.42433933689086023
35.65,diagnostic,12.382579018618989,12.382579018618989,12.382579018618989,12.382579018618989,-35183.254367229165,77.4337377544307,80.36428903457028,24999.91584234241,50.0,1,0.21039414397617529,24999.91584234241,50.0,1,1,0,0.21039414397617529,24999.91584234241,1,0.21039414397617529,1499.9949505405446,50.0,0,3.4013719942815004,456.8664212771333,0.0,-233.18844045472144,1799.9939406486487,-57.108302659641666,0.0,0.0,419737.77984780684,0,539.6946811009607,-5911.179488387258,262.31233814860195,78.09552293762628,-5911.179488387258,78.09552293762628,900000.0,1616.8520723533716,1,22873.536545680945,77000.0,76485.33558093298,77000.0,22994.094179648495,1,1,1,0,1,0,423263.8936806981,0,1,900000.0,-5950.940860215053,0,1,1.0,0,1.0,0.0,1,1,0,426789.87524811085,409718.2802381864,1,600000.0,400000.0,0,0.4249495403918744
35.7,diagnostic,12.275851447986083,12.275851447986083,12.275851447986083,12.275851447986083,-35183.34031488096,76.77198991543773,79.70236653574685,24999.91584234241,50.0,1,0.21039414397617529,24999.91584234241,50.0,1,1,0,0.21039414397617529,24999.91584234241,1,0.21039414397617529,1499.9949505405446,50.0,0,3.4013719942815004,459.394398947736,0.0,-231.2294487428814,1799.9939406486487,-57.424299868467,0.0,0.0,416211.60663671384,0,532.1611839465878,-5911.19123984692,263.77195130805393,77.4337377544307,-5911.19123984692,77.4337377544307,900000.0,1616.745632770829,1,22766.974875319534,77000.0,76485.52242365426,77000.0,22873.536545680945,1,1,1,0,1,0,419737.77984780684,0,1,900000.0,-5950.940860215053,0,1,1.0,0,1.0,0.0,1,1,0,423263.8936806981,406333.3379334702,1,600000.0,400000.0,0,0.4255547068087851
35.75,diagnostic,12.16912976219536,12.16912976219536,12.16912976219536,12.16912976219536,-35183.41025956887,76.11027897751372,79.04048409936249,24999.91584234241,50.0,1,0.21039414397617529,24999.91584234241,50.0,1,1,0,0.21039414397617529,24999.91584234241,1,0.21039414397617529,1499.9949505405446,50.0,0,3.4013719942815004,461.92223214382926,0.0,-229.27045516457196,1799.9939406486487,-57.74027901797866,0.0,0.0,412685.4300659872,0,524.7108210512012,-5911.200890702943,265.2314798966817,76.77198991543773,-5911.200890702943,76.77198991543773,900000.0,1616.6596851190423,1,22672.79731505085,77000.0,76485.67447732363,77000.0,22766.974875319534,1,1,1,0,1,0,416211.60663671384,0,1,900000.0,-5950.940860215053,0,1,1.0,0,1.0,0.0,1,1,0,419737.77984780684,402948.26865389454,1,600000.0,400000.0,0,0.4261548359391151
35.8,diagnostic,12.062413897838235,12.062413897838235,12.062413897838235,12.062413897838235,-35183.46770146392,75.44860452561123,78.37864093235974,24999.91584234241,50.0,1,0.21039414397617529,24999.91584234241,50.0,1,1,0,0.21039414397617529,24999.91584234241,1,0.21039414397617529,1499.9949505405446,50.0,0,3.4013719942815004,464.4499226955759,0.0,-227.31148358926194,1799.9939406486487,-58.056240336946985,0.0,0.0,409159.29310052627,0,517.3422600792948,-5911.208899487048,266.69092507291265,76.11027897751372,-5911.208899487048,76.11027897751372,900000.0,1616.5897404311313,1,22589.574242463736,77000.0,76485.7993510085,77000.0,22672.79731505085,1,1,1,0,1,0,412685.4300659872,0,1,900000.0,-5950.940860215053,0,1,1.0,0,1.0,0.0,1,1,0,416211.60663671384,399563.14237124525,1,600000.0,400000.0,0,0.4267499276876262
35.85,diagnostic,11.955703794264457,11.955703794264457,11.955703794264457,11.955703794264457,-35183.515369746914,74.78696616659705,77.71683634377294,24999.91584234241,50.0,1,0.21039414397617529,24999.91584234241,50.0,1,1,0,0.21039414397617529,24999.91584234241,1,0.21039414397617529,1499.9949505405446,50.0,0,3.4013719942815004,466.97747229562185,0.0,-225.35255227482,1799.9939406486487,-58.37218403695273,0.0,0.0,405633.2286043839,0,510.0541882626054,-5911.215623729391,268.15028789339163,75.44860452561123,-5911.215623729391,75.44860452561123,900000.0,1616.5322985360867,1,22516.03843215229,77000.0,76485.90297771066,77000.0,22589.574242463736,1,1,1,0,1,0,409159.29310052627,0,1,900000.0,-5950.940860215053,0,1,1.0,0,1.0,0.0,1,1,0,412685.4300659872,396178.0128633477,1,600000.0,400000.0,0,0.42733998204151613
35.9,diagnostic,11.848999392976816,11.848999392976816,11.848999392976816,11.848999392976816,-35183.55539243734,74.12536352443963,77.05506972313682,24999.91584234241,50.0,1,0.21039414397617529,24999.91584234241,50.0,1,1,0,0.21039414397617529,24999.91584234241,1,0.21039414397617529,1499.9949505405446,50.0,0,3.4013719942815004,469.5048825293315,0.0,-223.3936751371554,1799.9939406486487,-58.68811031616644,0.0,0.0,402107.26162611245,0,502.8453140389365,-5911.221342206532,269.6095693353683,74.78696616659705,-5911.221342206532,74.78696616659705,900000.0,1616.4846302530952,1,22451.067204457897,77000.0,76485.98998355941,77000.0,22516.03843215229,1,1,1,0,1,0,405633.2286043839,0,1,900000.0,-5950.940860215053,0,1,1.0,0,1.0,0.0,1,1,0,409159.29310052627,392792.9213765052,1,600000.0,400000.0,0,0.42792499905122633
35.95,diagnostic,11.742300637159202,11.742300637159202,11.742300637159202,11.742300637159202,-35183.589428813284,73.46379623645626,76.39334052339369,24999.91584234241,50.0,1,0.21039414397617529,24999.91584234241,50.0,1,1,0,0.21039414397617529,24999.91584234241,1,0.21039414397617529,1499.9949505405446,50.0,0,3.4013719942815004,472.03215489836305,0.0,-221.43486273280612,1799.9939406486487,-59.00401936229538,0.0,0.0,398581.4111674163,0,495.71436814938636,-5911.226272288789,271.0687703141532,74.12536352443963,-5911.226272288789,74.12536352443963,900000.0,1616.4446075626709,1,22393.66640065597,77000.0,76486.06397568106,77000.0,22451.067204457897,1,1,1,0,1,0,402107.26162611245,0,1,900000.0,-5950.940860215053,0,1,1.0,0,1.0,0.0,1,1,0,405633.2286043839,389407.8994602085,1,600000.0,400000.0,0,0.42850497881558913
36.0,diagnostic,11.635607471308564,11.635607471308564,11.635607471308564,11.635607471308564,-35183.61877266287,72.80226395038706,75.73164824738345,24999.91584234241,50.0,1,0.21039414397617529,24999.91584234241,50.0,1,1,0,0.21039414397617529,24999.91584234241,1,0.21039414397617529,1499.9949505405446,50.0,0,3.4013719942815004,474.55929083905136,0.0,-219.47612301933256,1799.9939406486487,-59.31991135488142,0.0,0.0,395055.691551856,0,488.6601043240922,-5911.230583466402,272.52789169672906,73.46379623645626,-5911.230583466402,73.46379623645626,900000.0,1616.4105711867144,1,22342.956029698173,77000.0,76486.1277666584,77000.0,22393.66640065597,1,1,1,0,1,0,398581.4111674163,0,1,900000.0,-5950.940860215053,0,1,1.0,0,1.0,0.0,1,1,0,402107.26162611245,386022.97116106795,1,600000.0,400000.0,0,0.4290799214703376
36.05,diagnostic,11.528919840947943,11.528919840947943,11.528919840947943,11.528919840947943,-35183.644432792025,72.1407663221131,75.06999243718042,24999.91584234241,50.0,1,0.21039414397617529,24999.91584234241,50.0,1,1,0,0.21039414397617529,24999.91584234241,1,0.21039414397617529,1499.9949505405446,50.0,0,3.4013719942815004,477.0862917367423,0.0,-217.5174619437264,1799.9939406486487,-59.635786467092785,0.0,0.0,391530.1134839806,0,481.68129965641737,-5911.234407896252,273.9869343123642,72.80226395038706,-5911.234407896252,72.80226395038706,900000.0,1616.3812273371332,1,22298.157436665086,77000.0,76486.18354954787,77000.0,22342.956029698173,1,1,1,0,1,0,395055.691551856,0,1,900000.0,-5950.940860215053,0,1,1.0,0,1.0,0.0,1,1,0,398581.4111674163,382638.15472071967,1,600000.0,400000.0,0,0.4296498271792139
36.1,diagnostic,11.422237692402678,11.422237692402678,11.422237692402678,11.422237692402678,-35183.667195798495,71.47930301387724,74.40837266568732,24999.91584234241,50.0,1,0.21039414397617529,24999.91584234241,50.0,1,1,0,0.21039414397617529,24999.91584234241,1,0.21039414397617529,1499.9949505405446,50.0,0,3.4013719942815004,479.61315893696934,0.0,-215.55888389771005,1799.9939406486487,-59.95164486712117,0.0,0.0,388004.68486886367,0,474.7767547422621,-5911.23784862541,275.4458989608885,72.1407663221131,-5911.23784862541,72.1407663221131,900000.0,1616.3555672079783,1,22258.581850433897,77000.0,76486.23303434455,77000.0,22298.157436665086,1,1,1,0,1,0,391530.1134839806,0,1,900000.0,-5950.940860215053,0,1,1.0,0,1.0,0.0,1,1,0,395055.691551856,379253.46388978173,1,600000.0,400000.0,0,0.43021469612709
36.15,diagnostic,11.315560972625905,11.315560972625905,11.315560972625905,11.315560972625905,-35183.68767501844,70.81787369289661,73.74678853001626,24999.91584234241,50.0,1,0.21039414397617529,24999.91584234241,50.0,1,1,0,0.21039414397617529,24999.91584234241,1,0.21039414397617529,1499.9949505405446,50.0,0,3.4013719942815004,482.13989375417015,0.0,-213.60039207001574,1799.9939406486487,-60.26748671927127,0.0,0.0,384479.411446204,0,467.9452936433279,-5911.240986003252,276.90478641914603,71.47930301387724,-5911.240986003252,71.47930301387724,900000.0,1616.332804201507,1,22223.620176811375,77000.0,76486.27755438793,77000.0,22258.581850433897,1,1,1,0,1,0,388004.68486886367,0,1,900000.0,-5950.940860215053,0,1,1.0,0,1.0,0.0,1,1,0,391530.1134839806,375868.90894462133,1,600000.0,400000.0,0,0.43077452851464837
36.2,diagnostic,11.208889629062455,11.208889629062455,11.208889629062455,11.208889629062455,-35183.706348691354,70.15647803028061,73.08523964628147,24999.91584234241,50.0,1,0.21039414397617529,24999.91584234241,50.0,1,1,0,0.21039414397617529,24999.91584234241,1,0.21039414397617529,1499.9949505405446,50.0,0,3.4013719942815004,484.66649747848186,0.0,-211.64198871894007,1799.9939406486487,-60.58331218481023,0.0,0.0,380954.2972809218,0,461.1857637194182,-5911.243882681168,278.3635974460277,70.81787369289661,-5911.243882681168,70.81787369289661,900000.0,1616.3123249815544,1,22192.733912861615,77000.0,76486.31814932903,77000.0,22223.620176811375,1,1,1,0,1,0,384479.411446204,0,1,900000.0,-5950.940860215053,0,1,1.0,0,1.0,0.0,1,1,0,388004.68486886367,372484.4974741091,1,600000.0,400000.0,0,0.43132932455426326
36.25,diagnostic,11.10222360954272,11.10222360954272,11.10222360954272,11.10222360954272,-35183.72358971831,69.49511570018723,72.42372564550666,24999.91584234241,50.0,1,0.21039414397617529,24999.91584234241,50.0,1,1,0,0.21039414397617529,24999.91584234241,1,0.21039414397617529,1499.9949505405446,50.0,0,3.4013719942815004,487.19297138104145,0.0,-209.68367538320268,1799.9939406486487,-60.89912142263018,0.0,0.0,377429.34514270304,0,454.49703536430394,-5911.246587510941,279.8223327863946,70.15647803028061,-5911.246587510941,70.15647803028061,900000.0,1616.2936513086452,1,22165.447067897796,77000.0,76486.3556298224,77000.0,22192.733912861615,1,1,1,0,1,0,380954.2972809218,0,1,900000.0,-5950.940860215053,0,1,1.0,0,1.0,0.0,1,1,0,384479.411446204,369100.23498835583,1,600000.0,400000.0,0,0.43187908446681816
36.3,diagnostic,10.995562862199874,10.995562862199874,10.995562862199874,10.995562862199874,-35183.73968886512,68.83378637916488,71.76224617041076,24999.91584234241,50.0,1,0.21039414397617529,24999.91584234241,50.0,1,1,0,0.21039414397617529,24999.91584234241,1,0.21039414397617529,1499.9949505405446,50.0,0,3.4013719942815004,489.7193167181185,0.0,-207.7254530450645,1799.9939406486487,-61.21491458976481,0.0,0.0,373904.55679961154,0,447.8780016715593,-5911.24913858444,281.28099317413796,69.49511570018723,-5911.24913858444,69.49511570018723,900000.0,1616.2764102816964,1,22141.338986273022,77000.0,76486.39062796764,77000.0,22165.447067897796,1,1,1,0,1,0,377429.34514270304,0,1,900000.0,-5950.940860215053,0,1,1.0,0,1.0,0.0,1,1,0,380954.2972809218,365716.12538968486,1,600000.0,400000.0,0,0.432423808479243
36.35,diagnostic,10.888907335405303,10.888907335405303,10.888907335405303,10.888907335405303,-35183.75487285458,68.17248974563923,71.10080087288519,24999.91584234241,50.0,1,0.21039414397617529,24999.91584234241,50.0,1,1,0,0.21039414397617529,24999.91584234241,1,0.21039414397617529,1499.9949505405446,50.0,0,3.4013719942815004,492.2455347343377,0.0,-205.76732225650767,1799.9939406486487,-61.53069184179221,0.0,0.0,370379.93324521167,0,441.32757805053194,-5911.251565603736,282.7395793345653,68.83378637916488,-5911.251565603736,68.83378637916488,900000.0,1616.2603111348835,1,22120.037976471467,77000.0,76486.42363664041,77000.0,22141.338986273022,1,1,1,0,1,0,373904.55679961154,0,1,900000.0,-5950.940860215053,0,1,1.0,0,1.0,0.0,1,1,0,377429.34514270304,362332.1713369949,1,600000.0,400000.0,0,0.4329634968226094
36.4,diagnostic,10.78225697771825,10.78225697771825,10.78225697771825,10.78225697771825,-35183.76931847344,67.51122547951289,70.43938941201509,24999.91584234241,50.0,1,0.21039414397617529,24999.91584234241,50.0,1,1,0,0.21039414397617529,24999.91584234241,1,0.21039414397617529,1499.9949505405446,50.0,0,3.4013719942815004,494.77162666519325,0.0,-203.80928323683364,1799.9939406486487,-61.84645333314916,0.0,0.0,366855.47487424477,0,434.844701807822,-5911.253891729144,284.19809198626115,68.17248974563923,-5911.253891729144,68.17248974563923,900000.0,1616.2451271454127,1,22101.2156599166,77000.0,76486.45504015965,77000.0,22120.037976471467,1,1,1,0,1,0,370379.93324521167,0,1,900000.0,-5950.940860215053,0,1,1.0,0,1.0,0.0,1,1,0,373904.55679961154,358948.3745276271,1,600000.0,400000.0,0,0.43349814973065787
36.45,diagnostic,10.675611737846507,10.675611737846507,10.675611737846507,10.675611737846507,-35183.78316357187,66.84999326185316,69.77801145252835,24999.91584234241,50.0,1,0.21039414397617529,24999.91584234241,50.0,1,1,0,0.21039414397617529,24999.91584234241,1,0.21039414397617529,1499.9949505405446,50.0,0,3.4013719942815004,497.29759373900856,0.0,-201.85133594815068,1799.9939406486487,-62.16219921737607,0.0,0.0,363331.181618506,0,428.42833170595384,-5911.256135020195,285.65653184253836,67.51122547951289,-5911.256135020195,67.51122547951289,900000.0,1616.230681526561,1,22084.58196129008,77000.0,76486.48513819971,77000.0,22101.2156599166,1,1,1,0,1,0,366855.47487424477,0,1,900000.0,-5950.940860215053,0,1,1.0,0,1.0,0.0,1,1,0,370379.93324521167,355564.7359154032,1,600000.0,400000.0,0,0.43402776743865895
36.5,diagnostic,10.56897156461578,10.56897156461578,10.56897156461578,10.56897156461578,-35183.7965156402,66.18879277464835,69.11666666358013,24999.91584234241,50.0,1,0.21039414397617529,24999.91584234241,50.0,1,1,0,0.21039414397617529,24999.91584234241,1,0.21039414397617529,1499.9949505405446,50.0,0,3.4013719942815004,499.82343717846555,0.0,-199.89348015375484,1799.9939406486487,-62.477929647308194,0.0,0.0,359807.05305192963,0,422.07744750810446,-5911.258309559195,287.1148996125698,66.84999326185316,-5911.258309559195,66.84999326185316,900000.0,1616.2168364281315,1,22069.88066994282,77000.0,76486.51416443521,77000.0,22084.58196129008,1,1,1,0,1,0,363331.181618506,0,1,900000.0,-5950.940860215053,0,1,1.0,0,1.0,0.0,1,1,0,366855.47487424477,352181.255879275,1,600000.0,400000.0,0,0.43455235018253224
36.55,diagnostic,10.462336406945736,10.462336406945736,10.462336406945736,10.462336406945736,-35183.80945849633,65.52762370061784,68.45535471780101,24999.91584234241,50.0,1,0.21039414397617529,24999.91584234241,50.0,1,1,0,0.21039414397617529,24999.91584234241,1,0.21039414397617529,1499.9949505405446,50.0,0,3.4013719942815004,502.34915820179737,0.0,-197.93571546327837,1799.9939406486487,-62.79364477522467,0.0,0.0,356283.0884718561,0,415.79104951557537,-5911.260426327297,288.5731960022711,66.18879277464835,-5911.260426327297,66.18879277464835,900000.0,1616.2034843598028,1,22056.88550916126,77000.0,76486.54230107898,77000.0,22069.88066994282,1,1,1,0,1,0,359807.05305192963,0,1,900000.0,-5950.940860215053,0,1,1.0,0,1.0,0.0,1,1,0,363331.181618506,348797.93435376574,1,600000.0,400000.0,0,0.43507189819816666
36.6,diagnostic,10.355706213831343,10.355706213831343,10.355706213831343,10.355706213831343,-35183.822057500074,64.86648572306356,67.79407529055175,24999.91584234241,50.0,1,0.21039414397617529,24999.91584234241,50.0,1,1,0,0.21039414397617529,24999.91584234241,1,0.21039414397617529,1499.9949505405446,50.0,0,3.4013719942815004,504.87475802371944,0.0,-195.9780413676018,1799.9939406486487,-63.10934475296493,0.0,0.0,352759.28696187347,0,409.5681581030349,-5911.2624938875915,290.0314217149896,65.52762370061784,-5911.2624938875915,65.52762370061784,900000.0,1616.1905415036683,1,22045.396656630484,77000.0,76486.56969021756,77000.0,22056.88550916126,1,1,1,0,1,0,356283.0884718561,0,1,900000.0,-5950.940860215053,0,1,1.0,0,1.0,0.0,1,1,0,359807.05305192963,345414.77092985244,1,600000.0,400000.0,0,0.43558641172089324
36.65,diagnostic,10.249080934328282,10.249080934328282,10.249080934328282,10.249080934328282,-35183.834363618946,64.20537852575433,67.13282805933996,24999.91584234241,50.0,1,0.21039414397617529,24999.91584234241,50.0,1,1,0,0.21039414397617529,24999.91584234241,1,0.21039414397617529,1499.9949505405446,50.0,0,3.4013719942815004,507.40023785615415,0.0,-194.0204572658498,1799.9939406486487,-63.42502973201927,0.0,0.0,349235.64744040975,0,403.4078132552782,-5911.26451891774,291.4895774520416,64.86648572306356,-5911.26451891774,64.86648572306356,900000.0,1616.1779424999247,1,22035.237665428962,77000.0,76486.59644264987,77000.0,22045.396656630484,1,1,1,0,1,0,352759.28696187347,0,1,900000.0,-5950.940860215053,0,1,1.0,0,1.0,0.0,1,1,0,356283.0884718561,342031.7649329818,1,600000.0,400000.0,0,0.43609589098507895
36.7,diagnostic,10.142460517541545,10.142460517541545,10.142460517541545,10.142460517541545,-35183.84641659839,63.54430179283535,66.47161270336383,24999.91584234241,50.0,1,0.21039414397617529,24999.91584234241,50.0,1,1,0,0.21039414397617529,24999.91584234241,1,0.21039414397617529,1499.9949505405446,50.0,0,3.4013719942815004,509.92559890879915,0.0,-192.06296248626262,1799.9939406486487,-63.74069986359989,0.0,0.0,345712.1686983014,0,397.3090741082816,-5911.266506625274,292.9476639131308,64.20537852575433,-5911.266506625274,64.20537852575433,900000.0,1616.1656363810605,1,22026.252740324853,77000.0,76486.6226447791,77000.0,22035.237665428962,1,1,1,0,1,0,349235.64744040975,0,1,900000.0,-5950.940860215053,0,0,1.0,0,1.0,0.0,1,1,0,352759.28696187347,338648.91548339854,1,600000.0,400000.0,0,0.43660033622381167
36.75,diagnostic,10.035844912616543,10.035844912616543,10.035844912616543,10.035844912616543,-35183.85824743363,62.88325520875758,65.81042890315501,24999.91584234241,50.0,1,0.21039414397617529,24999.91584234241,50.0,1,1,0,0.21039414397617529,24999.91584234241,1,0.21039414397617529,1499.9949505405446,50.0,0,3.4013719942815004,512.4508423895685,0.0,-190.10555630233273,1799.9939406486487,-64.05635529869606,0.0,0.0,342188.84942783945,0,391.27101849657043,-5911.26846107142,294.40568179667633,63.54430179283535,-5911.26846107142,63.54430179283535,900000.0,1616.1535834016152,1,22018.304329054627,77000.0,76486.64836398614,77000.0,22026.252740324853,1,1,1,0,1,0,345712.1686983014,0,1,900000.0,-5950.940860215053,0,0,1.0,0,1.0,0.0,1,1,0,349235.64744040975,335266.2215427933,1,600000.0,400000.0,0,0.43709974766865806
36.8,diagnostic,9.929234068732132,9.929234068732132,9.929234068732132,9.929234068732132,-35183.86988029709,62.22223845822257,65.14927634029947,24999.91584234241,50.0,1,0.21039414397617529,24999.91584234241,50.0,1,1,0,0.21039414397617529,24999.91584234241,1,0.21039414397617529,1499.9949505405446,50.0,0,3.4013719942815004,514.9759695049389,0.0,-188.1482379452791,1799.9939406486487,-64.37199618811736,0.0,0.0,338665.68824522255,0,385.2927425083624,-5911.270385423589,295.8636318000679,62.88325520875758,-5911.270385423589,62.88325520875758,900000.0,1616.1417525663758,1,22011.270992687616,77000.0,76486.67365281977,77000.0,22018.304329054627,1,1,1,0,1,0,342188.84942783945,0,1,900000.0,-5950.940860215053,0,0,1.0,0,1.0,0.0,1,1,0,345712.1686983014,331883.6819503693,1,600000.0,400000.0,0,0.4375941255494759
36.85,diagnostic,9.822627935095166,9.822627935095166,9.822627935095166,9.822627935095166,-35183.8813340412,61.56125122613922,64.48815469721897,24999.91584234241,50.0,1,0.21039414397617529,24999.91584234241,50.0,1,1,0,0.21039414397617529,24999.91584234241,1,0.21039414397617529,1499.9949505405446,50.0,0,3.4013719942815004,517.5009814602186,0.0,-186.1910066136894,1799.9939406486487,-64.68762268252732,0.0,0.0,335142.68370791344,0,379.3733600495004,-5911.272282152256,297.321514619865,62.22223845822257,-5911.272282152256,62.22223845822257,900000.0,1616.1301197029081,1,22005.04552315214,77000.0,76486.69855226348,77000.0,22011.270992687616,1,1,1,0,1,0,338665.68824522255,0,1,900000.0,-5950.940860215053,0,0,1.0,0,1.0,0.0,1,1,0,342188.84942783945,328501.2954507259,1,600000.0,400000.0,0,0.43808347009426857
36.9,diagnostic,9.716026460936224,9.716026460936224,9.716026460936224,9.716026460936224,-35183.89262337022,60.90029319759003,63.8270636570005,24999.91584234241,50.0,1,0.21039414397617529,24999.91584234241,50.0,1,1,0,0.21039414397617529,24999.91584234241,1,0.21039414397617529,1499.9949505405446,50.0,0,3.4013719942815004,520.0258794597592,0.0,-184.23386148097293,1799.9939406486487,-65.0032349324699,0.0,0.0,331619.83432805375,0,373.5120024168711,-5911.274153184469,298.7793309519527,61.56125122613922,-5911.274153184469,61.56125122613922,900000.0,1616.1186659588,1,21999.53327955895,77000.0,76486.7230942831,77000.0,22005.04552315214,1,1,1,0,1,0,335142.68370791344,0,1,900000.0,-5950.940860215053,0,0,1.0,0,1.0,0.0,1,1,0,338665.68824522255,325119.06071541365,1,600000.0,400000.0,0,0.43856778152907344
36.95,diagnostic,9.609429595506253,9.609429595506253,9.609429595506253,9.609429595506253,-35183.90375975396,60.239364057804586,63.16600290326256,24999.91584234241,50.0,1,0.21039414397617529,24999.91584234241,50.0,1,1,0,0.21039414397617529,24999.91584234241,1,0.21039414397617529,1499.9949505405446,50.0,0,3.4013719942815004,522.5506647071197,0.0,-182.27680170112063,1799.9939406486487,-65.31883308838997,0.0,0.0,328097.1385828325,0,367.70781788174037,-5911.2760000235385,300.23708149166384,60.90029319759003,-5911.2760000235385,60.90029319759003,900000.0,1616.1073766297768,1,21994.650718140903,77000.0,76486.74730381295,77000.0,21999.53327955895,1,1,1,0,1,0,331619.83432805375,0,1,900000.0,-5950.940860215053,0,0,1.0,0,1.0,0.0,1,1,0,335142.68370791344,321736.9763595969,1,600000.0,400000.0,0,0.4390470600778756
37.0,diagnostic,9.502837288073934,9.502837288073934,9.502837288073934,9.502837288073934,-35183.9147521401,59.578463492138766,62.504972120050766,24999.91584234241,50.0,1,0.21039414397617529,24999.91584234241,50.0,1,1,0,0.21039414397617529,24999.91584234241,1,0.21039414397617529,1499.9949505405446,50.0,0,3.4013719942815004,525.0753384051968,0.0,-180.319826413156,1799.9939406486487,-65.6344173006496,0.0,0.0,324574.59492249694,0,361.95997128326263,-5911.277823842376,301.69476693387344,60.239364057804586,-5911.277823842376,60.239364057804586,900000.0,1616.0962402460414,1,21990.324093470637,77000.0,76486.77120030455,77000.0,21994.650718140903,1,1,1,0,1,0,328097.1385828325,0,1,900000.0,-5950.940860215053,0,0,1.0,0,1.0,0.0,1,1,0,331619.83432805375,318355.0409549316,1,600000.0,400000.0,0,0.4395213059625412
37.05,diagnostic,9.396249487923617,9.396249487923617,9.396249487923617,9.396249487923617,-35183.925607509824,58.917591186058395,61.84397099175618,24999.91584234241,50.0,1,0.21039414397617529,24999.91584234241,50.0,1,1,0,0.21039414397617529,24999.91584234241,1,0.21039414397617529,1499.9949505405446,50.0,0,3.4013719942815004,527.5999017563248,0.0,-178.3629347445746,1799.9939406486487,-65.9499877195406,0.0,0.0,321052.2017765446,0,356.26764363226624,-5911.27962555626,303.15238797307427,59.578463492138766,-5911.27962555626,59.578463492138766,900000.0,1616.0852478599093,1,21986.488311151865,77000.0,76486.7947989344,77000.0,21990.324093470637,1,1,1,0,1,0,324574.59492249694,0,1,900000.0,-5950.940860215053,0,0,1.0,0,1.0,0.0,1,1,0,328097.1385828325,314973.2530395192,1,600000.0,400000.0,0,0.4399905194027662
37.1,diagnostic,9.289666144353658,9.289666144353658,9.289666144353658,9.289666144353658,-35183.936331310855,58.25674682512643,61.18299920305134,24999.91584234241,50.0,1,0.21039414397617529,24999.91584234241,50.0,1,1,0,0.21039414397617529,24999.91584234241,1,0.21039414397617529,1499.9949505405446,50.0,0,3.4013719942815004,530.1243559623554,0.0,-176.40612581400123,1799.9939406486487,-66.26554449529442,0.0,0.0,317529.9575585054,0,350.630031725319,-5911.281405879575,304.60994530343424,58.917591186058395,-5911.281405879575,58.917591186058395,900000.0,1616.074392490178,1,21983.085914435916,77000.0,76486.81811154533,77000.0,21986.488311151865,1,1,1,0,1,0,321052.2017765446,0,1,900000.0,-5950.940860215053,0,0,1.0,0,1.0,0.0,1,1,0,324574.59492249694,311591.61112559703,1,600000.0,400000.0,0,0.4404547006160357
37.15,diagnostic,9.18308720667515,9.18308720667515,9.18308720667515,9.18308720667515,-35183.94692779523,57.59593009499268,60.52205643884024,24999.91584234241,50.0,1,0.21039414397617529,24999.91584234241,50.0,1,1,0,0.21039414397617529,24999.91584234241,1,0.21039414397617529,1499.9949505405446,50.0,0,3.4013719942815004,532.648702224721,0.0,-174.44939873324273,1799.9939406486487,-66.58108777809012,0.0,0.0,314007.860669637,0,345.04634776899553,-5911.28316537006,306.06743961884285,58.25674682512643,-5911.28316537006,58.25674682512643,900000.0,1616.0636686891467,1,21980.066189222773,77000.0,76486.84114738094,77000.0,21983.085914435916,1,1,1,0,1,0,317529.9575585054,0,1,900000.0,-5950.940860215053,0,0,1.0,0,1.0,0.0,1,1,0,321052.2017765446,308210.1137054828,1,600000.0,400000.0,0,0.44091384981759424
37.2,diagnostic,9.076512624210856,9.076512624210856,9.076512624210856,9.076512624210856,-35183.9574002826,56.93514068138593,59.86114238421912,24999.91584234241,50.0,1,0.21039414397617529,24999.91584234241,50.0,1,1,0,0.21039414397617529,24999.91584234241,1,0.21039414397617529,1499.9949505405446,50.0,0,3.4013719942815004,535.1729417444825,0.0,-172.49275260887342,1799.9939406486487,-66.89661771806031,0.0,0.0,310485.90950177854,0,339.5158190142107,-5911.284904463302,307.5248716129475,57.59593009499268,-5911.284904463302,57.59593009499268,900000.0,1616.0530722047681,1,21977.38437368779,77000.0,76486.86391365781,77000.0,21980.066189222773,1,1,1,0,1,0,314007.860669637,0,1,900000.0,-5950.940860215053,0,0,1.0,0,1.0,0.0,1,1,0,317529.9575585054,304828.7592561652,1,600000.0,400000.0,0,0.4413679672204231
37.25,diagnostic,8.969942346294403,8.969942346294403,8.969942346294403,8.969942346294403,-35183.96775136558,56.27437827010731,59.20025672444574,24999.91584234241,50.0,1,0.21039414397617529,24999.91584234241,50.0,1,1,0,0.21039414397617529,24999.91584234241,1,0.21039414397617529,1499.9949505405446,50.0,0,3.4013719942815004,537.6970757223689,0.0,-170.53618654345962,1799.9939406486487,-67.21213446529612,0.0,0.0,306964.10243955493,0,334.0376874004454,-5911.286623499642,308.9822419791809,56.93514068138593,-5911.286623499642,56.93514068138593,900000.0,1616.0425997174061,1,21975.000960359564,77000.0,76486.8864160121,77000.0,21977.38437368779,1,1,1,0,1,0,310485.90950177854,0,1,900000.0,-5950.940860215053,0,0,1.0,0,1.0,0.0,1,1,0,314007.860669637,301447.5462428515,1,600000.0,400000.0,0,0.44181705303522106
37.3,diagnostic,8.863376322269604,8.863376322269604,8.863376322269604,8.863376322269604,-35183.97798306987,55.6136425470253,58.53939914491527,24999.91584234241,50.0,1,0.21039414397617529,24999.91584234241,50.0,1,1,0,0.21039414397617529,24999.91584234241,1,0.21039414397617529,1499.9949505405446,50.0,0,3.4013719942815004,540.2211053588085,0.0,-168.57969963650564,1799.9939406486487,-67.52763816985106,0.0,0.0,303442.43786207936,0,328.61120920965465,-5911.288322745136,310.4395514107843,56.27437827010731,-5911.288322745136,56.27437827010731,900000.0,1616.0322486344335,1,21972.881079877774,77000.0,76486.90865884753,77000.0,21975.000960359564,1,1,1,0,1,0,306964.10243955493,0,1,900000.0,-5950.940860215053,0,0,1.0,0,1.0,0.0,1,1,0,310485.90950177854,298066.4731217074,1,600000.0,400000.0,0,0.4422611074703903
37.35,diagnostic,8.756814501489922,8.756814501489922,8.756814501489922,8.756814501489922,-35183.98809697905,54.95293319807154,57.87856933114134,24999.91584234241,50.0,1,0.21039414397617529,24999.91584234241,50.0,1,1,0,0.21039414397617529,24999.91584234241,1,0.21039414397617529,1499.9949505405446,50.0,0,3.4013719942815004,542.7450318539519,0.0,-166.62329098518282,1799.9939406486487,-67.84312898174399,0.0,0.0,299920.9141442657,0,323.23565472963753,-5911.290002407918,311.89680060082526,55.6136425470253,-5911.290002407918,55.6136425470253,900000.0,1616.022016930135,1,21970.993956905877,77000.0,76486.93064560663,77000.0,21972.881079877774,1,1,1,0,1,0,303442.43786207936,0,1,900000.0,-5950.940860215053,0,0,1.0,0,1.0,0.0,1,1,0,306964.10243955493,294685.53834197274,1,600000.0,400000.0,0,0.442700130732027
37.4,diagnostic,8.650256833318021,8.650256833318021,8.650256833318021,8.650256833318021,-35183.99809433193,54.29224990923752,57.217766968741095,24999.91584234241,50.0,1,0.21039414397617529,24999.91584234241,50.0,1,1,0,0.21039414397617529,24999.91584234241,1,0.21039414397617529,1499.9949505405446,50.0,0,3.4013719942815004,545.2688564076935,0.0,-164.6669596848935,1799.9939406486487,-68.15860705096169,0.0,0.0,296399.52965784364,0,317.9103079266282,-5911.2916626509505,313.3539902422112,54.95293319807154,-5911.2916626509505,54.95293319807154,900000.0,1616.011903020952,1,21969.31242977653,77000.0,76486.95237898246,77000.0,21970.993956905877,1,1,1,0,1,0,299920.9141442657,0,1,900000.0,-5950.940860215053,0,0,1.0,0,1.0,0.0,1,1,0,303442.43786207936,291304.7403475962,1,600000.0,400000.0,0,0.4431341230239126
37.45,diagnostic,8.543703267125412,8.543703267125412,8.543703267125412,8.543703267125412,-35184.00797609846,53.63159236657174,56.55699174342342,24999.91584234241,50.0,1,0.21039414397617529,24999.91584234241,50.0,1,1,0,0.21039414397617529,24999.91584234241,1,0.21039414397617529,1499.9949505405446,50.0,0,3.4013719942815004,547.792580219686,0.0,-162.71070482970546,1799.9939406486487,-68.47407252746075,0.0,0.0,292878.28277214064,0,312.6344661268622,-5911.293303601961,314.8111210277013,54.29224990923752,-5911.293303601961,54.29224990923752,900000.0,1616.0019056680685,1,21967.812526424663,77000.0,76486.97386108359,77000.0,21969.31242977653,1,1,1,0,1,0,296399.52965784364,0,1,900000.0,-5950.940860215053,0,0,1.0,0,1.0,0.0,1,1,0,299920.9141442657,287924.0775784951,1,600000.0,400000.0,0,0.44356308454750715
37.5,diagnostic,8.43715375229213,8.43715375229213,8.43715375229213,8.43715375229213,-35184.01774303887,52.970960256177555,55.89624334097967,24999.91584234241,50.0,1,0.21039414397617529,24999.91584234241,50.0,1,1,0,0.21039414397617529,24999.91584234241,1,0.21039414397617529,1499.9949505405446,50.0,0,3.4013719942815004,550.3162044893535,0.0,-160.75452551268714,1799.9939406486487,-68.78952556116919,0.0,0.0,289357.17185468547,0,307.4074397068706,-5911.294925361203,316.2681936499154,53.63159236657174,-5911.294925361203,53.63159236657174,900000.0,1615.9920239015478,1,21966.473090028572,77000.0,76486.99509356276,77000.0,21967.812526424663,1,1,1,0,1,0,292878.28277214064,0,1,900000.0,-5950.940860215053,0,0,1.0,0,1.0,0.0,1,1,0,296399.52965784364,284543.5484715299,1,600000.0,400000.0,0,0.44398701550194497
37.55,diagnostic,8.330608238206482,8.330608238206482,8.330608238206482,8.330608238206482,-35184.02739574988,52.3103532642112,55.23552144727623,24999.91584234241,50.0,1,0.21039414397617529,24999.91584234241,50.0,1,1,0,0.21039414397617529,24999.91584234241,1,0.21039414397617529,1499.9949505405446,50.0,0,3.4013719942815004,552.8397304159024,0.0,-158.79842082616625,1799.9939406486487,-69.1049663019878,0.0,0.0,285836.19527167344,0,302.2285517922513,-5911.296528007496,317.7252088013414,52.970960256177555,-5911.296528007496,52.970960256177555,900000.0,1615.982256961132,1,21965.275448544893,77000.0,76487.01607771714,77000.0,21966.473090028572,1,1,1,0,1,0,289357.17185468547,0,1,900000.0,-5950.940860215053,0,0,1.0,0,1.0,0.0,1,1,0,292878.28277214064,281163.151461255,1,600000.0,400000.0,0,0.44440591608403174
37.6,diagnostic,8.224066674264813,8.224066674264813,8.224066674264813,8.224066674264813,-35184.03693470061,51.64977107688019,54.5748257482486,24999.91584234241,50.0,1,0.21039414397617529,24999.91584234241,50.0,1,1,0,0.21039414397617529,24999.91584234241,1,0.21039414397617529,1499.9949505405446,50.0,0,3.4013719942815004,555.3631591983294,0.0,-156.84238986192884,1799.9939406486487,-69.42039489979118,0.0,0.0,282315.351388325,0,297.0971379646701,-5911.298111602937,319.18216717434143,52.3103532642112,-5911.298111602937,52.3103532642112,900000.0,1615.9726042501154,1,21964.20312300053,77000.0,76487.03681456656,77000.0,21965.275448544893,1,1,1,0,1,0,285836.19527167344,0,1,900000.0,-5950.940860215053,0,0,1.0,0,1.0,0.0,1,1,0,289357.17185468547,277782.88498049806,1,600000.0,400000.0,0,0.4448197864882407
37.65,diagnostic,8.117529009871328,8.117529009871328,8.117529009871328,8.117529009871328,-35184.04636026068,50.989213380441846,53.91415592989671,24999.91584234241,50.0,1,0.21039414397617529,24999.91584234241,50.0,1,1,0,0.21039414397617529,24999.91584234241,1,0.21039414397617529,1499.9949505405446,50.0,0,3.4013719942815004,557.8864920354299,0.0,-154.8864317113727,1799.9939406486487,-69.73581150442874,0.0,0.0,278794.6385691616,0,292.0125459768471,-5911.299676196581,320.6390694611565,51.64977107688019,-5911.299676196581,51.64977107688019,900000.0,1615.9630652993842,1,21963.241570003844,77000.0,76487.05730491453,77000.0,21964.20312300053,1,1,1,0,1,0,282315.351388325,0,1,900000.0,-5950.940860215053,0,0,1.0,0,1.0,0.0,1,1,0,285836.19527167344,274402.7474608065,1,600000.0,400000.0,0,0.44522862690671217
37.7,diagnostic,8.010995194437902,8.010995194437902,8.010995194437902,8.010995194437902,-35184.05567272205,50.32867986120223,53.25351167828102,24999.91584234241,50.0,1,0.21039414397617529,24999.91584234241,50.0,1,1,0,0.21039414397617529,24999.91584234241,1,0.21039414397617529,1499.9949505405446,50.0,0,3.4013719942815004,560.4097301258023,0.0,-152.93054546562533,1799.9939406486487,-70.05121626572529,0.0,0.0,275274.0551782183,0,286.97413547528816,-5911.301221827302,322.0959163539115,50.989213380441846,-5911.301221827302,50.989213380441846,900000.0,1615.9536397393156,1,21962.37795446663,77000.0,76487.07754939575,77000.0,21963.241570003844,1,1,1,0,1,0,278794.6385691616,0,1,900000.0,-5950.940860215053,0,0,1.0,0,1.0,0.0,1,1,0,282315.351388325,271022.73733279196,1,600000.0,400000.0,0,0.44563243752925025
37.75,diagnostic,7.904465177383925,7.904465177383925,7.904465177383925,7.904465177383925,-35184.0648723161,49.66817020551499,52.59289267951946,24999.91584234241,50.0,1,0.21039414397617529,24999.91584234241,50.0,1,1,0,0.21039414397617529,24999.91584234241,1,0.21039414397617529,1499.9949505405446,50.0,0,3.4013719942815004,562.9328746678558,0.0,-150.97473021563437,1799.9939406486487,-70.36660933348197,0.0,0.0,271753.5995792063,0,281.98127773052937,-5911.302748526028,323.55270854461753,50.32867986120223,-5911.302748526028,50.32867986120223,900000.0,1615.944327277956,1,21961.600948997213,77000.0,76487.09754851324,77000.0,21962.37795446663,1,1,1,0,1,0,275274.0551782183,0,1,900000.0,-5950.940860215053,0,0,1.0,0,1.0,0.0,1,1,0,278794.6385691616,267642.85302639514,1,600000.0,400000.0,0,0.44603121854332334
37.8,diagnostic,7.7979389081361665,7.7979389081361665,7.7979389081361665,7.7979389081361665,-35184.07395922692,49.00768409978034,51.93229861978481,24999.91584234241,50.0,1,0.21039414397617529,24999.91584234241,50.0,1,1,0,0.21039414397617529,24999.91584234241,1,0.21039414397617529,1499.9949505405446,50.0,0,3.4013719942815004,565.4559268598126,0.0,-149.01898505223764,1799.9939406486487,-70.68199085747658,0.0,0.0,268233.2701356393,0,277.0333553746611,-5911.3042563174895,325.0094467251764,49.66817020551499,-5911.3042563174895,49.66817020551499,900000.0,1615.935127683911,1,21960.900556838093,77000.0,76487.1173026672,77000.0,21961.600948997213,1,1,1,0,1,0,271753.5995792063,0,1,900000.0,-5950.940860215053,0,0,1.0,0,1.0,0.0,1,1,0,275274.0551782183,264263.0929710895,1,600000.0,400000.0,0,0.4464249701340625
37.85,diagnostic,7.691416336128632,7.691416336128632,7.691416336128632,7.691416336128632,-35184.0829336017,48.347221230444234,51.27172918530265,24999.91584234241,50.0,1,0.21039414397617529,24999.91584234241,50.0,1,1,0,0.21039414397617529,24999.91584234241,1,0.21039414397617529,1499.9949505405446,50.0,0,3.4013719942815004,567.9788878997138,0.0,-147.06330906621642,1799.9939406486487,-70.99736098746422,0.0,0.0,264713.065210929,0,272.12976214591333,-5911.3057452215635,326.46613158738216,49.00768409978034,-5911.3057452215635,49.00768409978034,900000.0,1615.9260407730862,1,21960.267955587835,77000.0,76487.1368121776,77000.0,21960.900556838093,1,1,1,0,1,0,268233.2701356393,0,1,900000.0,-5950.940860215053,0,0,1.0,0,1.0,0.0,1,1,0,271753.5995792063,260883.45559603805,1,600000.0,400000.0,0,0.44681369248426134
37.9,diagnostic,7.584897410802443,7.584897410802443,7.584897410802443,7.584897410802443,-35184.09179555874,47.68678128399752,50.611184062349494,24999.91584234241,50.0,1,0.21039414397617529,24999.91584234241,50.0,1,1,0,0.21039414397617529,24999.91584234241,1,0.21039414397617529,1499.9949505405446,50.0,0,3.4013719942815004,570.5017589854223,0.0,-145.10770134833567,1799.9939406486487,-71.31271987317778,0.0,0.0,261192.98316845795,0,267.269902640085,-5911.30721525435,327.922763822924,48.347221230444234,-5911.30721525435,48.347221230444234,900000.0,1615.9170663983027,1,21959.69535926953,77000.0,76487.15607730161,77000.0,21960.267955587835,1,1,1,0,1,0,264713.065210929,0,1,900000.0,-5950.940860215053,0,0,1.0,0,1.0,0.0,1,1,0,268233.2701356393,257503.9393302137,1,600000.0,400000.0,0,0.4471973857743755
37.95,diagnostic,7.478382081605725,7.478382081605725,7.478382081605725,7.478382081605725,-35184.10054519389,47.02636394697515,49.9506629372513,24999.91584234241,50.0,1,0.21039414397617529,24999.91584234241,50.0,1,1,0,0.21039414397617529,24999.91584234241,1,0.21039414397617529,1499.9949505405446,50.0,0,3.4013719942815004,573.0245413146262,0.0,-143.15216098937574,1799.9939406486487,-71.62806766432827,0.0,0.0,257673.0223716362,0,262.4531920686068,-5911.308666428987,329.3793441233886,47.68678128399752,-5911.308666428987,47.68678128399752,900000.0,1615.9082044412596,1,21959.175896593802,77000.0,76487.17509824758,77000.0,21959.69535926953,1,1,1,0,1,0,261192.98316845795,0,1,900000.0,-5950.940860215053,0,0,1.0,0,1.0,0.0,1,1,0,264713.065210929,254124.54260249186,1,600000.0,400000.0,0,0.4475760501825233
38.0,diagnostic,7.371870297993476,7.371870297993476,7.371870297993476,7.371870297993476,-35184.10918258533,46.3659689059555,49.29016549638213,24999.91584234241,50.0,1,0.21039414397617529,24999.91584234241,50.0,1,1,0,0.21039414397617529,24999.91584234241,1,0.21039414397617529,1499.9949505405446,50.0,0,3.4013719942815004,575.5472360848424,0.0,-141.1966870801556,1799.9939406486487,-71.9434045106053,0.0,0.0,254153.18118394344,0,257.67905602303597,-5911.310098756294,330.8358731802613,47.02636394697515,-5911.310098756294,47.02636394697515,900000.0,1615.899454806114,1,21958.703503516048,77000.0,76487.19387518549,77000.0,21959.175896593802,1,1,1,0,1,0,257673.0223716362,0,1,900000.0,-5950.940860215053,0,0,1.0,0,1.0,0.0,1,1,0,261192.98316845795,250745.26384171963,1,600000.0,400000.0,0,0.4479496858844843
38.05,diagnostic,7.265362009427476,7.265362009427476,7.265362009427476,7.265362009427476,-35184.117707797464,45.70559584755955,48.62969142616298,24999.91584234241,50.0,1,0.21039414397617529,24999.91584234241,50.0,1,1,0,0.21039414397617529,24999.91584234241,1,0.21039414397617529,1499.9949505405446,50.0,0,3.4013719942815004,578.069844493419,0.0,-139.24127871155068,1799.9939406486487,-72.25873056167738,0.0,0.0,250633.4579689609,0,252.94693024578532,-5911.311512245281,332.2923516849289,46.3659689059555,-5911.311512245281,46.3659689059555,900000.0,1615.8908174146745,1,21958.272828410845,77000.0,76487.21240825533,77000.0,21958.703503516048,1,1,1,0,1,0,254153.18118394344,0,1,900000.0,-5950.940860215053,0,0,1.0,0,1.0,0.0,1,1,0,257673.0223716362,247366.10147677074,1,600000.0,400000.0,0,0.44831829305370063
38.1,diagnostic,7.158857165376173,7.158857165376173,7.158857165376173,7.158857165376173,-35184.12612088391,45.045244458450355,47.96924041306078,24999.91584234241,50.0,1,0.21039414397617529,24999.91584234241,50.0,1,1,0,0.21039414397617529,24999.91584234241,1,0.21039414397617529,1499.9949505405446,50.0,0,3.4013719942815004,580.5923677375388,0.0,-137.28593497450626,1799.9939406486487,-72.57404596719235,0.0,0.0,247113.85109039565,0,248.2562604068972,-5911.312906903536,333.7487803286806,45.70559584755955,-5911.312906903536,45.70559584755955,900000.0,1615.882292202546,1,21957.87914838254,77000.0,76487.23069757372,77000.0,21958.272828410845,1,1,1,0,1,0,250633.4579689609,0,1,900000.0,-5950.940860215053,0,0,1.0,0,1.0,0.0,1,1,0,254153.18118394344,243987.0539365857,1,600000.0,400000.0,0,0.44868187186127606
38.15,diagnostic,7.052355715314568,7.052355715314568,7.052355715314568,7.052355715314568,-35184.134421889845,44.38491442533227,47.30881214358738,24999.91584234241,50.0,1,0.21039414397617529,24999.91584234241,50.0,1,1,0,0.21039414397617529,24999.91584234241,1,0.21039414397617529,1499.9949505405446,50.0,0,3.4013719942815004,583.114807014221,0.0,-135.33065496004727,1799.9939406486487,-72.88935087677763,0.0,0.0,243594.3589120981,0,243.60650188667844,-5911.314282737529,335.2051598027102,45.045244458450355,-5911.314282737529,45.045244458450355,900000.0,1615.8738791160908,1,21957.518295404705,77000.0,76487.24874323879,77000.0,21957.87914838254,1,1,1,0,1,0,247113.85109039565,0,1,900000.0,-5950.940860215053,0,0,1.0,0,1.0,0.0,1,1,0,250633.4579689609,240608.11965020245,1,600000.0,400000.0,0,0.4490404224759767
38.2,diagnostic,6.945857608724133,6.945857608724133,6.945857608724133,6.945857608724133,-35184.14261085377,43.72460543495032,46.64840630429876,24999.91584234241,50.0,1,0.21039414397617529,24999.91584234241,50.0,1,1,0,0.21039414397617529,24999.91584234241,1,0.21039414397617529,1499.9949505405446,50.0,0,3.4013719942815004,585.6371635203249,0.0,-133.3754377592859,1799.9939406486487,-73.20464544004061,0.0,0.0,240074.9797980756,0,238.9971195640175,-5911.315639752852,336.6614907981172,44.38491442533227,-5911.315639752852,44.38491442533227,900000.0,1615.8655781101584,1,21957.186591134847,77000.0,76487.26654533428,77000.0,21957.518295404705,1,1,1,0,1,0,243594.3589120981,0,1,900000.0,-5950.940860215053,0,0,1.0,0,1.0,0.0,1,1,0,247113.85109039565,237229.2970467798,1,600000.0,400000.0,0,0.44939394506423136
38.25,diagnostic,6.839362795092693,6.839362795092693,6.839362795092693,6.839362795092693,-35184.15068780897,43.064317174089624,45.98802258179419,24999.91584234241,50.0,1,0.21039414397617529,24999.91584234241,50.0,1,1,0,0.21039414397617529,24999.91584234241,1,0.21039414397617529,1499.9949505405446,50.0,0,3.4013719942815004,588.1594384525515,0.0,-131.42028246342633,1799.9939406486487,-73.51992980656894,0.0,0.0,236555.71211250126,0,234.42758761021312,-5911.316977954407,338.1177740059085,43.72460543495032,-5911.316977954407,43.72460543495032,900000.0,1615.8573891462322,1,21956.88078938562,77000.0,76487.28410393256,77000.0,21957.186591134847,1,1,1,0,1,0,240074.9797980756,0,1,900000.0,-5950.940860215053,0,0,1.0,0,1.0,0.0,1,1,0,243594.3589120981,233850.5845556142,1,600000.0,400000.0,0,0.44974243979013145
38.3,diagnostic,6.732871223914335,6.732871223914335,6.732871223914335,6.732871223914335,-35184.15865278463,42.4040493295747,45.32766066271547,24999.91584234241,50.0,1,0.21039414397617529,24999.91584234241,50.0,1,1,0,0.21039414397617529,24999.91584234241,1,0.21039414397617529,1499.9949505405446,50.0,0,3.4013719942815004,590.681633007447,0.0,-129.46518816376857,1799.9939406486487,-73.83520412593087,0.0,0.0,233036.5542197206,0,229.8973892881484,-5911.318297346545,339.5740101169998,43.064317174089624,-5911.318297346545,43.064317174089624,900000.0,1615.8493121910235,1,21956.598025353596,77000.0,76487.30141909701,77000.0,21956.88078938562,1,1,1,0,1,0,236555.71211250126,0,1,900000.0,-5950.940860215053,0,0,1.0,0,1.0,0.0,1,1,0,240074.9797980756,230471.98060615256,1,600000.0,400000.0,0,0.45008590681543054
38.35,diagnostic,6.626382844689304,6.626382844689304,6.626382844689304,6.626382844689304,-35184.166505806636,41.74380158826888,44.66732023374619,24999.91584234241,50.0,1,0.21039414397617529,24999.91584234241,50.0,1,1,0,0.21039414397617529,24999.91584234241,1,0.21039414397617529,1499.9949505405446,50.0,0,3.4013719942815004,593.2037483814037,0.0,-127.51015395171105,1799.9939406486487,-74.15046854767546,0.0,0.0,229517.50448425623,0,225.40601675664792,-5911.319597933181,341.03019982221724,42.4040493295747,-5911.319597933181,42.4040493295747,900000.0,1615.8413472153738,1,21956.335770812075,77000.0,76487.31849088399,77000.0,21956.598025353596,1,1,1,0,1,0,233036.5542197206,0,1,900000.0,-5950.940860215053,0,0,1.0,0,1.0,0.0,1,1,0,236555.71211250126,227093.4836280012,1,600000.0,400000.0,0,0.4504243462995463
38.4,diagnostic,6.519897606923909,6.519897606923909,6.519897606923909,6.519897606923909,-35184.17424689829,41.083573637073684,44.007000981611085,24999.91584234241,50.0,1,0.21039414397617529,24999.91584234241,50.0,1,1,0,0.21039414397617529,24999.91584234241,1,0.21039414397617529,1499.9949505405446,50.0,0,3.4013719942815004,595.7257857706641,0.0,-125.55517891875174,1799.9939406486487,-74.46572322133301,0.0,0.0,225998.56127081008,0,220.9529708798662,-5911.320879717889,342.48634381229846,41.74380158826888,-5911.320879717889,41.74380158826888,900000.0,1615.8334941933645,1,21956.091794567445,77000.0,76487.33531934413,77000.0,21956.335770812075,1,1,1,0,1,0,229517.50448425623,0,1,900000.0,-5950.940860215053,0,0,1.0,0,1.0,0.0,1,1,0,233036.5542197206,223715.09205093177,1,600000.0,400000.0,0,0.4507577583995592
38.45,diagnostic,6.41341546013042,6.41341546013042,6.41341546013042,6.41341546013042,-35184.181876080875,40.423365162928235,43.3467025930753,24999.91584234241,50.0,1,0.21039414397617529,24999.91584234241,50.0,1,1,0,0.21039414397617529,24999.91584234241,1,0.21039414397617529,1499.9949505405446,50.0,0,3.4013719942815004,598.247746371322,0.0,-123.60026215648926,1799.9939406486487,-74.78096829641525,0.0,0.0,222479.72294426517,0,216.53776104155273,-5911.322142703953,343.94244277789426,41.083573637073684,-5911.322142703953,41.083573637073684,900000.0,1615.8257531017007,1,21955.864127561053,77000.0,76487.35190452363,77000.0,21956.091794567445,1,1,1,0,1,0,225998.56127081008,0,1,900000.0,-5950.940860215053,0,0,1.0,0,1.0,0.0,1,1,0,229517.50448425623,220336.80430488597,1,600000.0,400000.0,0,0.4510861432702134
38.5,diagnostic,6.306936353826977,6.306936353826977,6.306936353826977,6.306936353826977,-35184.189393373934,39.7631758528086,42.6864247549438,24999.91584234241,50.0,1,0.21039414397617529,24999.91584234241,50.0,1,1,0,0.21039414397617529,24999.91584234241,1,0.21039414397617529,1499.9949505405446,50.0,0,3.4013719942815004,600.7696313793255,0.0,-121.64540275662279,1799.9939406486487,-75.09620392241568,0.0,0.0,218960.98786968546,0,212.15990496405442,-5911.323386894444,345.39849740956976,40.423365162928235,-5911.323386894444,40.423365162928235,900000.0,1615.8181239191294,1,21955.651032070833,77000.0,76487.36824646508,77000.0,21955.864127561053,1,1,1,0,1,0,222479.72294426517,0,1,900000.0,-5950.940860215053,0,0,1.0,0,1.0,0.0,1,1,0,225998.56127081008,216958.61881997768,1,600000.0,400000.0,0,0.4514095010639166
38.55,diagnostic,6.200460237537489,6.200460237537489,6.200460237537489,6.200460237537489,-35184.19679879573,39.10300539372726,42.026167154060644,24999.91584234241,50.0,1,0.21039414397617529,24999.91584234241,50.0,1,1,0,0.21039414397617529,24999.91584234241,1,0.21039414397617529,1499.9949505405446,50.0,0,3.4013719942815004,603.2914419904793,0.0,-119.69059981095207,1799.9939406486487,-75.4114302488099,0.0,0.0,215442.35441231602,0,207.81892853191,-5911.324612292242,346.85450839780583,39.7631758528086,-5911.324612292242,39.7631758528086,900000.0,1615.8106066260646,1,21955.45097453114,77000.0,76487.3843452081,77000.0,21955.651032070833,1,1,1,0,1,0,218960.98786968546,0,1,900000.0,-5950.940860215053,0,0,1.0,0,1.0,0.0,1,1,0,222479.72294426517,213580.53402649457,1,600000.0,400000.0,0,0.4517278319307407
38.6,diagnostic,6.0939870607915365,6.0939870607915365,6.0939870607915365,6.0939870607915365,-35184.20409236343,38.44285347273243,41.36592947730846,24999.91584234241,50.0,1,0.21039414397617529,24999.91584234241,50.0,1,1,0,0.21039414397617529,24999.91584234241,1,0.21039414397617529,1499.9949505405446,50.0,0,3.4013719942815004,605.8131794004464,0.0,-117.73585241137657,1799.9939406486487,-75.7266474250558,0.0,0.0,211923.82093758142,0,203.51436561990468,-5911.325818900079,348.3104764330007,39.10300539372726,-5911.325818900079,39.10300539372726,900000.0,1615.8032012042715,1,21955.26260154596,77000.0,76487.40020079006,77000.0,21955.45097453114,1,1,1,0,1,0,215442.35441231602,0,1,900000.0,-5950.940860215053,0,0,1.0,0,1.0,0.0,1,1,0,218960.98786968546,210202.54835489803,1,600000.0,400000.0,0,0.4520411360184223
38.65,diagnostic,5.987516773124277,5.987516773124277,5.987516773124277,5.987516773124277,-35184.21127409327,37.78271977690753,40.70571141160773,24999.91584234241,50.0,1,0.21039414397617529,24999.91584234241,50.0,1,1,0,0.21039414397617529,24999.91584234241,1,0.21039414397617529,1499.9949505405446,50.0,0,3.4013719942815004,608.3348448047516,0.0,-115.78115964989506,1799.9939406486487,-76.04185560059395,0.0,0.0,208405.38581108494,0,199.24575792545284,-5911.327006720561,349.7664022054708,38.44285347273243,-5911.327006720561,38.44285347273243,900000.0,1615.7959076365742,1,21955.08471872007,77000.0,76487.41581324623,77000.0,21955.26260154596,1,1,1,0,1,0,211923.82093758142,0,1,900000.0,-5950.940860215053,0,0,1.0,0,1.0,0.0,1,1,0,215442.35441231602,206824.66023582336,1,600000.0,400000.0,0,0.4523494134723621
38.7,diagnostic,5.8810493240763515,5.8810493240763515,5.8810493240763515,5.8810493240763515,-35184.21834400078,37.12260399337052,40.04551264391619,24999.91584234241,50.0,1,0.21039414397617529,24999.91584234241,50.0,1,1,0,0.21039414397617529,24999.91584234241,1,0.21039414397617529,1499.9949505405446,50.0,0,3.4013719942815004,610.8564393987821,0.0,-113.82652061860423,1799.9939406486487,-76.35705492484776,0.0,0.0,204887.0473986061,0,195.01265480518154,-5911.328175756189,351.22228640545256,37.78271977690753,-5911.328175756189,37.78271977690753,900000.0,1615.7887259067331,1,21954.916271977454,77000.0,76487.43118261038,77000.0,21955.08471872007,1,1,1,0,1,0,208405.38581108494,0,1,900000.0,-5950.940860215053,0,0,1.0,0,1.0,0.0,1,1,0,211923.82093758142,203446.86810007817,1,600000.0,400000.0,0,0.4526526644356264
38.75,diagnostic,5.774584663193782,5.774584663193782,5.774584663193782,5.774584663193782,-35184.22530210084,36.46250580927338,39.38533286122827,24999.91584234241,50.0,1,0.21039414397617529,24999.91584234241,50.0,1,1,0,0.21039414397617529,24999.91584234241,1,0.21039414397617529,1499.9949505405446,50.0,0,3.4013719942815004,613.3779643777914,0.0,-111.87193440969772,1799.9939406486487,-76.67224554722392,0.0,0.0,201368.80406609896,0,190.81461311559465,-5911.329326009372,352.67812972310315,37.12260399337052,-5911.329326009372,37.12260399337052,900000.0,1615.7816559992252,1,21954.756331074517,77000.0,76487.44630891486,77000.0,21954.916271977454,1,1,1,0,1,0,204887.0473986061,0,1,900000.0,-5950.940860215053,0,0,1.0,0,1.0,0.0,1,1,0,208405.38581108494,200069.17037864155,1,600000.0,400000.0,0,0.45295088904894587
38.8,diagnostic,5.668122740027876,5.668122740027876,5.668122740027876,5.668122740027876,-35184.232148407784,35.802424911801445,38.72517175057444,24999.91584234241,50.0,1,0.21039414397617529,24999.91584234241,50.0,1,1,0,0.21039414397617529,24999.91584234241,1,0.21039414397617529,1499.9949505405446,50.0,0,3.4013719942815004,615.8994209369008,0.0,-109.91740011546472,1799.9939406486487,-76.9874276171126,0.0,0.0,197850.65417968956,0,186.65119705769695,-5911.330457482443,354.1339328485026,36.46250580927338,-5911.330457482443,36.46250580927338,900000.0,1615.7746978991631,1,21954.604075050396,77000.0,76487.46119219084,77000.0,21954.756331074517,1,1,1,0,1,0,201368.80406609896,0,1,900000.0,-5950.940860215053,0,0,1.0,0,1.0,0.0,1,1,0,204887.0473986061,196691.56550266186,1,600000.0,400000.0,0,0.4532440874507173
38.85,diagnostic,5.5616635041351365,5.5616635041351365,5.5616635041351365,5.5616635041351365,-35184.238882935504,35.14236098817283,38.065028999020605,24999.91584234241,50.0,1,0.21039414397617529,24999.91584234241,50.0,1,1,0,0.21039414397617529,24999.91584234241,1,0.21039414397617529,1499.9949505405446,50.0,0,3.4013719942815004,618.4208102711019,0.0,-107.96291682828875,1799.9939406486487,-77.30260128388774,0.0,0.0,194332.5961056738,0,182.52197802546522,-5911.331570177665,355.58969647165435,35.802424911801445,-5911.331570177665,35.802424911801445,900000.0,1615.7678515922153,1,21954.458779386794,77000.0,76487.47583246847,77000.0,21954.604075050396,1,1,1,0,1,0,197850.65417968956,0,1,900000.0,-5950.940860215053,0,0,1.0,0,1.0,0.0,1,1,0,201368.80406609896,193314.051903455,1,600000.0,400000.0,0,0.453532259777002
38.9,diagnostic,5.455206905077164,5.455206905077164,5.455206905077164,5.455206905077164,-35184.24550569746,34.482313725637844,37.40490429366753,24999.91584234241,50.0,1,0.21039414397617529,24999.91584234241,50.0,1,1,0,0.21039414397617529,24999.91584234241,1,0.21039414397617529,1499.9949505405446,50.0,0,3.4013719942815004,620.9421335752585,0.0,-106.00848364064619,1799.9939406486487,-77.61776669690731,0.0,0.0,190814.62821051455,0,178.4265344580556,-5911.33266409724,357.0454212824872,35.14236098817283,-5911.33266409724,35.14236098817283,900000.0,1615.7611170645057,1,21954.319804676405,77000.0,76487.49022977708,77000.0,21954.458779386794,1,1,1,0,1,0,194332.5961056738,0,1,900000.0,-5950.940860215053,0,0,1.0,0,1.0,0.0,1,1,0,197850.65417968956,189936.62801250198,1,600000.0,400000.0,0,0.4538154061615281
38.95,diagnostic,5.3487528924205545,5.3487528924205545,5.3487528924205545,5.3487528924205545,-35184.25201670677,33.822282811478416,36.7447973216502,24999.91584234241,50.0,1,0.21039414397617529,24999.91584234241,50.0,1,1,0,0.21039414397617529,24999.91584234241,1,0.21039414397617529,1499.9949505405446,50.0,0,3.4013719942815004,623.4633920441095,0.0,-104.05409964510459,1799.9939406486487,-77.93292400551368,0.0,0.0,187296.74886083897,0,174.36445169563973,-5911.333739243313,358.5011079708561,34.482313725637844,-5911.333739243313,34.482313725637844,900000.0,1615.7544943025455,1,21954.18658662272,77000.0,76487.50438414516,77000.0,21954.319804676405,1,1,1,0,1,0,190814.62821051455,0,1,900000.0,-5950.940860215053,0,0,1.0,0,1.0,0.0,1,1,0,194332.5961056738,186559.29226144683,1,600000.0,400000.0,0,0.4540935267356894
39.0,diagnostic,5.242301415736812,5.242301415736812,5.242301415736812,5.242301415736812,-35184.2584159762,33.16226793300744,36.08470777013727,24999.91584234241,50.0,1,0.21039414397617529,24999.91584234241,50.0,1,1,0,0.21039414397617529,24999.91584234241,1,0.21039414397617529,1499.9949505405446,50.0,0,3.4013719942815004,625.9845868722707,0.0,-102.09976393432136,1799.9939406486487,-78.24807335903384,0.0,0.0,183778.95642343588,0,170.3353218387666,-5911.334795617979,359.9567572265438,33.822282811478416,-5911.334795617979,33.822282811478416,900000.0,1615.7479832932286,1,21954.058627214905,77000.0,76487.51829560043,77000.0,21954.18658662272,1,1,1,0,1,0,187296.74886083897,0,1,900000.0,-5950.940860215053,0,0,1.0,0,1.0,0.0,1,1,0,190814.62821051455,183182.04308209397,1,600000.0,400000.0,0,0.4543666216285468
39.05,diagnostic,5.135852424602249,5.135852424602249,5.135852424602249,5.135852424602249,-35184.26470351821,32.50226877756824,35.42463532633042,24999.91584234241,50.0,1,0.21039414397617529,24999.91584234241,50.0,1,1,0,0.21039414397617529,24999.91584234241,1,0.21039414397617529,1499.9949505405446,50.0,0,3.4013719942815004,628.5057192542371,0.0,-100.14547560104216,1799.9939406486487,-78.56321490677963,0.0,0.0,180261.249265253,0,166.33874361114948,-5911.335833223283,361.4123697392622,33.16226793300744,-5911.335833223283,33.16226793300744,900000.0,1615.7415840238032,1,21953.93548693958,77000.0,76487.53196417002,77000.0,21954.058627214905,1,1,1,0,1,0,183778.95642343588,0,1,900000.0,-5950.940860215053,0,0,1.0,0,1.0,0.0,1,1,0,187296.74886083897,179804.8789064054,1,600000.0,400000.0,0,0.4546346909668267
39.1,diagnostic,5.029405868597889,5.029405868597889,5.029405868597889,5.029405868597889,-35184.27087934498,31.842285032533947,34.76457967746379,24999.91584234241,50.0,1,0.21039414397617529,24999.91584234241,50.0,1,1,0,0.21039414397617529,24999.91584234241,1,0.21039414397617529,1499.9949505405446,50.0,0,3.4013719942815004,631.0267903843855,0.0,-98.19123373809926,1799.9939406486487,-78.8783487980482,0.0,0.0,176743.62575339383,0,162.37432222578167,-5911.336852061228,362.86794619865316,32.50226877756824,-5911.336852061228,32.50226877756824,900000.0,1615.7352964817915,1,21953.816777907618,77000.0,76487.54538988038,77000.0,21953.93548693958,1,1,1,0,1,0,180261.249265253,0,1,900000.0,-5950.940860215053,0,0,1.0,0,1.0,0.0,1,1,0,183778.95642343588,176427.79816649845,1,600000.0,400000.0,0,0.45489773487492263
39.15,diagnostic,4.9229616973093755,4.9229616973093755,4.9229616973093755,4.9229616973093755,-35184.27694346842,31.182316385306915,34.10454051080337,24999.91584234241,50.0,1,0.21039414397617529,24999.91584234241,50.0,1,1,0,0.21039414397617529,24999.91584234241,1,0.21039414397617529,1499.9949505405446,50.0,0,3.4013719942815004,633.5478014569766,0.0,-96.23703743840996,1799.9939406486487,-79.19347518212207,0.0,0.0,173226.08425511507,0,158.44166925428635,-5911.337852133772,364.32348729429054,31.842285032533947,-5911.337852133772,31.842285032533947,900000.0,1615.7291206550242,1,21953.70215778865,77000.0,76487.55857275745,77000.0,21953.816777907618,1,1,1,0,1,0,176743.62575339383,0,1,900000.0,-5950.940860215053,0,0,1.0,0,1.0,0.0,1,1,0,180261.249265253,173050.79929464287,1,600000.0,400000.0,0,0.45515575347489556
39.2,diagnostic,4.8165198603268715,4.8165198603268715,4.8165198603268715,4.8165198603268715,-35184.28289590021,30.52236252331813,33.4445175136464,24999.91584234241,50.0,1,0.21039414397617529,24999.91584234241,50.0,1,1,0,0.21039414397617529,24999.91584234241,1,0.21039414397617529,1499.9949505405446,50.0,0,3.4013719942815004,636.0687536661568,0.0,-94.28288579497497,1799.9939406486487,-79.5085942082696,0.0,0.0,169708.6231378235,0,154.54040249941065,-5911.338833442831,365.778993715681,31.182316385306915,-5911.338833442831,31.182316385306915,900000.0,1615.7230565315726,1,21953.591324458135,77000.0,76487.57151282654,77000.0,21953.70215778865,1,1,1,0,1,0,173226.08425511507,0,1,900000.0,-5950.940860215053,0,0,1.0,0,1.0,0.0,1,1,0,176743.62575339383,169673.88072325807,1,600000.0,400000.0,0,0.4554087468864733
39.25,diagnostic,4.710080307244968,4.710080307244968,4.710080307244968,4.710080307244968,-35184.28873665173,29.862423134026603,32.78451037332081,24999.91584234241,50.0,1,0.21039414397617529,24999.91584234241,50.0,1,1,0,0.21039414397617529,24999.91584234241,1,0.21039414397617529,1499.9949505405446,50.0,0,3.4013719942815004,638.5896482059613,0.0,-92.32877790087683,1799.9939406486487,-79.82370602574517,0.0,0.0,166191.24076907316,0,150.6701458705755,-5911.339795990283,367.2344661522654,30.52236252331813,-5911.339795990283,30.52236252331813,900000.0,1615.71710409979,1,21953.484011273504,77000.0,76487.58421011244,77000.0,21953.591324458135,1,1,1,0,1,0,169708.6231378235,0,1,900000.0,-5950.940860215053,0,0,1.0,0,1.0,0.0,1,1,0,173226.08425511507,166297.04088491047,1,600000.0,400000.0,0,0.4556567152270518
39.3,diagnostic,4.6036429876625835,4.6036429876625835,4.6036429876625835,4.6036429876625835,-35184.294465734165,29.2024979049188,32.12451877718459,24999.91584234241,50.0,1,0.21039414397617529,24999.91584234241,50.0,1,1,0,0.21039414397617529,24999.91584234241,1,0.21039414397617529,1499.9949505405446,50.0,0,3.4013719942815004,641.1104862703157,0.0,-90.3747128492782,1799.9939406486487,-80.13881078378947,0.0,0.0,162673.93551656234,0,146.83052926239608,-5911.340739777966,368.6899052934202,29.862423134026603,-5911.340739777966,29.862423134026603,900000.0,1615.7112633482761,1,21953.379982905324,77000.0,76487.59666463948,77000.0,21953.484011273504,1,1,1,0,1,0,166191.24076907316,0,1,900000.0,-5950.940860215053,0,0,1.0,0,1.0,0.0,1,1,0,169708.6231378235,162920.27821231057,1,600000.0,400000.0,0,0.45589965861169424
39.35,diagnostic,4.497207851182873,4.497207851182873,4.497207851182873,4.497207851182873,-35184.30008315845,28.542586523508017,31.464542412625192,24999.91584234241,50.0,1,0.21039414397617529,24999.91584234241,50.0,1,1,0,0.21039414397617529,24999.91584234241,1,0.21039414397617529,1499.9949505405446,50.0,0,3.4013719942815004,643.6312690530387,0.0,-88.42068973342022,1799.9939406486487,-80.45390863162984,0.0,0.0,159156.70574813057,0,143.02118843609102,-5911.341664807677,370.14531182845866,29.2024979049188,-5911.341664807677,29.2024979049188,900000.0,1615.7055342658389,1,21953.279031658225,77000.0,76487.6088764314,77000.0,21953.379982905324,1,1,1,0,1,0,162673.93551656234,0,1,900000.0,-5950.940860215053,0,0,1.0,0,1.0,0.0,1,1,0,166191.24076907316,159543.59113831024,1,600000.0,400000.0,0,0.4561375771531313
39.4,diagnostic,4.390774847413133,4.390774847413133,4.390774847413133,4.390774847413133,-35184.3055889353,27.882688677333814,30.804580967058957,24999.91584234241,50.0,1,0.21039414397617529,24999.91584234241,50.0,1,1,0,0.21039414397617529,24999.91584234241,1,0.21039414397617529,1499.9949505405446,50.0,0,3.4013719942815004,646.1519977478441,0.0,-86.46670764662088,1799.9939406486487,-80.76899971848052,0.0,0.0,155639.54983175575,0,139.24176490369987,-5911.34257108118,371.6006864466324,28.542586523508017,-5911.34257108118,28.542586523508017,900000.0,1615.699916841554,1,21953.18097422425,77000.0,76487.62084551151,77000.0,21953.279031658225,1,1,1,0,1,0,159156.70574813057,0,1,900000.0,-5950.940860215053,0,0,1.0,0,1.0,0.0,1,1,0,162673.93551656234,156166.97809589983,1,600000.0,400000.0,0,0.4563704709617624
39.45,diagnostic,4.284343925964702,4.284343925964702,4.284343925964702,4.284343925964702,-35184.310983075186,27.222804053961426,30.14463412793052,24999.91584234241,50.0,1,0.21039414397617529,24999.91584234241,50.0,1,1,0,0.21039414397617529,24999.91584234241,1,0.21039414397617529,1499.9949505405446,50.0,0,3.4013719942815004,648.6726735483433,0.0,-84.51276568227335,1799.9939406486487,-81.0840841935429,0.0,0.0,152122.4661355511,0,135.49190581503208,-5911.343458600197,373.05602983713226,27.882688677333814,-5911.343458600197,27.882688677333814,900000.0,1615.6944110647046,1,21953.08564881758,77000.0,76487.63257190258,77000.0,21953.18097422425,1,1,1,0,1,0,155639.54983175575,0,1,900000.0,-5950.940860215053,0,0,1.0,0,1.0,0.0,1,1,0,159156.70574813057,152790.43751820535,1,600000.0,400000.0,0,0.4565983401456551
39.5,diagnostic,4.177915036452868,4.177915036452868,4.177915036452868,4.177915036452868,-35184.31626558837,26.562932340981153,29.484701582712212,24999.91584234241,50.0,1,0.21039414397617529,24999.91584234241,50.0,1,1,0,0.21039414397617529,24999.91584234241,1,0.21039414397617529,1499.9949505405446,50.0,0,3.4013719942815004,651.1932976480468,0.0,-82.5588629338444,1799.9939406486487,-81.39916220600585,0.0,0.0,148605.45302776224,0,131.77126384727234,-5911.344327366416,374.5113426890902,27.222804053961426,-5911.344327366416,27.222804053961426,900000.0,1615.6890169248145,1,21952.99291264601,77000.0,76487.6440556269,77000.0,21953.08564881758,1,1,1,0,1,0,152122.4661355511,0,1,900000.0,-5950.940860215053,0,0,1.0,0,1.0,0.0,1,1,0,155639.54983175575,149413.96783848552,1,600000.0,400000.0,0,0.4568211848105457
39.55,diagnostic,4.071488128496769,4.071488128496769,4.071488128496769,4.071488128496769,-35184.32143648491,25.90307322600778,28.824783018903467,24999.91584234241,50.0,1,0.21039414397617529,24999.91584234241,50.0,1,1,0,0.21039414397617529,24999.91584234241,1,0.21039414397617529,1499.9949505405446,50.0,0,3.4013719942815004,653.713871240368,0.0,-80.60499849487262,1799.9939406486487,-81.714233905046,0.0,0.0,145088.50887676416,0,128.07949709716968,-5911.3451773814895,375.96662569157996,26.562932340981153,-5911.3451773814895,26.562932340981153,900000.0,1615.683734411629,1,21952.90263967948,77000.0,76487.65529670633,77000.0,21952.99291264601,1,1,1,0,1,0,148605.45302776224,0,1,900000.0,-5950.940860215053,0,0,1.0,0,1.0,0.0,1,1,0,152122.4661355511,146037.56749012906,1,600000.0,400000.0,0,0.4570390050598386
39.6,diagnostic,3.9650631517193053,3.9650631517193053,3.9650631517193053,3.9650631517193053,-35184.32649577463,25.24322639667997,28.16487812403023,24999.91584234241,50.0,1,0.21039414397617529,24999.91584234241,50.0,1,1,0,0.21039414397617529,24999.91584234241,1,0.21039414397617529,1499.9949505405446,50.0,0,3.4013719942815004,656.234395518624,0.0,-78.65117145896687,1799.9939406486487,-82.029299439828,0.0,0.0,141571.63205105832,0,124.41626897574042,-5911.346008647031,377.42187953361884,25.90307322600778,-5911.346008647031,25.90307322600778,900000.0,1615.678563515087,1,21952.814718680806,77000.0,76487.66629516221,77000.0,21952.90263967948,1,1,1,0,1,0,145088.50887676416,0,1,900000.0,-5950.940860215053,0,0,1.0,0,1.0,0.0,1,1,0,148605.45302776224,142661.23490665175,1,600000.0,400000.0,0,0.45725180099460794
39.65,diagnostic,3.858640055747036,3.858640055747036,3.858640055747036,3.858640055747036,-35184.331443467134,24.583391540659694,27.50498658564436,24999.91584234241,50.0,1,0.21039414397617529,24999.91584234241,50.0,1,1,0,0.21039414397617529,24999.91584234241,1,0.21039414397617529,1499.9949505405446,50.0,0,3.4013719942815004,658.754871676038,0.0,-76.6973809198046,1799.9939406486487,-82.34435895950475,0.0,0.0,138054.82091926958,0,120.78124810541625,-5911.346821164619,378.8771049041689,25.24322639667997,-5911.346821164619,25.24322639667997,900000.0,1615.6735042253822,1,21952.72905146785,77000.0,76487.67705101549,77000.0,21952.814718680806,1,1,1,0,1,0,141571.63205105832,0,1,900000.0,-5950.940860215053,0,0,1.0,0,1.0,0.0,1,1,0,145088.50887676416,139284.96852169358,1,600000.0,400000.0,0,0.4574595727135965
39.7,diagnostic,3.7522187902100885,3.7522187902100885,3.7522187902100885,3.7522187902100885,-35184.33627957181,23.923568345631626,26.845108091323045,24999.91584234241,50.0,1,0.21039414397617529,24999.91584234241,50.0,1,1,0,0.21039414397617529,24999.91584234241,1,0.21039414397617529,1499.9949505405446,50.0,0,3.4013719942815004,661.2753009057429,0.0,-74.74362597113011,1799.9939406486487,-82.65941261321787,0.0,0.0,134538.07385014318,0,117.17410821957225,-5911.347614935795,380.3323024921379,24.583391540659694,-5911.347614935795,24.583391540659694,900000.0,1615.668556532875,1,21952.645551379796,77000.0,76487.68756428655,77000.0,21952.72905146785,1,1,1,0,1,0,138054.82091926958,0,1,900000.0,-5950.940860215053,0,0,1.0,0,1.0,0.0,1,1,0,141571.63205105832,135908.766769016,1,600000.0,400000.0,0,0.45766232031321585
39.75,diagnostic,3.6457993047420594,3.6457993047420594,3.6457993047420594,3.6457993047420594,-35184.34100409785,23.26375649930255,26.18524232866821,24999.91584234241,50.0,1,0.21039414397617529,24999.91584234241,50.0,1,1,0,0.21039414397617529,24999.91584234241,1,0.21039414397617529,1499.9949505405446,50.0,0,3.4013719942815004,663.7956844007817,0.0,-72.78990570675293,1799.9939406486487,-82.97446055009772,0.0,0.0,131021.38921254178,0,113.59452806436998,-5911.348389962066,381.7874729863815,23.923568345631626,-5911.348389962066,23.923568345631626,900000.0,1615.6637204281876,1,21952.56414192376,77000.0,76487.69783499531,77000.0,21952.645551379796,1,1,1,0,1,0,134538.07385014318,0,1,900000.0,-5950.940860215053,0,0,1.0,0,1.0,0.0,1,1,0,138054.82091926958,132532.6280824988,1,600000.0,400000.0,0,0.45786004388754786
39.8,diagnostic,3.539381548979922,3.539381548979922,3.539381548979922,3.539381548979922,-35184.34561705422,22.60395568940077,25.525388985305916,24999.91584234241,50.0,1,0.21039414397617529,24999.91584234241,50.0,1,1,0,0.21039414397617529,24999.91584234241,1,0.21039414397617529,1499.9949505405446,50.0,0,3.4013719942815004,666.3160233541116,0.0,-70.83621922054627,1799.9939406486487,-83.28950291926395,0.0,0.0,127504.76537544263,0,110.04219130285439,-5911.349146244903,383.2426170757032,23.26375649930255,-5911.349146244903,23.26375649930255,900000.0,1615.658995902156,1,21952.48475558039,77000.0,76487.70786316134,77000.0,21952.56414192376,1,1,1,0,1,0,131021.38921254178,0,1,900000.0,-5950.940860215053,0,0,1.0,0,1.0,0.0,1,1,0,134538.07385014318,129156.55089613744,1,600000.0,400000.0,0,0.45805274352834374
39.85,diagnostic,3.4329654725639314,3.4329654725639314,3.4329654725639314,3.4329654725639314,-35184.35011844966,21.94416560367552,24.865547748885795,24999.91584234241,50.0,1,0.21039414397617529,24999.91584234241,50.0,1,1,0,0.21039414397617529,24999.91584234241,1,0.21039414397617529,1499.9949505405446,50.0,0,3.4013719942815004,668.8363189586042,0.0,-68.88256560644513,1799.9939406486487,-83.60453986982553,0.0,0.0,123988.20070793423,0,106.51678642124384,-5911.3498837857405,384.6977354488573,22.60395568940077,-5911.3498837857405,22.60395568940077,900000.0,1615.6543829457835,1,21952.4073327497,77000.0,76487.71764880362,77000.0,21952.48475558039,1,1,1,0,1,0,127504.76537544263,0,1,900000.0,-5950.940860215053,0,0,1.0,0,1.0,0.0,1,1,0,131021.38921254178,125780.5336440401,1,600000.0,400000.0,0,0.4582404193250243
39.9,diagnostic,3.326551025137526,3.326551025137526,3.326551025137526,3.326551025137526,-35184.35450829273,21.284385929896374,24.205718307080407,24999.91584234241,50.0,1,0.21039414397617529,24999.91584234241,50.0,1,1,0,0.21039414397617529,24999.91584234241,1,0.21039414397617529,1499.9949505405446,50.0,0,3.4013719942815004,671.35657240705,0.0,-66.92894395844488,1799.9939406486487,-83.91957155088124,0.0,0.0,120471.69357921377,0,103.0180066373554,-5911.350602585979,386.15282879454855,21.94416560367552,-5911.350602585979,21.94416560367552,900000.0,1615.6498815503348,1,21952.331820820935,77000.0,76487.72719194069,77000.0,21952.4073327497,1,1,1,0,1,0,123988.20070793423,0,1,900000.0,-5950.940860215053,0,0,1.0,0,1.0,0.0,1,1,0,127504.76537544263,122404.57476042492,1,600000.0,400000.0,0,0.45842307136468025
39.95,diagnostic,3.220138156347236,3.220138156347236,3.220138156347236,3.220138156347236,-35184.35878659174,20.624616355852663,23.54590034758469,24999.91584234241,50.0,1,0.21039414397617529,24999.91584234241,50.0,1,1,0,0.21039414397617529,24999.91584234241,1,0.21039414397617529,1499.9949505405446,50.0,0,3.4013719942815004,673.8767848921589,0.0,-64.9753533705994,1799.9939406486487,-84.23459811151986,0.0,0.0,116955.24235858365,0,99.54554981110844,-5911.35130264698,387.6078978014348,21.284385929896374,-5911.35130264698,21.284385929896374,900000.0,1615.6454917072817,1,21952.25817335166,77000.0,76487.73649259075,77000.0,21952.331820820935,1,1,1,0,1,0,120471.69357921377,0,1,900000.0,-5950.940860215053,0,0,1.0,0,1.0,0.0,1,1,0,123988.20070793423,119028.67267961685,1,600000.0,400000.0,0,0.45860069973207257
40.0,diagnostic,3.1137268158425835,3.1137268158425835,3.1137268158425835,3.1137268158425835,-35184.36295335482,19.964856569352865,22.886093558115373,24999.91584234241,50.0,1,0.21039414397617529,24999.91584234241,50.0,1,1,0,0.21039414397617529,24999.91584234241,1,0.21039414397617529,1499.9949505405446,50.0,0,3.4013719942815004,676.396957606563,0.0,-63.02179293701953,1799.9939406486487,-84.54961970082037,0.0,0.0,113438.84541544896,0,96.09911835705228,-5911.351983970074,389.0629431581275,20.624616355852663,-5911.351983970074,20.624616355852663,900000.0,1615.641213408257,1,21952.18634934321,77000.0,76487.74555077135,77000.0,21952.25817335166,1,1,1,0,1,0,116955.24235858365,0,1,900000.0,-5950.940860215053,0,0,1.0,0,1.0,0.0,1,1,0,120471.69357921377,115652.82583604522,1,600000.0,400000.0,0,0.4587733045096327
40.05,diagnostic,3.0073169532759914,3.0073169532759914,3.0073169532759914,3.0073169532759914,-35184.36700858988,19.30510625822402,22.22629762641035,24999.91584234241,50.0,1,0.21039414397617529,24999.91584234241,50.0,1,1,0,0.21039414397617529,24999.91584234241,1,0.21039414397617529,1499.9949505405446,50.0,0,3.4013719942815004,678.9170917428196,0.0,-61.06826175187143,1799.9939406486487,-84.86463646785245,0.0,0.0,109922.50111931421,0,92.65709856810355,-5909.992744955284,390.51796555319305,19.964856569352865,-5909.992744955284,19.964856569352865,900000.0,1615.637046645181,1,21952.116312601484,77000.0,76487.75436649974,77000.0,21952.18634934321,1,1,1,0,1,0,113438.84541544896,0,1,900000.0,-5950.940860215053,0,0,1.0,0,1.0,0.0,1,1,0,116955.24235858365,112277.0326642403,1,600000.0,400000.0,0,0.45894088577746245
40.1,diagnostic,2.9009085183026864,2.9009085183026864,2.9009085183026864,2.9009085183026864,-35176.27681797385,18.645365110311147,21.566512240228107,24999.91584234241,50.0,1,0.21039414397617529,24999.91584234241,50.0,1,1,0,0.21039414397617529,24999.91584234241,1,0.21039414397617529,1499.9949505405446,50.0,0,3.4013719942815004,681.4371884934123,0.0,-59.101159609839506,1799.9939406486487,-85.17964856167654,0.0,0.0,106381.72918301976,0,89.00797920046388,-5893.133600749831,391.97296567515474,19.30510625822402,-5893.133600749831,19.30510625822402,900000.0,1615.6329914101216,1,21952.048031172646,77000.0,76470.16699559534,77000.0,21952.116312601484,1,1,1,0,1,0,109922.50111931421,0,1,900000.0,-5950.940860215053,0,0,1.0,0,1.0,0.0,1,1,0,113438.84541544896,108901.291598831,1,600000.0,400000.0,0,0.45910344361333344
40.15,diagnostic,2.7945239441736764,2.7945239441736764,2.7945239441736764,2.7945239441736764,-35075.931191662996,17.985632813476656,20.906737087347135,24999.91584234241,50.0,1,0.21039414397617529,24999.91584234241,50.0,1,1,0,0.21039414397617529,24999.91584234241,1,0.21039414397617529,1499.9949505405446,50.0,0,3.4013719942815004,683.9572490507541,0.0,-56.98510373671265,1799.9939406486487,-85.49465613134426,0.0,0.0,102572.84143331744,0,84.99158617170225,-5847.950303349596,393.4279442124934,18.645365110311147,-5847.950303349596,18.645365110311147,900000.0,1623.434867388101,1,21962.351833851622,77000.0,76252.02432970217,77000.0,21952.048031172646,1,1,1,0,1,0,106381.72918301976,0,1,900000.0,-5950.940860215053,0,0,1.0,0,1.0,0.0,1,1,0,109922.50111931421,105525.60107454164,1,600000.0,400000.0,0,0.45926097809268895
40.2,diagnostic,2.688397761101109,2.688397761101109,2.688397761101109,2.688397761101109,-34807.000205536795,17.326048453876794,20.246971855565345,24999.91584234241,50.0,1,0.21039414397617529,24999.91584234241,50.0,1,1,0,0.21039414397617529,24999.91584234241,1,0.21039414397617529,1499.9949505405446,50.0,0,3.4013719942815004,686.4772746071889,0.0,-54.61569005719847,1799.9939406486487,-85.80965932589861,0.0,0.0,98307.91116730189,0,80.5417218130076,-5766.296153721466,394.8829018536488,17.985632813476656,-5766.296153721466,17.985632813476656,900000.0,1720.4787937970848,1,22102.422790283174,77000.0,75667.39175116694,77000.0,21962.351833851622,1,1,1,0,1,0,102572.84143331744,0,1,900000.0,-5950.940860215053,0,0,1.0,0,1.0,0.0,1,1,0,106381.72918301976,102126.46001569898,1,600000.0,400000.0,0,0.45941345781608417
40.25,diagnostic,2.58275031289665,2.58275031289665,2.58275031289665,2.58275031289665,-34320.994706950165,16.668066118826875,19.58721623269945,24999.91584234241,50.0,1,0.21039414397617529,24999.91584234241,50.0,1,1,0,0.21039414397617529,24999.91584234241,1,0.21039414397617529,1499.9949505405446,50.0,0,3.4013719942815004,688.9972663549948,0.0,-51.94760462690499,1799.9939406486487,-86.12465829437436,0.0,0.0,93505.37355964069,0,75.6594304142581,-5643.68164549299,396.33783928702115,17.326048453876794,-5643.68164549299,17.326048453876794,900000.0,1983.2778820984565,1,22601.10960196177,77000.0,74610.85805858731,77000.0,22102.422790283174,1,1,1,0,1,0,98307.91116730189,0,1,900000.0,-5950.940860215053,0,0,1.0,0,1.0,0.0,1,1,0,102572.84143331744,98469.92777598475,1,600000.0,400000.0,0,0.4595605345735244
40.3,diagnostic,2.477724097391898,2.477724097391898,2.477724097391898,2.477724097391898,-33591.19315397428,16.01305193995923,18.927510576645542,24999.91584234241,50.0,1,0.21039414397617529,24999.91584234241,50.0,1,1,0,0.21039414397617529,24999.91584234241,1,0.21039414397617529,1499.9949505405446,50.0,0,3.4013719942815004,691.5166930241888,0.0,-48.97843365746393,1799.9939406486487,-86.4395866280236,0.0,0.0,88160.88380589691,0,70.39905355247606,-5478.629161165677,397.7927572009726,16.668066118826875,-5478.629161165677,16.668066118826875,900000.0,2461.320716689506,1,23746.63035980079,77000.0,73024.33294342233,76510.76862172758,22601.10960196177,1,1,1,0,1,0,93505.37355964069,0,1,900000.0,-5913.130639448032,0,0,1.0,0,1.0,0.0,1,1,0,98307.91116730189,94375.5947206098,1,600000.0,400000.0,0,0.4597015837223729
40.35,diagnostic,2.3733983701153973,2.3733983701153973,2.3733983701153973,2.3733983701153973,-32608.800767258108,15.361889403829768,18.26830770708283,24999.91584234241,50.0,1,0.21039414397617529,24999.91584234241,50.0,1,1,0,0.21039414397617529,24999.91584234241,1,0.21039414397617529,1499.9949505405446,50.0,0,3.4013719942815004,689.2158535827832,0.0,-45.74040221726912,1799.9939406486487,-86.1519816978479,0.0,0.0,82332.44683391643,0,64.84537039447613,-5272.059842999936,399.24734886663526,16.01305193995923,-5272.059842999936,16.01305193995923,900000.0,3182.141030820626,1,25843.186909246662,76510.76862172758,70888.69732012633,75019.33169117958,23746.63035980079,1,1,1,0,1,0,88160.88380589691,0,1,900000.0,-5797.865016455412,0,0,1.0,0,1.0,0.0,1,1,0,93505.37355964069,89765.15861725506,1,600000.0,400000.0,0,0.45983584890425905
40.4,diagnostic,2.269800334250269,2.269800334250269,2.269800334250269,2.269800334250269,-31379.30018553562,14.715069894715464,17.610326906474434,24999.91584234241,50.0,1,0.21039414397617529,24999.91584234241,50.0,1,1,0,0.21039414397617529,24999.91584234241,1,0.21039414397617529,1499.9949505405446,50.0,0,3.4013719942815004,677.041748513199,0.0,-42.28606796776427,1799.9939406486487,-84.63021856414987,0.0,0.0,76114.6661158326,0,59.44172137973582,-5020.821738752441,397.9189585957776,15.361889403829768,-5020.821738752441,15.361889403829768,900000.0,4155.2020971595575,1,29179.194526313247,75019.33169117958,68215.8699685557,72635.05878877925,25843.186909246662,1,1,1,0,1,0,82332.44683391643,0,1,900000.0,-5613.596613380118,0,0,1.0,0,1.0,0.0,1,1,0,88160.88380589691,84634.44845366104,1,600000.0,400000.0,0,0.4599625565225182
40.45,diagnostic,2.16691567743933,2.16691567743933,2.16691567743933,2.16691567743933,-29883.93098905453,14.072762072351667,16.954335364550577,24999.91584234241,50.0,1,0.21039414397617529,24999.91584234241,50.0,1,1,0,0.21039414397617529,24999.91584234241,1,0.21039414397617529,1499.9949505405446,50.0,0,3.4013719942815004,656.067224422283,0.0,-38.633343570324,1799.9939406486487,-82.00840305278537,0.0,0.0,69539.78433358064,0,54.496002208992884,-4720.5278486208645,390.89023575671035,14.715069894715464,-4720.5278486208645,14.715069894715464,900000.0,5375.554457316285,1,34005.145137916785,72635.05878877925,64965.067367509844,69471.81846304094,29179.194526313247,1,1,1,0,1,0,76114.6661158326,0,1,900000.0,-5369.125754872116,0,0,1.0,0,1.0,0.0,1,1,0,82332.44683391643,79039.14896055977,1,600000.0,400000.0,0,0.4600810069375627
40.5,diagnostic,2.0647959489812346,2.0647959489812346,2.0647959489812346,2.0647959489812346,-28096.581754991385,13.434877200123847,16.301019803586048,24999.91584234241,50.0,1,0.21039414397617529,24999.91584234241,50.0,1,1,0,0.21039414397617529,24999.91584234241,1,0.21039414397617529,1499.9949505405446,50.0,0,3.4013719942815004,627.41089649544,0.0,-34.793310538684025,1799.9939406486487,-78.42636206193,0.0,0.0,62627.74814473801,0,49.83885070120966,-4374.312600104101,378.7805886266957,14.072762072351667,-4374.312600104101,14.072762072351667,900000.0,6861.112705007959,1,40564.561487253945,69471.81846304094,61079.5255543291,65645.99829546451,34005.145137916785,1,1,1,0,1,0,69539.78433358064,0,1,900000.0,-5073.447448910228,0,0,1.0,0,1.0,0.0,1,1,0,76114.6661158326,73070.0794711993,1,600000.0,400000.0,0,0.4601906304292593
40.55,diagnostic,1.9635154676033437,1.9635154676033437,1.9635154676033437,1.9635154676033437,-26035.90859581961,12.801734883683656,15.65091579882857,24999.91584234241,50.0,1,0.21039414397617529,24999.91584234241,50.0,1,1,0,0.21039414397617529,24999.91584234241,1,0.21039414397617529,1499.9949505405446,50.0,0,3.4013719942815004,592.2174004863213,0.0,-30.83415283217072,1799.9939406486487,-74.02717506079016,0.0,0.0,55501.28826294166,0,45.388632832237256,-3990.600542260125,362.23584998414674,13.434877200123847,-3990.600542260125,13.434877200123847,900000.0,8637.695849431026,1,49111.45048768493,65645.99829546451,56599.80129526002,61274.60056704793,40564.561487253945,1,1,1,0,1,0,62627.74814473801,0,1,900000.0,-4735.604210490936,0,0,1.0,0,1.0,0.0,1,1,0,69539.78433358064,66758.19296023741,1,600000.0,400000.0,0,0.4602909122471332
40.6,diagnostic,1.8630250108894801,1.8630250108894801,1.8630250108894801,1.8630250108894801,-23752.054427532265,12.173795899140732,15.00437677979103,24999.91584234241,50.0,1,0.21039414397617529,24999.91584234241,50.0,1,1,0,0.21039414397617529,24999.91584234241,1,0.21039414397617529,1499.9949505405446,50.0,0,3.4013719942815004,551.6384041115643,0.0,-26.854360722890075,1799.9939406486487,-68.95480051394554,0.0,0.0,48337.6865811952,0,41.11918919363081,-3581.2090815964107,341.916875589558,12.801734883683656,-3581.2090815964107,12.801734883683656,900000.0,10688.234383306635,1,59854.23156371075,61274.60056704793,51634.90092941796,56473.20395179688,49111.45048768493,1,1,1,0,1,0,55501.28826294166,0,1,900000.0,-4364.528531220862,0,0,1.0,0,1.0,0.0,1,1,0,62627.74814473801,60122.63821894849,1,600000.0,400000.0,0,0.46038136789250966
40.65,diagnostic,1.7631834876403685,1.7631834876403685,1.7631834876403685,1.7631834876403685,-21315.356453661836,11.550755067514777,14.361746307725864,24999.91584234241,50.0,1,0.21039414397617529,24999.91584234241,50.0,1,1,0,0.21039414397617529,24999.91584234241,1,0.21039414397617529,1499.9949505405446,50.0,0,3.4013719942815004,506.810006722163,0.0,-22.963673639334246,1799.9939406486487,-63.351250840270374,0.0,0.0,41334.473405834746,0,37.03713023489615,-3159.647294161275,318.4885811091473,12.173795899140732,-3159.647294161275,12.173795899140732,900000.0,12963.765251204166,1,72907.22405856891,56473.20395179688,46337.73142100399,51354.27513937276,59854.23156371075,1,1,1,0,1,0,48337.6865811952,0,1,900000.0,-3968.9123931638896,0,0,1.0,0,1.0,0.0,1,1,0,55501.28826294166,53281.236732424,1,600000.0,400000.0,0,0.4604616735128684
40.7,diagnostic,1.6637904362641682,1.6637904362641682,1.6637904362641682,1.6637904362641682,-18806.22069484791,10.931737623370285,13.723402141836225,24999.91584234241,50.0,1,0.21039414397617529,24999.91584234241,50.0,1,1,0,0.21039414397617529,24999.91584234241,1,0.21039414397617529,1499.9949505405446,50.0,0,3.4013719942815004,458.83714581161144,0.0,-19.26670651718471,1799.9939406486487,-57.35464322645143,0.0,0.0,34679.95498718831,0,33.16475437495318,-2739.5825522847736,292.6068938090369,11.550755067514777,-2739.5825522847736,11.550755067514777,900000.0,15394.713750808323,1,88265.76967477144,51354.27513937276,40883.08846706067,46027.52742691514,72907.22405856891,1,1,1,0,1,0,41334.473405834746,0,1,900000.0,-3557.234982590888,0,0,1.0,0,1.0,0.0,1,1,0,48337.6865811952,46404.179117947395,1,600000.0,400000.0,0,0.4605317507225102
40.75,diagnostic,1.5646153104624574,1.5646153104624574,1.5646153104624574,1.5646153104624574,-16305.995351198972,10.315500704837843,13.089522791103066,24999.91584234241,50.0,1,0.21039414397617529,24999.91584234241,50.0,1,1,0,0.21039414397617529,24999.91584234241,1,0.21039414397617529,1499.9949505405446,50.0,0,3.4013719942815004,408.800590604472,0.0,-15.850305100920052,1799.9939406486487,-51.100073825559,0.0,0.0,28530.453139088462,0,29.532543217409003,-2333.6892103451737,264.9097496485334,10.931737623370285,-2333.6892103451737,10.931737623370285,900000.0,17901.06025785736,1,105800.80867698842,46027.52742691514,35447.81598086733,40599.77599856876,88265.76967477144,1,1,1,0,1,0,34679.95498718831,0,1,900000.0,-3137.751505265731,0,0,1.0,0,1.0,0.0,1,1,0,41334.473405834746,39681.094469601354,1,600000.0,400000.0,0,0.4605918004292578
40.8,diagnostic,1.465423875492629,1.465423875492629,1.465423875492629,1.465423875492629,-13890.118179974474,9.700614924867237,12.45997946705847,24999.91584234241,50.0,1,0.21039414397617529,24999.91584234241,50.0,1,1,0,0.21039414397617529,24999.91584234241,1,0.21039414397617529,1499.9949505405446,50.0,0,3.4013719942815004,357.7547679014284,0.0,-12.778358778543318,1799.9939406486487,-44.71934598767855,0.0,0.0,23000.96837281244,0,26.174354425647522,-1952.8549207569572,236.02113103036993,10.315500704837843,-1952.8549207569572,10.315500704837843,900000.0,20401.503967848712,1,125268.99259648898,40599.77599856876,30195.90908690103,35172.46026177336,105800.80867698842,1,1,1,0,1,0,28530.453139088462,0,1,900000.0,-2718.301700338667,0,0,1.0,0,1.0,0.0,1,1,0,34679.95498718831,33292.756787700775,1,600000.0,400000.0,0,0.46064229386758504
40.85,diagnostic,1.365998184462277,1.365998184462277,1.365998184462277,1.365998184462277,-11623.39248834541,9.0856280280543,11.834318345414037,24999.91584234241,50.0,1,0.21039414397617529,24999.91584234241,50.0,1,1,0,0.21039414397617529,24999.91584234241,1,0.21039414397617529,1499.9949505405446,50.0,0,3.4013719942815004,306.70261167577337,0.0,-10.090278501668942,1799.9939406486487,-38.33782645947167,0.0,0.0,18162.440162461422,0,23.12590206897252,-1605.6750070597282,206.5498115517618,9.700614924867237,-1605.6750070597282,9.700614924867237,900000.0,22820.397965214575,1,146333.27871291846,35172.46026177336,25268.24453988132,29840.393670018442,125268.99259648898,1,1,1,0,1,0,23000.96837281244,0,1,900000.0,-2306.2132204651352,0,0,1.0,0,1.0,0.0,1,1,0,28530.453139088462,27389.23501352492,1,600000.0,400000.0,0,0.46068393015804754
40.9,diagnostic,1.2661504126910224,1.2661504126910224,1.2661504126910224,1.2661504126910224,-9556.977642019501,8.469188743666118,11.21180097714992,24999.91584234241,50.0,1,0.21039414397617529,24999.91584234241,50.0,1,1,0,0.21039414397617529,24999.91584234241,1,0.21039414397617529,1499.9949505405446,50.0,0,3.4013719942815004,256.5825674969569,0.0,-7.801889096922728,1799.9939406486487,-32.072820937119616,0.0,0.0,14043.353100073668,0,20.426650014201087,-1298.1726929361655,177.07483541216902,9.0856280280543,-1298.1726929361655,9.0856280280543,900000.0,25092.552107970158,1,168589.34472313558,29840.393670018442,20776.038352216307,24691.907040055004,146333.27871291846,1,1,1,0,1,0,18162.440162461422,0,1,900000.0,-1908.3127080687673,0,0,1.0,0,1.0,0.0,1,1,0,23000.96837281244,22080.929637899942,1,600000.0,400000.0,0,0.46071757861068985
40.95,diagnostic,1.165731710406038,1.165731710406038,1.165731710406038,1.165731710406038,-7726.723868356057,7.850132558684339,10.591480657090552,24999.91584234241,50.0,1,0.21039414397617529,24999.91584234241,50.0,1,1,0,0.21039414397617529,24999.91584234241,1,0.21039414397617529,1499.9949505405446,50.0,0,3.4013719942815004,250.0,0.0,-5.907861180171854,1799.9939406486487,-26.0336722101452,0.0,0.0,10634.114326502711,0,18.12336411005638,-1033.7057945724002,148.1380144137334,8.469188743666118,-1033.7057945724002,8.469188743666118,900000.0,27166.306496588168,1,191594.27058034594,24691.907040055004,16797.22580077404,19810.157498551533,168589.34472313558,1,1,1,0,1,0,14043.353100073668,0,1,900000.0,-1531.0269572133243,0,0,1.0,0,1.0,0.0,1,1,0,18162.440162461422,17435.942555962964,1,600000.0,400000.0,0,0.46074421617209477
41.0,diagnostic,1.0646371436059854,1.0646371436059854,1.0646371436059854,1.0646371436059854,-6152.616889294926,7.227536604517436,9.972292646277584,24999.91584234241,50.0,1,0.21039414397617529,24999.91584234241,50.0,1,1,0,0.21039414397617529,24999.91584234241,1,0.21039414397617529,1499.9949505405446,50.0,0,3.4013719942815004,250.0,0.0,-4.385121412137952,1799.9939406486487,-20.323311067146324,0.0,0.0,7893.191970856959,0,13.560252563876277,-813.0244322143197,144.33756729740645,7.850132558684339,-813.0244322143197,7.850132558684339,900000.0,29005.246909569552,1,214894.95331656176,19810.157498551533,13375.254107162882,15275.230498833815,191594.27058034594,1,1,1,0,1,0,10634.114326502711,0,1,900000.0,-1180.54536785342,0,0,1.0,0,1.0,0.0,1,1,0,14043.353100073668,13481.61897607072,1,600000.0,400000.0,0,0.46076486654610394
41.05,diagnostic,0.9628074125837357,0.9628074125837357,0.9628074125837357,0.9628074125837357,-4839.121420539631,6.60075029035711,9.353143096231335,24999.91584234241,50.0,1,0.21039414397617529,24999.91584234241,50.0,1,1,0,0.21039414397617529,24999.91584234241,1,0.21039414397617529,1499.9949505405446,50.0,0,3.4013719942815004,250.0,0.0,-3.196858744386008,1799.9939406486487,-15.040800881887447,0.0,0.0,5754.326369004462,0,9.742665627184394,-634.4542434360707,144.33756729740645,7.227536604517436,-634.4542434360707,7.227536604517436,900000.0,30588.801554790487,1,238054.4359954161,15275.230498833815,10519.829175086154,11166.574686962018,214894.95331656176,1,1,1,0,1,0,7893.191970856959,0,1,900000.0,-863.0081243283819,0,0,1.0,0,1.0,0.0,1,1,0,10634.114326502711,10208.749753442602,1,600000.0,400000.0,0,0.4607805451721097
41.1,diagnostic,0.8602279587365825,0.8602279587365825,0.8602279587365825,0.8602279587365825,-3776.2716569314925,5.969405958019162,8.73298804260736,24999.91584234241,50.0,1,0.21039414397617529,24999.91584234241,50.0,1,1,0,0.21039414397617529,24999.91584234241,1,0.21039414397617529,1499.9949505405446,50.0,0,3.4013719942815004,250.0,0.0,-2.2968544027612254,1799.9939406486487,-10.284306360573007,0.0,0.0,4134.324007522377,0,6.9295842733248785,-494.11346161098766,144.33756729740645,6.60075029035711,-494.11346161098766,6.60075029035711,900000.0,31911.93111281038,1,260674.8914317491,11166.574686962018,8209.286210720635,7565.376597220537,238054.4359954161,1,1,1,0,1,0,5754.326369004462,0,1,900000.0,-584.6897235755121,0,0,1.0,0,1.0,0.0,1,1,0,7893.191970856959,7577.464292022681,1,600000.0,400000.0,0,0.46079221272097626
41.15,diagnostic,0.7569259033482888,0.7569259033482888,0.7569259033482888,0.7569259033482888,-2940.9633235085985,5.333413344166812,8.110898289522527,24999.91584234241,50.0,1,0.21039414397617529,24999.91584234241,50.0,1,1,0,0.21039414397617529,24999.91584234241,1,0.21039414397617529,1499.9949505405446,50.0,0,3.4013719942815004,250.0,0.0,-1.633664415525153,1799.9939406486487,-6.153999857730872,0.0,0.0,2940.5860489985917,0,4.880579276343258,-384.8159508287597,144.33756729740645,5.969405958019162,-384.8159508287597,5.969405958019162,900000.0,32984.066096072784,1,282416.4107478288,7565.376597220537,6393.398529366518,4556.590717176272,260674.8914317491,1,1,1,0,1,0,4134.324007522377,0,1,900000.0,-352.1558685989727,0,0,1.0,0,1.0,0.0,1,1,0,5754.326369004462,5524.153314244284,1,600000.0,400000.0,0,0.4608007387394464
41.2,diagnostic,0.6529663492297545,0.6529663492297545,0.6529663492297545,0.6529663492297545,-2290.424539332778,4.692940600759391,7.486108472189982,24999.91584234241,50.0,1,0.21039414397617529,24999.91584234241,50.0,1,1,0,0.21039414397617529,24999.91584234241,1,0.21039414397617529,1499.9949505405446,50.0,0,3.4013719942815004,250.0,0.0,-1.1506070748867383,1799.9939406486487,-2.754553326011765,0.0,0.0,2071.085762863595,0,3.396032826220966,-299.6949638438053,144.33756729740645,5.333413344166812,-299.6949638438053,5.333413344166812,900000.0,33827.82298182651,1,303011.5938844246,4556.590717176272,4979.183781158213,2230.4418230284336,282416.4107478288,1,1,1,0,1,0,2940.5860489985917,0,1,900000.0,-172.37957637652545,0,0,1.0,0,1.0,0.0,1,1,0,4134.324007522377,3968.9510472214815,1,600000.0,400000.0,0,0.46080687634550876
41.25,diagnostic,0.5484703852269677,0.5484703852269677,0.5484703852269677,0.5484703852269677,-1783.784424798329,4.048391365224478,6.858050189643597,24999.91584234241,50.0,1,0.21039414397617529,24999.91584234241,50.0,1,1,0,0.21039414397617529,24999.91584234241,1,0.21039414397617529,1499.9949505405446,50.0,0,3.4013719942815004,250.0,0.0,-0.800622052250551,1799.9939406486487,-0.196988875011821,0.0,0.0,1441.1148428006777,0,2.327223389876102,-233.40267252411186,144.33756729740645,4.692940600759391,-233.40267252411186,4.692940600759391,900000.0,34485.25462727259,1,322286.3824217161,2230.4418230284336,3877.792227822454,683.2977377778855,303011.5938844246,1,1,1,0,1,0,2071.085762863595,0,1,900000.0,-52.80862892772637,0,0,1.0,0,1.0,0.0,1,1,0,2940.5860489985917,2822.962607038648,1,600000.0,400000.0,0,0.46081124771671567
41.3,diagnostic,0.4435558157991856,0.4435558157991856,0.4435558157991856,0.4435558157991856,-1389.2127068635139,3.4005163884072,6.226369933476507,24999.91584234241,50.0,1,0.21039414397617529,24999.91584234241,50.0,1,1,0,0.21039414397617529,24999.91584234241,1,0.21039414397617529,1499.9949505405446,50.0,0,3.4013719942815004,250.0,0.0,-0.5486479259157953,1799.9939406486487,1.400238649567187,0.0,0.0,987.5629421978803,0,1.563514399249927,-181.774184132737,144.33756729740645,4.048391365224478,-181.774184132737,4.048391365224478,900000.0,34997.2740778776,1,340152.7943192979,683.2977377778855,3020.0276236163345,17.876816792232706,322286.3824217161,1,1,1,0,1,0,1441.1148428006777,0,1,900000.0,-1.3816088246685223,0,0,1.0,0,1.0,0.0,1,1,0,2071.085762863595,1988.2423323490511,1,600000.0,400000.0,0,0.4608143306249891
41.35,diagnostic,0.33831521460640335,0.33831521460640335,0.33831521460640335,0.33831521460640335,-1081.9199439580505,2.750046057954951,5.590935095912977,24999.91584234241,50.0,1,0.21039414397617529,24999.91584234241,50.0,1,1,0,0.21039414397617529,24999.91584234241,1,0.21039414397617529,1499.9949505405446,50.0,0,3.4013719942815004,250.0,0.0,-0.3686018867031162,1799.9939406486487,1.9109755046515287,0.0,0.0,663.481162577269,0,1.0227998298601444,-141.5658769447413,144.33756729740645,3.4005163884072,-141.5658769447413,3.4005163884072,900000.0,35396.03562544634,1,356586.8710702995,17.876816792232706,2351.999878169675,0.0,340152.7943192979,1,1,0,0,1,0,987.5629421978803,0,1,900000.0,-0.0,0,0,1.0,0,1.0,0.0,1,1,0,1441.1148428006777,1383.4702490886505,1,600000.0,400000.0,0,0.46081647935632464
41.4,diagnostic,0.23282069674507982,0.23282069674507982,0.23282069674507982,0.23282069674507982,-842.6000995751001,2.0975543305597006,4.951870792944598,24999.91584234241,50.0,1,0.21039414397617529,24999.91584234241,50.0,1,1,0,0.21039414397617529,24999.91584234241,1,0.21039414397617529,1499.9949505405446,50.0,0,3.4013719942815004,0.0,0.0,-0.24112726252277472,1799.9939406486487,0.0,0.0,0.0,434.0276114661905,0,0.5956318503623337,-101.94143765274491,144.33756729740645,2.750046057954951,-101.94143765274491,2.750046057954951,900000.0,35706.59144516737,1,371609.37152079004,0.0,1831.7393469023916,0.0,356586.8710702995,1,1,0,0,1,0,663.481162577269,0,1,900000.0,-0.0,0,0,1.0,0,1.0,0.0,1,1,0,987.5629421978803,948.0604245099651,1,600000.0,400000.0,0,0.46081795495365657
41.45,diagnostic,0.1271284153416846,0.1271284153416846,0.1271284153416846,0.1271284153416846,-606.7554369091376,1.443488319819495,4.309478731233728,24999.91584234241,50.0,1,0.21039414397617529,24999.91584234241,50.0,1,1,0,0.21039414397617529,24999.91584234241,1,0.21039414397617529,1499.9949505405446,50.0,0,3.4013719942815004,0.0,0.0,-0.14042149143580052,1799.9939406486487,0.0,0.0,0.0,252.75783372128706,0,0.0,-37.50215911590521,0.0,2.0975543305597006,-37.50215911590521,2.0975543305597006,900000.0,35948.45256126061,1,385271.25199865364,0.0,1319.0335584981256,0.0,371609.37152079004,1,1,0,0,1,0,434.0276114661905,0,1,900000.0,-0.0,0,0,1.0,0,1.0,0.0,1,1,0,663.481162577269,636.9419160741782,1,600000.0,400000.0,0,0.46081894908128596
41.5,diagnostic,0.02141948625210812,0.02141948625210812,0.02141948625210812,0.02141948625210812,-223.2128510578678,0.7881961751184445,3.664140047587662,24999.91584234241,50.0,1,0.21039414397617529,24999.91584234241,50.0,1,1,0,0.21039414397617529,24999.91584234241,1,0.21039414397617529,1499.9949505405446,50.0,0,3.4013719942815004,0.0,0.0,-0.039401463270188494,1799.9939406486487,0.0,0.0,0.0,70.92239513902958,0,0.0,-13.796273338281715,0.0,1.443488319819495,-13.796273338281715,1.443488319819495,900000.0,36184.51185484611,1,397706.2472393506,0.0,485.2453283866691,0.0,385271.25199865364,1,1,0,0,1,0,252.75783372128706,0,1,900000.0,-0.0,0,0,1.0,0,1.0,0.0,1,1,0,434.0276114661905,416.66650700754286,1,600000.0,400000.0,0,0.46081960189980953
41.55,diagnostic,0.0,0.0,0.0,0.0,-82.11541890945277,0.13280081476307035,3.0162551278329097,24999.91584234241,50.0,1,0.21039414397617529,24999.91584234241,50.0,1,1,0,0.21039414397617529,24999.91584234241,1,0.21039414397617529,1499.9949505405446,50.0,0,3.4013719942815004,0.0,0.0,-0.009975115298091003,1799.9939406486487,0.0,0.0,0.0,17.955147093835446,0,0.0,-5.075365325935545,0.0,0.7881961751184445,-5.075365325935545,0.7881961751184445,900000.0,36562.79312271026,1,409245.85105599544,0.0,178.5117802379408,0.0,397706.2472393506,1,1,0,0,1,0,70.92239513902958,0,1,900000.0,-0.0,0,0,1.0,0,1.0,0.0,1,1,0,252.75783372128706,242.64752037243557,1,600000.0,400000.0,0,0.46081998887811176
41.6,diagnostic,0.0,0.0,0.0,0.0,-30.208574419968365,0.0,2.366209117583899,24999.91584234241,50.0,1,0.21039414397617529,24999.91584234241,50.0,1,1,0,0.21039414397617529,24999.91584234241,1,0.21039414397617529,1499.9949505405446,50.0,0,3.4013719942815004,0.0,0.0,-0.002003754410344234,1799.9939406486487,0.0,0.0,0.0,3.606745797167627,0,0.0,-1.867122559846083,0.0,0.13280081476307035,-1.867122559846083,0.13280081476307035,900000.0,36712.351849436076,1,419729.67386932566,0.0,65.67081395645296,0.0,409245.85105599544,1,1,0,0,1,0,17.955147093835446,0,1,900000.0,-0.0,0,0,1.0,0,1.0,0.0,1,1,0,70.92239513902958,68.08549933346839,1,600000.0,400000.0,0,0.4608201161723105
41.65,diagnostic,0.0,0.0,0.0,0.0,-11.113113476203885,0.0,1.7146024108866054,24999.91584234241,50.0,1,0.21039414397617529,24999.91584234241,50.0,1,1,0,0.21039414397617529,24999.91584234241,1,0.21039414397617529,1499.9949505405446,50.0,0,3.4013719942815004,0.0,0.0,-0.00012419852149282088,1799.9939406486487,0.0,0.0,0.0,0.22355658612459856,0,0.0,-0.6868760039147699,0.0,0.0,-0.6868760039147699,0.0,900000.0,36767.7423265228,1,429095.32002895646,0.0,24.158942339573663,0.0,419729.67386932566,1,1,0,0,1,0,3.606745797167627,0,1,900000.0,-0.0,0,0,1.0,0,1.0,0.0,1,1,0,17.955147093835446,17.236941210082026,1,600000.0,400000.0,0,0.46082014938927046
41.7,diagnostic,0.0,0.0,0.0,0.0,-4.08828597530071,0.0,1.214359607615049,24999.91584234241,50.0,1,0.21039414397617529,24999.91584234241,50.0,1,1,0,0.21039414397617529,24999.91584234241,1,0.21039414397617529,1499.9949505405446,50.0,0,3.4013719942815004,0.0,0.0,-0.0,1799.9939406486487,0.0,0.0,0.0,0.0,0,0.0,-0.2526875604742389,0.0,0.0,-0.2526875604742389,0.0,900000.0,36788.132575630996,1,437402.4206040144,0.0,8.887578207175457,0.0,429095.32002895646,1,1,0,0,1,0,0.22355658612459856,0,1,900000.0,-0.0,0,0,1.0,0,1.0,0.0,1,1,0,3.606745797167627,3.462475965280922,1,600000.0,400000.0,0,0.46082015659153597
41.75,diagnostic,0.0,0.0,0.0,0.0,-1.50399635994267,0.0,0.8600648449131932,24999.91584234241,50.0,1,0.21039414397617529,24999.91584234241,50.0,1,1,0,0.21039414397617529,24999.91584234241,1,0.21039414397617529,1499.9949505405446,50.0,0,3.4013719942815004,0.0,0.0,-0.0,1799.9939406486487,0.0,0.0,0.0,0.0,0,0.0,-0.09295855853823803,0.0,0.0,-0.09295855853823803,0.0,900000.0,36795.634201093395,1,444748.8466921622,0.0,3.2695573042231953,0.0,437402.4206040144,1,1,0,0,1,0,0.0,0,1,900000.0,-0.0,0,0,1.0,0,1.0,0.0,1,1,0,0.22355658612459856,0.2146143226796146,1,600000.0,400000.0,0,0.4608201573942153
41.8,diagnostic,0.0,0.0,0.0,0.0,-0.5532893404195928,0.0,0.6091371392929623,24999.91584234241,50.0,1,0.21039414397617529,24999.91584234241,50.0,1,1,0,0.21039414397617529,24999.91584234241,1,0.21039414397617529,1499.9949505405446,50.0,0,3.4013719942815004,0.0,0.0,-0.0,1799.9939406486487,0.0,0.0,0.0,0.0,0,0.0,-0.03419754256714981,0.0,0.0,-0.03419754256714981,0.0,900000.0,36798.393911715044,1,451237.7235346945,0.0,1.2028029139556364,0.0,444748.8466921622,1,1,0,0,1,0,0.0,0,1,900000.0,-0.0,0,0,1.0,0,1.0,0.0,1,1,0,0.0,0.0,1,600000.0,400000.0,0,0.46082015742615184
41.85,diagnostic,0.0,0.0,0.0,0.0,-0.20354377335967566,0.0,0.4314186966954378,24999.91584234241,50.0,1,0.21039414397617529,24999.91584234241,50.0,1,1,0,0.21039414397617529,24999.91584234241,1,0.21039414397617529,1499.9949505405446,50.0,0,3.4013719942815004,0.0,0.0,-0.0,1799.9939406486487,0.0,0.0,0.0,0.0,0,0.0,-0.01258057284903968,0.0,0.0,-0.01258057284903968,0.0,900000.0,36799.409153117034,1,456966.2262856776,0.0,0.44248646382538187,0.0,451237.7235346945,1,1,0,0,1,0,0.0,0,1,900000.0,-0.0,0,0,1.0,0,1.0,0.0,1,1,0,0.0,0.0,1,600000.0,400000.0,0,0.46082015742615184
41.9,diagnostic,0.0,0.0,0.0,0.0,-0.07487956959748418,0.0,0.3055503922719699,24999.91584234241,50.0,1,0.21039414397617529,24999.91584234241,50.0,1,1,0,0.21039414397617529,24999.91584234241,1,0.21039414397617529,1499.9949505405446,50.0,0,3.4013719942815004,0.0,0.0,-0.0,1799.9939406486487,0.0,0.0,0.0,0.0,0,0.0,-0.004628134109321336,0.0,0.0,-0.004628134109321336,0.0,900000.0,36799.78263957809,1,462022.38073352526,0.0,0.16278167303800908,0.0,456966.2262856776,1,1,0,0,1,0,0.0,0,1,900000.0,-0.0,0,0,1.0,0,1.0,0.0,1,1,0,0.0,0.0,1,600000.0,400000.0,0,0.46082015742615184
41.95,diagnostic,0.0,0.0,0.0,0.0,-0.02754665421868059,0.0,0.21640471989896945,24999.91584234241,50.0,1,0.21039414397617529,24999.91584234241,50.0,1,1,0,0.21039414397617529,24999.91584234241,1,0.21039414397617529,1499.9949505405446,50.0,0,3.4013719942815004,0.0,0.0,-0.0,1799.9939406486487,0.0,0.0,0.0,0.0,0,0.0,-0.0017025953898036235,0.0,0.0,-0.0017025953898036235,0.0,900000.0,36799.920037569434,1,466484.70409312187,0.0,0.05988403091017519,0.0,462022.38073352526,1,1,0,0,1,0,0.0,0,1,900000.0,-0.0,0,0,1.0,0,1.0,0.0,1,1,0,0.0,0.0,1,600000.0,400000.0,0,0.46082015742615184
42.0,diagnostic,0.0,0.0,0.0,0.0,-0.010133847760111166,0.0,0.15326768997523402,24999.91584234241,50.0,1,0.21039414397617529,24999.91584234241,50.0,1,1,0,0.21039414397617529,24999.91584234241,1,0.21039414397617529,1499.9949505405446,50.0,0,3.4013719942815004,0.0,0.0,-0.0,1799.9939406486487,0.0,0.0,0.0,0.0,0,0.0,-0.0006263498405420308,0.0,0.0,-0.0006263498405420308,0.0,900000.0,36799.97058346572,1,470422.79464331304,0.0,0.022030103826328626,0.0,466484.70409312187,1,1,0,0,1,0,0.0,0,1,900000.0,-0.0,0,0,1.0,0,1.0,0.0,1,1,0,0.0,0.0,1,600000.0,400000.0,0,0.46082015742615184
42.05,diagnostic,0.0,0.0,0.0,0.0,-0.0037280342509061677,0.0,0.1085511665425386,24999.91584234241,50.0,1,0.21039414397617529,24999.91584234241,50.0,1,1,0,0.21039414397617529,24999.91584234241,1,0.21039414397617529,1499.9949505405446,50.0,0,3.4013719942815004,0.0,0.0,-0.0,1799.9939406486487,0.0,0.0,0.0,0.0,0,0.0,-0.00023042122931642422,0.0,0.0,-0.00023042122931642422,0.0,900000.0,36799.989178261814,1,473898.1856179974,0.0,0.008104422284578625,0.0,470422.79464331304,1,1,0,0,1,0,0.0,0,1,900000.0,-0.0,0,0,1.0,0,1.0,0.0,1,1,0,0.0,0.0,1,600000.0,400000.0,0,0.46082015742615184
42.1,diagnostic,0.0,0.0,0.0,0.0,-0.001371467156891357,0.0,0.07688088572125008,24999.91584234241,50.0,1,0.21039414397617529,24999.91584234241,50.0,1,1,0,0.21039414397617529,24999.91584234241,1,0.21039414397617529,1499.9949505405446,50.0,0,3.4013719942815004,0.0,0.0,-0.0,1799.9939406486487,0.0,0.0,0.0,0.0,0,0.0,-8.476723307496289e-05,0.0,0.0,-8.476723307496289e-05,0.0,900000.0,36799.996018905,1,476965.22146424593,0.0,0.002981450341068167,0.0,473898.1856179974,1,1,0,0,1,0,0.0,0,1,900000.0,-0.0,0,0,1.0,0,1.0,0.0,1,1,0,0.0,0.0,1,600000.0,400000.0,0,0.46082015742615184
42.15,diagnostic,0.0,0.0,0.0,0.0,-0.0005045345712621791,0.0,0.05445054878307241,24999.91584234241,50.0,1,0.21039414397617529,24999.91584234241,50.0,1,1,0,0.21039414397617529,24999.91584234241,1,0.21039414397617529,1499.9949505405446,50.0,0,3.4013719942815004,0.0,0.0,-0.0,1799.9939406486487,0.0,0.0,0.0,0.0,0,0.0,-3.118412233326675e-05,0.0,0.0,-3.118412233326675e-05,0.0,900000.0,36799.998535437,1,479671.87627688056,0.0,0.0010968142853525632,0.0,476965.22146424593,1,1,0,0,1,0,0.0,0,1,900000.0,-0.0,0,0,1.0,0,1.0,0.0,1,1,0,0.0,0.0,1,600000.0,400000.0,0,0.46082015742615184
42.2,diagnostic,0.0,0.0,0.0,0.0,-0.0001856078961276037,0.0,0.038564361413935315,24999.91584234241,50.0,1,0.21039414397617529,24999.91584234241,50.0,1,1,0,0.21039414397617529,24999.91584234241,1,0.21039414397617529,1499.9949505405446,50.0,0,3.4013719942815004,0.0,0.0,-0.0,1799.9939406486487,0.0,0.0,0.0,0.0,0,0.0,-1.1471997497384064e-05,0.0,0.0,-1.1471997497384064e-05,0.0,900000.0,36799.999461217376,1,482060.4926703513,0.0,0.0004034954263643559,0.0,479671.87627688056,1,1,0,0,1,0,0.0,0,1,900000.0,-0.0,0,0,1.0,0,1.0,0.0,1,1,0,0.0,0.0,1,600000.0,400000.0,0,0.46082015742615184
42.25,diagnostic,0.0,0.0,0.0,0.0,-6.828132910442994e-05,0.0,0.027313039161268607,24999.91584234241,50.0,1,0.21039414397617529,24999.91584234241,50.0,1,1,0,0.21039414397617529,24999.91584234241,1,0.21039414397617529,1499.9949505405446,50.0,0,3.4013719942815004,0.0,0.0,-0.0,1799.9939406486487,0.0,0.0,0.0,0.0,0,0.0,-4.220312028457833e-06,0.0,0.0,-4.220312028457833e-06,0.0,900000.0,36799.99980179295,1,484168.4399398457,0.0,0.00014843767196615204,0.0,482060.4926703513,1,1,0,0,1,0,0.0,0,1,900000.0,-0.0,0,0,1.0,0,1.0,0.0,1,1,0,0.0,0.0,1,600000.0,400000.0,0,0.46082015742615184
42.3,diagnostic,0.0,0.0,0.0,0.0,-2.5119297193381024e-05,0.0,0.019344339718676707,24999.91584234241,50.0,1,0.21039414397617529,24999.91584234241,50.0,1,1,0,0.21039414397617529,24999.91584234241,1,0.21039414397617529,1499.9949505405446,50.0,0,3.4013719942815004,0.0,0.0,-0.0,1799.9939406486487,0.0,0.0,0.0,0.0,0,0.0,-1.5525660305981835e-06,0.0,0.0,-1.5525660305981835e-06,0.0,900000.0,36799.9999270837,1,486028.6971337938,0.0,5.4607167811697874e-05,0.0,484168.4399398457,1,1,0,0,1,0,0.0,0,1,900000.0,-0.0,0,0,1.0,0,1.0,0.0,1,1,0,0.0,0.0,1,600000.0,400000.0,0,0.46082015742615184
42.35,diagnostic,0.0,0.0,0.0,0.0,-9.240873014120388e-06,0.0,0.013700543426972946,24999.91584234241,50.0,1,0.21039414397617529,24999.91584234241,50.0,1,1,0,0.21039414397617529,24999.91584234241,1,0.21039414397617529,1499.9949505405446,50.0,0,3.4013719942815004,0.0,0.0,-0.0,1799.9939406486487,0.0,0.0,0.0,0.0,0,0.0,-5.71157123718224e-07,0.0,0.0,-5.71157123718224e-07,0.0,900000.0,36799.99997317559,1,487670.3684403058,0.0,2.0088854378522582e-05,0.0,486028.6971337938,1,1,0,0,1,0,0.0,0,1,900000.0,-0.0,0,0,1.0,0,1.0,0.0,1,1,0,0.0,0.0,1,600000.0,400000.0,0,0.46082015742615184
42.4,diagnostic,0.0,0.0,0.0,0.0,-3.3995272003708694e-06,0.0,0.00970334955465784,24999.91584234241,50.0,1,0.21039414397617529,24999.91584234241,50.0,1,1,0,0.21039414397617529,24999.91584234241,1,0.21039414397617529,1499.9949505405446,50.0,0,3.4013719942815004,0.0,0.0,-0.0,1799.9939406486487,0.0,0.0,0.0,0.0,0,0.0,-2.1011696349454855e-07,0.0,0.0,-2.1011696349454855e-07,0.0,900000.0,36799.99999013185,1,489119.1383182551,0.0,7.390276522545368e-06,0.0,487670.3684403058,1,1,0,0,1,0,0.0,0,1,900000.0,-0.0,0,0,1.0,0,1.0,0.0,1,1,0,0.0,0.0,1,600000.0,400000.0,0,0.46082015742615184
42.45,diagnostic,0.0,0.0,0.0,0.0,-1.250616166719553e-06,0.0,0.006872354595403192,24999.91584234241,50.0,1,0.21039414397617529,24999.91584234241,50.0,1,1,0,0.21039414397617529,24999.91584234241,1,0.21039414397617529,1499.9949505405446,50.0,0,3.4013719942815004,0.0,0.0,-0.0,1799.9939406486487,0.0,0.0,0.0,0.0,0,0.0,-7.729771111101486e-08,0.0,0.0,-7.729771111101486e-08,0.0,900000.0,36799.99999636972,1,490397.6732609387,0.0,2.7187307972164196e-06,0.0,489119.1383182551,1,1,0,0,1,0,0.0,0,1,900000.0,-0.0,0,0,1.0,0,1.0,0.0,1,1,0,0.0,0.0,1,600000.0,400000.0,0,0.46082015742615184
42.5,diagnostic,0.0,0.0,0.0,0.0,-4.600759765327604e-07,0.0,0.004867314881209056,24999.91584234241,50.0,1,0.21039414397617529,24999.91584234241,50.0,1,1,0,0.21039414397617529,24999.91584234241,1,0.21039414397617529,1499.9949505405446,50.0,0,3.4013719942815004,0.0,0.0,-0.0,1799.9939406486487,0.0,0.0,0.0,0.0,0,0.0,-2.8436238767351725e-08,0.0,0.0,-2.8436238767351725e-08,0.0,900000.0,36799.99999866449,1,491525.97639242513,0.0,1.000165166375566e-06,0.0,490397.6732609387,1,1,0,0,1,0,0.0,0,1,900000.0,-0.0,0,0,1.0,0,1.0,0.0,1,1,0,0.0,0.0,1,600000.0,400000.0,0,0.46082015742615184
42.55,diagnostic,0.0,0.0,0.0,0.0,-1.6925249314327745e-07,0.0,0.003447254332406754,24999.91584234241,50.0,1,0.21039414397617529,24999.91584234241,50.0,1,1,0,0.21039414397617529,24999.91584234241,1,0.21039414397617529,1499.9949505405446,50.0,0,3.4013719942815004,0.0,0.0,-0.0,1799.9939406486487,0.0,0.0,0.0,0.0,0,0.0,-1.0461107626751054e-08,0.0,0.0,-1.0461107626751054e-08,0.0,900000.0,36799.9999995087,1,492521.7004128755,0.0,3.6794020248538576e-07,0.0,491525.97639242513,1,1,0,0,1,0,0.0,0,1,900000.0,-0.0,0,0,1.0,0,1.0,0.0,1,1,0,0.0,0.0,1,600000.0,400000.0,0,0.46082015742615184
42.6,diagnostic,0.0,0.0,0.0,0.0,-6.226451259442227e-08,0.0,0.0024415027016590355,24999.91584234241,50.0,1,0.21039414397617529,24999.91584234241,50.0,1,1,0,0.21039414397617529,24999.91584234241,1,0.21039414397617529,1499.9949505405446,50.0,0,3.4013719942815004,0.0,0.0,-0.0,1799.9939406486487,0.0,0.0,0.0,0.0,0,0.0,-3.8484264277634895e-09,0.0,0.0,-3.8484264277634895e-09,0.0,900000.0,36799.99999981926,1,493400.4237773911,0.0,1.35357636074831e-07,0.0,492521.7004128755,1,1,0,0,1,0,0.0,0,1,900000.0,-0.0,0,0,1.0,0,1.0,0.0,1,1,0,0.0,0.0,1,600000.0,400000.0,0,0.46082015742615184
42.65,diagnostic,0.0,0.0,0.0,0.0,-2.290583409804829e-08,0.0,0.0017291835378002555,24999.91584234241,50.0,1,0.21039414397617529,24999.91584234241,50.0,1,1,0,0.21039414397617529,24999.91584234241,1,0.21039414397617529,1499.9949505405446,50.0,0,3.4013719942815004,0.0,0.0,-0.0,1799.9939406486487,0.0,0.0,0.0,0.0,0,0.0,-1.4157569636350423e-09,0.0,0.0,-1.4157569636350423e-09,0.0,900000.0,36799.999999933505,1,494175.8944250398,0.0,4.9795291517496275e-08,0.0,493400.4237773911,1,1,0,0,1,0,0.0,0,1,900000.0,-0.0,0,0,1.0,0,1.0,0.0,1,1,0,0.0,0.0,1,600000.0,400000.0,0,0.46082015742615184
42.7,diagnostic,0.0,0.0,0.0,0.0,-8.426585447555772e-09,0.0,0.0012246866265466791,24999.91584234241,50.0,1,0.21039414397617529,24999.91584234241,50.0,1,1,0,0.21039414397617529,24999.91584234241,1,0.21039414397617529,1499.9949505405446,50.0,0,3.4013719942815004,0.0,0.0,-0.0,1799.9939406486487,0.0,0.0,0.0,0.0,0,0.0,-5.208278806166372e-10,0.0,0.0,-5.208278806166372e-10,0.0,900000.0,36799.999999975546,1,494860.24486972165,0.0,1.831866401642559e-08,0.0,494175.8944250398,1,1,0,0,1,0,0.0,0,1,900000.0,-0.0,0,0,1.0,0,1.0,0.0,1,1,0,0.0,0.0,1,600000.0,400000.0,0,0.46082015742615184
42.75,diagnostic,0.0,0.0,0.0,0.0,-3.0999675454302246e-09,0.0,0.0008673789105986387,24999.91584234241,50.0,1,0.21039414397617529,24999.91584234241,50.0,1,1,0,0.21039414397617529,24999.91584234241,1,0.21039414397617529,1499.9949505405446,50.0,0,3.4013719942815004,0.0,0.0,-0.0,1799.9939406486487,0.0,0.0,0.0,0.0,0,0.0,-1.9160186966775512e-10,0.0,0.0,-1.9160186966775512e-10,0.0,900000.0,36799.99999999101,1,495464.18201746757,0.0,6.739059881370053e-09,0.0,494860.24486972165,1,1,0,0,1,0,0.0,0,1,900000.0,-0.0,0,0,1.0,0,1.0,0.0,1,1,0,0.0,0.0,1,600000.0,400000.0,0,0.46082015742615184
42.8,diagnostic,0.0,0.0,0.0,0.0,-1.1404143282624784e-09,0.0,0.0006143172941087108,24999.91584234241,50.0,1,0.21039414397617529,24999.91584234241,50.0,1,1,0,0.21039414397617529,24999.91584234241,1,0.21039414397617529,1499.9949505405446,50.0,0,3.4013719942815004,0.0,0.0,-0.0,1799.9939406486487,0.0,0.0,0.0,0.0,0,0.0,-7.048638874077726e-11,0.0,0.0,-7.048638874077726e-11,0.0,900000.0,36799.9999999967,1,495997.1546797208,0.0,2.479161583179301e-09,0.0,495464.18201746757,1,1,0,0,1,0,0.0,0,1,900000.0,-0.0,0,0,1.0,0,1.0,0.0,1,1,0,0.0,0.0,1,600000.0,400000.0,0,0.46082015742615184
42.85,diagnostic,0.0,0.0,0.0,0.0,-4.1953498578510625e-10,0.0,0.0004350875185339565,24999.91584234241,50.0,1,0.21039414397617529,24999.91584234241,50.0,1,1,0,0.21039414397617529,24999.91584234241,1,0.21039414397617529,1499.9949505405446,50.0,0,3.4013719942815004,0.0,0.0,-0.0,1799.9939406486487,0.0,0.0,0.0,0.0,0,0.0,-2.5930493300150174e-11,0.0,0.0,-2.5930493300150174e-11,0.0,900000.0,36799.999999998785,1,496467.5014033258,0.0,9.12032577793709e-10,0.0,495997.1546797208,1,1,0,0,1,0,0.0,0,1,900000.0,-0.0,0,0,1.0,0,1.0,0.0,1,1,0,0.0,0.0,1,600000.0,400000.0,0,0.46082015742615184
42.9,diagnostic,0.0,0.0,0.0,0.0,-1.5433829612249382e-10,0.0,0.0003081488191842062,24999.91584234241,50.0,1,0.21039414397617529,24999.91584234241,50.0,1,1,0,0.21039414397617529,24999.91584234241,1,0.21039414397617529,1499.9949505405446,50.0,0,3.4013719942815004,0.0,0.0,-0.0,1799.9939406486487,0.0,0.0,0.0,0.0,0,0.0,-9.539295384559073e-12,0.0,0.0,-9.539295384559073e-12,0.0,900000.0,36799.999999999556,1,496882.58093004976,0.0,3.355180350488996e-10,0.0,496467.5014033258,1,1,0,0,1,0,0.0,0,1,900000.0,-0.0,0,0,1.0,0,1.0,0.0,1,1,0,0.0,0.0,1,600000.0,400000.0,0,0.46082015742615184
42.95,diagnostic,0.0,0.0,0.0,0.0,-5.6777886128895604e-11,0.0,0.00021824504431792788,24999.91584234241,50.0,1,0.21039414397617529,24999.91584234241,50.0,1,1,0,0.21039414397617529,24999.91584234241,1,0.21039414397617529,1499.9949505405446,50.0,0,3.4013719942815004,0.0,0.0,-0.0,1799.9939406486487,0.0,0.0,0.0,0.0,0,0.0,-3.5093106552409106e-12,0.0,0.0,-3.5093106552409106e-12,0.0,900000.0,36799.99999999983,1,497248.8873267104,0.0,1.2343018723672957e-10,0.0,496882.58093004976,1,1,0,0,1,0,0.0,0,1,900000.0,-0.0,0,0,1.0,0,1.0,0.0,1,1,0,0.0,0.0,1,600000.0,400000.0,0,0.46082015742615184
43.0,diagnostic,0.0,0.0,0.0,0.0,-2.08874170199939e-11,0.0,0.00015457109164147522,24999.91584234241,50.0,1,0.21039414397617529,24999.91584234241,50.0,1,1,0,0.21039414397617529,24999.91584234241,1,0.21039414397617529,1499.9949505405446,50.0,0,3.4013719942815004,0.0,0.0,-0.0,1799.9939406486487,0.0,0.0,0.0,0.0,0,0.0,-1.291003242747014e-12,0.0,0.0,-1.291003242747014e-12,0.0,900000.0,36799.99999999994,1,497572.15158716054,0.0,4.540742830433456e-11,0.0,497248.8873267104,1,1,0,0,1,0,0.0,0,1,900000.0,-0.0,0,0,1.0,0,1.0,0.0,1,1,0,0.0,0.0,1,600000.0,400000.0,0,0.46082015742615184
43.05,diagnostic,0.0,0.0,0.0,0.0,-7.684051300830227e-12,0.0,0.00010947429503339558,24999.91584234241,50.0,1,0.21039414397617529,24999.91584234241,50.0,1,1,0,0.21039414397617529,24999.91584234241,1,0.21039414397617529,1499.9949505405446,50.0,0,3.4013719942815004,0.0,0.0,-0.0,1799.9939406486487,0.0,0.0,0.0,0.0,0,0.0,-4.749335514922913e-13,0.0,0.0,-4.749335514922913e-13,0.0,900000.0,36799.99999999998,1,497857.4312957242,0.0,1.670445934963093e-11,0.0,497572.15158716054,1,1,0,0,1,0,0.0,0,1,900000.0,-0.0,0,0,1.0,0,1.0,0.0,1,1,0,0.0,0.0,1,600000.0,400000.0,0,0.46082015742615184
43.1,diagnostic,0.0,0.0,0.0,0.0,-2.8268044984821177e-12,0.0,7.753468741009505e-05,24999.91584234241,50.0,1,0.21039414397617529,24999.91584234241,50.0,1,1,0,0.21039414397617529,24999.91584234241,1,0.21039414397617529,1499.9949505405446,50.0,0,3.4013719942815004,0.0,0.0,-0.0,1799.9939406486487,0.0,0.0,0.0,0.0,0,0.0,-1.747182895165525e-13,0.0,0.0,-1.747182895165525e-13,0.0,900000.0,36799.999999999985,1,498109.18975490186,0.0,6.145227170613299e-12,0.0,497857.4312957242,1,1,0,0,1,0,0.0,0,1,900000.0,-0.0,0,0,1.0,0,1.0,0.0,1,1,0,0.0,0.0,1,600000.0,400000.0,0,0.46082015742615184
43.15,diagnostic,0.0,0.0,0.0,0.0,-1.0399232592025204e-12,0.0,5.491360095031698e-05,24999.91584234241,50.0,1,0.21039414397617529,24999.91584234241,50.0,1,1,0,0.21039414397617529,24999.91584234241,1,0.21039414397617529,1499.9949505405446,50.0,0,3.4013719942815004,0.0,0.0,-0.0,1799.9939406486487,0.0,0.0,0.0,0.0,0,0.0,-6.427526670977958e-14,0.0,0.0,-6.427526670977958e-14,0.0,900000.0,36799.99999999999,1,498331.36581532564,0.0,2.260702737396783e-12,0.0,498109.18975490186,1,1,0,0,1,0,0.0,0,1,900000.0,-0.0,0,0,1.0,0,1.0,0.0,1,1,0,0.0,0.0,1,600000.0,400000.0,0,0.46082015742615184
43.2,diagnostic,0.0,0.0,0.0,0.0,-3.8256638745660805e-13,0.0,3.8892316072432305e-05,24999.91584234241,50.0,1,0.21039414397617529,24999.91584234241,50.0,1,1,0,0.21039414397617529,24999.91584234241,1,0.21039414397617529,1499.9949505405446,50.0,0,3.4013719942815004,0.0,0.0,-0.0,1799.9939406486487,0.0,0.0,0.0,0.0,0,0.0,-2.3645549198339118e-14,0.0,0.0,-2.3645549198339118e-14,0.0,900000.0,36799.99999999999,1,498527.4355004781,0.0,8.316660596882783e-13,0.0,498331.36581532564,1,1,0,0,1,0,0.0,0,1,900000.0,-0.0,0,0,1.0,0,1.0,0.0,1,1,0,0.0,0.0,1,600000.0,400000.0,0,0.46082015742615184
43.25,diagnostic,0.0,0.0,0.0,0.0,-1.4073830882851442e-13,0.0,2.7545311604068914e-05,24999.91584234241,50.0,1,0.21039414397617529,24999.91584234241,50.0,1,1,0,0.21039414397617529,24999.91584234241,1,0.21039414397617529,1499.9949505405446,50.0,0,3.4013719942815004,0.0,0.0,-0.0,1799.9939406486487,0.0,0.0,0.0,0.0,0,0.0,-8.698711425276839e-15,0.0,0.0,-8.698711425276839e-15,0.0,900000.0,36799.99999999999,1,498700.4663903159,0.0,3.0595284527937915e-13,0.0,498527.4355004781,1,1,0,0,1,0,0.0,0,1,900000.0,-0.0,0,0,1.0,0,1.0,0.0,1,1,0,0.0,0.0,1,600000.0,400000.0,0,0.46082015742615184
43.3,diagnostic,0.0,0.0,0.0,0.0,-5.1774730403247744e-14,0.0,1.9508845653526595e-05,24999.91584234241,50.0,1,0.21039414397617529,24999.91584234241,50.0,1,1,0,0.21039414397617529,24999.91584234241,1,0.21039414397617529,1499.9949505405446,50.0,0,3.4013719942815004,0.0,0.0,-0.0,1799.9939406486487,0.0,0.0,0.0,0.0,0,0.0,-3.2000770980424833e-15,0.0,0.0,-3.2000770980424833e-15,0.0,900000.0,36799.99999999999,1,498853.1656146492,0.0,1.1255376174619075e-13,0.0,498700.4663903159,1,1,0,0,1,0,0.0,0,1,900000.0,-0.0,0,0,1.0,0,1.0,0.0,1,1,0,0.0,0.0,1,600000.0,400000.0,0,0.46082015742615184
43.35,diagnostic,0.0,0.0,0.0,0.0,-1.904685888754886e-14,0.0,1.3817054030962682e-05,24999.91584234241,50.0,1,0.21039414397617529,24999.91584234241,50.0,1,1,0,0.21039414397617529,24999.91584234241,1,0.21039414397617529,1499.9949505405446,50.0,0,3.4013719942815004,0.0,0.0,-0.0,1799.9939406486487,0.0,0.0,0.0,0.0,0,0.0,-1.1772425745333993e-15,0.0,0.0,-1.1772425745333993e-15,0.0,900000.0,36799.99999999999,1,498987.92220715043,0.0,4.1406214972932305e-14,0.0,498853.1656146492,1,1,0,0,1,0,0.0,0,1,900000.0,-0.0,0,0,1.0,0,1.0,0.0,1,1,0,0.0,0.0,1,600000.0,400000.0,0,0.46082015742615184
43.4,diagnostic,0.0,0.0,0.0,0.0,-7.006947803622793e-15,0.0,9.78586767690334e-06,24999.91584234241,50.0,1,0.21039414397617529,24999.91584234241,50.0,1,1,0,0.21039414397617529,24999.91584234241,1,0.21039414397617529,1499.9949505405446,50.0,0,3.4013719942815004,0.0,0.0,-0.0,1799.9939406486487,0.0,0.0,0.0,0.0,0,0.0,-4.330833404425769e-16,0.0,0.0,-4.330833404425769e-16,0.0,900000.0,36799.99999999999,1,499106.8444826356,0.0,1.5232495225266938e-14,0.0,498987.92220715043,1,1,0,0,1,0,0.0,0,1,900000.0,-0.0,0,0,1.0,0,1.0,0.0,1,1,0,0.0,0.0,1,600000.0,400000.0,0,0.46082015742615184
43.45,diagnostic,0.0,0.0,0.0,0.0,-2.577712042314218e-15,0.0,6.930797692132163e-06,24999.91584234241,50.0,1,0.21039414397617529,24999.91584234241,50.0,1,1,0,0.21039414397617529,24999.91584234241,1,0.21039414397617529,1499.9949505405446,50.0,0,3.4013719942815004,0.0,0.0,-0.0,1799.9939406486487,0.0,0.0,0.0,0.0,0,0.0,-1.5932245726267666e-16,0.0,0.0,-1.5932245726267666e-16,0.0,900000.0,36799.99999999999,1,499211.79302239954,0.0,5.603721831117865e-15,0.0,499106.8444826356,1,1,0,0,1,0,0.0,0,1,900000.0,-0.0,0,0,1.0,0,1.0,0.0,1,1,0,0.0,0.0,1,600000.0,400000.0,0,0.46082015742615184
43.5,diagnostic,0.0,0.0,0.0,0.0,-9.482872656274515e-16,0.0,4.908706947125318e-06,24999.91584234241,50.0,1,0.21039414397617529,24999.91584234241,50.0,1,1,0,0.21039414397617529,24999.91584234241,1,0.21039414397617529,1499.9949505405446,50.0,0,3.4013719942815004,0.0,0.0,-0.0,1799.9939406486487,0.0,0.0,0.0,0.0,0,0.0,-5.861145654385449e-17,0.0,0.0,-5.861145654385449e-17,0.0,900000.0,36799.99999999999,1,499304.409783672,0.0,2.061494055711851e-15,0.0,499211.79302239954,1,1,0,0,1,0,0.0,0,1,900000.0,-0.0,0,0,1.0,0,1.0,0.0,1,1,0,0.0,0.0,1,600000.0,400000.0,0,0.46082015742615184
43.55,diagnostic,0.0,0.0,0.0,0.0,-3.488553893490219e-16,0.0,3.4765700808305867e-06,24999.91584234241,50.0,1,0.21039414397617529,24999.91584234241,50.0,1,1,0,0.21039414397617529,24999.91584234241,1,0.21039414397617529,1499.9949505405446,50.0,0,3.4013719942815004,0.0,0.0,-0.0,1799.9939406486487,0.0,0.0,0.0,0.0,0,0.0,-2.1561949879597457e-17,0.0,0.0,-2.1561949879597457e-17,0.0,900000.0,36799.99999999999,1,499386.1437886224,0.0,7.583812811935258e-16,0.0,499304.409783672,1,1,0,0,1,0,0.0,0,1,900000.0,-0.0,0,0,1.0,0,1.0,0.0,1,1,0,0.0,0.0,1,600000.0,400000.0,0,0.46082015742615184
43.6,diagnostic,0.0,0.0,0.0,0.0,-1.2833672568336405e-16,0.0,2.4622654513944093e-06,24999.91584234241,50.0,1,0.21039414397617529,24999.91584234241,50.0,1,1,0,0.21039414397617529,24999.91584234241,1,0.21039414397617529,1499.9949505405446,50.0,0,3.4013719942815004,0.0,0.0,-0.0,1799.9939406486487,0.0,0.0,0.0,0.0,0,0.0,-7.932198072272958e-18,0.0,0.0,-7.932198072272958e-18,0.0,900000.0,36799.99999999999,1,499458.27379482694,0.0,2.789928819203567e-16,0.0,499386.1437886224,1,1,0,0,1,0,0.0,0,1,900000.0,-0.0,0,0,1.0,0,1.0,0.0,1,1,0,0.0,0.0,1,600000.0,400000.0,0,0.46082015742615184
43.65,diagnostic,0.0,0.0,0.0,0.0,-4.721244292616865e-17,0.0,1.7438886638758808e-06,24999.91584234241,50.0,1,0.21039414397617529,24999.91584234241,50.0,1,1,0,0.21039414397617529,24999.91584234241,1,0.21039414397617529,1499.9949505405446,50.0,0,3.4013719942815004,0.0,0.0,-0.0,1799.9939406486487,0.0,0.0,0.0,0.0,0,0.0,-2.9180925940889675e-18,0.0,0.0,-2.9180925940889675e-18,0.0,900000.0,36799.99999999999,1,499521.92830188584,0.0,1.0263574549167096e-16,0.0,499458.27379482694,1,1,0,0,1,0,0.0,0,1,900000.0,-0.0,0,0,1.0,0,1.0,0.0,1,1,0,0.0,0.0,1,600000.0,400000.0,0,0.46082015742615184
43.7,diagnostic,0.0,0.0,0.0,0.0,-1.7368487120017535e-17,0.0,1.2351014673387742e-06,24999.91584234241,50.0,1,0.21039414397617529,24999.91584234241,50.0,1,1,0,0.21039414397617529,24999.91584234241,1,0.21039414397617529,1499.9949505405446,50.0,0,3.4013719942815004,0.0,0.0,-0.0,1799.9939406486487,0.0,0.0,0.0,0.0,0,0.0,-1.0735062727999735e-18,0.0,0.0,-1.0735062727999735e-18,0.0,900000.0,36799.99999999999,1,499578.1032072008,0.0,3.775758069569029e-17,0.0,499521.92830188584,1,1,0,0,1,0,0.0,0,1,900000.0,-0.0,0,0,1.0,0,1.0,0.0,1,1,0,0.0,0.0,1,600000.0,400000.0,0,0.46082015742615184
43.75,diagnostic,0.0,0.0,0.0,0.0,-6.389509335705442e-18,0.0,8.747551757300529e-07,24999.91584234241,50.0,1,0.21039414397617529,24999.91584234241,50.0,1,1,0,0.21039414397617529,24999.91584234241,1,0.21039414397617529,1499.9949505405446,50.0,0,3.4013719942815004,0.0,0.0,-0.0,1799.9939406486487,0.0,0.0,0.0,0.0,0,0.0,-3.9492088773169205e-19,0.0,0.0,-3.9492088773169205e-19,0.0,900000.0,36799.99999999999,1,499627.67738714436,0.0,1.389023768631618e-17,0.0,499578.1032072008,1,1,0,0,1,0,0.0,0,1,900000.0,-0.0,0,0,1.0,0,1.0,0.0,1,1,0,0.0,0.0,1,600000.0,400000.0,0,0.46082015742615184
43.8,diagnostic,0.0,0.0,0.0,0.0,-2.350569123779031e-18,0.0,6.195415014081842e-07,24999.91584234241,50.0,1,0.21039414397617529,24999.91584234241,50.0,1,1,0,0.21039414397617529,24999.91584234241,1,0.21039414397617529,1499.9949505405446,50.0,0,3.4013719942815004,0.0,0.0,-0.0,1799.9939406486487,0.0,0.0,0.0,0.0,0,0.0,-1.4528327548566475e-19,0.0,0.0,-1.4528327548566475e-19,0.0,900000.0,36799.99999999999,1,499671.4264473927,0.0,5.109932877780502e-18,0.0,499627.67738714436,1,1,0,0,1,0,0.0,0,1,900000.0,-0.0,0,0,1.0,0,1.0,0.0,1,1,0,0.0,0.0,1,600000.0,400000.0,0,0.46082015742615184
43.85,diagnostic,0.0,0.0,0.0,0.0,-8.647260556906766e-19,0.0,4.3878754035009745e-07,24999.91584234241,50.0,1,0.21039414397617529,24999.91584234241,50.0,1,1,0,0.21039414397617529,24999.91584234241,1,0.21039414397617529,1499.9949505405446,50.0,0,3.4013719942815004,0.0,0.0,-0.0,1799.9939406486487,0.0,0.0,0.0,0.0,0,0.0,-5.3446730197223044e-20,0.0,0.0,-5.3446730197223044e-20,0.0,900000.0,36799.99999999999,1,499710.0348575528,0.0,1.879839251501471e-18,0.0,499671.4264473927,1,1,0,0,1,0,0.0,0,1,900000.0,-0.0,0,0,1.0,0,1.0,0.0,1,1,0,0.0,0.0,1,600000.0,400000.0,0,0.46082015742615184
43.9,diagnostic,0.0,0.0,0.0,0.0,-3.1811493813387154e-19,0.0,3.1076934334321094e-07,24999.91584234241,50.0,1,0.21039414397617529,24999.91584234241,50.0,1,1,0,0.21039414397617529,24999.91584234241,1,0.21039414397617529,1499.9949505405446,50.0,0,3.4013719942815004,0.0,0.0,-0.0,1799.9939406486487,0.0,0.0,0.0,0.0,0,0.0,-1.9661953237395263e-20,0.0,0.0,-1.9661953237395263e-20,0.0,900000.0,36799.99999999999,1,499744.1066599328,0.0,6.915542133345033e-19,0.0,499710.0348575528,1,1,0,0,1,0,0.0,0,1,900000.0,-0.0,0,0,1.0,0,1.0,0.0,1,1,0,0.0,0.0,1,600000.0,400000.0,0,0.46082015742615184
43.95,diagnostic,0.0,0.0,0.0,0.0,-1.1702794566897661e-19,0.0,2.2010101901460947e-07,24999.91584234241,50.0,1,0.21039414397617529,24999.91584234241,50.0,1,1,0,0.21039414397617529,24999.91584234241,1,0.21039414397617529,1499.9949505405446,50.0,0,3.4013719942815004,0.0,0.0,-0.0,1799.9939406486487,0.0,0.0,0.0,0.0,0,0.0,-7.233228369311999e-21,0.0,0.0,-7.233228369311999e-21,0.0,900000.0,36799.99999999999,1,499774.1749199986,0.0,2.5440857754125347e-19,0.0,499744.1066599328,1,1,0,0,1,0,0.0,0,1,900000.0,-0.0,0,0,1.0,0,1.0,0.0,1,1,0,0.0,0.0,1,600000.0,400000.0,0,0.46082015742615184
44.0,diagnostic,0.0,0.0,0.0,0.0,-4.305217525414502e-20,0.0,1.5588557754800107e-07,24999.91584234241,50.0,1,0.21039414397617529,24999.91584234241,50.0,1,1,0,0.21039414397617529,24999.91584234241,1,0.21039414397617529,1499.9949505405446,50.0,0,3.4013719942815004,0.0,0.0,-0.0,1799.9939406486487,0.0,0.0,0.0,0.0,0,0.0,-2.6609560103679207e-21,0.0,0.0,-2.6609560103679207e-21,0.0,900000.0,36799.99999999999,1,499800.7100663728,0.0,9.359168533509787e-20,0.0,499774.1749199986,1,1,0,0,1,0,0.0,0,1,900000.0,-0.0,0,0,1.0,0,1.0,0.0,1,1,0,0.0,0.0,1,600000.0,400000.0,0,0.46082015742615184
44.05,diagnostic,0.0,0.0,0.0,0.0,-1.5838010173709863e-20,0.0,1.1040527388862699e-07,24999.91584234241,50.0,1,0.21039414397617529,24999.91584234241,50.0,1,1,0,0.21039414397617529,24999.91584234241,1,0.21039414397617529,1499.9949505405446,50.0,0,3.4013719942815004,0.0,0.0,-0.0,1799.9939406486487,0.0,0.0,0.0,0.0,0,0.0,-9.78911010075941e-22,0.0,0.0,-9.78911010075941e-22,0.0,900000.0,36799.99999999999,1,499824.12725085777,0.0,3.443045689936927e-20,0.0,499800.7100663728,1,1,0,0,1,0,0.0,0,1,900000.0,-0.0,0,0,1.0,0,1.0,0.0,1,1,0,0.0,0.0,1,600000.0,400000.0,0,0.46082015742615184
44.1,diagnostic,0.0,0.0,0.0,0.0,-5.826478331972001e-21,0.0,7.819404908494079e-08,24999.91584234241,50.0,1,0.21039414397617529,24999.91584234241,50.0,1,1,0,0.21039414397617529,24999.91584234241,1,0.21039414397617529,1499.9949505405446,50.0,0,3.4013719942815004,0.0,0.0,-0.0,1799.9939406486487,0.0,0.0,0.0,0.0,0,0.0,-3.6012123534330928e-22,0.0,0.0,-3.6012123534330928e-22,0.0,900000.0,36799.99999999999,1,499844.7928436329,0.0,1.2666257243417394e-20,0.0,499824.12725085777,1,1,0,0,1,0,0.0,0,1,900000.0,-0.0,0,0,1.0,0,1.0,0.0,1,1,0,0.0,0.0,1,600000.0,400000.0,0,0.46082015742615184
44.15,diagnostic,0.0,0.0,0.0,0.0,-2.1434415927633767e-21,0.0,5.538059095316437e-08,24999.91584234241,50.0,1,0.21039414397617529,24999.91584234241,50.0,1,1,0,0.21039414397617529,24999.91584234241,1,0.21039414397617529,1499.9949505405446,50.0,0,3.4013719942815004,0.0,0.0,-0.0,1799.9939406486487,0.0,0.0,0.0,0.0,0,0.0,-1.3248119881206602e-22,0.0,0.0,-1.3248119881206602e-22,0.0,900000.0,36799.99999999999,1,499863.0301652471,0.0,4.659655636442123e-21,0.0,499844.7928436329,1,1,0,0,1,0,0.0,0,1,900000.0,-0.0,0,0,1.0,0,1.0,0.0,1,1,0,0.0,0.0,1,600000.0,400000.0,0,0.46082015742615184
44.2,diagnostic,0.0,0.0,0.0,0.0,-7.88528095329417e-22,0.0,3.922305968565554e-08,24999.91584234241,50.0,1,0.21039414397617529,24999.91584234241,50.0,1,1,0,0.21039414397617529,24999.91584234241,1,0.21039414397617529,1499.9949505405446,50.0,0,3.4013719942815004,0.0,0.0,-0.0,1799.9939406486487,0.0,0.0,0.0,0.0,0,0.0,-4.8737109384705587e-23,0.0,0.0,-4.8737109384705587e-23,0.0,900000.0,36799.99999999999,1,499879.124545083,0.0,1.714191511585689e-21,0.0,499863.0301652471,1,1,0,0,1,0,0.0,0,1,900000.0,-0.0,0,0,1.0,0,1.0,0.0,1,1,0,0.0,0.0,1,600000.0,400000.0,0,0.46082015742615184
44.25,diagnostic,0.0,0.0,0.0,0.0,-2.9008327505776767e-22,0.0,2.7779559311773505e-08,24999.91584234241,50.0,1,0.21039414397617529,24999.91584234241,50.0,1,1,0,0.21039414397617529,24999.91584234241,1,0.21039414397617529,1499.9949505405446,50.0,0,3.4013719942815004,0.0,0.0,-0.0,1799.9939406486487,0.0,0.0,0.0,0.0,0,0.0,-1.7929380564756943e-23,0.0,0.0,-1.7929380564756943e-23,0.0,900000.0,36799.99999999999,1,499893.3277854372,0.0,6.306158153429731e-22,0.0,499879.124545083,1,1,0,0,1,0,0.0,0,1,900000.0,-0.0,0,0,1.0,0,1.0,0.0,1,1,0,0.0,0.0,1,600000.0,400000.0,0,0.46082015742615184
44.3,diagnostic,0.0,0.0,0.0,0.0,-1.0671567312143332e-22,0.0,1.9674750561047273e-08,24999.91584234241,50.0,1,0.21039414397617529,24999.91584234241,50.0,1,1,0,0.21039414397617529,24999.91584234241,1,0.21039414397617529,1499.9949505405446,50.0,0,3.4013719942815004,0.0,0.0,-0.0,1799.9939406486487,0.0,0.0,0.0,0.0,0,0.0,-6.5958505027129e-24,0.0,0.0,-6.5958505027129e-24,0.0,900000.0,36799.99999999999,1,499905.86210105655,0.0,2.3199059374224634e-22,0.0,499893.3277854372,1,1,0,0,1,0,0.0,0,1,900000.0,-0.0,0,0,1.0,0,1.0,0.0,1,1,0,0.0,0.0,1,600000.0,400000.0,0,0.46082015742615184
44.35,diagnostic,0.0,0.0,0.0,0.0,-3.925850219214718e-23,0.0,1.3934555451186422e-08,24999.91584234241,50.0,1,0.21039414397617529,24999.91584234241,50.0,1,1,0,0.21039414397617529,24999.91584234241,1,0.21039414397617529,1499.9949505405446,50.0,0,3.4013719942815004,0.0,0.0,-0.0,1799.9939406486487,0.0,0.0,0.0,0.0,0,0.0,-2.426477796988398e-24,0.0,0.0,-2.426477796988398e-24,0.0,900000.0,36799.99999999999,1,499916.92359576654,0.0,8.534456998292864e-23,0.0,499905.86210105655,1,1,0,0,1,0,0.0,0,1,900000.0,-0.0,0,0,1.0,0,1.0,0.0,1,1,0,0.0,0.0,1,600000.0,400000.0,0,0.46082015742615184
44.4,diagnostic,0.0,0.0,0.0,0.0,-1.4442395847674946e-23,0.0,9.869087540383719e-09,24999.91584234241,50.0,1,0.21039414397617529,24999.91584234241,50.0,1,1,0,0.21039414397617529,24999.91584234241,1,0.21039414397617529,1499.9949505405446,50.0,0,3.4013719942815004,0.0,0.0,-0.0,1799.9939406486487,0.0,0.0,0.0,0.0,0,0.0,-8.926512959710039e-25,0.0,0.0,-8.926512959710039e-25,0.0,900000.0,36799.99999999999,1,499926.68533058604,0.0,3.139651271233683e-23,0.0,499916.92359576654,1,1,0,0,1,0,0.0,0,1,900000.0,-0.0,0,0,1.0,0,1.0,0.0,1,1,0,0.0,0.0,1,600000.0,400000.0,0,0.46082015742615184
44.45,diagnostic,0.0,0.0,0.0,0.0,-5.313060513619415e-24,0.0,6.9897377940007676e-09,24999.91584234241,50.0,1,0.21039414397617529,24999.91584234241,50.0,1,1,0,0.21039414397617529,24999.91584234241,1,0.21039414397617529,1499.9949505405446,50.0,0,3.4013719942815004,0.0,0.0,-0.0,1799.9939406486487,0.0,0.0,0.0,0.0,0,0.0,-3.2838805992277654e-25,0.0,0.0,-3.2838805992277654e-25,0.0,900000.0,36799.99999999999,1,499935.3000313281,0.0,1.1550131551346553e-23,0.0,499926.68533058604,1,1,0,0,1,0,0.0,0,1,900000.0,-0.0,0,0,1.0,0,1.0,0.0,1,1,0,0.0,0.0,1,600000.0,400000.0,0,0.46082015742615184
44.5,diagnostic,0.0,0.0,0.0,0.0,-1.954565732660366e-24,0.0,4.950451014743268e-09,24999.91584234241,50.0,1,0.21039414397617529,24999.91584234241,50.0,1,1,0,0.21039414397617529,24999.91584234241,1,0.21039414397617529,1499.9949505405446,50.0,0,3.4013719942815004,0.0,0.0,-0.0,1799.9939406486487,0.0,0.0,0.0,0.0,0,0.0,-1.2080721597176511e-25,0.0,0.0,-1.2080721597176511e-25,0.0,900000.0,36799.99999999999,1,499942.90247804974,0.0,4.2490559405660135e-24,0.0,499935.3000313281,1,1,0,0,1,0,0.0,0,1,900000.0,-0.0,0,0,1.0,0,1.0,0.0,1,1,0,0.0,0.0,1,600000.0,400000.0,0,0.46082015742615184
44.55,diagnostic,0.0,0.0,0.0,0.0,-7.19044549463946e-25,0.0,3.5061351329096732e-09,24999.91584234241,50.0,1,0.21039414397617529,24999.91584234241,50.0,1,1,0,0.21039414397617529,24999.91584234241,1,0.21039414397617529,1499.9949505405446,50.0,0,3.4013719942815004,0.0,0.0,-0.0,1799.9939406486487,0.0,0.0,0.0,0.0,0,0.0,-4.4442491101170685e-26,0.0,0.0,-4.4442491101170685e-26,0.0,900000.0,36799.99999999999,1,499949.61161373364,0.0,1.5631403249216215e-24,0.0,499942.90247804974,1,1,0,0,1,0,0.0,0,1,900000.0,-0.0,0,0,1.0,0,1.0,0.0,1,1,0,0.0,0.0,1,600000.0,400000.0,0,0.46082015742615184
44.6,diagnostic,0.0,0.0,0.0,0.0,-2.6452170703416792e-25,0.0,2.483204769345859e-09,24999.91584234241,50.0,1,0.21039414397617529,24999.91584234241,50.0,1,1,0,0.21039414397617529,24999.91584234241,1,0.21039414397617529,1499.9949505405446,50.0,0,3.4013719942815004,0.0,0.0,-0.0,1799.9939406486487,0.0,0.0,0.0,0.0,0,0.0,-1.6349478790565465e-26,0.0,0.0,-1.6349478790565465e-26,0.0,900000.0,36799.99999999999,1,499955.5324051937,0.0,5.750471892047129e-25,0.0,499949.61161373364,1,1,0,0,1,0,0.0,0,1,900000.0,-0.0,0,0,1.0,0,1.0,0.0,1,1,0,0.0,0.0,1,600000.0,400000.0,0,0.46082015742615184
44.65,diagnostic,0.0,0.0,0.0,0.0,-9.731209776144564e-26,0.0,1.7587188436130597e-09,24999.91584234241,50.0,1,0.21039414397617529,24999.91584234241,50.0,1,1,0,0.21039414397617529,24999.91584234241,1,0.21039414397617529,1499.9949505405446,50.0,0,3.4013719942815004,0.0,0.0,-0.0,1799.9939406486487,0.0,0.0,0.0,0.0,0,0.0,-6.0146371209175704e-27,0.0,0.0,-6.0146371209175704e-27,0.0,900000.0,36799.99999999999,1,499960.75748531806,0.0,2.1154803861183836e-25,0.0,499955.5324051937,1,1,0,0,1,0,0.0,0,1,900000.0,-0.0,0,0,1.0,0,1.0,0.0,1,1,0,0.0,0.0,1,600000.0,400000.0,0,0.46082015742615184
44.7,diagnostic,0.0,0.0,0.0,0.0,-3.579912014370138e-26,0.0,1.2456048768360165e-09,24999.91584234241,50.0,1,0.21039414397617529,24999.91584234241,50.0,1,1,0,0.21039414397617529,24999.91584234241,1,0.21039414397617529,1499.9949505405446,50.0,0,3.4013719942815004,0.0,0.0,-0.0,1799.9939406486487,0.0,0.0,0.0,0.0,0,0.0,-2.2126613428921685e-27,0.0,0.0,-2.2126613428921685e-27,0.0,900000.0,36799.99999999999,1,499965.36860234354,0.0,7.782417422543778e-26,0.0,499960.75748531806,1,1,0,0,1,0,0.0,0,1,900000.0,-0.0,0,0,1.0,0,1.0,0.0,1,1,0,0.0,0.0,1,600000.0,400000.0,0,0.46082015742615184
44.75,diagnostic,0.0,0.0,0.0,0.0,-1.3169760312894187e-26,0.0,8.821941692568939e-10,24999.91584234241,50.0,1,0.21039414397617529,24999.91584234241,50.0,1,1,0,0.21039414397617529,24999.91584234241,1,0.21039414397617529,1499.9949505405446,50.0,0,3.4013719942815004,0.0,0.0,-0.0,1799.9939406486487,0.0,0.0,0.0,0.0,0,0.0,-8.139926183248238e-28,0.0,0.0,-8.139926183248238e-28,0.0,900000.0,36799.99999999999,1,499969.43789883604,0.0,2.8629913723683015e-26,0.0,499965.36860234354,1,1,0,0,1,0,0.0,0,1,900000.0,-0.0,0,0,1.0,0,1.0,0.0,1,1,0,0.0,0.0,1,600000.0,400000.0,0,0.46082015742615184
44.8,diagnostic,0.0,0.0,0.0,0.0,-4.844884064269351e-27,0.0,6.248101358175074e-10,24999.91584234241,50.0,1,0.21039414397617529,24999.91584234241,50.0,1,1,0,0.21039414397617529,24999.91584234241,1,0.21039414397617529,1499.9949505405446,50.0,0,3.4013719942815004,0.0,0.0,-0.0,1799.9939406486487,0.0,0.0,0.0,0.0,0,0.0,-2.994511495470152e-28,0.0,0.0,-2.994511495470152e-28,0.0,900000.0,36799.99999999999,1,499973.02904038626,0.0,1.053235666145511e-26,0.0,499969.43789883604,1,1,0,0,1,0,0.0,0,1,900000.0,-0.0,0,0,1.0,0,1.0,0.0,1,1,0,0.0,0.0,1,600000.0,400000.0,0,0.46082015742615184
44.85,diagnostic,0.0,0.0,0.0,0.0,-1.7823332421038346e-27,0.0,4.425190274711638e-10,24999.91584234241,50.0,1,0.21039414397617529,24999.91584234241,50.0,1,1,0,0.21039414397617529,24999.91584234241,1,0.21039414397617529,1499.9949505405446,50.0,0,3.4013719942815004,0.0,0.0,-0.0,1799.9939406486487,0.0,0.0,0.0,0.0,0,0.0,-1.1016192155350192e-28,0.0,0.0,-1.1016192155350192e-28,0.0,900000.0,36799.99999999999,1,499976.19821168116,0.0,3.874637482834422e-27,0.0,499973.02904038626,1,1,0,0,1,0,0.0,0,1,900000.0,-0.0,0,0,1.0,0,1.0,0.0,1,1,0,0.0,0.0,1,600000.0,400000.0,0,0.46082015742615184
44.9,diagnostic,0.0,0.0,0.0,0.0,-6.556837570864434e-28,0.0,3.1341215266587813e-10,24999.91584234241,50.0,1,0.21039414397617529,24999.91584234241,50.0,1,1,0,0.21039414397617529,24999.91584234241,1,0.21039414397617529,1499.9949505405446,50.0,0,3.4013719942815004,0.0,0.0,-0.0,1799.9939406486487,0.0,0.0,0.0,0.0,0,0.0,-4.0526306139474536e-29,0.0,0.0,-4.0526306139474536e-29,0.0,900000.0,36799.99999999999,1,499978.9949955326,0.0,1.4253994719270508e-27,0.0,499976.19821168116,1,1,0,0,1,0,0.0,0,1,900000.0,-0.0,0,0,1.0,0,1.0,0.0,1,1,0,0.0,0.0,1,600000.0,400000.0,0,0.46082015742615184
44.95,diagnostic,0.0,0.0,0.0,0.0,-2.4121257414215244e-28,0.0,2.2197277708032694e-10,24999.91584234241,50.0,1,0.21039414397617529,24999.91584234241,50.0,1,1,0,0.21039414397617529,24999.91584234241,1,0.21039414397617529,1499.9949505405446,50.0,0,3.4013719942815004,0.0,0.0,-0.0,1799.9939406486487,0.0,0.0,0.0,0.0,0,0.0,-1.4908794855332682e-29,0.0,0.0,-1.4908794855332682e-29,0.0,900000.0,36799.99999999999,1,499981.46314861876,0.0,5.243751611785922e-28,0.0,499978.9949955326,1,1,0,0,1,0,0.0,0,1,900000.0,-0.0,0,0,1.0,0,1.0,0.0,1,1,0,0.0,0.0,1,600000.0,400000.0,0,0.46082015742615184
45.0,diagnostic,0.0,0.0,0.0,0.0,-8.873714697894013e-29,0.0,1.572112419561478e-10,24999.91584234241,50.0,1,0.21039414397617529,24999.91584234241,50.0,1,1,0,0.21039414397617529,24999.91584234241,1,0.21039414397617529,1499.9949505405446,50.0,0,3.4013719942815004,0.0,0.0,-0.0,1799.9939406486487,0.0,0.0,0.0,0.0,0,0.0,-5.484639119919461e-30,0.0,0.0,-5.484639119919461e-30,0.0,900000.0,36799.99999999999,1,499983.6412860723,0.0,1.929068412585655e-28,0.0,499981.46314861876,1,1,0,0,1,0,0.0,0,1,900000.0,-0.0,0,0,1.0,0,0.3,0.0,1,1,0,0.0,0.0,1,600000.0,400000.0,0,0.46082015742615184
45.05,diagnostic,0.0,0.0,0.0,0.0,-3.264457204176063e-29,0.0,1.1134416986840919e-10,24999.91584234241,50.0,1,0.21039414397617529,24999.91584234241,50.0,1,1,0,0.21039414397617529,24999.91584234241,1,0.21039414397617529,1499.9949505405446,50.0,0,3.4013719942815004,0.0,0.0,-0.0,1799.9939406486487,0.0,0.0,0.0,0.0,0,0.0,-2.017685974463002e-30,0.0,0.0,-2.017685974463002e-30,0.0,900000.0,36799.99999999999,1,499985.5634856285,0.0,7.09664609603492e-29,0.0,499983.6412860723,1,1,0,0,1,0,0.0,0,1,900000.0,-0.0,0,0,0.3,0,0.3,0.0,1,1,0,0.0,0.0,1,600000.0,400000.0,0,0.46082015742615184
45.1,diagnostic,0.0,0.0,0.0,0.0,-1.2009266920003788e-29,0.0,7.885901802838822e-11,24999.91584234241,50.0,1,0.21039414397617529,24999.91584234241,50.0,1,1,0,0.21039414397617529,24999.91584234241,1,0.21039414397617529,1499.9949505405446,50.0,0,3.4013719942815004,0.0,0.0,-0.0,1799.9939406486487,0.0,0.0,0.0,0.0,0,0.0,-7.422651887449059e-31,0.0,0.0,-7.422651887449059e-31,0.0,900000.0,11040.0,1,458861.17572539137,0.0,2.6107102000008235e-29,0.0,499985.5634856285,1,1,0,0,1,0,0.0,0,1,900000.0,-0.0,0,0,0.3,0,0.3,0.0,1,1,0,0.0,0.0,1,600000.0,400000.0,0,0.46082015742615184
45.15,diagnostic,0.0,0.0,0.0,0.0,-4.41796240340968e-30,0.0,5.5851552279308465e-11,24999.91584234241,50.0,1,0.21039414397617529,24999.91584234241,50.0,1,1,0,0.21039414397617529,24999.91584234241,1,0.21039414397617529,1499.9949505405446,50.0,0,3.4013719942815004,0.0,0.0,-0.0,1799.9939406486487,0.0,0.0,0.0,0.0,0,0.0,-2.730641028364911e-31,0.0,0.0,-2.730641028364911e-31,0.0,900000.0,11040.0,1,422569.03090629424,0.0,9.60426609436887e-30,0.0,458861.17572539137,1,1,0,0,1,0,0.0,0,1,900000.0,-0.0,0,0,0.3,0,0.3,0.0,1,1,0,0.0,0.0,1,600000.0,400000.0,0,0.46082015742615184
45.2,diagnostic,0.0,0.0,0.0,0.0,-1.625277540082795e-30,0.0,3.955661597111676e-11,24999.91584234241,50.0,1,0.21039414397617529,24999.91584234241,50.0,1,1,0,0.21039414397617529,24999.91584234241,1,0.21039414397617529,1499.9949505405446,50.0,0,3.4013719942815004,0.0,0.0,-0.0,1799.9939406486487,0.0,0.0,0.0,0.0,0,0.0,-1.0045466955546958e-31,0.0,0.0,-1.0045466955546958e-31,0.0,900000.0,11040.0,1,390541.32551528944,0.0,3.53321204365825e-30,0.0,422569.03090629424,1,1,0,0,1,0,0.0,0,1,900000.0,-0.0,0,0,0.3,0,0.3,0.0,1,1,0,0.0,0.0,1,600000.0,400000.0,0,0.46082015742615184
45.25,diagnostic,0.0,0.0,0.0,0.0,-5.979061931941549e-31,0.0,2.8015799082205628e-11,24999.91584234241,50.0,1,0.21039414397617529,24999.91584234241,50.0,1,1,0,0.21039414397617529,24999.91584234241,1,0.21039414397617529,1499.9949505405446,50.0,0,3.4013719942815004,0.0,0.0,-0.0,1799.9939406486487,0.0,0.0,0.0,0.0,0,0.0,-3.6955207699128037e-32,0.0,0.0,-3.6955207699128037e-32,0.0,900000.0,11040.0,1,362276.97471083584,0.0,1.2997960721612063e-30,0.0,390541.32551528944,1,1,0,0,1,0,0.0,0,1,900000.0,-0.0,0,0,0.3,0,0.3,0.0,1,1,0,0.0,0.0,1,600000.0,400000.0,0,0.46082015742615184
45.3,diagnostic,0.0,0.0,0.0,0.0,-2.1995739622521007e-31,0.0,1.984206633822309e-11,24999.91584234241,50.0,1,0.21039414397617529,24999.91584234241,50.0,1,1,0,0.21039414397617529,24999.91584234241,1,0.21039414397617529,1499.9949505405446,50.0,0,3.4013719942815004,0.0,0.0,-0.0,1799.9939406486487,0.0,0.0,0.0,0.0,0,0.0,-1.3595061156729804e-32,0.0,0.0,-1.3595061156729804e-32,0.0,900000.0,11040.0,1,337333.7726723411,0.0,4.781682526635001e-31,0.0,362276.97471083584,1,1,0,0,1,0,0.0,0,1,900000.0,-0.0,0,0,0.3,0,0.3,0.0,1,1,0,0.0,0.0,1,600000.0,400000.0,0,0.46082015742615184
45.35,diagnostic,0.0,0.0,0.0,0.0,-8.09178040048558e-32,0.0,1.4053056113630937e-11,24999.91584234241,50.0,1,0.21039414397617529,24999.91584234241,50.0,1,1,0,0.21039414397617529,24999.91584234241,1,0.21039414397617529,1499.9949505405446,50.0,0,3.4013719942815004,0.0,0.0,-0.0,1799.9939406486487,0.0,0.0,0.0,0.0,0,0.0,-5.001343501029341e-33,0.0,0.0,-5.001343501029341e-33,0.0,900000.0,11040.0,1,315321.4741328277,0.0,1.7590826957577347e-31,0.0,337333.7726723411,1,1,0,0,1,0,0.0,0,1,900000.0,-0.0,0,0,0.3,0,0.3,0.0,1,1,0,0.0,0.0,1,600000.0,400000.0,0,0.46082015742615184
45.4,diagnostic,0.0,0.0,0.0,0.0,-2.9767996518126636e-32,0.0,9.953015112767005e-12,24999.91584234241,50.0,1,0.21039414397617529,24999.91584234241,50.0,1,1,0,0.21039414397617529,24999.91584234241,1,0.21039414397617529,1499.9949505405446,50.0,0,3.4013719942815004,0.0,0.0,-0.0,1799.9939406486487,0.0,0.0,0.0,0.0,0,0.0,-1.8398914522650987e-33,0.0,0.0,-1.8398914522650987e-33,0.0,900000.0,11040.0,1,295895.68885293975,0.0,6.471303590897095e-32,0.0,315321.4741328277,1,1,0,0,1,0,0.0,0,1,900000.0,-0.0,0,0,0.3,0,0.3,0.0,1,1,0,0.0,0.0,1,600000.0,400000.0,0,0.46082015742615184
45.45,diagnostic,0.0,0.0,0.0,0.0,-1.0951033923881868e-32,0.0,7.049179127583606e-12,24999.91584234241,50.0,1,0.21039414397617529,24999.91584234241,50.0,1,1,0,0.21039414397617529,24999.91584234241,1,0.21039414397617529,1499.9949505405446,50.0,0,3.4013719942815004,0.0,0.0,-0.0,1799.9939406486487,0.0,0.0,0.0,0.0,0,0.0,-6.768582392753978e-34,0.0,0.0,-6.768582392753978e-34,0.0,900000.0,11040.0,1,278752.4935131652,0.0,2.380659548669971e-32,0.0,295895.68885293975,1,1,0,0,1,0,0.0,0,1,900000.0,-0.0,0,0,0.3,0,0.3,0.0,1,1,0,0.0,0.0,1,600000.0,400000.0,0,0.46082015742615184
45.5,diagnostic,0.0,0.0,0.0,0.0,-4.0286602401671676e-33,0.0,4.992550077515753e-12,24999.91584234241,50.0,1,0.21039414397617529,24999.91584234241,50.0,1,1,0,0.21039414397617529,24999.91584234241,1,0.21039414397617529,1499.9949505405446,50.0,0,3.4013719942815004,0.0,0.0,-0.0,1799.9939406486487,0.0,0.0,0.0,0.0,0,0.0,-2.4900223081691966e-34,0.0,0.0,-2.4900223081691966e-34,0.0,900000.0,11040.0,1,263623.67672541144,0.0,8.757957043841668e-33,0.0,278752.4935131652,1,1,0,0,1,0,0.0,0,1,900000.0,-0.0,0,0,0.3,0,0.3,0.0,1,1,0,0.0,0.0,1,600000.0,400000.0,0,0.46082015742615184
45.55,diagnostic,0.0,0.0,0.0,0.0,-1.4820612778223059e-33,0.0,3.5359516087438126e-12,24999.91584234241,50.0,1,0.21039414397617529,24999.91584234241,50.0,1,1,0,0.21039414397617529,24999.91584234241,1,0.21039414397617529,1499.9949505405446,50.0,0,3.4013719942815004,0.0,0.0,-0.0,1799.9939406486487,0.0,0.0,0.0,0.0,0,0.0,-9.160280152337087e-35,0.0,0.0,-9.160280152337087e-35,0.0,900000.0,11040.0,1,250272.54277044898,0.0,3.221872343091969e-33,0.0,263623.67672541144,1,1,0,0,1,0,0.0,0,1,900000.0,-0.0,0,0,0.3,0,0.3,0.0,1,1,0,0.0,0.0,1,600000.0,400000.0,0,0.46082015742615184
45.6,diagnostic,0.0,0.0,0.0,0.0,-5.452198746671034e-34,0.0,2.504322157064734e-12,24999.91584234241,50.0,1,0.21039414397617529,24999.91584234241,50.0,1,1,0,0.21039414397617529,24999.91584234241,1,0.21039414397617529,1499.9949505405446,50.0,0,3.4013719942815004,0.0,0.0,-0.0,1799.9939406486487,0.0,0.0,0.0,0.0,0,0.0,-3.3698787434156216e-35,0.0,0.0,-3.3698787434156216e-35,0.0,900000.0,11040.0,1,238490.2084092026,0.0,1.1852605971023986e-33,0.0,250272.54277044898,1,1,0,0,1,0,0.0,0,1,900000.0,-0.0,0,0,0.3,0,0.3,0.0,1,1,0,0.0,0.0,1,600000.0,400000.0,0,0.46082015742615184
45.65,diagnostic,0.0,0.0,0.0,0.0,-2.005751828080978e-34,0.0,1.7736751404789248e-12,24999.91584234241,50.0,1,0.21039414397617529,24999.91584234241,50.0,1,1,0,0.21039414397617529,24999.91584234241,1,0.21039414397617529,1499.9949505405446,50.0,0,3.4013719942815004,0.0,0.0,-0.0,1799.9939406486487,0.0,0.0,0.0,0.0,0,0.0,-1.239709108943261e-35,0.0,0.0,-1.239709108943261e-35,0.0,900000.0,11040.0,1,228092.3348301866,0.0,4.360330061045604e-34,0.0,238490.2084092026,1,1,0,0,1,0,0.0,0,1,900000.0,-0.0,0,0,0.3,0,0.3,0.0,1,1,0,0.0,0.0,1,600000.0,400000.0,0,0.46082015742615184
45.7,diagnostic,0.0,0.0,0.0,0.0,-7.378748616430289e-35,0.0,1.2561976082343205e-12,24999.91584234241,50.0,1,0.21039414397617529,24999.91584234241,50.0,1,1,0,0.21039414397617529,24999.91584234241,1,0.21039414397617529,1499.9949505405446,50.0,0,3.4013719942815004,0.0,0.0,-0.0,1799.9939406486487,0.0,0.0,0.0,0.0,0,0.0,-4.560634942131934e-36,0.0,0.0,-4.560634942131934e-36,0.0,900000.0,11040.0,1,218916.24360323875,0.0,1.6040757861804975e-34,0.0,228092.3348301866,1,1,0,0,1,0,0.0,0,1,900000.0,-0.0,0,0,0.3,0,0.3,0.0,1,1,0,0.0,0.0,1,600000.0,400000.0,0,0.46082015742615184
45.75,diagnostic,0.0,0.0,0.0,0.0,-2.714489917556927e-35,0.0,8.896964246268514e-13,24999.91584234241,50.0,1,0.21039414397617529,24999.91584234241,50.0,1,1,0,0.21039414397617529,24999.91584234241,1,0.21039414397617529,1499.9949505405446,50.0,0,3.4013719942815004,0.0,0.0,-0.0,1799.9939406486487,0.0,0.0,0.0,0.0,0,0.0,-1.6777638338984483e-36,0.0,0.0,-1.6777638338984483e-36,0.0,900000.0,11040.0,1,210818.3715176236,0.0,5.901065038167233e-35,0.0,218916.24360323875,1,1,0,0,1,0,0.0,0,1,900000.0,-0.0,0,0,0.3,0,0.3,0.0,1,1,0,0.0,0.0,1,600000.0,400000.0,0,0.46082015742615184
45.8,diagnostic,0.0,0.0,0.0,0.0,-9.986050339363564e-36,0.0,6.301235751486574e-13,24999.91584234241,50.0,1,0.21039414397617529,24999.91584234241,50.0,1,1,0,0.21039414397617529,24999.91584234241,1,0.21039414397617529,1499.9949505405446,50.0,0,3.4013719942815004,0.0,0.0,-0.0,1799.9939406486487,0.0,0.0,0.0,0.0,0,0.0,-6.172148216322177e-37,0.0,0.0,-6.172148216322177e-37,0.0,900000.0,11040.0,1,203672.02448454197,0.0,2.1708805085572965e-35,0.0,210818.3715176236,1,1,0,0,1,0,0.0,0,1,900000.0,-0.0,0,0,0.3,0,0.3,0.0,1,1,0,0.0,0.0,1,600000.0,400000.0,0,0.46082015742615184
45.85,diagnostic,0.0,0.0,0.0,0.0,-3.6736626183549597e-36,0.0,4.4628224748082506e-13,24999.91584234241,50.0,1,0.21039414397617529,24999.91584234241,50.0,1,1,0,0.21039414397617529,24999.91584234241,1,0.21039414397617529,1499.9949505405446,50.0,0,3.4013719942815004,0.0,0.0,-0.0,1799.9939406486487,0.0,0.0,0.0,0.0,0,0.0,-2.2706064366479165e-37,0.0,0.0,-2.2706064366479165e-37,0.0,900000.0,11040.0,1,197365.39536305284,0.0,7.986223083380347e-36,0.0,203672.02448454197,1,1,0,0,1,0,0.0,0,1,900000.0,-0.0,0,0,0.3,0,0.3,0.0,1,1,0,0.0,0.0,1,600000.0,400000.0,0,0.46082015742615184
45.9,diagnostic,0.0,0.0,0.0,0.0,-1.3514649510928399e-36,0.0,3.1607743666716346e-13,24999.91584234241,50.0,1,0.21039414397617529,24999.91584234241,50.0,1,1,0,0.21039414397617529,24999.91584234241,1,0.21039414397617529,1499.9949505405446,50.0,0,3.4013719942815004,0.0,0.0,-0.0,1799.9939406486487,0.0,0.0,0.0,0.0,0,0.0,-8.353094270343151e-38,0.0,0.0,-8.353094270343151e-38,0.0,900000.0,11040.0,1,191799.81469758888,0.0,2.9379672849844345e-36,0.0,197365.39536305284,1,1,0,0,1,0,0.0,0,1,900000.0,-0.0,0,0,0.3,0,0.3,0.0,1,1,0,0.0,0.0,1,600000.0,400000.0,0,0.46082015742615184
45.95,diagnostic,0.0,0.0,0.0,0.0,-4.971761709708243e-37,0.0,2.2386045273821304e-13,24999.91584234241,50.0,1,0.21039414397617529,24999.91584234241,50.0,1,1,0,0.21039414397617529,24999.91584234241,1,0.21039414397617529,1499.9949505405446,50.0,0,3.4013719942815004,0.0,0.0,-0.0,1799.9939406486487,0.0,0.0,0.0,0.0,0,0.0,-3.0729316522262147e-38,0.0,0.0,-3.0729316522262147e-38,0.0,900000.0,11040.0,1,186888.2069992322,0.0,1.0808177629800528e-36,0.0,191799.81469758888,1,1,0,0,1,0,0.0,0,1,900000.0,-0.0,0,0,0.3,0,0.3,0.0,1,1,0,0.0,0.0,1,600000.0,400000.0,0,0.46082015742615184
46.0,diagnostic,0.0,0.0,0.0,0.0,-1.829008919405043e-37,0.0,1.585481799288582e-13,24999.91584234241,50.0,1,0.21039414397617529,24999.91584234241,50.0,1,1,0,0.21039414397617529,24999.91584234241,1,0.21039414397617529,1499.9949505405446,50.0,0,3.4013719942815004,0.0,0.0,-0.0,1799.9939406486487,0.0,0.0,0.0,0.0,0,0.0,-1.1304683789790167e-38,0.0,0.0,-1.1304683789790167e-38,0.0,900000.0,11040.0,1,182553.7284187218,0.0,3.976106346532702e-37,0.0,186888.2069992322,1,1,0,0,1,0,0.0,0,1,900000.0,-0.0,0,0,0.3,0,0.3,0.0,1,1,0,0.0,0.0,1,600000.0,400000.0,0,0.46082015742615184
46.05,diagnostic,0.0,0.0,0.0,0.0,-6.728547791683107e-38,0.0,1.1229105030065281e-13,24999.91584234241,50.0,1,0.21039414397617529,24999.91584234241,50.0,1,1,0,0.21039414397617529,24999.91584234241,1,0.21039414397617529,1499.9949505405446,50.0,0,3.4013719942815004,0.0,0.0,-0.0,1799.9939406486487,0.0,0.0,0.0,0.0,0,0.0,-4.158760755207868e-39,0.0,0.0,-4.158760755207868e-39,0.0,900000.0,11040.0,1,178728.56449710208,0.0,1.4627277808006755e-37,0.0,182553.7284187218,1,1,0,0,1,0,0.0,0,1,900000.0,-0.0,0,0,0.3,0,0.3,0.0,1,1,0,0.0,0.0,1,600000.0,400000.0,0,0.46082015742615184
46.1,diagnostic,0.0,0.0,0.0,0.0,-2.475294401499723e-38,0.0,7.952964192513356e-14,24999.91584234241,50.0,1,0.21039414397617529,24999.91584234241,50.0,1,1,0,0.21039414397617529,24999.91584234241,1,0.21039414397617529,1499.9949505405446,50.0,0,3.4013719942815004,0.0,0.0,-0.0,1799.9939406486487,0.0,0.0,0.0,0.0,0,0.0,-1.529922582591595e-39,0.0,0.0,-1.529922582591595e-39,0.0,900000.0,11040.0,1,175352.8691843943,0.0,5.381074785868961e-38,0.0,178728.56449710208,1,1,0,0,1,0,0.0,0,1,900000.0,-0.0,0,0,0.3,0,0.3,0.0,1,1,0,0.0,0.0,1,600000.0,400000.0,0,0.46082015742615184
46.15,diagnostic,0.0,0.0,0.0,0.0,-9.106099211585173e-39,0.0,5.632651870122539e-14,24999.91584234241,50.0,1,0.21039414397617529,24999.91584234241,50.0,1,1,0,0.21039414397617529,24999.91584234241,1,0.21039414397617529,1499.9949505405446,50.0,0,3.4013719942815004,0.0,0.0,-0.0,1799.9939406486487,0.0,0.0,0.0,0.0,0,0.0,-5.628270647193657e-40,0.0,0.0,-5.628270647193657e-40,0.0,900000.0,11040.0,1,172373.82852686042,0.0,1.9795867851272117e-38,0.0,175352.8691843943,1,1,0,0,1,0,0.0,0,1,900000.0,-0.0,0,0,0.3,0,0.3,0.0,1,1,0,0.0,0.0,1,600000.0,400000.0,0,0.46082015742615184
46.2,diagnostic,0.0,0.0,0.0,0.0,-3.349946689209665e-39,0.0,3.98930088480235e-14,24999.91584234241,50.0,1,0.21039414397617529,24999.91584234241,50.0,1,1,0,0.21039414397617529,24999.91584234241,1,0.21039414397617529,1499.9949505405446,50.0,0,3.4013719942815004,0.0,0.0,-0.0,1799.9939406486487,0.0,0.0,0.0,0.0,0,0.0,-2.0705250604512345e-40,0.0,0.0,-2.0705250604512345e-40,0.0,900000.0,11040.0,1,169744.83437391318,0.0,7.282492802629706e-39,0.0,172373.82852686042,1,1,0,0,1,0,0.0,0,1,900000.0,-0.0,0,0,0.3,0,0.3,0.0,1,1,0,0.0,0.0,1,600000.0,400000.0,0,0.46082015742615184
46.25,diagnostic,0.0,0.0,0.0,0.0,-1.2323765159805748e-39,0.0,2.8254047856038703e-14,24999.91584234241,50.0,1,0.21039414397617529,24999.91584234241,50.0,1,1,0,0.21039414397617529,24999.91584234241,1,0.21039414397617529,1499.9949505405446,50.0,0,3.4013719942815004,0.0,0.0,-0.0,1799.9939406486487,0.0,0.0,0.0,0.0,0,0.0,-7.617036021702669e-41,0.0,0.0,-7.617036021702669e-41,0.0,900000.0,11040.0,1,167424.75517702423,0.0,2.679079382566467e-39,0.0,169744.83437391318,1,1,0,0,1,0,0.0,0,1,900000.0,-0.0,0,0,0.3,0,0.3,0.0,1,1,0,0.0,0.0,1,600000.0,400000.0,0,0.46082015742615184
46.3,diagnostic,0.0,0.0,0.0,0.0,-4.533659840117429e-40,0.0,2.0010804983211404e-14,24999.91584234241,50.0,1,0.21039414397617529,24999.91584234241,50.0,1,1,0,0.21039414397617529,24999.91584234241,1,0.21039414397617529,1499.9949505405446,50.0,0,3.4013719942815004,0.0,0.0,-0.0,1799.9939406486487,0.0,0.0,0.0,0.0,0,0.0,-2.8021509550467233e-41,0.0,0.0,-2.8021509550467233e-41,0.0,900000.0,11040.0,1,165377.29247201877,0.0,9.855782261124845e-40,0.0,167424.75517702423,1,1,0,0,1,0,0.0,0,1,900000.0,-0.0,0,0,0.3,0,0.3,0.0,1,1,0,0.0,0.0,1,600000.0,400000.0,0,0.46082015742615184
46.35,diagnostic,0.0,0.0,0.0,0.0,-1.6678402484438098e-40,0.0,1.4172564515938357e-14,24999.91584234241,50.0,1,0.21039414397617529,24999.91584234241,50.0,1,1,0,0.21039414397617529,24999.91584234241,1,0.21039414397617529,1499.9949505405446,50.0,0,3.4013719942815004,0.0,0.0,-0.0,1799.9939406486487,0.0,0.0,0.0,0.0,0,0.0,-1.0308537274206118e-41,0.0,0.0,-1.0308537274206118e-41,0.0,900000.0,11040.0,1,163570.412976694,0.0,3.625739670530021e-40,0.0,165377.29247201877,1,1,0,0,1,0,0.0,0,1,900000.0,-0.0,0,0,0.3,0,0.3,0.0,1,1,0,0.0,0.0,1,600000.0,400000.0,0,0.46082015742615184
46.4,diagnostic,0.0,0.0,0.0,0.0,-6.135641385607481e-41,0.0,1.0037656412470823e-14,24999.91584234241,50.0,1,0.21039414397617529,24999.91584234241,50.0,1,1,0,0.21039414397617529,24999.91584234241,1,0.21039414397617529,1499.9949505405446,50.0,0,3.4013719942815004,0.0,0.0,-0.0,1799.9939406486487,0.0,0.0,0.0,0.0,0,0.0,-3.792298931729929e-42,0.0,0.0,-3.792298931729929e-42,0.0,900000.0,11040.0,1,161975.84741872628,0.0,1.3338350838277133e-40,0.0,163570.412976694,1,1,0,0,1,0,0.0,0,1,900000.0,-0.0,0,0,0.3,0,0.3,0.0,1,1,0,0.0,0.0,1,600000.0,400000.0,0,0.46082015742615184
46.45,diagnostic,0.0,0.0,0.0,0.0,-2.2571763241656536e-41,0.0,7.109125955398463e-15,24999.91584234241,50.0,1,0.21039414397617529,24999.91584234241,50.0,1,1,0,0.21039414397617529,24999.91584234241,1,0.21039414397617529,1499.9949505405446,50.0,0,3.4013719942815004,0.0,0.0,-0.0,1799.9939406486487,0.0,0.0,0.0,0.0,0,0.0,-1.3951088117598636e-42,0.0,0.0,-1.3951088117598636e-42,0.0,900000.0,11040.0,1,160568.64825285168,0.0,4.906905052534029e-41,0.0,161975.84741872628,1,1,0,0,1,0,0.0,0,1,900000.0,-0.0,0,0,0.3,0,0.3,0.0,1,1,0,0.0,0.0,1,600000.0,400000.0,0,0.46082015742615184
46.5,diagnostic,0.0,0.0,0.0,0.0,-8.303687647594708e-42,0.0,5.035007154352228e-15,24999.91584234241,50.0,1,0.21039414397617529,24999.91584234241,50.0,1,1,0,0.21039414397617529,24999.91584234241,1,0.21039414397617529,1499.9949505405446,50.0,0,3.4013719942815004,0.0,0.0,-0.0,1799.9939406486487,0.0,0.0,0.0,0.0,0,0.0,-5.132318500435735e-43,0.0,0.0,-5.132318500435735e-43,0.0,900000.0,11040.0,1,159326.79934764773,0.0,1.8051494886075452e-41,0.0,160568.64825285168,1,1,0,0,1,0,0.0,0,1,900000.0,-0.0,0,0,0.3,0,0.3,0.0,1,1,0,0.0,0.0,1,600000.0,400000.0,0,0.46082015742615184
46.55,diagnostic,0.0,0.0,0.0,0.0,-3.0547559714593494e-42,0.0,3.566021646462331e-15,24999.91584234241,50.0,1,0.21039414397617529,24999.91584234241,50.0,1,1,0,0.21039414397617529,24999.91584234241,1,0.21039414397617529,1499.9949505405446,50.0,0,3.4013719942815004,0.0,0.0,-0.0,1799.9939406486487,0.0,0.0,0.0,0.0,0,0.0,-1.8880744618541527e-43,0.0,0.0,-1.8880744618541527e-43,0.0,900000.0,11040.0,1,158230.8715353271,0.0,6.640773850998585e-42,0.0,159326.79934764773,1,1,0,0,1,0,0.0,0,1,900000.0,-0.0,0,0,0.3,0,0.3,0.0,1,1,0,0.0,0.0,1,600000.0,400000.0,0,0.46082015742615184
46.6,diagnostic,0.0,0.0,0.0,0.0,-1.1237819196955917e-42,0.0,2.5256191288717123e-15,24999.91584234241,50.0,1,0.21039414397617529,24999.91584234241,50.0,1,1,0,0.21039414397617529,24999.91584234241,1,0.21039414397617529,1499.9949505405446,50.0,0,3.4013719942815004,0.0,0.0,-0.0,1799.9939406486487,0.0,0.0,0.0,0.0,0,0.0,-6.945837779169773e-44,0.0,0.0,-6.945837779169773e-44,0.0,900000.0,11040.0,1,157263.71863549788,0.0,2.4430041732512862e-42,0.0,158230.8715353271,1,1,0,0,1,0,0.0,0,1,900000.0,-0.0,0,0,0.3,0,0.3,0.0,1,1,0,0.0,0.0,1,600000.0,400000.0,0,0.46082015742615184
46.65,diagnostic,0.0,0.0,0.0,0.0,-4.134162646161849e-43,0.0,1.7887586269844283e-15,24999.91584234241,50.0,1,0.21039414397617529,24999.91584234241,50.0,1,1,0,0.21039414397617529,24999.91584234241,1,0.21039414397617529,1499.9949505405446,50.0,0,3.4013719942815004,0.0,0.0,-0.0,1799.9939406486487,0.0,0.0,0.0,0.0,0,0.0,-2.555230920668467e-44,0.0,0.0,-2.555230920668467e-44,0.0,900000.0,11040.0,1,156410.20919707287,0.0,8.987310100351845e-43,0.0,157263.71863549788,1,1,0,0,1,0,0.0,0,1,900000.0,-0.0,0,0,0.3,0,0.3,0.0,1,1,0,0.0,0.0,1,600000.0,400000.0,0,0.46082015742615184
46.7,diagnostic,0.0,0.0,0.0,0.0,-1.5208734439818716e-43,0.0,1.2668804211348452e-15,24999.91584234241,50.0,1,0.21039414397617529,24999.91584234241,50.0,1,1,0,0.21039414397617529,24999.91584234241,1,0.21039414397617529,1499.9949505405446,50.0,0,3.4013719942815004,0.0,0.0,-0.0,1799.9939406486487,0.0,0.0,0.0,0.0,0,0.0,-9.400169231595056e-45,0.0,0.0,-9.400169231595056e-45,0.0,900000.0,11040.0,1,155656.98976133607,0.0,3.306246617351895e-43,0.0,156410.20919707287,1,1,0,0,1,0,0.0,0,1,900000.0,-0.0,0,0,0.3,0,0.3,0.0,1,1,0,0.0,0.0,1,600000.0,400000.0,0,0.46082015742615184
46.75,diagnostic,0.0,0.0,0.0,0.0,-5.5949807266453775e-44,0.0,8.972624798241014e-16,24999.91584234241,50.0,1,0.21039414397617529,24999.91584234241,50.0,1,1,0,0.21039414397617529,24999.91584234241,1,0.21039414397617529,1499.9949505405446,50.0,0,3.4013719942815004,0.0,0.0,-0.0,1799.9939406486487,0.0,0.0,0.0,0.0,0,0.0,-3.458129003836174e-45,0.0,0.0,-3.458129003836174e-45,0.0,900000.0,11040.0,1,154992.27594233185,0.0,1.2163001579663863e-43,0.0,155656.98976133607,1,1,0,0,1,0,0.0,0,1,900000.0,-0.0,0,0,0.3,0,0.3,0.0,1,1,0,0.0,0.0,1,600000.0,400000.0,0,0.46082015742615184
46.8,diagnostic,0.0,0.0,0.0,0.0,-2.0582783830832907e-44,0.0,6.354822004265581e-16,24999.91584234241,50.0,1,0.21039414397617529,24999.91584234241,50.0,1,1,0,0.21039414397617529,24999.91584234241,1,0.21039414397617529,1499.9949505405446,50.0,0,3.4013719942815004,0.0,0.0,-0.0,1799.9939406486487,0.0,0.0,0.0,0.0,0,0.0,-1.2721745654300082e-45,0.0,0.0,-1.2721745654300082e-45,0.0,900000.0,11040.0,1,154405.66805595547,0.0,4.474518224094111e-44,0.0,154992.27594233185,1,1,0,0,1,0,0.0,0,1,900000.0,-0.0,0,0,0.3,0,0.3,0.0,1,1,0,0.0,0.0,1,600000.0,400000.0,0,0.46082015742615184
46.85,diagnostic,0.0,0.0,0.0,0.0,-7.571983013439409e-45,0.0,4.500774702383054e-16,24999.91584234241,50.0,1,0.21039414397617529,24999.91584234241,50.0,1,1,0,0.21039414397617529,24999.91584234241,1,0.21039414397617529,1499.9949505405446,50.0,0,3.4013719942815004,0.0,0.0,-0.0,1799.9939406486487,0.0,0.0,0.0,0.0,0,0.0,-4.680068682029138e-46,0.0,0.0,-4.680068682029138e-46,0.0,900000.0,11040.0,1,153887.9884131966,0.0,1.6460832637911758e-44,0.0,154405.66805595547,1,1,0,0,1,0,0.0,0,1,900000.0,-0.0,0,0,0.3,0,0.3,0.0,1,1,0,0.0,0.0,1,600000.0,400000.0,0,0.46082015742615184
46.9,diagnostic,0.0,0.0,0.0,0.0,-2.785576879543743e-45,0.0,3.187653864736742e-16,24999.91584234241,50.0,1,0.21039414397617529,24999.91584234241,50.0,1,1,0,0.21039414397617529,24999.91584234241,1,0.21039414397617529,1499.9949505405446,50.0,0,3.4013719942815004,0.0,0.0,-0.0,1799.9939406486487,0.0,0.0,0.0,0.0,0,0.0,-1.7217010513888477e-46,0.0,0.0,-1.7217010513888477e-46,0.0,900000.0,11040.0,1,153431.13773193082,0.0,6.055601912051615e-45,0.0,153887.9884131966,1,1,0,0,1,0,0.0,0,1,900000.0,-0.0,0,0,0.3,0,0.3,0.0,1,1,0,0.0,0.0,1,600000.0,400000.0,0,0.46082015742615184
46.95,diagnostic,0.0,0.0,0.0,0.0,-1.024756465786642e-45,0.0,2.2576418135284595e-16,24999.91584234241,50.0,1,0.21039414397617529,24999.91584234241,50.0,1,1,0,0.21039414397617529,24999.91584234241,1,0.21039414397617529,1499.9949505405446,50.0,0,3.4013719942815004,0.0,0.0,-0.0,1799.9939406486487,0.0,0.0,0.0,0.0,0,0.0,-6.33378420649214e-47,0.0,0.0,-6.33378420649214e-47,0.0,900000.0,11040.0,1,153027.9684207701,0.0,2.2277314473622654e-45,0.0,153431.13773193082,1,1,0,0,1,0,0.0,0,1,900000.0,-0.0,0,0,0.3,0,0.3,0.0,1,1,0,0.0,0.0,1,600000.0,400000.0,0,0.46082015742615184
47.0,diagnostic,0.0,0.0,0.0,0.0,-3.7698683597041216e-46,0.0,1.598964873374986e-16,24999.91584234241,50.0,1,0.21039414397617529,24999.91584234241,50.0,1,1,0,0.21039414397617529,24999.91584234241,1,0.21039414397617529,1499.9949505405446,50.0,0,3.4013719942815004,0.0,0.0,-0.0,1799.9939406486487,0.0,0.0,0.0,0.0,0,0.0,-2.3300689943848355e-47,0.0,0.0,-2.3300689943848355e-47,0.0,900000.0,11040.0,1,152672.1727524536,0.0,8.195365999356785e-46,0.0,153027.9684207701,1,1,0,0,1,0,0.0,0,1,900000.0,-0.0,0,0,0.3,0,0.3,0.0,1,1,0,0.0,0.0,1,600000.0,400000.0,0,0.46082015742615184
47.05,diagnostic,0.0,0.0,0.0,0.0,-1.3868570654578541e-46,0.0,1.1324598308583089e-16,24999.91584234241,50.0,1,0.21039414397617529,24999.91584234241,50.0,1,1,0,0.21039414397617529,24999.91584234241,1,0.21039414397617529,1499.9949505405446,50.0,0,3.4013719942815004,0.0,0.0,-0.0,1799.9939406486487,0.0,0.0,0.0,0.0,0,0.0,-8.571844795451976e-48,0.0,0.0,-8.571844795451976e-48,0.0,900000.0,11040.0,1,152358.18417721125,0.0,3.014906664038813e-46,0.0,152672.1727524536,1,1,0,0,1,0,0.0,0,1,900000.0,-0.0,0,0,0.3,0,0.3,0.0,1,1,0,0.0,0.0,1,600000.0,400000.0,0,0.46082015742615184
47.1,diagnostic,0.0,0.0,0.0,0.0,-5.101962022253016e-47,0.0,8.020596886538785e-17,24999.91584234241,50.0,1,0.21039414397617529,24999.91584234241,50.0,1,1,0,0.21039414397617529,24999.91584234241,1,0.21039414397617529,1499.9949505405446,50.0,0,3.4013719942815004,0.0,0.0,-0.0,1799.9939406486487,0.0,0.0,0.0,0.0,0,0.0,-3.153405473159209e-48,0.0,0.0,-3.153405473159209e-48,0.0,900000.0,11040.0,1,152081.09023211294,0.0,1.1091221787506556e-46,0.0,152358.18417721125,1,1,0,0,1,0,0.0,0,1,900000.0,-0.0,0,0,0.3,0,0.3,0.0,1,1,0,0.0,0.0,1,600000.0,400000.0,0,0.46082015742615184
47.15,diagnostic,0.0,0.0,0.0,0.0,-1.876906937624361e-47,0.0,5.680552427859535e-17,24999.91584234241,50.0,1,0.21039414397617529,24999.91584234241,50.0,1,1,0,0.21039414397617529,24999.91584234241,1,0.21039414397617529,1499.9949505405446,50.0,0,3.4013719942815004,0.0,0.0,-0.0,1799.9939406486487,0.0,0.0,0.0,0.0,0,0.0,-1.1600730432527772e-48,0.0,0.0,-1.1600730432527772e-48,0.0,900000.0,11040.0,1,151836.55568383876,0.0,4.080232473096437e-47,0.0,152081.09023211294,1,1,0,0,1,0,0.0,0,1,900000.0,-0.0,0,0,0.3,0,0.3,0.0,1,1,0,0.0,0.0,1,600000.0,400000.0,0,0.46082015742615184
47.2,diagnostic,0.0,0.0,0.0,0.0,-6.90475475344053e-48,0.0,4.0232262438994263e-17,24999.91584234241,50.0,1,0.21039414397617529,24999.91584234241,50.0,1,1,0,0.21039414397617529,24999.91584234241,1,0.21039414397617529,1499.9949505405446,50.0,0,3.4013719942815004,0.0,0.0,-0.0,1799.9939406486487,0.0,0.0,0.0,0.0,0,0.0,-4.2676702286988606e-49,0.0,0.0,-4.2676702286988606e-49,0.0,900000.0,11040.0,1,151620.75470241185,0.0,1.501033642052289e-47,0.0,151836.55568383876,1,1,0,0,1,0,0.0,0,1,900000.0,-0.0,0,0,0.3,0,0.3,0.0,1,1,0,0.0,0.0,1,600000.0,400000.0,0,0.46082015742615184
47.25,diagnostic,0.0,0.0,0.0,0.0,-2.540117320121562e-48,0.0,2.849432271801106e-17,24999.91584234241,50.0,1,0.21039414397617529,24999.91584234241,50.0,1,1,0,0.21039414397617529,24999.91584234241,1,0.21039414397617529,1499.9949505405446,50.0,0,3.4013719942815004,0.0,0.0,-0.0,1799.9939406486487,0.0,0.0,0.0,0.0,0,0.0,-1.569988138837738e-49,0.0,0.0,-1.569988138837738e-49,0.0,900000.0,11040.0,1,151430.3110047279,0.0,5.521994174177308e-48,0.0,151620.75470241185,1,1,0,0,1,0,0.0,0,1,900000.0,-0.0,0,0,0.3,0,0.3,0.0,1,1,0,0.0,0.0,1,600000.0,400000.0,0,0.46082015742615184
47.3,diagnostic,0.0,0.0,0.0,0.0,-9.344569402362216e-49,0.0,2.0180978596202903e-17,24999.91584234241,50.0,1,0.21039414397617529,24999.91584234241,50.0,1,1,0,0.21039414397617529,24999.91584234241,1,0.21039414397617529,1499.9949505405446,50.0,0,3.4013719942815004,0.0,0.0,-0.0,1799.9939406486487,0.0,0.0,0.0,0.0,0,0.0,-5.775663591614197e-50,0.0,0.0,-5.775663591614197e-50,0.0,900000.0,11040.0,1,151262.24503140504,0.0,2.0314281309483077e-48,0.0,151430.3110047279,1,1,0,0,1,0,0.0,0,1,900000.0,-0.0,0,0,0.3,0,0.3,0.0,1,1,0,0.0,0.0,1,600000.0,400000.0,0,0.46082015742615184
47.35,diagnostic,0.0,0.0,0.0,0.0,-3.43767496972877e-49,0.0,1.4293089228015444e-17,24999.91584234241,50.0,1,0.21039414397617529,24999.91584234241,50.0,1,1,0,0.21039414397617529,24999.91584234241,1,0.21039414397617529,1499.9949505405446,50.0,0,3.4013719942815004,0.0,0.0,-0.0,1799.9939406486487,0.0,0.0,0.0,0.0,0,0.0,-2.1247478944772755e-50,0.0,0.0,-2.1247478944772755e-50,0.0,900000.0,11040.0,1,151113.92733051776,0.0,7.473206455932108e-49,0.0,151262.24503140504,1,1,0,0,1,0,0.0,0,1,900000.0,-0.0,0,0,0.3,0,0.3,0.0,1,1,0,0.0,0.0,1,600000.0,400000.0,0,0.46082015742615184
47.4,diagnostic,0.0,0.0,0.0,0.0,-1.2646499467928742e-49,0.0,1.0123017509093897e-17,24999.91584234241,50.0,1,0.21039414397617529,24999.91584234241,50.0,1,1,0,0.21039414397617529,24999.91584234241,1,0.21039414397617529,1499.9949505405446,50.0,0,3.4013719942815004,0.0,0.0,-0.0,1799.9939406486487,0.0,0.0,0.0,0.0,0,0.0,-7.816510680504986e-51,0.0,0.0,-7.816510680504986e-51,0.0,900000.0,11040.0,1,150983.03741888626,0.0,2.7492390147671183e-49,0.0,151113.92733051776,1,1,0,0,1,0,0.0,0,1,900000.0,-0.0,0,0,0.3,0,0.3,0.0,1,1,0,0.0,0.0,1,600000.0,400000.0,0,0.46082015742615184
47.45,diagnostic,0.0,0.0,0.0,0.0,-4.652387157036568e-50,0.0,7.169582576211905e-18,24999.91584234241,50.0,1,0.21039414397617529,24999.91584234241,50.0,1,1,0,0.21039414397617529,24999.91584234241,1,0.21039414397617529,1499.9949505405446,50.0,0,3.4013719942815004,0.0,0.0,-0.0,1799.9939406486487,0.0,0.0,0.0,0.0,0,0.0,-2.875533581054783e-51,0.0,0.0,-2.875533581054783e-51,0.0,900000.0,11040.0,1,150867.5274772919,0.0,1.0113885123992538e-49,0.0,150983.03741888626,1,1,0,0,1,0,0.0,0,1,900000.0,-0.0,0,0,0.3,0,0.3,0.0,1,1,0,0.0,0.0,1,600000.0,400000.0,0,0.46082015742615184
47.5,diagnostic,0.0,0.0,0.0,0.0,-1.711517587443807e-50,0.0,5.077825289835182e-18,24999.91584234241,50.0,1,0.21039414397617529,24999.91584234241,50.0,1,1,0,0.21039414397617529,24999.91584234241,1,0.21039414397617529,1499.9949505405446,50.0,0,3.4013719942815004,0.0,0.0,-0.0,1799.9939406486487,0.0,0.0,0.0,0.0,0,0.0,-1.0578496868681497e-51,0.0,0.0,-1.0578496868681497e-51,0.0,900000.0,11040.0,1,150765.59031161715,0.0,3.720690407486537e-50,0.0,150867.5274772919,1,1,0,0,1,0,0.0,0,1,900000.0,-0.0,0,0,0.3,0,0.3,0.0,1,1,0,0.0,0.0,1,600000.0,400000.0,0,0.46082015742615184
47.55,diagnostic,0.0,0.0,0.0,0.0,-6.296321336239226e-51,0.0,3.596347402377372e-18,24999.91584234241,50.0,1,0.21039414397617529,24999.91584234241,50.0,1,1,0,0.21039414397617529,24999.91584234241,1,0.21039414397617529,1499.9949505405446,50.0,0,3.4013719942815004,0.0,0.0,-0.0,1799.9939406486487,0.0,0.0,0.0,0.0,0,0.0,-3.8916115164844e-52,0.0,0.0,-3.8916115164844e-52,0.0,900000.0,11040.0,1,150675.63107865088,0.0,1.3687655078780926e-50,0.0,150765.59031161715,1,1,0,0,1,0,0.0,0,1,900000.0,-0.0,0,0,0.3,0,0.3,0.0,1,1,0,0.0,0.0,1,600000.0,400000.0,0,0.46082015742615184
47.6,diagnostic,0.0,0.0,0.0,0.0,-2.3162871746115148e-51,0.0,2.547097211965376e-18,24999.91584234241,50.0,1,0.21039414397617529,24999.91584234241,50.0,1,1,0,0.21039414397617529,24999.91584234241,1,0.21039414397617529,1499.9949505405446,50.0,0,3.4013719942815004,0.0,0.0,-0.0,1799.9939406486487,0.0,0.0,0.0,0.0,0,0.0,-1.4316438699406297e-52,0.0,0.0,-1.4316438699406297e-52,0.0,900000.0,11040.0,1,150596.24233419925,0.0,5.0354069013293795e-51,0.0,150675.63107865088,1,1,0,0,1,0,0.0,0,1,900000.0,-0.0,0,0,0.3,0,0.3,0.0,1,1,0,0.0,0.0,1,600000.0,400000.0,0,0.46082015742615184
47.65,diagnostic,0.0,0.0,0.0,0.0,-8.521144313886629e-52,0.0,1.80397038476124e-18,24999.91584234241,50.0,1,0.21039414397617529,24999.91584234241,50.0,1,1,0,0.21039414397617529,24999.91584234241,1,0.21039414397617529,1499.9949505405446,50.0,0,3.4013719942815004,0.0,0.0,-0.0,1799.9939406486487,0.0,0.0,0.0,0.0,0,0.0,-5.266723468302798e-53,0.0,0.0,-5.266723468302798e-53,0.0,900000.0,11040.0,1,150526.18201312065,0.0,1.8524226769318758e-51,0.0,150596.24233419925,1,1,0,0,1,0,0.0,0,1,900000.0,-0.0,0,0,0.3,0,0.3,0.0,1,1,0,0.0,0.0,1,600000.0,400000.0,0,0.46082015742615184
47.7,diagnostic,0.0,0.0,0.0,0.0,-3.1347538083338253e-52,0.0,1.2776540815984578e-18,24999.91584234241,50.0,1,0.21039414397617529,24999.91584234241,50.0,1,1,0,0.21039414397617529,24999.91584234241,1,0.21039414397617529,1499.9949505405446,50.0,0,3.4013719942815004,0.0,0.0,-0.0,1799.9939406486487,0.0,0.0,0.0,0.0,0,0.0,-1.9375192863237532e-53,0.0,0.0,-1.9375192863237532e-53,0.0,900000.0,11040.0,1,150464.3539967747,0.0,6.814682192030054e-52,0.0,150526.18201312065,1,1,0,0,1,0,0.0,0,1,900000.0,-0.0,0,0,0.3,0,0.3,0.0,1,1,0,0.0,0.0,1,600000.0,400000.0,0,0.46082015742615184
47.75,diagnostic,0.0,0.0,0.0,0.0,-1.1532114792198979e-52,0.0,9.0489287740788e-19,24999.91584234241,50.0,1,0.21039414397617529,24999.91584234241,50.0,1,1,0,0.21039414397617529,24999.91584234241,1,0.21039414397617529,1499.9949505405446,50.0,0,3.4013719942815004,0.0,0.0,-0.0,1799.9939406486487,0.0,0.0,0.0,0.0,0,0.0,-7.127735123116739e-54,0.0,0.0,-7.127735123116739e-54,0.0,900000.0,11040.0,1,150409.79096385645,0.0,2.5069814765649955e-52,0.0,150464.3539967747,1,1,0,0,1,0,0.0,0,1,900000.0,-0.0,0,0,0.3,0,0.3,0.0,1,1,0,0.0,0.0,1,600000.0,400000.0,0,0.46082015742615184
47.8,diagnostic,0.0,0.0,0.0,0.0,-4.242427945279083e-53,0.0,6.408863959163991e-19,24999.91584234241,50.0,1,0.21039414397617529,24999.91584234241,50.0,1,1,0,0.21039414397617529,24999.91584234241,1,0.21039414397617529,1499.9949505405446,50.0,0,3.4013719942815004,0.0,0.0,-0.0,1799.9939406486487,0.0,0.0,0.0,0.0,0,0.0,-2.622147213910247e-54,0.0,0.0,-2.622147213910247e-54,0.0,900000.0,11040.0,1,150361.63925631047,0.0,9.222669446258877e-53,0.0,150409.79096385645,1,1,0,0,1,0,0.0,0,1,900000.0,-0.0,0,0,0.3,0,0.3,0.0,1,1,0,0.0,0.0,1,600000.0,400000.0,0,0.46082015742615184
47.85,diagnostic,0.0,0.0,0.0,0.0,-1.5607020217193792e-53,0.0,4.539049678977336e-19,24999.91584234241,50.0,1,0.21039414397617529,24999.91584234241,50.0,1,1,0,0.21039414397617529,24999.91584234241,1,0.21039414397617529,1499.9949505405446,50.0,0,3.4013719942815004,0.0,0.0,-0.0,1799.9939406486487,0.0,0.0,0.0,0.0,0,0.0,-9.646340517225559e-55,0.0,0.0,-9.646340517225559e-55,0.0,900000.0,11040.0,1,150319.145523547,0.0,3.3928304819986504e-53,0.0,150361.63925631047,1,1,0,0,1,0,0.0,0,1,900000.0,-0.0,0,0,0.3,0,0.3,0.0,1,1,0,0.0,0.0,1,600000.0,400000.0,0,0.46082015742615184
47.9,diagnostic,0.0,0.0,0.0,0.0,-5.741501875852653e-54,0.0,3.214761948373737e-19,24999.91584234241,50.0,1,0.21039414397617529,24999.91584234241,50.0,1,1,0,0.21039414397617529,24999.91584234241,1,0.21039414397617529,1499.9949505405446,50.0,0,3.4013719942815004,0.0,0.0,-0.0,1799.9939406486487,0.0,0.0,0.0,0.0,0,0.0,-3.5486903588263796e-55,0.0,0.0,-3.5486903588263796e-55,0.0,900000.0,11040.0,1,150281.64493600393,0.0,1.2481525817070985e-53,0.0,150319.145523547,1,1,0,0,1,0,0.0,0,1,900000.0,-0.0,0,0,0.3,0,0.3,0.0,1,1,0,0.0,0.0,1,600000.0,400000.0,0,0.46082015742615184
47.95,diagnostic,0.0,0.0,0.0,0.0,-2.112180501573461e-54,0.0,2.2768409943995483e-19,24999.91584234241,50.0,1,0.21039414397617529,24999.91584234241,50.0,1,1,0,0.21039414397617529,24999.91584234241,1,0.21039414397617529,1499.9949505405446,50.0,0,3.4013719942815004,0.0,0.0,-0.0,1799.9939406486487,0.0,0.0,0.0,0.0,0,0.0,-1.3054902260955332e-55,0.0,0.0,-1.3054902260955332e-55,0.0,900000.0,11040.0,1,150248.55078365214,0.0,4.5916967425510023e-54,0.0,150281.64493600393,1,1,0,0,1,0,0.0,0,1,900000.0,-0.0,0,0,0.3,0,0.3,0.0,1,1,0,0.0,0.0,1,600000.0,400000.0,0,0.46082015742615184
48.0,diagnostic,0.0,0.0,0.0,0.0,-7.770277825720614e-55,0.0,1.6125626086873317e-19,24999.91584234241,50.0,1,0.21039414397617529,24999.91584234241,50.0,1,1,0,0.21039414397617529,24999.91584234241,1,0.21039414397617529,1499.9949505405446,50.0,0,3.4013719942815004,0.0,0.0,-0.0,1799.9939406486487,0.0,0.0,0.0,0.0,0,0.0,-4.802630148308045e-56,0.0,0.0,-4.802630148308045e-56,0.0,900000.0,11040.0,1,150219.345296708,0.0,1.6891908316783943e-54,0.0,150248.55078365214,1,1,0,0,1,0,0.0,0,1,900000.0,-0.0,0,0,0.3,0,0.3,0.0,1,1,0,0.0,0.0,1,600000.0,400000.0,0,0.46082015742615184
48.05,diagnostic,0.0,0.0,0.0,0.0,-2.8585254642729485e-55,0.0,1.1420903670184762e-19,24999.91584234241,50.0,1,0.21039414397617529,24999.91584234241,50.0,1,1,0,0.21039414397617529,24999.91584234241,1,0.21039414397617529,1499.9949505405446,50.0,0,3.4013719942815004,0.0,0.0,-0.0,1799.9939406486487,0.0,0.0,0.0,0.0,0,0.0,-1.7667888951126846e-56,0.0,0.0,-1.7667888951126846e-56,0.0,900000.0,11040.0,1,150193.5715449413,0.0,6.214185791897714e-55,0.0,150219.345296708,1,1,0,0,1,0,0.0,0,1,900000.0,-0.0,0,0,0.3,0,0.3,0.0,1,1,0,0.0,0.0,1,600000.0,400000.0,0,0.46082015742615184
48.1,diagnostic,0.0,0.0,0.0,0.0,-1.0515927503710698e-55,0.0,8.088804734832527e-20,24999.91584234241,50.0,1,0.21039414397617529,24999.91584234241,50.0,1,1,0,0.21039414397617529,24999.91584234241,1,0.21039414397617529,1499.9949505405446,50.0,0,3.4013719942815004,0.0,0.0,-0.0,1799.9939406486487,0.0,0.0,0.0,0.0,0,0.0,-6.499653114019642e-57,0.0,0.0,-6.499653114019642e-57,0.0,900000.0,11040.0,1,150170.82628883925,0.0,2.2860711964588476e-55,0.0,150193.5715449413,1,1,0,0,1,0,0.0,0,1,900000.0,-0.0,0,0,0.3,0,0.3,0.0,1,1,0,0.0,0.0,1,600000.0,400000.0,0,0.46082015742615184
48.15,diagnostic,0.0,0.0,0.0,0.0,-3.868593533464491e-56,0.0,5.728860336074495e-20,24999.91584234241,50.0,1,0.21039414397617529,24999.91584234241,50.0,1,1,0,0.21039414397617529,24999.91584234241,1,0.21039414397617529,1499.9949505405446,50.0,0,3.4013719942815004,0.0,0.0,-0.0,1799.9939406486487,0.0,0.0,0.0,0.0,0,0.0,-2.3910887553937696e-57,0.0,0.0,-2.3910887553937696e-57,0.0,900000.0,11040.0,1,150150.75367078066,0.0,8.409985942314111e-56,0.0,150170.82628883925,1,1,0,0,1,0,0.0,0,1,900000.0,-0.0,0,0,0.3,0,0.3,0.0,1,1,0,0.0,0.0,1,600000.0,400000.0,0,0.46082015742615184
48.2,diagnostic,0.0,0.0,0.0,0.0,-1.4231760272103717e-56,0.0,4.0574401071788366e-20,24999.91584234241,50.0,1,0.21039414397617529,24999.91584234241,50.0,1,1,0,0.21039414397617529,24999.91584234241,1,0.21039414397617529,1499.9949505405446,50.0,0,3.4013719942815004,0.0,0.0,-0.0,1799.9939406486487,0.0,0.0,0.0,0.0,0,0.0,-8.796323951255793e-58,0.0,0.0,-8.796323951255793e-58,0.0,900000.0,11040.0,1,150133.0396475172,0.0,3.093860928718199e-56,0.0,150150.75367078066,1,1,0,0,1,0,0.0,0,1,900000.0,-0.0,0,0,0.3,0,0.3,0.0,1,1,0,0.0,0.0,1,600000.0,400000.0,0,0.46082015742615184
48.25,diagnostic,0.0,0.0,0.0,0.0,-5.235572015787448e-57,0.0,2.873664089815112e-20,24999.91584234241,50.0,1,0.21039414397617529,24999.91584234241,50.0,1,1,0,0.21039414397617529,24999.91584234241,1,0.21039414397617529,1499.9949505405446,50.0,0,3.4013719942815004,0.0,0.0,-0.0,1799.9939406486487,0.0,0.0,0.0,0.0,0,0.0,-3.2359867395509535e-58,0.0,0.0,-3.2359867395509535e-58,0.0,900000.0,11040.0,1,150117.40707685487,0.0,1.1381678295190101e-56,0.0,150133.0396475172,1,1,0,0,1,0,0.0,0,1,900000.0,-0.0,0,0,0.3,0,0.3,0.0,1,1,0,0.0,0.0,1,600000.0,400000.0,0,0.46082015742615184
48.3,diagnostic,0.0,0.0,0.0,0.0,-1.9260593073807276e-57,0.0,2.035259938028935e-20,24999.91584234241,50.0,1,0.21039414397617529,24999.91584234241,50.0,1,1,0,0.21039414397617529,24999.91584234241,1,0.21039414397617529,1499.9949505405446,50.0,0,3.4013719942815004,0.0,0.0,-0.0,1799.9939406486487,0.0,0.0,0.0,0.0,0,0.0,-1.1904529933842022e-58,0.0,0.0,-1.1904529933842022e-58,0.0,900000.0,11040.0,1,150103.61138166595,0.0,4.1870854508276684e-57,0.0,150117.40707685487,1,1,0,0,1,0,0.0,0,1,900000.0,-0.0,0,0,0.3,0,0.3,0.0,1,1,0,0.0,0.0,1,600000.0,400000.0,0,0.46082015742615184
48.35,diagnostic,0.0,0.0,0.0,0.0,-7.085576216622771e-58,0.0,1.4414638892648214e-20,24999.91584234241,50.0,1,0.21039414397617529,24999.91584234241,50.0,1,1,0,0.21039414397617529,24999.91584234241,1,0.21039414397617529,1499.9949505405446,50.0,0,3.4013719942815004,0.0,0.0,-0.0,1799.9939406486487,0.0,0.0,0.0,0.0,0,0.0,-4.379431819470509e-59,0.0,0.0,-4.379431819470509e-59,0.0,900000.0,11040.0,1,150091.4367233927,0.0,1.5403426557875588e-57,0.0,150103.61138166595,1,1,0,0,1,0,0.0,0,1,900000.0,-0.0,0,0,0.3,0,0.3,0.0,1,1,0,0.0,0.0,1,600000.0,400000.0,0,0.46082015742615184
48.4,diagnostic,0.0,0.0,0.0,0.0,-2.606637818948847e-58,0.0,1.0209104523851368e-20,24999.91584234241,50.0,1,0.21039414397617529,24999.91584234241,50.0,1,1,0,0.21039414397617529,24999.91584234241,1,0.21039414397617529,1499.9949505405446,50.0,0,3.4013719942815004,0.0,0.0,-0.0,1799.9939406486487,0.0,0.0,0.0,0.0,0,0.0,-1.6111029303952434e-59,0.0,0.0,-1.6111029303952434e-59,0.0,900000.0,11040.0,1,150080.69262517654,0.0,5.666603954236624e-58,0.0,150091.4367233927,1,1,0,0,1,0,0.0,0,1,900000.0,-0.0,0,0,0.3,0,0.3,0.0,1,1,0,0.0,0.0,1,600000.0,400000.0,0,0.46082015742615184
48.45,diagnostic,0.0,0.0,0.0,0.0,-9.589284641712488e-59,0.0,7.230553325347607e-21,24999.91584234241,50.0,1,0.21039414397617529,24999.91584234241,50.0,1,1,0,0.21039414397617529,24999.91584234241,1,0.21039414397617529,1499.9949505405446,50.0,0,3.4013719942815004,0.0,0.0,-0.0,1799.9939406486487,0.0,0.0,0.0,0.0,0,0.0,-5.926916457034752e-60,0.0,0.0,-5.926916457034752e-60,0.0,900000.0,11040.0,1,150071.21099177972,0.0,2.0846270960244537e-58,0.0,150080.69262517654,1,1,0,0,1,0,0.0,0,1,900000.0,-0.0,0,0,0.3,0,0.3,0.0,1,1,0,0.0,0.0,1,600000.0,400000.0,0,0.46082015742615184
48.5,diagnostic,0.0,0.0,0.0,0.0,-3.5277006752270843e-59,0.0,5.12100755443852e-21,24999.91584234241,50.0,1,0.21039414397617529,24999.91584234241,50.0,1,1,0,0.21039414397617529,24999.91584234241,1,0.21039414397617529,1499.9949505405446,50.0,0,3.4013719942815004,0.0,0.0,-0.0,1799.9939406486487,0.0,0.0,0.0,0.0,0,0.0,-2.180390714083769e-60,0.0,0.0,-2.180390714083769e-60,0.0,900000.0,11040.0,1,150062.8434796756,0.0,7.668914511363227e-59,0.0,150071.21099177972,1,1,0,0,1,0,0.0,0,1,900000.0,-0.0,0,0,0.3,0,0.3,0.0,1,1,0,0.0,0.0,1,600000.0,400000.0,0,0.46082015742615184
48.55,diagnostic,0.0,0.0,0.0,0.0,-1.2977685530226593e-59,0.0,3.6269310511385575e-21,24999.91584234241,50.0,1,0.21039414397617529,24999.91584234241,50.0,1,1,0,0.21039414397617529,24999.91584234241,1,0.21039414397617529,1499.9949505405446,50.0,0,3.4013719942815004,0.0,0.0,-0.0,1799.9939406486487,0.0,0.0,0.0,0.0,0,0.0,-8.021209174325388e-61,0.0,0.0,-8.021209174325388e-61,0.0,900000.0,11040.0,1,150055.45917616133,0.0,2.8212359848318677e-59,0.0,150062.8434796756,1,1,0,0,1,0,0.0,0,1,900000.0,-0.0,0,0,0.3,0,0.3,0.0,1,1,0,0.0,0.0,1,600000.0,400000.0,0,0.46082015742615184
48.6,diagnostic,0.0,0.0,0.0,0.0,-4.7742237005584706e-60,0.0,2.5687579465317446e-21,24999.91584234241,50.0,1,0.21039414397617529,24999.91584234241,50.0,1,1,0,0.21039414397617529,24999.91584234241,1,0.21039414397617529,1499.9949505405446,50.0,0,3.4013719942815004,0.0,0.0,-0.0,1799.9939406486487,0.0,0.0,0.0,0.0,0,0.0,-2.9508379485700693e-61,0.0,0.0,-2.9508379485700693e-61,0.0,900000.0,11040.0,1,150048.9425511823,0.0,1.037874717512711e-59,0.0,150055.45917616133,1,1,0,0,1,0,0.0,0,1,900000.0,-0.0,0,0,0.3,0,0.3,0.0,1,1,0,0.0,0.0,1,600000.0,400000.0,0,0.46082015742615184
48.65,diagnostic,0.0,0.0,0.0,0.0,-1.7563387469889052e-60,0.0,1.819311504639327e-21,24999.91584234241,50.0,1,0.21039414397617529,24999.91584234241,50.0,1,1,0,0.21039414397617529,24999.91584234241,1,0.21039414397617529,1499.9949505405446,50.0,0,3.4013719942815004,0.0,0.0,-0.0,1799.9939406486487,0.0,0.0,0.0,0.0,0,0.0,-1.0855526155074423e-61,0.0,0.0,-1.0855526155074423e-61,0.0,900000.0,11040.0,1,150043.19164982298,0.0,3.818127710845446e-60,0.0,150048.9425511823,1,1,0,0,1,0,0.0,0,1,900000.0,-0.0,0,0,0.3,0,0.3,0.0,1,1,0,0.0,0.0,1,600000.0,400000.0,0,0.46082015742615184
48.7,diagnostic,0.0,0.0,0.0,0.0,-6.461209167500297e-61,0.0,1.28851936220068e-21,24999.91584234241,50.0,1,0.21039414397617529,24999.91584234241,50.0,1,1,0,0.21039414397617529,24999.91584234241,1,0.21039414397617529,1499.9949505405446,50.0,0,3.4013719942815004,0.0,0.0,-0.0,1799.9939406486487,0.0,0.0,0.0,0.0,0,0.0,-3.993524895550754e-62,0.0,0.0,-3.993524895550754e-62,0.0,900000.0,11040.0,1,150038.11649718627,0.0,1.404610688587021e-60,0.0,150043.19164982298,1,1,0,0,1,0,0.0,0,1,900000.0,-0.0,0,0,0.3,0,0.3,0.0,1,1,0,0.0,0.0,1,600000.0,400000.0,0,0.46082015742615184
48.75,diagnostic,0.0,0.0,0.0,0.0,-2.3769460178318087e-61,0.0,9.12588164551399e-22,24999.91584234241,50.0,1,0.21039414397617529,24999.91584234241,50.0,1,1,0,0.21039414397617529,24999.91584234241,1,0.21039414397617529,1499.9949505405446,50.0,0,3.4013719942815004,0.0,0.0,-0.0,1799.9939406486487,0.0,0.0,0.0,0.0,0,0.0,-1.4691357068794536e-62,0.0,0.0,-1.4691357068794536e-62,0.0,900000.0,11040.0,1,150033.63769070426,0.0,5.16727395180828e-61,0.0,150038.11649718627,1,1,0,0,1,0,0.0,0,1,900000.0,-0.0,0,0,0.3,0,0.3,0.0,1,1,0,0.0,0.0,1,600000.0,400000.0,0,0.46082015742615184
48.8,diagnostic,0.0,0.0,0.0,0.0,-8.744295727346508e-62,0.0,6.463365491511987e-22,24999.91584234241,50.0,1,0.21039414397617529,24999.91584234241,50.0,1,1,0,0.21039414397617529,24999.91584234241,1,0.21039414397617529,1499.9949505405446,50.0,0,3.4013719942815004,0.0,0.0,-0.0,1799.9939406486487,0.0,0.0,0.0,0.0,0,0.0,-5.404648228518251e-63,0.0,0.0,-5.404648228518251e-63,0.0,900000.0,11040.0,1,150029.68515785658,0.0,1.9009338537709796e-61,0.0,150033.63769070426,1,1,0,0,1,0,0.0,0,1,900000.0,-0.0,0,0,0.3,0,0.3,0.0,1,1,0,0.0,0.0,1,600000.0,400000.0,0,0.46082015742615184
48.85,diagnostic,0.0,0.0,0.0,0.0,-3.2168466256140633e-62,0.0,4.577650149276632e-22,24999.91584234241,50.0,1,0.21039414397617529,24999.91584234241,50.0,1,1,0,0.21039414397617529,24999.91584234241,1,0.21039414397617529,1499.9949505405446,50.0,0,3.4013719942815004,0.0,0.0,-0.0,1799.9939406486487,0.0,0.0,0.0,0.0,0,0.0,-1.9882589700355194e-63,0.0,0.0,-1.9882589700355194e-63,0.0,900000.0,11040.0,1,150026.19705986115,0.0,6.993144838291441e-62,0.0,150029.68515785658,1,1,0,0,1,0,0.0,0,1,900000.0,-0.0,0,0,0.3,0,0.3,0.0,1,1,0,0.0,0.0,1,600000.0,400000.0,0,0.46082015742615184
48.9,diagnostic,0.0,0.0,0.0,0.0,-1.183411738965141e-62,0.0,3.2421005614940644e-22,24999.91584234241,50.0,1,0.21039414397617529,24999.91584234241,50.0,1,1,0,0.21039414397617529,24999.91584234241,1,0.21039414397617529,1499.9949505405446,50.0,0,3.4013719942815004,0.0,0.0,-0.0,1799.9939406486487,0.0,0.0,0.0,0.0,0,0.0,-7.314395988007743e-64,0.0,0.0,-7.314395988007743e-64,0.0,900000.0,11040.0,1,150023.11882418432,0.0,2.572634215141611e-62,0.0,150026.19705986115,1,1,0,0,1,0,0.0,0,1,900000.0,-0.0,0,0,0.3,0,0.3,0.0,1,1,0,0.0,0.0,1,600000.0,400000.0,0,0.46082015742615184
48.95,diagnostic,0.0,0.0,0.0,0.0,-4.3535284920622086e-63,0.0,2.296203446762118e-22,24999.91584234241,50.0,1,0.21039414397617529,24999.91584234241,50.0,1,1,0,0.21039414397617529,24999.91584234241,1,0.21039414397617529,1499.9949505405446,50.0,0,3.4013719942815004,0.0,0.0,-0.0,1799.9939406486487,0.0,0.0,0.0,0.0,0,0.0,-2.6908159085749277e-64,0.0,0.0,-2.6908159085749277e-64,0.0,900000.0,11040.0,1,150020.40229073408,0.0,9.464192374048279e-63,0.0,150023.11882418432,1,1,0,0,1,0,0.0,0,1,900000.0,-0.0,0,0,0.3,0,0.3,0.0,1,1,0,0.0,0.0,1,600000.0,400000.0,0,0.46082015742615184
49.0,diagnostic,0.0,0.0,0.0,0.0,-1.601573628783797e-63,0.0,1.6262759803145868e-22,24999.91584234241,50.0,1,0.21039414397617529,24999.91584234241,50.0,1,1,0,0.21039414397617529,24999.91584234241,1,0.21039414397617529,1499.9949505405446,50.0,0,3.4013719942815004,0.0,0.0,-0.0,1799.9939406486487,0.0,0.0,0.0,0.0,0,0.0,-9.898958527417711e-65,0.0,0.0,-9.898958527417711e-65,0.0,900000.0,11040.0,1,150018.00495837844,0.0,3.481681801703906e-63,0.0,150020.40229073408,1,1,0,0,1,0,0.0,0,1,900000.0,-0.0,0,0,0.3,0,0.3,0.0,1,1,0,0.0,0.0,1,600000.0,400000.0,0,0.46082015742615184
49.05,diagnostic,0.0,0.0,0.0,0.0,-5.8918601155190216e-64,0.0,1.1518028020894977e-22,24999.91584234241,50.0,1,0.21039414397617529,24999.91584234241,50.0,1,1,0,0.21039414397617529,24999.91584234241,1,0.21039414397617529,1499.9949505405446,50.0,0,3.4013719942815004,0.0,0.0,-0.0,1799.9939406486487,0.0,0.0,0.0,0.0,0,0.0,-3.64162333124571e-65,0.0,0.0,-3.64162333124571e-65,0.0,900000.0,11040.0,1,150015.88932000013,0.0,1.2808391555476134e-63,0.0,150018.00495837844,1,1,0,0,1,0,0.0,0,1,900000.0,-0.0,0,0,0.3,0,0.3,0.0,1,1,0,0.0,0.0,1,600000.0,400000.0,0,0.46082015742615184
49.1,diagnostic,0.0,0.0,0.0,0.0,-2.1674942067574466e-64,0.0,8.157592628556142e-23,24999.91584234241,50.0,1,0.21039414397617529,24999.91584234241,50.0,1,1,0,0.21039414397617529,24999.91584234241,1,0.21039414397617529,1499.9949505405446,50.0,0,3.4013719942815004,0.0,0.0,-0.0,1799.9939406486487,0.0,0.0,0.0,0.0,0,0.0,-1.339678356055558e-65,0.0,0.0,-1.339678356055558e-65,0.0,900000.0,11040.0,1,150014.02227568428,0.0,4.7119439277335794e-64,0.0,150015.88932000013,1,1,0,0,1,0,0.0,0,1,900000.0,-0.0,0,0,0.3,0,0.3,0.0,1,1,0,0.0,0.0,1,600000.0,400000.0,0,0.46082015742615184
49.15,diagnostic,0.0,0.0,0.0,0.0,-7.973765575242681e-65,0.0,5.777579058911049e-23,24999.91584234241,50.0,1,0.21039414397617529,24999.91584234241,50.0,1,1,0,0.21039414397617529,24999.91584234241,1,0.21039414397617529,1499.9949505405446,50.0,0,3.4013719942815004,0.0,0.0,-0.0,1799.9939406486487,0.0,0.0,0.0,0.0,0,0.0,-4.92840124975195e-66,0.0,0.0,-4.92840124975195e-66,0.0,900000.0,11040.0,1,150012.37461485856,0.0,1.7334272989658003e-64,0.0,150014.02227568428,1,1,0,0,1,0,0.0,0,1,900000.0,-0.0,0,0,0.3,0,0.3,0.0,1,1,0,0.0,0.0,1,600000.0,400000.0,0,0.46082015742615184
49.2,diagnostic,0.0,0.0,0.0,0.0,-2.933384423852361e-65,0.0,4.091944928105054e-23,24999.91584234241,50.0,1,0.21039414397617529,24999.91584234241,50.0,1,1,0,0.21039414397617529,24999.91584234241,1,0.21039414397617529,1499.9949505405446,50.0,0,3.4013719942815004,0.0,0.0,-0.0,1799.9939406486487,0.0,0.0,0.0,0.0,0,0.0,-1.8130574976273848e-66,0.0,0.0,-1.8130574976273848e-66,0.0,900000.0,11040.0,1,150010.92055928338,0.0,6.37692266054861e-65,0.0,150012.37461485856,1,1,0,0,1,0,0.0,0,1,900000.0,-0.0,0,0,0.3,0,0.3,0.0,1,1,0,0.0,0.0,1,600000.0,400000.0,0,0.46082015742615184
49.25,diagnostic,0.0,0.0,0.0,0.0,-1.0791318225878194e-65,0.0,2.898101977301297e-23,24999.91584234241,50.0,1,0.21039414397617529,24999.91584234241,50.0,1,1,0,0.21039414397617529,24999.91584234241,1,0.21039414397617529,1499.9949505405446,50.0,0,3.4013719942815004,0.0,0.0,-0.0,1799.9939406486487,0.0,0.0,0.0,0.0,0,0.0,-6.669865790388558e-67,0.0,0.0,-6.669865790388558e-67,0.0,900000.0,11040.0,1,150009.63735974208,0.0,2.345938744756129e-65,0.0,150010.92055928338,1,1,0,0,1,0,0.0,0,1,900000.0,-0.0,0,0,0.3,0,0.3,0.0,1,1,0,0.0,0.0,1,600000.0,400000.0,0,0.46082015742615184
49.3,diagnostic,0.0,0.0,0.0,0.0,-3.9699041184392697e-66,0.0,2.052567964233867e-23,24999.91584234241,50.0,1,0.21039414397617529,24999.91584234241,50.0,1,1,0,0.21039414397617529,24999.91584234241,1,0.21039414397617529,1499.9949505405446,50.0,0,3.4013719942815004,0.0,0.0,-0.0,1799.9939406486487,0.0,0.0,0.0,0.0,0,0.0,-2.4537064996566624e-67,0.0,0.0,-2.4537064996566624e-67,0.0,900000.0,11040.0,1,150008.50494012146,0.0,8.630226344433194e-66,0.0,150009.63735974208,1,1,0,0,1,0,0.0,0,1,900000.0,-0.0,0,0,0.3,0,0.3,0.0,1,1,0,0.0,0.0,1,600000.0,400000.0,0,0.46082015742615184
49.35,diagnostic,0.0,0.0,0.0,0.0,-1.4604461085956454e-66,0.0,1.4537222226121685e-23,24999.91584234241,50.0,1,0.21039414397617529,24999.91584234241,50.0,1,1,0,0.21039414397617529,24999.91584234241,1,0.21039414397617529,1499.9949505405446,50.0,0,3.4013719942815004,0.0,0.0,-0.0,1799.9939406486487,0.0,0.0,0.0,0.0,0,0.0,-9.026681758924284e-68,0.0,0.0,-9.026681758924284e-68,0.0,900000.0,11040.0,1,150007.50558331385,0.0,3.174882844773142e-66,0.0,150008.50494012146,1,1,0,0,1,0,0.0,0,1,900000.0,-0.0,0,0,0.3,0,0.3,0.0,1,1,0,0.0,0.0,1,600000.0,400000.0,0,0.46082015742615184
49.4,diagnostic,0.0,0.0,0.0,0.0,-5.372680982911734e-67,0.0,1.029592363001372e-23,24999.91584234241,50.0,1,0.21039414397617529,24999.91584234241,50.0,1,1,0,0.21039414397617529,24999.91584234241,1,0.21039414397617529,1499.9949505405446,50.0,0,3.4013719942815004,0.0,0.0,-0.0,1799.9939406486487,0.0,0.0,0.0,0.0,0,0.0,-3.3207306411055173e-68,0.0,0.0,-3.3207306411055173e-68,0.0,900000.0,11040.0,1,150006.62365402654,0.0,1.167974126719942e-66,0.0,150007.50558331385,1,1,0,0,1,0,0.0,0,1,900000.0,-0.0,0,0,0.3,0,0.3,0.0,1,1,0,0.0,0.0,1,600000.0,400000.0,0,0.46082015742615184
49.45,diagnostic,0.0,0.0,0.0,0.0,-1.976498877586004e-67,0.0,7.292042574997201e-24,24999.91584234241,50.0,1,0.21039414397617529,24999.91584234241,50.0,1,1,0,0.21039414397617529,24999.91584234241,1,0.21039414397617529,1499.9949505405446,50.0,0,3.4013719942815004,0.0,0.0,-0.0,1799.9939406486487,0.0,0.0,0.0,0.0,0,0.0,-1.2216285325307828e-68,0.0,0.0,-1.2216285325307828e-68,0.0,900000.0,11040.0,1,150005.84535416221,0.0,4.296736690404356e-67,0.0,150006.62365402654,1,1,0,0,1,0,0.0,0,1,900000.0,-0.0,0,0,0.3,0,0.3,0.0,1,1,0,0.0,0.0,1,600000.0,400000.0,0,0.46082015742615184
49.5,diagnostic,0.0,0.0,0.0,0.0,-7.271133025623219e-68,0.0,5.164557044747713e-24,24999.91584234241,50.0,1,0.21039414397617529,24999.91584234241,50.0,1,1,0,0.21039414397617529,24999.91584234241,1,0.21039414397617529,1499.9949505405446,50.0,0,3.4013719942815004,0.0,0.0,-0.0,1799.9939406486487,0.0,0.0,0.0,0.0,0,0.0,-4.4941202186651344e-69,0.0,0.0,-4.4941202186651344e-69,0.0,900000.0,11040.0,1,150005.15850694268,0.0,1.5806810925267864e-67,0.0,150005.84535416221,1,1,0,0,1,0,0.0,0,1,900000.0,-0.0,0,0,0.3,0,0.3,0.0,1,1,0,0.0,0.0,1,600000.0,400000.0,0,0.46082015742615184
49.55,diagnostic,0.0,0.0,0.0,0.0,-2.674900354149488e-68,0.0,3.657774785888914e-24,24999.91584234241,50.0,1,0.21039414397617529,24999.91584234241,50.0,1,1,0,0.21039414397617529,24999.91584234241,1,0.21039414397617529,1499.9949505405446,50.0,0,3.4013719942815004,0.0,0.0,-0.0,1799.9939406486487,0.0,0.0,0.0,0.0,0,0.0,-1.6532944345998095e-69,0.0,0.0,-1.6532944345998095e-69,0.0,900000.0,11040.0,1,150004.5523663989,0.0,5.815000769890191e-68,0.0,150005.15850694268,1,1,0,0,1,0,0.0,0,1,900000.0,-0.0,0,0,0.3,0,0.3,0.0,1,1,0,0.0,0.0,1,600000.0,400000.0,0,0.46082015742615184
49.6,diagnostic,0.0,0.0,0.0,0.0,-9.840408474738067e-69,0.0,2.5906028858547086e-24,24999.91584234241,50.0,1,0.21039414397617529,24999.91584234241,50.0,1,1,0,0.21039414397617529,24999.91584234241,1,0.21039414397617529,1499.9949505405446,50.0,0,3.4013719942815004,0.0,0.0,-0.0,1799.9939406486487,0.0,0.0,0.0,0.0,0,0.0,-6.082130326924335e-70,0.0,0.0,-6.082130326924335e-70,0.0,900000.0,11040.0,1,150004.01744924646,0.0,2.1392192336387095e-68,0.0,150004.5523663989,1,1,0,0,1,0,0.0,0,1,900000.0,-0.0,0,0,0.3,0,0.3,0.0,1,1,0,0.0,0.0,1,600000.0,400000.0,0,0.46082015742615184
49.65,diagnostic,0.0,0.0,0.0,0.0,-3.6200839705853646e-69,0.0,1.8347830867251656e-24,24999.91584234241,50.0,1,0.21039414397617529,24999.91584234241,50.0,1,1,0,0.21039414397617529,24999.91584234241,1,0.21039414397617529,1499.9949505405446,50.0,0,3.4013719942815004,0.0,0.0,-0.0,1799.9939406486487,0.0,0.0,0.0,0.0,0,0.0,-2.237490705800806e-70,0.0,0.0,-2.237490705800806e-70,0.0,900000.0,11040.0,1,150003.5453865163,0.0,7.869747762142095e-69,0.0,150004.01744924646,1,1,0,0,1,0,0.0,0,1,900000.0,-0.0,0,0,0.3,0,0.3,0.0,1,1,0,0.0,0.0,1,600000.0,400000.0,0,0.46082015742615184
49.7,diagnostic,0.0,0.0,0.0,0.0,-1.3317544680926397e-69,0.0,1.2994770420870787e-24,24999.91584234241,50.0,1,0.21039414397617529,24999.91584234241,50.0,1,1,0,0.21039414397617529,24999.91584234241,1,0.21039414397617529,1499.9949505405446,50.0,0,3.4013719942815004,0.0,0.0,-0.0,1799.9939406486487,0.0,0.0,0.0,0.0,0,0.0,-8.231268304762964e-71,0.0,0.0,-8.231268304762964e-71,0.0,900000.0,11040.0,1,150003.1287926191,0.0,2.895118408897042e-69,0.0,150003.5453865163,1,1,0,0,1,0,0.0,0,1,900000.0,-0.0,0,0,0.3,0,0.3,0.0,1,1,0,0.0,0.0,1,600000.0,400000.0,0,0.46082015742615184
49.75,diagnostic,0.0,0.0,0.0,0.0,-4.899250894994916e-70,0.0,9.203488930810745e-25,24999.91584234241,50.0,1,0.21039414397617529,24999.91584234241,50.0,1,1,0,0.21039414397617529,24999.91584234241,1,0.21039414397617529,1499.9949505405446,50.0,0,3.4013719942815004,0.0,0.0,-0.0,1799.9939406486487,0.0,0.0,0.0,0.0,0,0.0,-3.028114384088404e-71,0.0,0.0,-3.028114384088404e-71,0.0,900000.0,11040.0,1,150002.76114979517,0.0,1.0650545423901992e-69,0.0,150003.1287926191,1,1,0,0,1,0,0.0,0,1,900000.0,-0.0,0,0,0.3,0,0.3,0.0,1,1,0,0.0,0.0,1,600000.0,400000.0,0,0.46082015742615184
49.8,diagnostic,0.0,0.0,0.0,0.0,-1.802333681409418e-70,0.0,6.518330509595863e-25,24999.91584234241,50.0,1,0.21039414397617529,24999.91584234241,50.0,1,1,0,0.21039414397617529,24999.91584234241,1,0.21039414397617529,1499.9949505405446,50.0,0,3.4013719942815004,0.0,0.0,-0.0,1799.9939406486487,0.0,0.0,0.0,0.0,0,0.0,-1.1139810274216483e-71,0.0,0.0,-1.1139810274216483e-71,0.0,900000.0,11040.0,1,150002.4367061418,0.0,3.918116698716126e-70,0.0,150002.76114979517,1,1,0,0,1,0,0.0,0,1,900000.0,-0.0,0,0,0.3,0,0.3,0.0,1,1,0,0.0,0.0,1,600000.0,400000.0,0,0.46082015742615184
49.85,diagnostic,0.0,0.0,0.0,0.0,-6.6304150752136505e-71,0.0,4.616578881307504e-25,24999.91584234241,50.0,1,0.21039414397617529,24999.91584234241,50.0,1,1,0,0.21039414397617529,24999.91584234241,1,0.21039414397617529,1499.9949505405446,50.0,0,3.4013719942815004,0.0,0.0,-0.0,1799.9939406486487,0.0,0.0,0.0,0.0,0,0.0,-4.09810717843465e-72,0.0,0.0,-4.09810717843465e-72,0.0,900000.0,11040.0,1,150002.15038562266,0.0,1.4413945815681849e-70,0.0,150002.4367061418,1,1,0,0,1,0,0.0,0,1,900000.0,-0.0,0,0,0.3,0,0.3,0.0,1,1,0,0.0,0.0,1,600000.0,400000.0,0,0.46082015742615184
49.9,diagnostic,0.0,0.0,0.0,0.0,-2.439193392604304e-71,0.0,3.269671664540348e-25,24999.91584234241,50.0,1,0.21039414397617529,24999.91584234241,50.0,1,1,0,0.21039414397617529,24999.91584234241,1,0.21039414397617529,1499.9949505405446,50.0,0,3.4013719942815004,0.0,0.0,-0.0,1799.9939406486487,0.0,0.0,0.0,0.0,0,0.0,-1.5076093786632153e-72,0.0,0.0,-1.5076093786632153e-72,0.0,900000.0,11040.0,1,150001.89770865138,0.0,5.3025943317484866e-71,0.0,150002.15038562266,1,1,0,0,1,0,0.0,0,1,900000.0,-0.0,0,0,0.3,0,0.3,0.0,1,1,0,0.0,0.0,1,600000.0,400000.0,0,0.46082015742615184
49.95,diagnostic,0.0,0.0,0.0,0.0,-8.973291021803457e-72,0.0,2.315730559091026e-25,24999.91584234241,50.0,1,0.21039414397617529,24999.91584234241,50.0,1,1,0,0.21039414397617529,24999.91584234241,1,0.21039414397617529,1499.9949505405446,50.0,0,3.4013719942815004,0.0,0.0,-0.0,1799.9939406486487,0.0,0.0,0.0,0.0,0,0.0,-5.546184957274489e-73,0.0,0.0,-5.546184957274489e-73,0.0,900000.0,11040.0,1,150001.67472200684,0.0,1.9507154395224905e-71,0.0,150001.89770865138,1,1,0,0,1,0,0.0,0,1,900000.0,-0.0,0,0,0.3,0,0.3,0.0,1,1,0,0.0,0.0,1,600000.0,400000.0,0,0.46082015742615184
50.0,diagnostic,0.0,0.0,0.0,0.0,-3.3010892865697757e-72,0.0,1.6401059716379548e-25,24999.91584234241,50.0,1,0.21039414397617529,24999.91584234241,50.0,1,1,0,0.21039414397617529,24999.91584234241,1,0.21039414397617529,1499.9949505405446,50.0,0,3.4013719942815004,0.0,0.0,-0.0,1799.9939406486487,0.0,0.0,0.0,0.0,0,0.0,-2.0403274227155983e-73,0.0,0.0,-2.0403274227155983e-73,0.0,900000.0,11040.0,1,150001.47793698372,0.0,7.176281057760383e-72,0.0,150001.67472200684,1,1,0,0,1,0,0.0,0,1,900000.0,-0.0,0,0,0.3,0,0.3,0.0,1,1,0,0.0,0.0,1,600000.0,400000.0,0,0.46082015742615184
