path,purpose,size_bytes,sha256,origin,state,download
.gitattributes,Supporting source/data,391,d803f886e9c83038484a9f9651733c2e94f650804f5fec5c86a3d97bdd2a57dd,handoff-created,SUPPORT,repository-git
.gitignore,Supporting source/data,745,f414d658ef1ab36562ffcdbaa297c210b274b4c87dd02485e7a538e0026dc1e3,handoff-created,SUPPORT,repository-git
02_SC_v1_results/01_train_speed.png,Supporting source/data,98683,2dedb3d414754ab26597cc44f574b703ab13ad201a2663aff1d4f46e5f5bde78,SOURCE/02_SC_v1_results/01_train_speed.png,SUPPORT,repository-git
02_SC_v1_results/02_motor_torque.png,Supporting source/data,78408,13e914cbce1502f6fb3cf0c3d7bda550dd4fd25b328915a25d64c3817f174364,SOURCE/02_SC_v1_results/02_motor_torque.png,SUPPORT,repository-git
02_SC_v1_results/03_dc_bus_voltage.png,Supporting source/data,104553,f7a76f05774828f588d6227e62cc9a181eb98e3e87d591a6aea6b7e6cbbe59f2,SOURCE/02_SC_v1_results/03_dc_bus_voltage.png,SUPPORT,repository-git
02_SC_v1_results/04_regenerative_power.png,Supporting source/data,83012,c12d5c95808e7f3ec976e86a437cd1f8fd22a1bfd9681733f311e2d4aacb04d5,SOURCE/02_SC_v1_results/04_regenerative_power.png,SUPPORT,repository-git
02_SC_v1_results/05_supercap_voltage_current.png,Supporting source/data,98440,1e0d4036e3f83dccae52bd3b5ac424133fc38230d03002f49ef0d57a917eb9df,SOURCE/02_SC_v1_results/05_supercap_voltage_current.png,SUPPORT,repository-git
02_SC_v1_results/06_supercap_soc.png,Supporting source/data,65118,456130a133c6c42f90474c093cc07e320eb2be226a1ac595aab1dc00b4ef97fa,SOURCE/02_SC_v1_results/06_supercap_soc.png,SUPPORT,repository-git
02_SC_v1_results/07_energy_recovery.png,Supporting source/data,96214,3626dd84667fb4900103fa90512d49b39c791c8c245255e52accf37c67431f36,SOURCE/02_SC_v1_results/07_energy_recovery.png,SUPPORT,repository-git
02_SC_v1_results/08_brake_blending.png,Supporting source/data,71287,dd5ebccf11ef6e91b6ff79fc57b7d79fac8ab9766b1cdff1fb0f4cd78079fdba,SOURCE/02_SC_v1_results/08_brake_blending.png,SUPPORT,repository-git
02_SC_v1_results/SC_v1_final_report.md,Supporting source/data,9969,169d762d307bed4b84c4798d42b7df00b8b30f21e7dfb4247e777d69f3ec815d,SOURCE/02_SC_v1_results/SC_v1_final_report.md,SUPPORT,repository-git
02_SC_v1_results/SC_v1_metrics.csv,Supporting source/data,750,eeb87ddd66108ce352727fc6a132f08043c613e6f91b2fccbc13af8fb23ff665,SOURCE/02_SC_v1_results/SC_v1_metrics.csv,SUPPORT,repository-git
02_SC_v1_results/SC_v1_results.mat,Supporting source/data,118060552,e8bd291cb04b41f4e82102a5a1e4a7a98024db565f8c2dadf331d041f7400a96,SOURCE/02_SC_v1_results/SC_v1_results.mat,SUPPORT,repository-lfs
02_SC_v1_results/SC_v1_signals.csv,Supporting source/data,52061599,6f884e68c8b7e6c7be61ab6b91ebddd087ed322facaffb208b6bab4036955e39,SOURCE/02_SC_v1_results/SC_v1_signals.csv,SUPPORT,repository-lfs
CONTRIBUTING.md,Supporting source/data,293,bf83ca81efe40a67a51961da0762a19c73b850eef815f74ce008641bd1335b41,handoff-created,SUPPORT,repository-git
OUTPUT/D4.2_牵引制动核心功能接口抽取.xlsx,Supporting source/data,11881,5302685bc8a58dc6cc4aafb166fc35f5ff611f1a3dfc064155985acc7dfd0cd7,SOURCE/OUTPUT/D4.2_牵引制动核心功能接口抽取.xlsx,SUPPORT,repository-git
PMSM_PI_decomposition.slx,Supporting source/data,48038,92c638b8eb1aeac3cae20be83d5521263f9096dd82b30cfbaf6b6c5fbb27dd5a,SOURCE/PMSM_PI_decomposition.slx,SUPPORT,repository-lfs
README.md,Supporting source/data,4688,dda0d733b18c55bc43df7f6802b34efa04949f443f5736bf79f8f7f305713dcb,handoff-created,SUPPORT,repository-git
Rail_MBSE_Function_Interface_v1.xlsx,Supporting source/data,151077,c6600bbb6de3d3f618d7ae0b3d75a0899d72cbe1d80a6669e4953cf4f601d83b,SOURCE/Rail_MBSE_Function_Interface_v1.xlsx,SUPPORT,repository-git
Rail_MBSE_Function_Interface_v1_final.xlsx,Supporting source/data,151107,e94490ec35060b5b7ac7f281df9983ac560c744a4de2e6270a0464c93bd2adc0,SOURCE/Rail_MBSE_Function_Interface_v1_final.xlsx,SUPPORT,repository-git
Rail_MBSE_L2_SysML_Simulink_Interface_Contract_v1.json,Supporting source/data,339388,be1245ec5a27f9e889fedd6226decb27de6797d4167d7069bcd766d41461eaf6,SOURCE/Rail_MBSE_L2_SysML_Simulink_Interface_Contract_v1.json,SUPPORT,repository-git
Rail_MBSE_L2_SysML_Simulink_Interface_Contract_v1.xlsx,Supporting source/data,132155,4f3239f5b8e26c3f93625c1a54b6a55e4f2c61a0937472eb451225748a24aca7,SOURCE/Rail_MBSE_L2_SysML_Simulink_Interface_Contract_v1.xlsx,SUPPORT,repository-git
Req/牵引制动能量回收系统_正式需求库_v1.xlsx,Requirements,36681,b6a83b3c45697eb205eded20572170f15d31cb9838b1bd1a04f498dad080d495,SOURCE/Req/牵引制动能量回收系统_正式需求库_v1.xlsx,FROZEN,repository-git
Req/牵引制动能量回收系统_正式需求库_v2_扩展版.xlsx,Requirements,174224,496736980a493689339eb35df85ec9603f5f9d0fa5e484ef049f990bf0829f01,SOURCE/Req/牵引制动能量回收系统_正式需求库_v2_扩展版.xlsx,FROZEN,repository-git
SECURITY.md,Supporting source/data,283,40b6c3400a1559995446addd0135c510cff4b561a353ba6ee9ac055870896785,handoff-created,SUPPORT,repository-git
SysML/SysML.xmi,Supporting source/data,538846,a0ede93f74091621285ff03e98cf9a0b5db51aa6f19833bbdd01711af56ed181,SOURCE/SysML/SysML.xmi,SUPPORT,repository-git
SysML/SysMLdi.xmi,Supporting source/data,33883,d6ab414431f4b83a55c3b6c944170e51b3315c664642c81c6c408868e77ddf7c,SOURCE/SysML/SysMLdi.xmi,SUPPORT,repository-git
SysML/UML.xmi,Supporting source/data,1901856,e8166c91f51b8a0c015a90101b83d2249d03252e9f9a500a6511654347804f21,SOURCE/SysML/UML.xmi,SUPPORT,repository-git
SysML/UMLpre.xmi,Supporting source/data,2880,62d12217fcd26037fc917709e2a896600af574efd6412c110e2a711395a69849,SOURCE/SysML/UMLpre.xmi,SUPPORT,repository-git
SysML/XMI.xsd,Supporting source/data,4658,7b228718d35a15a8e2fb99f078d36eee4b23b7a2cd405e7ac81b9d27bf2fab5d,SOURCE/SysML/XMI.xsd,SUPPORT,repository-git
SysML/umlstandard.xmi,Supporting source/data,29801,b505ebdee791f857da838b5be3394ebd9a857fd044a89625cb71f56badb867bc,SOURCE/SysML/umlstandard.xmi,SUPPORT,repository-git
artifacts/syson/Rail_Regenerative_Braking_MBSE_FULL.zip,Formal SysON Project,11731313,a44abf88e8557db9161496ad5a5f6fe5e9b781c05fed31637eba1e05895a5c0e,SysON 2026.7.0 GET /api/projects/{projectId},FROZEN,repository-lfs
config/SC_v1_parameters.m,Supporting source/data,3686,757e81da71776741f1a9432d152b1c14bc8286c28a2e865ea62f10be26a1fe72,SOURCE/config/SC_v1_parameters.m,SUPPORT,repository-git
data_structure/动车组系统功能分类_层级节点表.xlsx,Supporting source/data,41958,1f8b38c0c2df58c22ce2e0ab98b5d94e92d9890986629d3c3fd26882661fab35,SOURCE/data_structure/动车组系统功能分类_层级节点表.xlsx,SUPPORT,repository-git
data_structure/动车组系统功能分类_提取检查.txt,Supporting source/data,227,823d818231d580d0506a8cd116c78a435ed9e519ab53fae80e456978f98b7d43,SOURCE/data_structure/动车组系统功能分类_提取检查.txt,SUPPORT,repository-git
docs/ASSET_MANIFEST.md,Supporting source/data,301,4a6c3a311c370728da67a5b8fec4a2357eac7879b9d28f4d48b2758578d3df2e,handoff-created,SUPPORT,repository-git
docs/COSIMULATION.md,Supporting source/data,960,cde3474d07541b7a28d726089db19b901f27c84b8e0816bd56a77b1c57112901,handoff-created,SUPPORT,repository-git
docs/DATA_AND_STANDARD_SOURCES.md,Supporting source/data,744,febf0702735970fa18c2106e6e6099dcd9ace9c6c2524125f7fb859450b6916c,handoff-created,SUPPORT,repository-git
docs/EXCLUDED_THIRD_PARTY_MATERIALS.md,Supporting source/data,734,1a1454b2e09be1692114e3e99984d626dcc9d1a6017bb0baa5492b5b958e2524,handoff-created,SUPPORT,repository-git
docs/FMU.md,Supporting source/data,953,73ad2e0b963c2679b8a3e0afc55d5fc4d751d89af083054d2dd9e6097d24d95b,handoff-created,SUPPORT,repository-git
docs/IMPLEMENTATION_BINDING.md,Supporting source/data,746,0d49665e1e1fb626d69f3ade5b07d948f187ebe11a5fc8f0e991391fdcc90e2d,handoff-created,SUPPORT,repository-git
docs/KNOWLEDGE_GRAPH.md,Supporting source/data,825,a2c6fb50ff31b33dc9a7cc19e25dcb5c60d8cdc4d545e40628e366357c10866f,handoff-created,SUPPORT,repository-git
docs/MATLAB_SIMULINK.md,Supporting source/data,834,1d50eea1e56f296722b8a4a4499e41e43d4fae388acffd65a0b051dec7d16339,handoff-created,SUPPORT,repository-git
docs/PROJECT_STRUCTURE.md,Supporting source/data,945,8ac9aa627f87659536491161097b645711ebecca763ac36385d3e3b3a5d4ffca,handoff-created,SUPPORT,repository-git
docs/REPRODUCIBILITY.md,Supporting source/data,790,b18b450d68c2316f1c0a5870e292d855b5b7103669983b874268d61d639e37d7,handoff-created,SUPPORT,repository-git
docs/RESULTS_AND_VV.md,Supporting source/data,992,0c9fc35b175cccf5753b677dfde19a684c400fc2882558c17b5766ac71852f40,handoff-created,SUPPORT,repository-git
docs/SIMULINK_FMU.md,Supporting source/data,203,3798aa2b802347b89de798e3eb8935ab2d114129a571b8ead8c14b00af530273,handoff-created,SUPPORT,repository-git
docs/SSI_SSD.md,Supporting source/data,1507,fcb9e32e923dde4c2e18614c7719d3b5c829d03aa71dc88ca7e095adf4f147c6,handoff-created,SUPPORT,repository-git
docs/SSI_SSD_SSP.md,Supporting source/data,176,04692af93c2275b612f4af2071d716f918fe28db7752348ca0628d2dcb2b944a,handoff-created,SUPPORT,repository-git
docs/SYSON_KNOWN_LIMITATIONS.md,Supporting source/data,1035,a787836e0168ce0605515d4f96821800768a498ca23027aaac5418402a0c037e,handoff-created,SUPPORT,repository-git
docs/SYSON_SETUP.md,Supporting source/data,3071,a843cb6d4ce6087b7ed6792e5d40d3d26763f9ab91c3e3647fe00a4e706b9750,handoff-created,SUPPORT,repository-git
docs/TROUBLESHOOTING.md,Supporting source/data,1115,3744319fade5115b5299649135cf61c1331b8b1d494b03fa1ba6303281b9927f,handoff-created,SUPPORT,repository-git
docs/UI_SETUP.md,Supporting source/data,1029,b33eaab35d1661e0394905bf7e4b63cf04dd3b99dc9fc944c1e9b654fd4cd987,handoff-created,SUPPORT,repository-git
docs/VERIFICATION_AND_VALIDATION.md,Supporting source/data,640,78eeb84d0fdff3a8e4de32ab68af9abf6929d16063a95c725e4f67c207f7add4,handoff-created,SUPPORT,repository-git
docs/publishing/COPY_SELECTION.json,Supporting source/data,204933,4b37edd6b887fe5378a51e4ffc65f43477f88e7447b2cf6f1368de9c69b95f26,handoff-created,SUPPORT,repository-git
icd/icd1.xlsx,Supporting source/data,8669,e1037dd11889f86ad9960dad7ef6804a50e7fb630615096a11bcebf1f88a4dfa,SOURCE/icd/icd1.xlsx,SUPPORT,repository-git
models/PMSM_PI_decomposition_baseline.slx,Supporting source/data,48038,92c638b8eb1aeac3cae20be83d5521263f9096dd82b30cfbaf6b6c5fbb27dd5a,SOURCE/models/PMSM_PI_decomposition_baseline.slx,SUPPORT,repository-lfs
models/Rail_RegenerativeBraking_SC_v1.slx,Supporting source/data,119405,9554f2bc9b83b4eb4d1ef17d88b7b2e5b77d3fb8cae82c17630880ef1a347c25,SOURCE/models/Rail_RegenerativeBraking_SC_v1.slx,SUPPORT,repository-lfs
models/Rail_RegenerativeBraking_SC_v1.slx.original,Supporting source/data,145975,4d3e2f22930a7971fc8144ff7fff46157016636ccc06fada4d08366d751c47e5,SOURCE/models/Rail_RegenerativeBraking_SC_v1.slx.original,SUPPORT,repository-git
reports/candidate_connection_report.md,Supporting source/data,5578,acc006236aa473e8f6d61aad01b389dbf86ef846dc5b9bb50119e301920453cd,SOURCE/reports/candidate_connection_report.md,SUPPORT,repository-git
reports/connectgraph_report.md,Supporting source/data,599,753952c4a04004d7124506cf8efbee5bfc78566391084faa5348129088ebe2f0,SOURCE/reports/connectgraph_report.md,SUPPORT,repository-git
reports/function_architecture_report.md,Supporting source/data,548,35a47f9361b3c51cd0680873cd4f016ae8b30bc9298a2149193326a0af46c173,SOURCE/reports/function_architecture_report.md,SUPPORT,repository-git
reports/gold2_learning_report_v2.md,Supporting source/data,588,e06dd491889bce51f5b4e872b7b74ce0c926e62275949a0ebc611e1569b94551,SOURCE/reports/gold2_learning_report_v2.md,SUPPORT,repository-git
reports/gold2_vs_current_model_diff_v2.md,Supporting source/data,631,682453861695926d4e06bcab8b6e0ff532ffa272bebee3b5c61b7ef3042583a4,SOURCE/reports/gold2_vs_current_model_diff_v2.md,SUPPORT,repository-git
reports/gold_vs_probe_presentation_diff.md,Supporting source/data,1265,880d8a1f699f51ad92e99a9033e84190adb3ee74387271ff7bb26b052fb9dde8,SOURCE/reports/gold_vs_probe_presentation_diff.md,SUPPORT,repository-git
reports/hierarchical_ibd_generation_report.md,Supporting source/data,352,1a269783d8d926c025a8f30e9091db60527e606c40d3c8ba068e6f52b61b4eeb,SOURCE/reports/hierarchical_ibd_generation_report.md,SUPPORT,repository-git
reports/integrated_probe_validation_v2.md,Supporting source/data,451,b9a4048de1c43bac6a88f6f2e291e337d858d56e96bd365b3768fa1165725f33,SOURCE/reports/integrated_probe_validation_v2.md,SUPPORT,repository-git
reports/interface_layer_audit.md,Supporting source/data,11024,2e041ad710c17f5b2563a0e927c982fc0e64a54c0519bfc2191536fcdb6dbbe0,SOURCE/reports/interface_layer_audit.md,SUPPORT,repository-git
reports/itemflow_connector_fix_report.md,Supporting source/data,1453,302e0cfaafd037b09b9875a7293c7d5686b64168fc91e3a6e10bc5f50e2e6d10,SOURCE/reports/itemflow_connector_fix_report.md,SUPPORT,repository-git
reports/itemflow_display_fix_report.md,Supporting source/data,1276,264882f0d718c94e5e1bf77fb318a76cb3a7f5f332ac6b3d712648a60d3f8f00,SOURCE/reports/itemflow_display_fix_report.md,SUPPORT,repository-git
reports/kg_import_report.md,Supporting source/data,3358,76444f55d2f02f7cb48b29a01cced2b1968ad1f40fc2a215a327378a7fb014f4,SOURCE/reports/kg_import_report.md,SUPPORT,repository-git
reports/kg_validation_queries.cypher,Supporting source/data,751,62eff9e94f4bff52e8fd4b8440a3249cc42f5f18e26083a1d6a1accaecd1ce8a,SOURCE/reports/kg_validation_queries.cypher,SUPPORT,repository-git
reports/magicdraw_gold_learning_report.md,Supporting source/data,848,35df0ebef6d716bd5f8a30fbe40de564e8a8f707ffddf276a3656dd4aa9f981f,SOURCE/reports/magicdraw_gold_learning_report.md,SUPPORT,repository-git
reports/port_coverage_report.md,Supporting source/data,9749,baaa0fc422aa6d657fdccb58fc86c053dd9ea47c37d2c9de3e9a5ca11ac718d1,SOURCE/reports/port_coverage_report.md,SUPPORT,repository-git
reports/structure_mapping_fix_report.md,Supporting source/data,1027,6a176df3c34b4573487942424196f88a78cdf2e23132f6121d711b5117214284,SOURCE/reports/structure_mapping_fix_report.md,SUPPORT,repository-git
reports/sysml17_mapping_contract.md,Supporting source/data,2787,645568a8094e020153db62e98778486e0324c219061324380468edc3e41cc147,SOURCE/reports/sysml17_mapping_contract.md,SUPPORT,repository-git
reports/topology_qa_report.md,Supporting source/data,2154,a13ca0167c16e71a2d7055d4bca1caab792dd6a681c4b8a419e9e96ae8dd8d88,SOURCE/reports/topology_qa_report.md,SUPPORT,repository-git
reports/topology_rule_report.md,Supporting source/data,10600,09519f4903c9b261d352e06bc5ea1d10193aee218503e9eab18876eafa71ff0e,SOURCE/reports/topology_rule_report.md,SUPPORT,repository-git
reports/upward_interface_inference_report.md,Supporting source/data,241,04b2427109b48a5f581951c7c9d98da5570c14f4ed5a1d032fc65c5e5954120d,SOURCE/reports/upward_interface_inference_report.md,SUPPORT,repository-git
reports/xmi_conversion_report.md,Supporting source/data,1419,67bb9a3273f7797a6fc3729cf0667e12e435c6e6f816157c09b86fbdce22a9fb,SOURCE/reports/xmi_conversion_report.md,SUPPORT,repository-git
reports/xmi_magicdraw_fix_report.md,Supporting source/data,1443,c99bbbf831494d049b222654e0f457ec4385114555feb8b5a32ce09c8246ff53,SOURCE/reports/xmi_magicdraw_fix_report.md,SUPPORT,repository-git
reports/xmi_preflight_report.md,Supporting source/data,442,dba44309233fc904ee6a37c30e605147c8c5e9586e51695a5bbf3fad6cfe1474,SOURCE/reports/xmi_preflight_report.md,SUPPORT,repository-git
requirements-fmu.txt,Supporting source/data,13,7cf8b312c50fc88ddfc882825643b1299a054509ad85daff0bc03efeec0c791d,handoff-created,SUPPORT,repository-git
scripts/backup_syson_project.ps1,Supporting source/data,810,31b715a5a6f62b3eb92255e1450efc08836d7b50550dc8229f9a0b06f9b4932c,handoff-created,SUPPORT,repository-git
scripts/build_Rail_RegenerativeBraking_SC_v1.m,Supporting source/data,51367,21b8de1ab1cb30801f74e73d5d9ee568066214872928437c2067aa3a8f68ba04,handoff-created,SUPPORT,repository-git
scripts/build_release_copy.py,Supporting source/data,5095,901619d7142a4a67c0d0c3d3f6890d56cfce6968be4f4840854bc57753f55771,handoff-created,SUPPORT,repository-git
scripts/check_environment.ps1,Supporting source/data,578,6d39accdc6148a210b172b6eb30c86916ca81479165c1167ca31277e4fa1a2be,handoff-created,SUPPORT,repository-git
scripts/check_release.py,Supporting source/data,2975,d14b603af7968276a0e387aced18d907a9ab97e4283568cb66784beca9a9ccdf,handoff-created,SUPPORT,repository-git
scripts/generate_manifest.py,Supporting source/data,7280,807eecd8d658c421b6b8e2af9a788c5f5253ed6fc22143e5e2e6dae51d10fc72,handoff-created,SUPPORT,repository-git
scripts/import_syson_project.py,Supporting source/data,3389,aac5d79f333f6b961088a5e12d4eb3870c5c8790bafb53dc4be0bed63c132aef,handoff-created,SUPPORT,repository-git
scripts/open_ssi_gui.ps1,Supporting source/data,969,ffea61987f24a0184032074ac9bde3b508eeee87b98c8c6b518c9af213612c44,handoff-created,SUPPORT,repository-git
scripts/run_fmu_job.py,Supporting source/data,1710,7a82e342083e7c93ddf69d7ab89145e6b03333226fc08c91b7f589dee7130be4,handoff-created,SUPPORT,repository-git
scripts/start_syson.ps1,Supporting source/data,627,e3a9be2cee9ca26518f905c179a422a9d657d515e02cbac9b2b1cf26b681f2c3,handoff-created,SUPPORT,repository-git
scripts/start_ui.ps1,Supporting source/data,2206,fc46aaca32db0b31d525d929102a303237406705731027f36caf01e5ef16caaa,handoff-created,SUPPORT,repository-git
scripts/stop_syson.ps1,Supporting source/data,336,d4d655960683813c8972c74662690c12cde432107490a80a1e30e8533ab2e737,handoff-created,SUPPORT,repository-git
scripts/stop_ui.ps1,Supporting source/data,418,78ac67a0ff5ba377fb5d609b2d97ce4ef4bdd014d70aa02f243ffb6f0b8ac806,handoff-created,SUPPORT,repository-git
third_party/ssi_transformer/Standard-System-Interface/CITATION.cff,SSI/SSD,504,74b38f4d886823bfe67b68702f984012f18de5d3231a5d3d29c08f57436318b1,SOURCE/third_party/ssi_transformer/Standard-System-Interface/CITATION.cff,SUPPORT,repository-git
third_party/ssi_transformer/Standard-System-Interface/LICENSE,SSI/SSD,1065,5d03ff9e5e9fcfe11ff13a152abd4098f364ac5fdaa7bcd4e11c7cc4eb152ed1,SOURCE/third_party/ssi_transformer/Standard-System-Interface/LICENSE,SUPPORT,repository-git
third_party/ssi_transformer/Standard-System-Interface/README.md,SSI/SSD,3124,b987de39a32f0615ddcd6313cc68b656f81ac64326c0bb3746a5141a8b3e75fe,SOURCE/third_party/ssi_transformer/Standard-System-Interface/README.md,SUPPORT,repository-git
third_party/ssi_transformer/Standard-System-Interface/environment.yml,SSI/SSD,518,f7c05d41059c105276d2b708f206ee84b64673b84a338f3f9b35432cffb9d4c1,SOURCE/third_party/ssi_transformer/Standard-System-Interface/environment.yml,SUPPORT,repository-git
third_party/ssi_transformer/Standard-System-Interface/source/SSI_simulator.py,SSI/SSD,13719,0fd81232b51180430a39b0f06bd3f11e4ac765692e9a2f7ccabc9abba1820ee3,SOURCE/third_party/ssi_transformer/Standard-System-Interface/source/SSI_simulator.py,SUPPORT,repository-git
third_party/ssi_transformer/Standard-System-Interface/source/SSI_transformer.py,SSI/SSD,27325,aa84c87f8285a7318358155b005a97d6e2f620b878531d0aa42a0cf7f7d0c1d8,SOURCE/third_party/ssi_transformer/Standard-System-Interface/source/SSI_transformer.py,SUPPORT,repository-git
third_party/ssi_transformer/Standard-System-Interface/source/SSI_transformer_modelica.py,SSI/SSD,27472,6085819b4a544d88a762f2eb3b990fc23a744aec03b27fde00a32c88e1b8581e,SOURCE/third_party/ssi_transformer/Standard-System-Interface/source/SSI_transformer_modelica.py,SUPPORT,repository-git
tools/function_pipeline/01_extract_connectgraph.py,Supporting source/data,3815,92af9fe706cec3594a12756343130f0ea426097811a67c24295bffa95f77f956,SOURCE/tools/function_pipeline/01_extract_connectgraph.py,SUPPORT,repository-git
tools/function_pipeline/02_synthesize_leaf_functions.py,Supporting source/data,13673,48a50f1a8008d924e93b9e7473dec8b690445cb440f34ec8e08c7c0868b45b05,SOURCE/tools/function_pipeline/02_synthesize_leaf_functions.py,SUPPORT,repository-git
tools/function_pipeline/03_aggregate_functions.py,Supporting source/data,4224,c2ec0453156f1f9a28a67412084ccc4edea5c104d46b3e585c2cc9e2dee28e5d,SOURCE/tools/function_pipeline/03_aggregate_functions.py,SUPPORT,repository-git
tools/function_pipeline/04_build_allocations.py,Supporting source/data,1606,546c1651b611f9a86567c05bcf39d341a827ada8526c9f9246d8db4f1bcfc9f8,SOURCE/tools/function_pipeline/04_build_allocations.py,SUPPORT,repository-git
tools/function_pipeline/05_build_function_interface_map.py,Supporting source/data,5104,b26e697deb07cb418375b81a93fa621646d8e0253f0d2ca55c7f2c2198a3157f,SOURCE/tools/function_pipeline/05_build_function_interface_map.py,SUPPORT,repository-git
tools/function_pipeline/06_build_xmi_ready_json.py,Supporting source/data,14806,9fff38052209ad41778c4336cd8149db9acf4485787ba52fc599906091569fa6,SOURCE/tools/function_pipeline/06_build_xmi_ready_json.py,SUPPORT,repository-git
tools/function_pipeline/07_export_interface_workbook.py,Supporting source/data,11261,8caaa2ebd46eba6d3a267ccdf4754b3a3caa118af023df8969d918c5a6c61685,SOURCE/tools/function_pipeline/07_export_interface_workbook.py,SUPPORT,repository-git
tools/function_pipeline/08_validate_function_architecture.py,Supporting source/data,10007,6aa74cbde28d6e73102f358a611298a112ce1ffdeca776aab0ec9355f35ee25a,SOURCE/tools/function_pipeline/08_validate_function_architecture.py,SUPPORT,repository-git
tools/function_pipeline/09_xmi_preflight.py,Supporting source/data,14556,9e044590b15a500c4bc3fde21e70024946f2113c26a5b9f63dfee1626e7f1df6,SOURCE/tools/function_pipeline/09_xmi_preflight.py,SUPPORT,repository-git
tools/function_pipeline/10_export_preflight_workbook.py,Supporting source/data,2516,4f642addc3587325930f4d615e02d360e4d2e9a9ff2557ac7b3975753a93a2bf,SOURCE/tools/function_pipeline/10_export_preflight_workbook.py,SUPPORT,repository-git
tools/function_pipeline/README.md,Supporting source/data,1125,fdc29752988af6eb5ebb80d0eec3aac2ea7defe428a2af92b0ed3dc0b75dfc9e,SOURCE/tools/function_pipeline/README.md,SUPPORT,repository-git
tools/function_pipeline/run_function_pipeline.py,Supporting source/data,3600,de7a1c19958f0cde54d6149ef5b45f9c4f00c9a2a66c5cc2c251ed827fcb7673,SOURCE/tools/function_pipeline/run_function_pipeline.py,SUPPORT,repository-git
tools/function_pipeline/run_xmi_preflight.py,Supporting source/data,1194,7a1b8a6269de7743a059e6b255f30bd1dcf13c1e9ea2448b981c2a69c4c83088,SOURCE/tools/function_pipeline/run_xmi_preflight.py,SUPPORT,repository-git
tools/function_pipeline/work/all_functions.json,Supporting source/data,407011,53dfe16000306f83c42db98d87ed12a5ca18d1dd0b2821ffb4a53b4a43c2c52a,SOURCE/tools/function_pipeline/work/all_functions.json,SUPPORT,repository-git
tools/function_pipeline/work/function_allocations.json,Supporting source/data,54101,2f62ee2eaa891465fa997c0a8437229159639cab62886ab45e4f52185c547b45,SOURCE/tools/function_pipeline/work/function_allocations.json,SUPPORT,repository-git
tools/function_pipeline/work/function_architecture_qa.json,Supporting source/data,1652,0043e45953490b9364bf93691c6c19226357d0d6a75651c855f995ebdd97cf58,SOURCE/tools/function_pipeline/work/function_architecture_qa.json,SUPPORT,repository-git
tools/function_pipeline/work/function_interface_mappings.json,Supporting source/data,115034,7c1033511d2d621202e206b722ca9f53fe6fc716911be6d2208b32bae914626d,SOURCE/tools/function_pipeline/work/function_interface_mappings.json,SUPPORT,repository-git
tools/function_pipeline/work/leaf_functions.json,Supporting source/data,206236,f218a826fda3c461f8c60304db1e6712bdb78036e3ea2b7dd77e97cdb936c4a5,SOURCE/tools/function_pipeline/work/leaf_functions.json,SUPPORT,repository-git
tools/function_pipeline/work/preflight_previews/Function_after.png,Supporting source/data,233435,ebb6f3c44a01ab9d0d8cbf63fc0e8bb28d7ae35c6c9d5ed8c711a66ccb00b438,SOURCE/tools/function_pipeline/work/preflight_previews/Function_after.png,SUPPORT,repository-git
tools/function_pipeline/work/preflight_previews/Function_before.png,Supporting source/data,233617,42921bf21a02ad17240ff5103efb640af339843178138d90008c46ec138fd94d,SOURCE/tools/function_pipeline/work/preflight_previews/Function_before.png,SUPPORT,repository-git
tools/function_pipeline/work/previews/Connection.png,Supporting source/data,181440,1365483cb290750c2bdc6397f2d6cb86866303b72ea3e97ab50b3ad8b8e80e82,SOURCE/tools/function_pipeline/work/previews/Connection.png,SUPPORT,repository-git
tools/function_pipeline/work/previews/Function.png,Supporting source/data,196300,9d62eadff3e1da8b88bad124e61910a2d27bb549292d1f739b38562c0f0bc71c,SOURCE/tools/function_pipeline/work/previews/Function.png,SUPPORT,repository-git
tools/function_pipeline/work/previews/Function_Allocation.png,Supporting source/data,63026,0e6b7a7b35f3f25fdad0cafc8d58fb7a2aa516f18ae0d4070e6e103c3961e397,SOURCE/tools/function_pipeline/work/previews/Function_Allocation.png,SUPPORT,repository-git
tools/function_pipeline/work/previews/Function_Interface.png,Supporting source/data,91795,40613677945d52aaf10e590756c894a5b8e81224d0e8a1f10fc9b322b22f6967,SOURCE/tools/function_pipeline/work/previews/Function_Interface.png,SUPPORT,repository-git
tools/function_pipeline/work/previews/Interface.png,Supporting source/data,163468,73fe3280f10f30ade77ae76df3f9566affd1eb8bb4b377f7dbcdee8b3b908924,SOURCE/tools/function_pipeline/work/previews/Interface.png,SUPPORT,repository-git
tools/function_pipeline/work/previews/Item.png,Supporting source/data,279057,cee6a31e8b20edc99915942522874becae90bb83e537eb44746b867ac42edc07,SOURCE/tools/function_pipeline/work/previews/Item.png,SUPPORT,repository-git
tools/function_pipeline/work/previews/Net_Member.png,Supporting source/data,94212,8d4bd371449b105cd4f351312882fb7724ec99b25633217877b508cbc89e0a2c,SOURCE/tools/function_pipeline/work/previews/Net_Member.png,SUPPORT,repository-git
tools/function_pipeline/work/previews/PhysicalNet.png,Supporting source/data,85156,3c06779de37413f3803f152af0ab1938af369a9326a634a26162e5aff900f769,SOURCE/tools/function_pipeline/work/previews/PhysicalNet.png,SUPPORT,repository-git
tools/function_pipeline/work/previews/Product_Hierarchy.png,Supporting source/data,69348,c44d8b27906f8ada4aa8692ea772ead6e1c221976141edbd98fd08a76ae30683,SOURCE/tools/function_pipeline/work/previews/Product_Hierarchy.png,SUPPORT,repository-git
tools/function_pipeline/work/previews/XMI_Export_QA.png,Supporting source/data,53423,ab5be9226932b1e6fdd2f46377c3ed555d717b16926ff80b0ce894af57e829ef,SOURCE/tools/function_pipeline/work/previews/XMI_Export_QA.png,SUPPORT,repository-git
tools/function_pipeline/work/source_architecture.json,Supporting source/data,1034139,4341349ae87752180d495b0802ed23cf40901803a201b98660c3a1d79047a77f,SOURCE/tools/function_pipeline/work/source_architecture.json,SUPPORT,repository-git
tools/function_pipeline/work/xmi_preflight_state.json,Supporting source/data,134781,28ed400a0af78fe017a2e5de31b9bf8d6bdccb67e63f1736e23c11c72b6f1631,SOURCE/tools/function_pipeline/work/xmi_preflight_state.json,SUPPORT,repository-git
tools/interface_pipeline/01_audit_raw_ports.py,Supporting source/data,9358,20192e1d562135ad36fe6f29562c9c8b83ed60bef1ee9e67134b51a6163fefd0,SOURCE/tools/interface_pipeline/01_audit_raw_ports.py,SUPPORT,repository-git
tools/interface_pipeline/02_clean_raw_ports.py,Supporting source/data,3571,786aa51489e1c360f4c7479717a6776e74118f6860a6af841344b07fe39d89f6,SOURCE/tools/interface_pipeline/02_clean_raw_ports.py,SUPPORT,repository-git
tools/interface_pipeline/03_build_profile.py,Supporting source/data,5497,19e77f2f34f51f3f2860b72ee322dc30845a2da844d659c87417005506ccb0d1,SOURCE/tools/interface_pipeline/03_build_profile.py,SUPPORT,repository-git
tools/interface_pipeline/04_build_porttypes.py,Supporting source/data,5469,1687326c98b2061c30bd108192e874ab618afae53968cc6608c61e9ddf228546,SOURCE/tools/interface_pipeline/04_build_porttypes.py,SUPPORT,repository-git
tools/interface_pipeline/05_build_interfacetypes.py,Supporting source/data,3032,952cb237e5c9532ad3864bfa458306e0953fb31aabdbe84917576dabbb86fb58,SOURCE/tools/interface_pipeline/05_build_interfacetypes.py,SUPPORT,repository-git
tools/interface_pipeline/06_validate_interface_layer.py,Supporting source/data,23750,1c7e7f4e957dd6da0566ccf55ac0552959f9dad7cec24ef8cb9db83e59db8bd8,SOURCE/tools/interface_pipeline/06_validate_interface_layer.py,SUPPORT,repository-git
tools/interface_pipeline/README.md,Supporting source/data,4983,e0d043c0cebe2fadf653d1c0a1bc1850e7b975949f10b9fd7b9837f2c1fcbb44,SOURCE/tools/interface_pipeline/README.md,SUPPORT,repository-git
tools/interface_pipeline/common.py,Supporting source/data,2603,6ff0949d76731ae03939465388f4c8a129b8e3ae5ce007eecc892753b31677c2,SOURCE/tools/interface_pipeline/common.py,SUPPORT,repository-git
tools/interface_pipeline/config/architecture_profiles.json,Supporting source/data,5151,302de1cae49e97393d2b0ae5015e15d2bc2357a257b052b89567d145286a01f9,SOURCE/tools/interface_pipeline/config/architecture_profiles.json,SUPPORT,repository-git
tools/interface_pipeline/requirements.txt,Supporting source/data,16,06d28d69e958deafb09f0a44fcae9b548f15e4debc14ebc39aad5f0934856fbf,SOURCE/tools/interface_pipeline/requirements.txt,SUPPORT,repository-git
tools/interface_pipeline/rules.py,Supporting source/data,14908,0a3bce70e0297f5dda93cc16cf34d4eafca642eda5a410781737ee4ef0ab80f3,SOURCE/tools/interface_pipeline/rules.py,SUPPORT,repository-git
tools/interface_pipeline/run_interface_pipeline.py,Supporting source/data,4137,b4f824ca41037b56b571ee51fc5c4ed77b429443b3d8640cd23285986f1dea44,SOURCE/tools/interface_pipeline/run_interface_pipeline.py,SUPPORT,repository-git
tools/interface_pipeline/tests/test_interface_pipeline.py,Supporting source/data,3415,44038b181c138baf412dc6ea1bed997f1f5cde497be847265fcda7ead11c04fc,SOURCE/tools/interface_pipeline/tests/test_interface_pipeline.py,SUPPORT,repository-git
tools/interface_pipeline/work/cleaned_ports.json,Supporting source/data,190357,98415a4fd7457d37090e594bc9d81a8677f4c037709d86921282e9de208c2f2e,SOURCE/tools/interface_pipeline/work/cleaned_ports.json,SUPPORT,repository-git
tools/interface_pipeline/work/input_inventory.json,Supporting source/data,549250,a843138b5614189b683a712f6b86f08ba8bceccb075eea31126056560cd78072,SOURCE/tools/interface_pipeline/work/input_inventory.json,SUPPORT,repository-git
tools/interface_pipeline/work/interfacetypes.json,Supporting source/data,97313,11087a24de7129fa9a73a52ea10f5f31372e4b0b4a46f7e83dc85aae0a51d9fe,SOURCE/tools/interface_pipeline/work/interfacetypes.json,SUPPORT,repository-git
tools/interface_pipeline/work/pipeline_summary.json,Supporting source/data,1631,11cf82d4fbfe6b939c6a4acabed28204925757d0083ace9070b7bff3688bfba0,SOURCE/tools/interface_pipeline/work/pipeline_summary.json,SUPPORT,repository-git
tools/interface_pipeline/work/porttypes.json,Supporting source/data,257195,12e3518110c33e7757d4e9ac283ac6c14b5ae9845f883417ca08fbc5137662f0,SOURCE/tools/interface_pipeline/work/porttypes.json,SUPPORT,repository-git
tools/interface_pipeline/work/profile_state.json,Supporting source/data,162075,3d7814fd1bb668b23591ac66e4f086f17ae4bbf8f92ebe9c5c664ac48b6e5b21,SOURCE/tools/interface_pipeline/work/profile_state.json,SUPPORT,repository-git
tools/kg_pipeline/.gitignore,Knowledge graph,51,b6da1ade0c96f86a036c16df797705f255a013a2fcb17966b3767bb1fff6bdd3,SOURCE/tools/kg_pipeline/.gitignore,SUPPORT,repository-git
tools/kg_pipeline/00_probe_sources.py,Knowledge graph,2117,ba182984badf97980e94088e37eefd1b5fcb2634d2c443c538b9a6bdcad505f2,SOURCE/tools/kg_pipeline/00_probe_sources.py,SUPPORT,repository-git
tools/kg_pipeline/01_extract_graph_data.py,Knowledge graph,7848,ead71dcc11887385f8436cfcf528305bd275a92489d14c1ff1936c7d5e189e9c,SOURCE/tools/kg_pipeline/01_extract_graph_data.py,SUPPORT,repository-git
tools/kg_pipeline/02_init_schema.py,Knowledge graph,301,2de138ef33fe63bdcb157593de1495401bd890a78c5638c2a998bb01b483d7c1,SOURCE/tools/kg_pipeline/02_init_schema.py,SUPPORT,repository-git
tools/kg_pipeline/03_load_products.py,Knowledge graph,535,0550605e18256e57c11e12674a7bef961bc9651d9e205886d838651aad81635e,SOURCE/tools/kg_pipeline/03_load_products.py,SUPPORT,repository-git
tools/kg_pipeline/04_load_items.py,Knowledge graph,495,33679fdd63ef9054959e7934d527a84db90d3c5815f6b2ff8b2cb54571c6baa0,SOURCE/tools/kg_pipeline/04_load_items.py,SUPPORT,repository-git
tools/kg_pipeline/05_load_ports.py,Knowledge graph,408,47b400b090249596deb08616c8024b12e9d320405635344a9e0b1070090b09ab,SOURCE/tools/kg_pipeline/05_load_ports.py,SUPPORT,repository-git
tools/kg_pipeline/06_validate_graph.py,Knowledge graph,1727,50ba8f9b0dddaa673342ae6a2617ca86e4e1103dd5ee034d0dab435c5caafaa8,SOURCE/tools/kg_pipeline/06_validate_graph.py,SUPPORT,repository-git
tools/kg_pipeline/07_full_qa.py,Knowledge graph,7907,aece0f0dd48e80918704bb819e1855d31271a3463fc3387b740d69ce6afaf920,SOURCE/tools/kg_pipeline/07_full_qa.py,SUPPORT,repository-git
tools/kg_pipeline/README.md,Knowledge graph,1022,99e260652bcb5800e2297cef4fef01c09d0ce12a3095898f7d8071d9318fd6ae,SOURCE/tools/kg_pipeline/README.md,SUPPORT,repository-git
tools/kg_pipeline/common.py,Knowledge graph,8411,4942e05c20c743b8cfef709aa4babb2beea671cf71bb5648b5bc13388ab4296e,SOURCE/tools/kg_pipeline/common.py,SUPPORT,repository-git
tools/kg_pipeline/config/graph_schema.yaml,Knowledge graph,9660,5c9e8609c6d91ec56bfddae9089b7b4963cc74cbe8c31464240ea3077213ace3,SOURCE/tools/kg_pipeline/config/graph_schema.yaml,SUPPORT,repository-git
tools/kg_pipeline/requirements.txt,Knowledge graph,52,3a276b3807773b795962d7b5d478741e227afaa0df67e2979f0e426cbbade354,SOURCE/tools/kg_pipeline/requirements.txt,SUPPORT,repository-git
tools/kg_pipeline/run_kg_pipeline.py,Knowledge graph,512,2671ad2cd4354b2c0bea098eda19e07ddf1dbc98c70de5c1d66fd4befb44c84d,SOURCE/tools/kg_pipeline/run_kg_pipeline.py,SUPPORT,repository-git
tools/kg_pipeline/tests/test_kg_pipeline.py,Knowledge graph,788,da26bfe59b49416d8237415b2cb3edc666736d0f212858e4fb16069b973fbf1e,SOURCE/tools/kg_pipeline/tests/test_kg_pipeline.py,SUPPORT,repository-git
tools/simulation_interface/build_hierarchical_aggregation.py,Supporting source/data,45957,66aca4fbe26a5b7c03091ae4d47894a1693d1eba2eba0ed95f08f3efa66638ec,SOURCE/tools/simulation_interface/build_hierarchical_aggregation.py,SUPPORT,repository-git
tools/ssi_adapter/build_rail_ssi_projection.py,SSI/SSD,8394,40739c26c15d1823f89396ceaafe69b58e6bbce2d3d8f2169f3f0efc803b5ba4,SOURCE/tools/ssi_adapter/build_rail_ssi_projection.py,SUPPORT,repository-git
tools/ssi_adapter/build_rail_ssi_projection_all16.py,SSI/SSD,13852,42d6f2fab730227e01d89f3f0396cd3d1c8fcd44db863f98f9478863901caa41,SOURCE/tools/ssi_adapter/build_rail_ssi_projection_all16.py,SUPPORT,repository-git
tools/ssi_adapter/probe_ssi_gui.py,SSI/SSD,2518,22a312294df9b3a6cdd6379802254c5414c300cb149d118ec713411d7f077421,SOURCE/tools/ssi_adapter/probe_ssi_gui.py,SUPPORT,repository-git
tools/ssi_adapter/run_ssi_all16.py,SSI/SSD,7211,07b5dd6769d49be41ede2820083cd4b76b164bd3af38924643c86855baf3cef0,SOURCE/tools/ssi_adapter/run_ssi_all16.py,SUPPORT,repository-git
tools/ssi_adapter/run_ssi_projection.py,SSI/SSD,7098,ddb68edcccab89757b58103df83b53fa846530c1ef210cc51533f13b56bac054,SOURCE/tools/ssi_adapter/run_ssi_projection.py,SUPPORT,repository-git
tools/ssi_adapter/test_ssi_direct_import.py,SSI/SSD,3872,45bb347a1a0b8db62b049f196554c535ee90602ab878efc5c47fc502cf5e28b8,SOURCE/tools/ssi_adapter/test_ssi_direct_import.py,SUPPORT,repository-git
tools/ssi_transformer/run_ssi_transformer.ps1,SSI/SSD,2396,40eb95fa1a1d617859543bf3022567e91ce9bef9f3e29455b45bba63ff54a0a3,SOURCE/tools/ssi_transformer/run_ssi_transformer.ps1,SUPPORT,repository-git
tools/sysmlv2/.classes/OfficialSysMLValidator.class,Supporting source/data,4982,934c3c1a5fb421d9cd435409efed803b8d50f792fc8fb882ff3bae2dd5d7ef7a,SOURCE/tools/sysmlv2/.classes/OfficialSysMLValidator.class,SUPPORT,repository-git
tools/sysmlv2/OfficialSysMLValidator.java,Supporting source/data,4302,9e31fb691e2dfb05648a0645bbc0a1e6bd5da47f5ec9e2101f84feb7b0b3f0ae,SOURCE/tools/sysmlv2/OfficialSysMLValidator.java,SUPPORT,repository-git
tools/sysmlv2/analyze_syson_semantics.mjs,Supporting source/data,2791,af48d0e617805d2fbd9f92da85108f1dc57d0c98207456e238ba3e153b83b48a,SOURCE/tools/sysmlv2/analyze_syson_semantics.mjs,SUPPORT,repository-git
tools/sysmlv2/build_syson_representation_specs.mjs,Supporting source/data,1985,0106e3fbcc2b4e040b2ee7e59acbbc0bdce4a3a74b726ac264b4ab1451f667d5,SOURCE/tools/sysmlv2/build_syson_representation_specs.mjs,SUPPORT,repository-git
tools/sysmlv2/build_syson_visualization_projection.mjs,Supporting source/data,16886,eac1cd22536244a42b1370a41ca8c7f8a105737c86d2f5db455a04b7426d7da9,SOURCE/tools/sysmlv2/build_syson_visualization_projection.mjs,SUPPORT,repository-git
tools/sysmlv2/build_toolchain_status.mjs,Supporting source/data,15283,6415988c865704143a54203755c2fe8ee6f01bb7cd95bf983aecdbefe95ac3c6,SOURCE/tools/sysmlv2/build_toolchain_status.mjs,SUPPORT,repository-git
tools/sysmlv2/index_syson_svg_exports.mjs,Supporting source/data,2304,851e8fbb4e2779a585183fb547b088a8357c184c728c722ad9daadc0e8d23c00,SOURCE/tools/sysmlv2/index_syson_svg_exports.mjs,SUPPORT,repository-git
tools/sysmlv2/rail_builder/README.md,Supporting source/data,1034,9b9aef38f5b21050e169d398408fe973f119a7dc2f6ec6563ffca27596b16f07,SOURCE/tools/sysmlv2/rail_builder/README.md,SUPPORT,repository-git
tools/sysmlv2/rail_builder/build_allocations.py,Supporting source/data,684,4b818ded820969ffbc22a58ed79f1e8e1fec3efdd1fcd9cea6b10d9d928aee12,SOURCE/tools/sysmlv2/rail_builder/build_allocations.py,SUPPORT,repository-git
tools/sysmlv2/rail_builder/build_full_model.py,Supporting source/data,10505,4c04564fc3d09e09034d4726e290092217331a0b742190c3503becb53aed9842,SOURCE/tools/sysmlv2/rail_builder/build_full_model.py,SUPPORT,repository-git
tools/sysmlv2/rail_builder/build_full_rail_sysml.ps1,Supporting source/data,2040,31ad3ec6cc1deeda0c078de4f08be318ae0fe40177f23e758e09949d8ee32e3d,SOURCE/tools/sysmlv2/rail_builder/build_full_rail_sysml.ps1,SUPPORT,repository-git
tools/sysmlv2/rail_builder/build_function_definitions.py,Supporting source/data,1516,636064ed42bd59e0272e907c79435bf66840b904c990b9d6e9240fb1aedd48af,SOURCE/tools/sysmlv2/rail_builder/build_function_definitions.py,SUPPORT,repository-git
tools/sysmlv2/rail_builder/build_general_definitions.py,Supporting source/data,232,801bc69f1f8d090f0da761b2622a728f739ccab8ab032e6f32f344d9d8dacdc4,SOURCE/tools/sysmlv2/rail_builder/build_general_definitions.py,SUPPORT,repository-git
tools/sysmlv2/rail_builder/build_interface_definitions.py,Supporting source/data,644,75833e97aeab98943037e168708771e5d7d5582f1bd0ccbbbf4897bddcf7f7a2,SOURCE/tools/sysmlv2/rail_builder/build_interface_definitions.py,SUPPORT,repository-git
tools/sysmlv2/rail_builder/build_item_definitions.py,Supporting source/data,1238,48e90f44ca0d20d9e40f9914b4f12f45d53e23d6ba32e47b116db17e829da0ad,SOURCE/tools/sysmlv2/rail_builder/build_item_definitions.py,SUPPORT,repository-git
tools/sysmlv2/rail_builder/build_mapping_workbooks.mjs,Supporting source/data,4497,01e40c6afabe6e6fd538585f2db35b371652b39196929448595c197e913b6a5a,SOURCE/tools/sysmlv2/rail_builder/build_mapping_workbooks.mjs,SUPPORT,repository-git
tools/sysmlv2/rail_builder/build_physical_networks.py,Supporting source/data,896,d91d69ada4b02ddc1acf050396e09a01b79c9665cf4c2c2d4988a822e42c0d73,SOURCE/tools/sysmlv2/rail_builder/build_physical_networks.py,SUPPORT,repository-git
tools/sysmlv2/rail_builder/build_port_definitions.py,Supporting source/data,459,9aacd6c2a3f66b484c137ebd678cd811a690f0b6717774584ab866b512b88fb5,SOURCE/tools/sysmlv2/rail_builder/build_port_definitions.py,SUPPORT,repository-git
tools/sysmlv2/rail_builder/build_product_definitions.py,Supporting source/data,2928,ebc154afab434753c5ab105544ba55287fe80368ff52410f1b910eaf70cdc2c1,SOURCE/tools/sysmlv2/rail_builder/build_product_definitions.py,SUPPORT,repository-git
tools/sysmlv2/rail_builder/build_reports.py,Supporting source/data,3403,0968ba680589cb105f3d7be643e1cf497beb2034bfe20904cccc74788bf26652,SOURCE/tools/sysmlv2/rail_builder/build_reports.py,SUPPORT,repository-git
tools/sysmlv2/rail_builder/build_system_definition.py,Supporting source/data,802,a62e95f913eec9eee2b9225964c6e7412bafe7ce3d8861b22c9ce5d81ed9cc84,SOURCE/tools/sysmlv2/rail_builder/build_system_definition.py,SUPPORT,repository-git
tools/sysmlv2/rail_builder/build_traceability.py,Supporting source/data,768,e165dc5c50cd0808c5a5013f8e006a54b8c6ffabce4fefb4e2acbff5d4ba58d1,SOURCE/tools/sysmlv2/rail_builder/build_traceability.py,SUPPORT,repository-git
tools/sysmlv2/rail_builder/common.py,Supporting source/data,11571,e4085642ae99a728f355eada2edb8c4eabdfa91e6dd0302d55d728356c4556ac,SOURCE/tools/sysmlv2/rail_builder/common.py,SUPPORT,repository-git
tools/sysmlv2/rail_builder/inspect_excel_source.py,Supporting source/data,2097,9529a76859711db860316a70c7de149761d30546f45b8a7387896d91b3eec90c,SOURCE/tools/sysmlv2/rail_builder/inspect_excel_source.py,SUPPORT,repository-git
tools/sysmlv2/rail_builder/validate_source.py,Supporting source/data,2836,84055fdd68eb2df0a18294cbf41894ca5815f0404c2923c3525f0dc39d95a5a7,SOURCE/tools/sysmlv2/rail_builder/validate_source.py,SUPPORT,repository-git
tools/sysmlv2/rail_builder/validate_sysml.py,Supporting source/data,1485,762a3aec3651d935bd1e301126ba30d952b2b7dde347dca67ff5a025f5e8b6a6,SOURCE/tools/sysmlv2/rail_builder/validate_sysml.py,SUPPORT,repository-git
tools/sysmlv2/run_syside_lsp_check.mjs,Supporting source/data,5798,420b3e3ef9d58e00fc1387793799b5ac13d0e180475072a79d7eeeeea2e29384,SOURCE/tools/sysmlv2/run_syside_lsp_check.mjs,SUPPORT,repository-git
tools/sysmlv2/syson_cdp_capture.mjs,Supporting source/data,4222,402c44272078238800280de69a755879b5cf2fea5f4a8c8edec713a9f6f1b23b,SOURCE/tools/sysmlv2/syson_cdp_capture.mjs,SUPPORT,repository-git
tools/sysmlv2/syson_cdp_export_views.mjs,Supporting source/data,7563,3665adf4ff5d5d8d7992f312a178e9863337204234d5659cd23bbdcd0929c890,SOURCE/tools/sysmlv2/syson_cdp_export_views.mjs,SUPPORT,repository-git
tools/sysmlv2/syson_cdp_inspect_export.mjs,Supporting source/data,2027,df06eb53b4771ac2c986b5594b815fedab34c29f4c5b677c86d08a1e01e88b5e,SOURCE/tools/sysmlv2/syson_cdp_inspect_export.mjs,SUPPORT,repository-git
tools/sysmlv2/syson_create_representations.mjs,Supporting source/data,2968,62420e0542ada4032479af3d42dda58a0d1024dbae464d85315ddeb3198086a7,SOURCE/tools/sysmlv2/syson_create_representations.mjs,SUPPORT,repository-git
tools/sysmlv2/syson_direct_import.mjs,Supporting source/data,2600,a65b9b29245f4941bd6ae3300ecec8a7978c04392e263a844892935c0426a8d6,SOURCE/tools/sysmlv2/syson_direct_import.mjs,SUPPORT,repository-git
tools/sysmlv2/syson_get_representation_descriptions.mjs,Supporting source/data,635,3110bccfd9538ecff2ed7ceb6c5d42fbd13dd35796ec17bb60288cca1d802378,SOURCE/tools/sysmlv2/syson_get_representation_descriptions.mjs,SUPPORT,repository-git
tools/sysmlv2/validate_syson_exports.mjs,Supporting source/data,2351,40e7f372f3833b8894f0d4719af62dcfe7e970bbabf97dd6bea62830ef4b9fde,SOURCE/tools/sysmlv2/validate_syson_exports.mjs,SUPPORT,repository-git
tools/sysmlv2/validate_syson_visualization.mjs,Supporting source/data,12695,40e0a9b7f3a72e2d37812b94010748e1cf828ad2d33a301c5f68f8aff50e93f4,SOURCE/tools/sysmlv2/validate_syson_visualization.mjs,SUPPORT,repository-git
tools/syson-local-2026.9-test/VERIFICATION.md,Supporting source/data,6470,f2aa4beb5e11f4d725017931e8789cf5193e5dbbb18d52ab56b62edf385de066,SOURCE/tools/syson-local-2026.9-test/VERIFICATION.md,SUPPORT,repository-git
tools/syson-local-2026.9-test/compose.yaml,Supporting source/data,1167,2f585775a11e6b05adb123a08a93b4a7747dedaf19bb03875a4517aa4fac3766,SOURCE/tools/syson-local-2026.9-test/compose.yaml,SUPPORT,repository-git
tools/syson-local-2026.9-test/create_true_empty_view.py,Supporting source/data,4868,81b38ac48eea8beeb5f4fcfb8aaedaac35cf01c8e869069db6b7c1bdb4daf2da,SOURCE/tools/syson-local-2026.9-test/create_true_empty_view.py,SUPPORT,repository-git
tools/syson-local-2026.9-test/create_two_smokes.py,Supporting source/data,4143,1f094f1df0728086e73b574a1dd2d1bb2e127de5aa628a1b5b1ef0749ed352ca,SOURCE/tools/syson-local-2026.9-test/create_two_smokes.py,SUPPORT,repository-git
tools/syson-local-2026.9-test/enumerate_live_descriptions.py,Supporting source/data,2531,ae9d6f5d5ca96547afdb2503e2539607385e041946cd6942b7b8302b4a8e343a,SOURCE/tools/syson-local-2026.9-test/enumerate_live_descriptions.py,SUPPORT,repository-git
tools/syson-local-2026.9-test/frontend-index.js,Supporting source/data,4818440,39968f960d2f75a8d71f0ac3e0c5a799f427f780928f173fba41300f7b433acb,SOURCE/tools/syson-local-2026.9-test/frontend-index.js,SUPPORT,repository-git
tools/syson-local-2026.9-test/import_existing_model.py,Supporting source/data,3767,1376429dad580e53553205f0d5fc6c335344dc98d575affce9b19abfeb5d3351,SOURCE/tools/syson-local-2026.9-test/import_existing_model.py,SUPPORT,repository-git
tools/syson-local-2026.9-test/inspect_view_semantics.py,Supporting source/data,3041,9480d47b8f0a364f954bca9167687a272234429b8f6a10750b2e52e94ca28d76,SOURCE/tools/syson-local-2026.9-test/inspect_view_semantics.py,SUPPORT,repository-git
tools/syson-local-2026.9-test/live_description_inventory.json,Supporting source/data,12909,778bc0045e85ad0127e29d0e570657ab524b57da5d55686cb0e866d252da30ca,SOURCE/tools/syson-local-2026.9-test/live_description_inventory.json,SUPPORT,repository-git
tools/syson-local-2026.9-test/probe_descriptions.py,Supporting source/data,1046,19cd923569e1d5f1ac9f622808db3357d69e751c10c49cc7ea61a70e6dec3cd8,SOURCE/tools/syson-local-2026.9-test/probe_descriptions.py,SUPPORT,repository-git
tools/syson-local-2026.9-test/test_project.json,Supporting source/data,866,cff8fc060e52dea900e667618d1108f8c9c17caaa5d3f85a097192b45a171fd5,SOURCE/tools/syson-local-2026.9-test/test_project.json,SUPPORT,repository-git
tools/syson-local-2026.9-test/true_empty_X130.json,Supporting source/data,1393,347201383a4b0520e2aa1ac28b27d02f732b45492da6dc91d76307c5b34e9adb,SOURCE/tools/syson-local-2026.9-test/true_empty_X130.json,SUPPORT,repository-git
tools/syson-local-2026.9-test/two_smokes.json,Supporting source/data,1331,0eef6367af49df7bef9aa52d07e63b0b0afa1c643e49192a57d19a18483b47ad,SOURCE/tools/syson-local-2026.9-test/two_smokes.json,SUPPORT,repository-git
tools/syson-local-2026.9-test/view_semantics.json,Supporting source/data,856,6ff669f6c5915ce6f1e94144a896220716c4bc24c90bf00060c893f24ac7dd9b,SOURCE/tools/syson-local-2026.9-test/view_semantics.json,SUPPORT,repository-git
tools/syson-local/.env.example,Supporting source/data,110,51a3d65c633221d7eb1891e5a146ce61083c58f9c7ddf9836b66a80aa3104fd5,SOURCE/tools/syson-local/.env.example,SUPPORT,repository-git
tools/syson-local/compose-test.yaml,Supporting source/data,858,17224b690ba167c5bd0ba64135142473e5f251b0da32467cc2d7af53d3ec97cf,SOURCE/tools/syson-local/compose-test.yaml,SUPPORT,repository-git
tools/syson-local/compose.yaml,Supporting source/data,866,d773d6e4f626f4a8f0da813a6c02286b85392161f655f132d61ad6d74c9a1e90,SOURCE/tools/syson-local/compose.yaml,SUPPORT,repository-git
tools/syson_automation/README.md,Supporting source/data,2609,f40b476a91d95190a1a3be8b25294ab2b72614755685b55d7f390b10a5fba0b8,SOURCE/tools/syson_automation/README.md,SUPPORT,repository-git
tools/syson_automation/config/syson_local.json,Supporting source/data,209,87f587f8c7e107fc2616d08ceea791c7dbde85ed1e462b45bad8106897ed16cd,SOURCE/tools/syson_automation/config/syson_local.json,SUPPORT,repository-git
tools/syson_automation/config/view_limits.json,Supporting source/data,433,368ebc2ca1ca66f723be975cb6928b5df29542f3c3ff744472dd0098a7ef4266,SOURCE/tools/syson_automation/config/view_limits.json,SUPPORT,repository-git
tools/syson_automation/generated/closures/scope_6289f72770e3_product_closure.json,Supporting source/data,264235,831cda02af6b3d9bdccfdcc5fdec9dd785b40205219168e0927bd992e9cbede6,SOURCE/tools/syson_automation/generated/closures/scope_6289f72770e3_product_closure.json,SUPPORT,repository-git
tools/syson_automation/generated/reports/SYSON_ELEMENT_INDEX_REPORT.md,Supporting source/data,1603,46f13124df21a4b6f7b8ae2b4bceeb9cb4ea1fff51c6e381de3e8f61e5295421,SOURCE/tools/syson_automation/generated/reports/SYSON_ELEMENT_INDEX_REPORT.md,SUPPORT,repository-git
tools/syson_automation/generated/reports/SYSON_GRAPHQL_DISCOVERY.md,Supporting source/data,20261,59feb556e71ec246dcfcaeb7907ed314da0afd4905814f1ec3892161e9fd7afa,SOURCE/tools/syson_automation/generated/reports/SYSON_GRAPHQL_DISCOVERY.md,SUPPORT,repository-git
tools/syson_automation/generated/reports/SYSON_PORT_ENHANCED_ELEMENT_INDEX_REPORT.md,Supporting source/data,1662,1c6425e8c9708d824c1a118542ca674e6f4fe98372d271bcf266be9008404aef,SOURCE/tools/syson_automation/generated/reports/SYSON_PORT_ENHANCED_ELEMENT_INDEX_REPORT.md,SUPPORT,repository-git
tools/syson_automation/generated/reports/SYSON_RESOLVER_BENCHMARK.md,Supporting source/data,4032,4f7d3b3f2e979f72db7d1d3fa9ed6070c633a6d09e5861bce2a05ac3d360ab82,SOURCE/tools/syson_automation/generated/reports/SYSON_RESOLVER_BENCHMARK.md,SUPPORT,repository-git
tools/syson_automation/generated/reports/representation_description_inventory.json,Supporting source/data,7926,9fe21ce398711db659cff62c49e8ae5684891a91a933b2560cf353f078f711f5,SOURCE/tools/syson_automation/generated/reports/representation_description_inventory.json,SUPPORT,repository-git
tools/syson_automation/generated/scopes/scope_428bf5af9a76.json,Supporting source/data,101448,c3744d83b36af0456cca140bb3891ff52c7b6a9776d1ae795b33c4bb831a5fb3,SOURCE/tools/syson_automation/generated/scopes/scope_428bf5af9a76.json,SUPPORT,repository-git
tools/syson_automation/generated/scopes/scope_44d548334a8b.json,Supporting source/data,117372,75f10d3b35725869593a449670c931c76953b60f6528269b08c8e0ac5afce230,SOURCE/tools/syson_automation/generated/scopes/scope_44d548334a8b.json,SUPPORT,repository-git
tools/syson_automation/generated/scopes/scope_6289f72770e3.json,Supporting source/data,6849281,42c131e1dc762ae3243cbcc7b2c518233cfba0354fd842b9018c3c8eb93441d5,SOURCE/tools/syson_automation/generated/scopes/scope_6289f72770e3.json,SUPPORT,repository-git
tools/syson_automation/generated/syson_operations/20260923T161622966929_createRepresentation.json,Supporting source/data,721,f3d79a61fdac0ecb99c3a22cbdf06938777f765d6f78ee0c491b3bea47fddea0,SOURCE/tools/syson_automation/generated/syson_operations/20260923T161622966929_createRepresentation.json,SUPPORT,repository-git
tools/syson_automation/generated/syson_operations/20260923T162104129465_dropNodes.json,Supporting source/data,911,584b753eaf34b4bb063aa2bfa4723586b7b8b906fb4d4196ad34d007e5bb8746,SOURCE/tools/syson_automation/generated/syson_operations/20260923T162104129465_dropNodes.json,SUPPORT,repository-git
tools/syson_automation/generated/syson_operations/20260923T162337409988_dropOnDiagram.json,Supporting source/data,867,5ba879e32f1e7db25ce0f226880d7172320feb68e339ae0f7c757b9bb863caf2,SOURCE/tools/syson_automation/generated/syson_operations/20260923T162337409988_dropOnDiagram.json,SUPPORT,repository-git
tools/syson_automation/generated/syson_operations/20260923T162337633801_arrangeAll.json,Supporting source/data,494,a72bdcf484ece749c0b1db498d77e6cd8640affce1601a0687f554d6045a2414,SOURCE/tools/syson_automation/generated/syson_operations/20260923T162337633801_arrangeAll.json,SUPPORT,repository-git
tools/syson_automation/generated/syson_operations/20260923T162419630859_createRepresentation.json,Supporting source/data,859,d4a24708aad90ed3b8b2dc210d5b5bcda3d6d4a3b1a863e92c0c24b356f9ab42,SOURCE/tools/syson_automation/generated/syson_operations/20260923T162419630859_createRepresentation.json,SUPPORT,repository-git
tools/syson_automation/generated/syson_operations/20260923T162452544393_dropOnDiagram.json,Supporting source/data,1014,c519af3b30c9a733052496d5aad7db72553a6760d141bdb51879f113c855fe36,SOURCE/tools/syson_automation/generated/syson_operations/20260923T162452544393_dropOnDiagram.json,SUPPORT,repository-git
tools/syson_automation/generated/syson_operations/20260923T162452755697_arrangeAll.json,Supporting source/data,494,84e633c11a2360330c9c62a20b4b806c48680e4a98a8aa74aa23c404ba75a9f5,SOURCE/tools/syson_automation/generated/syson_operations/20260923T162452755697_arrangeAll.json,SUPPORT,repository-git
tools/syson_automation/generated/syson_operations/20260923T163117641404_createRepresentation.json,Supporting source/data,970,5a80fea926102fb4c4c8f739012c597cc073cdb9df901bd12d4a1c6a44cce22d,SOURCE/tools/syson_automation/generated/syson_operations/20260923T163117641404_createRepresentation.json,SUPPORT,repository-git
tools/syson_automation/generated/syson_operations/20260923T163120103749_dropOnDiagram.json,Supporting source/data,1259,078c52c62c15fcfc710b05f7f86c2086469cfdbfe174dc20b7c5afa933d601d3,SOURCE/tools/syson_automation/generated/syson_operations/20260923T163120103749_dropOnDiagram.json,SUPPORT,repository-git
tools/syson_automation/generated/syson_operations/20260923T163120526568_arrangeAll.json,Supporting source/data,494,841228dd90cd6cd836a85ab58d5d6523b8f738d5e5fdb30fcea22b807bbc7baf,SOURCE/tools/syson_automation/generated/syson_operations/20260923T163120526568_arrangeAll.json,SUPPORT,repository-git
tools/syson_automation/generated/syson_operations/20260923T163201697112_createRepresentation.json,Supporting source/data,982,ca35f351ca919e4ff9b16f90ff8b6d1c691bfb5242a14f0d7592900823b79c4d,SOURCE/tools/syson_automation/generated/syson_operations/20260923T163201697112_createRepresentation.json,SUPPORT,repository-git
tools/syson_automation/generated/syson_operations/20260923T163203527385_dropOnDiagram.json,Supporting source/data,916,970daea7d73546c9f682886bbc4f858813fc7b42722f36ae63b9e4c4a6607201,SOURCE/tools/syson_automation/generated/syson_operations/20260923T163203527385_dropOnDiagram.json,SUPPORT,repository-git
tools/syson_automation/generated/syson_operations/20260923T163203679758_arrangeAll.json,Supporting source/data,494,3410be2437b4605ee4a6cb3cd0a94fe4175fa5e5c20a1fd409664bf0616af06f,SOURCE/tools/syson_automation/generated/syson_operations/20260923T163203679758_arrangeAll.json,SUPPORT,repository-git
tools/syson_automation/generated/syson_operations/20260923T163601198417_dropOnDiagram.json,Supporting source/data,1016,d6948c465811f49ead0ea7fdb2388268201bfe0634e43c7cbab3f64f3574ebb9,SOURCE/tools/syson_automation/generated/syson_operations/20260923T163601198417_dropOnDiagram.json,SUPPORT,repository-git
tools/syson_automation/generated/syson_operations/20260923T164318029634_arrangeAll.json,Supporting source/data,494,1b58889061b69b624f9583abb721058524a00d937261c1cd3fa279e47744be84,SOURCE/tools/syson_automation/generated/syson_operations/20260923T164318029634_arrangeAll.json,SUPPORT,repository-git
tools/syson_automation/generated/syson_operations/20260923T164335845698_arrangeAll.json,Supporting source/data,494,f331a1b1d97ea3c8bd5865980e3c30169279539466a238fbd22c52303ad3794e,SOURCE/tools/syson_automation/generated/syson_operations/20260923T164335845698_arrangeAll.json,SUPPORT,repository-git
tools/syson_automation/generated/syson_operations/20260923T164336793810_arrangeAll.json,Supporting source/data,494,81dc2b7dfb3ed5a790e7924de23554eaeb551b52accb935b378e5d52fc37b5f2,SOURCE/tools/syson_automation/generated/syson_operations/20260923T164336793810_arrangeAll.json,SUPPORT,repository-git
tools/syson_automation/generated/syson_operations/20260923T164337198577_arrangeAll.json,Supporting source/data,494,1e2c7263a3f3300efcf94a47ca5112cbd4a363811ff1ad850f9863fdb134203b,SOURCE/tools/syson_automation/generated/syson_operations/20260923T164337198577_arrangeAll.json,SUPPORT,repository-git
tools/syson_automation/generated/syson_operations/20260923T164435313982_createRepresentation.json,Supporting source/data,982,dfe26039c28941521e06ff5eacc283c0e8e4272771f7ee21f83461ecd0ed6772,SOURCE/tools/syson_automation/generated/syson_operations/20260923T164435313982_createRepresentation.json,SUPPORT,repository-git
tools/syson_automation/generated/syson_operations/20260923T164437362599_dropOnDiagram.json,Supporting source/data,1161,7c50891056fdbf3f523725beea9b677b5bcb319affafcedec7e82a393ddad5be,SOURCE/tools/syson_automation/generated/syson_operations/20260923T164437362599_dropOnDiagram.json,SUPPORT,repository-git
tools/syson_automation/generated/syson_operations/20260923T164437628282_arrangeAll.json,Supporting source/data,494,a13085822dcb861735172ac17457da4b9a646e1b908d158bfd532f7eeabcf454,SOURCE/tools/syson_automation/generated/syson_operations/20260923T164437628282_arrangeAll.json,SUPPORT,repository-git
tools/syson_automation/generated/syson_operations/20260923T164439435139_createRepresentation.json,Supporting source/data,982,3854e0c11c4a29585caa84f9e0b5b9f596edb1017dd586c4eeca74682009248d,SOURCE/tools/syson_automation/generated/syson_operations/20260923T164439435139_createRepresentation.json,SUPPORT,repository-git
tools/syson_automation/generated/syson_operations/20260923T164442147652_dropOnDiagram.json,Supporting source/data,818,ab417c5f552ff8bd37aebebe37ab7414a42bcea649cf7c5e16e19a391d6c4c3f,SOURCE/tools/syson_automation/generated/syson_operations/20260923T164442147652_dropOnDiagram.json,SUPPORT,repository-git
tools/syson_automation/generated/syson_operations/20260923T164442303772_arrangeAll.json,Supporting source/data,494,59485de43ad90ea245dba9599cd8619e5d18e7e16edaf7e7c5e158b8054b84f0,SOURCE/tools/syson_automation/generated/syson_operations/20260923T164442303772_arrangeAll.json,SUPPORT,repository-git
tools/syson_automation/generated/syson_operations/20260923T164617716606_arrangeAll.json,Supporting source/data,494,6cf2d759bf3ed963e489210563030595f5846f0e034187251e261d26cc32f6cf,SOURCE/tools/syson_automation/generated/syson_operations/20260923T164617716606_arrangeAll.json,SUPPORT,repository-git
tools/syson_automation/generated/syson_operations/20260923T164618532036_arrangeAll.json,Supporting source/data,494,c4e6795620c0b5a8ab6f1245b23107b14023cc43964fa0371aa962328183054a,SOURCE/tools/syson_automation/generated/syson_operations/20260923T164618532036_arrangeAll.json,SUPPORT,repository-git
tools/syson_automation/generated/syson_operations/20260923T164619119798_arrangeAll.json,Supporting source/data,494,5b1c3e0c87932ac1ee8abc4aee64ca9bf971b8377f6a28081cb4a252d060f9b4,SOURCE/tools/syson_automation/generated/syson_operations/20260923T164619119798_arrangeAll.json,SUPPORT,repository-git
tools/syson_automation/generated/syson_operations/20260923T164619426756_arrangeAll.json,Supporting source/data,494,70711c84520f2df858aa3c4cabff504012d0f1574c8db51b41e6e2bb477ac8ac,SOURCE/tools/syson_automation/generated/syson_operations/20260923T164619426756_arrangeAll.json,SUPPORT,repository-git
tools/syson_automation/generated/syson_operations/20260923T164619801446_arrangeAll.json,Supporting source/data,494,eb0b7c559e477cf09ea6b0674670aebf0d4baaff6dc05c2dc678a3813e1586c0,SOURCE/tools/syson_automation/generated/syson_operations/20260923T164619801446_arrangeAll.json,SUPPORT,repository-git
tools/syson_automation/generated/syson_operations/20260923T164845765539_dropOnDiagram.json,Supporting source/data,818,4318127c161157234c7ba3159ae0fb019097d8ee370870768afed3fe98050ef9,SOURCE/tools/syson_automation/generated/syson_operations/20260923T164845765539_dropOnDiagram.json,SUPPORT,repository-git
tools/syson_automation/generated/syson_operations/20260923T164845905650_arrangeAll.json,Supporting source/data,494,7b9b9e0727b2310f314c90371fbadb175d607e6ad4fe17d785c6d60df9c12f9b,SOURCE/tools/syson_automation/generated/syson_operations/20260923T164845905650_arrangeAll.json,SUPPORT,repository-git
tools/syson_automation/generated/syson_operations/20260923T164847424234_dropOnDiagram.json,Supporting source/data,818,9488db2b879614e772705a6c0666ddc38f861c3d3cb49a69a7f83ef1f03d61ba,SOURCE/tools/syson_automation/generated/syson_operations/20260923T164847424234_dropOnDiagram.json,SUPPORT,repository-git
tools/syson_automation/generated/syson_operations/20260923T164847610690_arrangeAll.json,Supporting source/data,494,0f99e72580fe3273d1487cc2dda1b254f760bd8ec89143b0042d394f6bab3044,SOURCE/tools/syson_automation/generated/syson_operations/20260923T164847610690_arrangeAll.json,SUPPORT,repository-git
tools/syson_automation/generated/syson_operations/20260924T014222802985_createRepresentation.json,Supporting source/data,970,0689bb0d4c6402e1ae14b5c8eef1aaa5d1ba3f684dc042f5e62ca66f83b8901b,SOURCE/tools/syson_automation/generated/syson_operations/20260924T014222802985_createRepresentation.json,SUPPORT,repository-git
tools/syson_automation/generated/syson_operations/20260924T014225142204_dropOnDiagram.json,Supporting source/data,867,0093cbcd5ed77bf548e3fe2aa820d4af18f46a851dc45699721d845b190230e1,SOURCE/tools/syson_automation/generated/syson_operations/20260924T014225142204_dropOnDiagram.json,SUPPORT,repository-git
tools/syson_automation/generated/syson_operations/20260924T014241461744_createRepresentation.json,Supporting source/data,982,2c585ea3b91b744dd7542a8da22a0540eff40ee0559e30acc1c2a509f6d631ba,SOURCE/tools/syson_automation/generated/syson_operations/20260924T014241461744_createRepresentation.json,SUPPORT,repository-git
tools/syson_automation/generated/syson_operations/20260924T014243069658_dropOnDiagram.json,Supporting source/data,916,af47a17ae8f56b5390eff8fcbba05af8a96a43e2ce8d3c9aecb121bda7b14fca,SOURCE/tools/syson_automation/generated/syson_operations/20260924T014243069658_dropOnDiagram.json,SUPPORT,repository-git
tools/syson_automation/generated/syson_operations/20260924T014257573080_createRepresentation.json,Supporting source/data,998,43357070d6781e8beaedade80fd946c07c41387d89ba53c7a1e2576b6ff629be,SOURCE/tools/syson_automation/generated/syson_operations/20260924T014257573080_createRepresentation.json,SUPPORT,repository-git
tools/syson_automation/generated/syson_operations/20260924T014258998477_dropOnDiagram.json,Supporting source/data,916,ce282a79903537c8bb7b389cf14c29bdb02ce4a13ce3b5930c10f55bf3febcaf,SOURCE/tools/syson_automation/generated/syson_operations/20260924T014258998477_dropOnDiagram.json,SUPPORT,repository-git
tools/syson_automation/generated/syson_operations/20260924T014346367605_createRepresentation.json,Supporting source/data,992,578df682e7e42baf41f44f6c2360551f58b5963d3b3794ceac21f0f04102c66a,SOURCE/tools/syson_automation/generated/syson_operations/20260924T014346367605_createRepresentation.json,SUPPORT,repository-git
tools/syson_automation/generated/syson_operations/20260924T014348159216_dropOnDiagram.json,Supporting source/data,818,4ecc4f1a70a328f9647f3ce3425abb8118d20e724d1c61bfc88c8b09d2e0ff94,SOURCE/tools/syson_automation/generated/syson_operations/20260924T014348159216_dropOnDiagram.json,SUPPORT,repository-git
tools/syson_automation/generated/syson_operations/20260924T014349569321_dropOnDiagram.json,Supporting source/data,818,2e8623b829fa21aae1c3d0cba1af43d9f402aed9711807079eb56447f8949df1,SOURCE/tools/syson_automation/generated/syson_operations/20260924T014349569321_dropOnDiagram.json,SUPPORT,repository-git
tools/syson_automation/generated/syson_operations/20260924T014350946509_dropOnDiagram.json,Supporting source/data,818,6fbe15e16e660a3f85b4343841164df962bbf875aabb695311b99d52c92e033d,SOURCE/tools/syson_automation/generated/syson_operations/20260924T014350946509_dropOnDiagram.json,SUPPORT,repository-git
tools/syson_automation/generated/syson_operations/20260924T014352382996_dropOnDiagram.json,Supporting source/data,818,ea094c2acf07e234c28d9617691adef29db476e2aa51d7e6d81db35f9f889595,SOURCE/tools/syson_automation/generated/syson_operations/20260924T014352382996_dropOnDiagram.json,SUPPORT,repository-git
tools/syson_automation/generated/syson_operations/20260924T014353941464_dropOnDiagram.json,Supporting source/data,818,f9ecb3ecc5a80c6287e22b1734d45b7415357621906e22a2bfeab991ff5f5049,SOURCE/tools/syson_automation/generated/syson_operations/20260924T014353941464_dropOnDiagram.json,SUPPORT,repository-git
tools/syson_automation/generated/syson_operations/20260924T014424978821_dropOnDiagram.json,Supporting source/data,867,fe6eb08bf9e44f80a1be83ea17c8741138867b5b6a58a46b15c76e3a7de476a9,SOURCE/tools/syson_automation/generated/syson_operations/20260924T014424978821_dropOnDiagram.json,SUPPORT,repository-git
tools/syson_automation/generated/syson_operations/20260924T014532167231_createRepresentation.json,Supporting source/data,996,c3c251756541b657d35d77c55d5bde524eab87cb9e538eb2a552c0b348158640,SOURCE/tools/syson_automation/generated/syson_operations/20260924T014532167231_createRepresentation.json,SUPPORT,repository-git
tools/syson_automation/generated/syson_operations/20260924T014535856488_dropOnDiagram.json,Supporting source/data,1651,3bb93d1caf2262ebf40470893f0df8aeb7b9925b163c3296d51e0ede82aaa905,SOURCE/tools/syson_automation/generated/syson_operations/20260924T014535856488_dropOnDiagram.json,SUPPORT,repository-git
tools/syson_automation/generated/syson_operations/20260924T014536400624_arrangeAll.json,Supporting source/data,494,146a73a1d40ad483a60532902287b7757767f88463488cf286575d9f779ae469,SOURCE/tools/syson_automation/generated/syson_operations/20260924T014536400624_arrangeAll.json,SUPPORT,repository-git
tools/syson_automation/generated/syson_operations/20260924T014602914474_dropOnDiagram.json,Supporting source/data,916,79db9e990170f325a638f197d59482e7baec827ea415d0d82885da7ef2991edd,SOURCE/tools/syson_automation/generated/syson_operations/20260924T014602914474_dropOnDiagram.json,SUPPORT,repository-git
tools/syson_automation/generated/syson_operations/20260924T014621711110_createRepresentation.json,Supporting source/data,1008,4f38b49671fcae313c1dc11d0dbe9f727054910e5d08d7c193c22e7d34339049,SOURCE/tools/syson_automation/generated/syson_operations/20260924T014621711110_createRepresentation.json,SUPPORT,repository-git
tools/syson_automation/generated/syson_operations/20260924T014624757893_dropOnDiagram.json,Supporting source/data,1014,5f4f3f941b7c6ab0bd7f30537dffb4ab44467de952e9cb0801d76d6d8ba18413,SOURCE/tools/syson_automation/generated/syson_operations/20260924T014624757893_dropOnDiagram.json,SUPPORT,repository-git
tools/syson_automation/generated/syson_operations/20260924T015102978521_dropOnDiagram.json,Supporting source/data,1014,0ae4b514811e17c08856b352a67bc0b77fe7aa190a057858730ea7d39312f5f1,SOURCE/tools/syson_automation/generated/syson_operations/20260924T015102978521_dropOnDiagram.json,SUPPORT,repository-git
tools/syson_automation/generated/syson_operations/20260924T015103343591_arrangeAll.json,Supporting source/data,494,9cdef0ffcd8978ce44191c41cd1bb411a38d320ab7f0dba80c868b20debd00be,SOURCE/tools/syson_automation/generated/syson_operations/20260924T015103343591_arrangeAll.json,SUPPORT,repository-git
tools/syson_automation/generated/syson_operations/20260924T015132087379_createRepresentation.json,Supporting source/data,1008,1b7af3741bd456a6be318f9aeb299ccc0aec14b5c907dd547477a0ab9849d96e,SOURCE/tools/syson_automation/generated/syson_operations/20260924T015132087379_createRepresentation.json,SUPPORT,repository-git
tools/syson_automation/generated/syson_operations/20260924T015133828694_dropOnDiagram.json,Supporting source/data,965,859b52729cc74f2fa07b43b10f366b7db753e20dacd71ffbca251c59957064fd,SOURCE/tools/syson_automation/generated/syson_operations/20260924T015133828694_dropOnDiagram.json,SUPPORT,repository-git
tools/syson_automation/generated/syson_operations/20260924T015134163805_arrangeAll.json,Supporting source/data,494,ee71cafa0f1cb37e8c343ae38747cf4cb80c360efede27c94291108f18dd65dd,SOURCE/tools/syson_automation/generated/syson_operations/20260924T015134163805_arrangeAll.json,SUPPORT,repository-git
tools/syson_automation/generated/syson_operations/20260924T020155449456_createRepresentation.json,Supporting source/data,988,607518240292243d9cfb0122f037e3801066092301c4a40757d1410f44db1801,SOURCE/tools/syson_automation/generated/syson_operations/20260924T020155449456_createRepresentation.json,SUPPORT,repository-git
tools/syson_automation/generated/syson_operations/20260924T020156959145_dropOnDiagram.json,Supporting source/data,916,6521c4bb519fda73100d7a5e4859216ae1036f4d67d71fcd3701e8fa3aeee24c,SOURCE/tools/syson_automation/generated/syson_operations/20260924T020156959145_dropOnDiagram.json,SUPPORT,repository-git
tools/syson_automation/generated/syson_operations/20260924T020221432451_dropOnDiagram.json,Supporting source/data,818,c804af77da72c4bc9f528c9d9c0112420b28229a9f9a22bbdeb9efa0c36cb56a,SOURCE/tools/syson_automation/generated/syson_operations/20260924T020221432451_dropOnDiagram.json,SUPPORT,repository-git
tools/syson_automation/generated/syson_operations/20260924T020321118315_createRepresentation.json,Supporting source/data,974,c883581fcd0a623c02da3904472bcc51efe7594d8d4756df905c2b780ef6509c,SOURCE/tools/syson_automation/generated/syson_operations/20260924T020321118315_createRepresentation.json,SUPPORT,repository-git
tools/syson_automation/generated/syson_operations/20260924T020322501208_dropOnDiagram.json,Supporting source/data,818,d731f901804b4fa0f52808dd274d2db83b8f844f686618e8dab563dda340331a,SOURCE/tools/syson_automation/generated/syson_operations/20260924T020322501208_dropOnDiagram.json,SUPPORT,repository-git
tools/syson_automation/generated/syson_operations/20260924T020323928048_dropOnDiagram.json,Supporting source/data,818,7db55ccded0f9a20a1ba763bc2b7fb03682bd834fa13e0ce0d3beb28326f2615,SOURCE/tools/syson_automation/generated/syson_operations/20260924T020323928048_dropOnDiagram.json,SUPPORT,repository-git
tools/syson_automation/generated/syson_operations/20260924T020624890069_createRepresentation.json,Supporting source/data,1010,220ea6977f38829b5a8c517e0de16695bc6caeee377b7a979590f1b80576b08c,SOURCE/tools/syson_automation/generated/syson_operations/20260924T020624890069_createRepresentation.json,SUPPORT,repository-git
tools/syson_automation/generated/syson_operations/20260924T020626514976_dropOnDiagram.json,Supporting source/data,867,0aefb74bf0921a1469ea20821ba17a38333f4d0bbcca638ad52c9aff74530d0e,SOURCE/tools/syson_automation/generated/syson_operations/20260924T020626514976_dropOnDiagram.json,SUPPORT,repository-git
tools/syson_automation/generated/syson_operations/20260924T020652650727_renameRepresentation.json,Supporting source/data,870,01b01787ab1c02bbadd214e287e16cadbbb813be1e6f76636b7319f8220f5dda,SOURCE/tools/syson_automation/generated/syson_operations/20260924T020652650727_renameRepresentation.json,SUPPORT,repository-git
tools/syson_automation/generated/syson_operations/20260924T020714513715_renameRepresentation.json,Supporting source/data,610,6e96473c153988a1cddd83ff2e0923807013a100bf33eb251a8d0a2cbd7594ca,SOURCE/tools/syson_automation/generated/syson_operations/20260924T020714513715_renameRepresentation.json,SUPPORT,repository-git
tools/syson_automation/generated/syson_operations/20260924T020732588029_createRepresentation.json,Supporting source/data,996,f4bff467599b5e5c606c2f7c7eb53d7f261cee7a61618c3016a50163ff1b1eb4,SOURCE/tools/syson_automation/generated/syson_operations/20260924T020732588029_createRepresentation.json,SUPPORT,repository-git
tools/syson_automation/generated/syson_operations/20260924T020735852446_dropOnDiagram.json,Supporting source/data,1651,1eed61a0ed2b0425c598c7d6335bf29bf5e60c0857340dbce79a1081ea0af372,SOURCE/tools/syson_automation/generated/syson_operations/20260924T020735852446_dropOnDiagram.json,SUPPORT,repository-git
tools/syson_automation/generated/syson_operations/20260924T020736354343_arrangeAll.json,Supporting source/data,494,31bcba901677f639cffc4ef4f747602f647f0535b7b91936b41202843213bff3,SOURCE/tools/syson_automation/generated/syson_operations/20260924T020736354343_arrangeAll.json,SUPPORT,repository-git
tools/syson_automation/generated/syson_operations/20260924T021108721670_renameRepresentation.json,Supporting source/data,608,bd2d39df8b60d380b74d83a8c7bbd952e74e090dd818ef71df22b1cfc52afb0c,SOURCE/tools/syson_automation/generated/syson_operations/20260924T021108721670_renameRepresentation.json,SUPPORT,repository-git
tools/syson_automation/generated/syson_operations/20260924T082458782230_createRepresentation.json,Supporting source/data,984,e0d39b93322e84de60c90419e27ec6e37ebaae87f0208527648da1e2ec210b57,SOURCE/tools/syson_automation/generated/syson_operations/20260924T082458782230_createRepresentation.json,SUPPORT,repository-git
tools/syson_automation/generated/syson_operations/20260924T082500939474_dropOnDiagram.json,Supporting source/data,867,ad0577d066a908e445720217cbb88fffe0cde152230377c2f00c72379f8f29bf,SOURCE/tools/syson_automation/generated/syson_operations/20260924T082500939474_dropOnDiagram.json,SUPPORT,repository-git
tools/syson_automation/generated/syson_operations/20260924T082502797263_createRepresentation.json,Supporting source/data,982,7a84a184ee5b7e7bb2c2b39e6bbf54ac2c1d54a1f862c4fedaec5dc345e49df8,SOURCE/tools/syson_automation/generated/syson_operations/20260924T082502797263_createRepresentation.json,SUPPORT,repository-git
tools/syson_automation/generated/syson_operations/20260924T082504792358_dropOnDiagram.json,Supporting source/data,965,e2ec75027810068bfd450ac0bb147eea6790656d3190363c0c3dec2ab40b30e7,SOURCE/tools/syson_automation/generated/syson_operations/20260924T082504792358_dropOnDiagram.json,SUPPORT,repository-git
tools/syson_automation/generated/syson_operations/20260924T082507460934_createRepresentation.json,Supporting source/data,970,1d95943502819c82f0ac35a1e4d29a5aba7e271801739be9db236ac8bcf3b623,SOURCE/tools/syson_automation/generated/syson_operations/20260924T082507460934_createRepresentation.json,SUPPORT,repository-git
tools/syson_automation/generated/syson_operations/20260924T082510230912_dropOnDiagram.json,Supporting source/data,916,bb25c4b9c7e5bffce5cf1004e9a9c42bea4ba7d52308e663ad063c793f90a646,SOURCE/tools/syson_automation/generated/syson_operations/20260924T082510230912_dropOnDiagram.json,SUPPORT,repository-git
tools/syson_automation/generated/syson_operations/20260924T082512851558_createRepresentation.json,Supporting source/data,978,d0c78c2f3af2a1c68ba018c56c97ae93b91f38b5cfd370cd52212ed8f58d0feb,SOURCE/tools/syson_automation/generated/syson_operations/20260924T082512851558_createRepresentation.json,SUPPORT,repository-git
tools/syson_automation/generated/syson_operations/20260924T082515930209_dropOnDiagram.json,Supporting source/data,916,1f1810961374911a5c2a02d7c3c71474d2cf4120d94747e3b033400142c49662,SOURCE/tools/syson_automation/generated/syson_operations/20260924T082515930209_dropOnDiagram.json,SUPPORT,repository-git
tools/syson_automation/generated/syson_operations/20260924T082839099319_createRepresentation.json,Supporting source/data,954,6fb95168482fdc9db3954cb1a45ed311a0cd93a57f9aff831208255aa0908c2f,SOURCE/tools/syson_automation/generated/syson_operations/20260924T082839099319_createRepresentation.json,SUPPORT,repository-git
tools/syson_automation/generated/syson_operations/20260924T082854215717_dropOnDiagram.json,Supporting source/data,1749,ec2e5cc6bf731fc9455ff367e907103054241071a2926a95aca139de40f3bb5b,SOURCE/tools/syson_automation/generated/syson_operations/20260924T082854215717_dropOnDiagram.json,SUPPORT,repository-git
tools/syson_automation/generated/syson_operations/20260924T082903348556_dropOnDiagram.json,Supporting source/data,1700,847fa38e20a7f7be988b09bd95e28927cd9cf5b2770c15227d36f39a5ba76e6f,SOURCE/tools/syson_automation/generated/syson_operations/20260924T082903348556_dropOnDiagram.json,SUPPORT,repository-git
tools/syson_automation/generated/syson_operations/20260924T083039188792_createRepresentation.json,Supporting source/data,954,6d0c985e6579c95f59689641524e6445067f820026e636edf0f55761cd58b78e,SOURCE/tools/syson_automation/generated/syson_operations/20260924T083039188792_createRepresentation.json,SUPPORT,repository-git
tools/syson_automation/generated/syson_operations/20260924T083051796767_dropOnDiagram.json,Supporting source/data,1749,0a3c8ee9ada1b33f72eedacbc2e9cb5e35ef85690988ad0e8de2dc33e045a320,SOURCE/tools/syson_automation/generated/syson_operations/20260924T083051796767_dropOnDiagram.json,SUPPORT,repository-git
tools/syson_automation/generated/syson_operations/20260924T083059877707_dropOnDiagram.json,Supporting source/data,1700,dfa18418b4b26245d832bd5e4c32f5a494ccbfedf764495021f7ba6f44c6a067,SOURCE/tools/syson_automation/generated/syson_operations/20260924T083059877707_dropOnDiagram.json,SUPPORT,repository-git
tools/syson_automation/generated/syson_operations/20260924T083220588820_dropOnDiagram.json,Supporting source/data,769,1f166c4b987e973c2f20e2bf9849711a8f743ae84391e1c0fa21e14273563651,SOURCE/tools/syson_automation/generated/syson_operations/20260924T083220588820_dropOnDiagram.json,SUPPORT,repository-git
tools/syson_automation/generated/syson_operations/20260924T083323057183_createRepresentation.json,Supporting source/data,992,991049e07c73f914d8477bf1af43251dc9e9ec175fe678e7e36bcee45ba94441,SOURCE/tools/syson_automation/generated/syson_operations/20260924T083323057183_createRepresentation.json,SUPPORT,repository-git
tools/syson_automation/generated/syson_operations/20260924T083332950349_dropOnDiagram.json,Supporting source/data,818,889c93026672bf001a656402638255941cba123383e2024891094e57df8ec978,SOURCE/tools/syson_automation/generated/syson_operations/20260924T083332950349_dropOnDiagram.json,SUPPORT,repository-git
tools/syson_automation/generated/syson_operations/20260924T083410335203_createRepresentation.json,Supporting source/data,984,d16f6292ef4180ee835d4a2b77fe5524ea74dd5d88b7047cf7fe1ba532464f9a,SOURCE/tools/syson_automation/generated/syson_operations/20260924T083410335203_createRepresentation.json,SUPPORT,repository-git
tools/syson_automation/generated/syson_operations/20260924T083420308704_dropOnDiagram.json,Supporting source/data,818,5d4f65fbd32c6dcb66069baa908d355a5222f77cb466141c51fafb542829974d,SOURCE/tools/syson_automation/generated/syson_operations/20260924T083420308704_dropOnDiagram.json,SUPPORT,repository-git
tools/syson_automation/generated/syson_operations/20260924T083430619420_dropOnDiagram.json,Supporting source/data,818,63302c1b7f97e754738413342aac854159fcb2181cb94d874549158c42820e18,SOURCE/tools/syson_automation/generated/syson_operations/20260924T083430619420_dropOnDiagram.json,SUPPORT,repository-git
tools/syson_automation/generated/syson_operations/20260924T083515673863_createRepresentation.json,Supporting source/data,954,c627d011ea36e932017fc7ccb05b14527aea325e58a49d58d5b20c719fca91de,SOURCE/tools/syson_automation/generated/syson_operations/20260924T083515673863_createRepresentation.json,SUPPORT,repository-git
tools/syson_automation/generated/syson_operations/20260924T083525597972_dropOnDiagram.json,Supporting source/data,818,19152e938856dc1f4f450df452cb60f25cb601545783016296bd4b55393a15a1,SOURCE/tools/syson_automation/generated/syson_operations/20260924T083525597972_dropOnDiagram.json,SUPPORT,repository-git
tools/syson_automation/generated/syson_operations/20260924T083536107080_dropOnDiagram.json,Supporting source/data,818,ff6515cfc2183907c027a1cbd997d1b87e73e3199728b6b882ec16682d4010b7,SOURCE/tools/syson_automation/generated/syson_operations/20260924T083536107080_dropOnDiagram.json,SUPPORT,repository-git
tools/syson_automation/generated/syson_operations/20260924T083542363326_dropOnDiagram.json,Supporting source/data,818,fd4077083cff5e5e59ec0fdec206649c1d7c0d92e76bdcf479ae7ca8279ce971,SOURCE/tools/syson_automation/generated/syson_operations/20260924T083542363326_dropOnDiagram.json,SUPPORT,repository-git
tools/syson_automation/generated/syson_operations/20260924T083549080711_dropOnDiagram.json,Supporting source/data,818,ce3e0ed22385ab04c0c5589cb5e5ed77ef1411cac69b7c23bbd4a4fe05285758,SOURCE/tools/syson_automation/generated/syson_operations/20260924T083549080711_dropOnDiagram.json,SUPPORT,repository-git
tools/syson_automation/generated/syson_operations/20260924T083555988864_dropOnDiagram.json,Supporting source/data,818,e8d87bac09e30062a5398d92eca51beb745214b89f553f749f8c56a3f23f220c,SOURCE/tools/syson_automation/generated/syson_operations/20260924T083555988864_dropOnDiagram.json,SUPPORT,repository-git
tools/syson_automation/generated/syson_operations/20260924T083617937512_dropOnDiagram.json,Supporting source/data,818,86be7635a0a29a6d0851d973582b247efd4df7ed7506ba2473912a42a17ab128,SOURCE/tools/syson_automation/generated/syson_operations/20260924T083617937512_dropOnDiagram.json,SUPPORT,repository-git
tools/syson_automation/generated/syson_operations/20260924T083619749983_dropOnDiagram.json,Supporting source/data,818,5aebacfc7a45172250a7d85bfcf3572c29bc8835e41ab084b0f225b517e173a2,SOURCE/tools/syson_automation/generated/syson_operations/20260924T083619749983_dropOnDiagram.json,SUPPORT,repository-git
tools/syson_automation/generated/syson_operations/20260924T083621626753_dropOnDiagram.json,Supporting source/data,818,78c895fd1fe685f5bdde6adfc30ce65fbc5dcc33e416e7e663d24407df31e078,SOURCE/tools/syson_automation/generated/syson_operations/20260924T083621626753_dropOnDiagram.json,SUPPORT,repository-git
tools/syson_automation/generated/syson_operations/20260924T083627594098_dropOnDiagram.json,Supporting source/data,818,d7a34d85745f478e97b96296799c2ba6c941492a4d350b1be6a21902a9329e4c,SOURCE/tools/syson_automation/generated/syson_operations/20260924T083627594098_dropOnDiagram.json,SUPPORT,repository-git
tools/syson_automation/generated/syson_operations/20260924T083631853676_dropOnDiagram.json,Supporting source/data,818,25f6e0c2d645cf0337c361cf47e6901560d37106d075fb10d6eee32df5be2b04,SOURCE/tools/syson_automation/generated/syson_operations/20260924T083631853676_dropOnDiagram.json,SUPPORT,repository-git
tools/syson_automation/generated/syson_operations/20260924T083721452766_createRepresentation.json,Supporting source/data,956,c091c27e081c07352799f0834f7454d38b3e3d4963b64377bf54ac3397fcfd18,SOURCE/tools/syson_automation/generated/syson_operations/20260924T083721452766_createRepresentation.json,SUPPORT,repository-git
tools/syson_automation/generated/syson_operations/20260924T083837770471_dropOnDiagram.json,Supporting source/data,1602,1c0a17e5c2357d6e778fd27e84dfbab56823d7338d86bf26549c4ea5c3808f5c,SOURCE/tools/syson_automation/generated/syson_operations/20260924T083837770471_dropOnDiagram.json,SUPPORT,repository-git
tools/syson_automation/generated/syson_operations/20260924T083854425079_createRepresentation.json,Supporting source/data,956,f92f422d8e437a0abe5e404695bb4cc98a9cd0220029602d895b827915b22517,SOURCE/tools/syson_automation/generated/syson_operations/20260924T083854425079_createRepresentation.json,SUPPORT,repository-git
tools/syson_automation/generated/syson_operations/20260924T084004696448_dropOnDiagram.json,Supporting source/data,1749,4f2d4a3de592f92d18b623607b864757b6f043dabcf0d63b4e639a8392242e10,SOURCE/tools/syson_automation/generated/syson_operations/20260924T084004696448_dropOnDiagram.json,SUPPORT,repository-git
tools/syson_automation/generated/syson_operations/20260924T084013209480_dropOnDiagram.json,Supporting source/data,916,1d2e0d4eb79a32934ac1666b70b892ee75f13e9d20ceb52de82ac6bcd4355c26,SOURCE/tools/syson_automation/generated/syson_operations/20260924T084013209480_dropOnDiagram.json,SUPPORT,repository-git
tools/syson_automation/generated/syson_operations/20260924T084021146300_createRepresentation.json,Supporting source/data,956,d69d2423d773f7bce3eeda0cf8b62a2d4d6b81f9f86e950d386635aeb719c7b0,SOURCE/tools/syson_automation/generated/syson_operations/20260924T084021146300_createRepresentation.json,SUPPORT,repository-git
tools/syson_automation/generated/syson_operations/20260924T084039857026_dropOnDiagram.json,Supporting source/data,1749,9522ab5ec3b025f41559838707b898a6cd12fec1d7d09003a8b61f8a49b1d7de,SOURCE/tools/syson_automation/generated/syson_operations/20260924T084039857026_dropOnDiagram.json,SUPPORT,repository-git
tools/syson_automation/generated/syson_operations/20260924T084049001337_dropOnDiagram.json,Supporting source/data,1357,e2b292769e666119143d05d0ab88faff90e755da8d74befb65b50edcfc6698cc,SOURCE/tools/syson_automation/generated/syson_operations/20260924T084049001337_dropOnDiagram.json,SUPPORT,repository-git
tools/syson_automation/generated/syson_operations/20260924T084057226469_createRepresentation.json,Supporting source/data,956,26302708a385b1ae96c84410e0a31d24760c862ff47d2120c22367fc5aee64bc,SOURCE/tools/syson_automation/generated/syson_operations/20260924T084057226469_createRepresentation.json,SUPPORT,repository-git
tools/syson_automation/generated/syson_operations/20260924T084122718412_dropOnDiagram.json,Supporting source/data,1749,daf0855c0278fba4fa2f356cbed949e7ebb173aec8ca53ba3e312c6eb29b3fbd,SOURCE/tools/syson_automation/generated/syson_operations/20260924T084122718412_dropOnDiagram.json,SUPPORT,repository-git
tools/syson_automation/generated/syson_operations/20260924T084131329477_dropOnDiagram.json,Supporting source/data,1406,10efc22be861b54d561eaaee9ab4b770f3d6ac8dda4bbf22db8f2e426dd0d67a,SOURCE/tools/syson_automation/generated/syson_operations/20260924T084131329477_dropOnDiagram.json,SUPPORT,repository-git
tools/syson_automation/generated/syson_operations/20260924T084140532844_createRepresentation.json,Supporting source/data,956,a785f6da00969299ffe5e15406bbfa7f681a9b16a7be71764ecdfbcf566d7597,SOURCE/tools/syson_automation/generated/syson_operations/20260924T084140532844_createRepresentation.json,SUPPORT,repository-git
tools/syson_automation/generated/syson_operations/20260924T084212713670_dropOnDiagram.json,Supporting source/data,1749,476ccf971ebdd1ffb77aa54671e9e7a647f6b7e7562ae60491be2a340d964101,SOURCE/tools/syson_automation/generated/syson_operations/20260924T084212713670_dropOnDiagram.json,SUPPORT,repository-git
tools/syson_automation/generated/syson_operations/20260924T084217988192_dropOnDiagram.json,Supporting source/data,1749,4eb53beab16b3a7eac8690a830b27d739a2165f3463f2d998f9f9e9ff3e4e8e3,SOURCE/tools/syson_automation/generated/syson_operations/20260924T084217988192_dropOnDiagram.json,SUPPORT,repository-git
tools/syson_automation/generated/syson_operations/20260924T084231677695_dropOnDiagram.json,Supporting source/data,1749,23368716e9186607f907b16dbdc0b7d833a66a61c140709825bded2b40631d3c,SOURCE/tools/syson_automation/generated/syson_operations/20260924T084231677695_dropOnDiagram.json,SUPPORT,repository-git
tools/syson_automation/generated/syson_operations/20260924T084246184951_dropOnDiagram.json,Supporting source/data,1749,933cbce58af5a5455c5dabc6171ee88cd82123923524d7519501b75de40f4870,SOURCE/tools/syson_automation/generated/syson_operations/20260924T084246184951_dropOnDiagram.json,SUPPORT,repository-git
tools/syson_automation/generated/syson_operations/20260924T084303215857_dropOnDiagram.json,Supporting source/data,1749,2ff073789d5f145d9525afb5825f05fb4b7ce7ffd9862bab0cd19a394ecd388e,SOURCE/tools/syson_automation/generated/syson_operations/20260924T084303215857_dropOnDiagram.json,SUPPORT,repository-git
tools/syson_automation/generated/syson_operations/20260924T084309810425_createRepresentation.json,Supporting source/data,956,37b48d52bc20d529984fd4a7bef1a959c118938b54473e786cf644a620ee323d,SOURCE/tools/syson_automation/generated/syson_operations/20260924T084309810425_createRepresentation.json,SUPPORT,repository-git
tools/syson_automation/generated/syson_operations/20260924T084318251594_dropOnDiagram.json,Supporting source/data,1259,42bb25ce851771aa05fc857e51cf65084e70759dfa87a6bedba396758ab00536,SOURCE/tools/syson_automation/generated/syson_operations/20260924T084318251594_dropOnDiagram.json,SUPPORT,repository-git
tools/syson_automation/generated/syson_operations/20260924T084321698681_createRepresentation.json,Supporting source/data,956,5a86d14fedd2d8a10316f3d956ffc534ab0c27f35002f68c0bd15871f797731a,SOURCE/tools/syson_automation/generated/syson_operations/20260924T084321698681_createRepresentation.json,SUPPORT,repository-git
tools/syson_automation/generated/syson_operations/20260924T084330099018_dropOnDiagram.json,Supporting source/data,1063,e98bed87847f973ca23f2bfc2c3f4f6a077683daa7b74c5a959d4e92996c1942,SOURCE/tools/syson_automation/generated/syson_operations/20260924T084330099018_dropOnDiagram.json,SUPPORT,repository-git
tools/syson_automation/generated/syson_operations/20260924T084626757028_dropOnDiagram.json,Supporting source/data,1749,966abb7f13959b45c9177140ee1fd973ca5695f84853bb426fd30282840f8785,SOURCE/tools/syson_automation/generated/syson_operations/20260924T084626757028_dropOnDiagram.json,SUPPORT,repository-git
tools/syson_automation/generated/syson_operations/20260924T084636656707_dropOnDiagram.json,Supporting source/data,1112,32277f56718fd8b1ba45c0a3658544aa1a72196551cae070009a7b239388f795,SOURCE/tools/syson_automation/generated/syson_operations/20260924T084636656707_dropOnDiagram.json,SUPPORT,repository-git
tools/syson_automation/generated/syson_operations/20260924T084656097382_createRepresentation.json,Supporting source/data,956,c0f3124e9535683dbd7446dbf9774433c1810a3c927f402c06b437ed62c6c83b,SOURCE/tools/syson_automation/generated/syson_operations/20260924T084656097382_createRepresentation.json,SUPPORT,repository-git
tools/syson_automation/generated/syson_operations/20260924T084704398430_dropOnDiagram.json,Supporting source/data,1455,abdd7b151b7afb379c88a99ab3ce44e39c8fb1d92446492537c326e3372fcc37,SOURCE/tools/syson_automation/generated/syson_operations/20260924T084704398430_dropOnDiagram.json,SUPPORT,repository-git
tools/syson_automation/generated/syson_operations/20260924T084712155910_createRepresentation.json,Supporting source/data,956,7940061305d4bcfc666013713694ee0b24d6bab029f7971a2f7c69b4d0c66d6e,SOURCE/tools/syson_automation/generated/syson_operations/20260924T084712155910_createRepresentation.json,SUPPORT,repository-git
tools/syson_automation/generated/syson_operations/20260924T084719729553_dropOnDiagram.json,Supporting source/data,1112,19efbaf8b9bf9bf73f6484bd44bc1bdf0e095306fe24a4b31010c63e2e5e7136,SOURCE/tools/syson_automation/generated/syson_operations/20260924T084719729553_dropOnDiagram.json,SUPPORT,repository-git
tools/syson_automation/generated/syson_operations/20260924T084727488251_createRepresentation.json,Supporting source/data,956,f0515a37a3774c2b986edf8a19dae60c9e36b1ba71aeff2180a95ca22aaf0d53,SOURCE/tools/syson_automation/generated/syson_operations/20260924T084727488251_createRepresentation.json,SUPPORT,repository-git
tools/syson_automation/generated/syson_operations/20260924T084735368416_dropOnDiagram.json,Supporting source/data,1259,2c3f408c2bec49247bd2613a9cbc240dc3f9958349a18520c66b4c285db4d845,SOURCE/tools/syson_automation/generated/syson_operations/20260924T084735368416_dropOnDiagram.json,SUPPORT,repository-git
tools/syson_automation/generated/syson_operations/20260924T084742931801_createRepresentation.json,Supporting source/data,956,7ed1fc93d699e2f0d2e9b25f20ec1bc26db3767daddf212ef7952ee71490c1e5,SOURCE/tools/syson_automation/generated/syson_operations/20260924T084742931801_createRepresentation.json,SUPPORT,repository-git
tools/syson_automation/generated/syson_operations/20260924T084750723228_dropOnDiagram.json,Supporting source/data,965,76601bb9aa2773d558abe7d7cbc55404ab2be4d43a9a3167fb4a832eabf61ca7,SOURCE/tools/syson_automation/generated/syson_operations/20260924T084750723228_dropOnDiagram.json,SUPPORT,repository-git
tools/syson_automation/generated/syson_operations/20260924T084757800865_createRepresentation.json,Supporting source/data,956,254eb60685809ceeacc280e7848fcf80de4c208b8e74b64823be88417d44df40,SOURCE/tools/syson_automation/generated/syson_operations/20260924T084757800865_createRepresentation.json,SUPPORT,repository-git
tools/syson_automation/generated/syson_operations/20260924T084805572827_dropOnDiagram.json,Supporting source/data,1259,8dcb7b8f895f5c82eea1b5dc9aafef787786265ee22e0412d4403753f1ac5919,SOURCE/tools/syson_automation/generated/syson_operations/20260924T084805572827_dropOnDiagram.json,SUPPORT,repository-git
tools/syson_automation/generated/syson_operations/20260924T084813230555_createRepresentation.json,Supporting source/data,956,01914b13a1d1f502995b3fbc36b6c385f3493c2e852cdee7b0f27ad1153fbf71,SOURCE/tools/syson_automation/generated/syson_operations/20260924T084813230555_createRepresentation.json,SUPPORT,repository-git
tools/syson_automation/generated/syson_operations/20260924T084822004553_dropOnDiagram.json,Supporting source/data,1749,4b12468274420b6716e5b4e22fc05183e763a43301494c37919f0e0fca39726a,SOURCE/tools/syson_automation/generated/syson_operations/20260924T084822004553_dropOnDiagram.json,SUPPORT,repository-git
tools/syson_automation/generated/syson_operations/20260924T084832968205_dropOnDiagram.json,Supporting source/data,1406,25cf9cbbf181b7494f6f550f3db7a367d7ab592641253e2b3e81de7da6cf5fca,SOURCE/tools/syson_automation/generated/syson_operations/20260924T084832968205_dropOnDiagram.json,SUPPORT,repository-git
tools/syson_automation/generated/syson_operations/20260924T084841688361_createRepresentation.json,Supporting source/data,956,6a2f885d0e8aa115ec33ae24dc9407582ab5ec6a2c29669906ecdd503e210395,SOURCE/tools/syson_automation/generated/syson_operations/20260924T084841688361_createRepresentation.json,SUPPORT,repository-git
tools/syson_automation/generated/syson_operations/20260924T084849559842_dropOnDiagram.json,Supporting source/data,916,17a75c6b175e609cb3ab06d33b3b418e2190d342cc56442c07149c9da1e317f1,SOURCE/tools/syson_automation/generated/syson_operations/20260924T084849559842_dropOnDiagram.json,SUPPORT,repository-git
tools/syson_automation/generated/syson_operations/20260924T084856736005_createRepresentation.json,Supporting source/data,956,c42eb7bbd9865d20f062a4644eed888a2dc9729bed24d3d3453675d2272dc26b,SOURCE/tools/syson_automation/generated/syson_operations/20260924T084856736005_createRepresentation.json,SUPPORT,repository-git
tools/syson_automation/generated/syson_operations/20260924T084904851209_dropOnDiagram.json,Supporting source/data,1406,99d6e245b676acb55a9c2a3c29a1d97a1c51ff02a1864b8df34462a9f11616db,SOURCE/tools/syson_automation/generated/syson_operations/20260924T084904851209_dropOnDiagram.json,SUPPORT,repository-git
tools/syson_automation/generated/syson_operations/20260924T084912305499_createRepresentation.json,Supporting source/data,956,d18f4a3209f2e8af337dec6c5c18ef27b6aeee45748a1fbe1321d08339a217e0,SOURCE/tools/syson_automation/generated/syson_operations/20260924T084912305499_createRepresentation.json,SUPPORT,repository-git
tools/syson_automation/generated/syson_operations/20260924T084920757589_dropOnDiagram.json,Supporting source/data,1749,d4c0324d05b48d6c576a81cedf5aad1474ccecc2e949e355500ea95e5a8528a0,SOURCE/tools/syson_automation/generated/syson_operations/20260924T084920757589_dropOnDiagram.json,SUPPORT,repository-git
tools/syson_automation/generated/syson_operations/20260924T084931730951_dropOnDiagram.json,Supporting source/data,1700,83e1566d7e02a879235211007eef1d073745bcc1622ff7b112c1bbc64f50c378,SOURCE/tools/syson_automation/generated/syson_operations/20260924T084931730951_dropOnDiagram.json,SUPPORT,repository-git
tools/syson_automation/generated/syson_operations/20260924T084941208171_createRepresentation.json,Supporting source/data,956,40abb05abb680798fe1c4acd4fa38a2c0474d4f93f96f413a8efe7324da8b035,SOURCE/tools/syson_automation/generated/syson_operations/20260924T084941208171_createRepresentation.json,SUPPORT,repository-git
tools/syson_automation/generated/syson_operations/20260924T084949176124_dropOnDiagram.json,Supporting source/data,1700,bc0049b734543ef3a1c8d6c434fbd72703c96d39035526a4e8bbbb88271b6259,SOURCE/tools/syson_automation/generated/syson_operations/20260924T084949176124_dropOnDiagram.json,SUPPORT,repository-git
tools/syson_automation/generated/syson_operations/20260924T084957460061_createRepresentation.json,Supporting source/data,956,a1c82c5a67040e97a8faed78a9591580d20c615bbb64e75da317e3af26a3eac2,SOURCE/tools/syson_automation/generated/syson_operations/20260924T084957460061_createRepresentation.json,SUPPORT,repository-git
tools/syson_automation/generated/syson_operations/20260924T085005247179_dropOnDiagram.json,Supporting source/data,1063,cdecd74c80faf9d24f7feb26cf7f2b589921132b5d657599f80353ecc9a6bcfb,SOURCE/tools/syson_automation/generated/syson_operations/20260924T085005247179_dropOnDiagram.json,SUPPORT,repository-git
tools/syson_automation/generated/syson_operations/20260924T085013275521_createRepresentation.json,Supporting source/data,956,ff42f5c837821d7d5ecc2d471310e51305a44c2e6030cf4a6837ad263fff3925,SOURCE/tools/syson_automation/generated/syson_operations/20260924T085013275521_createRepresentation.json,SUPPORT,repository-git
tools/syson_automation/generated/syson_operations/20260924T085022318520_dropOnDiagram.json,Supporting source/data,1749,295eb72e8dfab4eda66b14db208328e45d62fd43ac90a24a319a621b8b2c9683,SOURCE/tools/syson_automation/generated/syson_operations/20260924T085022318520_dropOnDiagram.json,SUPPORT,repository-git
tools/syson_automation/generated/syson_operations/20260924T085032992344_dropOnDiagram.json,Supporting source/data,1406,88f9df4723ee5d5039692698e9262b35f1198dd9a0a2899686e1da301496b27e,SOURCE/tools/syson_automation/generated/syson_operations/20260924T085032992344_dropOnDiagram.json,SUPPORT,repository-git
tools/syson_automation/generated/syson_operations/20260924T085041832609_createRepresentation.json,Supporting source/data,956,735c02632444de68653be335e948981ce60bf061d1ed962d5f201f7bf12c0237,SOURCE/tools/syson_automation/generated/syson_operations/20260924T085041832609_createRepresentation.json,SUPPORT,repository-git
tools/syson_automation/generated/syson_operations/20260924T085048991093_createRepresentation.json,Supporting source/data,992,0f6b5cb1d7437433ac809f8795639bded30b487fec0343db4f79cd35e46e80f3,SOURCE/tools/syson_automation/generated/syson_operations/20260924T085048991093_createRepresentation.json,SUPPORT,repository-git
tools/syson_automation/generated/syson_operations/20260924T085058022008_dropOnDiagram.json,Supporting source/data,1749,644d8c81674bd95896f263f039bdb9d46c633727c425db0282db521c6435a10c,SOURCE/tools/syson_automation/generated/syson_operations/20260924T085058022008_dropOnDiagram.json,SUPPORT,repository-git
tools/syson_automation/generated/syson_operations/20260924T085104147088_createRepresentation.json,Supporting source/data,984,381ab7339d4b248000ced8c7e1b363abd23a3341cab5f73e111eeb9f6b679473,SOURCE/tools/syson_automation/generated/syson_operations/20260924T085104147088_createRepresentation.json,SUPPORT,repository-git
tools/syson_automation/generated/syson_operations/20260924T085112834096_dropOnDiagram.json,Supporting source/data,1749,09ae83a6b426cbc5f60a7d2473c15d5d14ef1897fa7099959ef78503b5776f29,SOURCE/tools/syson_automation/generated/syson_operations/20260924T085112834096_dropOnDiagram.json,SUPPORT,repository-git
tools/syson_automation/generated/syson_operations/20260924T085125702108_dropOnDiagram.json,Supporting source/data,1749,8ec4541326138b41df9180ff73d4b73d6fe65c9a0c500ccc528c1f987d53f94f,SOURCE/tools/syson_automation/generated/syson_operations/20260924T085125702108_dropOnDiagram.json,SUPPORT,repository-git
tools/syson_automation/generated/syson_operations/20260924T085134270198_dropOnDiagram.json,Supporting source/data,818,8f55e9c9b0e76fb66bdbd333eef161a2aa5bd610c1e9d218aea483d245f7c226,SOURCE/tools/syson_automation/generated/syson_operations/20260924T085134270198_dropOnDiagram.json,SUPPORT,repository-git
tools/syson_automation/generated/syson_operations/20260924T085146014351_dropOnDiagram.json,Supporting source/data,1749,03889efc2b3b753a446712dad95df5cba6f934cccf1c2bb0b0fbb58670faed47,SOURCE/tools/syson_automation/generated/syson_operations/20260924T085146014351_dropOnDiagram.json,SUPPORT,repository-git
tools/syson_automation/generated/syson_operations/20260924T085203069948_dropOnDiagram.json,Supporting source/data,1749,7e909c2e580dbbed186d4670050bc939e20bc7b1d72011b8e9ccc2056d90450d,SOURCE/tools/syson_automation/generated/syson_operations/20260924T085203069948_dropOnDiagram.json,SUPPORT,repository-git
tools/syson_automation/generated/syson_operations/20260924T085220050371_dropOnDiagram.json,Supporting source/data,916,7576cd180de2a62b0e91ec78b155fd4f6661c69022fd3a9c0590303d2bb37503,SOURCE/tools/syson_automation/generated/syson_operations/20260924T085220050371_dropOnDiagram.json,SUPPORT,repository-git
tools/syson_automation/generated/syson_operations/20260924T085221191597_dropOnDiagram.json,Supporting source/data,769,75c2daf3642da3eb6f554373a05de466fb05d88299579b040afa8410613afe32,SOURCE/tools/syson_automation/generated/syson_operations/20260924T085221191597_dropOnDiagram.json,SUPPORT,repository-git
tools/syson_automation/generated/syson_operations/20260924T085231796846_createRepresentation.json,Supporting source/data,956,f47fbecaf6dad580d1b4a93d4759e44fea9b9f7565e3d6ec26d4a3bc7a81e32f,SOURCE/tools/syson_automation/generated/syson_operations/20260924T085231796846_createRepresentation.json,SUPPORT,repository-git
tools/syson_automation/generated/syson_operations/20260924T085239806056_dropOnDiagram.json,Supporting source/data,1357,5d17d28c9570bbbfb4062e3c5319a85aa2ce69627df4f1901f63ba57ad1a630c,SOURCE/tools/syson_automation/generated/syson_operations/20260924T085239806056_dropOnDiagram.json,SUPPORT,repository-git
tools/syson_automation/generated/syson_operations/20260924T085247710499_createRepresentation.json,Supporting source/data,956,bb1eeb59dbc7a3cc5f21a8611837feef33d356e789044fae4b6b1b9bed3ed0f1,SOURCE/tools/syson_automation/generated/syson_operations/20260924T085247710499_createRepresentation.json,SUPPORT,repository-git
tools/syson_automation/generated/syson_operations/20260924T085256156564_dropOnDiagram.json,Supporting source/data,1749,53a2c55ea55588cbcf552d22eebee8c506983bc79814ba4cf3485868a3d9c0a3,SOURCE/tools/syson_automation/generated/syson_operations/20260924T085256156564_dropOnDiagram.json,SUPPORT,repository-git
tools/syson_automation/generated/syson_operations/20260924T085306204159_dropOnDiagram.json,Supporting source/data,1210,1eee9b5b1f6bcec8aa99a49b26f9e9661859d14641bbc96e3954479c00865daf,SOURCE/tools/syson_automation/generated/syson_operations/20260924T085306204159_dropOnDiagram.json,SUPPORT,repository-git
tools/syson_automation/generated/syson_operations/20260924T085420380405_dropOnDiagram.json,Supporting source/data,771,403fa291abb04b8cd890f8cf138e48fbf1a6f8799c00e061f397322374420754,SOURCE/tools/syson_automation/generated/syson_operations/20260924T085420380405_dropOnDiagram.json,SUPPORT,repository-git
tools/syson_automation/generated/syson_operations/20260924T085511851327_arrangeAll.json,Supporting source/data,494,3b203156e08c4fc067c268421e5ca61c75a6acbfd60d85217ca00078f194e274,SOURCE/tools/syson_automation/generated/syson_operations/20260924T085511851327_arrangeAll.json,SUPPORT,repository-git
tools/syson_automation/generated/syson_operations/20260924T085527892247_dropOnDiagram.json,Supporting source/data,771,acf31fb71148de51521ee9be04290ccd798b1a7ed8bca410f68c580494718a1c,SOURCE/tools/syson_automation/generated/syson_operations/20260924T085527892247_dropOnDiagram.json,SUPPORT,repository-git
tools/syson_automation/generated/syson_operations/20260924T085604390251_createRepresentation.json,Supporting source/data,956,ec7fb089d3b9ecb30f241a800a7e0aaa285cb1aa01f574b2a7fe26751e26448a,SOURCE/tools/syson_automation/generated/syson_operations/20260924T085604390251_createRepresentation.json,SUPPORT,repository-git
tools/syson_automation/generated/syson_operations/20260924T085611668694_dropOnDiagram.json,Supporting source/data,1210,68107f4c50e03741dcb27806ae9c7d40ff4bd57d1c0d75c6a6998c90ef683c74,SOURCE/tools/syson_automation/generated/syson_operations/20260924T085611668694_dropOnDiagram.json,SUPPORT,repository-git
tools/syson_automation/generated/syson_operations/20260924T085619845028_createRepresentation.json,Supporting source/data,956,e2e4f36a7fec9da6c813fdc5c1b52737aa95de5f12eab93c59d62c61ba5fa071,SOURCE/tools/syson_automation/generated/syson_operations/20260924T085619845028_createRepresentation.json,SUPPORT,repository-git
tools/syson_automation/generated/syson_operations/20260924T085627590385_dropOnDiagram.json,Supporting source/data,1259,32d44f192c20756c2c50ee45953e89cfd9d8e2a6f2d560e144177be134d21f81,SOURCE/tools/syson_automation/generated/syson_operations/20260924T085627590385_dropOnDiagram.json,SUPPORT,repository-git
tools/syson_automation/generated/syson_operations/20260924T085635292928_createRepresentation.json,Supporting source/data,956,e249b84cfddb8548f679bd1d114924a890ae362bfba06abfc86994b9b229a4ac,SOURCE/tools/syson_automation/generated/syson_operations/20260924T085635292928_createRepresentation.json,SUPPORT,repository-git
tools/syson_automation/generated/syson_operations/20260924T085643170706_dropOnDiagram.json,Supporting source/data,1112,13716ac9691cdc020ae1c7b21b96836b6518e5aee457e80603e31eaaf0070362,SOURCE/tools/syson_automation/generated/syson_operations/20260924T085643170706_dropOnDiagram.json,SUPPORT,repository-git
tools/syson_automation/generated/syson_operations/20260924T085651656278_createRepresentation.json,Supporting source/data,956,13da9117e1415926c90cc4bcf8284574e3b51a740db9ffeab65fa6a8079ce52f,SOURCE/tools/syson_automation/generated/syson_operations/20260924T085651656278_createRepresentation.json,SUPPORT,repository-git
tools/syson_automation/generated/syson_operations/20260924T085659645375_dropOnDiagram.json,Supporting source/data,1210,034207cf8ced006171a39ed73916bd1e507e9fc8d0c3616a69480448ec092cbb,SOURCE/tools/syson_automation/generated/syson_operations/20260924T085659645375_dropOnDiagram.json,SUPPORT,repository-git
tools/syson_automation/generated/syson_operations/20260924T085706305670_createRepresentation.json,Supporting source/data,994,0fcda32e8b51ac01ef15941f1c52a9cf98827a38b9038efd3c082acabcab3e5d,SOURCE/tools/syson_automation/generated/syson_operations/20260924T085706305670_createRepresentation.json,SUPPORT,repository-git
tools/syson_automation/generated/syson_operations/20260924T085712944074_createRepresentation.json,Supporting source/data,956,40cad74e5f6f6a656245529ab0c6e86bd73a1afb7f8abbab35350e34e8549180,SOURCE/tools/syson_automation/generated/syson_operations/20260924T085712944074_createRepresentation.json,SUPPORT,repository-git
tools/syson_automation/generated/syson_operations/20260924T085721866687_dropOnDiagram.json,Supporting source/data,1749,67937c6eb992b81587e23c0838f1036003e37788459c870d0dd3eab09aca2824,SOURCE/tools/syson_automation/generated/syson_operations/20260924T085721866687_dropOnDiagram.json,SUPPORT,repository-git
tools/syson_automation/generated/syson_operations/20260924T085730305528_dropOnDiagram.json,Supporting source/data,1504,f2807b603de163b4f54820636ff1f4e437e275c305565d959ba129b46c6ed7f8,SOURCE/tools/syson_automation/generated/syson_operations/20260924T085730305528_dropOnDiagram.json,SUPPORT,repository-git
tools/syson_automation/generated/syson_operations/20260924T085744380211_dropOnDiagram.json,Supporting source/data,1752,610f6d671e29d588620d17e49dab7a7b1c2636f701cf27edbf54bd6ac5950f65,SOURCE/tools/syson_automation/generated/syson_operations/20260924T085744380211_dropOnDiagram.json,SUPPORT,repository-git
tools/syson_automation/generated/syson_operations/20260924T085750931781_createRepresentation.json,Supporting source/data,956,07ee7c9991a2dcdd03c4bbae2b140a9eb22adc6a9aab5ae1da9c7e1c2bb620a2,SOURCE/tools/syson_automation/generated/syson_operations/20260924T085750931781_createRepresentation.json,SUPPORT,repository-git
tools/syson_automation/generated/syson_operations/20260924T085802529273_dropOnDiagram.json,Supporting source/data,1751,a83e00569786dfbac3981b9f28f6b7c463692ab7d0d72b88ce4281ee4292efda,SOURCE/tools/syson_automation/generated/syson_operations/20260924T085802529273_dropOnDiagram.json,SUPPORT,repository-git
tools/syson_automation/generated/syson_operations/20260924T085810585764_dropOnDiagram.json,Supporting source/data,1063,5901fbce72bbaa0c0285c75093c120ded3b4f352999fe2f5c7f9377379a53407,SOURCE/tools/syson_automation/generated/syson_operations/20260924T085810585764_dropOnDiagram.json,SUPPORT,repository-git
tools/syson_automation/generated/syson_operations/20260924T085829648497_dropOnDiagram.json,Supporting source/data,1753,04e519118f9421eb60f7cdd1b94806b9711946ff04ae46dd3238ac4646e7b496,SOURCE/tools/syson_automation/generated/syson_operations/20260924T085829648497_dropOnDiagram.json,SUPPORT,repository-git
tools/syson_automation/generated/syson_operations/20260924T085836039697_createRepresentation.json,Supporting source/data,956,b0bc15d75c16c13d27a517ac6e046eb776510acce79f79b3898fd78d06fe378b,SOURCE/tools/syson_automation/generated/syson_operations/20260924T085836039697_createRepresentation.json,SUPPORT,repository-git
tools/syson_automation/generated/syson_operations/20260924T085852108572_dropOnDiagram.json,Supporting source/data,1751,f6e30836d0af0724ae173bf631902943f732e0972bd37e01d611a242810ffc98,SOURCE/tools/syson_automation/generated/syson_operations/20260924T085852108572_dropOnDiagram.json,SUPPORT,repository-git
tools/syson_automation/generated/syson_operations/20260924T085917260165_dropOnDiagram.json,Supporting source/data,1753,aa544cfdebe88e46cfb565eb62582699cc8b1ce8d1596d94cf363a2126ea17e1,SOURCE/tools/syson_automation/generated/syson_operations/20260924T085917260165_dropOnDiagram.json,SUPPORT,repository-git
tools/syson_automation/generated/syson_operations/20260924T085945470177_dropOnDiagram.json,Supporting source/data,1751,8b5df3c889cd8ed964c919615450af9f3694af162b3925f1a23c988ffbfbe1d8,SOURCE/tools/syson_automation/generated/syson_operations/20260924T085945470177_dropOnDiagram.json,SUPPORT,repository-git
tools/syson_automation/generated/syson_operations/20260924T090017880567_dropOnDiagram.json,Supporting source/data,1753,9bfd84e30cac18e6010e9e5cbfc81a890134268956d239cfa1387381419862a5,SOURCE/tools/syson_automation/generated/syson_operations/20260924T090017880567_dropOnDiagram.json,SUPPORT,repository-git
tools/syson_automation/generated/syson_operations/20260924T090052827622_dropOnDiagram.json,Supporting source/data,1751,0738d8b0c766818eccc9c72e9a95decdf329fcd732418ffdd481d307cf537415,SOURCE/tools/syson_automation/generated/syson_operations/20260924T090052827622_dropOnDiagram.json,SUPPORT,repository-git
tools/syson_automation/generated/syson_operations/20260924T090132750445_dropOnDiagram.json,Supporting source/data,1753,52fb7341cbc2fbb3ad8c4524b8ffd38fd0b90b7df3609426d6dfd55c176e4744,SOURCE/tools/syson_automation/generated/syson_operations/20260924T090132750445_dropOnDiagram.json,SUPPORT,repository-git
tools/syson_automation/generated/syson_operations/20260924T090217531247_dropOnDiagram.json,Supporting source/data,1751,670ff0e355850cc43c17b0d0ddff7d62ae130e1d2299f249c2a2edb599192349,SOURCE/tools/syson_automation/generated/syson_operations/20260924T090217531247_dropOnDiagram.json,SUPPORT,repository-git
tools/syson_automation/generated/syson_operations/20260924T090225890147_dropOnDiagram.json,Supporting source/data,1308,528d2a7404892f2781b5908a05b92fe82eb1ca3a032882e103929865057c9763,SOURCE/tools/syson_automation/generated/syson_operations/20260924T090225890147_dropOnDiagram.json,SUPPORT,repository-git
tools/syson_automation/generated/syson_operations/20260924T090233849168_createRepresentation.json,Supporting source/data,956,28fdc540448b1ecc15e668b1ba600074275d5c9c10ccdd9b5309f738f432792a,SOURCE/tools/syson_automation/generated/syson_operations/20260924T090233849168_createRepresentation.json,SUPPORT,repository-git
tools/syson_automation/generated/syson_operations/20260924T090241066994_dropOnDiagram.json,Supporting source/data,818,bab7867dd6b2ef91b1d301e037cbfc53ef6d8bd8dcd5c0a26da2d876945392d0,SOURCE/tools/syson_automation/generated/syson_operations/20260924T090241066994_dropOnDiagram.json,SUPPORT,repository-git
tools/syson_automation/generated/syson_operations/20260924T090310457888_dropOnDiagram.json,Supporting source/data,1753,b5c37eed2825f43f35efff82a983d7ebc8fca795ecfb2e267bdff964477a74fb,SOURCE/tools/syson_automation/generated/syson_operations/20260924T090310457888_dropOnDiagram.json,SUPPORT,repository-git
tools/syson_automation/generated/syson_operations/20260924T090317059039_createRepresentation.json,Supporting source/data,956,31a35c3126fa019f27ba6b52925cd88695f856b5029ec15f8fdef7312f69e7ec,SOURCE/tools/syson_automation/generated/syson_operations/20260924T090317059039_createRepresentation.json,SUPPORT,repository-git
tools/syson_automation/generated/syson_operations/20260924T090325322235_dropOnDiagram.json,Supporting source/data,1553,66325797ff6ae70741a86529ff089562e01696d0f1d1679c0b2df159801dcb9d,SOURCE/tools/syson_automation/generated/syson_operations/20260924T090325322235_dropOnDiagram.json,SUPPORT,repository-git
tools/syson_automation/generated/syson_operations/20260924T090334081298_createRepresentation.json,Supporting source/data,956,1b5bb3f39b832509fd4464daa062f1367411ea6b2d3619609e1e262aab8f89ad,SOURCE/tools/syson_automation/generated/syson_operations/20260924T090334081298_createRepresentation.json,SUPPORT,repository-git
tools/syson_automation/generated/syson_operations/20260924T090343217688_dropOnDiagram.json,Supporting source/data,1749,886b45c530fb91b7fcac551aa027bf3753d1b768c9c8d2f2c55d88a97de592f8,SOURCE/tools/syson_automation/generated/syson_operations/20260924T090343217688_dropOnDiagram.json,SUPPORT,repository-git
tools/syson_automation/generated/syson_operations/20260924T090441275261_dropOnDiagram.json,Supporting source/data,1751,330a2a3f9b14379ae2e9d2e1a3f7fb36827aec32b14a5bfde2f22c7e378e19a4,SOURCE/tools/syson_automation/generated/syson_operations/20260924T090441275261_dropOnDiagram.json,SUPPORT,repository-git
tools/syson_automation/generated/syson_operations/20260924T090452696089_dropOnDiagram.json,Supporting source/data,1752,b4ffb76fc37eea071334118c85daae07f37123f0317b5a572e560985742aecbd,SOURCE/tools/syson_automation/generated/syson_operations/20260924T090452696089_dropOnDiagram.json,SUPPORT,repository-git
tools/syson_automation/generated/syson_operations/20260924T090558350695_dropOnDiagram.json,Supporting source/data,1753,7967bdf89c443fd45c23cbfd873eb2e1f93f8807334f50689423a9bf74824a10,SOURCE/tools/syson_automation/generated/syson_operations/20260924T090558350695_dropOnDiagram.json,SUPPORT,repository-git
tools/syson_automation/generated/syson_operations/20260924T090605078991_createRepresentation.json,Supporting source/data,956,443bb90b7e2c9853517cca61c3ef7c50cb319151d2cb9956557ce7f4a4114d36,SOURCE/tools/syson_automation/generated/syson_operations/20260924T090605078991_createRepresentation.json,SUPPORT,repository-git
tools/syson_automation/generated/syson_operations/20260924T090613381151_dropOnDiagram.json,Supporting source/data,1063,fdad497bfa11f7ab2081867d51a198a3974ecc95422993544a47aca25aa51377,SOURCE/tools/syson_automation/generated/syson_operations/20260924T090613381151_dropOnDiagram.json,SUPPORT,repository-git
tools/syson_automation/generated/syson_operations/20260924T090621433663_createRepresentation.json,Supporting source/data,956,f18f3afd52acd8a2a3132249404e90b3a20e4a7ecd28d79260a1e43e5ea662dd,SOURCE/tools/syson_automation/generated/syson_operations/20260924T090621433663_createRepresentation.json,SUPPORT,repository-git
tools/syson_automation/generated/syson_operations/20260924T090628429352_createRepresentation.json,Supporting source/data,990,9035f87c2fe90229c4d6c7ce3000bd5ab83b188d033a6403dc89063f4e3cc0ad,SOURCE/tools/syson_automation/generated/syson_operations/20260924T090628429352_createRepresentation.json,SUPPORT,repository-git
tools/syson_automation/generated/syson_operations/20260924T090636174667_dropOnDiagram.json,Supporting source/data,1014,d32997b900cd7f0d67de73917479c05475c3e78e068989a8493ca57ecc7dfa23,SOURCE/tools/syson_automation/generated/syson_operations/20260924T090636174667_dropOnDiagram.json,SUPPORT,repository-git
tools/syson_automation/generated/syson_operations/20260924T090646419528_dropOnDiagram.json,Supporting source/data,1161,a3a2d9d67e86087af8c0a3fd29f089cf036fb28f6342bc8f85f5acb64401e509,SOURCE/tools/syson_automation/generated/syson_operations/20260924T090646419528_dropOnDiagram.json,SUPPORT,repository-git
tools/syson_automation/generated/syson_operations/20260924T090653266175_createRepresentation.json,Supporting source/data,956,60218f2e94911f60c90b50efb5e758ef011d24c82ceeb37eb5feb5ab228ce2cd,SOURCE/tools/syson_automation/generated/syson_operations/20260924T090653266175_createRepresentation.json,SUPPORT,repository-git
tools/syson_automation/generated/syson_operations/20260924T090701677945_dropOnDiagram.json,Supporting source/data,1553,ac81a691344aad0ac2edb38aca16420a0c4aff34bdf5b13eb7262bcfd0edc7eb,SOURCE/tools/syson_automation/generated/syson_operations/20260924T090701677945_dropOnDiagram.json,SUPPORT,repository-git
tools/syson_automation/generated/syson_operations/20260924T090710265794_createRepresentation.json,Supporting source/data,956,065a74ed11223a8708ddedcda784e6c512c8394833b5a7eb4171a58f38e9198f,SOURCE/tools/syson_automation/generated/syson_operations/20260924T090710265794_createRepresentation.json,SUPPORT,repository-git
tools/syson_automation/generated/syson_operations/20260924T090719347244_dropOnDiagram.json,Supporting source/data,1749,7878827bcfae63a7270e149e39e0272f838c893d797e529e3ccd62f67fc93b68,SOURCE/tools/syson_automation/generated/syson_operations/20260924T090719347244_dropOnDiagram.json,SUPPORT,repository-git
tools/syson_automation/generated/syson_operations/20260924T090728677070_createRepresentation.json,Supporting source/data,956,d7d39aaf69f9c47eb22f3ff3c9c6377347d83f5187095d6437e67fcff87e4b7b,SOURCE/tools/syson_automation/generated/syson_operations/20260924T090728677070_createRepresentation.json,SUPPORT,repository-git
tools/syson_automation/generated/syson_operations/20260924T090737011937_dropOnDiagram.json,Supporting source/data,1161,f9d687eee2cd8bd832e8a93469d56fcebbea61140bbb2ee07aecc63723fc131e,SOURCE/tools/syson_automation/generated/syson_operations/20260924T090737011937_dropOnDiagram.json,SUPPORT,repository-git
tools/syson_automation/generated/syson_operations/20260924T090745719469_createRepresentation.json,Supporting source/data,956,635129327b334077d60afb568aa8fabffc2f2622a010e65c6428c33313fec67e,SOURCE/tools/syson_automation/generated/syson_operations/20260924T090745719469_createRepresentation.json,SUPPORT,repository-git
tools/syson_automation/generated/syson_operations/20260924T090754683236_dropOnDiagram.json,Supporting source/data,1749,4b82c46239efec220f84607a805b2583b099a1509c7d3ae11c0f5c202f83dcc2,SOURCE/tools/syson_automation/generated/syson_operations/20260924T090754683236_dropOnDiagram.json,SUPPORT,repository-git
tools/syson_automation/generated/syson_operations/20260924T090803767058_createRepresentation.json,Supporting source/data,956,f4c4275b2d2a526ac2c3b3a45e4272e9593d50f91a1a90355630ae6e5e650e62,SOURCE/tools/syson_automation/generated/syson_operations/20260924T090803767058_createRepresentation.json,SUPPORT,repository-git
tools/syson_automation/generated/syson_operations/20260924T090813032345_dropOnDiagram.json,Supporting source/data,1749,4b3a7fd48f3658ec316ada7237f34565cae4a565331193f26c2af9cbe3ebd704,SOURCE/tools/syson_automation/generated/syson_operations/20260924T090813032345_dropOnDiagram.json,SUPPORT,repository-git
tools/syson_automation/generated/syson_operations/20260924T090821928200_createRepresentation.json,Supporting source/data,956,5fd4ddce07edcb199671506c1059ed3f2a2077fb23c53be0f1a071a36e46d9ca,SOURCE/tools/syson_automation/generated/syson_operations/20260924T090821928200_createRepresentation.json,SUPPORT,repository-git
tools/syson_automation/generated/syson_operations/20260924T090831189532_dropOnDiagram.json,Supporting source/data,1749,718162fc6d6af1f1f56e150298e92e03a2a623d0b4ac4a1db234f899cc8cf575,SOURCE/tools/syson_automation/generated/syson_operations/20260924T090831189532_dropOnDiagram.json,SUPPORT,repository-git
tools/syson_automation/generated/syson_operations/20260924T090839979158_createRepresentation.json,Supporting source/data,956,a6506c1b021e710ce670c3f1b95036add731b8d2e437ba9d6ff91d0a73eb86a6,SOURCE/tools/syson_automation/generated/syson_operations/20260924T090839979158_createRepresentation.json,SUPPORT,repository-git
tools/syson_automation/generated/syson_operations/20260924T090847542391_dropOnDiagram.json,Supporting source/data,818,f37d8d4012bacda40551f75182d3c2e4261ed3f9352e698fa6799cfb4054028a,SOURCE/tools/syson_automation/generated/syson_operations/20260924T090847542391_dropOnDiagram.json,SUPPORT,repository-git
tools/syson_automation/generated/syson_operations/20260924T090926900452_dropOnDiagram.json,Supporting source/data,1749,1c8fd72096a21238d4f7de010150608529d86e154fa7cf73c683846fa3730502,SOURCE/tools/syson_automation/generated/syson_operations/20260924T090926900452_dropOnDiagram.json,SUPPORT,repository-git
tools/syson_automation/generated/syson_operations/20260924T091040845328_dropOnDiagram.json,Supporting source/data,1750,c790e0bbdb5d6e9faa57617d78e5b57ebd8f12d02435945bce0e540a00b84307,SOURCE/tools/syson_automation/generated/syson_operations/20260924T091040845328_dropOnDiagram.json,SUPPORT,repository-git
tools/syson_automation/generated/syson_operations/20260924T091047738003_createRepresentation.json,Supporting source/data,956,c143dc6147715def7e56a14632704bd1cc8ab4c3b9d37348fe4573d83a5f9cd6,SOURCE/tools/syson_automation/generated/syson_operations/20260924T091047738003_createRepresentation.json,SUPPORT,repository-git
tools/syson_automation/generated/syson_operations/20260924T091208922498_dropOnDiagram.json,Supporting source/data,1555,cede07a1badcf53cd628c091bc27ca47e1707a042f1ff58bb46e3672d1cd201b,SOURCE/tools/syson_automation/generated/syson_operations/20260924T091208922498_dropOnDiagram.json,SUPPORT,repository-git
tools/syson_automation/generated/syson_operations/20260924T091216396408_dropOnDiagram.json,Supporting source/data,818,ac98c781ed6bb9cf85a44f31423d1dca92de031b78a8050dc66ddb83ac68cdee,SOURCE/tools/syson_automation/generated/syson_operations/20260924T091216396408_dropOnDiagram.json,SUPPORT,repository-git
tools/syson_automation/generated/syson_operations/20260924T091224129060_createRepresentation.json,Supporting source/data,956,c8ca8205106f5093adea89f2e4dbf42a364dd7ead735ec34f6ee6e8ad3a5cbe4,SOURCE/tools/syson_automation/generated/syson_operations/20260924T091224129060_createRepresentation.json,SUPPORT,repository-git
tools/syson_automation/generated/syson_operations/20260924T091231068831_dropOnDiagram.json,Supporting source/data,819,6e5469bd2ed152bd19cf83444ea6950866191651bf1bdbf0460f7cf010bc0188,SOURCE/tools/syson_automation/generated/syson_operations/20260924T091231068831_dropOnDiagram.json,SUPPORT,repository-git
tools/syson_automation/generated/syson_operations/20260924T091239098127_dropOnDiagram.json,Supporting source/data,965,1a96990776dc12230c382f53c89d7b3fabf19c0582c08a2c199cd83dd0aaaf04,SOURCE/tools/syson_automation/generated/syson_operations/20260924T091239098127_dropOnDiagram.json,SUPPORT,repository-git
tools/syson_automation/generated/syson_operations/20260924T091247053613_dropOnDiagram.json,Supporting source/data,820,35cb6110ab42a54756b281aa95d7603416b140ef1dd99fb05d830c6a348e18bc,SOURCE/tools/syson_automation/generated/syson_operations/20260924T091247053613_dropOnDiagram.json,SUPPORT,repository-git
tools/syson_automation/generated/syson_operations/20260924T091253685998_createRepresentation.json,Supporting source/data,956,e73c09a5eb29dac1288439cf196cd933c17fa3d9a22f3af9032d1c2e9b7ce87a,SOURCE/tools/syson_automation/generated/syson_operations/20260924T091253685998_createRepresentation.json,SUPPORT,repository-git
tools/syson_automation/generated/syson_operations/20260924T091301436190_dropOnDiagram.json,Supporting source/data,820,e9ff8573d994292f54233b264c7304d5adcfe66de59f7d686ca3b7d5f0e1f293,SOURCE/tools/syson_automation/generated/syson_operations/20260924T091301436190_dropOnDiagram.json,SUPPORT,repository-git
tools/syson_automation/generated/syson_operations/20260924T091310771089_dropOnDiagram.json,Supporting source/data,1749,18d68f84d82ab13449604b0ecfffe73a04a6118da4c0d5675cccc239568fcc51,SOURCE/tools/syson_automation/generated/syson_operations/20260924T091310771089_dropOnDiagram.json,SUPPORT,repository-git
tools/syson_automation/generated/syson_operations/20260924T091321824578_dropOnDiagram.json,Supporting source/data,1752,b0cad155afbe06aae837f1b90a118eb0279d66b2ecf8d222edb0327f0b80a7a6,SOURCE/tools/syson_automation/generated/syson_operations/20260924T091321824578_dropOnDiagram.json,SUPPORT,repository-git
tools/syson_automation/generated/syson_operations/20260924T091331761592_createRepresentation.json,Supporting source/data,956,d2ad2fef6266b53978deb77095943242ab45ee232968809455295a0d61390e7b,SOURCE/tools/syson_automation/generated/syson_operations/20260924T091331761592_createRepresentation.json,SUPPORT,repository-git
tools/syson_automation/generated/syson_operations/20260924T091341203708_dropOnDiagram.json,Supporting source/data,1749,9893f6118485bd4948d89ff63237f1fbae55c96a3a420b00cadb9e3e666c8598,SOURCE/tools/syson_automation/generated/syson_operations/20260924T091341203708_dropOnDiagram.json,SUPPORT,repository-git
tools/syson_automation/generated/syson_operations/20260924T091349045573_createRepresentation.json,Supporting source/data,954,1906f05ac613bb9c2fc57f2cce872834d0eb65eb8c56e4518902b380251a1b75,SOURCE/tools/syson_automation/generated/syson_operations/20260924T091349045573_createRepresentation.json,SUPPORT,repository-git
tools/syson_automation/generated/syson_operations/20260924T091356125998_dropOnDiagram.json,Supporting source/data,870,3a650c5e8ab2f7daa656c3ab9cfec05fde317c8f2c09cca61c1d4085428d2acf,SOURCE/tools/syson_automation/generated/syson_operations/20260924T091356125998_dropOnDiagram.json,SUPPORT,repository-git
tools/syson_automation/generated/syson_operations/20260924T091633999180_createRepresentation.json,Supporting source/data,956,95c1a184165eedc77427776434ec3ed9a1cd99f65f79b7fcb0b3aeb93bbce756,SOURCE/tools/syson_automation/generated/syson_operations/20260924T091633999180_createRepresentation.json,SUPPORT,repository-git
tools/syson_automation/generated/syson_operations/20260924T091642364007_dropOnDiagram.json,Supporting source/data,1602,66dd1081df863e366c3900e80cce50054054d0a2421587a5e9cce10863dc8beb,SOURCE/tools/syson_automation/generated/syson_operations/20260924T091642364007_dropOnDiagram.json,SUPPORT,repository-git
tools/syson_automation/generated/syson_operations/20260924T091650469405_createRepresentation.json,Supporting source/data,956,5c81360c2af9e572c44733acfbef00c08242196d6a1fba8b9282b44389a74458,SOURCE/tools/syson_automation/generated/syson_operations/20260924T091650469405_createRepresentation.json,SUPPORT,repository-git
tools/syson_automation/generated/syson_operations/20260924T091659218165_dropOnDiagram.json,Supporting source/data,1700,a9d215a9d3435bc9296a0988d2829719d06bde369fc76028dbf7f801ddc291a6,SOURCE/tools/syson_automation/generated/syson_operations/20260924T091659218165_dropOnDiagram.json,SUPPORT,repository-git
tools/syson_automation/generated/syson_operations/20260924T091707483641_createRepresentation.json,Supporting source/data,956,002cdf46e8531673b367ff873a3febf9186bf2c0159e658ec15176bce82a5a64,SOURCE/tools/syson_automation/generated/syson_operations/20260924T091707483641_createRepresentation.json,SUPPORT,repository-git
tools/syson_automation/generated/syson_operations/20260924T091716545841_dropOnDiagram.json,Supporting source/data,1749,714dcfbf79a0fbfa94f2cd9a0d0e4f0674a188aecf137caf4966755b7a4a8f6b,SOURCE/tools/syson_automation/generated/syson_operations/20260924T091716545841_dropOnDiagram.json,SUPPORT,repository-git
tools/syson_automation/generated/syson_operations/20260924T091727732875_dropOnDiagram.json,Supporting source/data,1750,68e4c03b24409c9c2957ded42f106c686535fc575e8636da1d88c0a493ae1aa4,SOURCE/tools/syson_automation/generated/syson_operations/20260924T091727732875_dropOnDiagram.json,SUPPORT,repository-git
tools/syson_automation/generated/syson_operations/20260924T091817738162_dropOnDiagram.json,Supporting source/data,1751,64a077815bd623125302a30cc2f2cbb94c8eeb94ac3f620d7dbcbc203e045164,SOURCE/tools/syson_automation/generated/syson_operations/20260924T091817738162_dropOnDiagram.json,SUPPORT,repository-git
tools/syson_automation/generated/syson_operations/20260924T091832751357_dropOnDiagram.json,Supporting source/data,1751,fa42229b6aaa99b32ac2778e919abdd923a8b733b156cea0fdebee53bf3319ec,SOURCE/tools/syson_automation/generated/syson_operations/20260924T091832751357_dropOnDiagram.json,SUPPORT,repository-git
tools/syson_automation/generated/syson_operations/20260924T091849195419_dropOnDiagram.json,Supporting source/data,1751,0df4b6892126ab21db659b44f555e422c33fdef65e5ef71cb84b3974f3289315,SOURCE/tools/syson_automation/generated/syson_operations/20260924T091849195419_dropOnDiagram.json,SUPPORT,repository-git
tools/syson_automation/generated/syson_operations/20260924T091905725299_dropOnDiagram.json,Supporting source/data,1750,532f36011ee08014a840de7aeab676cedd86c3295b1e70cba8362d4af9ab2711,SOURCE/tools/syson_automation/generated/syson_operations/20260924T091905725299_dropOnDiagram.json,SUPPORT,repository-git
tools/syson_automation/generated/syson_operations/20260924T091924881072_dropOnDiagram.json,Supporting source/data,1751,ac4f3a2165e901529b954d663fb0579e740d9476cbfeb488574881abc5f84cde,SOURCE/tools/syson_automation/generated/syson_operations/20260924T091924881072_dropOnDiagram.json,SUPPORT,repository-git
tools/syson_automation/generated/syson_operations/20260924T091944804930_dropOnDiagram.json,Supporting source/data,1507,2968e616ccc7af6a2191dad39ed2aefb192da55a33d35260077a866cb5752fc1,SOURCE/tools/syson_automation/generated/syson_operations/20260924T091944804930_dropOnDiagram.json,SUPPORT,repository-git
tools/syson_automation/generated/syson_operations/20260924T091958754183_createRepresentation.json,Supporting source/data,956,9086f2f3b3745bf1d7e51760e321d26bc8a64bc00b4d9c24acc59af7bcd39208,SOURCE/tools/syson_automation/generated/syson_operations/20260924T091958754183_createRepresentation.json,SUPPORT,repository-git
tools/syson_automation/generated/syson_operations/20260924T092007282839_dropOnDiagram.json,Supporting source/data,1749,85b95b7137aac42d407541430ddcd14b5ac1085236b17eea859c0c105252b581,SOURCE/tools/syson_automation/generated/syson_operations/20260924T092007282839_dropOnDiagram.json,SUPPORT,repository-git
tools/syson_automation/generated/syson_operations/20260924T092017666572_dropOnDiagram.json,Supporting source/data,919,39abdad5d80471d7e28d7ee0bb4ea14c530120f821967b487f35ab888bbf6d71,SOURCE/tools/syson_automation/generated/syson_operations/20260924T092017666572_dropOnDiagram.json,SUPPORT,repository-git
tools/syson_automation/generated/syson_operations/20260924T092026810921_createRepresentation.json,Supporting source/data,956,2b5c450da1bd8d2a6b1f79c7e344eb864bc3d511dc49e131dc6563708519d7f4,SOURCE/tools/syson_automation/generated/syson_operations/20260924T092026810921_createRepresentation.json,SUPPORT,repository-git
tools/syson_automation/generated/syson_operations/20260924T092035783502_dropOnDiagram.json,Supporting source/data,1749,833058cf1c46f8045718799c24c410b46bbe7033ec83784006a9d663cb5a70d7,SOURCE/tools/syson_automation/generated/syson_operations/20260924T092035783502_dropOnDiagram.json,SUPPORT,repository-git
tools/syson_automation/generated/syson_operations/20260924T092045538675_dropOnDiagram.json,Supporting source/data,1017,3cea0ca950e5fc6471244e2b2a54fd934e2faf2b21310cc9a56903964396bae7,SOURCE/tools/syson_automation/generated/syson_operations/20260924T092045538675_dropOnDiagram.json,SUPPORT,repository-git
tools/syson_automation/generated/syson_operations/20260924T092054228382_createRepresentation.json,Supporting source/data,956,58df987dd06511ab1a7af4be0e2d4d82802ddc3ceb9dfd9b53918701f04fa553,SOURCE/tools/syson_automation/generated/syson_operations/20260924T092054228382_createRepresentation.json,SUPPORT,repository-git
tools/syson_automation/generated/syson_operations/20260924T092102352115_dropOnDiagram.json,Supporting source/data,1210,fca0efb68e235c31f0b10cda65962384a9bb9ec219104a503846ec2b944d2d3f,SOURCE/tools/syson_automation/generated/syson_operations/20260924T092102352115_dropOnDiagram.json,SUPPORT,repository-git
tools/syson_automation/generated/syson_operations/20260924T092110474100_createRepresentation.json,Supporting source/data,956,93ee7fbdcb7b8ed9eeb920ade773f5367edccf04d779c3c5d035761f71b28f1f,SOURCE/tools/syson_automation/generated/syson_operations/20260924T092110474100_createRepresentation.json,SUPPORT,repository-git
tools/syson_automation/generated/syson_operations/20260924T092118316053_dropOnDiagram.json,Supporting source/data,965,05a777dd10c51bf31e5980828a44f0e03ed33ab484b1599b875e7fcf07d02e46,SOURCE/tools/syson_automation/generated/syson_operations/20260924T092118316053_dropOnDiagram.json,SUPPORT,repository-git
tools/syson_automation/generated/syson_operations/20260924T092126028992_createRepresentation.json,Supporting source/data,956,913b613f24cb5a5bd3c05c826d8f05915949295435377ca1d084d7e8108f89c2,SOURCE/tools/syson_automation/generated/syson_operations/20260924T092126028992_createRepresentation.json,SUPPORT,repository-git
tools/syson_automation/generated/syson_operations/20260924T092133543114_dropOnDiagram.json,Supporting source/data,867,cadb036c26f4404882ec5acc6a14bc45b6d4250f177725b520e2816acfbbbcd6,SOURCE/tools/syson_automation/generated/syson_operations/20260924T092133543114_dropOnDiagram.json,SUPPORT,repository-git
tools/syson_automation/generated/syson_operations/20260924T092141198652_createRepresentation.json,Supporting source/data,956,ab8fb507cd046968808157c87f58808f14007d972a9ef5b345f1065e3df297e9,SOURCE/tools/syson_automation/generated/syson_operations/20260924T092141198652_createRepresentation.json,SUPPORT,repository-git
tools/syson_automation/generated/syson_operations/20260924T092149946432_dropOnDiagram.json,Supporting source/data,1749,c08f5bc09846d8edb3cf9c93cc2419c4a3134fab04002559149ab8005ef54f90,SOURCE/tools/syson_automation/generated/syson_operations/20260924T092149946432_dropOnDiagram.json,SUPPORT,repository-git
tools/syson_automation/generated/syson_operations/20260924T092200467364_dropOnDiagram.json,Supporting source/data,1017,dc2697788817adf64350de9c9bef79481326798b130e829703cdf2cdda64cfa5,SOURCE/tools/syson_automation/generated/syson_operations/20260924T092200467364_dropOnDiagram.json,SUPPORT,repository-git
tools/syson_automation/generated/syson_operations/20260924T092211194334_dropOnDiagram.json,Supporting source/data,1506,96f168243081c1208f2c3574175b77fc3e2ba978b907bac7a145213c16bb8cb5,SOURCE/tools/syson_automation/generated/syson_operations/20260924T092211194334_dropOnDiagram.json,SUPPORT,repository-git
tools/syson_automation/generated/syson_operations/20260924T092220483115_createRepresentation.json,Supporting source/data,956,07168a4e6e6748e6dec1ec236032469b740ba38db21f561ae62185b471645d75,SOURCE/tools/syson_automation/generated/syson_operations/20260924T092220483115_createRepresentation.json,SUPPORT,repository-git
tools/syson_automation/generated/syson_operations/20260924T092229398642_dropOnDiagram.json,Supporting source/data,1700,9c64abf68e508a02dd00fb4a9149dc2e66d54c4ee25562c11f4a1280a1f15444,SOURCE/tools/syson_automation/generated/syson_operations/20260924T092229398642_dropOnDiagram.json,SUPPORT,repository-git
tools/syson_automation/generated/syson_operations/20260924T092237715307_createRepresentation.json,Supporting source/data,956,54ee659234bcd8c845857384ed329cdfe069cb65a937df415d15a583f6cf34d8,SOURCE/tools/syson_automation/generated/syson_operations/20260924T092237715307_createRepresentation.json,SUPPORT,repository-git
tools/syson_automation/generated/syson_operations/20260924T092246641369_dropOnDiagram.json,Supporting source/data,1749,20a9051cdbc5104d912c0e8b1e36788ba537ceec2c8df4de0f33a1ab7b9110ac,SOURCE/tools/syson_automation/generated/syson_operations/20260924T092246641369_dropOnDiagram.json,SUPPORT,repository-git
tools/syson_automation/generated/syson_operations/20260924T092256969076_dropOnDiagram.json,Supporting source/data,821,37f721e770493fbc4185a921a21aede2428743153f633b004b9b4b33d3948450,SOURCE/tools/syson_automation/generated/syson_operations/20260924T092256969076_dropOnDiagram.json,SUPPORT,repository-git
tools/syson_automation/generated/syson_operations/20260924T092439007534_dropOnDiagram.json,Supporting source/data,1749,aeaf9c1d7645da195ff18706566a44ad0fd9f7daf916e597b026da4996ac3cd8,SOURCE/tools/syson_automation/generated/syson_operations/20260924T092439007534_dropOnDiagram.json,SUPPORT,repository-git
tools/syson_automation/generated/syson_operations/20260924T092459420305_dropOnDiagram.json,Supporting source/data,1750,51b4d7d3865b4f0cb08ef06c72924d7b62a201652a091dab43813db60ecc145a,SOURCE/tools/syson_automation/generated/syson_operations/20260924T092459420305_dropOnDiagram.json,SUPPORT,repository-git
tools/syson_automation/generated/syson_operations/20260924T092521393470_dropOnDiagram.json,Supporting source/data,1751,22e578f8698b5a71be2ab9e218d8a46d5fa2fe6e73f36df7c373c5ad429aac0b,SOURCE/tools/syson_automation/generated/syson_operations/20260924T092521393470_dropOnDiagram.json,SUPPORT,repository-git
tools/syson_automation/generated/syson_operations/20260924T092544716289_dropOnDiagram.json,Supporting source/data,918,afa5b16d56f900c59e8cf9c5e7f924c6250e7d0df1f56b374781f1b28a58da36,SOURCE/tools/syson_automation/generated/syson_operations/20260924T092544716289_dropOnDiagram.json,SUPPORT,repository-git
tools/syson_automation/generated/syson_operations/20260924T092711703322_createRepresentation.json,Supporting source/data,976,484cec7dce7dba5d190e5a442a10a4240553814a232d094939284b089dfc309c,SOURCE/tools/syson_automation/generated/syson_operations/20260924T092711703322_createRepresentation.json,SUPPORT,repository-git
tools/syson_automation/generated/syson_operations/20260924T092718940123_dropOnDiagram.json,Supporting source/data,818,6c62d4560889708f5d11bf71d1817a0053c0d837cf84a6b53454163b2a195f12,SOURCE/tools/syson_automation/generated/syson_operations/20260924T092718940123_dropOnDiagram.json,SUPPORT,repository-git
tools/syson_automation/generated/syson_operations/20260924T092726495111_dropOnDiagram.json,Supporting source/data,819,ca30ceacbeb3cd7eaedb2b8a0b060e0931e5b0d643fd34493bf2796340098bb4,SOURCE/tools/syson_automation/generated/syson_operations/20260924T092726495111_dropOnDiagram.json,SUPPORT,repository-git
tools/syson_automation/generated/syson_operations/20260924T092734305597_dropOnDiagram.json,Supporting source/data,819,7f706fe57c0797be2d471ced5cc6be4a6c4c6d85baa8cbe067f4afda51fa7c4b,SOURCE/tools/syson_automation/generated/syson_operations/20260924T092734305597_dropOnDiagram.json,SUPPORT,repository-git
tools/syson_automation/generated/syson_operations/20260924T092742326890_dropOnDiagram.json,Supporting source/data,819,e8b83e77b379652433d6732e020b9869152e707c9689867b66d506f19690ec5e,SOURCE/tools/syson_automation/generated/syson_operations/20260924T092742326890_dropOnDiagram.json,SUPPORT,repository-git
tools/syson_automation/generated/syson_operations/20260924T092750621854_dropOnDiagram.json,Supporting source/data,819,1721d67eda9fd198da8a2377516eb5f9fbf455da66f4d108e4269600d7f9998b,SOURCE/tools/syson_automation/generated/syson_operations/20260924T092750621854_dropOnDiagram.json,SUPPORT,repository-git
tools/syson_automation/generated/syson_operations/20260924T092831607011_dropOnDiagram.json,Supporting source/data,1749,b63e4e2d55e2f2221a13032c9ed8a1d7073d527b6dcf472ec18225a3de05dab4,SOURCE/tools/syson_automation/generated/syson_operations/20260924T092831607011_dropOnDiagram.json,SUPPORT,repository-git
tools/syson_automation/generated/syson_operations/20260924T092846468890_dropOnDiagram.json,Supporting source/data,1750,27de0a977ed24fed36eaafe5f0bbd0181b6021eab41407444dd10cec0d6d4006,SOURCE/tools/syson_automation/generated/syson_operations/20260924T092846468890_dropOnDiagram.json,SUPPORT,repository-git
tools/syson_automation/generated/syson_operations/20260924T092904088512_dropOnDiagram.json,Supporting source/data,1751,876edfc2d43ab19b871fdd0875dacaeaeb5ab806af806ef053e6a07e4217718c,SOURCE/tools/syson_automation/generated/syson_operations/20260924T092904088512_dropOnDiagram.json,SUPPORT,repository-git
tools/syson_automation/generated/syson_operations/20260924T092924960950_dropOnDiagram.json,Supporting source/data,1751,d592f0c14ed4d328e7a0be56643a4d1be905b8f6b7eec7248ed2391855b784f2,SOURCE/tools/syson_automation/generated/syson_operations/20260924T092924960950_dropOnDiagram.json,SUPPORT,repository-git
tools/syson_automation/generated/syson_operations/20260924T092948944521_dropOnDiagram.json,Supporting source/data,1751,1c51e0167adce88b29961bcade8b3f8178b865a11c5296bb404bed9c33de28ec,SOURCE/tools/syson_automation/generated/syson_operations/20260924T092948944521_dropOnDiagram.json,SUPPORT,repository-git
tools/syson_automation/generated/syson_operations/20260924T093016408722_dropOnDiagram.json,Supporting source/data,1750,e2b53402e1f6b895c7c4b95f0c494af1f2e13e595afddac1af4354c4d41911c0,SOURCE/tools/syson_automation/generated/syson_operations/20260924T093016408722_dropOnDiagram.json,SUPPORT,repository-git
tools/syson_automation/generated/syson_operations/20260924T093046960319_dropOnDiagram.json,Supporting source/data,1751,879c0d1088ac7980dcb11a89b84c8ebc8a4d76b27d5f07e77e9a91213cc06343,SOURCE/tools/syson_automation/generated/syson_operations/20260924T093046960319_dropOnDiagram.json,SUPPORT,repository-git
tools/syson_automation/generated/syson_operations/20260924T093120149153_dropOnDiagram.json,Supporting source/data,1752,74308e500c541f8c105e66b10b9526274cf310e138dc6ac7344b10a6026aa8c2,SOURCE/tools/syson_automation/generated/syson_operations/20260924T093120149153_dropOnDiagram.json,SUPPORT,repository-git
tools/syson_automation/generated/syson_operations/20260924T093157691579_dropOnDiagram.json,Supporting source/data,1752,4a5ad38a4a099409f4bd791b3e3fc31533ea9f8ed38d461ac70540a3f9e9330d,SOURCE/tools/syson_automation/generated/syson_operations/20260924T093157691579_dropOnDiagram.json,SUPPORT,repository-git
tools/syson_automation/generated/syson_operations/20260924T093239412704_dropOnDiagram.json,Supporting source/data,1752,5ee85a2a5fdcf66b7cc152298c65ca60853088915cbeb7fad44756baac57d2ce,SOURCE/tools/syson_automation/generated/syson_operations/20260924T093239412704_dropOnDiagram.json,SUPPORT,repository-git
tools/syson_automation/generated/syson_operations/20260924T093322795324_dropOnDiagram.json,Supporting source/data,1751,f6168219ef804c7e328e702075ce98cb32e278c1cfdba9e0b5012ad377902a9f,SOURCE/tools/syson_automation/generated/syson_operations/20260924T093322795324_dropOnDiagram.json,SUPPORT,repository-git
tools/syson_automation/generated/syson_operations/20260924T093409791708_dropOnDiagram.json,Supporting source/data,1311,e23fa7c4340a60d7dbbf1c2820675ee15a73e5aa889eb4a48e08fbd78ecc2fef,SOURCE/tools/syson_automation/generated/syson_operations/20260924T093409791708_dropOnDiagram.json,SUPPORT,repository-git
tools/syson_automation/generated/syson_operations/20260924T093514507854_createRepresentation.json,Supporting source/data,974,3488bfd5b1b24481ff5e6c3b97be299af7dfe088734352920eb1c43a4f968647,SOURCE/tools/syson_automation/generated/syson_operations/20260924T093514507854_createRepresentation.json,SUPPORT,repository-git
tools/syson_automation/generated/syson_operations/20260924T093523775876_dropOnDiagram.json,Supporting source/data,1749,105185335af8b2bec1ef58e43f9f624d6cbb97490d6702cf77c7bd2e94a0a133,SOURCE/tools/syson_automation/generated/syson_operations/20260924T093523775876_dropOnDiagram.json,SUPPORT,repository-git
tools/syson_automation/generated/syson_operations/20260924T093536693678_dropOnDiagram.json,Supporting source/data,1750,c7fe973e7e72826cf8478411d1080a9e73d3793522aa63d6b28597eb79cd7bc7,SOURCE/tools/syson_automation/generated/syson_operations/20260924T093536693678_dropOnDiagram.json,SUPPORT,repository-git
tools/syson_automation/generated/syson_operations/20260924T093551903881_dropOnDiagram.json,Supporting source/data,1065,2b84d3ef581853b7b510a10d43f77fa95f205e061f53f3642a288c8fa3141413,SOURCE/tools/syson_automation/generated/syson_operations/20260924T093551903881_dropOnDiagram.json,SUPPORT,repository-git
tools/syson_automation/generated/syson_operations/20260924T131147799092_arrangeAll.json,Supporting source/data,494,7d8eb03dec0d3502708a6177acbac332f7b145411feae409c8d0b0e846645c99,SOURCE/tools/syson_automation/generated/syson_operations/20260924T131147799092_arrangeAll.json,SUPPORT,repository-git
tools/syson_automation/generated/syson_operations/20260924T131157462101_arrangeAll.json,Supporting source/data,494,6de74e99ba58cf9c5cecb4853162bafef6cdecc24099bf4ee7f95d106214324e,SOURCE/tools/syson_automation/generated/syson_operations/20260924T131157462101_arrangeAll.json,SUPPORT,repository-git
tools/syson_automation/generated/syson_operations/20260924T131206955480_arrangeAll.json,Supporting source/data,494,cb2cb2160b8300f0b8664bfe6826698810c5927924bce90b162948eefed8d11c,SOURCE/tools/syson_automation/generated/syson_operations/20260924T131206955480_arrangeAll.json,SUPPORT,repository-git
tools/syson_automation/generated/syson_operations/20260924T140513897261_createRepresentation.json,Supporting source/data,962,0dbdf93a7254186b0788eed54bf75f2b4afd381047b95e2383de9ddb16e53c06,SOURCE/tools/syson_automation/generated/syson_operations/20260924T140513897261_createRepresentation.json,SUPPORT,repository-git
tools/syson_automation/generated/syson_operations/20260924T140616192926_createRepresentation.json,Supporting source/data,962,6d0ab7bed93d0d451152fd6cb3a7014316201cb68d55d745ec003a63a305138b,SOURCE/tools/syson_automation/generated/syson_operations/20260924T140616192926_createRepresentation.json,SUPPORT,repository-git
tools/syson_automation/generated/syson_operations/20260924T141255727569_dropOnDiagram.json,Supporting source/data,818,e741640967f03699e491e2f75e04720fd66f3462dffd61e398730742821b19c6,SOURCE/tools/syson_automation/generated/syson_operations/20260924T141255727569_dropOnDiagram.json,SUPPORT,repository-git
tools/syson_automation/generated/syson_operations/20260924T141338158836_dropOnDiagram.json,Supporting source/data,820,c89fcfe9d7e197c7b9d8b3d62cdfb925880a8423351e81d14c09c3b4b48c9ae3,SOURCE/tools/syson_automation/generated/syson_operations/20260924T141338158836_dropOnDiagram.json,SUPPORT,repository-git
tools/syson_automation/generated/syson_operations/20260924T141641402282_dropOnDiagram.json,Supporting source/data,818,d61b155b54f641707ff305d439d603fdbee9e992b09e61d36423f2260a382606,SOURCE/tools/syson_automation/generated/syson_operations/20260924T141641402282_dropOnDiagram.json,SUPPORT,repository-git
tools/syson_automation/generated/syson_operations/20260924T141716519044_dropOnDiagram.json,Supporting source/data,820,2c2b7eb6dde9e0f8c64807aa977afb1d892078d7e18f8c031166769939a02b81,SOURCE/tools/syson_automation/generated/syson_operations/20260924T141716519044_dropOnDiagram.json,SUPPORT,repository-git
tools/syson_automation/generated/syson_operations/20260924T141856736941_dropOnDiagram.json,Supporting source/data,820,7a244dbef1b9c2d37765db749b950213123e966b42731c7795e60e9b3b44a22d,SOURCE/tools/syson_automation/generated/syson_operations/20260924T141856736941_dropOnDiagram.json,SUPPORT,repository-git
tools/syson_automation/generated/syson_operations/20260924T142044373592_dropOnDiagram.json,Supporting source/data,820,0da260912e96c90ac1b66139f0c2aef80673eb089f92d230a87ea1cdaf0df4bb,SOURCE/tools/syson_automation/generated/syson_operations/20260924T142044373592_dropOnDiagram.json,SUPPORT,repository-git
tools/syson_automation/generated/syson_operations/20260924T142610224594_createRepresentation.json,Supporting source/data,962,5540c1a04db60138d056136a2b5d17bd6247d0e8130f095a98d1ab9c56511a7d,SOURCE/tools/syson_automation/generated/syson_operations/20260924T142610224594_createRepresentation.json,SUPPORT,repository-git
tools/syson_automation/generated/syson_operations/20260924T142618723175_dropOnDiagram.json,Supporting source/data,818,d8e782c498d89e7d6c74dc22cbac84ab9b090399c3b0ffa7adfbaedbe1782d93,SOURCE/tools/syson_automation/generated/syson_operations/20260924T142618723175_dropOnDiagram.json,SUPPORT,repository-git
tools/syson_automation/generated/syson_operations/20260924T142644936791_dropOnDiagram.json,Supporting source/data,918,613e21930378a9628b26ee66ac90cd5aab4ad84317e8efa2e7688f8bd73a6dff,SOURCE/tools/syson_automation/generated/syson_operations/20260924T142644936791_dropOnDiagram.json,SUPPORT,repository-git
tools/syson_automation/generated/syson_operations/20260924T142739546753_createRepresentation.json,Supporting source/data,986,acf21618323e3a08274cd8d5d87d7d2f39461984b1a0ebcb3bb44abef35eb41f,SOURCE/tools/syson_automation/generated/syson_operations/20260924T142739546753_createRepresentation.json,SUPPORT,repository-git
tools/syson_automation/generated/syson_operations/20260924T142748613510_dropOnDiagram.json,Supporting source/data,818,5efd103e6f908851533d2c90b899d822e2fa877fbef23eb46afefb1b35243bb7,SOURCE/tools/syson_automation/generated/syson_operations/20260924T142748613510_dropOnDiagram.json,SUPPORT,repository-git
tools/syson_automation/generated/syson_operations/20260924T142846486217_dropOnDiagram.json,Supporting source/data,820,d06be11c3c7a32f8fdaaee70992fd627dc112d9937da8dccfeda7f4da5de4939,SOURCE/tools/syson_automation/generated/syson_operations/20260924T142846486217_dropOnDiagram.json,SUPPORT,repository-git
tools/syson_automation/generated/syson_operations/20260924T143127281304_hideDiagramElement.json,Supporting source/data,857,562f0fd68a3a4e215a8a6048b9c17150a2079fad1d21d9b14925d1542fb66beb,SOURCE/tools/syson_automation/generated/syson_operations/20260924T143127281304_hideDiagramElement.json,SUPPORT,repository-git
tools/syson_automation/generated/syson_operations/20260924T143237568342_hideDiagramElement.json,Supporting source/data,613,a67aaaa01185e75b48ca014d6eb9da4276a2884f51ff6fc1722ac8cee38adf76,SOURCE/tools/syson_automation/generated/syson_operations/20260924T143237568342_hideDiagramElement.json,SUPPORT,repository-git
tools/syson_automation/generated/syson_operations/20260924T143408940532_hideDiagramElement.json,Supporting source/data,612,82e743dbc32f8ad6a2ebc6d4ff8d504d5b0b4f5d461ee25c1db32d7cd8e5e2e3,SOURCE/tools/syson_automation/generated/syson_operations/20260924T143408940532_hideDiagramElement.json,SUPPORT,repository-git
tools/syson_automation/generated/syson_operations/20260924T143430902958_hideDiagramElement.json,Supporting source/data,612,b8087e5fd6f324ebd00272cceb8bbcd7ee9a47bdfb303e91e90d28c27da797bd,SOURCE/tools/syson_automation/generated/syson_operations/20260924T143430902958_hideDiagramElement.json,SUPPORT,repository-git
tools/syson_automation/generated/syson_operations/20260924T143432514854_hideDiagramElement.json,Supporting source/data,613,de09d62a8231d9f79029e9d3353fd009a9fd76f3e80714f8680efbd5c5b4c7c4,SOURCE/tools/syson_automation/generated/syson_operations/20260924T143432514854_hideDiagramElement.json,SUPPORT,repository-git
tools/syson_automation/generated/syson_operations/20260924T143435263305_hideDiagramElement.json,Supporting source/data,613,044da7ac7353fec0b3beeb422cbc894feac4a2cf8cac73d944e65a666781bf09,SOURCE/tools/syson_automation/generated/syson_operations/20260924T143435263305_hideDiagramElement.json,SUPPORT,repository-git
tools/syson_automation/generated/syson_operations/20260924T143543341207_dropOnDiagram.json,Supporting source/data,819,4ab347f2cce9df29ecb7ea50c3e58d04ca03f9ebf87d57d8cf585178b775d023,SOURCE/tools/syson_automation/generated/syson_operations/20260924T143543341207_dropOnDiagram.json,SUPPORT,repository-git
tools/syson_automation/generated/syson_operations/20260924T143624435157_hideDiagramElement.json,Supporting source/data,612,fa6113e4a81a1dec670c0c19c8a5045f7a97e2639fed62102ab15067c881db07,SOURCE/tools/syson_automation/generated/syson_operations/20260924T143624435157_hideDiagramElement.json,SUPPORT,repository-git
tools/syson_automation/generated/syson_operations/20260924T143958252015_createRepresentation.json,Supporting source/data,962,2695196228de9ba2afe5f2d912d6ea84230a5478dbca62ca7684acd258279a3e,SOURCE/tools/syson_automation/generated/syson_operations/20260924T143958252015_createRepresentation.json,SUPPORT,repository-git
tools/syson_automation/generated/syson_operations/20260924T144006902739_dropOnDiagram.json,Supporting source/data,818,594f7c31af52b1515bf20cd501e5cffe70889352eb2ec2876b3e79d01bd947f2,SOURCE/tools/syson_automation/generated/syson_operations/20260924T144006902739_dropOnDiagram.json,SUPPORT,repository-git
tools/syson_automation/generated/syson_operations/20260924T144017068027_dropOnDiagram.json,Supporting source/data,918,539f4cbd360aea1f401b2371cc4fb1be7093b8cf9ca4a52d815d34e6fb0120b4,SOURCE/tools/syson_automation/generated/syson_operations/20260924T144017068027_dropOnDiagram.json,SUPPORT,repository-git
tools/syson_automation/generated/syson_operations/20260924T144020077733_hideDiagramElement.json,Supporting source/data,612,9721d91fa09c8b180c37f54949f7a1559a6d832924f9df2ffcf6580240eef35d,SOURCE/tools/syson_automation/generated/syson_operations/20260924T144020077733_hideDiagramElement.json,SUPPORT,repository-git
tools/syson_automation/generated/syson_operations/20260924T144021744938_hideDiagramElement.json,Supporting source/data,613,c3d2a6b2bd9ccf6e66cac08e8599a16c0e7a45fa74746149933fd8fd7073a4fd,SOURCE/tools/syson_automation/generated/syson_operations/20260924T144021744938_hideDiagramElement.json,SUPPORT,repository-git
tools/syson_automation/generated/syson_operations/20260924T144046554348_hideDiagramElement.json,Supporting source/data,857,4e14a8ae98debce8d6e744e4365b0c8e94a560e75e7a1943db632157b7540f2e,SOURCE/tools/syson_automation/generated/syson_operations/20260924T144046554348_hideDiagramElement.json,SUPPORT,repository-git
tools/syson_automation/generated/syson_operations/20260924T144228240920_editLabelAppearance.json,Supporting source/data,744,558dfc402baaea0080625fa280b1e0501ad1b44d3911f5a031948a581605d51a,SOURCE/tools/syson_automation/generated/syson_operations/20260924T144228240920_editLabelAppearance.json,SUPPORT,repository-git
tools/syson_automation/generated/syson_operations/20260924T144230948569_editLabelAppearance.json,Supporting source/data,744,9f996962beb8ae6a3059e17b8c4cdb04fbf90d0891d716be1498e6aba0cbae26,SOURCE/tools/syson_automation/generated/syson_operations/20260924T144230948569_editLabelAppearance.json,SUPPORT,repository-git
tools/syson_automation/generated/syson_operations/registry.json,Supporting source/data,58300,b71f3776b6048e8a2e3d5fbdee146f3bcc4d6913a0f66047d947472adb31b3ae,SOURCE/tools/syson_automation/generated/syson_operations/registry.json,SUPPORT,repository-git
tools/syson_automation/requirements.txt,Supporting source/data,35,8a5784b667775e8ad0628480904097a480f32b120ea9ca3938b4fc5718a4411d,SOURCE/tools/syson_automation/requirements.txt,SUPPORT,repository-git
tools/syson_automation/schemas/engineering_scope.schema.json,Supporting source/data,32713,85aa0e43e71d74169a04423a7d09ef95ed70927399e16ea27ff1368d5302cfbc,SOURCE/tools/syson_automation/schemas/engineering_scope.schema.json,SUPPORT,repository-git
tools/syson_automation/scripts/arrange_owned_full_view.py,Supporting source/data,932,486ebf7407fca559fd2d2a6df190bbab24a2cf4531e16b0be5599a01df50dde0,SOURCE/tools/syson_automation/scripts/arrange_owned_full_view.py,SUPPORT,repository-git
tools/syson_automation/scripts/audit_full_ibd_completeness.py,Supporting source/data,3081,9ce8d7e17413f3d85b82c84171e2a815d182a5c69cf56183df31686324452ba3,SOURCE/tools/syson_automation/scripts/audit_full_ibd_completeness.py,SUPPORT,repository-git
tools/syson_automation/scripts/audit_full_relation_endpoints.py,Supporting source/data,5113,b6f300a9189fdb9299d13ab00cde564f295930b66d9ee8564e5de6cb974ae28c,SOURCE/tools/syson_automation/scripts/audit_full_relation_endpoints.py,SUPPORT,repository-git
tools/syson_automation/scripts/audit_ibd_port_ownership.py,Supporting source/data,24971,f04588739fae44a4e1cebf4741765bc198c37ecf3d27b36cfaabe7bb7c5ff44d,SOURCE/tools/syson_automation/scripts/audit_ibd_port_ownership.py,SUPPORT,repository-git
tools/syson_automation/scripts/audit_port_gaps.py,Supporting source/data,8545,a84b7e3aa0a2a709af3b1aeefb58937c0c1ee8f66f175cb5d3c11bdfb0a83f70,SOURCE/tools/syson_automation/scripts/audit_port_gaps.py,SUPPORT,repository-git
tools/syson_automation/scripts/benchmark_syson_resolver.py,Supporting source/data,3608,5e3a8ee37cbaa1d0996b83d5ff8d9e7354c6057a512da52417f5b2eb22ebafd7,SOURCE/tools/syson_automation/scripts/benchmark_syson_resolver.py,SUPPORT,repository-git
tools/syson_automation/scripts/build_full_boundary_model.py,Supporting source/data,10330,a2bd9fdc520ba59ec5c9749e880340698fd0534336ec2fa3477b746d20c5b822,SOURCE/tools/syson_automation/scripts/build_full_boundary_model.py,SUPPORT,repository-git
tools/syson_automation/scripts/build_full_final_element_index.py,Supporting source/data,3925,5163bf61a031346f882a78a2619e868f72ee3644de1b56bb406e269afdebc701,SOURCE/tools/syson_automation/scripts/build_full_final_element_index.py,SUPPORT,repository-git
tools/syson_automation/scripts/build_full_product_hierarchy.py,Supporting source/data,3738,0578a922b875059b0a06b7a924c0720f264314a75a619ee4254af001ca82c8a4,SOURCE/tools/syson_automation/scripts/build_full_product_hierarchy.py,SUPPORT,repository-git
tools/syson_automation/scripts/build_port_enhanced_v2.py,Supporting source/data,9841,32088679a769e909341fe1c3a0caaee45b91948aa6cffd09c4472a11be2365ef,SOURCE/tools/syson_automation/scripts/build_port_enhanced_v2.py,SUPPORT,repository-git
tools/syson_automation/scripts/build_syson_element_index.py,Supporting source/data,13198,50f9de3c29f4065732c1f80eb48dcb99e14b1f6f54c2d51a893e6f0e85567d8f,SOURCE/tools/syson_automation/scripts/build_syson_element_index.py,SUPPORT,repository-git
tools/syson_automation/scripts/clean_full_requirement_view_usages.py,Supporting source/data,3501,5b91eb3e505ee6c57d5713d0893b548b467e2716e01a8d16f669e93d2e20d080,SOURCE/tools/syson_automation/scripts/clean_full_requirement_view_usages.py,SUPPORT,repository-git
tools/syson_automation/scripts/cleanup_failed_full_view.py,Supporting source/data,1306,d4b5c3d5cb745a8de4b0c819bc6cd5624a7b6906ccbe3640161ff32f99487851,SOURCE/tools/syson_automation/scripts/cleanup_failed_full_view.py,SUPPORT,repository-git
tools/syson_automation/scripts/create_full_final_project.py,Supporting source/data,6645,72b7291864bef965d720a31f138a3d7df59dfe2e8be4f2fd1c366eb7223f62d8,SOURCE/tools/syson_automation/scripts/create_full_final_project.py,SUPPORT,repository-git
tools/syson_automation/scripts/create_full_final_views.py,Supporting source/data,9054,a2ab349c61f0f57a494beba146fdad18f7f8c18720f96cc52971a0d66cf921b2,SOURCE/tools/syson_automation/scripts/create_full_final_views.py,SUPPORT,repository-git
tools/syson_automation/scripts/discover_syson.py,Supporting source/data,10944,7d17ba96b01afe7ee340e8f8e27e87aa55e8eb7181bba89b34f21d0a2e3b1cc0,SOURCE/tools/syson_automation/scripts/discover_syson.py,SUPPORT,repository-git
tools/syson_automation/scripts/final_full_syson_qa.py,Supporting source/data,13854,caf8e4a52016a957e43b2db6e8a1bb822d40f3f11a7eeda5e656745761212357,SOURCE/tools/syson_automation/scripts/final_full_syson_qa.py,SUPPORT,repository-git
tools/syson_automation/scripts/full_final_smoke.py,Supporting source/data,3814,97c1f3230c9f9a0582464587216a5f99ad64de4ec07de4d9d9d9012ea0e539cb,SOURCE/tools/syson_automation/scripts/full_final_smoke.py,SUPPORT,repository-git
tools/syson_automation/scripts/index_full_final_from_store.py,Supporting source/data,4029,7b6ad739270f4acebb13057351bfa46bde4440dfff1ec9fa6ed26e37f46a29d8,SOURCE/tools/syson_automation/scripts/index_full_final_from_store.py,SUPPORT,repository-git
tools/syson_automation/scripts/inspect_full_final_anchors.py,Supporting source/data,923,2d6467427abcaafc6c6c291c798a59d8e5a5638fb00025708ac3f4a2acadacb8,SOURCE/tools/syson_automation/scripts/inspect_full_final_anchors.py,SUPPORT,repository-git
tools/syson_automation/scripts/link_full_port_traceability.py,Supporting source/data,1988,2bc1ccd8d843a85f64f82e2ba9b4c9a712dad1d4f4ae93d2387e1258648ec0f3,SOURCE/tools/syson_automation/scripts/link_full_port_traceability.py,SUPPORT,repository-git
tools/syson_automation/scripts/probe_full_relation_data.py,Supporting source/data,1502,89490b8502f148541265bd07304e4d48634bca65b25346cbe0747da77d9de6f6,SOURCE/tools/syson_automation/scripts/probe_full_relation_data.py,SUPPORT,repository-git
tools/syson_automation/scripts/probe_full_req15.py,Supporting source/data,1796,a1b3d553d9ae12d44fd0c3ef2b947d700b5195cc7af0925c0bd43fa983909516,SOURCE/tools/syson_automation/scripts/probe_full_req15.py,SUPPORT,repository-git
tools/syson_automation/scripts/probe_full_requirement_table.py,Supporting source/data,2048,889a2374c934fd4382e926cca08d87a23e767c0678936078f3c2fa7e026ed5f4,SOURCE/tools/syson_automation/scripts/probe_full_requirement_table.py,SUPPORT,repository-git
tools/syson_automation/scripts/probe_full_view_tree_path.py,Supporting source/data,814,7d832a0b8883994435da77150ff82251f9b10efc272c19dd990c953b2c563402,SOURCE/tools/syson_automation/scripts/probe_full_view_tree_path.py,SUPPORT,repository-git
tools/syson_automation/scripts/probe_full_view_usage.py,Supporting source/data,816,960874a1acdc382201694c5d8c20ca50467024aa466adfcae43e0b93ea590c5b,SOURCE/tools/syson_automation/scripts/probe_full_view_usage.py,SUPPORT,repository-git
tools/syson_automation/scripts/promote_full_requirement_view.py,Supporting source/data,2700,ab7521a52291669f3dca74aab1dcdd060dcc091c22e827c271f526202a97f8d7,SOURCE/tools/syson_automation/scripts/promote_full_requirement_view.py,SUPPORT,repository-git
tools/syson_automation/scripts/recover_interrupted_full_view.py,Supporting source/data,1868,1d18b60ce4b317fc74010e679c56cc64b9df6672854410fcab8525b8bfb24089,SOURCE/tools/syson_automation/scripts/recover_interrupted_full_view.py,SUPPORT,repository-git
tools/syson_automation/scripts/remove_full_probe_views.py,Supporting source/data,3459,92803df3305a40f6b1910d874ea66daeb2d4a2243d8566e3ba8f3519c91fddd2,SOURCE/tools/syson_automation/scripts/remove_full_probe_views.py,SUPPORT,repository-git
tools/syson_automation/scripts/remove_owned_v3_probe.py,Supporting source/data,3639,eb8397992825f3767cdd3d0c0657b5f456951cc0be6c784b7f6a3d0cd162bc1f,SOURCE/tools/syson_automation/scripts/remove_owned_v3_probe.py,SUPPORT,repository-git
tools/syson_automation/scripts/write_full_syson_view_guide.py,Supporting source/data,6113,fe3bc836a457847dbfecd9319fe82896de66567f1ba69d8217429c73a140d778,SOURCE/tools/syson_automation/scripts/write_full_syson_view_guide.py,SUPPORT,repository-git
tools/syson_automation/scripts/write_hierarchical_ibd_report.py,Supporting source/data,8220,8bc74c4d191c20f886b856b51e3ee6dcfc2bdcc554c466c59407aa23a656d9e9,SOURCE/tools/syson_automation/scripts/write_hierarchical_ibd_report.py,SUPPORT,repository-git
tools/syson_automation/scripts/write_ibd_v3_diagnostic.py,Supporting source/data,6068,b95377b121360394c82e56f47ef1a6b7c35426f502b67a1bf7ba8478324b80b5,SOURCE/tools/syson_automation/scripts/write_ibd_v3_diagnostic.py,SUPPORT,repository-git
tools/syson_automation/scripts/write_port_enhancement_reports.py,Supporting source/data,9249,869f6e121d228b11bfa442096d5c42ed0ac079106806138046321894aaf64cdc,SOURCE/tools/syson_automation/scripts/write_port_enhancement_reports.py,SUPPORT,repository-git
tools/syson_automation/src/__init__.py,Supporting source/data,88,a35e769d8c982eddc4be98add842b33ea8f675681ac8f24715fa6ff1fcb1d0c5,SOURCE/tools/syson_automation/src/__init__.py,SUPPORT,repository-git
tools/syson_automation/src/api.py,Supporting source/data,12444,e31c784438f70f70cb5a9fa9612354f43e590043e572ae5926300bb46c2b650e,SOURCE/tools/syson_automation/src/api.py,SUPPORT,repository-git
tools/syson_automation/src/container_ibd_builder.py,Supporting source/data,9926,4d63401dc8b9a6a65b09afbab2290c3aab6d8d40768d3d468d78a14034898588,SOURCE/tools/syson_automation/src/container_ibd_builder.py,SUPPORT,repository-git
tools/syson_automation/src/element_resolver.py,Supporting source/data,2500,bfade1e30617aefc3327cb9c4c1759eaaf30bc96939203c325ab62e5a7bc2cc5,SOURCE/tools/syson_automation/src/element_resolver.py,SUPPORT,repository-git
tools/syson_automation/src/explorer_client.py,Supporting source/data,3285,9f075ee76dc3c6bdbf2ce7e2816a0ca3376351fa379e8c00f805c189b27c75c4,SOURCE/tools/syson_automation/src/explorer_client.py,SUPPORT,repository-git
tools/syson_automation/src/ibd_hierarchy_builder.py,Supporting source/data,5912,5e007ce7e8e13cd34106d573078e8b3fced3dae45d933de0cb750f9a81676c8e,SOURCE/tools/syson_automation/src/ibd_hierarchy_builder.py,SUPPORT,repository-git
tools/syson_automation/src/models.py,Supporting source/data,9307,dbb5201e63ea91bb913620494bf45048aac7b9c4c4893fc34c82f4521ea62a4c,SOURCE/tools/syson_automation/src/models.py,SUPPORT,repository-git
tools/syson_automation/src/nested_ibd_builder.py,Supporting source/data,8658,2211170ed9cc5b62a55aa12d1c16c53eb9291d129c34e2431c29d13a81161f5d,SOURCE/tools/syson_automation/src/nested_ibd_builder.py,SUPPORT,repository-git
tools/syson_automation/src/product_canonicalizer.py,Supporting source/data,3504,93ad3e5939e7cd587224dacde132b98ddea7ec5e4e90156d9df2a712bc750b16,SOURCE/tools/syson_automation/src/product_canonicalizer.py,SUPPORT,repository-git
tools/syson_automation/src/product_closure.py,Supporting source/data,8862,81ca2e2a3b038d5aded434218d0256415eb6094edd60294e0ad02cd74fc3bdb0,SOURCE/tools/syson_automation/src/product_closure.py,SUPPORT,repository-git
tools/syson_automation/src/product_hierarchy.py,Supporting source/data,3357,102d843ea6bbceb3516d670c4e39fc6b4a43497e7568823028d503618f1999f5,SOURCE/tools/syson_automation/src/product_hierarchy.py,SUPPORT,repository-git
tools/syson_automation/src/representation_service.py,Supporting source/data,11027,499d870abcdfb1f8cb621f3292736ccb8de2c82c0814bdd85307224e96ffeb27,SOURCE/tools/syson_automation/src/representation_service.py,SUPPORT,repository-git
tools/syson_automation/src/scope_builder.py,Supporting source/data,16377,7468b523384264e43183f217576009e9b039e2c1fefff38f49d150ca60a70902,SOURCE/tools/syson_automation/src/scope_builder.py,SUPPORT,repository-git
tools/syson_automation/src/syson_client.py,Supporting source/data,3250,7185dd71844693e8e95ce9d97e4572d67091b885a9292e529d40fabaae47428b,SOURCE/tools/syson_automation/src/syson_client.py,SUPPORT,repository-git
tools/syson_automation/tests/test_container_ibd.py,Supporting source/data,6702,3e192f9a6ba64ff37395352e11ddcdd2362577068eac9a7708a62879e4dd779c,SOURCE/tools/syson_automation/tests/test_container_ibd.py,SUPPORT,repository-git
tools/syson_automation/tests/test_hierarchical_ibd.py,Supporting source/data,17022,64f4d04ef7c758ceffe8c5a7e0b0d376f9028dd6e6c1c3c52a0e968e2d631348,SOURCE/tools/syson_automation/tests/test_hierarchical_ibd.py,SUPPORT,repository-git
tools/syson_automation/tests/test_port_enhancement.py,Supporting source/data,4850,8b5ea8c07be4fd36bb91ab2c3cb5ce171faddc7d64e31a9c01db7368ae96f53c,SOURCE/tools/syson_automation/tests/test_port_enhancement.py,SUPPORT,repository-git
tools/topology_pipeline/01_build_role_map.py,Supporting source/data,2255,e6ff5898fac44ebcceebdfb8ada35c8f9135d25ea781ba98324cf02be817ef21,SOURCE/tools/topology_pipeline/01_build_role_map.py,SUPPORT,repository-git
tools/topology_pipeline/02_build_topology_rules.py,Supporting source/data,1957,2c959d07678f070bc4b50805e30b2e51ddd817937c2aa001838401613582480c,SOURCE/tools/topology_pipeline/02_build_topology_rules.py,SUPPORT,repository-git
tools/topology_pipeline/03_generate_candidates.py,Supporting source/data,9111,e63860a6aa985ea2830669c1b7e900510e91d839aa4e2cce16b0183a310dddb4,SOURCE/tools/topology_pipeline/03_generate_candidates.py,SUPPORT,repository-git
tools/topology_pipeline/04_build_physical_nets.py,Supporting source/data,3152,1b93b8bd8decffbec31ff24250849fa8fe44e789fa3ec25d3f3975f1473d1038,SOURCE/tools/topology_pipeline/04_build_physical_nets.py,SUPPORT,repository-git
tools/topology_pipeline/05_build_port_coverage.py,Supporting source/data,2263,0f9ddbca5f21aad64acc8f8a9e352b3a35d8dd969c22bb2e65452357d2f181a2,SOURCE/tools/topology_pipeline/05_build_port_coverage.py,SUPPORT,repository-git
tools/topology_pipeline/06_validate_candidate_topology.py,Supporting source/data,8289,a57764861bdff017307c0b08cde89d287860a29d0e4a9cc4ce8085294c2c0acb,SOURCE/tools/topology_pipeline/06_validate_candidate_topology.py,SUPPORT,repository-git
tools/topology_pipeline/07_resolve_candidates.py,Supporting source/data,10332,a037e40181ec76f2a4df77500f244a0d7c24ff91d51843f40248be455a1a8279,SOURCE/tools/topology_pipeline/07_resolve_candidates.py,SUPPORT,repository-git
tools/topology_pipeline/08_build_connectgraph.py,Supporting source/data,2717,d6f2da71091b2660b26b0464703590650ecea1ca6a41a554c84e64e3260a8e53,SOURCE/tools/topology_pipeline/08_build_connectgraph.py,SUPPORT,repository-git
tools/topology_pipeline/09_validate_connectgraph.py,Supporting source/data,8281,7608c674affb55a7fad98ed34127277f8d2cf737f31662571c78e06b1ff00fc2,SOURCE/tools/topology_pipeline/09_validate_connectgraph.py,SUPPORT,repository-git
tools/topology_pipeline/README.md,Supporting source/data,957,1165e21c07cd793975c577d0185649e686e6746b7c6632838594088a92c5d31a,SOURCE/tools/topology_pipeline/README.md,SUPPORT,repository-git
tools/topology_pipeline/common.py,Supporting source/data,3220,667d12129d20be577d6458d7c6343e60cf25ab4fae6a8a1b4af964c49aa8ddcc,SOURCE/tools/topology_pipeline/common.py,SUPPORT,repository-git
tools/topology_pipeline/config/reference_instance.yaml,Supporting source/data,2264,bb65ee5dc21fb93c6039a55602629a35f77db8f3d2bfa26935f20de835bac7cc,SOURCE/tools/topology_pipeline/config/reference_instance.yaml,SUPPORT,repository-git
tools/topology_pipeline/config/topology_rules.yaml,Supporting source/data,3721,2a08d9811fd96f34cd4ad653870f79d2bb80bfbf0aff76bf5f9e919241c61203,SOURCE/tools/topology_pipeline/config/topology_rules.yaml,SUPPORT,repository-git
tools/topology_pipeline/config/variant_groups.yaml,Supporting source/data,493,f8a3037c359554d4206c7e095c114d61d14c1f497469a39c7448a7548e433590,SOURCE/tools/topology_pipeline/config/variant_groups.yaml,SUPPORT,repository-git
tools/topology_pipeline/run_connectgraph_pipeline.py,Supporting source/data,506,c955451b1328a6e29e10d327147df2b8884ea83951833231341e8bde669e8cc9,SOURCE/tools/topology_pipeline/run_connectgraph_pipeline.py,SUPPORT,repository-git
tools/topology_pipeline/run_topology_pipeline.py,Supporting source/data,418,708de5b90bbbc0ba058fe287ce5770fe499198bcab6a1d6088b5594f88c27f99,SOURCE/tools/topology_pipeline/run_topology_pipeline.py,SUPPORT,repository-git
tools/topology_pipeline/work/candidate_connections.json,Supporting source/data,188039,770f4750744254f0e2f38a4422302ef3df66893ed04906003ab0f07dee36d1c3,SOURCE/tools/topology_pipeline/work/candidate_connections.json,SUPPORT,repository-git
tools/topology_pipeline/work/candidate_nets.json,Supporting source/data,22310,535f9e86405834e0a73a7606b7ddb756e570f425a81c5bb1cbfa1825fb1ea880,SOURCE/tools/topology_pipeline/work/candidate_nets.json,SUPPORT,repository-git
tools/topology_pipeline/work/connectgraph_qa.json,Supporting source/data,1235,7f54a27a19d3f6799ca2c0831dd03d671a3be5cf3a9b346155470fcee4efbf7c,SOURCE/tools/topology_pipeline/work/connectgraph_qa.json,SUPPORT,repository-git
tools/topology_pipeline/work/final_connections.json,Supporting source/data,117455,4b7acb842bb403784b77fa2fb8c5a3ad5c2cf243afc9de6eb10add3e80982715,SOURCE/tools/topology_pipeline/work/final_connections.json,SUPPORT,repository-git
tools/topology_pipeline/work/final_nets.json,Supporting source/data,36371,f890b2f8eb654f97a35ffd28fd6578bc094a85308c589b7db418176aa48b9f89,SOURCE/tools/topology_pipeline/work/final_nets.json,SUPPORT,repository-git
tools/topology_pipeline/work/final_port_coverage.json,Supporting source/data,190096,0be8c1b1ff4e36e02843006f67bfc8555c6ec83162fdb1db97c6e7f447452a97,SOURCE/tools/topology_pipeline/work/final_port_coverage.json,SUPPORT,repository-git
tools/topology_pipeline/work/port_coverage.json,Supporting source/data,263436,fab6b2b2d755e0ddde897f6e38cdfa6b1999cb696748fdce2c0c6b511da55f68,SOURCE/tools/topology_pipeline/work/port_coverage.json,SUPPORT,repository-git
tools/topology_pipeline/work/product_role_map.json,Supporting source/data,185132,6b0524fd947dc318a9b63c7d1b2b0938e771a3f012981675ad64095d9b01d597,SOURCE/tools/topology_pipeline/work/product_role_map.json,SUPPORT,repository-git
tools/topology_pipeline/work/resolution_log.json,Supporting source/data,13341,fe1fa038a424d753b7f7c6c236b278350cc46b9044587e1fe8d82acc586b1db0,SOURCE/tools/topology_pipeline/work/resolution_log.json,SUPPORT,repository-git
tools/topology_pipeline/work/topology_qa.json,Supporting source/data,4052,99ad6cd838006ac6b591361ee2e929789978eb4eca05674a7008e38d10a8bda4,SOURCE/tools/topology_pipeline/work/topology_qa.json,SUPPORT,repository-git
tools/topology_pipeline/work/topology_rules_resolved.json,Supporting source/data,7752,bcf116a4dec278decc7778b6da22eaa474db5ad77bfd2bd58e21898b79a681ba,SOURCE/tools/topology_pipeline/work/topology_rules_resolved.json,SUPPORT,repository-git
tools/xmi_pipeline/01_inventory_standards.py,Supporting source/data,4339,b4add2a44f92a92f74b1adf3c945eda47429faa7a24f4d3227e4ab5ed3e32c8b,SOURCE/tools/xmi_pipeline/01_inventory_standards.py,SUPPORT,repository-git
tools/xmi_pipeline/02_parse_sysml_profile.py,Supporting source/data,8864,0286c753c7e95e0324b272c9c8665ad369286a05ebf96ecc5dbb6233b075db11,SOURCE/tools/xmi_pipeline/02_parse_sysml_profile.py,SUPPORT,repository-git
tools/xmi_pipeline/03_build_mapping_contract.py,Supporting source/data,10540,d41d3f96c8280cef52a5255a64fd1c37b8d3d56a71f814af6080aa785cf6ed84,SOURCE/tools/xmi_pipeline/03_build_mapping_contract.py,SUPPORT,repository-git
tools/xmi_pipeline/04_build_xmi_model.py,Supporting source/data,29563,631263cd8fff0f95fddb463a27c3ee478b7022778eb9cc0e4805b2b4db7bf47f,SOURCE/tools/xmi_pipeline/04_build_xmi_model.py,SUPPORT,repository-git
tools/xmi_pipeline/05_validate_xmi.py,Supporting source/data,28976,7a966833a6b4f50234da92c9c250567185d4cd74633517578ab30855dcb1781d,SOURCE/tools/xmi_pipeline/05_validate_xmi.py,SUPPORT,repository-git
tools/xmi_pipeline/06_inventory_magicdraw.py,Supporting source/data,7937,9ed9d98446fb559f4205190e78f3e43491160a40d16375d5dd3cac12126adecc,SOURCE/tools/xmi_pipeline/06_inventory_magicdraw.py,SUPPORT,repository-git
tools/xmi_pipeline/07_build_magicdraw_compatibility_contract.py,Supporting source/data,6876,9b0ca3ceb699e99f987ee628a3d54cb462c398a60a2293db41dfb1637a542668,SOURCE/tools/xmi_pipeline/07_build_magicdraw_compatibility_contract.py,SUPPORT,repository-git
tools/xmi_pipeline/08_build_md2022x_semantic_probe.py,Supporting source/data,13626,96fedb8237ed54e638496e9e1781d3ff2195488e3139d8ad344b9094f1d6ab09,SOURCE/tools/xmi_pipeline/08_build_md2022x_semantic_probe.py,SUPPORT,repository-git
tools/xmi_pipeline/09_validate_md2022x_probe.py,Supporting source/data,19666,1002c9e669f95c3a90b78c2c244e9e513ae295cdeea86b7b087b04e86f96ea15,SOURCE/tools/xmi_pipeline/09_validate_md2022x_probe.py,SUPPORT,repository-git
tools/xmi_pipeline/10_build_structure_contracts.py,Supporting source/data,13348,4d7d6e9d83e9c178d836d289a5bf13a95d71c13e12ff5dc6b68176c2d9feef84,SOURCE/tools/xmi_pipeline/10_build_structure_contracts.py,SUPPORT,repository-git
tools/xmi_pipeline/11_audit_xmi_duplicates.py,Supporting source/data,11930,2e37072ddefb77ef857b545fbaf808303ea34346489f36b27869bc0b8d919967,SOURCE/tools/xmi_pipeline/11_audit_xmi_duplicates.py,SUPPORT,repository-git
tools/xmi_pipeline/12_build_structure_probe.py,Supporting source/data,15283,1d7886a7d66e337d46b9ac970155b4fbba0faab86ce5d54c5b0d6812f1752c09,SOURCE/tools/xmi_pipeline/12_build_structure_probe.py,SUPPORT,repository-git
tools/xmi_pipeline/13_validate_structure_probe.py,Supporting source/data,20706,ef74eb827950ace59adbaffc754c7fedac6338bfece296f4e6a80bba49d2b5a5,SOURCE/tools/xmi_pipeline/13_validate_structure_probe.py,SUPPORT,repository-git
tools/xmi_pipeline/14_build_itemflow_contracts.py,Supporting source/data,11609,d5e1f5a3b7e4e6521253a7db8fd9195c609842fba1736ae50d6316ffa63317c6,SOURCE/tools/xmi_pipeline/14_build_itemflow_contracts.py,SUPPORT,repository-git
tools/xmi_pipeline/15_build_itemflow_probe.py,Supporting source/data,6158,174d6dbe6cd32a74c1e92cc9c283aceb0e24118451eba83b86809fddd4c4f5d1,SOURCE/tools/xmi_pipeline/15_build_itemflow_probe.py,SUPPORT,repository-git
tools/xmi_pipeline/16_validate_itemflow_probe.py,Supporting source/data,17214,097f53ae1894c6f0d9a59b972702c329441c0f4aa73540755685b5d63c17b9db,SOURCE/tools/xmi_pipeline/16_validate_itemflow_probe.py,SUPPORT,repository-git
tools/xmi_pipeline/17_build_itemflow_display_probe.py,Supporting source/data,8977,fa79a82cf43bff4df3b8adecc771dce73357d7fb15db81622e96209d7610cb03,SOURCE/tools/xmi_pipeline/17_build_itemflow_display_probe.py,SUPPORT,repository-git
tools/xmi_pipeline/18_validate_itemflow_display_probe.py,Supporting source/data,14209,2f765d4aff583543f0d01b609b5c2d1be4cf307dd81de124919cc92293bd9326,SOURCE/tools/xmi_pipeline/18_validate_itemflow_display_probe.py,SUPPORT,repository-git
tools/xmi_pipeline/19_parse_magicdraw_gold.py,Supporting source/data,24012,8e9a745b2c0de6a1b9f3ef526dea97b50d1085df41a6cf7bac37b4ce515e412f,SOURCE/tools/xmi_pipeline/19_parse_magicdraw_gold.py,SUPPORT,repository-git
tools/xmi_pipeline/20_build_magicdraw_native_probe.py,Supporting source/data,10599,22fec35c931e1006e55ed4d52659bef1540d903d298d7f6092462f9bb0b758b7,SOURCE/tools/xmi_pipeline/20_build_magicdraw_native_probe.py,SUPPORT,repository-git
tools/xmi_pipeline/21_validate_magicdraw_native_probe.py,Supporting source/data,15351,67828b21b2e23bd4031d1beadb5f465535f8e7ec4563ab003205d96149107cdc,SOURCE/tools/xmi_pipeline/21_validate_magicdraw_native_probe.py,SUPPORT,repository-git
tools/xmi_pipeline/22_build_upward_inference.py,Supporting source/data,34126,e8742bf20b2b22a1a982186cc6aad33893553d9db751572a46499f674c8bc1d3,SOURCE/tools/xmi_pipeline/22_build_upward_inference.py,SUPPORT,repository-git
tools/xmi_pipeline/23_build_full_upward_model.py,Supporting source/data,29392,1a1f1d2004144422c5ddcc4154ed926cf7a1f934e42b4e898349d012b22ebee2,SOURCE/tools/xmi_pipeline/23_build_full_upward_model.py,SUPPORT,repository-git
tools/xmi_pipeline/24_build_full_native_mdxml.py,Supporting source/data,25588,a467cb9f63a1ff020b9b608b13765e38c945fda7328ad6ca429f8a2d39d074f5,SOURCE/tools/xmi_pipeline/24_build_full_native_mdxml.py,SUPPORT,repository-git
tools/xmi_pipeline/25_validate_full_upward.py,Supporting source/data,21545,22b6009987d74d021e5e78cc61343e284479c8f4e522025286b27770be02096f,SOURCE/tools/xmi_pipeline/25_validate_full_upward.py,SUPPORT,repository-git
tools/xmi_pipeline/26_parse_gold2_full.py,Supporting source/data,18305,3349a40cfb0355b110f1dd9fad57e75eb4e4b1a48438fc75612dd5c08151fea1,SOURCE/tools/xmi_pipeline/26_parse_gold2_full.py,SUPPORT,repository-git
tools/xmi_pipeline/27_build_gold2_integrated_contracts.py,Supporting source/data,12843,456ad1fe84df75527f5e4416e6e56771f352a3b23e7acb1c3c266a8a4eefe51c,SOURCE/tools/xmi_pipeline/27_build_gold2_integrated_contracts.py,SUPPORT,repository-git
tools/xmi_pipeline/28_build_gold2_integrated_probe.py,Supporting source/data,44839,10b8fcc8d896c4bbfa8c5d7f51d540dfdf1dc6ef1f37d0466ef3c035952a93c5,SOURCE/tools/xmi_pipeline/28_build_gold2_integrated_probe.py,SUPPORT,repository-git
tools/xmi_pipeline/29_validate_gold2_integrated_probe.py,Supporting source/data,30485,2c87e3b8eb090d4500132b18638a1e05d1ba3b9005f81d92a7fd71b34f0e008e,SOURCE/tools/xmi_pipeline/29_validate_gold2_integrated_probe.py,SUPPORT,repository-git
tools/xmi_pipeline/README.md,Supporting source/data,4388,389a8d902a8854f5e082c744afd380159c4d9241a54463a20b35816a74e4476d,SOURCE/tools/xmi_pipeline/README.md,SUPPORT,repository-git
tools/xmi_pipeline/run_full_upward_ibd_pipeline.py,Supporting source/data,1618,ff6387dc53d7af6a14e27d30a481a87016658371f26a9f115d165d714de61502,SOURCE/tools/xmi_pipeline/run_full_upward_ibd_pipeline.py,SUPPORT,repository-git
tools/xmi_pipeline/run_gold2_integrated_probe_pipeline.py,Supporting source/data,1014,87da5f6967de97d7eac6d3e10d3a93c224a6c904d6fe182916efc214982ae6b1,SOURCE/tools/xmi_pipeline/run_gold2_integrated_probe_pipeline.py,SUPPORT,repository-git
tools/xmi_pipeline/run_gold_native_probe_pipeline.py,Supporting source/data,442,0da67d83c317ef67bf04112cc178ba3abc7ea8fbaad85cc57e762c6081f60a8d,SOURCE/tools/xmi_pipeline/run_gold_native_probe_pipeline.py,SUPPORT,repository-git
tools/xmi_pipeline/run_itemflow_display_probe_pipeline.py,Supporting source/data,490,d5b928a4ab79aab01193e0b92df7b755616b164d8ec7f560254b943ef74cc659,SOURCE/tools/xmi_pipeline/run_itemflow_display_probe_pipeline.py,SUPPORT,repository-git
tools/xmi_pipeline/run_itemflow_probe_pipeline.py,Supporting source/data,504,91b122a467f20096ff4e1117cd21f6a589191f8ca5f804e798f67539ba5ab8f1,SOURCE/tools/xmi_pipeline/run_itemflow_probe_pipeline.py,SUPPORT,repository-git
tools/xmi_pipeline/run_md2022x_probe_pipeline.py,Supporting source/data,648,ce7aeef748fd1dda30f254136f2046fe061c9b7ec7a2e62608bcd6e707a69176,SOURCE/tools/xmi_pipeline/run_md2022x_probe_pipeline.py,SUPPORT,repository-git
tools/xmi_pipeline/run_structure_mapping_probe.py,Supporting source/data,562,cdfcc4eaa88b4aee6f34c7a527437ca8676a7825d16fce4b81b5b1e4e06c6367,SOURCE/tools/xmi_pipeline/run_structure_mapping_probe.py,SUPPORT,repository-git
tools/xmi_pipeline/run_xmi_pipeline.py,Supporting source/data,602,132c45875d2a4ca034dcda1e162d9ca1b89971bd5b531f7656442db477da89bb,SOURCE/tools/xmi_pipeline/run_xmi_pipeline.py,SUPPORT,repository-git
tools/xmi_pipeline/work/block_relationship_contract.json,Supporting source/data,2782,b92e41584725f3f5c6c47e0a1ef2342597fb1b85691e4185a56f58a9dc966e9d,SOURCE/tools/xmi_pipeline/work/block_relationship_contract.json,SUPPORT,repository-git
tools/xmi_pipeline/work/full_native_mdxml_manifest_v1.json,Supporting source/data,12226,f50653b7f358da33a63e5b58e9b1666486278bb79ffdbab59d0613cc993f52f1,SOURCE/tools/xmi_pipeline/work/full_native_mdxml_manifest_v1.json,SUPPORT,repository-git
tools/xmi_pipeline/work/full_upward_model_manifest_v1.json,Supporting source/data,634,e83c0a43ff8e00d9f5b76b10351f97b53089abbbf03743451eb8807c59720ef9,SOURCE/tools/xmi_pipeline/work/full_upward_model_manifest_v1.json,SUPPORT,repository-git
tools/xmi_pipeline/work/full_upward_pipeline_run_manifest_v1.json,Supporting source/data,532,3b4837d342f1cb1ad7f2b4eb7b39b7b69ee9ca6ec41dde3d0d0a1629d99ae5ef,SOURCE/tools/xmi_pipeline/work/full_upward_pipeline_run_manifest_v1.json,SUPPORT,repository-git
tools/xmi_pipeline/work/full_upward_validation_v1.json,Supporting source/data,3839,d1b0bbb9685d542ccde5685700ab072b94ec6c53a1609baae425cbd99b673859,SOURCE/tools/xmi_pipeline/work/full_upward_validation_v1.json,SUPPORT,repository-git
tools/xmi_pipeline/work/gold2_connector_contract_v2.json,Supporting source/data,845,e29228731c8e5c8e802a02a7bce465d51876c8e61e3c70dcc628d6d449b48621,SOURCE/tools/xmi_pipeline/work/gold2_connector_contract_v2.json,SUPPORT,repository-git
tools/xmi_pipeline/work/gold2_full_inventory_v1.json,Supporting source/data,730082,4fa0c54958f184efd6b34ddaa328ff0a2f745853e6ca195dfee2247fe2bf0f3a,SOURCE/tools/xmi_pipeline/work/gold2_full_inventory_v1.json,SUPPORT,repository-git
tools/xmi_pipeline/work/gold2_ibd_contract_v2.json,Supporting source/data,605,bec3432e2c7a12aed4d66075432460f4626958137033169a8e827efd5e8a535e,SOURCE/tools/xmi_pipeline/work/gold2_ibd_contract_v2.json,SUPPORT,repository-git
tools/xmi_pipeline/work/gold2_structure_contract_v2.json,Supporting source/data,760,c13b530718e08fbdc4129d6f3284a39c29aaa3e0cc51722934942bab0d1d7184,SOURCE/tools/xmi_pipeline/work/gold2_structure_contract_v2.json,SUPPORT,repository-git
tools/xmi_pipeline/work/gold_mdxml_inventory.json,Supporting source/data,15995,2e80ffd54047188ea5c599f31bf0bd9ada0c660b657e04a4b59e55070eb0c2e6,SOURCE/tools/xmi_pipeline/work/gold_mdxml_inventory.json,SUPPORT,repository-git
tools/xmi_pipeline/work/hierarchical_connection_projection_v1.json,Supporting source/data,1138745,ca1110b4f56fa80861e3c900243b020d8d122293307a5d1859f691995a33f336,SOURCE/tools/xmi_pipeline/work/hierarchical_connection_projection_v1.json,SUPPORT,repository-git
tools/xmi_pipeline/work/hierarchical_connector_kind_v2.json,Supporting source/data,921685,1eda9307555cfd0610633bd908bfbefd31cfa218a1904b1ec279111ec452a83d,SOURCE/tools/xmi_pipeline/work/hierarchical_connector_kind_v2.json,SUPPORT,repository-git
tools/xmi_pipeline/work/ibd_generation_plan_v1.json,Supporting source/data,536308,419e40ba629fef36766c3cec669b77deddc4f29250b7f4287cc526fd58cbc0c2,SOURCE/tools/xmi_pipeline/work/ibd_generation_plan_v1.json,SUPPORT,repository-git
tools/xmi_pipeline/work/integrated_direction_contract_v2.json,Supporting source/data,658,1cf455ec7254d782e9de79e64cf2e9d726b3c20dbfd7c99fc829018bb24b65f2,SOURCE/tools/xmi_pipeline/work/integrated_direction_contract_v2.json,SUPPORT,repository-git
tools/xmi_pipeline/work/integrated_icd_contract_v2.json,Supporting source/data,932,c26a9d113ce6eb28f0aaae5473135f5f726657782bb9d07222a64fcf732eaf7c,SOURCE/tools/xmi_pipeline/work/integrated_icd_contract_v2.json,SUPPORT,repository-git
tools/xmi_pipeline/work/integrated_itemflow_contract_v2.json,Supporting source/data,590,1fe651f2f0e91654a6d29afb818181a5ed0f4dfede4098d1d6317f75c4fdb661,SOURCE/tools/xmi_pipeline/work/integrated_itemflow_contract_v2.json,SUPPORT,repository-git
tools/xmi_pipeline/work/integrated_probe_icd_4235_5111_v2.json,Supporting source/data,9207,a18fb144a834656908d8b7f54d3c837e865204edd837a33af395e2f8d797f303,SOURCE/tools/xmi_pipeline/work/integrated_probe_icd_4235_5111_v2.json,SUPPORT,repository-git
tools/xmi_pipeline/work/integrated_probe_v2_manifest.json,Supporting source/data,2454,cdfff815aa81e41cda6a47f63b0cfcfb2d535ba1764d9efea5cbd4caa29760c8,SOURCE/tools/xmi_pipeline/work/integrated_probe_v2_manifest.json,SUPPORT,repository-git
tools/xmi_pipeline/work/integrated_probe_validation_v2.json,Supporting source/data,3660,54adf1d767e4cb0bacce61f1fb6ff96e72c3583cea00697d9175fe525d418ffa,SOURCE/tools/xmi_pipeline/work/integrated_probe_validation_v2.json,SUPPORT,repository-git
tools/xmi_pipeline/work/interface_human_name_map.json,Supporting source/data,410672,662f915730aab6b667e7aeca4449a7d9ec75bd83e75b5e4176fa3b75d00bf0b9,SOURCE/tools/xmi_pipeline/work/interface_human_name_map.json,SUPPORT,repository-git
tools/xmi_pipeline/work/itemflow_display_validation_v6.json,Supporting source/data,3091,5d838c73ba622bbcffb114efc31ff2572ebfe59abbc3f3435fe40f2f11bd5c4b,SOURCE/tools/xmi_pipeline/work/itemflow_display_validation_v6.json,SUPPORT,repository-git
tools/xmi_pipeline/work/itemflow_mapping_contract_v2.json,Supporting source/data,229146,f909ac34de714444302a71c5911bfed94573d76ea512cbfd1bdfc28a81644e0d,SOURCE/tools/xmi_pipeline/work/itemflow_mapping_contract_v2.json,SUPPORT,repository-git
tools/xmi_pipeline/work/itemflow_probe_v5_manifest.json,Supporting source/data,504,86ecf38557cd4e7638cf725def808b519f7a2e5e59527a4ed66c1a4e0f559170,SOURCE/tools/xmi_pipeline/work/itemflow_probe_v5_manifest.json,SUPPORT,repository-git
tools/xmi_pipeline/work/itemflow_probe_v6_manifest.json,Supporting source/data,652,1bd9698f2a28f3b79bfd1c7fb7d70a548ca576f7df10ba73f0a68a6a5941c290,SOURCE/tools/xmi_pipeline/work/itemflow_probe_v6_manifest.json,SUPPORT,repository-git
tools/xmi_pipeline/work/itemflow_validation.json,Supporting source/data,4723,633c146b622d33ca7edab3004b6018b35086703efbda8847329ffc442ed34961,SOURCE/tools/xmi_pipeline/work/itemflow_validation.json,SUPPORT,repository-git
tools/xmi_pipeline/work/magicdraw2022x_compatibility_contract.json,Supporting source/data,6202,4e4bf899112e64227388b6a1642c5f88642168ff21fe9c49d83dc37e2b8420f4,SOURCE/tools/xmi_pipeline/work/magicdraw2022x_compatibility_contract.json,SUPPORT,repository-git
tools/xmi_pipeline/work/magicdraw_block_package_contract_v2.json,Supporting source/data,699,b52e3babffd881ecb2516badec5b6d7ba326dd33d47161332d297afff46041da,SOURCE/tools/xmi_pipeline/work/magicdraw_block_package_contract_v2.json,SUPPORT,repository-git
tools/xmi_pipeline/work/magicdraw_gold_presentation_contract_v1.json,Supporting source/data,12323,277e64465dc634b2ec1cb76ee71b056f7170bedacb67a671c44c2afc72811bd4,SOURCE/tools/xmi_pipeline/work/magicdraw_gold_presentation_contract_v1.json,SUPPORT,repository-git
tools/xmi_pipeline/work/magicdraw_itemflow_presentation_contract_v6.json,Supporting source/data,3062,d0e5d529674000b5f565ff103699c794c37f914c4253bba3698b604ec6166245,SOURCE/tools/xmi_pipeline/work/magicdraw_itemflow_presentation_contract_v6.json,SUPPORT,repository-git
tools/xmi_pipeline/work/magicdraw_native_probe_v7_manifest.json,Supporting source/data,1816,c4bfbd21c12eaff2597e45e361a96d20475ca87c9507d8cc556d91040b01dff0,SOURCE/tools/xmi_pipeline/work/magicdraw_native_probe_v7_manifest.json,SUPPORT,repository-git
tools/xmi_pipeline/work/magicdraw_native_probe_v7_validation.json,Supporting source/data,2865,99c5ed44e11aca5b7816029123d6f668972f60e94f449abcb4eaad4089bd9fb7,SOURCE/tools/xmi_pipeline/work/magicdraw_native_probe_v7_validation.json,SUPPORT,repository-git
tools/xmi_pipeline/work/magicdraw_profile_inventory.json,Supporting source/data,6724,b7b9d762b37f0ef944adbcbaea13deed22e844161d706c5401792911cc82394b,SOURCE/tools/xmi_pipeline/work/magicdraw_profile_inventory.json,SUPPORT,repository-git
tools/xmi_pipeline/work/md2022x_probe_build_manifest.json,Supporting source/data,392,cd50ed208312aa3cb949aacf50f0bf696f6a2bd74ea7b165a547f3c36c97d87b,SOURCE/tools/xmi_pipeline/work/md2022x_probe_build_manifest.json,SUPPORT,repository-git
tools/xmi_pipeline/work/md2022x_probe_qa.json,Supporting source/data,6666,fb880aee956f334078453df4300fedc88f3cb6c64d48822df6b76396436ce57e,SOURCE/tools/xmi_pipeline/work/md2022x_probe_qa.json,SUPPORT,repository-git
tools/xmi_pipeline/work/port_direction_resolution.json,Supporting source/data,383805,8bff147ed45afbd0e7dd428eda166b888c1d6fdd254636ee5b39db9ec3b0811d,SOURCE/tools/xmi_pipeline/work/port_direction_resolution.json,SUPPORT,repository-git
tools/xmi_pipeline/work/standards_inventory.json,Supporting source/data,2918,9dbca2c866c6a3d6a05b071cf926cf33bde8522530c4dbd003773053321b0152,SOURCE/tools/xmi_pipeline/work/standards_inventory.json,SUPPORT,repository-git
tools/xmi_pipeline/work/structure_mapping_contract_v2.json,Supporting source/data,52258,dc8333dc8ef55ab3559cfe277b09a537c67917ea578adfc0ac353c69cb6ab07e,SOURCE/tools/xmi_pipeline/work/structure_mapping_contract_v2.json,SUPPORT,repository-git
tools/xmi_pipeline/work/structure_probe_v4_manifest.json,Supporting source/data,426,5d74e4daa29f1987bbacc8d2d03481a3dbe35e776146b767176a108a0f7c7215,SOURCE/tools/xmi_pipeline/work/structure_probe_v4_manifest.json,SUPPORT,repository-git
tools/xmi_pipeline/work/structure_probe_v4_qa.json,Supporting source/data,5631,818b0b08ea2e3071a2cd50fc87d89f37ec5c90bcc98ceb4d29216c171622e40f,SOURCE/tools/xmi_pipeline/work/structure_probe_v4_qa.json,SUPPORT,repository-git
tools/xmi_pipeline/work/sysml17_mapping_contract.json,Supporting source/data,32762,707318fd94989c4c17336cdc09ce2ec038e68509370c9833f8f1755cdcd7df94,SOURCE/tools/xmi_pipeline/work/sysml17_mapping_contract.json,SUPPORT,repository-git
tools/xmi_pipeline/work/sysml17_profile_parse.json,Supporting source/data,57124,7108117d4bda4fdfdb92c2aa76c3c7c1ecc526c0016c0a682be486f6c3c83a9a,SOURCE/tools/xmi_pipeline/work/sysml17_profile_parse.json,SUPPORT,repository-git
tools/xmi_pipeline/work/upward_ibd_inference_qa_v1.json,Supporting source/data,1185,ac1893696297942c823ad7534bcf16da4fbef762a31031af273d620d39f0239b,SOURCE/tools/xmi_pipeline/work/upward_ibd_inference_qa_v1.json,SUPPORT,repository-git
tools/xmi_pipeline/work/upward_port_inference_v1.json,Supporting source/data,1009266,61ae868601f5f80819d834bb49f9448a303c73b743505d875f0a4a567f2f2e10,SOURCE/tools/xmi_pipeline/work/upward_port_inference_v1.json,SUPPORT,repository-git
tools/xmi_pipeline/work/xmi_build_manifest.json,Supporting source/data,1499,ad2c825eb0a52fa1d1d3ecc464206131184ce6347c53de17c8f9ffd771b06e42,SOURCE/tools/xmi_pipeline/work/xmi_build_manifest.json,SUPPORT,repository-git
tools/xmi_pipeline/work/xmi_duplicate_audit.json,Supporting source/data,2512,801f34588b2f670266526f0f63c33e00d196aaa7f60566c1d3d799e2771c009d,SOURCE/tools/xmi_pipeline/work/xmi_duplicate_audit.json,SUPPORT,repository-git
tools/xmi_pipeline/work/xmi_validation_results.json,Supporting source/data,5419,1a2c32cef1887235e8952630f1aafdbdbb333c46c90ecb7b63a46e47407e9ee2,SOURCE/tools/xmi_pipeline/work/xmi_validation_results.json,SUPPORT,repository-git
ui/README.md,Supporting source/data,722,734182c06ace6bf09fe4dccb9a61f101d275e65c3b82ef9d18634e64133bb69a,SOURCE/ui/README.md,SUPPORT,repository-git
ui/backend/.gitignore,UI backend,38,c4a362a17926b00bb3b0ba4b00d1a6302560bb999d2c26ccba858b461bae35dd,SOURCE/ui/backend/.gitignore,SUPPORT,repository-git
ui/backend/app/__init__.py,UI backend,28,5127ee9d95f78d64e1ab73e64aed744c1fefb5ad89a00c8c8b52857e8d68f60c,SOURCE/ui/backend/app/__init__.py,SUPPORT,repository-git
ui/backend/app/api/__init__.py,UI backend,23,5323279183dcabc63413303be1dc76b4cb2d7dcc736a54c92cc8b4452e3e2ae9,SOURCE/ui/backend/app/api/__init__.py,SUPPORT,repository-git
ui/backend/app/api/semantic.py,UI backend,1691,a064105e3e730ce21291b63a18477933e46e7d24b2fdc1533013879f4a119186,SOURCE/ui/backend/app/api/semantic.py,SUPPORT,repository-git
ui/backend/app/config.py,UI backend,789,16d9d7f07d32d477cf66ebd5fa7da48471692653584c6ac5e8d59d58a499d49c,SOURCE/ui/backend/app/config.py,SUPPORT,repository-git
ui/backend/app/main.py,UI backend,11997,343bf26dd5025a9dfcf0c13a9eb703cdab92765765ea365a1c5c99d0abfd043a,SOURCE/ui/backend/app/main.py,SUPPORT,repository-git
ui/backend/app/parsers/__init__.py,UI backend,60,e3a1015ee034ac89e923d241c77e9481b84905386b7f12a308da2cbf2571aab2,SOURCE/ui/backend/app/parsers/__init__.py,SUPPORT,repository-git
ui/backend/app/parsers/ssd_parser.py,UI backend,2943,885cfd73c7bbb705e003bf420b2cf5a421f2ec98277a0496e9c6902623d568b8,SOURCE/ui/backend/app/parsers/ssd_parser.py,SUPPORT,repository-git
ui/backend/app/parsers/sysml_adapter.py,UI backend,10828,c1d8e4b6cc1dbb5ccd92ae4cf98c6e9a7d86ca78b94427f5cdaade7c94b406ef,SOURCE/ui/backend/app/parsers/sysml_adapter.py,SUPPORT,repository-git
ui/backend/app/services/__init__.py,UI backend,54,fb5ba04e17af102dd65463a186e5cd72dba2cbcf9f59abe5b93d53dd4c09931d,SOURCE/ui/backend/app/services/__init__.py,SUPPORT,repository-git
ui/backend/app/services/llm/__init__.py,UI backend,90,6176b549f525a8881824d82d50e02609c3c78429f132f2c3d366206a427b090a,SOURCE/ui/backend/app/services/llm/__init__.py,SUPPORT,repository-git
ui/backend/app/services/llm/base.py,UI backend,214,954e375d07d9cdedde6976130d56e91066d39efeb74cd6e78697266608d53dec,SOURCE/ui/backend/app/services/llm/base.py,SUPPORT,repository-git
ui/backend/app/services/llm/qwen_client.py,UI backend,2005,45e3dc30337a2861382d53cf69248c493bd7d9b6c1d39a82cf6bb72ac2bc7554,SOURCE/ui/backend/app/services/llm/qwen_client.py,SUPPORT,repository-git
ui/backend/app/services/llm/schemas.py,UI backend,256,515c2037ddfb88fc4fcef41cb768304989a941de9a33b8b27f2c0ee58ca4ed62,SOURCE/ui/backend/app/services/llm/schemas.py,SUPPORT,repository-git
ui/backend/app/services/llm/semantic_router.py,UI backend,1190,1835f063cc2849ec4591f3133a72668a431bf9a4fb140926f28713921e9e32fa,SOURCE/ui/backend/app/services/llm/semantic_router.py,SUPPORT,repository-git
ui/backend/app/services/model_graph_service.py,UI backend,15260,59d4424f2f9c2830211669e4e3dc81fa4697528fe0c3afb2a255c6961223706e,SOURCE/ui/backend/app/services/model_graph_service.py,SUPPORT,repository-git
ui/backend/app/services/neo4j_service.py,UI backend,5055,3c62305daaf0161c1b93a4d315631609d3d4ab30114206154d2a466ea07332d2,SOURCE/ui/backend/app/services/neo4j_service.py,SUPPORT,repository-git
ui/backend/app/services/semantic/__init__.py,UI backend,84,c2a45eed5c8637da9b9cd131d775f8f718dfba688c8ce98f802a553be5ee62a9,SOURCE/ui/backend/app/services/semantic/__init__.py,SUPPORT,repository-git
ui/backend/app/services/semantic/catalog_loader.py,UI backend,2038,185c8a2483422a3475bf16aa7adf0f56ff7d97cff18201f067a70abeeefc3df8,SOURCE/ui/backend/app/services/semantic/catalog_loader.py,SUPPORT,repository-git
ui/backend/app/services/semantic/local_matcher.py,UI backend,3583,0121b33dda24c51396b3b35b46f8c4f0680f5ad6d26638b3fafce378333c0dd8,SOURCE/ui/backend/app/services/semantic/local_matcher.py,SUPPORT,repository-git
ui/backend/app/services/semantic/query_service.py,UI backend,5897,c7bea352e6afdf9f2c5b4530a2680823d38b69772a4b23eff5d217d76fe847bc,SOURCE/ui/backend/app/services/semantic/query_service.py,SUPPORT,repository-git
ui/backend/app/services/task_slice_service.py,UI backend,6677,3a1a547467749344291f9fcdc1a4159e13e2f72fd3a31c603b575fa6456ca2e0,SOURCE/ui/backend/app/services/task_slice_service.py,SUPPORT,repository-git
ui/backend/data/semantic_slice/data_build_manifest.json,UI backend,1358,4a4760e349bd6d831dc8591f7fe4a3bcbb63aa47cf378c6fbe2cb70ca7539ec8,SOURCE/ui/backend/data/semantic_slice/data_build_manifest.json,SUPPORT,repository-git
ui/backend/data/semantic_slice/function_catalog.json,UI backend,161896,2236b0b31b331b93abd05df2452726134e39c73d597bef82a9fc468d1bcee4d2,SOURCE/ui/backend/data/semantic_slice/function_catalog.json,SUPPORT,repository-git
ui/backend/data/semantic_slice/function_interaction_map.json,UI backend,127269,994ec404d034d9b84dace2b0490606a9a083398c2803c6cb8b49b83522263b05,SOURCE/ui/backend/data/semantic_slice/function_interaction_map.json,SUPPORT,repository-git
ui/backend/data/semantic_slice/function_product_map.json,UI backend,81999,ef5f1bea0e331b6dc1f285bc08bc552313c7cf6ef836096663b3adb51ab6142d,SOURCE/ui/backend/data/semantic_slice/function_product_map.json,SUPPORT,repository-git
ui/backend/data/semantic_slice/function_requirement_coverage_v2.json,UI backend,146861,506ec4738f9da94293d9f749aeb075c2c1f4b648a7d986bc521011623a9aa2bb,SOURCE/ui/backend/data/semantic_slice/function_requirement_coverage_v2.json,SUPPORT,repository-git
ui/backend/data/semantic_slice/l2_interaction_catalog.json,UI backend,85470,072893b6fc96374a5eafe5ddad22cff8c6f6eb74fe097970a2b7eb6e6efd9186,SOURCE/ui/backend/data/semantic_slice/l2_interaction_catalog.json,SUPPORT,repository-git
ui/backend/data/semantic_slice/product_catalog.json,UI backend,96333,4b2b807bdba8ad63a4bb4c5c8f0b2616c4404b8ede910850c7d7d0b7de40c2d3,SOURCE/ui/backend/data/semantic_slice/product_catalog.json,SUPPORT,repository-git
ui/backend/data/semantic_slice/requirement_catalog.json,UI backend,55659,34c1350a27df3b047399920d5729281dd6b9a204d537b6d8dda265561640dea6,SOURCE/ui/backend/data/semantic_slice/requirement_catalog.json,SUPPORT,repository-git
ui/backend/data/semantic_slice/requirement_catalog_v2.json,UI backend,146955,123412457c62312ecffa7b923bb2567ec181fb637a6671c42b1755339ac3beb1,SOURCE/ui/backend/data/semantic_slice/requirement_catalog_v2.json,SUPPORT,repository-git
ui/backend/data/semantic_slice/requirement_function_candidates.json,UI backend,72,c5b2de0054c0890f69e58913c40aae7585ef0a93ee6047122b2cf03cea23d94f,SOURCE/ui/backend/data/semantic_slice/requirement_function_candidates.json,SUPPORT,repository-git
ui/backend/data/semantic_slice/requirement_function_map.json,UI backend,377742,3914be81deeb5fe7d55e3b7f2121994d8b99cb979bbe074d2d00b6f532de5edc,SOURCE/ui/backend/data/semantic_slice/requirement_function_map.json,SUPPORT,repository-git
ui/backend/data/semantic_slice/requirement_function_map_v2.json,UI backend,567804,8b9273f6e13d34af1982ee57127e365bf249a67a287f1458477c2b2a034671a1,SOURCE/ui/backend/data/semantic_slice/requirement_function_map_v2.json,SUPPORT,repository-git
ui/backend/data/semantic_slice/requirement_function_product_map.json,UI backend,65823,d7e43d5d18988d9deb58054b5677a160848296c2ff29c85db370030135ebf4ac,SOURCE/ui/backend/data/semantic_slice/requirement_function_product_map.json,SUPPORT,repository-git
ui/backend/data/semantic_slice/requirement_search_index_v2.json,UI backend,607021,6541c68e7d86a6d51a412fa3bbf8a3a3807a9d6f3558efd8df9365c6b3975fc0,SOURCE/ui/backend/data/semantic_slice/requirement_search_index_v2.json,SUPPORT,repository-git
ui/backend/data/semantic_slice/requirement_topic_clusters.json,UI backend,5056,3bb03cb031933909d29f3bce42d08f3799e01b2aef6c36acfe3b728089666253,SOURCE/ui/backend/data/semantic_slice/requirement_topic_clusters.json,SUPPORT,repository-git
ui/backend/data/semantic_slice/semantic_cache.json,UI backend,127290,68d5a5b2bdd9b503f0d87107fae7ff1bab3e3c11156f65f9e0c63ff5235b337b,SOURCE/ui/backend/data/semantic_slice/semantic_cache.json,SUPPORT,repository-git
ui/backend/data/semantic_slice/semantic_index.json,UI backend,17413,d485b5e63350d0ad66835b5f9b7e7dc3b89db639ca33ce24ff138b01bfd8a259,SOURCE/ui/backend/data/semantic_slice/semantic_index.json,SUPPORT,repository-git
ui/backend/data/semantic_slice/semantic_query_examples.json,UI backend,313,ee56dd7c6dea4a6e7255d14865a89f3335dfcb06353450fa251a01da6b3412e9,SOURCE/ui/backend/data/semantic_slice/semantic_query_examples.json,SUPPORT,repository-git
ui/backend/requirements.txt,UI backend,130,72b2acbf93346c977746590524c0adcd159f2dbd68446d4b2d0d1f2c5c7cf999,SOURCE/ui/backend/requirements.txt,SUPPORT,repository-git
ui/backend/scripts/build_requirement_strategy.py,UI backend,22180,57706a7bd2542d19cb1cbb9813b57178168b5eebf4aed4152302c1cec0159d75,SOURCE/ui/backend/scripts/build_requirement_strategy.py,SUPPORT,repository-git
ui/backend/scripts/build_requirement_traceability.py,UI backend,24338,5ffbce0a13b27a0dbc8d2d0b365de498ba32914e69cc61583fa6acfbd4e01e42,SOURCE/ui/backend/scripts/build_requirement_traceability.py,SUPPORT,repository-git
ui/backend/scripts/build_semantic_slice.py,UI backend,19054,a3a19ac27f83761fc18724b25c08e881b31972936627f6b241c535bbae6384aa,SOURCE/ui/backend/scripts/build_semantic_slice.py,SUPPORT,repository-git
ui/backend/scripts/validate_requirement_traceability.py,UI backend,8955,67819b5dec74ef3b726ecba225d12fa3f63cbb08fbefc3efa26ff625adca8e06,SOURCE/ui/backend/scripts/validate_requirement_traceability.py,SUPPORT,repository-git
ui/backend/tests/full_model_smoke_test.py,UI backend,2343,1bbbfeb918d45fa4b3822faa6af9c6d3e1b25489da54a80f8a67ff0308321e91,SOURCE/ui/backend/tests/full_model_smoke_test.py,SUPPORT,repository-git
ui/backend/tests/semantic_smoke_test.py,UI backend,2500,12d2361515009e015e852dfbe52b0fb3fe1b75fbeb91ac028aa0d04bd7da21f1,SOURCE/ui/backend/tests/semantic_smoke_test.py,SUPPORT,repository-git
ui/backend/tests/smoke_test.py,UI backend,1093,61254c93f96c7e86d425b8bfe5fd22a4f7ddbc127954b2d0f5ad7ef7c2f470f9,SOURCE/ui/backend/tests/smoke_test.py,SUPPORT,repository-git
ui/docs/Graph_Layout_Baseline.md,Supporting source/data,773,7530ee1cae914e44ee9605763cf44b368bca54cb71c658e1196024ce07bd816e,SOURCE/ui/docs/Graph_Layout_Baseline.md,SUPPORT,repository-git
ui/frontend/index.html,UI frontend,281,15984931b3ee7fd00f9f841445963c5eedcf67af05417d3037b2767ee085b83a,SOURCE/ui/frontend/index.html,SUPPORT,repository-git
ui/frontend/package-lock.json,UI frontend,136269,c0e1599aa89d6b0d058d039ab88f3b5b2d139317fd9f2cafd4bd26d18d3cb563,SOURCE/ui/frontend/package-lock.json,SUPPORT,repository-git
ui/frontend/package.json,UI frontend,895,4c863ffbfc4c6ef8afdd85424f8f6c8070480e6afbd7530039268899bf63be6b,SOURCE/ui/frontend/package.json,SUPPORT,repository-git
ui/frontend/src/App.tsx,UI frontend,3035,fb457e182ba4bb5cdb9b1e01a3992ce97318671edce00c9fead8f234f58e06e9,SOURCE/ui/frontend/src/App.tsx,SUPPORT,repository-git
ui/frontend/src/api.ts,UI frontend,334,ecf18ff0835f480036e0b5b13feac231a481a2fcdeb3a431f798d27785dd5929,SOURCE/ui/frontend/src/api.ts,SUPPORT,repository-git
ui/frontend/src/components/ErrorBoundary.tsx,UI frontend,1011,f5773550de963c1eaa848b1c99960f2e1ada94bafe6d752f3fa636a8e545266e,SOURCE/ui/frontend/src/components/ErrorBoundary.tsx,SUPPORT,repository-git
ui/frontend/src/components/engineering/EngineeringFlow.tsx,UI frontend,10413,4ed0296d382538e95b7cc7d838cd9d6a75d1ac12e2e280a13dbd74e2fe9a3245,SOURCE/ui/frontend/src/components/engineering/EngineeringFlow.tsx,SUPPORT,repository-git
ui/frontend/src/components/engineering/EngineeringGraph.tsx,UI frontend,6244,721e0df2f37cd5a268f4e741b8ac018326fd252366d5fc67ec1a9005c7abd7e6,SOURCE/ui/frontend/src/components/engineering/EngineeringGraph.tsx,SUPPORT,repository-git
ui/frontend/src/components/engineering/L2EngineeringNode.tsx,UI frontend,1170,a69b099ad4e5309eb63d9cc63e441479b2a11ddaffef63a5663e5f392bc03992,SOURCE/ui/frontend/src/components/engineering/L2EngineeringNode.tsx,SUPPORT,repository-git
ui/frontend/src/components/engineering/L2GraphPanel.tsx,UI frontend,407,2355ff6bd282ca63ececbda8d147fac35ed2ea550a6475532844532cc17c7466,SOURCE/ui/frontend/src/components/engineering/L2GraphPanel.tsx,SUPPORT,repository-git
ui/frontend/src/components/engineering/SysMLFlowNodes.tsx,UI frontend,5818,f0f98581c314b1ce095387987813353b26fc483024b86adb4fd072285f3828d0,SOURCE/ui/frontend/src/components/engineering/SysMLFlowNodes.tsx,SUPPORT,repository-git
ui/frontend/src/components/engineering/TaskSliceGraph.tsx,UI frontend,4840,f11f38041da9eb2222f89dbe48fc166f909bcc5feac29bceeb840c1a805c6133,SOURCE/ui/frontend/src/components/engineering/TaskSliceGraph.tsx,SUPPORT,repository-git
ui/frontend/src/components/semantic/TraceGraph.tsx,UI frontend,2866,c26e89e41d068be94283ed3bc09101c1b73e1f9893add04db3a5cc3ef6b601fb,SOURCE/ui/frontend/src/components/semantic/TraceGraph.tsx,SUPPORT,repository-git
ui/frontend/src/main.tsx,UI frontend,472,91cabd85db52774fde936d3557e69d8034b63f4d0a5e98828cb7480418c89f3c,SOURCE/ui/frontend/src/main.tsx,SUPPORT,repository-git
ui/frontend/src/pages/BindingPage.tsx,UI frontend,1528,d3cbb4b7eaa57ba1e4ede91fb0c7f0c1fe7700959522345cd62e113e31921765,SOURCE/ui/frontend/src/pages/BindingPage.tsx,SUPPORT,repository-git
ui/frontend/src/pages/DigitalThreadPage.tsx,UI frontend,1928,ee2197f77d39b472cb48310d7a6aa1fa35b3d6d682861c20b2867f406cc77797,SOURCE/ui/frontend/src/pages/DigitalThreadPage.tsx,SUPPORT,repository-git
ui/frontend/src/pages/FmuPage.tsx,UI frontend,969,c2e75eff5349659ab8e00337e59d051e8d549d0b251c321b8db2d6ebbb53e9de,SOURCE/ui/frontend/src/pages/FmuPage.tsx,SUPPORT,repository-git
ui/frontend/src/pages/OverviewPage.tsx,UI frontend,1697,3191bd8c6be54d24c3c2db0e9c2801800390454fbb5a86c675730ed370fd51f7,SOURCE/ui/frontend/src/pages/OverviewPage.tsx,SUPPORT,repository-git
ui/frontend/src/pages/PlaceholderPage.tsx,UI frontend,194,3555e2b6015b6e694fcd5291aaaef754f60e7ce5f5f8c3cad02403920818ca77,SOURCE/ui/frontend/src/pages/PlaceholderPage.tsx,SUPPORT,repository-git
ui/frontend/src/pages/ReplayPage.tsx,UI frontend,2201,836066bd906d745ef953e2063788ca566c00a53b1f870636a1ddce3adbb185f3,SOURCE/ui/frontend/src/pages/ReplayPage.tsx,SUPPORT,repository-git
ui/frontend/src/pages/SSDPage.tsx,UI frontend,1464,5a53209a3d5e3882c445095c1ca67fd8ee9ea04d5742ce50f99de2cefa73b430,SOURCE/ui/frontend/src/pages/SSDPage.tsx,SUPPORT,repository-git
ui/frontend/src/pages/SemanticRequirementPage.tsx,UI frontend,11050,6ae2597794a547ecf55f798fc35c30c84af504e081366ef34b585d54d8cfa568,SOURCE/ui/frontend/src/pages/SemanticRequirementPage.tsx,SUPPORT,repository-git
ui/frontend/src/pages/SspPage.tsx,UI frontend,579,6545705813ccdde829630c3ad1993d2b8de5debe3a7cb587edbc742984881047,SOURCE/ui/frontend/src/pages/SspPage.tsx,SUPPORT,repository-git
ui/frontend/src/pages/SysMLPage.tsx,UI frontend,23561,d6e23936bc4bafc0bede874ee3e6dab7afb17aa564461c2026f52cc46912d3d6,SOURCE/ui/frontend/src/pages/SysMLPage.tsx,SUPPORT,repository-git
ui/frontend/src/pages/TaskSlicePage.tsx,UI frontend,27610,1c12c1da2b11d0347256b3f0e944aef463c34d73686c9bd46183398f76174254,SOURCE/ui/frontend/src/pages/TaskSlicePage.tsx,SUPPORT,repository-git
ui/frontend/src/pages/VVPage.tsx,UI frontend,1442,8e8ed7796b0f0b5fbd1e59a7f15f39c917aa8b2989d0fc465ff95ea978bdd570,SOURCE/ui/frontend/src/pages/VVPage.tsx,SUPPORT,repository-git
ui/frontend/src/services/semanticApi.ts,UI frontend,1186,997a6a988529a0e9491f28582121940ff486482e35c6bf87dde6290b3c789231,SOURCE/ui/frontend/src/services/semanticApi.ts,SUPPORT,repository-git
ui/frontend/src/styles.css,UI frontend,21150,c39e8e32c19a22da3120323a5ff818ace391955a1938dea11028d390eb81dac0,SOURCE/ui/frontend/src/styles.css,SUPPORT,repository-git
ui/frontend/src/types/cytoscape-elk.d.ts,UI frontend,86,205b8a681114fd85ef38db1c1cc6b53c071b936c021c5f485d6c1ec7d6a38f2a,SOURCE/ui/frontend/src/types/cytoscape-elk.d.ts,SUPPORT,repository-git
ui/frontend/tsconfig.app.json,UI frontend,412,2e9541d6feefd9f442e000cc944eb281ff5dbdbd7f327cec0629c0f7df53d1c8,SOURCE/ui/frontend/tsconfig.app.json,SUPPORT,repository-git
ui/frontend/tsconfig.app.tsbuildinfo,UI frontend,366,ccddeb7f151012d097c56d1f70c2e796e6a418bbb225ba97328205c022ff11db,SOURCE/ui/frontend/tsconfig.app.tsbuildinfo,SUPPORT,repository-git
ui/frontend/tsconfig.json,UI frontend,103,3ddfbf037f2f3516a1aee75af82166a381735a2ce3ccadb24f670696f131b267,SOURCE/ui/frontend/tsconfig.json,SUPPORT,repository-git
ui/frontend/tsconfig.node.json,UI frontend,192,705d809f910a83f48067f0c702bc1701cdd6bb09ca1639a18b35cf0973a919cc,SOURCE/ui/frontend/tsconfig.node.json,SUPPORT,repository-git
ui/frontend/tsconfig.node.tsbuildinfo,UI frontend,9108,ee8c3343dac34048e2ef3b0df235a2ab678d1bf00db40b0eaf32efd3afe67ed5,SOURCE/ui/frontend/tsconfig.node.tsbuildinfo,SUPPORT,repository-git
ui/frontend/tsconfig.tsbuildinfo,UI frontend,59,13822be32fadf157a87c8c476a298089770878631b5e6675efaa410997c8ad0b,SOURCE/ui/frontend/tsconfig.tsbuildinfo,SUPPORT,repository-git
ui/frontend/vite.config.d.ts,UI frontend,76,4b96dd19fd2949d28ce80e913412b0026dc421e5bf6c31d87c7b5eb11b5753b4,SOURCE/ui/frontend/vite.config.d.ts,SUPPORT,repository-git
ui/frontend/vite.config.js,UI frontend,219,98198ae4384e48a5f18866984a15a2f541a118dea7009b1240bb97ee56a9b8ec,SOURCE/ui/frontend/vite.config.js,SUPPORT,repository-git
ui/frontend/vite.config.ts,UI frontend,201,22c798eddcccae6a7b5c4a870d2f0df84061dd7b0f518766c9c58e6fc11bb4e0,SOURCE/ui/frontend/vite.config.ts,SUPPORT,repository-git
ui/start_ui.ps1,Supporting source/data,1760,78c9612d0cc1db51833ddc47fd4af1b46b35dd11736efcffc5b7dcf97d3ba3fa,SOURCE/ui/start_ui.ps1,SUPPORT,repository-git
ui/stop_ui.ps1,Supporting source/data,586,cffcf3e9413c816f894898051a81173c228a22917cd22a30be63267a08b82867,SOURCE/ui/stop_ui.ps1,SUPPORT,repository-git
work/Rail_MBSE_Gold2_Integrated_4235_5111_Probe_v2.mdxml,Supporting source/data,760714,1863e6a5a508c82980466d6241fca8d1a5f76b38ecbc3a65aeccd56b8fe84896,SOURCE/work/Rail_MBSE_Gold2_Integrated_4235_5111_Probe_v2.mdxml,SUPPORT,repository-lfs
work/Rail_MBSE_ItemFlow_native_probe_v7.mdxml,Supporting source/data,410503,b83cb62ee91a0b1a3f90e2945e1517c85566087c0c91aa5bd3a98e40a7e34468,SOURCE/work/Rail_MBSE_ItemFlow_native_probe_v7.mdxml,SUPPORT,repository-lfs
work/Rail_MBSE_SysML17_itemflow_probe_v5.xmi,Supporting source/data,16181,6cec7be3489e101e9eec95cdc1425539761f398fcf0d368348a8acbf1359c454,SOURCE/work/Rail_MBSE_SysML17_itemflow_probe_v5.xmi,SUPPORT,repository-git
work/Rail_MBSE_SysML17_itemflow_probe_v6.mdzip,Supporting source/data,95017,78d4a802c203345b6a2f3910fdfbb0569f67587ffeff1ad948ab25c69f4e62c9,SOURCE/work/Rail_MBSE_SysML17_itemflow_probe_v6.mdzip,SUPPORT,repository-git
work/Rail_MBSE_SysML17_itemflow_probe_v6.xmi,Supporting source/data,95057,b23e90afa4dd4e21748aa05b2872115c7d1e82bcf3c4712b84fbab7febb44658,SOURCE/work/Rail_MBSE_SysML17_itemflow_probe_v6.xmi,SUPPORT,repository-git
work/Rail_MBSE_SysML17_probe.xmi,Supporting source/data,8129,0756cded480e927cd295d74a064fa89d5f34310ccc7ff70c993a54166c1a2ad6,SOURCE/work/Rail_MBSE_SysML17_probe.xmi,SUPPORT,repository-git
work/Rail_MBSE_SysML17_probe_MD2022x_v3.xmi,Supporting source/data,11307,cc78c6daba5d6f978def293bcc1a7e5f12899717cc7a56affdb59ad31d12ff80,SOURCE/work/Rail_MBSE_SysML17_probe_MD2022x_v3.xmi,SUPPORT,repository-git
work/Rail_MBSE_SysML17_structure_probe_v4.xmi,Supporting source/data,13219,1a0b1543e27087889f586f18c1e1c4683fffce83bebcc872f3d114ef2b4a11f9,SOURCE/work/Rail_MBSE_SysML17_structure_probe_v4.xmi,SUPPORT,repository-git
work/Rail_MBSE_SysML17_v1.xmi,Supporting source/data,1111209,20091a10db4a38c2b94441fdc91776eb7a50b690957c36d4c5c0cfcefb94f7d8,SOURCE/work/Rail_MBSE_SysML17_v1.xmi,SUPPORT,repository-git
work/Rail_MBSE_TractionBrake_Full_UpwardIBD_v1.mdxml,Supporting source/data,10817173,75d644d9eeaff3e110c1b44024ee071111ee31304bff85cb22dbb12bb4a7703d,SOURCE/work/Rail_MBSE_TractionBrake_Full_UpwardIBD_v1.mdxml,SUPPORT,repository-lfs
work/Rail_MBSE_TractionBrake_Full_UpwardIBD_v1.xmi,Supporting source/data,3897986,529a94941e5a823f0cdfdda91efaa7cc2e41e6002e3c6207feacf17514061a41,SOURCE/work/Rail_MBSE_TractionBrake_Full_UpwardIBD_v1.xmi,SUPPORT,repository-git
work/Rail_MBSE_分层接口聚合_v1.json,Supporting source/data,1288120,08b6e416508339b7a5e003f90169cd65048b1c893fc361ea8ba6550f1ec901c6,SOURCE/work/Rail_MBSE_分层接口聚合_v1.json,SUPPORT,repository-git
work/Rail_MBSE_分层接口聚合_v1.xlsx,Supporting source/data,210069,a753a7c1be976602797a1333f0ba45464d5932460ebe168a17ee59637fc4fa80,SOURCE/work/Rail_MBSE_分层接口聚合_v1.xlsx,SUPPORT,repository-git
work/analysis/build_requirement_library_v2.py,Supporting source/data,56814,612a0f1b6b67d47459e39460cf209bb4d6d897c36e5bbadd6ad372bcc1632fc7,SOURCE/work/analysis/build_requirement_library_v2.py,SUPPORT,repository-git
work/analysis/build_requirement_traceability_v2_sysml.py,Supporting source/data,35989,d1821082604e3bd9bb894b38089976a88dfcbf618fc685b6bc785a733493d436,SOURCE/work/analysis/build_requirement_traceability_v2_sysml.py,SUPPORT,repository-git
work/analysis/make_requirement_library_v2.mjs,Supporting source/data,11802,2f3a9667bf43556a7186a14b57800c1d60a80385a40ca165b871218013c51468,SOURCE/work/analysis/make_requirement_library_v2.mjs,SUPPORT,repository-git
work/analysis/requirement_library_v2_bundle.json,Supporting source/data,1505798,c4c93e80c337e6298cbe977eff012611749dff0be5c674fd6beb0c42ff858421,SOURCE/work/analysis/requirement_library_v2_bundle.json,SUPPORT,repository-git
work/analysis/requirement_library_v2_previews/.png,Supporting source/data,207765,78f2f9b19fcbe79807725564916717221fd51f181de45e3ea9027e87e8cb1228,SOURCE/work/analysis/requirement_library_v2_previews/.png,SUPPORT,repository-git
work/analysis/requirement_library_v2_previews/Function.png,Supporting source/data,138598,8f990ef95755b49017f0d41d40a60ef7ab60b8357a991644ab08d7d3542a6e2f,SOURCE/work/analysis/requirement_library_v2_previews/Function.png,SUPPORT,repository-git
work/analysis/requirement_library_v2_previews/derived_requirements.png,Supporting source/data,216311,e6a6526ec6c616281130e8d27008a20ba036739fb090b5faae4acf2348f8907e,SOURCE/work/analysis/requirement_library_v2_previews/derived_requirements.png,SUPPORT,repository-git
work/analysis/requirement_library_v2_previews/formal_requirements.png,Supporting source/data,90048,d4ca9c13170842638d3e6eca18698fdd14f15bc03c0a6dc33bd2bb3295dfcd4a,SOURCE/work/analysis/requirement_library_v2_previews/formal_requirements.png,SUPPORT,repository-git
work/analysis/requirement_library_v2_previews/function_coverage_audit.png,Supporting source/data,144450,1b4ba4b94035855808f2f82a0b69c5dedd130474011fd0ba93e2e1863a2ebfda,SOURCE/work/analysis/requirement_library_v2_previews/function_coverage_audit.png,SUPPORT,repository-git
work/analysis/requirement_library_v2_previews/keyword_search_index.png,Supporting source/data,110886,ee2db1c5eacb6961aa0adc50698ee0d1a2d2339cda8ccddf14da9b82c899edf2,SOURCE/work/analysis/requirement_library_v2_previews/keyword_search_index.png,SUPPORT,repository-git
work/analysis/requirement_library_v2_previews/original_requirements.png,Supporting source/data,146267,14867410aa6de09b8a25bb5213904e226a92475432d924ea07ca2a563843c61f,SOURCE/work/analysis/requirement_library_v2_previews/original_requirements.png,SUPPORT,repository-git
work/analysis/requirement_library_v2_previews/requirement_function_map.png,Supporting source/data,189929,0ac7c9637329b6d9ccac76869b4fa3657204115b98aece379fbbe87f60355c03,SOURCE/work/analysis/requirement_library_v2_previews/requirement_function_map.png,SUPPORT,repository-git
work/analysis/requirement_library_v2_previews/requirement_topic_clusters.png,Supporting source/data,191431,e96b432563ed2a4ad619708c56ea355237d2a351d956ef780b906a48302b328c,SOURCE/work/analysis/requirement_library_v2_previews/requirement_topic_clusters.png,SUPPORT,repository-git
work/analysis/requirement_library_v2_previews/summary.png,Supporting source/data,131409,31bec98de63ab569bc926261cd0a5e271ed52f51e3e416ddc280fc1e36dcfb89,SOURCE/work/analysis/requirement_library_v2_previews/summary.png,SUPPORT,repository-git
work/analysis/simulation_parameter_audit/01_parameter_inventory.csv,Supporting source/data,34541,a2e52b93aa1950fdabb6e71276ba4c89d522d1a406313a5766f6e1852f285655,SOURCE/work/analysis/simulation_parameter_audit/01_parameter_inventory.csv,SUPPORT,repository-git
work/analysis/simulation_parameter_audit/02_parameter_inventory.xlsx,Supporting source/data,64965,287e438573dbc2bf4f44fe25d960eec2683e03c3ed94a6bed98b9adbbcdbec62,SOURCE/work/analysis/simulation_parameter_audit/02_parameter_inventory.xlsx,SUPPORT,repository-git
work/analysis/simulation_parameter_audit/03_parameter_provenance.json,Supporting source/data,29467,14bd2cef46f4913b0707fc27663fa9a69e87717eb75a5075b7d9bfd44ce1fd66,SOURCE/work/analysis/simulation_parameter_audit/03_parameter_provenance.json,SUPPORT,repository-git
work/analysis/simulation_parameter_audit/04_override_chain.csv,Supporting source/data,9570,91ac7307431699e36cedd91432c8cf43af5e0f58eb17d4fc61bcc6dbb228bc6e,SOURCE/work/analysis/simulation_parameter_audit/04_override_chain.csv,SUPPORT,repository-git
work/analysis/simulation_parameter_audit/05_vehicle_profile.md,Supporting source/data,11553,d95cadb04e38116bcc147a5806eb38f872acad5f631ef8cc56e8bac26d712489,SOURCE/work/analysis/simulation_parameter_audit/05_vehicle_profile.md,SUPPORT,repository-git
work/analysis/simulation_parameter_audit/06_external_conditions.md,Supporting source/data,13061,385eb2845c2ed38d5d9c183af9f800728c4d9beba35894d0ce194437c6257de4,SOURCE/work/analysis/simulation_parameter_audit/06_external_conditions.md,SUPPORT,repository-git
work/analysis/simulation_parameter_audit/07_missing_and_conflicting_parameters.md,Supporting source/data,22561,c43b46f71aa882d07bf3c1efa38a533915902de70d96b13fd777794c4d7441ce,SOURCE/work/analysis/simulation_parameter_audit/07_missing_and_conflicting_parameters.md,SUPPORT,repository-git
work/analysis/simulation_parameter_audit/08_parameter_summary.md,Supporting source/data,20411,c3874b154f46d2a66560912763d058781877f1fe4b629c68b9c430647bea0693,SOURCE/work/analysis/simulation_parameter_audit/08_parameter_summary.md,SUPPORT,repository-git
work/architecture_xmi_ready.json,Supporting source/data,1312914,429f2448e2211d0131cf9d64d8ae7ee968acc5382491f04f9e909a3f1b0e6f98,SOURCE/work/architecture_xmi_ready.json,SUPPORT,repository-git
work/architecture_xmi_ready.schema.json,Supporting source/data,4599,a28a72d69a2ceea672af3db1b4e25aac7c55c323b8edc51309a1e9d9ea8343b1,SOURCE/work/architecture_xmi_ready.schema.json,SUPPORT,repository-git
work/architecture_xmi_ready_v1.json,Supporting source/data,1283006,8a103b3c2f59a2067a3996efd72f89e840c7f600e6ff8fb0d914ba6be958ff23,SOURCE/work/architecture_xmi_ready_v1.json,SUPPORT,repository-git
work/gold.mdxml,Supporting source/data,413219,3e022d5a9d3bd6192956b76f622f6be197dedc4939f822e8af33ec582fd36712,SOURCE/work/gold.mdxml,SUPPORT,repository-lfs
work/gold2.mdxml,Supporting source/data,793643,5f37209b06d1d64fe97f5264e490b7611fba9b1a9dfa9195f2f1810a82b3ee60,SOURCE/work/gold2.mdxml,SUPPORT,repository-lfs
work/gold2.mdzip,Supporting source/data,191110,f1e14c6055a9afabe08f5603877db84d8bb0cc2f16cd1d384cc6eaa59223b86c,SOURCE/work/gold2.mdzip,SUPPORT,repository-git
work/gold2.xml,Supporting source/data,793643,16816c1f3cf5ec41a6e480a067e9e46222fd1e0a38ac5a21019ae83aba1cb2d5,SOURCE/work/gold2.xml,SUPPORT,repository-git
work/reports/FULL_IBD_COMPLETENESS.json,Supporting source/data,25936,3d1d86bc2a2880ca391368c265b5d113b766d8129ff75746db79624378757eb2,SOURCE/work/reports/FULL_IBD_COMPLETENESS.json,SUPPORT,repository-git
work/reports/FULL_PRODUCT_HIERARCHY.json,Supporting source/data,45555,802b5cadc08f403a3d151cfa08fc5ac31f1a7d002c702ac269d6806317986cfa,SOURCE/work/reports/FULL_PRODUCT_HIERARCHY.json,SUPPORT,repository-git
work/reports/FULL_RELATION_ENDPOINTS.json,Supporting source/data,743488,04e5f8ed60bf7a19a08bb59fef18df3772d98a0b566c3f20abad7a9dc8d4dd89,SOURCE/work/reports/FULL_RELATION_ENDPOINTS.json,SUPPORT,repository-git
work/reports/FULL_SYSON_FINAL_QA.json,Supporting source/data,42116,0a3de29731f6de8b6ddf12afb809201028b581858dd15707fd2200df4c111938,SOURCE/work/reports/FULL_SYSON_FINAL_QA.json,SUPPORT,repository-git
work/reports/FULL_SYSON_SMOKE.json,Supporting source/data,3312,178ad99eafb609f6df0fc11c1f016b07adbc59ca624a2cdbf733f0bc15aa3edf,SOURCE/work/reports/FULL_SYSON_SMOKE.json,SUPPORT,repository-git
work/reports/FULL_SYSON_VIEW_REGISTRY.json,Supporting source/data,158980,32dc5897dda06ab52778c28e7fa20bc8892f1c11cb8a09ef7d74b6c2a2032ff1,SOURCE/work/reports/FULL_SYSON_VIEW_REGISTRY.json,SUPPORT,repository-git
work/reports/HIERARCHICAL_IBD_CLOSURE_REPORT.md,Supporting source/data,21017,e5c652bf9acd9c92aacd972422659352a64e22aa1bdea7253934f2eca0140879,SOURCE/work/reports/HIERARCHICAL_IBD_CLOSURE_REPORT.md,SUPPORT,repository-git
work/reports/IBD_PORT_OWNERSHIP_AUDIT_3110.json,Supporting source/data,35748,09399cbe27ba06161665cc244f665eae4dad0f11fab6220e65537a01ec14dcff,SOURCE/work/reports/IBD_PORT_OWNERSHIP_AUDIT_3110.json,SUPPORT,repository-git
work/reports/IBD_PORT_OWNERSHIP_AUDIT_X130.json,Supporting source/data,50538,7c972fda25c131161e7d9e33616846d53f5ed7a7ebd3410de619ef5e42c6fd90,SOURCE/work/reports/IBD_PORT_OWNERSHIP_AUDIT_X130.json,SUPPORT,repository-git
work/reports/IBD_V3_TWO_SMOKE_DIAGNOSTIC.md,Supporting source/data,4966,a89f4a0d1be4477644666f47d115c686b36cade3541d44a56ebbe9dffdc04eeb,SOURCE/work/reports/IBD_V3_TWO_SMOKE_DIAGNOSTIC.md,SUPPORT,repository-git
work/reports/NESTED_IBD_BOUNDARY_PROJECTION_REPORT.md,Supporting source/data,3865,a344c8eec6b1aefa3c9228d611df26ddc066cb7d73da360644eacf1a3433b303,SOURCE/work/reports/NESTED_IBD_BOUNDARY_PROJECTION_REPORT.md,SUPPORT,repository-git
work/reports/PORT_ENHANCEMENT_CHANGELOG.xlsx,Supporting source/data,8799,5632ef9d95a08f8bdfd7f8cbf014a73063a64646619eddae4538a84d21f98661,SOURCE/work/reports/PORT_ENHANCEMENT_CHANGELOG.xlsx,SUPPORT,repository-git
work/reports/PORT_ENHANCEMENT_CHANGELOG.xlsx.inspect.ndjson,Supporting source/data,186048,cb6589afcc31c0f4a8e915d2e46dffa8032ba89723e81d8fcd4537a2a8dd312c,SOURCE/work/reports/PORT_ENHANCEMENT_CHANGELOG.xlsx.inspect.ndjson,SUPPORT,repository-git
work/reports/PORT_ENHANCEMENT_REPORT.md,Supporting source/data,1874,a5636868cc6f04f8dabf5b249d3c9bc141aa15f8b5b3d6b2a78ac5699b2500c8,SOURCE/work/reports/PORT_ENHANCEMENT_REPORT.md,SUPPORT,repository-git
work/reports/PORT_GAP_AUDIT.json,Supporting source/data,275674,2d57a999d2efbda4cfc4188c35fd2aa5a8ac8c6437805c8d72dccfca87f3af1a,SOURCE/work/reports/PORT_GAP_AUDIT.json,SUPPORT,repository-git
work/reports/PORT_GAP_AUDIT.md,Supporting source/data,1618,9ae8988d03779acc3e915235b4c702e17722c166b59969bb5f87def9b8ea1bba,SOURCE/work/reports/PORT_GAP_AUDIT.md,SUPPORT,repository-git
work/reports/PORT_RENDER_STATUS.json,Supporting source/data,2098,8a92dc035a9cb47aa20b823686b31dcf28dbb2414e4546f14f9464a16afa73d8,SOURCE/work/reports/PORT_RENDER_STATUS.json,SUPPORT,repository-git
work/reports/REQUIREMENT_FUNCTION_PRODUCT_INTEGRATION_REPORT.md,Supporting source/data,4141,f5a256abc7adc8714c79c14cccf29ee2a5eda84e85a2fc2f5396e65ec94b8eb8,SOURCE/work/reports/REQUIREMENT_FUNCTION_PRODUCT_INTEGRATION_REPORT.md,SUPPORT,repository-git
work/reports/REQUIREMENT_FUNCTION_PRODUCT_MAPPING_AUDIT.md,Supporting source/data,27715,eb4a29deb2f9a9414a48adc64f8b113483fc420bba3cef47fc21043c4527e3e4,SOURCE/work/reports/REQUIREMENT_FUNCTION_PRODUCT_MAPPING_AUDIT.md,SUPPORT,repository-git
work/reports/REQUIREMENT_LIBRARY_V2_EXPANSION_REPORT.md,Supporting source/data,4214,e15434d69077792a12a0a342c85e94455645a9b418384d250276fbc39e458368,SOURCE/work/reports/REQUIREMENT_LIBRARY_V2_EXPANSION_REPORT.md,SUPPORT,repository-git
work/reports/REQUIREMENT_TRACEABILITY_V2_SYSML_REPORT.md,Supporting source/data,3845,d78fcdfb9eed912099ae4d23fbca7cd3b7bec46a057feb1cac4a24d1c8207994,SOURCE/work/reports/REQUIREMENT_TRACEABILITY_V2_SYSML_REPORT.md,SUPPORT,repository-git
work/reports/SEMANTIC_DATA_INTEGRITY_REPORT.md,Supporting source/data,845,16d154b2bc64e865828b6532a9709b568ef14f9ed2fdf9ee19440d8de8dfd3f5,SOURCE/work/reports/SEMANTIC_DATA_INTEGRITY_REPORT.md,SUPPORT,repository-git
work/reports/SYSON_DRILLDOWN_VIEW_API_REPORT.md,Supporting source/data,8177,1b542c896248f38bcc9401ce4fbb579dde301d48301dbad7568f3f7adef6b076,SOURCE/work/reports/SYSON_DRILLDOWN_VIEW_API_REPORT.md,SUPPORT,repository-git
work/reports/SYSON_DYNAMIC_VIEW_GENERATION_REPORT.md,Supporting source/data,6170,2c554d00b736635ba80e6b3b0418db3ef6daeabcf0f946508efafe20a812bdaa,SOURCE/work/reports/SYSON_DYNAMIC_VIEW_GENERATION_REPORT.md,SUPPORT,repository-git
work/reports/SYSON_PORT_ENHANCED_IBD_REPORT.md,Supporting source/data,2339,ddf5cd217f0bd0024056872b923fca225d1651c1b70493291e813dc2ea45ebd5,SOURCE/work/reports/SYSON_PORT_ENHANCED_IBD_REPORT.md,SUPPORT,repository-git
work/simulation/implementation_binding/Component_Inventory.csv,FMI binding,2625,87cf7e38192acbab0adc922ff177ac9df6c6a9cc964baf4f393e1afdb37bcb42,SOURCE/work/simulation/implementation_binding/Component_Inventory.csv,SUPPORT,repository-git
work/simulation/implementation_binding/Connection_Bindings.csv,FMI binding,19403,c944b5d861aa4799238fe92acc57a6a976074ea6795c82c1634c5cf5fa0d82b2,SOURCE/work/simulation/implementation_binding/Connection_Bindings.csv,SUPPORT,repository-git
work/simulation/implementation_binding/Connector_Bindings.csv,FMI binding,117597,d363c1292651cecaaedd04336028c9eff287082cf9385d8e9dbecfdfd1384325,SOURCE/work/simulation/implementation_binding/Connector_Bindings.csv,SUPPORT,repository-git
work/simulation/implementation_binding/Executable_FMU_Variables.csv,FMI binding,70890,216ad521447e7fd2c8a6736f4a163cfd72d562a2e5a4849ac9528e4f627a4d74,SOURCE/work/simulation/implementation_binding/Executable_FMU_Variables.csv,SUPPORT,repository-git
work/simulation/implementation_binding/Executable_Signal_Connections.csv,FMI binding,22054,9347cc8fcd4f728264479922292b733ed88d39cee9dd6ff1e01c0f724906cbe7,SOURCE/work/simulation/implementation_binding/Executable_Signal_Connections.csv,SUPPORT,repository-git
work/simulation/implementation_binding/Executable_Structural_Connector_Resolution.csv,FMI binding,30574,33a0bafab651f6d8f9f05213d8fab772d1b4a739ee264d657b7948e19b10c3cd,SOURCE/work/simulation/implementation_binding/Executable_Structural_Connector_Resolution.csv,SUPPORT,repository-git
work/simulation/implementation_binding/Output_Output_Resolution.md,FMI binding,2190,b18e69e9b71f89b10865b7d85e849615ae6397125a4aacb3d6b30e651de3ab33,SOURCE/work/simulation/implementation_binding/Output_Output_Resolution.md,SUPPORT,repository-git
work/simulation/implementation_binding/Rail_MBSE_Executable_FMU_Interface_Report.md,FMI binding,6315,fdcb1836924c645ee431caa674e94356fa388f1cd2712aa20c182864bf6a43c7,SOURCE/work/simulation/implementation_binding/Rail_MBSE_Executable_FMU_Interface_Report.md,SUPPORT,repository-git
work/simulation/implementation_binding/Rail_MBSE_Executable_FMU_Interface_v1.json,FMI binding,1255809,787dca25cefa398a036b3636084fe65556a847a8a52da57e473784ae62ac837f,SOURCE/work/simulation/implementation_binding/Rail_MBSE_Executable_FMU_Interface_v1.json,FROZEN,repository-git
work/simulation/implementation_binding/Rail_MBSE_Executable_FMU_Interface_v1.xlsx,FMI binding,72591,e59aa3b619f444c473b32c372984fb685183944dae0e4944b791b748f490f11a,SOURCE/work/simulation/implementation_binding/Rail_MBSE_Executable_FMU_Interface_v1.xlsx,SUPPORT,repository-git
work/simulation/implementation_binding/Rail_MBSE_FMU_Implementation_Binding_Report.md,FMI binding,15094,7c39f6565fd493ec075020bc28f7d7f7f1e6de3085302420c8c065c22b6997ab,SOURCE/work/simulation/implementation_binding/Rail_MBSE_FMU_Implementation_Binding_Report.md,SUPPORT,repository-git
work/simulation/implementation_binding/Rail_MBSE_FMU_Implementation_Binding_v1.json,FMI binding,477928,edc4795872a3da0ca6ecd81ddb78d57eb5778cc225ba8ee37674e32ae7948cee,SOURCE/work/simulation/implementation_binding/Rail_MBSE_FMU_Implementation_Binding_v1.json,SUPPORT,repository-git
work/simulation/implementation_binding/Rail_MBSE_FMU_Implementation_Binding_v1.xlsx,FMI binding,53327,3120c712855d8f850f13200a919c2d2b3b50e917fdd0fe8c504255f9cdcbd7ff,SOURCE/work/simulation/implementation_binding/Rail_MBSE_FMU_Implementation_Binding_v1.xlsx,SUPPORT,repository-git
work/simulation/implementation_binding/build_executable_fmu_interface_xlsx.mjs,FMI binding,16968,ea5a7e6ccdfc7d27711977ccf766a6bbc137ad98033e15b5d2ea0fbf8454cb0a,SOURCE/work/simulation/implementation_binding/build_executable_fmu_interface_xlsx.mjs,SUPPORT,repository-git
work/simulation/implementation_binding/build_fmu_binding_xlsx.mjs,FMI binding,14906,52ae3581207e2bc252badee77938b729c135cd05cedf3190a7d43b8f428f1dd1,SOURCE/work/simulation/implementation_binding/build_fmu_binding_xlsx.mjs,SUPPORT,repository-git
work/simulation/implementation_binding/components/L2_3100_binding.json,FMI binding,1631,0636481d4d038e900713b97b3dfd26ce1f0078210e9c184aa29bae88bea671f8,SOURCE/work/simulation/implementation_binding/components/L2_3100_binding.json,SUPPORT,repository-git
work/simulation/implementation_binding/components/L2_3100_executable_interface.json,FMI binding,10772,66aa72c3a0bc9742111068a2e68823aed9dc84d74365e2711aeed0f62ef3fb11,SOURCE/work/simulation/implementation_binding/components/L2_3100_executable_interface.json,SUPPORT,repository-git
work/simulation/implementation_binding/components/L2_3500_binding.json,FMI binding,1020,65bdc138b20fc80bc79d0ed51b71d8a65f88fd1f00be2a69e546c89313d6c47e,SOURCE/work/simulation/implementation_binding/components/L2_3500_binding.json,SUPPORT,repository-git
work/simulation/implementation_binding/components/L2_3500_executable_interface.json,FMI binding,7115,28a1998856a01effdb439652276046d0f18b9ee0a918718435b0c10b06fdf215,SOURCE/work/simulation/implementation_binding/components/L2_3500_executable_interface.json,SUPPORT,repository-git
work/simulation/implementation_binding/components/L2_3600_binding.json,FMI binding,1640,aa1dc44a1458b856dc751c1246b84b432a1182fa5d9d6757b52440f5a2f689da,SOURCE/work/simulation/implementation_binding/components/L2_3600_binding.json,SUPPORT,repository-git
work/simulation/implementation_binding/components/L2_3600_executable_interface.json,FMI binding,7402,88c78b8ecd588755fc1a95c5827bc54a978384ba9f1c7908b177a9d92b1dce9f,SOURCE/work/simulation/implementation_binding/components/L2_3600_executable_interface.json,SUPPORT,repository-git
work/simulation/implementation_binding/components/L2_3800_binding.json,FMI binding,681,dc6c08b595c8f1474ace574c4dccb07efe51eaf5d5a094f4696b4acffcc647a8,SOURCE/work/simulation/implementation_binding/components/L2_3800_binding.json,SUPPORT,repository-git
work/simulation/implementation_binding/components/L2_3800_executable_interface.json,FMI binding,1956,81b39cd72a6b3d44cd813a988a695f3fb204c40c3a38198afe6a78e6cffbb38c,SOURCE/work/simulation/implementation_binding/components/L2_3800_executable_interface.json,SUPPORT,repository-git
work/simulation/implementation_binding/components/L2_4100_binding.json,FMI binding,1291,01dbe6855d39f2310189c4fca0758e01e48093bc74a2f6590023843a4d8d63e7,SOURCE/work/simulation/implementation_binding/components/L2_4100_binding.json,SUPPORT,repository-git
work/simulation/implementation_binding/components/L2_4100_executable_interface.json,FMI binding,8273,a8879d6761c3f67d8b096df926217002a8a16d1f6e7f34c7f2a99b8b58776e14,SOURCE/work/simulation/implementation_binding/components/L2_4100_executable_interface.json,SUPPORT,repository-git
work/simulation/implementation_binding/components/L2_4200_binding.json,FMI binding,4465,86599c608a8bee7dea29bdcf59618f4bf9834ac6a458b74b3e9f30cf4d4f255f,SOURCE/work/simulation/implementation_binding/components/L2_4200_binding.json,SUPPORT,repository-git
work/simulation/implementation_binding/components/L2_4200_executable_interface.json,FMI binding,24614,b5d8f524fdbe4333ddee070314e7f9f434a06da127800b6c8d4d4a7e3bc40abf,SOURCE/work/simulation/implementation_binding/components/L2_4200_executable_interface.json,SUPPORT,repository-git
work/simulation/implementation_binding/components/L2_4400_binding.json,FMI binding,326,6ab42be1cd8dbed1abbdb25b1695607552ab35af158942eecd102482e414f76e,SOURCE/work/simulation/implementation_binding/components/L2_4400_binding.json,SUPPORT,repository-git
work/simulation/implementation_binding/components/L2_4400_executable_interface.json,FMI binding,493,0948272fa876720e112e69e1923a908f4e63845ebcb54ea2c3054e438264bb90,SOURCE/work/simulation/implementation_binding/components/L2_4400_executable_interface.json,SUPPORT,repository-git
work/simulation/implementation_binding/components/L2_4500_binding.json,FMI binding,1941,80ba094ed8748bab94052f0acbadd604bfb644ab7301a7ab6ad04b17c2481ebb,SOURCE/work/simulation/implementation_binding/components/L2_4500_binding.json,SUPPORT,repository-git
work/simulation/implementation_binding/components/L2_4500_executable_interface.json,FMI binding,15432,746c255332255b817e43d03ab5e5a82fafa1001a8abbaaa46eae4a84c3145736,SOURCE/work/simulation/implementation_binding/components/L2_4500_executable_interface.json,SUPPORT,repository-git
work/simulation/implementation_binding/components/L2_5100_binding.json,FMI binding,5404,49ecd28cbc17b01b9d72a03843b57385fea95272b2bec382ebb446f5ecb6040a,SOURCE/work/simulation/implementation_binding/components/L2_5100_binding.json,SUPPORT,repository-git
work/simulation/implementation_binding/components/L2_5100_executable_interface.json,FMI binding,29899,60d4b1722ebf78c7e6490d9f9522868075758f59892c9284f6df8456ee58af16,SOURCE/work/simulation/implementation_binding/components/L2_5100_executable_interface.json,SUPPORT,repository-git
work/simulation/implementation_binding/components/L2_5300_binding.json,FMI binding,1973,11dca9ea2112a64c7bc99c36d442647cf5947b26da3a6da2836d56eeed50cfde,SOURCE/work/simulation/implementation_binding/components/L2_5300_binding.json,SUPPORT,repository-git
work/simulation/implementation_binding/components/L2_5300_executable_interface.json,FMI binding,15100,fbe2fd5b60e88bd15a821a0b32b6284b089d70924318ded3824cfb10b27c44c0,SOURCE/work/simulation/implementation_binding/components/L2_5300_executable_interface.json,SUPPORT,repository-git
work/simulation/implementation_binding/components/L2_7100_binding.json,FMI binding,660,adf2a62087e4522883af58f7619f6f8e38cd4a9929e7d502134ba83e26456678,SOURCE/work/simulation/implementation_binding/components/L2_7100_binding.json,SUPPORT,repository-git
work/simulation/implementation_binding/components/L2_7100_executable_interface.json,FMI binding,1876,5282bc346392e06cca027215c968d4fc027ce65f1c8eb87b2d9b9ac7d8089049,SOURCE/work/simulation/implementation_binding/components/L2_7100_executable_interface.json,SUPPORT,repository-git
work/simulation/implementation_binding/components/L2_7200_binding.json,FMI binding,4723,1931144312746b75d97ac307f32a2eb9dd14459675b530ce0a94b0f786586bf2,SOURCE/work/simulation/implementation_binding/components/L2_7200_binding.json,SUPPORT,repository-git
work/simulation/implementation_binding/components/L2_7200_executable_interface.json,FMI binding,22020,b100cf60525c8914d14f692448fa482dfcd6ab7e98d2c37bcf695cc5785b9ee9,SOURCE/work/simulation/implementation_binding/components/L2_7200_executable_interface.json,SUPPORT,repository-git
work/simulation/implementation_binding/components/L2_8100_binding.json,FMI binding,16655,9489fe4abf2fa402db145da92b24676cc210885f8e26f8278b203b3067e39c9a,SOURCE/work/simulation/implementation_binding/components/L2_8100_binding.json,SUPPORT,repository-git
work/simulation/implementation_binding/components/L2_8100_executable_interface.json,FMI binding,69922,b69cef90a9d6dec72b70a9a6b75340d22f60c6f2ef2daaade4661a2b7a3b153e,SOURCE/work/simulation/implementation_binding/components/L2_8100_executable_interface.json,SUPPORT,repository-git
work/simulation/implementation_binding/components/L2_D100_binding.json,FMI binding,1580,ed5659c68c1ce97812bd9a90317676fac6ffbd573df48ce09df9b62f929a2ed1,SOURCE/work/simulation/implementation_binding/components/L2_D100_binding.json,SUPPORT,repository-git
work/simulation/implementation_binding/components/L2_D100_executable_interface.json,FMI binding,6595,295876b1b2d5409978f32d9311670e194a668edbd319f8d0498c72758c81f513,SOURCE/work/simulation/implementation_binding/components/L2_D100_executable_interface.json,SUPPORT,repository-git
work/simulation/implementation_binding/components/L2_E100_binding.json,FMI binding,974,5da73acd0d7eb14183130894cb41d87c72b19e36eaecadf850f0398158e509c0,SOURCE/work/simulation/implementation_binding/components/L2_E100_binding.json,SUPPORT,repository-git
work/simulation/implementation_binding/components/L2_E100_executable_interface.json,FMI binding,3818,dc81f93ca7c14c78984c4d9d97238fd38b99ff6e2b178baecaba41ad404f39dd,SOURCE/work/simulation/implementation_binding/components/L2_E100_executable_interface.json,SUPPORT,repository-git
work/simulation/implementation_binding/components/L2_X100_binding.json,FMI binding,4078,0029254ce0181ef1c7201812a1d3056212d385905947e5f4e22f5ee25bada952,SOURCE/work/simulation/implementation_binding/components/L2_X100_binding.json,SUPPORT,repository-git
work/simulation/implementation_binding/components/L2_X100_executable_interface.json,FMI binding,17969,de786763a776c4284fd7e8bc3f01918f519e3893456ce5acddc26f186efe6719,SOURCE/work/simulation/implementation_binding/components/L2_X100_executable_interface.json,SUPPORT,repository-git
work/simulation/implementation_binding/generate_executable_fmu_interface.py,FMI binding,46302,a545e9c244857b5f190cb722160915d1c2657523e61c5ecafa25a38561a31580,SOURCE/work/simulation/implementation_binding/generate_executable_fmu_interface.py,SUPPORT,repository-git
work/simulation/implementation_binding/generate_fmu_implementation_binding.py,FMI binding,44776,e4d7e28aa1508a59261e268b8c7c5ce1fb5ecb2e32aa00a62e9da77241567941,SOURCE/work/simulation/implementation_binding/generate_fmu_implementation_binding.py,SUPPORT,repository-git
work/simulation/simulink_fmu_v1/00_baseline/Simulink_Model_Build_Manifest_v1.json,Supporting source/data,4961,27eb01ccc0b9c3457db568c2573b4b8ee0dbd603229ac1cefc702b82f70ee398,SOURCE/work/simulation/simulink_fmu_v1/00_baseline/Simulink_Model_Build_Manifest_v1.json,SUPPORT,repository-git
work/simulation/simulink_fmu_v1/00_baseline/generated_behaviors/L2_3100_behavior.m,Supporting source/data,765,c0d5bddd92a77399de7fd6e028268ff1aed4d4c9768e0249ad9be7881b2e0932,SOURCE/work/simulation/simulink_fmu_v1/00_baseline/generated_behaviors/L2_3100_behavior.m,SUPPORT,repository-git
work/simulation/simulink_fmu_v1/00_baseline/generated_behaviors/L2_3500_behavior.m,Supporting source/data,448,9bc6aea643c38aa2904f83c80e6077d57549a7d923fede3f54550c5b4081f8e3,SOURCE/work/simulation/simulink_fmu_v1/00_baseline/generated_behaviors/L2_3500_behavior.m,SUPPORT,repository-git
work/simulation/simulink_fmu_v1/00_baseline/generated_behaviors/L2_3600_behavior.m,Supporting source/data,422,507e5a096bfcd92193292260ca9c506c221a56d42bd06829042a6d603becbe2d,SOURCE/work/simulation/simulink_fmu_v1/00_baseline/generated_behaviors/L2_3600_behavior.m,SUPPORT,repository-git
work/simulation/simulink_fmu_v1/00_baseline/generated_behaviors/L2_3800_behavior.m,Supporting source/data,324,ade7d5b2aaec1b94287cf18fbc51842457076a494340ca2d2a7b03bdb2542e77,SOURCE/work/simulation/simulink_fmu_v1/00_baseline/generated_behaviors/L2_3800_behavior.m,SUPPORT,repository-git
work/simulation/simulink_fmu_v1/00_baseline/generated_behaviors/L2_4100_behavior.m,Supporting source/data,593,c9bb99b93b04b064adb6097de8d07cc707b73c0ac8a346d3fdf0fecb575038d4,SOURCE/work/simulation/simulink_fmu_v1/00_baseline/generated_behaviors/L2_4100_behavior.m,SUPPORT,repository-git
work/simulation/simulink_fmu_v1/00_baseline/generated_behaviors/L2_4200_behavior.m,Supporting source/data,1203,35c2247c7a4b840e019ccf81a6e84036c6f63e869e0660152c51b8257289b5a3,SOURCE/work/simulation/simulink_fmu_v1/00_baseline/generated_behaviors/L2_4200_behavior.m,SUPPORT,repository-git
work/simulation/simulink_fmu_v1/00_baseline/generated_behaviors/L2_4400_behavior.m,Supporting source/data,295,b317691d2c5f528eed474d08af135a17ce2111d42cf84f85f781ac7ca860fbee,SOURCE/work/simulation/simulink_fmu_v1/00_baseline/generated_behaviors/L2_4400_behavior.m,SUPPORT,repository-git
work/simulation/simulink_fmu_v1/00_baseline/generated_behaviors/L2_4500_behavior.m,Supporting source/data,828,2ce383323afd64058bc2a94dab2bf1f5039be4859132cbb951320ed85e5d3942,SOURCE/work/simulation/simulink_fmu_v1/00_baseline/generated_behaviors/L2_4500_behavior.m,SUPPORT,repository-git
work/simulation/simulink_fmu_v1/00_baseline/generated_behaviors/L2_5100_behavior.m,Supporting source/data,2026,248acdefe3f06b85d121ecdc2741d53a040911887436d20ff8c711160393b36a,SOURCE/work/simulation/simulink_fmu_v1/00_baseline/generated_behaviors/L2_5100_behavior.m,SUPPORT,repository-git
work/simulation/simulink_fmu_v1/00_baseline/generated_behaviors/L2_5300_behavior.m,Supporting source/data,1112,c2ef5a844dd9cc6cd2677bac79f20a6b113b0b271468ac693f0cc51aaef666b5,SOURCE/work/simulation/simulink_fmu_v1/00_baseline/generated_behaviors/L2_5300_behavior.m,SUPPORT,repository-git
work/simulation/simulink_fmu_v1/00_baseline/generated_behaviors/L2_7100_behavior.m,Supporting source/data,397,0ee872246b8e6fe72a55554564430122693e3065c78def8588339dfac08d4961,SOURCE/work/simulation/simulink_fmu_v1/00_baseline/generated_behaviors/L2_7100_behavior.m,SUPPORT,repository-git
work/simulation/simulink_fmu_v1/00_baseline/generated_behaviors/L2_7200_behavior.m,Supporting source/data,1497,c8cc931d4a9fd2a97d8e39f34827ce6a6249c068102179059d087508fd806e26,SOURCE/work/simulation/simulink_fmu_v1/00_baseline/generated_behaviors/L2_7200_behavior.m,SUPPORT,repository-git
work/simulation/simulink_fmu_v1/00_baseline/generated_behaviors/L2_8100_behavior.m,Supporting source/data,4177,dbea6eb207c31f11e9b8020b0080d46d263f205b558a943cf66082205ecafbec,SOURCE/work/simulation/simulink_fmu_v1/00_baseline/generated_behaviors/L2_8100_behavior.m,SUPPORT,repository-git
work/simulation/simulink_fmu_v1/00_baseline/generated_behaviors/L2_D100_behavior.m,Supporting source/data,952,8a570d10dd5098d30868a8d50c83a4b70b9f6cc9e3951b3f1778ae57c468c20c,SOURCE/work/simulation/simulink_fmu_v1/00_baseline/generated_behaviors/L2_D100_behavior.m,SUPPORT,repository-git
work/simulation/simulink_fmu_v1/00_baseline/generated_behaviors/L2_E100_behavior.m,Supporting source/data,366,7cae793f19b6d3057d7fd7dd044d1bd20d009092aef24d5bf7a486a169ad9f74,SOURCE/work/simulation/simulink_fmu_v1/00_baseline/generated_behaviors/L2_E100_behavior.m,SUPPORT,repository-git
work/simulation/simulink_fmu_v1/00_baseline/generated_behaviors/L2_X100_behavior.m,Supporting source/data,2027,2183060dc1c1187e5d0badbcd863c3046004ce14e70567436b3e9221f55608c2,SOURCE/work/simulation/simulink_fmu_v1/00_baseline/generated_behaviors/L2_X100_behavior.m,SUPPORT,repository-git
work/simulation/simulink_fmu_v1/01_models/L2_3100.slx,Simulink,103218,3f6d7b7465bb87c10c8ae071bc4abc1be982634ac0da9839a1b589af1604e9ec,SOURCE/work/simulation/simulink_fmu_v1/01_models/L2_3100.slx,SUPPORT,repository-lfs
work/simulation/simulink_fmu_v1/01_models/L2_3500.slx,Simulink,94154,a23c981cf948d9758ec5f33a4d01ed5b25a8d43194e54e04833e3ceb4e20afa3,SOURCE/work/simulation/simulink_fmu_v1/01_models/L2_3500.slx,SUPPORT,repository-lfs
work/simulation/simulink_fmu_v1/01_models/L2_3600.slx,Simulink,94342,43052097657e4e67f37b5e77c863ecfdab000d3d0a8aeeeb1de1b3309d073e58,SOURCE/work/simulation/simulink_fmu_v1/01_models/L2_3600.slx,SUPPORT,repository-lfs
work/simulation/simulink_fmu_v1/01_models/L2_3800.slx,Simulink,83454,521194e7c21ae4abf6dcdaa332a454b8b1ffae878a10b5a5297af79fc71e0087,SOURCE/work/simulation/simulink_fmu_v1/01_models/L2_3800.slx,SUPPORT,repository-lfs
work/simulation/simulink_fmu_v1/01_models/L2_4100.slx,Simulink,99492,de29351595ab95c40ebb7f4faaa9c9b30c520760fa4418f452ece62f5676f6cc,SOURCE/work/simulation/simulink_fmu_v1/01_models/L2_4100.slx,SUPPORT,repository-lfs
work/simulation/simulink_fmu_v1/01_models/L2_4200.slx,Simulink,139596,81fe4c0a6a6d312f53df3025e2a03726d1e4459d3279eb4a4caefa3b18fdf8dc,SOURCE/work/simulation/simulink_fmu_v1/01_models/L2_4200.slx,SUPPORT,repository-lfs
work/simulation/simulink_fmu_v1/01_models/L2_4400.slx,Simulink,79765,245899f22d1b7dfc7a7f94935cabb758a6bd9462504c1cfde34cc8f1c3c3e3db,SOURCE/work/simulation/simulink_fmu_v1/01_models/L2_4400.slx,SUPPORT,repository-lfs
work/simulation/simulink_fmu_v1/01_models/L2_4500.slx,Simulink,112284,2a62f3e90ed0d3699ea4bd82c32851fc02d677ffbddda9a5b0b11f4abf47123f,SOURCE/work/simulation/simulink_fmu_v1/01_models/L2_4500.slx,SUPPORT,repository-lfs
work/simulation/simulink_fmu_v1/01_models/L2_5100.slx,Simulink,164233,ac3bb949d469638c416d34638255060d3348e5dc91ae9b72e253ceff384400ae,SOURCE/work/simulation/simulink_fmu_v1/01_models/L2_5100.slx,SUPPORT,repository-lfs
work/simulation/simulink_fmu_v1/01_models/L2_5300.slx,Simulink,117253,446a875311fc65fb36b5862c2a7cc333d1a41548572e503356f8c1c5ba8aa07d,SOURCE/work/simulation/simulink_fmu_v1/01_models/L2_5300.slx,SUPPORT,repository-lfs
work/simulation/simulink_fmu_v1/01_models/L2_7100.slx,Simulink,84805,e777e2422bac10145e9b5d4e5c576bbfd5f4f1a2f5aae7928a942ca4ee410ac4,SOURCE/work/simulation/simulink_fmu_v1/01_models/L2_7100.slx,SUPPORT,repository-lfs
work/simulation/simulink_fmu_v1/01_models/L2_7200.slx,Simulink,138906,4d91704ec7dc17913de514f7eac44aa3c79f83dbf104af0c171696bb8de88e3c,SOURCE/work/simulation/simulink_fmu_v1/01_models/L2_7200.slx,SUPPORT,repository-lfs
work/simulation/simulink_fmu_v1/01_models/L2_8100.slx,Simulink,178969,1b89902297a7b24e024a97e374f1c49d79aeab8c564780e1821245feeb12c1a4,SOURCE/work/simulation/simulink_fmu_v1/01_models/L2_8100.slx,SUPPORT,repository-lfs
work/simulation/simulink_fmu_v1/01_models/L2_D100.slx,Simulink,101503,8c30701aeb8345b81afec9f18a1f06a34372bcf7a94aa06bdd3483cb58b5f0a8,SOURCE/work/simulation/simulink_fmu_v1/01_models/L2_D100.slx,SUPPORT,repository-lfs
work/simulation/simulink_fmu_v1/01_models/L2_E100.slx,Simulink,89784,3f152aaa908135a7ee58cf646c3257a6a518aae2ead607bf4fc5ace8f60910f5,SOURCE/work/simulation/simulink_fmu_v1/01_models/L2_E100.slx,SUPPORT,repository-lfs
work/simulation/simulink_fmu_v1/01_models/L2_X100.slx,Simulink,144723,2d935e219cfb29ec099319d72657d0dec7e7b77da0f659293b85a87f322314b9,SOURCE/work/simulation/simulink_fmu_v1/01_models/L2_X100.slx,SUPPORT,repository-lfs
work/simulation/simulink_fmu_v1/02_parameters/Rail_MBSE_Simulation_Parameters_v1.json,Supporting source/data,6963,7f43050f1c666dc19360e258db0d2923c2a253ba74835441a49a67f2a533236e,SOURCE/work/simulation/simulink_fmu_v1/02_parameters/Rail_MBSE_Simulation_Parameters_v1.json,SUPPORT,repository-git
work/simulation/simulink_fmu_v1/02_parameters/Rail_MBSE_Simulation_Parameters_v1.m,Supporting source/data,5169,ba8b62f26e97c1438ce5b8f337d5f917e509f735aff6b11e85e2e7f025e56ad1,SOURCE/work/simulation/simulink_fmu_v1/02_parameters/Rail_MBSE_Simulation_Parameters_v1.m,SUPPORT,repository-git
work/simulation/simulink_fmu_v1/03_component_tests/Component_Test_Report.md,Supporting source/data,1428,02974e7c3911aab95b90bfa944b5ca532b18dc8f14a96c6cd42ad8374115a126,SOURCE/work/simulation/simulink_fmu_v1/03_component_tests/Component_Test_Report.md,SUPPORT,repository-git
work/simulation/simulink_fmu_v1/03_component_tests/Component_Test_Results.json,Supporting source/data,13476,7d49fdd50c946e8cd7b91cc6a8cf53d00559431b1833f281db7ec9e514478363,SOURCE/work/simulation/simulink_fmu_v1/03_component_tests/Component_Test_Results.json,SUPPORT,repository-git
work/simulation/simulink_fmu_v1/03_component_tests/results/L2_3100_component_test.csv,Supporting source/data,5859,0de9e5f150d0582459720f346935bcf06246036668ae4d5b4016b8d6b32356c4,SOURCE/work/simulation/simulink_fmu_v1/03_component_tests/results/L2_3100_component_test.csv,SUPPORT,repository-git
work/simulation/simulink_fmu_v1/03_component_tests/results/L2_3500_component_test.csv,Supporting source/data,1579,9cd401c8af6b2884270c5d7ec26bf4d5b9fe3fe51b1a1c7cbb0faa8ebd761121,SOURCE/work/simulation/simulink_fmu_v1/03_component_tests/results/L2_3500_component_test.csv,SUPPORT,repository-git
work/simulation/simulink_fmu_v1/03_component_tests/results/L2_3600_component_test.csv,Supporting source/data,1325,4ad9cc9cf771f7a72deaccfb12ca0b3cc7e3bbd24b2fe6f09cdde2b17d455161,SOURCE/work/simulation/simulink_fmu_v1/03_component_tests/results/L2_3600_component_test.csv,SUPPORT,repository-git
work/simulation/simulink_fmu_v1/03_component_tests/results/L2_3800_component_test.csv,Supporting source/data,490,562a0505936c08cf320c7836e598460c92d63af91418acefc4579d65dc0f7135,SOURCE/work/simulation/simulink_fmu_v1/03_component_tests/results/L2_3800_component_test.csv,SUPPORT,repository-git
work/simulation/simulink_fmu_v1/03_component_tests/results/L2_4100_component_test.csv,Supporting source/data,1644,0f62f07b5e72230949b77d89880ffd8b816a3489dd7ba6e535b765b0ff31113f,SOURCE/work/simulation/simulink_fmu_v1/03_component_tests/results/L2_4100_component_test.csv,SUPPORT,repository-git
work/simulation/simulink_fmu_v1/03_component_tests/results/L2_4200_component_test.csv,Supporting source/data,3777,a2657c04dc6c649c79d12acc41a7c206315cdd665dec0abebf44513caf2803d8,SOURCE/work/simulation/simulink_fmu_v1/03_component_tests/results/L2_4200_component_test.csv,SUPPORT,repository-git
work/simulation/simulink_fmu_v1/03_component_tests/results/L2_4400_component_test.csv,Supporting source/data,490,562a0505936c08cf320c7836e598460c92d63af91418acefc4579d65dc0f7135,SOURCE/work/simulation/simulink_fmu_v1/03_component_tests/results/L2_4400_component_test.csv,SUPPORT,repository-git
work/simulation/simulink_fmu_v1/03_component_tests/results/L2_4500_component_test.csv,Supporting source/data,3274,bff215fdb6436fa44f2880fc848684a7a0614f2783efc57ba94e933aee2f3de3,SOURCE/work/simulation/simulink_fmu_v1/03_component_tests/results/L2_4500_component_test.csv,SUPPORT,repository-git
work/simulation/simulink_fmu_v1/03_component_tests/results/L2_5100_component_test.csv,Supporting source/data,8710,3504f54e04b16a3cc24032f29ef1b2ec1beb1be48bba18441e80360b43473d6c,SOURCE/work/simulation/simulink_fmu_v1/03_component_tests/results/L2_5100_component_test.csv,SUPPORT,repository-git
work/simulation/simulink_fmu_v1/03_component_tests/results/L2_5300_component_test.csv,Supporting source/data,8348,0dafc88aca059a670f46a20a620f86b261352dac839577709ab4ea65f2d9256d,SOURCE/work/simulation/simulink_fmu_v1/03_component_tests/results/L2_5300_component_test.csv,SUPPORT,repository-git
work/simulation/simulink_fmu_v1/03_component_tests/results/L2_7100_component_test.csv,Supporting source/data,1225,6beaa61add68070d9d496ad2320b9f9df00973ec6ee16acf5e5c7b124c9c1680,SOURCE/work/simulation/simulink_fmu_v1/03_component_tests/results/L2_7100_component_test.csv,SUPPORT,repository-git
work/simulation/simulink_fmu_v1/03_component_tests/results/L2_7200_component_test.csv,Supporting source/data,3663,9ffca9c6fdb0c791528cb9826982affb7506e2ed05507a88d43eb0fcbee83548,SOURCE/work/simulation/simulink_fmu_v1/03_component_tests/results/L2_7200_component_test.csv,SUPPORT,repository-git
work/simulation/simulink_fmu_v1/03_component_tests/results/L2_8100_component_test.csv,Supporting source/data,9085,5568fa987d16a03d5767fb19433f054261cfb718799f08293563f6fbacfd12f2,SOURCE/work/simulation/simulink_fmu_v1/03_component_tests/results/L2_8100_component_test.csv,SUPPORT,repository-git
work/simulation/simulink_fmu_v1/03_component_tests/results/L2_D100_component_test.csv,Supporting source/data,1741,9e8792a583228cbf5e322e8214938f68885fc2457a048aa7237de39d7df066f4,SOURCE/work/simulation/simulink_fmu_v1/03_component_tests/results/L2_D100_component_test.csv,SUPPORT,repository-git
work/simulation/simulink_fmu_v1/03_component_tests/results/L2_E100_component_test.csv,Supporting source/data,952,6369dce0eced7fdf279094f58890b6f0dc957cef3f78253f439ab603e7d4f280,SOURCE/work/simulation/simulink_fmu_v1/03_component_tests/results/L2_E100_component_test.csv,SUPPORT,repository-git
work/simulation/simulink_fmu_v1/03_component_tests/results/L2_X100_component_test.csv,Supporting source/data,5414,ec161e8ea0a32488814be9649b7eb4fe5b79e3dfdc7a98d742d5a62610be05b4,SOURCE/work/simulation/simulink_fmu_v1/03_component_tests/results/L2_X100_component_test.csv,SUPPORT,repository-git
work/simulation/simulink_fmu_v1/04_system_integration/Executable_Connection_Audit.json,Supporting source/data,37048,8d2441bd9d9ffa5454b3e225cd2b88fe24270d180e14025120191b7317bd0131,SOURCE/work/simulation/simulink_fmu_v1/04_system_integration/Executable_Connection_Audit.json,SUPPORT,repository-git
work/simulation/simulink_fmu_v1/04_system_integration/Rail_MBSE_All16_Integrated_v1.slx,Supporting source/data,387420,38ca0259a74527276338ec12412c7688905ca3e086df3263ab19c115077f3cc9,SOURCE/work/simulation/simulink_fmu_v1/04_system_integration/Rail_MBSE_All16_Integrated_v1.slx,SUPPORT,repository-lfs
work/simulation/simulink_fmu_v1/05_fmu/FMU_Export_Results.json,FMU,6166,8fd5070ea30a93139799e9fea524f060e4cad143d02c8f8d4b6da90914285212,SOURCE/work/simulation/simulink_fmu_v1/05_fmu/FMU_Export_Results.json,SUPPORT,repository-git
work/simulation/simulink_fmu_v1/05_fmu/FMU_Interface_Validation.json,FMU,10419,996b5dab23feb4aedd4080d295b6c9a7dc35e4831d55b924d29515274b6e36cd,SOURCE/work/simulation/simulink_fmu_v1/05_fmu/FMU_Interface_Validation.json,SUPPORT,repository-git
work/simulation/simulink_fmu_v1/05_fmu/FMU_Interface_Validation_Report.md,FMU,2020,cb72b616675dcbb03ef8b788a4e95052ca021464f0878f2f567e005adfd0a8c9,SOURCE/work/simulation/simulink_fmu_v1/05_fmu/FMU_Interface_Validation_Report.md,SUPPORT,repository-git
work/simulation/simulink_fmu_v1/05_fmu/L2_3100.fmu,FMU,24756,a90eb0932d56655082914c12711c277c7c3e5fc0aca5089fd1fef4f03c6fee6c,SOURCE/work/simulation/simulink_fmu_v1/05_fmu/L2_3100.fmu,SUPPORT,repository-lfs
work/simulation/simulink_fmu_v1/05_fmu/L2_3500.fmu,FMU,24300,c65ab1e1d4fdebd2305e5f0dc31e171136d992b0d7f09c273d68548115d821a8,SOURCE/work/simulation/simulink_fmu_v1/05_fmu/L2_3500.fmu,SUPPORT,repository-lfs
work/simulation/simulink_fmu_v1/05_fmu/L2_3600.fmu,FMU,24361,8d6a04784505cfefdc06cdcf24df06c86ac452282cc32d02aff7759f63d91b1a,SOURCE/work/simulation/simulink_fmu_v1/05_fmu/L2_3600.fmu,SUPPORT,repository-lfs
work/simulation/simulink_fmu_v1/05_fmu/L2_3800.fmu,FMU,24123,fbbe11cb708ae5633b43fdcc745dc0250e52ac973373fc7867d28149a49e37b8,SOURCE/work/simulation/simulink_fmu_v1/05_fmu/L2_3800.fmu,SUPPORT,repository-lfs
work/simulation/simulink_fmu_v1/05_fmu/L2_4100.fmu,FMU,24669,23c77defa85c224a72f578c8d33b18fdd4be45e7b9ee2a81963cdd9e36563665,SOURCE/work/simulation/simulink_fmu_v1/05_fmu/L2_4100.fmu,SUPPORT,repository-lfs
work/simulation/simulink_fmu_v1/05_fmu/L2_4200.fmu,FMU,25279,99039e9977bd7d0cb7e95ce90110d24e97995e2e4fbbbcd4fbda8a9e05152cba,SOURCE/work/simulation/simulink_fmu_v1/05_fmu/L2_4200.fmu,SUPPORT,repository-lfs
work/simulation/simulink_fmu_v1/05_fmu/L2_4400.fmu,FMU,23808,475687058479d5b1417958b727de3f7de0e81e86fb25171acda27b25709c492e,SOURCE/work/simulation/simulink_fmu_v1/05_fmu/L2_4400.fmu,SUPPORT,repository-lfs
work/simulation/simulink_fmu_v1/05_fmu/L2_4500.fmu,FMU,24858,d42e9b9be9efd429687ec971d6693f9b15775c9d574f3d7ecde5a38e7eb4a709,SOURCE/work/simulation/simulink_fmu_v1/05_fmu/L2_4500.fmu,SUPPORT,repository-lfs
work/simulation/simulink_fmu_v1/05_fmu/L2_5100.fmu,FMU,26637,2c8d53b95e19c06ad6922f20b6b09599fe9d8dcff005f061f1a509d01b859739,SOURCE/work/simulation/simulink_fmu_v1/05_fmu/L2_5100.fmu,SUPPORT,repository-lfs
work/simulation/simulink_fmu_v1/05_fmu/L2_5300.fmu,FMU,25160,a6cd4f775ca7c5886e53f4fa1a1e8db604ad7ad9bea9cb422bed590e290c2a41,SOURCE/work/simulation/simulink_fmu_v1/05_fmu/L2_5300.fmu,SUPPORT,repository-lfs
work/simulation/simulink_fmu_v1/05_fmu/L2_7100.fmu,FMU,24135,16c9fb1ebf4a5f236efc795d01b8e151922967d6baa2bcca6d87179b5904c2d3,SOURCE/work/simulation/simulink_fmu_v1/05_fmu/L2_7100.fmu,SUPPORT,repository-lfs
work/simulation/simulink_fmu_v1/05_fmu/L2_7200.fmu,FMU,25641,1acfed14ce300e092b866ad13156a88390eccfa798cf1d186ea44cd19ab2ecb0,SOURCE/work/simulation/simulink_fmu_v1/05_fmu/L2_7200.fmu,SUPPORT,repository-lfs
work/simulation/simulink_fmu_v1/05_fmu/L2_8100.fmu,FMU,27958,f51deb3d32eaf15d68a8369d1a3eca258008be57e66c68594f2e872ead4f6572,SOURCE/work/simulation/simulink_fmu_v1/05_fmu/L2_8100.fmu,SUPPORT,repository-lfs
work/simulation/simulink_fmu_v1/05_fmu/L2_D100.fmu,FMU,24820,040169c3e8ecaef78dbc92f119a421a4e374ae0719332f8e17bf082fa9e1f848,SOURCE/work/simulation/simulink_fmu_v1/05_fmu/L2_D100.fmu,SUPPORT,repository-lfs
work/simulation/simulink_fmu_v1/05_fmu/L2_E100.fmu,FMU,24193,747226aef400b693034fbbf1445f0c9ce6e535ba99bfd56a7067c73ae66ccd87,SOURCE/work/simulation/simulink_fmu_v1/05_fmu/L2_E100.fmu,SUPPORT,repository-lfs
work/simulation/simulink_fmu_v1/05_fmu/L2_X100.fmu,FMU,25804,8e51209dd452b2995c1dcd35155d95498ec4ae046d6fed13bf277277aa7c479e,SOURCE/work/simulation/simulink_fmu_v1/05_fmu/L2_X100.fmu,SUPPORT,repository-lfs
work/simulation/simulink_fmu_v1/05_fmu/Rail_MBSE_FMU_Model_Registry_v1.json,FMU,13457,e2b9dead469a8ebaa546cbe3ce2149179e369d6e2804fb8cc1909ceeab27c7a1,SOURCE/work/simulation/simulink_fmu_v1/05_fmu/Rail_MBSE_FMU_Model_Registry_v1.json,SUPPORT,repository-git
work/simulation/simulink_fmu_v1/05_fmu/validated/L2_3100.fmu,FMU,24756,a90eb0932d56655082914c12711c277c7c3e5fc0aca5089fd1fef4f03c6fee6c,SOURCE/work/simulation/simulink_fmu_v1/05_fmu/validated/L2_3100.fmu,SUPPORT,repository-lfs
work/simulation/simulink_fmu_v1/05_fmu/validated/L2_3500.fmu,FMU,24300,c65ab1e1d4fdebd2305e5f0dc31e171136d992b0d7f09c273d68548115d821a8,SOURCE/work/simulation/simulink_fmu_v1/05_fmu/validated/L2_3500.fmu,SUPPORT,repository-lfs
work/simulation/simulink_fmu_v1/05_fmu/validated/L2_3600.fmu,FMU,24361,8d6a04784505cfefdc06cdcf24df06c86ac452282cc32d02aff7759f63d91b1a,SOURCE/work/simulation/simulink_fmu_v1/05_fmu/validated/L2_3600.fmu,SUPPORT,repository-lfs
work/simulation/simulink_fmu_v1/05_fmu/validated/L2_3800.fmu,FMU,24123,fbbe11cb708ae5633b43fdcc745dc0250e52ac973373fc7867d28149a49e37b8,SOURCE/work/simulation/simulink_fmu_v1/05_fmu/validated/L2_3800.fmu,SUPPORT,repository-lfs
work/simulation/simulink_fmu_v1/05_fmu/validated/L2_4100.fmu,FMU,24669,23c77defa85c224a72f578c8d33b18fdd4be45e7b9ee2a81963cdd9e36563665,SOURCE/work/simulation/simulink_fmu_v1/05_fmu/validated/L2_4100.fmu,SUPPORT,repository-lfs
work/simulation/simulink_fmu_v1/05_fmu/validated/L2_4200.fmu,FMU,25279,99039e9977bd7d0cb7e95ce90110d24e97995e2e4fbbbcd4fbda8a9e05152cba,SOURCE/work/simulation/simulink_fmu_v1/05_fmu/validated/L2_4200.fmu,SUPPORT,repository-lfs
work/simulation/simulink_fmu_v1/05_fmu/validated/L2_4400.fmu,FMU,23808,475687058479d5b1417958b727de3f7de0e81e86fb25171acda27b25709c492e,SOURCE/work/simulation/simulink_fmu_v1/05_fmu/validated/L2_4400.fmu,SUPPORT,repository-lfs
work/simulation/simulink_fmu_v1/05_fmu/validated/L2_4500.fmu,FMU,24858,d42e9b9be9efd429687ec971d6693f9b15775c9d574f3d7ecde5a38e7eb4a709,SOURCE/work/simulation/simulink_fmu_v1/05_fmu/validated/L2_4500.fmu,SUPPORT,repository-lfs
work/simulation/simulink_fmu_v1/05_fmu/validated/L2_5100.fmu,FMU,26637,2c8d53b95e19c06ad6922f20b6b09599fe9d8dcff005f061f1a509d01b859739,SOURCE/work/simulation/simulink_fmu_v1/05_fmu/validated/L2_5100.fmu,SUPPORT,repository-lfs
work/simulation/simulink_fmu_v1/05_fmu/validated/L2_5300.fmu,FMU,25160,a6cd4f775ca7c5886e53f4fa1a1e8db604ad7ad9bea9cb422bed590e290c2a41,SOURCE/work/simulation/simulink_fmu_v1/05_fmu/validated/L2_5300.fmu,SUPPORT,repository-lfs
work/simulation/simulink_fmu_v1/05_fmu/validated/L2_7100.fmu,FMU,24135,16c9fb1ebf4a5f236efc795d01b8e151922967d6baa2bcca6d87179b5904c2d3,SOURCE/work/simulation/simulink_fmu_v1/05_fmu/validated/L2_7100.fmu,SUPPORT,repository-lfs
work/simulation/simulink_fmu_v1/05_fmu/validated/L2_7200.fmu,FMU,25577,3cdf2a778ca0b8b0871f3def2958a2838f2d50b53fd9bc17dd5498eec3f8c5c8,SOURCE/work/simulation/simulink_fmu_v1/05_fmu/validated/L2_7200.fmu,SUPPORT,repository-lfs
work/simulation/simulink_fmu_v1/05_fmu/validated/L2_8100.fmu,FMU,27808,cf6ae6fdef5096611e62c63c49ab81b2f912d4c21e895388f2edcfaa5567b92b,SOURCE/work/simulation/simulink_fmu_v1/05_fmu/validated/L2_8100.fmu,SUPPORT,repository-lfs
work/simulation/simulink_fmu_v1/05_fmu/validated/L2_D100.fmu,FMU,24789,62c86e81f63d15baae378828180b6e4bcdab92e23af7da32c904f6d687c338e4,SOURCE/work/simulation/simulink_fmu_v1/05_fmu/validated/L2_D100.fmu,SUPPORT,repository-lfs
work/simulation/simulink_fmu_v1/05_fmu/validated/L2_E100.fmu,FMU,24193,747226aef400b693034fbbf1445f0c9ce6e535ba99bfd56a7067c73ae66ccd87,SOURCE/work/simulation/simulink_fmu_v1/05_fmu/validated/L2_E100.fmu,SUPPORT,repository-lfs
work/simulation/simulink_fmu_v1/05_fmu/validated/L2_X100.fmu,FMU,25804,8e51209dd452b2995c1dcd35155d95498ec4ae046d6fed13bf277277aa7c479e,SOURCE/work/simulation/simulink_fmu_v1/05_fmu/validated/L2_X100.fmu,SUPPORT,repository-lfs
work/simulation/simulink_fmu_v1/06_ssp/Executable_SSP_Traceability.json,Executable SSP,109404,7f1cb0d23f5db9e69c9a9aada8e4bdb9d3bb9886956bcb0bffaec7c68d395fc9,SOURCE/work/simulation/simulink_fmu_v1/06_ssp/Executable_SSP_Traceability.json,SUPPORT,repository-git
work/simulation/simulink_fmu_v1/06_ssp/Executable_SSP_Validation.json,Executable SSP,649,175f1e2c5f7715795521c69227cfd566b6d2aa1a385ff8d462abe39263bdcaed,SOURCE/work/simulation/simulink_fmu_v1/06_ssp/Executable_SSP_Validation.json,SUPPORT,repository-git
work/simulation/simulink_fmu_v1/06_ssp/Rail_MBSE_All16_Executable_v1.ssd,Executable SSP,122612,950aeec70a3ae7fedbbebb26dd60ae38834cb1e6a70caf7e7731a6eb465703d7,SOURCE/work/simulation/simulink_fmu_v1/06_ssp/Rail_MBSE_All16_Executable_v1.ssd,SUPPORT,repository-lfs
work/simulation/simulink_fmu_v1/06_ssp/Rail_MBSE_All16_Executable_v1.ssp,Executable SSP,408759,a90e2efc0f13bed2442a679187f12673957151ca1cf38a5c6026d2821d05849c,SOURCE/work/simulation/simulink_fmu_v1/06_ssp/Rail_MBSE_All16_Executable_v1.ssp,SUPPORT,repository-lfs
work/simulation/simulink_fmu_v1/07_results/01_train_speed.pdf,Simulation result,15400,d960c87e697198f2f93cef34ad1abd93820e9648e41918082833ce268d474d35,SOURCE/work/simulation/simulink_fmu_v1/07_results/01_train_speed.pdf,SUPPORT,repository-git
work/simulation/simulink_fmu_v1/07_results/01_train_speed.png,Simulation result,48251,fc5168c409cd3d77d9f1271ebeb06b34da2b6ff806d7c516ce08407dcf5a0827,SOURCE/work/simulation/simulink_fmu_v1/07_results/01_train_speed.png,SUPPORT,repository-git
work/simulation/simulink_fmu_v1/07_results/02_traction_regen_power.pdf,Simulation result,18032,024ccb43abda1672df8469d076ab5f57f3866d78e7b5526f25df8227d863ae83,SOURCE/work/simulation/simulink_fmu_v1/07_results/02_traction_regen_power.pdf,SUPPORT,repository-git
work/simulation/simulink_fmu_v1/07_results/02_traction_regen_power.png,Simulation result,59467,b6cd47aa934c19207577c133df74ca59cd1eea960fb6af078f47c08f73b7ccc9,SOURCE/work/simulation/simulink_fmu_v1/07_results/02_traction_regen_power.png,SUPPORT,repository-git
work/simulation/simulink_fmu_v1/07_results/03_supercapacitor_voltage.pdf,Simulation result,14486,0cadba3c28582f58050747f7718c3e51a94acbcac2243828b604db6cfea7d22f,SOURCE/work/simulation/simulink_fmu_v1/07_results/03_supercapacitor_voltage.pdf,SUPPORT,repository-git
work/simulation/simulink_fmu_v1/07_results/03_supercapacitor_voltage.png,Simulation result,51920,2674da8445962e4a4a00123cec67830872e728f0a2af2054b13bf624c4149154,SOURCE/work/simulation/simulink_fmu_v1/07_results/03_supercapacitor_voltage.png,SUPPORT,repository-git
work/simulation/simulink_fmu_v1/07_results/04_supercapacitor_soc.pdf,Simulation result,14232,31f219a24555bee41a71fbe306b5805fd8d6a558e3c6773ae5d8603b96f56b40,SOURCE/work/simulation/simulink_fmu_v1/07_results/04_supercapacitor_soc.pdf,SUPPORT,repository-git
work/simulation/simulink_fmu_v1/07_results/04_supercapacitor_soc.png,Simulation result,43076,910ffebdcce1512ad07f408431e903f7def3b4009329a99acfec8db1a199c269,SOURCE/work/simulation/simulink_fmu_v1/07_results/04_supercapacitor_soc.png,SUPPORT,repository-git
work/simulation/simulink_fmu_v1/07_results/05_recovered_energy.pdf,Simulation result,13745,1e5a46b80e490d0ac5289b5ac4529708c2970ccea2ac01eab6d8a89ae3ebac2d,SOURCE/work/simulation/simulink_fmu_v1/07_results/05_recovered_energy.pdf,SUPPORT,repository-git
work/simulation/simulink_fmu_v1/07_results/05_recovered_energy.png,Simulation result,46947,4d91a57e291c61b76fad0d9a1db957eeeffb89ddc2a86d75ddcbc590d21df304,SOURCE/work/simulation/simulink_fmu_v1/07_results/05_recovered_energy.png,SUPPORT,repository-git
work/simulation/simulink_fmu_v1/07_results/06_regen_mechanical_braking.pdf,Simulation result,16755,b134dd1767360973c12b06dea2803dd7e07072ce646c6420a26420d536ede1e1,SOURCE/work/simulation/simulink_fmu_v1/07_results/06_regen_mechanical_braking.pdf,SUPPORT,repository-git
work/simulation/simulink_fmu_v1/07_results/06_regen_mechanical_braking.png,Simulation result,53366,5c53a9fc8a192abf2cb15c034f43da89e2b12d4229fb172fef487c17b418d235,SOURCE/work/simulation/simulink_fmu_v1/07_results/06_regen_mechanical_braking.png,SUPPORT,repository-git
work/simulation/simulink_fmu_v1/07_results/Rail_MBSE_All16_FMU_CoSimulation_Exposed_Outputs.csv,Simulation result,280584,b5a2215b9146a2095a2dea6bc14e108f5702d71aa6077b64513bb738c3f1f43f,SOURCE/work/simulation/simulink_fmu_v1/07_results/Rail_MBSE_All16_FMU_CoSimulation_Exposed_Outputs.csv,SUPPORT,repository-git
work/simulation/simulink_fmu_v1/07_results/Rail_MBSE_All16_FMU_CoSimulation_Results.csv,Simulation result,69652,df01b5fb7c784286b1f4c93b2d364096788386c153f8149425aac44c39382155,SOURCE/work/simulation/simulink_fmu_v1/07_results/Rail_MBSE_All16_FMU_CoSimulation_Results.csv,SUPPORT,repository-git
work/simulation/simulink_fmu_v1/07_results/Rail_MBSE_All16_FMU_CoSimulation_VV.json,Simulation result,16196,61af8bd77667c4ca63f8bcd58fcb757e92b4367c42abca589eda9732951bd9a1,SOURCE/work/simulation/simulink_fmu_v1/07_results/Rail_MBSE_All16_FMU_CoSimulation_VV.json,SUPPORT,repository-git
work/simulation/simulink_fmu_v1/07_results/Rail_MBSE_All16_Traction_Regen_Results.csv,Simulation result,57819,0d3516e86bf7c0bab23b0611a461af5628d4faad3688deff83d0f94baa3e7d77,SOURCE/work/simulation/simulink_fmu_v1/07_results/Rail_MBSE_All16_Traction_Regen_Results.csv,SUPPORT,repository-git
work/simulation/simulink_fmu_v1/07_results/Rail_MBSE_All16_Traction_Regen_Results.mat,Simulation result,18837,eab761c013ab67d6c127e35a001f68d516303342f942ac00b50604ad38329721,SOURCE/work/simulation/simulink_fmu_v1/07_results/Rail_MBSE_All16_Traction_Regen_Results.mat,SUPPORT,repository-lfs
work/simulation/simulink_fmu_v1/07_results/fmu_cosim_plots/01_train_speed.pdf,Simulation result,46537,20ee646494898bd21616d46f704e8c496c852f4c60395a261202b9d02a48928c,SOURCE/work/simulation/simulink_fmu_v1/07_results/fmu_cosim_plots/01_train_speed.pdf,SUPPORT,repository-git
work/simulation/simulink_fmu_v1/07_results/fmu_cosim_plots/01_train_speed.png,Simulation result,34421,7dd665d34986f3cfae27eb607df5891072c075b3c4613fcfacc8a24c0f71f5a4,SOURCE/work/simulation/simulink_fmu_v1/07_results/fmu_cosim_plots/01_train_speed.png,SUPPORT,repository-git
work/simulation/simulink_fmu_v1/07_results/fmu_cosim_plots/02_traction_regen_power.pdf,Simulation result,48202,abab426dc90780eee62460aebc6a2848c53b6da4d1d9e272963e46138f7dfc9a,SOURCE/work/simulation/simulink_fmu_v1/07_results/fmu_cosim_plots/02_traction_regen_power.pdf,SUPPORT,repository-git
work/simulation/simulink_fmu_v1/07_results/fmu_cosim_plots/02_traction_regen_power.png,Simulation result,40687,2f2a07e44cb823240040e6148f4f78558270f4647690ae0c398ecdde4d7e3491,SOURCE/work/simulation/simulink_fmu_v1/07_results/fmu_cosim_plots/02_traction_regen_power.png,SUPPORT,repository-git
work/simulation/simulink_fmu_v1/07_results/fmu_cosim_plots/03_supercapacitor_voltage.pdf,Simulation result,44906,66437708a3008af6058c350162a88e10e2daae8b3c0a0a26134c195884a97326,SOURCE/work/simulation/simulink_fmu_v1/07_results/fmu_cosim_plots/03_supercapacitor_voltage.pdf,SUPPORT,repository-git
work/simulation/simulink_fmu_v1/07_results/fmu_cosim_plots/03_supercapacitor_voltage.png,Simulation result,32479,29ab378031b8884b526cfd34109b82aa795e32cab10617424eb28c3736c39521,SOURCE/work/simulation/simulink_fmu_v1/07_results/fmu_cosim_plots/03_supercapacitor_voltage.png,SUPPORT,repository-git
work/simulation/simulink_fmu_v1/07_results/fmu_cosim_plots/04_supercapacitor_soc.pdf,Simulation result,44889,bafc8865783352d03d3cabb0869c216736d261cd17829dd60bfcd8e250a0662b,SOURCE/work/simulation/simulink_fmu_v1/07_results/fmu_cosim_plots/04_supercapacitor_soc.pdf,SUPPORT,repository-git
work/simulation/simulink_fmu_v1/07_results/fmu_cosim_plots/04_supercapacitor_soc.png,Simulation result,30432,1ac149dea9b99008aa679b2e970261c6904e13768ce1e8c465aa438dfd910a95,SOURCE/work/simulation/simulink_fmu_v1/07_results/fmu_cosim_plots/04_supercapacitor_soc.png,SUPPORT,repository-git
work/simulation/simulink_fmu_v1/07_results/fmu_cosim_plots/05_recovered_energy.pdf,Simulation result,44936,fc3ba0da073d9e9e0538a203b34551f00c303e79497f186b1a1c23893c20f5f6,SOURCE/work/simulation/simulink_fmu_v1/07_results/fmu_cosim_plots/05_recovered_energy.pdf,SUPPORT,repository-git
work/simulation/simulink_fmu_v1/07_results/fmu_cosim_plots/05_recovered_energy.png,Simulation result,37445,24fb78567ca9cd3d4f89a6d56c0897968fdcb2eba390e71554a921abb9ce0078,SOURCE/work/simulation/simulink_fmu_v1/07_results/fmu_cosim_plots/05_recovered_energy.png,SUPPORT,repository-git
work/simulation/simulink_fmu_v1/07_results/fmu_cosim_plots/06_regen_mechanical_braking.pdf,Simulation result,46627,de0956d7fb0b63e492ebe15274b850988bc98bd2f1e420e19518afa10c47f928,SOURCE/work/simulation/simulink_fmu_v1/07_results/fmu_cosim_plots/06_regen_mechanical_braking.pdf,SUPPORT,repository-git
work/simulation/simulink_fmu_v1/07_results/fmu_cosim_plots/06_regen_mechanical_braking.png,Simulation result,36614,db4d92b3242c3e17cdf38102aadd751c65cbd0aedac98fb5dae4cce4df359217,SOURCE/work/simulation/simulink_fmu_v1/07_results/fmu_cosim_plots/06_regen_mechanical_braking.png,SUPPORT,repository-git
work/simulation/simulink_fmu_v1/08_reports/Final_Status.txt,Simulation result,508,5c40ad2bb093ae6a9a3493a95d3cd3ddea14034951f4a02e91a7732ec2c58e8b,SOURCE/work/simulation/simulink_fmu_v1/08_reports/Final_Status.txt,SUPPORT,repository-git
work/simulation/simulink_fmu_v1/08_reports/Frozen_Source_Integrity.json,Simulation result,1463,d77382078a4fdbd72a530819657c1faacd0f2ada3f9b7be7d47b39f048ee9ec6,SOURCE/work/simulation/simulink_fmu_v1/08_reports/Frozen_Source_Integrity.json,SUPPORT,repository-git
work/simulation/simulink_fmu_v1/08_reports/MATLAB_ENVIRONMENT_REPORT.md,Simulation result,871,cda4bcb35fc36f4340c37d71d90ffcb7e502c02a3652b70b7e7cc3999c3e996f,SOURCE/work/simulation/simulink_fmu_v1/08_reports/MATLAB_ENVIRONMENT_REPORT.md,SUPPORT,repository-git
work/simulation/simulink_fmu_v1/08_reports/Rail_MBSE_Simulink_FMU_CoSimulation_Report.md,Simulation result,10163,c7fb097ded4f9a3aa78e2a24911e6c6678003dde729e4409303ba22048b853ae,SOURCE/work/simulation/simulink_fmu_v1/08_reports/Rail_MBSE_Simulink_FMU_CoSimulation_Report.md,SUPPORT,repository-git
work/simulation/simulink_fmu_v1/08_reports/Rail_MBSE_System_VV_Report.md,Simulation result,926,03470f5f43a3b8e299b7183393d37b92979aa2c9b5e5b35b76b31954e02b1be2,SOURCE/work/simulation/simulink_fmu_v1/08_reports/Rail_MBSE_System_VV_Report.md,SUPPORT,repository-git
work/simulation/simulink_fmu_v1/08_reports/Rail_MBSE_System_VV_Results.json,Simulation result,898,b8119fcf23b5ed739b10954a19bfe0b57a121447023c2791034e4783e7ed2fea,SOURCE/work/simulation/simulink_fmu_v1/08_reports/Rail_MBSE_System_VV_Results.json,SUPPORT,repository-git
work/simulation/simulink_fmu_v2_1_final/00_baseline/Simulink_Model_Build_Manifest_v2.json,Supporting source/data,5579,279bfed979c7741fb4d68142fabc65f3fed3b866d10219f70a6a28b9f731c7d6,SOURCE/work/simulation/simulink_fmu_v2_1_final/00_baseline/Simulink_Model_Build_Manifest_v2.json,SUPPORT,repository-git
work/simulation/simulink_fmu_v2_1_final/00_baseline/generated_behaviors/L2_7200_behavior.m,Supporting source/data,2337,7de3c1961d1f91424284731e89d2ea04c1472ddaf75555cc6fefc47d04fab17b,SOURCE/work/simulation/simulink_fmu_v2_1_final/00_baseline/generated_behaviors/L2_7200_behavior.m,SUPPORT,repository-git
work/simulation/simulink_fmu_v2_1_final/00_baseline/generated_behaviors/L2_8100_behavior.m,Supporting source/data,4649,80560730bfc25516ad54ec6cc664d6b94e8b0c24ad474a3ccf1ef5e86413cbe0,SOURCE/work/simulation/simulink_fmu_v2_1_final/00_baseline/generated_behaviors/L2_8100_behavior.m,SUPPORT,repository-git
work/simulation/simulink_fmu_v2_1_final/01_models/L2_3100.slx,Simulink,103149,3cab9ef58de4a5567df885bb19a7b53c0412adb86ee633618436f2ea91f79403,SOURCE/work/simulation/simulink_fmu_v2_1_final/01_models/L2_3100.slx,FROZEN,repository-lfs
work/simulation/simulink_fmu_v2_1_final/01_models/L2_3500.slx,Simulink,94100,403863283130d89d6b8e94bb5349a80471f88d196b694b069a46bcfc3bdf92ce,SOURCE/work/simulation/simulink_fmu_v2_1_final/01_models/L2_3500.slx,FROZEN,repository-lfs
work/simulation/simulink_fmu_v2_1_final/01_models/L2_3600.slx,Simulink,94243,d4f79014b43b0feb3bc0d98896ac84dba2a51a0e381860801c77d41486ebdc20,SOURCE/work/simulation/simulink_fmu_v2_1_final/01_models/L2_3600.slx,FROZEN,repository-lfs
work/simulation/simulink_fmu_v2_1_final/01_models/L2_3800.slx,Simulink,83414,31f9fae90053757225e680d33a9384f5682233212875cdfe25526728ffb4ce88,SOURCE/work/simulation/simulink_fmu_v2_1_final/01_models/L2_3800.slx,FROZEN,repository-lfs
work/simulation/simulink_fmu_v2_1_final/01_models/L2_4100.slx,Simulink,105538,5fa8ee6ccf758956e1b17d1282b2ce0768ccb459cb9b4fbaaee3d7d803c01be1,SOURCE/work/simulation/simulink_fmu_v2_1_final/01_models/L2_4100.slx,FROZEN,repository-lfs
work/simulation/simulink_fmu_v2_1_final/01_models/L2_4200.slx,Simulink,145347,2ea9ac117dd4664a12da38e026e73a762fb8aaf502a2ed1735846f876fe7e270,SOURCE/work/simulation/simulink_fmu_v2_1_final/01_models/L2_4200.slx,FROZEN,repository-lfs
work/simulation/simulink_fmu_v2_1_final/01_models/L2_4400.slx,Simulink,79755,f062d40815a9ca220756dd7817f269e75e30805f1117ddbdc62e507a47fe1169,SOURCE/work/simulation/simulink_fmu_v2_1_final/01_models/L2_4400.slx,FROZEN,repository-lfs
work/simulation/simulink_fmu_v2_1_final/01_models/L2_4500.slx,Simulink,126188,c58afd9cbdfecc65eda5c321f60f8da00fe104ac778409c06fc5c42a312fee10,SOURCE/work/simulation/simulink_fmu_v2_1_final/01_models/L2_4500.slx,FROZEN,repository-lfs
work/simulation/simulink_fmu_v2_1_final/01_models/L2_5100.slx,Simulink,179168,2f972082babe654b9e43802a5c680edb2287e02dda01b0e89d839b1798fe608c,SOURCE/work/simulation/simulink_fmu_v2_1_final/01_models/L2_5100.slx,FROZEN,repository-lfs
work/simulation/simulink_fmu_v2_1_final/01_models/L2_5300.slx,Simulink,122840,426d25422276a8f461e36c60b029192c4b66cef9f7615cb8a7cbe4dc0ae2b4d1,SOURCE/work/simulation/simulink_fmu_v2_1_final/01_models/L2_5300.slx,FROZEN,repository-lfs
work/simulation/simulink_fmu_v2_1_final/01_models/L2_7100.slx,Simulink,84797,e3dd51abbd09b1d958412f8841005607580a3bb755cf03081f5d7147737dba3e,SOURCE/work/simulation/simulink_fmu_v2_1_final/01_models/L2_7100.slx,FROZEN,repository-lfs
work/simulation/simulink_fmu_v2_1_final/01_models/L2_7200.slx,Simulink,150969,6f5a716247074134035be2f02b7bacbfc8afb16a87492b286d105c56e8d0cfd2,SOURCE/work/simulation/simulink_fmu_v2_1_final/01_models/L2_7200.slx,FROZEN,repository-lfs
work/simulation/simulink_fmu_v2_1_final/01_models/L2_8100.slx,Simulink,183036,5426a8319be2481c12ab0e4d70a6b3034469455e9bac17290f472dec099753a4,SOURCE/work/simulation/simulink_fmu_v2_1_final/01_models/L2_8100.slx,FROZEN,repository-lfs
work/simulation/simulink_fmu_v2_1_final/01_models/L2_D100.slx,Simulink,101509,9e0cf57d206b9417ab98ff55b617f8c2c480b23f30267be0b30c5e551d56700e,SOURCE/work/simulation/simulink_fmu_v2_1_final/01_models/L2_D100.slx,FROZEN,repository-lfs
work/simulation/simulink_fmu_v2_1_final/01_models/L2_E100.slx,Simulink,89787,0bd8a4b35030929ff161a3e22e2ed792fa34f5aaa3aa4d20496c60f988bcab65,SOURCE/work/simulation/simulink_fmu_v2_1_final/01_models/L2_E100.slx,FROZEN,repository-lfs
work/simulation/simulink_fmu_v2_1_final/01_models/L2_X100.slx,Simulink,161848,e2dca9766bd9061b962f3c04498ae67d973e5e928672d7b89c048fd257f99a2c,SOURCE/work/simulation/simulink_fmu_v2_1_final/01_models/L2_X100.slx,FROZEN,repository-lfs
work/simulation/simulink_fmu_v2_1_final/02_parameters/Rail_MBSE_Simulation_Parameters_v2.json,Supporting source/data,15670,696a57ffe10fe3b15834bb6b9c781e97a59e8e4a492cbdb3a487c00d6ee77a6b,SOURCE/work/simulation/simulink_fmu_v2_1_final/02_parameters/Rail_MBSE_Simulation_Parameters_v2.json,SUPPORT,repository-git
work/simulation/simulink_fmu_v2_1_final/02_parameters/Rail_MBSE_Simulation_Parameters_v2.m,Supporting source/data,11222,f92b520b6b8cf2f0ced73746ae8d17aabf3bf339fd62a4118ec67cd031abff4d,SOURCE/work/simulation/simulink_fmu_v2_1_final/02_parameters/Rail_MBSE_Simulation_Parameters_v2.m,SUPPORT,repository-git
work/simulation/simulink_fmu_v2_1_final/03_component_tests/Brake_Component_Test_Report_v2_1.md,Supporting source/data,59,445508027257b6cb57bd1d0b6a8433ce48b4179d0c88773fbebfe2c5d1bf3fc2,SOURCE/work/simulation/simulink_fmu_v2_1_final/03_component_tests/Brake_Component_Test_Report_v2_1.md,SUPPORT,repository-git
work/simulation/simulink_fmu_v2_1_final/03_component_tests/Brake_Component_Test_Results_v2_1.json,Supporting source/data,289,da00530d3b2ff13eab5e153678d78f444cbc99816b7759868c475d4445a5962b,SOURCE/work/simulation/simulink_fmu_v2_1_final/03_component_tests/Brake_Component_Test_Results_v2_1.json,SUPPORT,repository-git
work/simulation/simulink_fmu_v2_1_final/05_fmu/FMU_Interface_Validation_Report_v2_1.md,FMU,1552,fce08910ba8c53e66d3eb4f1d2322e55a36e23b98255913c526907e54b57f284,SOURCE/work/simulation/simulink_fmu_v2_1_final/05_fmu/FMU_Interface_Validation_Report_v2_1.md,SUPPORT,repository-git
work/simulation/simulink_fmu_v2_1_final/05_fmu/FMU_Interface_Validation_v2_1.json,FMU,10022,31f5dbc0709bd5171a6819c09284d45b69e277a01ec57b8712d89fdc60b630bd,SOURCE/work/simulation/simulink_fmu_v2_1_final/05_fmu/FMU_Interface_Validation_v2_1.json,SUPPORT,repository-git
work/simulation/simulink_fmu_v2_1_final/05_fmu/L2_3100.fmu,FMU,24815,9690e3eb3ed889157fc54b598968ce302957c32068836c56829145b23547de4b,SOURCE/work/simulation/simulink_fmu_v2_1_final/05_fmu/L2_3100.fmu,FROZEN,repository-lfs
work/simulation/simulink_fmu_v2_1_final/05_fmu/L2_3500.fmu,FMU,24351,89cb7c4f544577aa089eea0ee130fec4b33126fe03d9e539342a31d32484d101,SOURCE/work/simulation/simulink_fmu_v2_1_final/05_fmu/L2_3500.fmu,FROZEN,repository-lfs
work/simulation/simulink_fmu_v2_1_final/05_fmu/L2_3600.fmu,FMU,24424,374d8fb0b1ab9961e02da036de8e9b561764bde84aa4ab8a449ffa775eb17ed2,SOURCE/work/simulation/simulink_fmu_v2_1_final/05_fmu/L2_3600.fmu,FROZEN,repository-lfs
work/simulation/simulink_fmu_v2_1_final/05_fmu/L2_3800.fmu,FMU,24178,833c24af3565ac1f2a95cbec295a4453100b7b41be0ae5970b07f6650ec95eba,SOURCE/work/simulation/simulink_fmu_v2_1_final/05_fmu/L2_3800.fmu,FROZEN,repository-lfs
work/simulation/simulink_fmu_v2_1_final/05_fmu/L2_4100.fmu,FMU,24932,fa92037469aae9a3a007f4ec1853ed22abc7db7b948140344298dbf6190095b1,SOURCE/work/simulation/simulink_fmu_v2_1_final/05_fmu/L2_4100.fmu,FROZEN,repository-lfs
work/simulation/simulink_fmu_v2_1_final/05_fmu/L2_4200.fmu,FMU,25627,fe7ab260e685b82340ae54efb60e6dce046d9c824b213d65d2286ed9c7cb30c3,SOURCE/work/simulation/simulink_fmu_v2_1_final/05_fmu/L2_4200.fmu,FROZEN,repository-lfs
work/simulation/simulink_fmu_v2_1_final/05_fmu/L2_4400.fmu,FMU,23858,de58652f1eaa150a4749e02c0b87301e5b5be9a98669f4b3c776b604c19df947,SOURCE/work/simulation/simulink_fmu_v2_1_final/05_fmu/L2_4400.fmu,FROZEN,repository-lfs
work/simulation/simulink_fmu_v2_1_final/05_fmu/L2_4500.fmu,FMU,24942,b8e24ac32d721f820be8f3afcfe974d6ab4c73195fd46017dc85e9360c660478,SOURCE/work/simulation/simulink_fmu_v2_1_final/05_fmu/L2_4500.fmu,FROZEN,repository-lfs
work/simulation/simulink_fmu_v2_1_final/05_fmu/L2_5100.fmu,FMU,27498,9cdf4a5b18a6c3f4d3d334e2e923add12c4ea6be762bc782245e4f103b4517b6,SOURCE/work/simulation/simulink_fmu_v2_1_final/05_fmu/L2_5100.fmu,FROZEN,repository-lfs
work/simulation/simulink_fmu_v2_1_final/05_fmu/L2_5300.fmu,FMU,26465,15f6b3c3aad9b015ab8a5ee39839092c2557665402df6887f046c6877358dedf,SOURCE/work/simulation/simulink_fmu_v2_1_final/05_fmu/L2_5300.fmu,FROZEN,repository-lfs
work/simulation/simulink_fmu_v2_1_final/05_fmu/L2_7100.fmu,FMU,24184,b2480d892ba0758529aeeedb01bc8ac48a002b8cd151e8ba883f65874dd8ebd6,SOURCE/work/simulation/simulink_fmu_v2_1_final/05_fmu/L2_7100.fmu,FROZEN,repository-lfs
work/simulation/simulink_fmu_v2_1_final/05_fmu/L2_7200.fmu,FMU,27059,6ee4cdbeb010654a97fa44a81d7d9a66a47b9fc1280e885f624e6ca6e7b30006,SOURCE/work/simulation/simulink_fmu_v2_1_final/05_fmu/L2_7200.fmu,FROZEN,repository-lfs
work/simulation/simulink_fmu_v2_1_final/05_fmu/L2_8100.fmu,FMU,28121,2961f2b3e114b610d3c74b45fe66d6fc7a3d77d2b8b8b52995b5ae47365f885c,SOURCE/work/simulation/simulink_fmu_v2_1_final/05_fmu/L2_8100.fmu,FROZEN,repository-lfs
work/simulation/simulink_fmu_v2_1_final/05_fmu/L2_D100.fmu,FMU,24839,3d8b445d1da4fbc4f20be935338111d2912a8117460781c4c3fc841c64c6eaf5,SOURCE/work/simulation/simulink_fmu_v2_1_final/05_fmu/L2_D100.fmu,FROZEN,repository-lfs
work/simulation/simulink_fmu_v2_1_final/05_fmu/L2_E100.fmu,FMU,24243,31ad50799a4f60a9468ecce832d5fff4f577182abaee053ef1ee40f97b13121d,SOURCE/work/simulation/simulink_fmu_v2_1_final/05_fmu/L2_E100.fmu,FROZEN,repository-lfs
work/simulation/simulink_fmu_v2_1_final/05_fmu/L2_X100.fmu,FMU,26988,d586a4abc640054a8e1cf1a479fbf3c5337bb692b577f5ace1e03a464b88ce40,SOURCE/work/simulation/simulink_fmu_v2_1_final/05_fmu/L2_X100.fmu,FROZEN,repository-lfs
work/simulation/simulink_fmu_v2_1_final/05_fmu/Rail_MBSE_FMU_Model_Registry_v2_1.json,FMU,13841,39fdcf44cdb6b0ededbdda0332027da6bc952db37ba34f4e4ebcad0fd46508f5,SOURCE/work/simulation/simulink_fmu_v2_1_final/05_fmu/Rail_MBSE_FMU_Model_Registry_v2_1.json,SUPPORT,repository-git
work/simulation/simulink_fmu_v2_1_final/05_fmu/validated/L2_3100.fmu,FMU,24815,9690e3eb3ed889157fc54b598968ce302957c32068836c56829145b23547de4b,SOURCE/work/simulation/simulink_fmu_v2_1_final/05_fmu/validated/L2_3100.fmu,SUPPORT,repository-lfs
work/simulation/simulink_fmu_v2_1_final/05_fmu/validated/L2_3500.fmu,FMU,24351,89cb7c4f544577aa089eea0ee130fec4b33126fe03d9e539342a31d32484d101,SOURCE/work/simulation/simulink_fmu_v2_1_final/05_fmu/validated/L2_3500.fmu,SUPPORT,repository-lfs
work/simulation/simulink_fmu_v2_1_final/05_fmu/validated/L2_3600.fmu,FMU,24424,374d8fb0b1ab9961e02da036de8e9b561764bde84aa4ab8a449ffa775eb17ed2,SOURCE/work/simulation/simulink_fmu_v2_1_final/05_fmu/validated/L2_3600.fmu,SUPPORT,repository-lfs
work/simulation/simulink_fmu_v2_1_final/05_fmu/validated/L2_3800.fmu,FMU,24178,833c24af3565ac1f2a95cbec295a4453100b7b41be0ae5970b07f6650ec95eba,SOURCE/work/simulation/simulink_fmu_v2_1_final/05_fmu/validated/L2_3800.fmu,SUPPORT,repository-lfs
work/simulation/simulink_fmu_v2_1_final/05_fmu/validated/L2_4100.fmu,FMU,24932,fa92037469aae9a3a007f4ec1853ed22abc7db7b948140344298dbf6190095b1,SOURCE/work/simulation/simulink_fmu_v2_1_final/05_fmu/validated/L2_4100.fmu,SUPPORT,repository-lfs
work/simulation/simulink_fmu_v2_1_final/05_fmu/validated/L2_4200.fmu,FMU,25627,fe7ab260e685b82340ae54efb60e6dce046d9c824b213d65d2286ed9c7cb30c3,SOURCE/work/simulation/simulink_fmu_v2_1_final/05_fmu/validated/L2_4200.fmu,SUPPORT,repository-lfs
work/simulation/simulink_fmu_v2_1_final/05_fmu/validated/L2_4400.fmu,FMU,23858,de58652f1eaa150a4749e02c0b87301e5b5be9a98669f4b3c776b604c19df947,SOURCE/work/simulation/simulink_fmu_v2_1_final/05_fmu/validated/L2_4400.fmu,SUPPORT,repository-lfs
work/simulation/simulink_fmu_v2_1_final/05_fmu/validated/L2_4500.fmu,FMU,24942,b8e24ac32d721f820be8f3afcfe974d6ab4c73195fd46017dc85e9360c660478,SOURCE/work/simulation/simulink_fmu_v2_1_final/05_fmu/validated/L2_4500.fmu,SUPPORT,repository-lfs
work/simulation/simulink_fmu_v2_1_final/05_fmu/validated/L2_5100.fmu,FMU,27498,9cdf4a5b18a6c3f4d3d334e2e923add12c4ea6be762bc782245e4f103b4517b6,SOURCE/work/simulation/simulink_fmu_v2_1_final/05_fmu/validated/L2_5100.fmu,SUPPORT,repository-lfs
work/simulation/simulink_fmu_v2_1_final/05_fmu/validated/L2_5300.fmu,FMU,26465,15f6b3c3aad9b015ab8a5ee39839092c2557665402df6887f046c6877358dedf,SOURCE/work/simulation/simulink_fmu_v2_1_final/05_fmu/validated/L2_5300.fmu,SUPPORT,repository-lfs
work/simulation/simulink_fmu_v2_1_final/05_fmu/validated/L2_7100.fmu,FMU,24184,b2480d892ba0758529aeeedb01bc8ac48a002b8cd151e8ba883f65874dd8ebd6,SOURCE/work/simulation/simulink_fmu_v2_1_final/05_fmu/validated/L2_7100.fmu,SUPPORT,repository-lfs
work/simulation/simulink_fmu_v2_1_final/05_fmu/validated/L2_7200.fmu,FMU,26958,9610b425eb98eb448ac7a25bf1bd6fb211547f3320bd13d77a21703b745b1582,SOURCE/work/simulation/simulink_fmu_v2_1_final/05_fmu/validated/L2_7200.fmu,SUPPORT,repository-lfs
work/simulation/simulink_fmu_v2_1_final/05_fmu/validated/L2_8100.fmu,FMU,27933,e120105fb69926325d72b5c3a1bd94c46f016b63688f5a88ead3b7921d9c5ab5,SOURCE/work/simulation/simulink_fmu_v2_1_final/05_fmu/validated/L2_8100.fmu,SUPPORT,repository-lfs
work/simulation/simulink_fmu_v2_1_final/05_fmu/validated/L2_D100.fmu,FMU,24839,3d8b445d1da4fbc4f20be935338111d2912a8117460781c4c3fc841c64c6eaf5,SOURCE/work/simulation/simulink_fmu_v2_1_final/05_fmu/validated/L2_D100.fmu,SUPPORT,repository-lfs
work/simulation/simulink_fmu_v2_1_final/05_fmu/validated/L2_E100.fmu,FMU,24243,31ad50799a4f60a9468ecce832d5fff4f577182abaee053ef1ee40f97b13121d,SOURCE/work/simulation/simulink_fmu_v2_1_final/05_fmu/validated/L2_E100.fmu,SUPPORT,repository-lfs
work/simulation/simulink_fmu_v2_1_final/05_fmu/validated/L2_X100.fmu,FMU,26988,d586a4abc640054a8e1cf1a479fbf3c5337bb692b577f5ace1e03a464b88ce40,SOURCE/work/simulation/simulink_fmu_v2_1_final/05_fmu/validated/L2_X100.fmu,SUPPORT,repository-lfs
work/simulation/simulink_fmu_v2_1_final/06_ssp/Executable_SSP_Traceability_v2_1.json,Executable SSP,109404,7f1cb0d23f5db9e69c9a9aada8e4bdb9d3bb9886956bcb0bffaec7c68d395fc9,SOURCE/work/simulation/simulink_fmu_v2_1_final/06_ssp/Executable_SSP_Traceability_v2_1.json,SUPPORT,repository-git
work/simulation/simulink_fmu_v2_1_final/06_ssp/Executable_SSP_Validation_v2_1.json,Executable SSP,649,fb4856b8c69533e7ae3d18c9744e048d1d6d9fd71e4bc9f5507b2df9bc3c6e42,SOURCE/work/simulation/simulink_fmu_v2_1_final/06_ssp/Executable_SSP_Validation_v2_1.json,SUPPORT,repository-git
work/simulation/simulink_fmu_v2_1_final/06_ssp/Rail_MBSE_All16_Executable_v2_1.ssd,Executable SSP,122612,78c52660d73e9d2e9cf21aaa0301c17eec8510c273d511ab5adcd6c4d3f5ed5f,SOURCE/work/simulation/simulink_fmu_v2_1_final/06_ssp/Rail_MBSE_All16_Executable_v2_1.ssd,FROZEN,repository-lfs
work/simulation/simulink_fmu_v2_1_final/06_ssp/Rail_MBSE_All16_Executable_v2_1.ssp,Executable SSP,414811,955892bcb3ee0a8b1cbbefe2c4135de35c337ba996a823d579bb00f7569c04c7,SOURCE/work/simulation/simulink_fmu_v2_1_final/06_ssp/Rail_MBSE_All16_Executable_v2_1.ssp,FROZEN,repository-lfs
work/simulation/simulink_fmu_v2_1_final/07_results/Brake_Transition_VV_v2_1.json,Simulation result,1475,b329d7dd7bc58c290895dd4e4b6d032656efa278c543c1861f2e9588589a9050,SOURCE/work/simulation/simulink_fmu_v2_1_final/07_results/Brake_Transition_VV_v2_1.json,FROZEN,repository-git
work/simulation/simulink_fmu_v2_1_final/07_results/Rail_MBSE_All16_FMU_CoSimulation_Exposed_Outputs_v2_1_diagnostic.csv,Simulation result,670543,5cd1fc15c2d5b5060ede883dd9198db41a6714b64d959cf6f83c3c66eceeb671,SOURCE/work/simulation/simulink_fmu_v2_1_final/07_results/Rail_MBSE_All16_FMU_CoSimulation_Exposed_Outputs_v2_1_diagnostic.csv,FROZEN,repository-git
work/simulation/simulink_fmu_v2_1_final/07_results/Rail_MBSE_All16_FMU_CoSimulation_Exposed_Outputs_v2_diagnostic.csv,Simulation result,670543,5cd1fc15c2d5b5060ede883dd9198db41a6714b64d959cf6f83c3c66eceeb671,SOURCE/work/simulation/simulink_fmu_v2_1_final/07_results/Rail_MBSE_All16_FMU_CoSimulation_Exposed_Outputs_v2_diagnostic.csv,FROZEN,repository-git
work/simulation/simulink_fmu_v2_1_final/07_results/Rail_MBSE_All16_FMU_CoSimulation_Results_v2_1.csv,Simulation result,378663,b6b064a0ceb8cc36c6ca911f4d29e4c2e2138da0209b86e5f8be773998997d29,SOURCE/work/simulation/simulink_fmu_v2_1_final/07_results/Rail_MBSE_All16_FMU_CoSimulation_Results_v2_1.csv,FROZEN,repository-git
work/simulation/simulink_fmu_v2_1_final/07_results/Regenerative_Energy_Flow_Audit_v2_1.json,Simulation result,682,d23dcc481b8b59664a1a8f0708044ee274c9c3b494722b4739679ad22e9e2443,SOURCE/work/simulation/simulink_fmu_v2_1_final/07_results/Regenerative_Energy_Flow_Audit_v2_1.json,FROZEN,repository-git
work/simulation/simulink_fmu_v2_1_final/07_results/plots/05_brake_force_allocation_v2_1.pdf,Simulation result,64463,38ba34ca995b76739adf0539e4dc09b6ca9bd4e2ee0a2185f1ada7a5c9d57bbc,SOURCE/work/simulation/simulink_fmu_v2_1_final/07_results/plots/05_brake_force_allocation_v2_1.pdf,FROZEN,repository-git
work/simulation/simulink_fmu_v2_1_final/07_results/plots/05_brake_force_allocation_v2_1.png,Simulation result,41867,5ed22372fcba139e6a5bed735135aa7af4b70a8b8ca379b9cca25bc9c7b8e79b,SOURCE/work/simulation/simulink_fmu_v2_1_final/07_results/plots/05_brake_force_allocation_v2_1.png,FROZEN,repository-git
work/simulation/simulink_fmu_v2_1_final/07_results/plots/06_brake_tracking_error_v2_1.pdf,Simulation result,58373,b509a9eede35d47a0051d2b2d91471a81d50ed0e2cc1f016dbd3f879d6c3b8a4,SOURCE/work/simulation/simulink_fmu_v2_1_final/07_results/plots/06_brake_tracking_error_v2_1.pdf,FROZEN,repository-git
work/simulation/simulink_fmu_v2_1_final/07_results/plots/06_brake_tracking_error_v2_1.png,Simulation result,33620,470145f4034efabc3b34d39260dea0573e65a036e8f86f421e63f66fdf0230de,SOURCE/work/simulation/simulink_fmu_v2_1_final/07_results/plots/06_brake_tracking_error_v2_1.png,FROZEN,repository-git
work/simulation/simulink_fmu_v2_1_final/07_results/plots/13_brake_transition_zoom_v2_1.pdf,Simulation result,65497,c9094d7276fb0e140fe5d2027538b9bb1837c66e3cd73f5f3dde2c1e30e36c16,SOURCE/work/simulation/simulink_fmu_v2_1_final/07_results/plots/13_brake_transition_zoom_v2_1.pdf,FROZEN,repository-git
work/simulation/simulink_fmu_v2_1_final/07_results/plots/13_brake_transition_zoom_v2_1.png,Simulation result,42017,662ebd048b8b6dbe59ea805470240ed98a9a040465cd23d40de4207558a3e0c1,SOURCE/work/simulation/simulink_fmu_v2_1_final/07_results/plots/13_brake_transition_zoom_v2_1.png,FROZEN,repository-git
work/simulation/simulink_fmu_v2_1_final/07_results/plots/14_low_speed_brake_tracking_zoom_v2_1.pdf,Simulation result,67077,cd8c8107bc25fff071bd15523a21dc3451d3386d30defa0f4124dd47b9946d82,SOURCE/work/simulation/simulink_fmu_v2_1_final/07_results/plots/14_low_speed_brake_tracking_zoom_v2_1.pdf,FROZEN,repository-git
work/simulation/simulink_fmu_v2_1_final/07_results/plots/14_low_speed_brake_tracking_zoom_v2_1.png,Simulation result,42707,45757bb192e3dcecbb79340f4d89263963d6e92c6af6f1efad900ef95513e2e0,SOURCE/work/simulation/simulink_fmu_v2_1_final/07_results/plots/14_low_speed_brake_tracking_zoom_v2_1.png,FROZEN,repository-git
work/simulation/simulink_fmu_v2_1_final/08_reports/Final_Status_v2_1.txt,Simulation result,1176,b5f5a64b953b5e79ad00186ef1de536e280b2a7c815819622992db9c56a819e1,SOURCE/work/simulation/simulink_fmu_v2_1_final/08_reports/Final_Status_v2_1.txt,FROZEN,repository-git
work/simulation/simulink_fmu_v2_1_final/08_reports/Physical_Consistency_Audit_v2_1.md,Simulation result,768,4a92a8dd4e76b2c5d8c926d621c3c7e468b5b1622566cbc833ee81534cf9d1ef,SOURCE/work/simulation/simulink_fmu_v2_1_final/08_reports/Physical_Consistency_Audit_v2_1.md,FROZEN,repository-git
work/simulation/simulink_fmu_v2_1_final/08_reports/Rail_MBSE_Simulink_FMU_CoSimulation_v2_1_Report.md,Simulation result,1208,1787f653c4176ebdff2ffe04b59bfcb67ce4323d7de785057d426ce7b3d01f8b,SOURCE/work/simulation/simulink_fmu_v2_1_final/08_reports/Rail_MBSE_Simulink_FMU_CoSimulation_v2_1_Report.md,FROZEN,repository-git
work/simulation/simulink_fmu_v2_1_final/08_reports/V2_1_FINAL_FREEZE_MANIFEST.json,Simulation result,3403,0c8142fc4c24c1b26b0ea5d8c150043e026ce971ec481afe1f91dca85b7e6d08,SOURCE/work/simulation/simulink_fmu_v2_1_final/08_reports/V2_1_FINAL_FREEZE_MANIFEST.json,FROZEN,repository-git
work/simulation/simulink_fmu_v2_1_final/08_reports/V2_V2_1_Brake_Transition_Comparison.md,Simulation result,791,97215538d3d390b1ed8796236091185a91e707f9b45c1a1d9de3224bdb447d82,SOURCE/work/simulation/simulink_fmu_v2_1_final/08_reports/V2_V2_1_Brake_Transition_Comparison.md,FROZEN,repository-git
work/simulation/simulink_fmu_v2_1_final/09_tools/build_all16_models.m,Supporting source/data,34055,ac74d0c7f1639e759e126b6dcba5ed8c45ae64581540539643090fe2e53a3ba6,SOURCE/work/simulation/simulink_fmu_v2_1_final/09_tools/build_all16_models.m,SUPPORT,repository-git
work/simulation/simulink_fmu_v2_1_final/09_tools/build_executable_ssp.py,Supporting source/data,11137,034e18627cd46c177cec9dc863dbf2dd39c0886e1c49074dfeefa752f6fda95f,SOURCE/work/simulation/simulink_fmu_v2_1_final/09_tools/build_executable_ssp.py,SUPPORT,repository-git
work/simulation/simulink_fmu_v2_1_final/09_tools/export_selected_fmus_v2_1.m,Supporting source/data,1581,2c19c55b976b34bbd85dd73baffc560ee75dc41cc4114c4a1a4fd1814284c3c3,SOURCE/work/simulation/simulink_fmu_v2_1_final/09_tools/export_selected_fmus_v2_1.m,SUPPORT,repository-git
work/simulation/simulink_fmu_v2_1_final/09_tools/finalize_v2_1.py,Supporting source/data,8618,bcbef27978458034a7d3db776b5ef24bcec5bd7271b2bb7b556553d228a6da7a,SOURCE/work/simulation/simulink_fmu_v2_1_final/09_tools/finalize_v2_1.py,SUPPORT,repository-git
work/simulation/simulink_fmu_v2_1_final/09_tools/rail_fmu_cosim_runner_v2.py,Supporting source/data,17435,4aa99c80034bd43ddf4c522355204c075029d81c162a7c09c420aaff6fbab180,SOURCE/work/simulation/simulink_fmu_v2_1_final/09_tools/rail_fmu_cosim_runner_v2.py,SUPPORT,repository-git
work/simulation/simulink_fmu_v2_1_final/09_tools/rail_fmu_cosim_runner_v2_1.py,Supporting source/data,9299,c5b0ede4d85c32e90a98fd11abf63982f04392441c02bce226ce7a9b5ddfa789,SOURCE/work/simulation/simulink_fmu_v2_1_final/09_tools/rail_fmu_cosim_runner_v2_1.py,SUPPORT,repository-git
work/simulation/simulink_fmu_v2_1_final/09_tools/run_brake_component_tests_v2_1.m,Supporting source/data,1783,8ea05db35c1a2103a64af018247a31168db9eb605517692afad226d8c18517e7,SOURCE/work/simulation/simulink_fmu_v2_1_final/09_tools/run_brake_component_tests_v2_1.m,SUPPORT,repository-git
work/simulation/simulink_fmu_v2_1_final/09_tools/validate_and_register_fmus.py,Supporting source/data,15662,0672330bed34c2101dd3cf03eaebc012e806c4177bd28ec2210a852a5c4fa3c3,SOURCE/work/simulation/simulink_fmu_v2_1_final/09_tools/validate_and_register_fmus.py,SUPPORT,repository-git
work/simulation/simulink_fmu_v2_reviewed/00_baseline/Rail_MBSE_All16_Integrated_v1.slx,Supporting source/data,387420,38ca0259a74527276338ec12412c7688905ca3e086df3263ab19c115077f3cc9,SOURCE/work/simulation/simulink_fmu_v2_reviewed/00_baseline/Rail_MBSE_All16_Integrated_v1.slx,SUPPORT,repository-lfs
work/simulation/simulink_fmu_v2_reviewed/00_baseline/Rail_MBSE_Simulation_Parameters_v1.json,Supporting source/data,6963,7f43050f1c666dc19360e258db0d2923c2a253ba74835441a49a67f2a533236e,SOURCE/work/simulation/simulink_fmu_v2_reviewed/00_baseline/Rail_MBSE_Simulation_Parameters_v1.json,SUPPORT,repository-git
work/simulation/simulink_fmu_v2_reviewed/00_baseline/Rail_MBSE_Simulation_Parameters_v1.m,Supporting source/data,5169,ba8b62f26e97c1438ce5b8f337d5f917e509f735aff6b11e85e2e7f025e56ad1,SOURCE/work/simulation/simulink_fmu_v2_reviewed/00_baseline/Rail_MBSE_Simulation_Parameters_v1.m,SUPPORT,repository-git
work/simulation/simulink_fmu_v2_reviewed/00_baseline/Simulink_Model_Build_Manifest_v2.json,Supporting source/data,5579,279bfed979c7741fb4d68142fabc65f3fed3b866d10219f70a6a28b9f731c7d6,SOURCE/work/simulation/simulink_fmu_v2_reviewed/00_baseline/Simulink_Model_Build_Manifest_v2.json,SUPPORT,repository-git
work/simulation/simulink_fmu_v2_reviewed/00_baseline/V1_Delivery_Snapshot.json,Supporting source/data,11360,fc581bb231e143145605d127329ab0d7e299d8c6a8e893f829db0e5f8325415d,SOURCE/work/simulation/simulink_fmu_v2_reviewed/00_baseline/V1_Delivery_Snapshot.json,SUPPORT,repository-git
work/simulation/simulink_fmu_v2_reviewed/00_baseline/V1_Review_Findings_Reproduction.csv,Supporting source/data,1580,e9b738ef9cd45e464a2846e69adb4140ef29315f6fa1654f01dc34b62f043aed,SOURCE/work/simulation/simulink_fmu_v2_reviewed/00_baseline/V1_Review_Findings_Reproduction.csv,SUPPORT,repository-git
work/simulation/simulink_fmu_v2_reviewed/00_baseline/V1_Review_Findings_Reproduction.json,Supporting source/data,2222,2c947566132c3977486a5c64a5d95d549c0b9e5467d8c90bca4e5582ce213106,SOURCE/work/simulation/simulink_fmu_v2_reviewed/00_baseline/V1_Review_Findings_Reproduction.json,SUPPORT,repository-git
work/simulation/simulink_fmu_v2_reviewed/00_baseline/V1_Review_Findings_Reproduction.md,Supporting source/data,1865,172a55b07762da0bfe587e792be3b32ac4d2c67baf66d1411a7ad3b3496cb9ba,SOURCE/work/simulation/simulink_fmu_v2_reviewed/00_baseline/V1_Review_Findings_Reproduction.md,SUPPORT,repository-git
work/simulation/simulink_fmu_v2_reviewed/00_baseline/generated_behaviors/L2_3100_behavior.m,Supporting source/data,750,9cbb37551f31c4414bd25e37b3bddc628974e71aa4f859ad7523f45101120131,SOURCE/work/simulation/simulink_fmu_v2_reviewed/00_baseline/generated_behaviors/L2_3100_behavior.m,SUPPORT,repository-git
work/simulation/simulink_fmu_v2_reviewed/00_baseline/generated_behaviors/L2_3500_behavior.m,Supporting source/data,448,9bc6aea643c38aa2904f83c80e6077d57549a7d923fede3f54550c5b4081f8e3,SOURCE/work/simulation/simulink_fmu_v2_reviewed/00_baseline/generated_behaviors/L2_3500_behavior.m,SUPPORT,repository-git
work/simulation/simulink_fmu_v2_reviewed/00_baseline/generated_behaviors/L2_3600_behavior.m,Supporting source/data,407,243802ba92232db9ae8d8d42f2b64b1a920850bcef025d2ccdd503b7d5c34a06,SOURCE/work/simulation/simulink_fmu_v2_reviewed/00_baseline/generated_behaviors/L2_3600_behavior.m,SUPPORT,repository-git
work/simulation/simulink_fmu_v2_reviewed/00_baseline/generated_behaviors/L2_3800_behavior.m,Supporting source/data,309,1b3f1a8a7afd332be112ea9b3cbda93c7bf41f7dd3e0a3dbab8fd97d4e7ba106,SOURCE/work/simulation/simulink_fmu_v2_reviewed/00_baseline/generated_behaviors/L2_3800_behavior.m,SUPPORT,repository-git
work/simulation/simulink_fmu_v2_reviewed/00_baseline/generated_behaviors/L2_4100_behavior.m,Supporting source/data,884,a90bea1905de0c32d6c6ce6ea19da811262024d0112dbef4cc9ce734cf7db3b7,SOURCE/work/simulation/simulink_fmu_v2_reviewed/00_baseline/generated_behaviors/L2_4100_behavior.m,SUPPORT,repository-git
work/simulation/simulink_fmu_v2_reviewed/00_baseline/generated_behaviors/L2_4200_behavior.m,Supporting source/data,1829,7197390ca3028ea7fe22aa03a142c434b8095df9b728067d5e5b1edc890ab982,SOURCE/work/simulation/simulink_fmu_v2_reviewed/00_baseline/generated_behaviors/L2_4200_behavior.m,SUPPORT,repository-git
work/simulation/simulink_fmu_v2_reviewed/00_baseline/generated_behaviors/L2_4400_behavior.m,Supporting source/data,280,ae5e69e9b27b4c3f90a6c1ca42579d78ae12e93e8e26897415930b668b52feb4,SOURCE/work/simulation/simulink_fmu_v2_reviewed/00_baseline/generated_behaviors/L2_4400_behavior.m,SUPPORT,repository-git
work/simulation/simulink_fmu_v2_reviewed/00_baseline/generated_behaviors/L2_4500_behavior.m,Supporting source/data,1268,d11742f6f3dc4e4802d11a70d4439762a06c1d464852f3f9e14d09d46a95af4f,SOURCE/work/simulation/simulink_fmu_v2_reviewed/00_baseline/generated_behaviors/L2_4500_behavior.m,SUPPORT,repository-git
work/simulation/simulink_fmu_v2_reviewed/00_baseline/generated_behaviors/L2_5100_behavior.m,Supporting source/data,3620,a589cadc0d41989066ccd42f5295398fa10fb7fc0dd8a4bde28a911ead07d276,SOURCE/work/simulation/simulink_fmu_v2_reviewed/00_baseline/generated_behaviors/L2_5100_behavior.m,SUPPORT,repository-git
work/simulation/simulink_fmu_v2_reviewed/00_baseline/generated_behaviors/L2_5300_behavior.m,Supporting source/data,1651,abb4bb29d56f4376683c6b9904e56c81c44d4f06655631c9be9d04f8721d0070,SOURCE/work/simulation/simulink_fmu_v2_reviewed/00_baseline/generated_behaviors/L2_5300_behavior.m,SUPPORT,repository-git
work/simulation/simulink_fmu_v2_reviewed/00_baseline/generated_behaviors/L2_7100_behavior.m,Supporting source/data,382,ef1de95cda52e3a45226df28e153a7d4e3c9785da968812a8cd7f127d7afe609,SOURCE/work/simulation/simulink_fmu_v2_reviewed/00_baseline/generated_behaviors/L2_7100_behavior.m,SUPPORT,repository-git
work/simulation/simulink_fmu_v2_reviewed/00_baseline/generated_behaviors/L2_7200_behavior.m,Supporting source/data,1987,c90a51d47d273e1bf7710de5a2972499289442e8210c48033f126cc510d8940b,SOURCE/work/simulation/simulink_fmu_v2_reviewed/00_baseline/generated_behaviors/L2_7200_behavior.m,SUPPORT,repository-git
work/simulation/simulink_fmu_v2_reviewed/00_baseline/generated_behaviors/L2_8100_behavior.m,Supporting source/data,4492,483be2b663238f4b470ebd64f21f6afaacf586aa5c59439636505a8ad077a12e,SOURCE/work/simulation/simulink_fmu_v2_reviewed/00_baseline/generated_behaviors/L2_8100_behavior.m,SUPPORT,repository-git
work/simulation/simulink_fmu_v2_reviewed/00_baseline/generated_behaviors/L2_D100_behavior.m,Supporting source/data,952,8a570d10dd5098d30868a8d50c83a4b70b9f6cc9e3951b3f1778ae57c468c20c,SOURCE/work/simulation/simulink_fmu_v2_reviewed/00_baseline/generated_behaviors/L2_D100_behavior.m,SUPPORT,repository-git
work/simulation/simulink_fmu_v2_reviewed/00_baseline/generated_behaviors/L2_E100_behavior.m,Supporting source/data,366,7cae793f19b6d3057d7fd7dd044d1bd20d009092aef24d5bf7a486a169ad9f74,SOURCE/work/simulation/simulink_fmu_v2_reviewed/00_baseline/generated_behaviors/L2_E100_behavior.m,SUPPORT,repository-git
work/simulation/simulink_fmu_v2_reviewed/00_baseline/generated_behaviors/L2_X100_behavior.m,Supporting source/data,2665,65abb309b89220e2ff1dbed13595424302e91de287316311bf2811838e5867a0,SOURCE/work/simulation/simulink_fmu_v2_reviewed/00_baseline/generated_behaviors/L2_X100_behavior.m,SUPPORT,repository-git
work/simulation/simulink_fmu_v2_reviewed/01_models/L2_3100.slx,Simulink,103149,3cab9ef58de4a5567df885bb19a7b53c0412adb86ee633618436f2ea91f79403,SOURCE/work/simulation/simulink_fmu_v2_reviewed/01_models/L2_3100.slx,SUPPORT,repository-lfs
work/simulation/simulink_fmu_v2_reviewed/01_models/L2_3500.slx,Simulink,94100,403863283130d89d6b8e94bb5349a80471f88d196b694b069a46bcfc3bdf92ce,SOURCE/work/simulation/simulink_fmu_v2_reviewed/01_models/L2_3500.slx,SUPPORT,repository-lfs
work/simulation/simulink_fmu_v2_reviewed/01_models/L2_3600.slx,Simulink,94243,d4f79014b43b0feb3bc0d98896ac84dba2a51a0e381860801c77d41486ebdc20,SOURCE/work/simulation/simulink_fmu_v2_reviewed/01_models/L2_3600.slx,SUPPORT,repository-lfs
work/simulation/simulink_fmu_v2_reviewed/01_models/L2_3800.slx,Simulink,83414,31f9fae90053757225e680d33a9384f5682233212875cdfe25526728ffb4ce88,SOURCE/work/simulation/simulink_fmu_v2_reviewed/01_models/L2_3800.slx,SUPPORT,repository-lfs
work/simulation/simulink_fmu_v2_reviewed/01_models/L2_4100.slx,Simulink,105538,5fa8ee6ccf758956e1b17d1282b2ce0768ccb459cb9b4fbaaee3d7d803c01be1,SOURCE/work/simulation/simulink_fmu_v2_reviewed/01_models/L2_4100.slx,SUPPORT,repository-lfs
work/simulation/simulink_fmu_v2_reviewed/01_models/L2_4200.slx,Simulink,145347,2ea9ac117dd4664a12da38e026e73a762fb8aaf502a2ed1735846f876fe7e270,SOURCE/work/simulation/simulink_fmu_v2_reviewed/01_models/L2_4200.slx,SUPPORT,repository-lfs
work/simulation/simulink_fmu_v2_reviewed/01_models/L2_4400.slx,Simulink,79755,f062d40815a9ca220756dd7817f269e75e30805f1117ddbdc62e507a47fe1169,SOURCE/work/simulation/simulink_fmu_v2_reviewed/01_models/L2_4400.slx,SUPPORT,repository-lfs
work/simulation/simulink_fmu_v2_reviewed/01_models/L2_4500.slx,Simulink,126188,c58afd9cbdfecc65eda5c321f60f8da00fe104ac778409c06fc5c42a312fee10,SOURCE/work/simulation/simulink_fmu_v2_reviewed/01_models/L2_4500.slx,SUPPORT,repository-lfs
work/simulation/simulink_fmu_v2_reviewed/01_models/L2_5100.slx,Simulink,179168,2f972082babe654b9e43802a5c680edb2287e02dda01b0e89d839b1798fe608c,SOURCE/work/simulation/simulink_fmu_v2_reviewed/01_models/L2_5100.slx,SUPPORT,repository-lfs
work/simulation/simulink_fmu_v2_reviewed/01_models/L2_5300.slx,Simulink,122840,426d25422276a8f461e36c60b029192c4b66cef9f7615cb8a7cbe4dc0ae2b4d1,SOURCE/work/simulation/simulink_fmu_v2_reviewed/01_models/L2_5300.slx,SUPPORT,repository-lfs
work/simulation/simulink_fmu_v2_reviewed/01_models/L2_7100.slx,Simulink,84797,e3dd51abbd09b1d958412f8841005607580a3bb755cf03081f5d7147737dba3e,SOURCE/work/simulation/simulink_fmu_v2_reviewed/01_models/L2_7100.slx,SUPPORT,repository-lfs
work/simulation/simulink_fmu_v2_reviewed/01_models/L2_7200.slx,Simulink,150596,0d5eb826b192a268c2c37948064c6325ade081548dbc8b93f495c4e9cc045286,SOURCE/work/simulation/simulink_fmu_v2_reviewed/01_models/L2_7200.slx,SUPPORT,repository-lfs
work/simulation/simulink_fmu_v2_reviewed/01_models/L2_8100.slx,Simulink,182859,64d48943c6d0e4e302d6fb6d928ddf268227272826cc8bba40f32003bce11db1,SOURCE/work/simulation/simulink_fmu_v2_reviewed/01_models/L2_8100.slx,SUPPORT,repository-lfs
work/simulation/simulink_fmu_v2_reviewed/01_models/L2_D100.slx,Simulink,101509,9e0cf57d206b9417ab98ff55b617f8c2c480b23f30267be0b30c5e551d56700e,SOURCE/work/simulation/simulink_fmu_v2_reviewed/01_models/L2_D100.slx,SUPPORT,repository-lfs
work/simulation/simulink_fmu_v2_reviewed/01_models/L2_E100.slx,Simulink,89787,0bd8a4b35030929ff161a3e22e2ed792fa34f5aaa3aa4d20496c60f988bcab65,SOURCE/work/simulation/simulink_fmu_v2_reviewed/01_models/L2_E100.slx,SUPPORT,repository-lfs
work/simulation/simulink_fmu_v2_reviewed/01_models/L2_X100.slx,Simulink,161848,e2dca9766bd9061b962f3c04498ae67d973e5e928672d7b89c048fd257f99a2c,SOURCE/work/simulation/simulink_fmu_v2_reviewed/01_models/L2_X100.slx,SUPPORT,repository-lfs
work/simulation/simulink_fmu_v2_reviewed/02_parameters/Rail_MBSE_Simulation_Parameters_v2.json,Supporting source/data,14622,8b3ddcee27fd8ddab22f1d3a7153d51012d1193ca25220a40ae4f3f34bb32d51,SOURCE/work/simulation/simulink_fmu_v2_reviewed/02_parameters/Rail_MBSE_Simulation_Parameters_v2.json,SUPPORT,repository-git
work/simulation/simulink_fmu_v2_reviewed/02_parameters/Rail_MBSE_Simulation_Parameters_v2.m,Supporting source/data,10474,ee703445e62d6ca66542af7772ec494a73ccb9a22d85eed6162547a748cd6135,SOURCE/work/simulation/simulink_fmu_v2_reviewed/02_parameters/Rail_MBSE_Simulation_Parameters_v2.m,SUPPORT,repository-git
work/simulation/simulink_fmu_v2_reviewed/03_component_tests/Component_Test_Report_v2.md,Supporting source/data,1428,02974e7c3911aab95b90bfa944b5ca532b18dc8f14a96c6cd42ad8374115a126,SOURCE/work/simulation/simulink_fmu_v2_reviewed/03_component_tests/Component_Test_Report_v2.md,SUPPORT,repository-git
work/simulation/simulink_fmu_v2_reviewed/03_component_tests/Component_Test_Results_v2.json,Supporting source/data,13672,d7132cc9a6bf05149645a63aa7cc810e2171f10817e9a3ffc76192ce85ef06e3,SOURCE/work/simulation/simulink_fmu_v2_reviewed/03_component_tests/Component_Test_Results_v2.json,SUPPORT,repository-git
work/simulation/simulink_fmu_v2_reviewed/03_component_tests/results/L2_3100_component_test.csv,Supporting source/data,59423,a3ea1735237b8d1f736c2e63fc3195bb7c7d4772d6d1f65d00cd8903ddb305c8,SOURCE/work/simulation/simulink_fmu_v2_reviewed/03_component_tests/results/L2_3100_component_test.csv,SUPPORT,repository-git
work/simulation/simulink_fmu_v2_reviewed/03_component_tests/results/L2_3500_component_test.csv,Supporting source/data,16429,105c6480111c78dfe5b09b719be1cb4793800ae1f5ab34b57f1e892a963b7785,SOURCE/work/simulation/simulink_fmu_v2_reviewed/03_component_tests/results/L2_3500_component_test.csv,SUPPORT,repository-git
work/simulation/simulink_fmu_v2_reviewed/03_component_tests/results/L2_3600_component_test.csv,Supporting source/data,22861,d46c271d9821b55f321d93c01d3a2ede1f4bb9395986488a88a0b03268fd0eed,SOURCE/work/simulation/simulink_fmu_v2_reviewed/03_component_tests/results/L2_3600_component_test.csv,SUPPORT,repository-git
work/simulation/simulink_fmu_v2_reviewed/03_component_tests/results/L2_3800_component_test.csv,Supporting source/data,5890,e05679a544cc4d7b32f27746fcb0ae7346b9e778e3b015443a9fe27792119c50,SOURCE/work/simulation/simulink_fmu_v2_reviewed/03_component_tests/results/L2_3800_component_test.csv,SUPPORT,repository-git
work/simulation/simulink_fmu_v2_reviewed/03_component_tests/results/L2_4100_component_test.csv,Supporting source/data,16849,930840d15692b4321eac5840352eb396b7767561d31a61515c92273f4e6286ed,SOURCE/work/simulation/simulink_fmu_v2_reviewed/03_component_tests/results/L2_4100_component_test.csv,SUPPORT,repository-git
work/simulation/simulink_fmu_v2_reviewed/03_component_tests/results/L2_4200_component_test.csv,Supporting source/data,36700,75f4662af283d778676782b532e06d24d8ad909a4314d56c6d368220c1766d58,SOURCE/work/simulation/simulink_fmu_v2_reviewed/03_component_tests/results/L2_4200_component_test.csv,SUPPORT,repository-git
work/simulation/simulink_fmu_v2_reviewed/03_component_tests/results/L2_4400_component_test.csv,Supporting source/data,5890,e05679a544cc4d7b32f27746fcb0ae7346b9e778e3b015443a9fe27792119c50,SOURCE/work/simulation/simulink_fmu_v2_reviewed/03_component_tests/results/L2_4400_component_test.csv,SUPPORT,repository-git
work/simulation/simulink_fmu_v2_reviewed/03_component_tests/results/L2_4500_component_test.csv,Supporting source/data,32974,7311c14aa8d20e827f0f500e3c92b97074f5da6ba889db7ada59606711d8e403,SOURCE/work/simulation/simulink_fmu_v2_reviewed/03_component_tests/results/L2_4500_component_test.csv,SUPPORT,repository-git
work/simulation/simulink_fmu_v2_reviewed/03_component_tests/results/L2_5100_component_test.csv,Supporting source/data,96276,e299a731ec6e9c27a33d80e0e531f7b11a248275c7f081c4018b90e6101ccf91,SOURCE/work/simulation/simulink_fmu_v2_reviewed/03_component_tests/results/L2_5100_component_test.csv,SUPPORT,repository-git
work/simulation/simulink_fmu_v2_reviewed/03_component_tests/results/L2_5300_component_test.csv,Supporting source/data,82722,cd1dbed70255abcc8770f479531acb9af29638338001ec5be6e0e61c5f7d472a,SOURCE/work/simulation/simulink_fmu_v2_reviewed/03_component_tests/results/L2_5300_component_test.csv,SUPPORT,repository-git
work/simulation/simulink_fmu_v2_reviewed/03_component_tests/results/L2_7100_component_test.csv,Supporting source/data,12925,d35290c75f7cd75a411e70964990aabaacd3da83dfa5e57844066379d02d9c88,SOURCE/work/simulation/simulink_fmu_v2_reviewed/03_component_tests/results/L2_7100_component_test.csv,SUPPORT,repository-git
work/simulation/simulink_fmu_v2_reviewed/03_component_tests/results/L2_7200_component_test.csv,Supporting source/data,46006,ab4edbaaa30c0e87946f00be3ab9341f63d70e750bd111fec08aa66b75185d3d,SOURCE/work/simulation/simulink_fmu_v2_reviewed/03_component_tests/results/L2_7200_component_test.csv,SUPPORT,repository-git
work/simulation/simulink_fmu_v2_reviewed/03_component_tests/results/L2_8100_component_test.csv,Supporting source/data,86935,122cf53e71b97ad96ed19e42ed41f19e8be5d5c08bd0c1a63f82e589ad16145a,SOURCE/work/simulation/simulink_fmu_v2_reviewed/03_component_tests/results/L2_8100_component_test.csv,SUPPORT,repository-git
work/simulation/simulink_fmu_v2_reviewed/03_component_tests/results/L2_D100_component_test.csv,Supporting source/data,17511,53928fd49f08705ee248dbe0163be8d8ab5e9df4d9c14ecd8cf354bf95c395a3,SOURCE/work/simulation/simulink_fmu_v2_reviewed/03_component_tests/results/L2_D100_component_test.csv,SUPPORT,repository-git
work/simulation/simulink_fmu_v2_reviewed/03_component_tests/results/L2_E100_component_test.csv,Supporting source/data,9952,d1b6ecf3933edd9bb8b18cab1bcad41c74c8252f782678dae4af061f0dd50fab,SOURCE/work/simulation/simulink_fmu_v2_reviewed/03_component_tests/results/L2_E100_component_test.csv,SUPPORT,repository-git
work/simulation/simulink_fmu_v2_reviewed/03_component_tests/results/L2_X100_component_test.csv,Supporting source/data,53262,08f08ff9ce00f34c4cd00ebbbe4a5f7caf7d897d9444c516d125b48522f87141,SOURCE/work/simulation/simulink_fmu_v2_reviewed/03_component_tests/results/L2_X100_component_test.csv,SUPPORT,repository-git
work/simulation/simulink_fmu_v2_reviewed/04_system_integration/Executable_Connection_Audit_v2.json,Supporting source/data,37048,55fac89224e29e283440e63f1ee1ef7f69d23e37ce5315fff9c8841e13d0e324,SOURCE/work/simulation/simulink_fmu_v2_reviewed/04_system_integration/Executable_Connection_Audit_v2.json,SUPPORT,repository-git
work/simulation/simulink_fmu_v2_reviewed/04_system_integration/Rail_MBSE_All16_Integrated_v2.slx,Supporting source/data,387500,2b950f2fb7cd3a5f05ea333bcff3fcaa85f7a685cb96349db47711072b52e442,SOURCE/work/simulation/simulink_fmu_v2_reviewed/04_system_integration/Rail_MBSE_All16_Integrated_v2.slx,SUPPORT,repository-lfs
work/simulation/simulink_fmu_v2_reviewed/05_fmu/FMU_Export_Results_v2.json,FMU,6454,4265207311a869f1c5d927b96f99f59ad37866bf4784ce9d8352c5a4ab541209,SOURCE/work/simulation/simulink_fmu_v2_reviewed/05_fmu/FMU_Export_Results_v2.json,SUPPORT,repository-git
work/simulation/simulink_fmu_v2_reviewed/05_fmu/FMU_Interface_Validation_Report_v2.md,FMU,1552,fce08910ba8c53e66d3eb4f1d2322e55a36e23b98255913c526907e54b57f284,SOURCE/work/simulation/simulink_fmu_v2_reviewed/05_fmu/FMU_Interface_Validation_Report_v2.md,SUPPORT,repository-git
work/simulation/simulink_fmu_v2_reviewed/05_fmu/FMU_Interface_Validation_v2.json,FMU,10038,99b7b316287f0cccb3020c4a266be6e6a0e80c601370dfb8a6e61ead6ad7b50b,SOURCE/work/simulation/simulink_fmu_v2_reviewed/05_fmu/FMU_Interface_Validation_v2.json,SUPPORT,repository-git
work/simulation/simulink_fmu_v2_reviewed/05_fmu/L2_3100.fmu,FMU,24815,9690e3eb3ed889157fc54b598968ce302957c32068836c56829145b23547de4b,SOURCE/work/simulation/simulink_fmu_v2_reviewed/05_fmu/L2_3100.fmu,SUPPORT,repository-lfs
work/simulation/simulink_fmu_v2_reviewed/05_fmu/L2_3500.fmu,FMU,24351,89cb7c4f544577aa089eea0ee130fec4b33126fe03d9e539342a31d32484d101,SOURCE/work/simulation/simulink_fmu_v2_reviewed/05_fmu/L2_3500.fmu,SUPPORT,repository-lfs
work/simulation/simulink_fmu_v2_reviewed/05_fmu/L2_3600.fmu,FMU,24424,374d8fb0b1ab9961e02da036de8e9b561764bde84aa4ab8a449ffa775eb17ed2,SOURCE/work/simulation/simulink_fmu_v2_reviewed/05_fmu/L2_3600.fmu,SUPPORT,repository-lfs
work/simulation/simulink_fmu_v2_reviewed/05_fmu/L2_3800.fmu,FMU,24178,833c24af3565ac1f2a95cbec295a4453100b7b41be0ae5970b07f6650ec95eba,SOURCE/work/simulation/simulink_fmu_v2_reviewed/05_fmu/L2_3800.fmu,SUPPORT,repository-lfs
work/simulation/simulink_fmu_v2_reviewed/05_fmu/L2_4100.fmu,FMU,24932,fa92037469aae9a3a007f4ec1853ed22abc7db7b948140344298dbf6190095b1,SOURCE/work/simulation/simulink_fmu_v2_reviewed/05_fmu/L2_4100.fmu,SUPPORT,repository-lfs
work/simulation/simulink_fmu_v2_reviewed/05_fmu/L2_4200.fmu,FMU,25627,fe7ab260e685b82340ae54efb60e6dce046d9c824b213d65d2286ed9c7cb30c3,SOURCE/work/simulation/simulink_fmu_v2_reviewed/05_fmu/L2_4200.fmu,SUPPORT,repository-lfs
work/simulation/simulink_fmu_v2_reviewed/05_fmu/L2_4400.fmu,FMU,23858,de58652f1eaa150a4749e02c0b87301e5b5be9a98669f4b3c776b604c19df947,SOURCE/work/simulation/simulink_fmu_v2_reviewed/05_fmu/L2_4400.fmu,SUPPORT,repository-lfs
work/simulation/simulink_fmu_v2_reviewed/05_fmu/L2_4500.fmu,FMU,24942,b8e24ac32d721f820be8f3afcfe974d6ab4c73195fd46017dc85e9360c660478,SOURCE/work/simulation/simulink_fmu_v2_reviewed/05_fmu/L2_4500.fmu,SUPPORT,repository-lfs
work/simulation/simulink_fmu_v2_reviewed/05_fmu/L2_5100.fmu,FMU,27495,a5a970f2b050d1dfea5b3379be303ef0e28d60f20400f63f1c803f1f2756c5d6,SOURCE/work/simulation/simulink_fmu_v2_reviewed/05_fmu/L2_5100.fmu,SUPPORT,repository-lfs
work/simulation/simulink_fmu_v2_reviewed/05_fmu/L2_5300.fmu,FMU,26465,15f6b3c3aad9b015ab8a5ee39839092c2557665402df6887f046c6877358dedf,SOURCE/work/simulation/simulink_fmu_v2_reviewed/05_fmu/L2_5300.fmu,SUPPORT,repository-lfs
work/simulation/simulink_fmu_v2_reviewed/05_fmu/L2_7100.fmu,FMU,24184,b2480d892ba0758529aeeedb01bc8ac48a002b8cd151e8ba883f65874dd8ebd6,SOURCE/work/simulation/simulink_fmu_v2_reviewed/05_fmu/L2_7100.fmu,SUPPORT,repository-lfs
work/simulation/simulink_fmu_v2_reviewed/05_fmu/L2_7200.fmu,FMU,26911,8d9e7843ba93d65db607ffa3be95086dc86023c557ab5c06cec9944913f373e0,SOURCE/work/simulation/simulink_fmu_v2_reviewed/05_fmu/L2_7200.fmu,SUPPORT,repository-lfs
work/simulation/simulink_fmu_v2_reviewed/05_fmu/L2_8100.fmu,FMU,28084,6dbfb46ebe6d22b21272a24cad153efe9f7a00e0d65741f970f0e093060e8908,SOURCE/work/simulation/simulink_fmu_v2_reviewed/05_fmu/L2_8100.fmu,SUPPORT,repository-lfs
work/simulation/simulink_fmu_v2_reviewed/05_fmu/L2_D100.fmu,FMU,24867,4c421042e3007a326e228f360c7ec16032452d1250b220e7ab2831ff926ead0b,SOURCE/work/simulation/simulink_fmu_v2_reviewed/05_fmu/L2_D100.fmu,SUPPORT,repository-lfs
work/simulation/simulink_fmu_v2_reviewed/05_fmu/L2_E100.fmu,FMU,24243,31ad50799a4f60a9468ecce832d5fff4f577182abaee053ef1ee40f97b13121d,SOURCE/work/simulation/simulink_fmu_v2_reviewed/05_fmu/L2_E100.fmu,SUPPORT,repository-lfs
work/simulation/simulink_fmu_v2_reviewed/05_fmu/L2_X100.fmu,FMU,26988,d586a4abc640054a8e1cf1a479fbf3c5337bb692b577f5ace1e03a464b88ce40,SOURCE/work/simulation/simulink_fmu_v2_reviewed/05_fmu/L2_X100.fmu,SUPPORT,repository-lfs
work/simulation/simulink_fmu_v2_reviewed/05_fmu/Rail_MBSE_FMU_Model_Registry_v2.json,FMU,13889,447fa38dd153fdc8dcfbe2f51ac74a598f202060053537e2f5f790ff3fb2f9c2,SOURCE/work/simulation/simulink_fmu_v2_reviewed/05_fmu/Rail_MBSE_FMU_Model_Registry_v2.json,SUPPORT,repository-git
work/simulation/simulink_fmu_v2_reviewed/05_fmu/validated/L2_3100.fmu,FMU,24815,9690e3eb3ed889157fc54b598968ce302957c32068836c56829145b23547de4b,SOURCE/work/simulation/simulink_fmu_v2_reviewed/05_fmu/validated/L2_3100.fmu,SUPPORT,repository-lfs
work/simulation/simulink_fmu_v2_reviewed/05_fmu/validated/L2_3500.fmu,FMU,24351,89cb7c4f544577aa089eea0ee130fec4b33126fe03d9e539342a31d32484d101,SOURCE/work/simulation/simulink_fmu_v2_reviewed/05_fmu/validated/L2_3500.fmu,SUPPORT,repository-lfs
work/simulation/simulink_fmu_v2_reviewed/05_fmu/validated/L2_3600.fmu,FMU,24424,374d8fb0b1ab9961e02da036de8e9b561764bde84aa4ab8a449ffa775eb17ed2,SOURCE/work/simulation/simulink_fmu_v2_reviewed/05_fmu/validated/L2_3600.fmu,SUPPORT,repository-lfs
work/simulation/simulink_fmu_v2_reviewed/05_fmu/validated/L2_3800.fmu,FMU,24178,833c24af3565ac1f2a95cbec295a4453100b7b41be0ae5970b07f6650ec95eba,SOURCE/work/simulation/simulink_fmu_v2_reviewed/05_fmu/validated/L2_3800.fmu,SUPPORT,repository-lfs
work/simulation/simulink_fmu_v2_reviewed/05_fmu/validated/L2_4100.fmu,FMU,24932,fa92037469aae9a3a007f4ec1853ed22abc7db7b948140344298dbf6190095b1,SOURCE/work/simulation/simulink_fmu_v2_reviewed/05_fmu/validated/L2_4100.fmu,SUPPORT,repository-lfs
work/simulation/simulink_fmu_v2_reviewed/05_fmu/validated/L2_4200.fmu,FMU,25627,fe7ab260e685b82340ae54efb60e6dce046d9c824b213d65d2286ed9c7cb30c3,SOURCE/work/simulation/simulink_fmu_v2_reviewed/05_fmu/validated/L2_4200.fmu,SUPPORT,repository-lfs
work/simulation/simulink_fmu_v2_reviewed/05_fmu/validated/L2_4400.fmu,FMU,23858,de58652f1eaa150a4749e02c0b87301e5b5be9a98669f4b3c776b604c19df947,SOURCE/work/simulation/simulink_fmu_v2_reviewed/05_fmu/validated/L2_4400.fmu,SUPPORT,repository-lfs
work/simulation/simulink_fmu_v2_reviewed/05_fmu/validated/L2_4500.fmu,FMU,24942,b8e24ac32d721f820be8f3afcfe974d6ab4c73195fd46017dc85e9360c660478,SOURCE/work/simulation/simulink_fmu_v2_reviewed/05_fmu/validated/L2_4500.fmu,SUPPORT,repository-lfs
work/simulation/simulink_fmu_v2_reviewed/05_fmu/validated/L2_5100.fmu,FMU,27498,9cdf4a5b18a6c3f4d3d334e2e923add12c4ea6be762bc782245e4f103b4517b6,SOURCE/work/simulation/simulink_fmu_v2_reviewed/05_fmu/validated/L2_5100.fmu,SUPPORT,repository-lfs
work/simulation/simulink_fmu_v2_reviewed/05_fmu/validated/L2_5300.fmu,FMU,26465,15f6b3c3aad9b015ab8a5ee39839092c2557665402df6887f046c6877358dedf,SOURCE/work/simulation/simulink_fmu_v2_reviewed/05_fmu/validated/L2_5300.fmu,SUPPORT,repository-lfs
work/simulation/simulink_fmu_v2_reviewed/05_fmu/validated/L2_7100.fmu,FMU,24184,b2480d892ba0758529aeeedb01bc8ac48a002b8cd151e8ba883f65874dd8ebd6,SOURCE/work/simulation/simulink_fmu_v2_reviewed/05_fmu/validated/L2_7100.fmu,SUPPORT,repository-lfs
work/simulation/simulink_fmu_v2_reviewed/05_fmu/validated/L2_7200.fmu,FMU,26846,4a06680dfba9c1a9bfd10f95e59f77ce172b60c5243064b71b82e8cc590ff80f,SOURCE/work/simulation/simulink_fmu_v2_reviewed/05_fmu/validated/L2_7200.fmu,SUPPORT,repository-lfs
work/simulation/simulink_fmu_v2_reviewed/05_fmu/validated/L2_8100.fmu,FMU,27936,4388f57c6070676211537f4cf83cb12e2710d1a2063000ae4c366ee57224c599,SOURCE/work/simulation/simulink_fmu_v2_reviewed/05_fmu/validated/L2_8100.fmu,SUPPORT,repository-lfs
work/simulation/simulink_fmu_v2_reviewed/05_fmu/validated/L2_D100.fmu,FMU,24839,3d8b445d1da4fbc4f20be935338111d2912a8117460781c4c3fc841c64c6eaf5,SOURCE/work/simulation/simulink_fmu_v2_reviewed/05_fmu/validated/L2_D100.fmu,SUPPORT,repository-lfs
work/simulation/simulink_fmu_v2_reviewed/05_fmu/validated/L2_E100.fmu,FMU,24243,31ad50799a4f60a9468ecce832d5fff4f577182abaee053ef1ee40f97b13121d,SOURCE/work/simulation/simulink_fmu_v2_reviewed/05_fmu/validated/L2_E100.fmu,SUPPORT,repository-lfs
work/simulation/simulink_fmu_v2_reviewed/05_fmu/validated/L2_X100.fmu,FMU,26988,d586a4abc640054a8e1cf1a479fbf3c5337bb692b577f5ace1e03a464b88ce40,SOURCE/work/simulation/simulink_fmu_v2_reviewed/05_fmu/validated/L2_X100.fmu,SUPPORT,repository-lfs
work/simulation/simulink_fmu_v2_reviewed/06_ssp/Executable_SSP_Traceability_v2.json,Executable SSP,109404,7f1cb0d23f5db9e69c9a9aada8e4bdb9d3bb9886956bcb0bffaec7c68d395fc9,SOURCE/work/simulation/simulink_fmu_v2_reviewed/06_ssp/Executable_SSP_Traceability_v2.json,SUPPORT,repository-git
work/simulation/simulink_fmu_v2_reviewed/06_ssp/Executable_SSP_Validation_v2.json,Executable SSP,649,74055a01c1a99344526ea9396b9bc6a81979da27f82f93bc328daa145bc55439,SOURCE/work/simulation/simulink_fmu_v2_reviewed/06_ssp/Executable_SSP_Validation_v2.json,SUPPORT,repository-git
work/simulation/simulink_fmu_v2_reviewed/06_ssp/Rail_MBSE_All16_Executable_v2.ssd,Executable SSP,122612,08660b846ff118e527dd4672bfcebef311251e607fc9bf82eb5c071cd10b9af0,SOURCE/work/simulation/simulink_fmu_v2_reviewed/06_ssp/Rail_MBSE_All16_Executable_v2.ssd,SUPPORT,repository-lfs
work/simulation/simulink_fmu_v2_reviewed/06_ssp/Rail_MBSE_All16_Executable_v2.ssp,Executable SSP,414683,609724725ec17e0ed04036dea774800d49587759bc9ca3119c70bd7899e209d6,SOURCE/work/simulation/simulink_fmu_v2_reviewed/06_ssp/Rail_MBSE_All16_Executable_v2.ssp,SUPPORT,repository-lfs
work/simulation/simulink_fmu_v2_reviewed/07_results/01_train_speed.pdf,Simulation result,56999,10cc5fdfa1ad295271891a2b8c6f1cdcf9d7fd1c0f29f8b3c20ad77f529ed5a8,SOURCE/work/simulation/simulink_fmu_v2_reviewed/07_results/01_train_speed.pdf,SUPPORT,repository-git
work/simulation/simulink_fmu_v2_reviewed/07_results/01_train_speed.png,Simulation result,49792,a6d5252472928b2b71552b5242f2856d07f2e654ce0e469d9bc6e41c69ce0481,SOURCE/work/simulation/simulink_fmu_v2_reviewed/07_results/01_train_speed.png,SUPPORT,repository-git
work/simulation/simulink_fmu_v2_reviewed/07_results/02_traction_regen_power.pdf,Simulation result,79516,4e10dd3575198f57f15d539918450b198f22f40802aad7f7bce381b6c6e8885f,SOURCE/work/simulation/simulink_fmu_v2_reviewed/07_results/02_traction_regen_power.pdf,SUPPORT,repository-git
work/simulation/simulink_fmu_v2_reviewed/07_results/02_traction_regen_power.png,Simulation result,63791,262edcd628181ebf7355e6200dcd4cdf92c2ab69b883863aaae2239b84e183bd,SOURCE/work/simulation/simulink_fmu_v2_reviewed/07_results/02_traction_regen_power.png,SUPPORT,repository-git
work/simulation/simulink_fmu_v2_reviewed/07_results/03_supercapacitor_voltage.pdf,Simulation result,44247,7619491ba2fff4db3ec027a016e6038f8db869a256bd3d5df308d7b7bda53ce0,SOURCE/work/simulation/simulink_fmu_v2_reviewed/07_results/03_supercapacitor_voltage.pdf,SUPPORT,repository-git
work/simulation/simulink_fmu_v2_reviewed/07_results/03_supercapacitor_voltage.png,Simulation result,51060,d958cc0f040fcaa5041110a5bfcf4b2ca952d050e2fad3508d1dd2504853dc16,SOURCE/work/simulation/simulink_fmu_v2_reviewed/07_results/03_supercapacitor_voltage.png,SUPPORT,repository-git
work/simulation/simulink_fmu_v2_reviewed/07_results/04_supercapacitor_soc.pdf,Simulation result,43726,271ca7e6fda59aa634f53f856049e885aadc083317854db22756157ff13cd365,SOURCE/work/simulation/simulink_fmu_v2_reviewed/07_results/04_supercapacitor_soc.pdf,SUPPORT,repository-git
work/simulation/simulink_fmu_v2_reviewed/07_results/04_supercapacitor_soc.png,Simulation result,44314,200e5e639cbeaead62c3fcfe2d6cb2bf45cfad81597abee71de861eb16d7ac9b,SOURCE/work/simulation/simulink_fmu_v2_reviewed/07_results/04_supercapacitor_soc.png,SUPPORT,repository-git
work/simulation/simulink_fmu_v2_reviewed/07_results/05_recovered_energy.pdf,Simulation result,42841,ec7dc3b01593a52a5d5c36a5c620ebb32d8aff0cfe96e0ed6bbc00ac904b9e7c,SOURCE/work/simulation/simulink_fmu_v2_reviewed/07_results/05_recovered_energy.pdf,SUPPORT,repository-git
work/simulation/simulink_fmu_v2_reviewed/07_results/05_recovered_energy.png,Simulation result,47182,646d0cba09a649e23a3cce2714184ba95417da615f4b2f75e7369309bc5d5c58,SOURCE/work/simulation/simulink_fmu_v2_reviewed/07_results/05_recovered_energy.png,SUPPORT,repository-git
work/simulation/simulink_fmu_v2_reviewed/07_results/06_regen_mechanical_braking.pdf,Simulation result,73732,3bfebad1c6d6ec2e98d9b58be485fd6ba4628533b9f5f0d6d3fbcd789b49d539,SOURCE/work/simulation/simulink_fmu_v2_reviewed/07_results/06_regen_mechanical_braking.pdf,SUPPORT,repository-git
work/simulation/simulink_fmu_v2_reviewed/07_results/06_regen_mechanical_braking.png,Simulation result,55873,00706510e04baf6ea5cd6410cc264d71352eebdb508bcc8754628377c2656dcc,SOURCE/work/simulation/simulink_fmu_v2_reviewed/07_results/06_regen_mechanical_braking.png,SUPPORT,repository-git
work/simulation/simulink_fmu_v2_reviewed/07_results/Communication_Step_Sensitivity_v2.csv,Simulation result,310,a13570c66853d8098d35e032ab4d40cc8ea8523f33b9cec15f89e33a1c4f7daa,SOURCE/work/simulation/simulink_fmu_v2_reviewed/07_results/Communication_Step_Sensitivity_v2.csv,SUPPORT,repository-git
work/simulation/simulink_fmu_v2_reviewed/07_results/Physical_VV_v2.json,Simulation result,3415,c66fda4b973fb1d6cdc18af18e7a77b778b282abc8d6c9031f26a78c846c0515,SOURCE/work/simulation/simulink_fmu_v2_reviewed/07_results/Physical_VV_v2.json,SUPPORT,repository-git
work/simulation/simulink_fmu_v2_reviewed/07_results/Rail_MBSE_All16_FMU_CoSimulation_Exposed_Outputs_v2_diagnostic.csv,Simulation result,667519,1ad35117475137a992052113d0597e88618893ba2a9103ca03c9a5304811e8a6,SOURCE/work/simulation/simulink_fmu_v2_reviewed/07_results/Rail_MBSE_All16_FMU_CoSimulation_Exposed_Outputs_v2_diagnostic.csv,SUPPORT,repository-git
work/simulation/simulink_fmu_v2_reviewed/07_results/Rail_MBSE_All16_FMU_CoSimulation_Results_v2.csv,Simulation result,364800,08c2367f842774e856fe40f2920ff44719a4dd0541552d081d9c4116f299433e,SOURCE/work/simulation/simulink_fmu_v2_reviewed/07_results/Rail_MBSE_All16_FMU_CoSimulation_Results_v2.csv,SUPPORT,repository-git
work/simulation/simulink_fmu_v2_reviewed/07_results/Rail_MBSE_All16_Integrated_Diagnostic_v2.csv,Simulation result,574642,7a825dfa47c5baedfb6eb56ec3fe0704887d479193c88775bfd4bd262eb95571,SOURCE/work/simulation/simulink_fmu_v2_reviewed/07_results/Rail_MBSE_All16_Integrated_Diagnostic_v2.csv,SUPPORT,repository-git
work/simulation/simulink_fmu_v2_reviewed/07_results/Rail_MBSE_All16_Integrated_Diagnostic_v2.mat,Simulation result,158091,a797f4355c996b6ddaa42785d2fdf5eafee8172816f9b368df2386dac2f82f69,SOURCE/work/simulation/simulink_fmu_v2_reviewed/07_results/Rail_MBSE_All16_Integrated_Diagnostic_v2.mat,SUPPORT,repository-lfs
work/simulation/simulink_fmu_v2_reviewed/07_results/Regenerative_Energy_Flow_Audit_v2.json,Simulation result,627,a61a1212233e08f30f4e506a7da0b0abbbe58ee1d1f14738cae7383bb060fe03,SOURCE/work/simulation/simulink_fmu_v2_reviewed/07_results/Regenerative_Energy_Flow_Audit_v2.json,SUPPORT,repository-git
work/simulation/simulink_fmu_v2_reviewed/07_results/Scenario_B_HV_Unavailable_v2.csv,Simulation result,187908,6d0f4fc90f19c0dd207f95cdf0503e5c8ab0cdb6b5855df31b8c367f2a5c2051,SOURCE/work/simulation/simulink_fmu_v2_reviewed/07_results/Scenario_B_HV_Unavailable_v2.csv,SUPPORT,repository-git
work/simulation/simulink_fmu_v2_reviewed/07_results/Scenario_C_ESS_Full_v2.csv,Simulation result,336508,010efb73ecbf325a5e17390e6e0df0f3fc7cd123c38b13d2408386ee35bd7242,SOURCE/work/simulation/simulink_fmu_v2_reviewed/07_results/Scenario_C_ESS_Full_v2.csv,SUPPORT,repository-git
work/simulation/simulink_fmu_v2_reviewed/07_results/Scenario_D_Low_Speed_Braking_v2.csv,Simulation result,301770,3168d94f5998d3538a58624875609d835151df74aab7370547ffbd46694f0455,SOURCE/work/simulation/simulink_fmu_v2_reviewed/07_results/Scenario_D_Low_Speed_Braking_v2.csv,SUPPORT,repository-git
work/simulation/simulink_fmu_v2_reviewed/07_results/Scenario_E_Strong_Brake_v2.csv,Simulation result,364836,60de5a56cbd312e67634bcf312a5a2138eeb89c836918cee98f6cde7f538bc4d,SOURCE/work/simulation/simulink_fmu_v2_reviewed/07_results/Scenario_E_Strong_Brake_v2.csv,SUPPORT,repository-git
work/simulation/simulink_fmu_v2_reviewed/07_results/plots/01_train_speed.pdf,Simulation result,63078,810907562780bf98f7f26f39122b9dac076cfe21b03adfaf25e53e8f3ba1bcdc,SOURCE/work/simulation/simulink_fmu_v2_reviewed/07_results/plots/01_train_speed.pdf,SUPPORT,repository-git
work/simulation/simulink_fmu_v2_reviewed/07_results/plots/01_train_speed.png,Simulation result,38542,9a5e51182f839fbcf05143c41e5f4aeb271177eb9dca671dfd4044261adb0214,SOURCE/work/simulation/simulink_fmu_v2_reviewed/07_results/plots/01_train_speed.png,SUPPORT,repository-git
work/simulation/simulink_fmu_v2_reviewed/07_results/plots/02_motor_mechanical_signed_power.pdf,Simulation result,63911,d7c3a609c100aec50e03629646445d4a50c644f61f7118807bf9eb28262782b2,SOURCE/work/simulation/simulink_fmu_v2_reviewed/07_results/plots/02_motor_mechanical_signed_power.pdf,SUPPORT,repository-git
work/simulation/simulink_fmu_v2_reviewed/07_results/plots/02_motor_mechanical_signed_power.png,Simulation result,39790,92485e853277003da39aa1442da75d7d53f50e6d777520e70f2902d91a6ea8e9,SOURCE/work/simulation/simulink_fmu_v2_reviewed/07_results/plots/02_motor_mechanical_signed_power.png,SUPPORT,repository-git
work/simulation/simulink_fmu_v2_reviewed/07_results/plots/03_dc_link_signed_power.pdf,Simulation result,64869,b15068d282c900bc6fe0471dccf172e69e21a15b346167f3cd66208d30e0f6e5,SOURCE/work/simulation/simulink_fmu_v2_reviewed/07_results/plots/03_dc_link_signed_power.pdf,SUPPORT,repository-git
work/simulation/simulink_fmu_v2_reviewed/07_results/plots/03_dc_link_signed_power.png,Simulation result,41469,74f7139f8b1d9ed1e65fb7d7e3b32d1145a2c2fe24027b780250a891d611936f,SOURCE/work/simulation/simulink_fmu_v2_reviewed/07_results/plots/03_dc_link_signed_power.png,SUPPORT,repository-git
work/simulation/simulink_fmu_v2_reviewed/07_results/plots/04_traction_power_chain.pdf,Simulation result,70395,6f52b4e819b66559074cd3b24f756990b256243922b49f29642ae67a684bca5c,SOURCE/work/simulation/simulink_fmu_v2_reviewed/07_results/plots/04_traction_power_chain.pdf,SUPPORT,repository-git
work/simulation/simulink_fmu_v2_reviewed/07_results/plots/04_traction_power_chain.png,Simulation result,46674,663560aed71c710183419864317e8addca3af406e16ffa9620f2deacebbf372c,SOURCE/work/simulation/simulink_fmu_v2_reviewed/07_results/plots/04_traction_power_chain.png,SUPPORT,repository-git
work/simulation/simulink_fmu_v2_reviewed/07_results/plots/05_brake_force_allocation.pdf,Simulation result,68667,36969a612ade2a5af110307fe425531e8aa87cb32a48ecaebbf6ced635cbdddf,SOURCE/work/simulation/simulink_fmu_v2_reviewed/07_results/plots/05_brake_force_allocation.pdf,SUPPORT,repository-git
work/simulation/simulink_fmu_v2_reviewed/07_results/plots/05_brake_force_allocation.png,Simulation result,45284,2c49b5b814693bf137a9e7c659103191707e631619cae2ce174852740605d1f8,SOURCE/work/simulation/simulink_fmu_v2_reviewed/07_results/plots/05_brake_force_allocation.png,SUPPORT,repository-git
work/simulation/simulink_fmu_v2_reviewed/07_results/plots/06_brake_tracking_error.pdf,Simulation result,56262,e171da5bcb70262d461e408f8715ca9bff28fe00c1a2e095dee5088f95397681,SOURCE/work/simulation/simulink_fmu_v2_reviewed/07_results/plots/06_brake_tracking_error.pdf,SUPPORT,repository-git
work/simulation/simulink_fmu_v2_reviewed/07_results/plots/06_brake_tracking_error.png,Simulation result,32171,4b9c98b399eb99492035a68e8ccf95386f5e51fdb8d4c7b6e84821dc431c1829,SOURCE/work/simulation/simulink_fmu_v2_reviewed/07_results/plots/06_brake_tracking_error.png,SUPPORT,repository-git
work/simulation/simulink_fmu_v2_reviewed/07_results/plots/07_supercap_soc_energy.pdf,Simulation result,63841,53e7b3d684abfbe8120a6061eae504fa159dd868550f213e44fd71529e3e1e01,SOURCE/work/simulation/simulink_fmu_v2_reviewed/07_results/plots/07_supercap_soc_energy.pdf,SUPPORT,repository-git
work/simulation/simulink_fmu_v2_reviewed/07_results/plots/07_supercap_soc_energy.png,Simulation result,41166,80dc8ae1929f73fa5783f467775b2b99206eb59d291f3ad060bd349a952ff21e,SOURCE/work/simulation/simulink_fmu_v2_reviewed/07_results/plots/07_supercap_soc_energy.png,SUPPORT,repository-git
work/simulation/simulink_fmu_v2_reviewed/07_results/plots/08_supercap_voltage.pdf,Simulation result,68016,61e71631cc6eb340f0b3b9d87a02b01dcd77d9e1ddede115d5a6bd909a4d1acf,SOURCE/work/simulation/simulink_fmu_v2_reviewed/07_results/plots/08_supercap_voltage.pdf,SUPPORT,repository-git
work/simulation/simulink_fmu_v2_reviewed/07_results/plots/08_supercap_voltage.png,Simulation result,44594,b03a0724da2e4a8b4bf27ec1071e012a9f251679408d79bc666237ada907ebad,SOURCE/work/simulation/simulink_fmu_v2_reviewed/07_results/plots/08_supercap_voltage.png,SUPPORT,repository-git
work/simulation/simulink_fmu_v2_reviewed/07_results/plots/09_ess_absorbed_power.pdf,Simulation result,61396,1daf0f1def4880cf916098e56b7efab3cb107b98833ded3ced22ba42f1a4a20c,SOURCE/work/simulation/simulink_fmu_v2_reviewed/07_results/plots/09_ess_absorbed_power.pdf,SUPPORT,repository-git
work/simulation/simulink_fmu_v2_reviewed/07_results/plots/09_ess_absorbed_power.png,Simulation result,38126,5580c496d53b20da1e1cf6e530f5114e0eeed884963eb7c13454a9eb40d3d609,SOURCE/work/simulation/simulink_fmu_v2_reviewed/07_results/plots/09_ess_absorbed_power.png,SUPPORT,repository-git
work/simulation/simulink_fmu_v2_reviewed/07_results/plots/10_recovered_energy_stored.pdf,Simulation result,64339,a18785a364871bf6ff508f9ad26e5690ba7e10f267c7692e56861fe917a5e9b4,SOURCE/work/simulation/simulink_fmu_v2_reviewed/07_results/plots/10_recovered_energy_stored.pdf,SUPPORT,repository-git
work/simulation/simulink_fmu_v2_reviewed/07_results/plots/10_recovered_energy_stored.png,Simulation result,40873,8239dd108f0c4e2094cfa1a48aac11d38963e219b35fb8ce4f5b8702f919a6a9,SOURCE/work/simulation/simulink_fmu_v2_reviewed/07_results/plots/10_recovered_energy_stored.png,SUPPORT,repository-git
work/simulation/simulink_fmu_v2_reviewed/07_results/plots/11_regenerative_energy_flow_summary.pdf,Simulation result,42914,316b69e2b940751fd5ce1163141044592653e1c8cc36000e3a58c882b8bf8f62,SOURCE/work/simulation/simulink_fmu_v2_reviewed/07_results/plots/11_regenerative_energy_flow_summary.pdf,SUPPORT,repository-git
work/simulation/simulink_fmu_v2_reviewed/07_results/plots/11_regenerative_energy_flow_summary.png,Simulation result,25825,9813a64e65b80f392f67377314144b06a7e55f00cd94228fa7cd94cb4e0aa82d,SOURCE/work/simulation/simulink_fmu_v2_reviewed/07_results/plots/11_regenerative_energy_flow_summary.png,SUPPORT,repository-git
work/simulation/simulink_fmu_v2_reviewed/07_results/plots/12_dc_link_voltage.pdf,Simulation result,56638,f6134859a33447f092eea223dfa16afaa07cf07a2372b8f47e301d649683aa6b,SOURCE/work/simulation/simulink_fmu_v2_reviewed/07_results/plots/12_dc_link_voltage.pdf,SUPPORT,repository-git
work/simulation/simulink_fmu_v2_reviewed/07_results/plots/12_dc_link_voltage.png,Simulation result,34052,147b93348870b33e3e6090848041218e2244fc769d967c345ed4539a440d8e04,SOURCE/work/simulation/simulink_fmu_v2_reviewed/07_results/plots/12_dc_link_voltage.png,SUPPORT,repository-git
work/simulation/simulink_fmu_v2_reviewed/08_reports/Final_Status_v2.txt,Simulation result,606,c8054485d49632406fc644d465de24ec7703937d0b4c0be12ac7248a4d063e1e,SOURCE/work/simulation/simulink_fmu_v2_reviewed/08_reports/Final_Status_v2.txt,SUPPORT,repository-git
work/simulation/simulink_fmu_v2_reviewed/08_reports/Physical_Consistency_Audit_v2.json,Simulation result,4023,a71ed6087a6d84fda29db37f49d471dccf9fd566d13c32eda62c666fc21ef2b6,SOURCE/work/simulation/simulink_fmu_v2_reviewed/08_reports/Physical_Consistency_Audit_v2.json,SUPPORT,repository-git
work/simulation/simulink_fmu_v2_reviewed/08_reports/Physical_Consistency_Audit_v2.md,Simulation result,1001,da3c6c04bdbab1555ec189241bbff5fb357b284050c03f635dc037e85308dd7f,SOURCE/work/simulation/simulink_fmu_v2_reviewed/08_reports/Physical_Consistency_Audit_v2.md,SUPPORT,repository-git
work/simulation/simulink_fmu_v2_reviewed/08_reports/Rail_MBSE_Integration_Test_v2.json,Simulation result,911,6ab388a8c4e9471e96c298252c8193b0d16913557b3dbdec9c1c7ee866718bc0,SOURCE/work/simulation/simulink_fmu_v2_reviewed/08_reports/Rail_MBSE_Integration_Test_v2.json,SUPPORT,repository-git
work/simulation/simulink_fmu_v2_reviewed/08_reports/Rail_MBSE_Integration_Test_v2.md,Simulation result,931,611e661309ee3a8cb9b585ca4dc419880e125d4f4ff4fc08dd87c54f2a582c17,SOURCE/work/simulation/simulink_fmu_v2_reviewed/08_reports/Rail_MBSE_Integration_Test_v2.md,SUPPORT,repository-git
work/simulation/simulink_fmu_v2_reviewed/08_reports/Rail_MBSE_Simulink_FMU_CoSimulation_v2_Report.md,Simulation result,2057,65dca6ec41d17eaf42ab1e7deffa2fd547b58d005c7ee5c595b063be1254a7b3,SOURCE/work/simulation/simulink_fmu_v2_reviewed/08_reports/Rail_MBSE_Simulink_FMU_CoSimulation_v2_Report.md,SUPPORT,repository-git
work/simulation/simulink_fmu_v2_reviewed/08_reports/V1_V2_Comparison_Report.md,Simulation result,1445,d677305b660b1957b4899e5711215cf625dc6a9a75a9e3388bfa538b3fbc4ce7,SOURCE/work/simulation/simulink_fmu_v2_reviewed/08_reports/V1_V2_Comparison_Report.md,SUPPORT,repository-git
work/simulation/simulink_fmu_v2_reviewed/09_tools/audit_matlab_environment.m,Supporting source/data,2276,c93db7c4423128dddeba1e508aef405bfc4b15ad9b3428cbdf0b9b08d963db03,SOURCE/work/simulation/simulink_fmu_v2_reviewed/09_tools/audit_matlab_environment.m,SUPPORT,repository-git
work/simulation/simulink_fmu_v2_reviewed/09_tools/build_all16_models.m,Supporting source/data,33286,453418356242c1db4f3d2a3f63a641cdc3cfe76f4ffde207c9ac4a524baf6886,SOURCE/work/simulation/simulink_fmu_v2_reviewed/09_tools/build_all16_models.m,SUPPORT,repository-git
work/simulation/simulink_fmu_v2_reviewed/09_tools/build_executable_ssp.py,Supporting source/data,11130,9fac09fdfc35b1b8d4444bbf85ee06471d35c639cc2ba089de59eed58529748e,SOURCE/work/simulation/simulink_fmu_v2_reviewed/09_tools/build_executable_ssp.py,SUPPORT,repository-git
work/simulation/simulink_fmu_v2_reviewed/09_tools/build_system_integration.m,Supporting source/data,6995,8b175b088c6fd58cb51bbf80ae398ca40142caac2fd01bea757d37850ac6e54a,SOURCE/work/simulation/simulink_fmu_v2_reviewed/09_tools/build_system_integration.m,SUPPORT,repository-git
work/simulation/simulink_fmu_v2_reviewed/09_tools/export_all16_fmus.m,Supporting source/data,2844,aa9d68877891840509e664e3d69eb8d815d8e735b8432544e1275822765a6284,SOURCE/work/simulation/simulink_fmu_v2_reviewed/09_tools/export_all16_fmus.m,SUPPORT,repository-git
work/simulation/simulink_fmu_v2_reviewed/09_tools/freeze_v1_and_reproduce_findings.py,Supporting source/data,7317,e58b0dba7bd8d82fb2c88f9e9517e60a8a7812f99d9bad0ca95238048a6e201b,SOURCE/work/simulation/simulink_fmu_v2_reviewed/09_tools/freeze_v1_and_reproduce_findings.py,SUPPORT,repository-git
work/simulation/simulink_fmu_v2_reviewed/09_tools/generate_final_report.py,Supporting source/data,16490,d910d7b497cd066f018ba2239fd54a6744c432280c488d1b87b0378f4f014ac9,SOURCE/work/simulation/simulink_fmu_v2_reviewed/09_tools/generate_final_report.py,SUPPORT,repository-git
work/simulation/simulink_fmu_v2_reviewed/09_tools/generate_v2_deliverables.py,Supporting source/data,16398,beb98ca9329def0fae35615e5470dae5edcf16f85fb38c31183489e9b3852c47,SOURCE/work/simulation/simulink_fmu_v2_reviewed/09_tools/generate_v2_deliverables.py,SUPPORT,repository-git
work/simulation/simulink_fmu_v2_reviewed/09_tools/inspect_existing_simulink_assets.m,Supporting source/data,2182,ab49a4c08cbb4e8a6044f8ee62b6f6d4e45ba9ebb99fb0cde6f3a34ebd424010,SOURCE/work/simulation/simulink_fmu_v2_reviewed/09_tools/inspect_existing_simulink_assets.m,SUPPORT,repository-git
work/simulation/simulink_fmu_v2_reviewed/09_tools/plot_cosim_results.m,Supporting source/data,2314,8b8a02a40606bb8722d217f85425feb2c65e55bd2b2f2157335c388c37eba9bd,SOURCE/work/simulation/simulink_fmu_v2_reviewed/09_tools/plot_cosim_results.m,SUPPORT,repository-git
work/simulation/simulink_fmu_v2_reviewed/09_tools/plot_cosim_results.py,Supporting source/data,7000,07fefeaa140fc486db32f85b69da1a2b78a7e4a41e1f89d486a4a1a50887e1be,SOURCE/work/simulation/simulink_fmu_v2_reviewed/09_tools/plot_cosim_results.py,SUPPORT,repository-git
work/simulation/simulink_fmu_v2_reviewed/09_tools/rail_fmu_cosim_runner.py,Supporting source/data,16187,f3c25143143fe4df9e4d24190b283029ee95213d50d204fc80fa7983aa2b93ab,SOURCE/work/simulation/simulink_fmu_v2_reviewed/09_tools/rail_fmu_cosim_runner.py,SUPPORT,repository-git
work/simulation/simulink_fmu_v2_reviewed/09_tools/rail_fmu_cosim_runner_v2.py,Supporting source/data,17245,d7282131fd17968eee89a6fb7733689db2ab856b38936878431ce3e4cec86d85,SOURCE/work/simulation/simulink_fmu_v2_reviewed/09_tools/rail_fmu_cosim_runner_v2.py,SUPPORT,repository-git
work/simulation/simulink_fmu_v2_reviewed/09_tools/run_component_tests.m,Supporting source/data,11156,c0b9e364681edc272bad81bd4bb91f6e0865401fc6a9dd2ccc9b87a10e74c1cd,SOURCE/work/simulation/simulink_fmu_v2_reviewed/09_tools/run_component_tests.m,SUPPORT,repository-git
work/simulation/simulink_fmu_v2_reviewed/09_tools/run_system_simulation.m,Supporting source/data,7137,cedf1e26319276a14b8b284fc69b8f78e2af5074627e2724bdfafcec009ada79,SOURCE/work/simulation/simulink_fmu_v2_reviewed/09_tools/run_system_simulation.m,SUPPORT,repository-git
work/simulation/simulink_fmu_v2_reviewed/09_tools/validate_and_register_fmus.py,Supporting source/data,15657,264a40b23b2f0dd52665683e345407f88318ac23b32c405e037d263802a549c9,SOURCE/work/simulation/simulink_fmu_v2_reviewed/09_tools/validate_and_register_fmus.py,SUPPORT,repository-git
work/ssi_transformer_deployment/github_commit_ad6cae115d05a0fb45dada962fed5b0d9eed61ac.json,SSI/SSD,2456,26e485d7e731e676df2816e5222d7c96b5a56c09e01facd2ddd3d0a65dc5f365,SOURCE/work/ssi_transformer_deployment/github_commit_ad6cae115d05a0fb45dada962fed5b0d9eed61ac.json,SUPPORT,repository-git
work/ssi_transformer_deployment/official_example_output/p1_generatedSSD.ssd,SSI/SSD,7151,e73660c57b506a3f41289823bcb11ebc762d9d0aa9e297a9ff7723fd65a45b1f,SOURCE/work/ssi_transformer_deployment/official_example_output/p1_generatedSSD.ssd,SUPPORT,repository-lfs
work/ssi_transformer_deployment/official_example_output/p4_generatedSSD.ssd,SSI/SSD,6929,3625d8128313451a925cbdc1339ee04f34036128031f45b2e09466064cf40f41,SOURCE/work/ssi_transformer_deployment/official_example_output/p4_generatedSSD.ssd,SUPPORT,repository-lfs
work/ssi_transformer_deployment/zenodo_15388813.json,SSI/SSD,4899,7d7aae519a14a5dbb5448b0b84bc461ebc7a1c6b8f37f263df1bf54a272af534,SOURCE/work/ssi_transformer_deployment/zenodo_15388813.json,SUPPORT,repository-git
work/sysmlv2/SOURCE_AUDIT_Rail_MBSE_Function_Interface_v1_final.md,Supporting source/data,5900,97a979a4f28b874f44cb173dd5bdbd71f2e564397c3a13e62fef34ad3ff3fb89,SOURCE/work/sysmlv2/SOURCE_AUDIT_Rail_MBSE_Function_Interface_v1_final.md,SUPPORT,repository-git
work/sysmlv2/_parser_probe.sysml,Supporting source/data,891,0d815acfb6c1225ad827f24ade902cd96c198f0ade234303e3e7e37592900e57,SOURCE/work/sysmlv2/_parser_probe.sysml,SUPPORT,repository-git
work/sysmlv2/_parser_probe_report.json,Supporting source/data,314,c03868abdaab7569a027c1819a2ef4995709c557c4cbed174d3d8123a82273d6,SOURCE/work/sysmlv2/_parser_probe_report.json,SUPPORT,repository-git
work/sysmlv2/full_engineering_model/00_source_audit/SOURCE_AUDIT_Rail_MBSE_Function_Interface_v1_final.md,SysML,5900,97a979a4f28b874f44cb173dd5bdbd71f2e564397c3a13e62fef34ad3ff3fb89,SOURCE/work/sysmlv2/full_engineering_model/00_source_audit/SOURCE_AUDIT_Rail_MBSE_Function_Interface_v1_final.md,SUPPORT,repository-git
work/sysmlv2/full_engineering_model/00_source_audit/source_sheet_audit.json,SysML,9002,7c61eb7c7e63993e7abda25002cbcbd803c951faa1b20baa951d43dc94809d2a,SOURCE/work/sysmlv2/full_engineering_model/00_source_audit/source_sheet_audit.json,SUPPORT,repository-git
work/sysmlv2/full_engineering_model/01_generated/00_Rail_MBSE.sysml,SysML,223,5ada3e888144d0e374e9529807d1a7848d3eccea31e0058c8d51e99879e822aa,SOURCE/work/sysmlv2/full_engineering_model/01_generated/00_Rail_MBSE.sysml,SUPPORT,repository-git
work/sysmlv2/full_engineering_model/01_generated/01_GeneralDefinitions.sysml,SysML,170,61538763389294596de0798f39060625de5bc409da9f7140c461fb6f3bb66b08,SOURCE/work/sysmlv2/full_engineering_model/01_generated/01_GeneralDefinitions.sysml,SUPPORT,repository-git
work/sysmlv2/full_engineering_model/01_generated/02_ItemDefinitions.sysml,SysML,116582,1e9dba8875b367322425592ec2310cb128d76ad8db073b6fd823c633c149e261,SOURCE/work/sysmlv2/full_engineering_model/01_generated/02_ItemDefinitions.sysml,SUPPORT,repository-git
work/sysmlv2/full_engineering_model/01_generated/03_PortDefinitions.sysml,SysML,11187,e837fbd9bec7425d0f996a4e0b62d78b13db0d05b89253f97dbc9b4ace3d3348,SOURCE/work/sysmlv2/full_engineering_model/01_generated/03_PortDefinitions.sysml,SUPPORT,repository-git
work/sysmlv2/full_engineering_model/01_generated/04_InterfaceDefinitions.sysml,SysML,26303,7ef7a044781160558252d93fb646910f87aa9565f6a9232453615a4e9e519745,SOURCE/work/sysmlv2/full_engineering_model/01_generated/04_InterfaceDefinitions.sysml,SUPPORT,repository-git
work/sysmlv2/full_engineering_model/01_generated/05_ProductDefinitions.sysml,SysML,251310,1659f7dc5b626d66fbf4a2dd4c12425b7daeaabe4e1cfc8ac3bb8e737563df38,SOURCE/work/sysmlv2/full_engineering_model/01_generated/05_ProductDefinitions.sysml,SUPPORT,repository-git
work/sysmlv2/full_engineering_model/01_generated/06_FunctionDefinitions.sysml,SysML,100734,58dd9580acd1ff99fd9b076b400734ef588fc5f6d46aaf0a3ee4495f03ee7191,SOURCE/work/sysmlv2/full_engineering_model/01_generated/06_FunctionDefinitions.sysml,SUPPORT,repository-git
work/sysmlv2/full_engineering_model/01_generated/07_SystemDefinition.sysml,SysML,95822,79d8792a6729091424f7d8ebce8144535ef5d35b765c0b84887ca039e90fd9b3,SOURCE/work/sysmlv2/full_engineering_model/01_generated/07_SystemDefinition.sysml,SUPPORT,repository-git
work/sysmlv2/full_engineering_model/01_generated/08_FunctionAllocations.sysml,SysML,26980,18021835b24cb695817eb818c53ad3040e4a391fd8e38fbb8c35fcd172b2c9ed,SOURCE/work/sysmlv2/full_engineering_model/01_generated/08_FunctionAllocations.sysml,SUPPORT,repository-git
work/sysmlv2/full_engineering_model/01_generated/09_PhysicalNetworks.sysml,SysML,6388,8812d08ebc3494c32b25eade3714e8f0876bd2b9c7c6ea9be50bc47fe11c765f,SOURCE/work/sysmlv2/full_engineering_model/01_generated/09_PhysicalNetworks.sysml,SUPPORT,repository-git
work/sysmlv2/full_engineering_model/01_generated/10_Traceability.sysml,SysML,530328,78945c8b2a3b19efe32d70fb149e03505e59008a51efee9b23d06dc3f78a2313,SOURCE/work/sysmlv2/full_engineering_model/01_generated/10_Traceability.sysml,SUPPORT,repository-git
work/sysmlv2/full_engineering_model/01_generated/Rail_MBSE_Full_v1.sysml,SysML,1166037,a15cf7170dc5458738080a146c391e438fe57b85f9687857f34a081b8efdf0d5,SOURCE/work/sysmlv2/full_engineering_model/01_generated/Rail_MBSE_Full_v1.sysml,FROZEN,repository-git
work/sysmlv2/full_engineering_model/02_mapping/Final_Connection_Mapping.json,SysML,137824,057306a9ca99ee4714b45bd4e0baaefe9d45d7e821645381632fad0d74621dd7,SOURCE/work/sysmlv2/full_engineering_model/02_mapping/Final_Connection_Mapping.json,SUPPORT,repository-git
work/sysmlv2/full_engineering_model/02_mapping/Final_Connection_Mapping.xlsx,SysML,25356,4be5bba34958c486d6daa33fd5b1355793670909663a92808f469b43519803c9,SOURCE/work/sysmlv2/full_engineering_model/02_mapping/Final_Connection_Mapping.xlsx,SUPPORT,repository-git
work/sysmlv2/full_engineering_model/02_mapping/Final_Connection_Mapping.xlsx.inspect.ndjson,SysML,1142561,adb9964a555c4d5fc07d435d51aeeec96659c5c1828bc6d868297a7161796239,SOURCE/work/sysmlv2/full_engineering_model/02_mapping/Final_Connection_Mapping.xlsx.inspect.ndjson,SUPPORT,repository-git
work/sysmlv2/full_engineering_model/02_mapping/Function_Allocation_Mapping.json,SysML,110648,1e8844fac5e2552c71cf827ca78cc6768305dc667f98d5d3b34d226e445ae672,SOURCE/work/sysmlv2/full_engineering_model/02_mapping/Function_Allocation_Mapping.json,SUPPORT,repository-git
work/sysmlv2/full_engineering_model/02_mapping/Function_Allocation_Mapping.xlsx,SysML,24103,58f5da0ddf7be9d218d1df2811cdddbabeeee1282d82929b4c991afc485b4c41,SOURCE/work/sysmlv2/full_engineering_model/02_mapping/Function_Allocation_Mapping.xlsx,SUPPORT,repository-git
work/sysmlv2/full_engineering_model/02_mapping/Function_Allocation_Mapping.xlsx.inspect.ndjson,SysML,975261,d18c60e3349afaf0b585eaa2e1ba0529c22b574e01f2a7eca4cb885d2a8cb345,SOURCE/work/sysmlv2/full_engineering_model/02_mapping/Function_Allocation_Mapping.xlsx.inspect.ndjson,SUPPORT,repository-git
work/sysmlv2/full_engineering_model/02_mapping/Function_to_Product_Allocation_Mapping.xlsx,SysML,13667,e2b7ca4ade37d20b5b9e95484e819dc50554155fca8be057845a830009531eee,SOURCE/work/sysmlv2/full_engineering_model/02_mapping/Function_to_Product_Allocation_Mapping.xlsx,SUPPORT,repository-git
work/sysmlv2/full_engineering_model/02_mapping/Function_to_Product_Allocation_Mapping.xlsx.inspect.ndjson,SysML,579423,4fda4069a2d98a674e757c4193a8b73590cdb2873d6bc94a81fa199b4613c271,SOURCE/work/sysmlv2/full_engineering_model/02_mapping/Function_to_Product_Allocation_Mapping.xlsx.inspect.ndjson,SUPPORT,repository-git
work/sysmlv2/full_engineering_model/02_mapping/Leaf_Port_Mapping.xlsx,SysML,46410,64217a2fdee82536afd31692e44c369511960f2df3350418600ecaecd32f178d,SOURCE/work/sysmlv2/full_engineering_model/02_mapping/Leaf_Port_Mapping.xlsx,SUPPORT,repository-git
work/sysmlv2/full_engineering_model/02_mapping/Leaf_Port_Mapping.xlsx.inspect.ndjson,SysML,3135024,472f27f4e343b53f9b352e1133ee69665279b81fea6c338389e33ce82e1b7ec1,SOURCE/work/sysmlv2/full_engineering_model/02_mapping/Leaf_Port_Mapping.xlsx.inspect.ndjson,SUPPORT,repository-git
work/sysmlv2/full_engineering_model/02_mapping/Product_Hierarchy_Mapping.json,SysML,68119,df5944119619d645e99a509b45f4f2f241d7118da0e654f700384440659a4c36,SOURCE/work/sysmlv2/full_engineering_model/02_mapping/Product_Hierarchy_Mapping.json,SUPPORT,repository-git
work/sysmlv2/full_engineering_model/02_mapping/Product_Hierarchy_Mapping.xlsx,SysML,16900,cda85a68fa817c4f536a3db14d386aefc2ad6ad8e92cd8db506859ea73b85706,SOURCE/work/sysmlv2/full_engineering_model/02_mapping/Product_Hierarchy_Mapping.xlsx,SUPPORT,repository-git
work/sysmlv2/full_engineering_model/02_mapping/Product_Hierarchy_Mapping.xlsx.inspect.ndjson,SysML,943126,e1ffe0ed947e252a369035be6a64d0dbafe4a6dba469b277473369da7a308086,SOURCE/work/sysmlv2/full_engineering_model/02_mapping/Product_Hierarchy_Mapping.xlsx.inspect.ndjson,SUPPORT,repository-git
work/sysmlv2/full_engineering_model/02_mapping/RawPort_to_SysMLPort_Mapping.json,SysML,289070,d5e7b567565cabbe72cdc05186e3208dcd4916451d92ce4740cec02ca77d7b5b,SOURCE/work/sysmlv2/full_engineering_model/02_mapping/RawPort_to_SysMLPort_Mapping.json,SUPPORT,repository-git
work/sysmlv2/full_engineering_model/02_mapping/RawPort_to_SysMLPort_Mapping.xlsx,SysML,46423,789e4c2cae6012f322ab7a9c4f6c6fa9f96907e417db6d84b007d00a5b6f0a3f,SOURCE/work/sysmlv2/full_engineering_model/02_mapping/RawPort_to_SysMLPort_Mapping.xlsx,SUPPORT,repository-git
work/sysmlv2/full_engineering_model/02_mapping/RawPort_to_SysMLPort_Mapping.xlsx.inspect.ndjson,SysML,3135022,28b9673d8dd5d0e5fd825a44e9bfa9529fae579483683cbc3eef369d2e7c36a9,SOURCE/work/sysmlv2/full_engineering_model/02_mapping/RawPort_to_SysMLPort_Mapping.xlsx.inspect.ndjson,SUPPORT,repository-git
work/sysmlv2/full_engineering_model/02_mapping/SOURCE_FIELD_PROVENANCE.json,SysML,537969,61b3019db83f8f76e64dce10d60408864abfa284ab9658fab11102e4bd63ba95,SOURCE/work/sysmlv2/full_engineering_model/02_mapping/SOURCE_FIELD_PROVENANCE.json,SUPPORT,repository-git
work/sysmlv2/full_engineering_model/02_mapping/SysML_Element_Traceability.json,SysML,1038186,aa2a4b9a6228f56986dbc1d10c34eb37d621a25eb782e2f583cd5fbdd1f92020,SOURCE/work/sysmlv2/full_engineering_model/02_mapping/SysML_Element_Traceability.json,SUPPORT,repository-git
work/sysmlv2/full_engineering_model/02_mapping/SysML_Element_Traceability.xlsx,SysML,127362,507013c2b3eed52a34a6e14d4515ab911ffbcc1a7c0133648e8c40f40786560e,SOURCE/work/sysmlv2/full_engineering_model/02_mapping/SysML_Element_Traceability.xlsx,SUPPORT,repository-git
work/sysmlv2/full_engineering_model/02_mapping/SysML_Element_Traceability.xlsx.inspect.ndjson,SysML,9257978,3cbbaf1e78fe229799cf728bd1b4a0a9df0baf559e55a2936f03ffcbe861986b,SOURCE/work/sysmlv2/full_engineering_model/02_mapping/SysML_Element_Traceability.xlsx.inspect.ndjson,SUPPORT,repository-git
work/sysmlv2/full_engineering_model/02_mapping/mapping_payload.json,SysML,2093247,f9e865f3088609352ece4246aef34900e9a3e78c7476a806452cb6bcf9cba55a,SOURCE/work/sysmlv2/full_engineering_model/02_mapping/mapping_payload.json,SUPPORT,repository-git
work/sysmlv2/full_engineering_model/02_port_enhanced/Official_Validation.json,SysML,373,879a82a89ad1c13b452fd03531db7765a9b597e89d4637bff42810473318fbe2,SOURCE/work/sysmlv2/full_engineering_model/02_port_enhanced/Official_Validation.json,SUPPORT,repository-git
work/sysmlv2/full_engineering_model/02_port_enhanced/PORT_TRACEABILITY.json,SysML,60987,e590a1c1d37a6fbff6fab491b041ef9d949b36ac40c0adeece5a4fb23c4024fe,SOURCE/work/sysmlv2/full_engineering_model/02_port_enhanced/PORT_TRACEABILITY.json,SUPPORT,repository-git
work/sysmlv2/full_engineering_model/02_port_enhanced/Rail_MBSE_Full_v2_PortEnhanced.sysml,SysML,1208225,5cb5859578794f7eb1373c6e7c5b8dedc3393444d4bf2202c04337c88fa4fe1b,SOURCE/work/sysmlv2/full_engineering_model/02_port_enhanced/Rail_MBSE_Full_v2_PortEnhanced.sysml,SUPPORT,repository-git
work/sysmlv2/full_engineering_model/03_full_boundary/FULL_PORT_TRACEABILITY.json,SysML,956277,90877c1641fad310dc47d6f61bf992446910f177d18ebbae25880f70525438d1,SOURCE/work/sysmlv2/full_engineering_model/03_full_boundary/FULL_PORT_TRACEABILITY.json,SUPPORT,repository-git
work/sysmlv2/full_engineering_model/03_full_boundary/Official_Validation.json,SysML,373,665c2cc358c9853539a608b69ce1aa66b0488a8d9c848d68e3956dcd674c80d3,SOURCE/work/sysmlv2/full_engineering_model/03_full_boundary/Official_Validation.json,SUPPORT,repository-git
work/sysmlv2/full_engineering_model/03_full_boundary/Rail_MBSE_Full_v3_FullBoundary.sysml,SysML,1407431,7da6d4f27a139fa6e3717513aefa0f4462ef74bf0c94d0391e4b8c1797dc4cb4,SOURCE/work/sysmlv2/full_engineering_model/03_full_boundary/Rail_MBSE_Full_v3_FullBoundary.sysml,FROZEN,repository-git
work/sysmlv2/full_engineering_model/03_validation/Excel_to_SysML_Coverage.json,SysML,1163,40e152381f2e361511f788544fb4cbeaef5d8b18ddf43fa55726ccbb0f1f13be,SOURCE/work/sysmlv2/full_engineering_model/03_validation/Excel_to_SysML_Coverage.json,SUPPORT,repository-git
work/sysmlv2/full_engineering_model/03_validation/Minimal_Template_Validation.json,SysML,367,48e0a25dd74c45e9d6c5bfdfa76aee99cfa9ba81d54b7ccf8a67e48b750b314e,SOURCE/work/sysmlv2/full_engineering_model/03_validation/Minimal_Template_Validation.json,SUPPORT,repository-git
work/sysmlv2/full_engineering_model/03_validation/Official_SysML_Validation.json,SysML,356,af360af5c01bb21acfd274eeda9744aa64d73ef67f0b3be82ad27942835e4e27,SOURCE/work/sysmlv2/full_engineering_model/03_validation/Official_SysML_Validation.json,SUPPORT,repository-git
work/sysmlv2/full_engineering_model/03_validation/Official_SysML_Validation_Report.md,SysML,462,3cc8d209c3518808b91e06e671c3af6e5375ec1abd22e884b230ea9142359b79,SOURCE/work/sysmlv2/full_engineering_model/03_validation/Official_SysML_Validation_Report.md,SUPPORT,repository-git
work/sysmlv2/full_engineering_model/03_validation/Source_Validation.json,SysML,813,58c751d9ecfad4cd0be9f3ee7a24eea50ec1ca86c3f14e44587ec3bc1cc40caf,SOURCE/work/sysmlv2/full_engineering_model/03_validation/Source_Validation.json,SUPPORT,repository-git
work/sysmlv2/full_engineering_model/04_reports/Full_Rail_SysMLv2_QA_Report.md,SysML,340,c14827526749b0d03eae182519709eff6091219b4b086a1fbd35ad4d871a9ef7,SOURCE/work/sysmlv2/full_engineering_model/04_reports/Full_Rail_SysMLv2_QA_Report.md,SUPPORT,repository-git
work/sysmlv2/full_engineering_model/04_reports/Rail_MBSE_SysMLv2_Model_Summary.md,SysML,736,db3913bdceab38f572c29d90cae85b0a951c7da2ffa57cef59c4bcb3a915fa94,SOURCE/work/sysmlv2/full_engineering_model/04_reports/Rail_MBSE_SysMLv2_Model_Summary.md,SUPPORT,repository-git
work/sysmlv2/full_engineering_model/04_reports/Source_Conflict_Report.md,SysML,167,1e8d7c7d6f51d7b70a6f404e81cccc914f0200e87e51f1d1f1f4460d2bbbd0aa,SOURCE/work/sysmlv2/full_engineering_model/04_reports/Source_Conflict_Report.md,SUPPORT,repository-git
work/sysmlv2/full_engineering_model/05_snapshots/Final_Connection_Mapping.png,SysML,420156,c1ad69c0ade73be97ce27bb522e78bdad97af22351069b065d3a32e92f386e47,SOURCE/work/sysmlv2/full_engineering_model/05_snapshots/Final_Connection_Mapping.png,SUPPORT,repository-git
work/sysmlv2/full_engineering_model/05_snapshots/Function_Allocation_Mapping.png,SysML,330337,39ca9aff28546f3f659ef591245079e248077c0fbab281f6b21e48f359ec6e53,SOURCE/work/sysmlv2/full_engineering_model/05_snapshots/Function_Allocation_Mapping.png,SUPPORT,repository-git
work/sysmlv2/full_engineering_model/05_snapshots/Function_to_Product_Allocation_Mapping.png,SysML,218780,c08676295d475fb06a23bcd0aa8c0ea8c1e89eeeee673fe258a7cbd0eeb32b65,SOURCE/work/sysmlv2/full_engineering_model/05_snapshots/Function_to_Product_Allocation_Mapping.png,SUPPORT,repository-git
work/sysmlv2/full_engineering_model/05_snapshots/Leaf_Port_Mapping.png,SysML,383046,ddb719256f46cae1feffcb13697db1887cac4cd714f0a3cbca91eeca0a78a752,SOURCE/work/sysmlv2/full_engineering_model/05_snapshots/Leaf_Port_Mapping.png,SUPPORT,repository-git
work/sysmlv2/full_engineering_model/05_snapshots/Product_Hierarchy_Mapping.png,SysML,247189,2173a20cc7b835dd10ed68474e2aa49f9c16526bfa11e15da14413cb4cdd4c50,SOURCE/work/sysmlv2/full_engineering_model/05_snapshots/Product_Hierarchy_Mapping.png,SUPPORT,repository-git
work/sysmlv2/full_engineering_model/05_snapshots/RawPort_to_SysMLPort_Mapping.png,SysML,383369,7c4aa0139bb23dbbe54b37702795207b015bcff858b57e394c8cb4f16c26880b,SOURCE/work/sysmlv2/full_engineering_model/05_snapshots/RawPort_to_SysMLPort_Mapping.png,SUPPORT,repository-git
work/sysmlv2/full_engineering_model/05_snapshots/SysML_Element_Traceability.png,SysML,259470,9c32967e1bce823e9cd4f25e2a4d6bf613a66b0e2bfdd9c9827b4016f64656aa,SOURCE/work/sysmlv2/full_engineering_model/05_snapshots/SysML_Element_Traceability.png,SUPPORT,repository-git
work/sysmlv2/full_engineering_model/05_snapshots/minimal_engineering_template.sysml,SysML,2463,e119b7874e39d1a8e430c78aa50eb0e0c6f9ac6510cd04213a14e699f46b6a97,SOURCE/work/sysmlv2/full_engineering_model/05_snapshots/minimal_engineering_template.sysml,SUPPORT,repository-git
work/sysmlv2/full_engineering_model/05_snapshots/semantic_snapshot.json,SysML,274,c184d43bdb4a88330ca3fe60ee68515a6f6979df76dea18852f899115e2753d3,SOURCE/work/sysmlv2/full_engineering_model/05_snapshots/semantic_snapshot.json,SUPPORT,repository-git
work/sysmlv2/full_engineering_model/05_snapshots/source_model_counts.json,SysML,159,bfe0162d51c23436de8d1db6671ff614ba3e63017d760c954be337b91390e7fa,SOURCE/work/sysmlv2/full_engineering_model/05_snapshots/source_model_counts.json,SUPPORT,repository-git
work/sysmlv2/requirements_traceability/01_RequirementDefinitions.sysml,Supporting source/data,601,14d526962cc665e0d342ffbc43b4dc736e4780c7dcc890ced533ce0fc1ed06f2,SOURCE/work/sysmlv2/requirements_traceability/01_RequirementDefinitions.sysml,SUPPORT,repository-git
work/sysmlv2/requirements_traceability/02_RequirementUsages.sysml,Supporting source/data,30806,8cd198ceab4d68239c16ea5bc787f28a2c37bb654992080167cb91905dd6cfd7,SOURCE/work/sysmlv2/requirements_traceability/02_RequirementUsages.sysml,SUPPORT,repository-git
work/sysmlv2/requirements_traceability/03_RequirementFunctionTrace.sysml,Supporting source/data,401276,5532310b20a073c2d48dd723341a4591fc199397fda86f749dbca664bbb1731e,SOURCE/work/sysmlv2/requirements_traceability/03_RequirementFunctionTrace.sysml,SUPPORT,repository-git
work/sysmlv2/requirements_traceability/04_FunctionProductAllocationTrace.sysml,Supporting source/data,93944,f68d51c843df06fc7771faa0df08e0ef749e7273fb46159c4d893bc341b97b5a,SOURCE/work/sysmlv2/requirements_traceability/04_FunctionProductAllocationTrace.sysml,SUPPORT,repository-git
work/sysmlv2/requirements_traceability/05_FunctionInteractionTrace.sysml,Supporting source/data,133092,7e5317ae233297c0b267f42ad80005ae58e13c363907dc51cc6d916c59cbe44c,SOURCE/work/sysmlv2/requirements_traceability/05_FunctionInteractionTrace.sysml,SUPPORT,repository-git
work/sysmlv2/requirements_traceability/06_RequirementTraceability_AllInOne.sysml,Supporting source/data,662119,7cfd3398e09c2e3a726ed29e8fe81afefa8ede07bd2c8cf8ac2d84337047695e,SOURCE/work/sysmlv2/requirements_traceability/06_RequirementTraceability_AllInOne.sysml,SUPPORT,repository-git
work/sysmlv2/requirements_traceability/traceability_manifest.json,Supporting source/data,1570,81d501731280c2da20b7ff1002b07cb64db75b7570fc04624789f8a34d7094fd,SOURCE/work/sysmlv2/requirements_traceability/traceability_manifest.json,SUPPORT,repository-git
work/sysmlv2/requirements_traceability/traceability_validation.json,Supporting source/data,2843,583eb31ef1568b68c71bcd3d409f49f6ccd3223ebc58c92b63ad4aadfeb2ea8c,SOURCE/work/sysmlv2/requirements_traceability/traceability_validation.json,SUPPORT,repository-git
work/sysmlv2/requirements_traceability_v2/01_RequirementDefinitions_v2.sysml,SysML,170892,4cc7791f503c8913c609f59973d85df8822e0273c6631063d407d07d4e327b9a,SOURCE/work/sysmlv2/requirements_traceability_v2/01_RequirementDefinitions_v2.sysml,SUPPORT,repository-git
work/sysmlv2/requirements_traceability_v2/02_RequirementHierarchy_v2.sysml,SysML,5541,ed168fa276e4763b7fcf3b0b8df9bdf0dd1625078379983911d1c55628f0f72f,SOURCE/work/sysmlv2/requirements_traceability_v2/02_RequirementHierarchy_v2.sysml,SUPPORT,repository-git
work/sysmlv2/requirements_traceability_v2/03_RequirementFunctionTrace_v2.sysml,SysML,20246,2cfc2f2e3510b4d74a1c1fc410d1d56c2fcc32618d5b7b019a7f0b9628a51817,SOURCE/work/sysmlv2/requirements_traceability_v2/03_RequirementFunctionTrace_v2.sysml,SUPPORT,repository-git
work/sysmlv2/requirements_traceability_v2/04_FunctionProductAllocationTrace_v2.sysml,SysML,116692,4474134848d7926dcf526bab53e08f78f6314022844fd997bf0c2cebdbdf8614,SOURCE/work/sysmlv2/requirements_traceability_v2/04_FunctionProductAllocationTrace_v2.sysml,SUPPORT,repository-git
work/sysmlv2/requirements_traceability_v2/05_ProductInteractionReference_v2.sysml,SysML,60783,80d1c330fc1253ecbbfb3b20ab7e57aca3f38c5eb109d3e6dc62089d8653c0fa,SOURCE/work/sysmlv2/requirements_traceability_v2/05_ProductInteractionReference_v2.sysml,SUPPORT,repository-git
work/sysmlv2/requirements_traceability_v2/06_RequirementTraceability_AllInOne_v2.sysml,SysML,373511,c8b87f7ee87e86afd440503a4d5b50946b72335051c154798e8399a55d579ac2,SOURCE/work/sysmlv2/requirements_traceability_v2/06_RequirementTraceability_AllInOne_v2.sysml,FROZEN,repository-git
work/sysmlv2/requirements_traceability_v2/SYSON_IMPORT_ORDER_V2.md,SysML,1198,7533ccb0e9f49b31a9086a3fc4a38a56216b82042c70a4e279f874dcbbbd4d82,SOURCE/work/sysmlv2/requirements_traceability_v2/SYSON_IMPORT_ORDER_V2.md,SUPPORT,repository-git
work/sysmlv2/requirements_traceability_v2/requirement_function_trace_v2.json,SysML,159153,049848e7ae4e298b08a8b5f1c0688d308b858d6d96c722036e4a09d5e9f0b341,SOURCE/work/sysmlv2/requirements_traceability_v2/requirement_function_trace_v2.json,SUPPORT,repository-git
work/sysmlv2/ssi_integration/01_input/README.md,SSI/SSD,655,b01f7755f0e8cb8663d0d9e84ac1497b7e3a0c76e2a2bc723a604a15b1c00fd8,SOURCE/work/sysmlv2/ssi_integration/01_input/README.md,SUPPORT,repository-git
work/sysmlv2/ssi_integration/02_projection/general_definition.sysml,SSI/SSD,571,b1711be3209f7395929a799263e33fc73315f7ee6b66721f8d08f204c18ca790,SOURCE/work/sysmlv2/ssi_integration/02_projection/general_definition.sysml,SUPPORT,repository-git
work/sysmlv2/ssi_integration/02_projection/interface_definition.sysml,SSI/SSD,2213,b600f4872324223b4d8028ba7d5402981f849718977c9e804c2297e793b87abd,SOURCE/work/sysmlv2/ssi_integration/02_projection/interface_definition.sysml,SUPPORT,repository-git
work/sysmlv2/ssi_integration/02_projection/port_definition.sysml,SSI/SSD,995,4c338a50a23bd899957ab848e86ae1bee3886557393ccaa7a15705f9e61492bc,SOURCE/work/sysmlv2/ssi_integration/02_projection/port_definition.sysml,SUPPORT,repository-git
work/sysmlv2/ssi_integration/02_projection/projection_manifest.json,SSI/SSD,10309,514ff794d99873d4efc2ca03b214111bb661fa8227c823040cd0fcdf67d04bfa,SOURCE/work/sysmlv2/ssi_integration/02_projection/projection_manifest.json,SUPPORT,repository-git
work/sysmlv2/ssi_integration/02_projection/system_definition.sysml,SSI/SSD,4673,0117d7e962497ff5d816ba4df7e1e37c9800858288e612eb0e4204f95cee4df4,SOURCE/work/sysmlv2/ssi_integration/02_projection/system_definition.sysml,SUPPORT,repository-git
work/sysmlv2/ssi_integration/02_projection_all16/general_definition.sysml,SSI/SSD,1890,99b65b3ea60d6657d49d833b23264ba0896330ba6621b192018f97c28dbf5562,SOURCE/work/sysmlv2/ssi_integration/02_projection_all16/general_definition.sysml,SUPPORT,repository-git
work/sysmlv2/ssi_integration/02_projection_all16/interface_definition.sysml,SSI/SSD,9038,a6913679aaabccac787e5777208fbc3f763622726534451015f4415cbb176176,SOURCE/work/sysmlv2/ssi_integration/02_projection_all16/interface_definition.sysml,SUPPORT,repository-git
work/sysmlv2/ssi_integration/02_projection_all16/port_definition.sysml,SSI/SSD,3959,f6d264ad9a935a8494b5550595aa4f7886af832bfe7cbb51a5e489f58703ef92,SOURCE/work/sysmlv2/ssi_integration/02_projection_all16/port_definition.sysml,SUPPORT,repository-git
work/sysmlv2/ssi_integration/02_projection_all16/projection_manifest.json,SSI/SSD,167026,66f4e8a8581f020c191514987152bb23e778f1ab73dc994fb78af157f24858a5,SOURCE/work/sysmlv2/ssi_integration/02_projection_all16/projection_manifest.json,SUPPORT,repository-git
work/sysmlv2/ssi_integration/02_projection_all16/system_definition.sysml,SSI/SSD,20163,cd267ac9781573f62fa142e53e41bf68ff7c26e4a6b42f3232100423263a07ff,SOURCE/work/sysmlv2/ssi_integration/02_projection_all16/system_definition.sysml,SUPPORT,repository-git
work/sysmlv2/ssi_integration/03_ssd/Rail_MBSE_L2_All16_v1.ssd,SSI/SSD,40960,f1b5a469d8c54214004cbfb91cf5e4440b57e02eb5bc6bfccfc72519050c2f22,SOURCE/work/sysmlv2/ssi_integration/03_ssd/Rail_MBSE_L2_All16_v1.ssd,FROZEN,repository-lfs
work/sysmlv2/ssi_integration/03_ssd/Rail_MBSE_L2_All16_v1_mapping.json,SSI/SSD,197929,b818e51fa9fb52c8736b80643a06210547945867fad6d1c2f8800039ba9f0f5e,SOURCE/work/sysmlv2/ssi_integration/03_ssd/Rail_MBSE_L2_All16_v1_mapping.json,SUPPORT,repository-git
work/sysmlv2/ssi_integration/03_ssd/Rail_RegenerativeBraking_L2_v1.ssd,SSI/SSD,10250,a8df6a5d5cec12bf5808a89eacb3936b7e54452c5a5c55f0cfcf9c8009a52cf7,SOURCE/work/sysmlv2/ssi_integration/03_ssd/Rail_RegenerativeBraking_L2_v1.ssd,SUPPORT,repository-lfs
work/sysmlv2/ssi_integration/03_ssd/Rail_RegenerativeBraking_L2_v1_mapping.json,SSI/SSD,13329,439915816623df37e67907a329198aa70c45c300aae1d722509be5c3788c862d,SOURCE/work/sysmlv2/ssi_integration/03_ssd/Rail_RegenerativeBraking_L2_v1_mapping.json,SUPPORT,repository-git
work/sysmlv2/ssi_integration/04_logs/direct_ssi_import_result.json,SSI/SSD,84550,282ca5287f9fa0db8e273f91eeb75e3c7a6696a4cd8df492b4708e14e59b2334,SOURCE/work/sysmlv2/ssi_integration/04_logs/direct_ssi_import_result.json,SUPPORT,repository-git
work/sysmlv2/ssi_integration/04_logs/ssi_all16_run_result.json,SSI/SSD,37860,00cdba426bcf66afa057d6a3a711a9a2f3332c21f5269078bcec0401dfe52797,SOURCE/work/sysmlv2/ssi_integration/04_logs/ssi_all16_run_result.json,SUPPORT,repository-git
work/sysmlv2/ssi_integration/04_logs/ssi_gui_probe.json,SSI/SSD,717,e5ef02c5b4becae255d45295570407efc6f734d86de185ebf4dd1158a05ca0b5,SOURCE/work/sysmlv2/ssi_integration/04_logs/ssi_gui_probe.json,SUPPORT,repository-git
work/sysmlv2/ssi_integration/04_logs/ssi_projection_run_result.json,SSI/SSD,9579,4c16f206cf698c72254fa8b1f0eaefd3197bc9d7086c5b48b367a27d9d8b0bb2,SOURCE/work/sysmlv2/ssi_integration/04_logs/ssi_projection_run_result.json,SUPPORT,repository-git
work/sysmlv2/ssi_integration/05_reports/All16_L2_Inventory.md,SSI/SSD,1863,b5f99377c5b0550014ead17ab8dee80c7aeab50e9f53f626fc25d7212583f8c5,SOURCE/work/sysmlv2/ssi_integration/05_reports/All16_L2_Inventory.md,SUPPORT,repository-git
work/sysmlv2/ssi_integration/05_reports/SSI_All16_Integration_Report.md,SSI/SSD,1984,03e796d7111b19bc59015030854d5188f32c6432f8c8485ccd5db7f757d45048,SOURCE/work/sysmlv2/ssi_integration/05_reports/SSI_All16_Integration_Report.md,SUPPORT,repository-git
work/sysmlv2/ssi_integration/05_reports/SSI_Compatibility_Matrix.md,SSI/SSD,4335,3eba722420507387c42ab975ce64dc4ae2f75e56de70999080a6ad147f695b67,SOURCE/work/sysmlv2/ssi_integration/05_reports/SSI_Compatibility_Matrix.md,SUPPORT,repository-git
work/sysmlv2/ssi_integration/05_reports/SSI_Integration_Report.md,SSI/SSD,3458,eed1ee6ca6a067fcd4f4abac23e3d07ecaa072fcc2099906b3c361e0ef72b98b,SOURCE/work/sysmlv2/ssi_integration/05_reports/SSI_Integration_Report.md,SUPPORT,repository-git
work/sysmlv2/ssi_integration/05_reports/SSI_Source_Tree.md,SSI/SSD,1495,a5acaa0215c4eb286b0ce4eb8ca70e133da601ad1ffdaa3550a80abd568a305f,SOURCE/work/sysmlv2/ssi_integration/05_reports/SSI_Source_Tree.md,SUPPORT,repository-git
work/sysmlv2/syside_integration/SysIDE_Validation_Report.md,Supporting source/data,1649,110e8b47b854dcf7d07dd262281b1deafe27af695b562308a9321fcaf6de4fd3,SOURCE/work/sysmlv2/syside_integration/SysIDE_Validation_Report.md,SUPPORT,repository-git
work/sysmlv2/syside_integration/config/syside.toml,Supporting source/data,97,5668482176d6e8d4af537dd577ac89f95ff6068a493616b73832b03206c2dbc1,SOURCE/work/sysmlv2/syside_integration/config/syside.toml,SUPPORT,repository-git
work/sysmlv2/syson_integration/SysON_Visualization_Coverage.json,Supporting source/data,2658,6f6fa25cdab0fba102d901914ef8b6ccdfd705045e994f62c986a1a89f4856b1,SOURCE/work/sysmlv2/syson_integration/SysON_Visualization_Coverage.json,SUPPORT,repository-git
work/sysmlv2/syson_integration/SysON_Visualization_Report.md,Supporting source/data,1658,352d54b9c66756d27535a3629c271b5938469d3478c8e35b81394ac9f616e7d2,SOURCE/work/sysmlv2/syson_integration/SysON_Visualization_Report.md,SUPPORT,repository-git
work/sysmlv2/syson_integration/SysON_Workspace_Manifest.json,Supporting source/data,41960,b389299dc815508e086c37fbb9722ed9ba273e52b043dacb336d3426ad709c75,SOURCE/work/sysmlv2/syson_integration/SysON_Workspace_Manifest.json,SUPPORT,repository-git
work/sysmlv2/syson_integration/projection/generated/01_product_views.sysml,Supporting source/data,9653,a4e1c00c79f3af4328e6086a71ccca63ffd466fdd38d4a662f6f022496b27074,SOURCE/work/sysmlv2/syson_integration/projection/generated/01_product_views.sysml,SUPPORT,repository-git
work/sysmlv2/syson_integration/projection/generated/02_function_views.sysml,Supporting source/data,5046,b7858f3495288ba3a9eae2e9fdf549b7dfe36244c7726f19a9a84c49c06b211d,SOURCE/work/sysmlv2/syson_integration/projection/generated/02_function_views.sysml,SUPPORT,repository-git
work/sysmlv2/syson_integration/projection/generated/03_allocation_views.sysml,Supporting source/data,15647,57086151799bb904c527475626945d819b80ee20a9bf165db35ee60e84da701e,SOURCE/work/sysmlv2/syson_integration/projection/generated/03_allocation_views.sysml,SUPPORT,repository-git
work/sysmlv2/syson_integration/projection/generated/04_connection_projection.sysml,Supporting source/data,82844,9bebc1a7a2d7868f5ce572a2ef1f157d39b81b9c0b21de577c6e46d2e952bea6,SOURCE/work/sysmlv2/syson_integration/projection/generated/04_connection_projection.sysml,SUPPORT,repository-git
work/sysmlv2/syson_integration/projection/generated/05_physical_network_projection.sysml,Supporting source/data,11566,c7e9201da0f9a712a955a651280687546ff088df0e3ed00266ffcd4095625e9a,SOURCE/work/sysmlv2/syson_integration/projection/generated/05_physical_network_projection.sysml,SUPPORT,repository-git
work/sysmlv2/syson_integration/projection/generated/06_ssi_l2_views.sysml,Supporting source/data,4302,75bc09e161fb156f58ad7612aa131d7ec3c4dfa4821479f7cb5bc875d089dcaf,SOURCE/work/sysmlv2/syson_integration/projection/generated/06_ssi_l2_views.sysml,SUPPORT,repository-git
work/sysmlv2/syson_integration/projection/generated/SysON_View_Projection_Manifest.json,Supporting source/data,202664,82389f682cb055d0dc2f3469260d5bd1613d976e7ad1697690cd81cadef46448,SOURCE/work/sysmlv2/syson_integration/projection/generated/SysON_View_Projection_Manifest.json,SUPPORT,repository-git
work/sysmlv2/syson_integration/projection/test_allocation.sysml,Supporting source/data,114,3a389a4b70f677f607d14ec4bf44f4d1b5f634ef97c9233b0f413c28f217e0be,SOURCE/work/sysmlv2/syson_integration/projection/test_allocation.sysml,SUPPORT,repository-git
work/sysmlv2/syson_integration/projection/test_connection.sysml,Supporting source/data,166,054d6ab82603d6de323dc93406bc8a3e4c1001e9bebacb4d7397e079eee931dd,SOURCE/work/sysmlv2/syson_integration/projection/test_connection.sysml,SUPPORT,repository-git
work/sysmlv2/syson_integration/projection/test_connection_definitions.sysml,Supporting source/data,135,eaa943deadf888965d20c18a8737f643b8e0beabd403e59cdca21aa2378f86db,SOURCE/work/sysmlv2/syson_integration/projection/test_connection_definitions.sysml,SUPPORT,repository-git
work/sysmlv2/syson_integration/projection/test_connection_ports.sysml,Supporting source/data,308,b06c5c285a6bf7753491b94275da1d212c10a39b4b626de4abe9753a66ec8026,SOURCE/work/sysmlv2/syson_integration/projection/test_connection_ports.sysml,SUPPORT,repository-git
work/sysmlv2/syson_integration/projection/test_expose_3100.sysml,Supporting source/data,51,708978fac387225421a51bb279303884b13bf864250533baf4acb9a3b2911df4,SOURCE/work/sysmlv2/syson_integration/projection/test_expose_3100.sysml,SUPPORT,repository-git
work/sysmlv2/syson_integration/projection/test_flat_connection_projection.sysml,Supporting source/data,465,d8784cb525ae15012cbc1b8c89cd8a4663c1902cb7c9843a18c6d86bd0cdc2d0,SOURCE/work/sysmlv2/syson_integration/projection/test_flat_connection_projection.sysml,SUPPORT,repository-git
work/sysmlv2/syson_integration/projection/test_full_physical_network.sysml,Supporting source/data,74,731461ccb22f61950191d77fc9184fa496fdf528d4cedc1fab763d0489a2fa8f,SOURCE/work/sysmlv2/syson_integration/projection/test_full_physical_network.sysml,SUPPORT,repository-git
work/sysmlv2/syson_integration/projection/test_full_system.sysml,Supporting source/data,52,bebd2ea58143b648c984b0b9a15fe345bc496f6d73e08c9aeb2bc17c3aa723f0,SOURCE/work/sysmlv2/syson_integration/projection/test_full_system.sysml,SUPPORT,repository-git
work/sysmlv2/syson_integration/projection/test_leaf_def_3131.sysml,Supporting source/data,48,0fa11cdab157f29637787d9272a36444cc6e1b1f024774449746ae54daac6d83,SOURCE/work/sysmlv2/syson_integration/projection/test_leaf_def_3131.sysml,SUPPORT,repository-git
work/sysmlv2/syson_integration/projection/test_physical_net.sysml,Supporting source/data,149,67ce435ab8f6fff14245fbec533035d616c045fa5f4da76dc1148c527ad35b87,SOURCE/work/sysmlv2/syson_integration/projection/test_physical_net.sysml,SUPPORT,repository-git
work/sysmlv2/syson_integration/projection/test_ports_3131.sysml,Supporting source/data,89,3435300f2876e2c9b9a76a2ff7db20116827a9679f9de8c9f7523df3360506cd,SOURCE/work/sysmlv2/syson_integration/projection/test_ports_3131.sysml,SUPPORT,repository-git
work/sysmlv2/syson_integration/projection/test_view_3100.sysml,Supporting source/data,85,5497866d62b14593ded6bcc0ee0c6335e9a6bae73000fcb5f3a7123d17d1017f,SOURCE/work/sysmlv2/syson_integration/projection/test_view_3100.sysml,SUPPORT,repository-git
work/sysmlv2/toolchain_integration/Rail_MBSE_Toolchain_Status.json,Supporting source/data,4511,723240e8d0b966e03b73434afabfff548dd2026e019c3241da29577e71d516b0,SOURCE/work/sysmlv2/toolchain_integration/Rail_MBSE_Toolchain_Status.json,SUPPORT,repository-git
work/sysmlv2/toolchain_integration/Rail_MBSE_Toolchain_Status.md,Supporting source/data,3824,1d6626da531b2fefb985207029c21fe54e0f368b7cd462e5f7ec15207b4c8914,SOURCE/work/sysmlv2/toolchain_integration/Rail_MBSE_Toolchain_Status.md,SUPPORT,repository-git
分系统demo/L2_3100_msf.mexw64,Supporting source/data,127182,9f326266b7401f4a1866965b5c14c527b949511827539c201fbc8d6776ac8693,SOURCE/分系统demo/L2_3100_msf.mexw64,SUPPORT,repository-git
分系统demo/L2_3500_msf.mexw64,Supporting source/data,123995,3c858bfc118dde569566dcf2ca0cf8bd61327c6824f313a3c0027d6ee5f3ddf7,SOURCE/分系统demo/L2_3500_msf.mexw64,SUPPORT,repository-git
分系统demo/L2_3600_msf.mexw64,Supporting source/data,124278,6fbfefcba8d7598fa76758b8797f71716ca79ce8a341df991ef2791c9bee7111,SOURCE/分系统demo/L2_3600_msf.mexw64,SUPPORT,repository-git
分系统demo/L2_3800_msf.mexw64,Supporting source/data,122230,a4a08ba46004161cc4ebeeabdf6778a4e636d8dc6074830c43ed4905eccbc3cc,SOURCE/分系统demo/L2_3800_msf.mexw64,SUPPORT,repository-git
分系统demo/L2_4100_msf.mexw64,Supporting source/data,129126,343df563228fb99391c48829a0954106f5eb7cc99d36b22aa5d34c718527d865,SOURCE/分系统demo/L2_4100_msf.mexw64,SUPPORT,repository-git
分系统demo/L2_4200_msf.mexw64,Supporting source/data,136910,7fd02be1c37190574807e02b7d39a1f74fb5b160791e2bd70aab9f7b4c9ff775,SOURCE/分系统demo/L2_4200_msf.mexw64,SUPPORT,repository-git
分系统demo/L2_4400_msf.mexw64,Supporting source/data,121718,ed44be3507eab36201a6a20bfd328fbacc7bce20ceaec428249cdc2e605fd884,SOURCE/分系统demo/L2_4400_msf.mexw64,SUPPORT,repository-git
分系统demo/L2_4500_msf.mexw64,Supporting source/data,132699,02d15ab695351cdf743b6e38148422dac00ef2cf51e33fb0a4f98199508e61b4,SOURCE/分系统demo/L2_4500_msf.mexw64,SUPPORT,repository-git
分系统demo/L2_5100_msf.mexw64,Supporting source/data,144692,7645acb7d2108811f38fee601b63e2302bee3ca844b15a546862789d0f94f7db,SOURCE/分系统demo/L2_5100_msf.mexw64,SUPPORT,repository-git
分系统demo/L2_5300_msf.mexw64,Supporting source/data,132914,3cea26d7603099969024f4e09b4f74d7d923b2d739f7b0f03bac07bcd2c1ccc5,SOURCE/分系统demo/L2_5300_msf.mexw64,SUPPORT,repository-git
分系统demo/L2_7100_msf.mexw64,Supporting source/data,122742,476feb432e2fbb699f80efd86bd0f225e750fa063d2a82d822a8e43f716309b3,SOURCE/分系统demo/L2_7100_msf.mexw64,SUPPORT,repository-git
分系统demo/L2_7200_msf.mexw64,Supporting source/data,137318,64720da7069cc422e278da3dc1e80d4163cf24413cfa3acf3b66456afd65d9f2,SOURCE/分系统demo/L2_7200_msf.mexw64,SUPPORT,repository-git
分系统demo/L2_8100_msf.mexw64,Supporting source/data,158707,fdbba0c9106e7da5a41ceaf3ea6f2316c71f3c072f890e59d34e71af64610d22,SOURCE/分系统demo/L2_8100_msf.mexw64,SUPPORT,repository-git
分系统demo/L2_D100_msf.mexw64,Supporting source/data,125019,fef44f5a7738707d65a77b2b92357af0cbcd9fe5dfdd217a3eb2ec75c68e2a16,SOURCE/分系统demo/L2_D100_msf.mexw64,SUPPORT,repository-git
分系统demo/L2_E100_msf.mexw64,Supporting source/data,121603,c54c3078be17c7127f52fde61e47016e0964e1ef79b98a2a0cd2c2e07c4d5542,SOURCE/分系统demo/L2_E100_msf.mexw64,SUPPORT,repository-git
分系统demo/L2_X100_msf.mexw64,Supporting source/data,144282,3cc0abbd32b44608c40c68e99212172b68836fe3a20a9ea00ab3d404b863ef9d,SOURCE/分系统demo/L2_X100_msf.mexw64,SUPPORT,repository-git
完整Item字典.xlsx,Supporting source/data,101724,7092661cc76dc0fafc35eee53657b112bdbaffde2d269968b0cdf953697148d9,SOURCE/完整Item字典.xlsx,SUPPORT,repository-git
牵引制动能量回收需求base.xlsx,Supporting source/data,40811,db8d5be0303594c07f253ad2c156bc30209dacf952928d807c322d66b322a6af,SOURCE/牵引制动能量回收需求base.xlsx,SUPPORT,repository-git
筛选牵引制动架构V2.xlsx,Supporting source/data,65796,4fa5847be85240d6951155ba9efe2c694c06a7b5ac060c82eca3b5c5da06cc40,SOURCE/筛选牵引制动架构V2.xlsx,SUPPORT,repository-git
筛选牵引制动架构V2_InterfaceLayer_v1.xlsx,Supporting source/data,137383,d5e1eae002bb6f08b9bc6ce438912e52a341a2a7f39836bf372382d52b0d3089,SOURCE/筛选牵引制动架构V2_InterfaceLayer_v1.xlsx,SUPPORT,repository-git
筛选牵引制动架构V2_RawPort完成版.xlsx,Supporting source/data,73712,e5dc5b09b287a006df7b729dc446b66ab5a1e755bc559c792321393a8f697a3b,SOURCE/筛选牵引制动架构V2_RawPort完成版.xlsx,SUPPORT,repository-git
